forecast_id,forecast_kst_dtm,kpx_group_1,kpx_group_2,kpx_group_3
forecast_0001,2025-01-01 01:00:00,18852.53485793712,18576.113767401082,17116.99255462314
forecast_0002,2025-01-01 02:00:00,18835.437750406032,18792.633178286877,17191.170631204754
forecast_0003,2025-01-01 03:00:00,18667.371591434407,18792.633178286877,17191.170631204754
forecast_0004,2025-01-01 04:00:00,17678.322094886076,18394.97851880367,16685.142059747915
forecast_0005,2025-01-01 05:00:00,17483.140781256203,17927.581000431055,16255.470557494406
forecast_0006,2025-01-01 06:00:00,17300.420525602247,17870.705760894623,15955.797674011183
forecast_0007,2025-01-01 07:00:00,17121.61973473716,17780.028922450285,15830.112317887071
forecast_0008,2025-01-01 08:00:00,16370.250350970882,17368.19058149327,15263.137864658478
forecast_0009,2025-01-01 09:00:00,14936.852267678454,16301.80618171622,13713.838894609764
forecast_0010,2025-01-01 10:00:00,14936.852267678454,16111.737557955072,13394.942331106515
forecast_0011,2025-01-01 11:00:00,15094.19720459919,16111.737557955072,13394.942331106515
forecast_0012,2025-01-01 12:00:00,15336.742214466349,16111.737557955072,13394.942331106515
forecast_0013,2025-01-01 13:00:00,15336.742214466349,15627.513164866066,12781.804912932103
forecast_0014,2025-01-01 14:00:00,15190.668824935065,15059.614346847322,12588.605249196293
forecast_0015,2025-01-01 15:00:00,14505.247106129507,14573.548924929171,12206.281410036589
forecast_0016,2025-01-01 16:00:00,14443.366317583399,14573.548924929171,12206.281410036589
forecast_0017,2025-01-01 17:00:00,14288.408641812359,14573.548924929171,12625.3414323124
forecast_0018,2025-01-01 18:00:00,13843.35747645325,14635.985306177226,12882.520531008262
forecast_0019,2025-01-01 19:00:00,13843.35747645325,16008.364104796365,13296.714804211526
forecast_0020,2025-01-01 20:00:00,15657.198780864983,17260.211899711492,14206.486790755245
forecast_0021,2025-01-01 21:00:00,15657.198780864983,17698.44560260441,14838.946703574762
forecast_0022,2025-01-01 22:00:00,15832.379057763701,17754.832706044173,15552.877899022982
forecast_0023,2025-01-01 23:00:00,15647.889437652213,17698.44560260441,15552.877899022982
forecast_0024,2025-01-02 00:00:00,15740.134247707956,17516.91789604546,15243.644665818916
forecast_0025,2025-01-02 01:00:00,13316.63061702908,16521.67360250919,11680.928063070904
forecast_0026,2025-01-02 02:00:00,13130.034028977941,16283.799977386352,11449.466901290345
forecast_0027,2025-01-02 03:00:00,11566.363607376732,14691.85772032478,9594.957145630377
forecast_0028,2025-01-02 04:00:00,10733.826469054255,13399.476444316359,8827.93370127054
forecast_0029,2025-01-02 05:00:00,9773.200253667104,12132.279746684368,8053.478983580283
forecast_0030,2025-01-02 06:00:00,8957.11621441503,10832.61654607161,7114.946774666057
forecast_0031,2025-01-02 07:00:00,8957.11621441503,9972.866808593611,6704.8167890232235
forecast_0032,2025-01-02 08:00:00,8560.008434044992,9529.225970214558,6523.2995240978125
forecast_0033,2025-01-02 09:00:00,8133.879991073149,8754.796013333571,6146.024254293739
forecast_0034,2025-01-02 10:00:00,6658.370086518429,7412.690167351751,4826.8801255787985
forecast_0035,2025-01-02 11:00:00,5101.75891767473,5587.783870161762,3880.930292263404
forecast_0036,2025-01-02 12:00:00,5101.75891767473,4940.385527354183,3210.813121269353
forecast_0037,2025-01-02 13:00:00,5120.155068098756,4512.586554078647,3210.813121269353
forecast_0038,2025-01-02 14:00:00,5583.73004402538,4512.586554078647,3617.9043208341222
forecast_0039,2025-01-02 15:00:00,6771.829974713088,5286.792451240702,4042.6286081566786
forecast_0040,2025-01-02 16:00:00,8901.506591471232,7325.584084495838,6018.3747423085715
forecast_0041,2025-01-02 17:00:00,9730.012672337782,8750.435957339556,7882.021142996649
forecast_0042,2025-01-02 18:00:00,10415.173232900623,10135.493103348346,8824.108305003727
forecast_0043,2025-01-02 19:00:00,10651.278123877582,10224.645306030787,8895.597578301575
forecast_0044,2025-01-02 20:00:00,10760.163846446756,11377.261582039926,9171.102050509964
forecast_0045,2025-01-02 21:00:00,11172.087046725976,12183.365615917195,9473.023839663505
forecast_0046,2025-01-02 22:00:00,11811.757754825125,12904.480889681232,10582.62805754507
forecast_0047,2025-01-02 23:00:00,11991.509307883029,13614.62437704532,11083.891931521657
forecast_0048,2025-01-03 00:00:00,12083.82042255653,13813.017288916522,11194.793318423532
forecast_0049,2025-01-03 01:00:00,12937.89034335091,14019.274231199703,11588.75485428478
forecast_0050,2025-01-03 02:00:00,12926.818708468627,14188.820644675794,11560.53600508117
forecast_0051,2025-01-03 03:00:00,12926.818708468627,14188.820644675794,11695.167079666197
forecast_0052,2025-01-03 04:00:00,12990.58497173127,13876.797560861398,11828.953720599313
forecast_0053,2025-01-03 05:00:00,13066.724257316835,13740.127032247905,11828.953720599313
forecast_0054,2025-01-03 06:00:00,13066.724257316835,13283.143496282151,11752.002944584789
forecast_0055,2025-01-03 07:00:00,12818.275606292887,13029.187011224123,10947.596888161004
forecast_0056,2025-01-03 08:00:00,12818.275606292887,13029.187011224123,10804.020191462081
forecast_0057,2025-01-03 09:00:00,12818.275606292887,13029.187011224123,10745.273266678209
forecast_0058,2025-01-03 10:00:00,12419.99389735299,11887.318977663828,10101.309095538445
forecast_0059,2025-01-03 11:00:00,12419.99389735299,11580.742402874068,9959.647803644259
forecast_0060,2025-01-03 12:00:00,12464.914935355591,10670.140352091445,9242.772701483476
forecast_0061,2025-01-03 13:00:00,12564.041723774313,10670.140352091445,9242.772701483476
forecast_0062,2025-01-03 14:00:00,12933.996468504145,10581.383306386719,9259.372141138807
forecast_0063,2025-01-03 15:00:00,13327.168934944702,10921.457780536763,9399.128593900092
forecast_0064,2025-01-03 16:00:00,13327.168934944702,10921.457780536763,9399.128593900092
forecast_0065,2025-01-03 17:00:00,12911.124578160783,10921.457780536763,9399.128593900092
forecast_0066,2025-01-03 18:00:00,12681.962770107448,11182.31514128947,9803.546890175017
forecast_0067,2025-01-03 19:00:00,12681.962770107448,12205.806124135166,10541.446466473191
forecast_0068,2025-01-03 20:00:00,14056.558468624435,14048.787608357077,12279.28763613942
forecast_0069,2025-01-03 21:00:00,14056.558468624435,14972.745587626006,12580.847790018417
forecast_0070,2025-01-03 22:00:00,13874.158502642234,14972.745587626006,12705.581935677135
forecast_0071,2025-01-03 23:00:00,13776.501466287335,14879.565920782867,12738.93535810848
forecast_0072,2025-01-04 00:00:00,13738.554554205695,14782.060923428182,12771.51864922221
forecast_0073,2025-01-04 01:00:00,14904.836467888876,15299.444642915827,13112.447136926356
forecast_0074,2025-01-04 02:00:00,15017.818407856776,15495.774140976844,13243.857946541048
forecast_0075,2025-01-04 03:00:00,15017.818407856776,15495.774140976844,13243.857946541048
forecast_0076,2025-01-04 04:00:00,15278.602640372148,15456.617816759408,12732.265516857511
forecast_0077,2025-01-04 05:00:00,15352.289793180102,15212.18894525033,12294.596909656062
forecast_0078,2025-01-04 06:00:00,15507.01077525263,15212.18894525033,12090.560972871106
forecast_0079,2025-01-04 07:00:00,15507.01077525263,15524.700565555419,12040.816269268807
forecast_0080,2025-01-04 08:00:00,15238.631598441792,15524.700565555419,11746.091532338365
forecast_0081,2025-01-04 09:00:00,12923.6464441077,14793.932861516554,11340.956852137966
forecast_0082,2025-01-04 10:00:00,11107.517668952327,12988.44457795246,9988.75674988867
forecast_0083,2025-01-04 11:00:00,10479.774083654785,11828.281908584331,9211.636755471578
forecast_0084,2025-01-04 12:00:00,10479.774083654785,11541.13958506853,8935.57487004555
forecast_0085,2025-01-04 13:00:00,10543.081587977713,11576.276815334164,9211.636755471578
forecast_0086,2025-01-04 14:00:00,11801.912633538883,11541.13958506853,9391.054346973217
forecast_0087,2025-01-04 15:00:00,12350.845973428639,11554.09739946463,9458.693279385645
forecast_0088,2025-01-04 16:00:00,13370.16855210526,11144.192115205351,10073.510665248967
forecast_0089,2025-01-04 17:00:00,13456.081163213967,11554.09739946463,10139.26227731798
forecast_0090,2025-01-04 18:00:00,14046.232817057546,13440.49705174705,11723.370472779025
forecast_0091,2025-01-04 19:00:00,14501.391096547402,14756.259910286532,11859.875068316045
forecast_0092,2025-01-04 20:00:00,14887.509703271473,15332.219826907938,12865.952577253269
forecast_0093,2025-01-04 21:00:00,15312.641299288278,16087.855353033689,13635.90762483174
forecast_0094,2025-01-04 22:00:00,16709.3021118548,16569.59502754941,14750.09159411
forecast_0095,2025-01-04 23:00:00,18094.064152326137,16983.058423672923,15705.214367946053
forecast_0096,2025-01-05 00:00:00,18292.72057708278,17131.70570096523,15829.463973858827
forecast_0097,2025-01-05 01:00:00,16227.561385697712,15983.230726304086,12782.60738510539
forecast_0098,2025-01-05 02:00:00,16504.622677154206,15949.455006983237,12261.3293787452
forecast_0099,2025-01-05 03:00:00,15978.373198493451,15949.455006983237,12223.202998361781
forecast_0100,2025-01-05 04:00:00,15978.373198493451,15949.455006983237,12060.698779807126
forecast_0101,2025-01-05 05:00:00,14019.786527156688,15722.119136617262,11431.189031202619
forecast_0102,2025-01-05 06:00:00,11863.553141991577,15560.365090021474,11216.250991298053
forecast_0103,2025-01-05 07:00:00,11863.553141991577,15560.365090021474,11216.250991298053
forecast_0104,2025-01-05 08:00:00,13154.144337795395,16523.100920421915,13099.45562203789
forecast_0105,2025-01-05 09:00:00,13967.572034610475,17339.82531345672,14015.965548827653
forecast_0106,2025-01-05 10:00:00,14622.635987256752,17474.822451171378,14875.01226509213
forecast_0107,2025-01-05 11:00:00,16840.11448561593,18160.942150645762,16085.792175223056
forecast_0108,2025-01-05 12:00:00,16840.11448561593,18160.942150645762,16428.255171803048
forecast_0109,2025-01-05 13:00:00,16815.937126933277,17559.366258918028,16428.255171803048
forecast_0110,2025-01-05 14:00:00,14203.993533533318,16575.3919410483,14867.662304846881
forecast_0111,2025-01-05 15:00:00,13322.306845117942,15281.28370090166,13338.181230426708
forecast_0112,2025-01-05 16:00:00,12864.879398521025,14981.12411426425,12516.6368337346
forecast_0113,2025-01-05 17:00:00,11994.73770695676,14343.922913629,12014.095320273747
forecast_0114,2025-01-05 18:00:00,11994.73770695676,14092.867724469455,12014.095320273747
forecast_0115,2025-01-05 19:00:00,12864.957890925854,14012.551052741455,12126.50149440649
forecast_0116,2025-01-05 20:00:00,13161.757595229657,14012.551052741455,12279.863716036312
forecast_0117,2025-01-05 21:00:00,13161.757595229657,14012.551052741455,12850.207175677268
forecast_0118,2025-01-05 22:00:00,12913.692965789065,13766.963461060024,12850.207175677268
forecast_0119,2025-01-05 23:00:00,12289.766057528648,13163.181837537388,12278.872508949116
forecast_0120,2025-01-06 00:00:00,11994.870179973925,12836.167732831447,11771.425124553269
forecast_0121,2025-01-06 01:00:00,11504.782749870077,11054.045187917345,9592.364503559224
forecast_0122,2025-01-06 02:00:00,11154.764635361142,11018.561210308233,9319.031366839099
forecast_0123,2025-01-06 03:00:00,10297.589616324423,10849.537296806342,8835.411199071397
forecast_0124,2025-01-06 04:00:00,9042.032910578182,10224.768877308186,8008.418914313047
forecast_0125,2025-01-06 05:00:00,7763.294937291775,8233.279249915871,6016.113194725699
forecast_0126,2025-01-06 06:00:00,6749.174104380055,8048.64243178152,5669.882847852427
forecast_0127,2025-01-06 07:00:00,6392.92429238999,7155.258902392804,5124.45744982374
forecast_0128,2025-01-06 08:00:00,6392.92429238999,6562.345315355198,5124.45744982374
forecast_0129,2025-01-06 09:00:00,6317.751071000926,6562.345315355198,5124.639681521364
forecast_0130,2025-01-06 10:00:00,6317.751071000926,6562.345315355198,5124.639681521364
forecast_0131,2025-01-06 11:00:00,6149.633777987011,6197.907014687544,4606.687851808636
forecast_0132,2025-01-06 12:00:00,6098.8869118334915,6012.66559318635,4606.687851808636
forecast_0133,2025-01-06 13:00:00,6098.8869118334915,5650.909233797707,4733.25599554548
forecast_0134,2025-01-06 14:00:00,6098.8869118334915,6012.66559318635,4924.916738485122
forecast_0135,2025-01-06 15:00:00,7313.495940168206,6027.376867397099,5001.627346053114
forecast_0136,2025-01-06 16:00:00,8421.170866729157,7853.422665643811,6514.899262898788
forecast_0137,2025-01-06 17:00:00,9643.460178986443,9349.469149838555,7948.344009685109
forecast_0138,2025-01-06 18:00:00,12263.238080314499,11281.965329143344,10197.65479969093
forecast_0139,2025-01-06 19:00:00,13268.317668779138,14187.6638207835,11976.087920845155
forecast_0140,2025-01-06 20:00:00,13637.92118219209,14301.410376651047,12325.184332582037
forecast_0141,2025-01-06 21:00:00,13662.339831983234,14377.080373566909,12437.047290619766
forecast_0142,2025-01-06 22:00:00,14324.394613678047,14843.88633712388,13347.414555952433
forecast_0143,2025-01-06 23:00:00,15206.405541588843,15474.334254365967,14089.269726937124
forecast_0144,2025-01-07 00:00:00,15515.543294974002,16319.929227874854,14462.270707899082
forecast_0145,2025-01-07 01:00:00,16913.1075696731,18217.76266168301,16239.07346112355
forecast_0146,2025-01-07 02:00:00,17042.54472408531,18322.56697889677,16178.073299414353
forecast_0147,2025-01-07 03:00:00,17042.54472408531,18322.56697889677,16178.073299414353
forecast_0148,2025-01-07 04:00:00,16574.589566129052,17860.88564976049,15690.374777917099
forecast_0149,2025-01-07 05:00:00,16462.78266796706,17584.40247731139,15433.173427033971
forecast_0150,2025-01-07 06:00:00,16433.844134437917,17436.09965923931,15186.172300200586
forecast_0151,2025-01-07 07:00:00,16083.684460705315,17436.09965923931,14984.456068123929
forecast_0152,2025-01-07 08:00:00,15908.926023066742,17987.844532212686,14711.222063152565
forecast_0153,2025-01-07 09:00:00,15908.926023066742,18278.90443527738,14579.773718853365
forecast_0154,2025-01-07 10:00:00,15939.855410521854,18323.633595300635,14398.325469272513
forecast_0155,2025-01-07 11:00:00,15983.811341422363,18323.633595300635,14122.66426330186
forecast_0156,2025-01-07 12:00:00,16049.519654146807,18229.693267370116,14087.974671516024
forecast_0157,2025-01-07 13:00:00,16099.089790893388,17773.55454431752,14063.212198634763
forecast_0158,2025-01-07 14:00:00,16132.435284491203,17446.3504143589,13706.726337979402
forecast_0159,2025-01-07 15:00:00,16132.435284491203,16797.497064734558,13706.726337979402
forecast_0160,2025-01-07 16:00:00,16082.801022635962,16797.497064734558,13767.611174922471
forecast_0161,2025-01-07 17:00:00,16082.801022635962,17025.299411911063,14375.08235336977
forecast_0162,2025-01-07 18:00:00,16348.227441740135,17890.539468062052,15071.60189265086
forecast_0163,2025-01-07 19:00:00,16464.41110332482,18547.873462266267,15525.29082999973
forecast_0164,2025-01-07 20:00:00,17255.49428640205,18770.17216844558,16181.771077884707
forecast_0165,2025-01-07 21:00:00,17314.85157511962,18777.212761934774,16254.922303224379
forecast_0166,2025-01-07 22:00:00,17356.689418138732,18777.212761934774,16277.595832417433
forecast_0167,2025-01-07 23:00:00,17356.689418138732,18670.265897883226,16277.595832417433
forecast_0168,2025-01-08 00:00:00,16797.505027675863,18419.912002297788,16203.106133666566
forecast_0169,2025-01-08 01:00:00,15083.650563161227,17908.510952345066,15580.557550865986
forecast_0170,2025-01-08 02:00:00,15039.182219257558,17781.79126636455,15409.090896255755
forecast_0171,2025-01-08 03:00:00,14991.700354726747,17225.00009098842,14993.310353519602
forecast_0172,2025-01-08 04:00:00,14370.139208299832,16798.160541663696,14599.430877968782
forecast_0173,2025-01-08 05:00:00,14269.099759623006,16798.160541663696,14063.319921249986
forecast_0174,2025-01-08 06:00:00,13819.352042741133,16812.025495303118,14063.319921249986
forecast_0175,2025-01-08 07:00:00,13819.352042741133,17064.55701871635,14393.010181984593
forecast_0176,2025-01-08 08:00:00,14396.10684555372,17292.070871430427,14737.278930312721
forecast_0177,2025-01-08 09:00:00,14396.10684555372,17292.070871430427,14737.278930312721
forecast_0178,2025-01-08 10:00:00,14441.252093260071,17241.879261696846,14546.249868813315
forecast_0179,2025-01-08 11:00:00,14804.241573830048,17241.879261696846,14546.249868813315
forecast_0180,2025-01-08 12:00:00,15027.771268469218,17209.951848918176,14784.387657313539
forecast_0181,2025-01-08 13:00:00,15027.771268469218,16952.95765595309,15086.547757695906
forecast_0182,2025-01-08 14:00:00,14986.494820788032,16948.52245320503,14784.387657313539
forecast_0183,2025-01-08 15:00:00,14670.290423884286,16948.52245320503,14646.708240252174
forecast_0184,2025-01-08 16:00:00,14670.290423884286,16948.52245320503,14545.007347470993
forecast_0185,2025-01-08 17:00:00,15337.20065282875,16411.006143712228,14258.156229178552
forecast_0186,2025-01-08 18:00:00,15378.835144236227,15504.714965690437,14258.156229178552
forecast_0187,2025-01-08 19:00:00,15598.073180292104,15504.714965690437,14547.632611827557
forecast_0188,2025-01-08 20:00:00,15598.073180292104,15599.785495723592,14812.144774095632
forecast_0189,2025-01-08 21:00:00,15436.053758229275,16460.150407673333,15081.713464608849
forecast_0190,2025-01-08 22:00:00,15351.490440126736,16846.231036952457,15253.08060432862
forecast_0191,2025-01-08 23:00:00,15312.336312582727,17116.776569944708,15328.216398065264
forecast_0192,2025-01-09 00:00:00,15196.986595951534,17278.04546649173,15407.104365254476
forecast_0193,2025-01-09 01:00:00,14631.166989647067,17172.990121419694,14503.173674046622
forecast_0194,2025-01-09 02:00:00,14556.827408677773,17122.101453952193,14672.38105042709
forecast_0195,2025-01-09 03:00:00,14556.827408677773,16937.04958055224,14672.38105042709
forecast_0196,2025-01-09 04:00:00,14112.253028301784,16937.04958055224,14425.73392224532
forecast_0197,2025-01-09 05:00:00,14057.096430248184,17308.77395455288,13981.264119464588
forecast_0198,2025-01-09 06:00:00,14057.096430248184,17308.77395455288,13892.336383311584
forecast_0199,2025-01-09 07:00:00,14307.562712297275,15866.744526903174,13892.336383311584
forecast_0200,2025-01-09 08:00:00,14485.450246251168,15866.744526903174,14118.54653795774
forecast_0201,2025-01-09 09:00:00,14485.450246251168,16488.0735233727,14118.54653795774
forecast_0202,2025-01-09 10:00:00,14419.665167956895,16657.03568655703,13965.346141897997
forecast_0203,2025-01-09 11:00:00,14291.222113085561,17272.08656529647,13922.736706842592
forecast_0204,2025-01-09 12:00:00,14379.838033530828,17272.08656529647,13903.967776542118
forecast_0205,2025-01-09 13:00:00,14243.891365692016,17327.894163841258,13800.422653749565
forecast_0206,2025-01-09 14:00:00,14379.838033530828,17327.894163841258,13800.422653749565
forecast_0207,2025-01-09 15:00:00,14642.465494074999,17327.894163841258,13561.734881463606
forecast_0208,2025-01-09 16:00:00,14859.691288033824,16122.218587584299,12778.766807764312
forecast_0209,2025-01-09 17:00:00,14859.691288033824,15935.79961879756,12778.766807764312
forecast_0210,2025-01-09 18:00:00,14731.599553507409,15935.79961879756,12587.350515279211
forecast_0211,2025-01-09 19:00:00,13545.253624083682,15488.36318964416,12150.022405109667
forecast_0212,2025-01-09 20:00:00,13545.253624083682,15488.36318964416,12150.022405109667
forecast_0213,2025-01-09 21:00:00,15512.780672150384,17514.52639491816,14072.82344071962
forecast_0214,2025-01-09 22:00:00,17267.148654735945,20072.56376703646,16453.925591571384
forecast_0215,2025-01-09 23:00:00,19664.96157299167,20460.96140535064,17796.079085620022
forecast_0216,2025-01-10 00:00:00,19767.070888036782,20496.60876939349,18314.33803388119
forecast_0217,2025-01-10 01:00:00,14258.790441031393,13261.548028233774,11290.12487800793
forecast_0218,2025-01-10 02:00:00,14728.247458778249,14021.842420600986,11975.637981175649
forecast_0219,2025-01-10 03:00:00,16657.788810215912,16607.0133498988,14338.019818602213
forecast_0220,2025-01-10 04:00:00,17331.009311087622,18376.07911312546,14951.018711816985
forecast_0221,2025-01-10 05:00:00,17331.009311087622,18376.07911312546,14951.018711816985
forecast_0222,2025-01-10 06:00:00,17280.78546827632,17495.88226800884,14334.018541364087
forecast_0223,2025-01-10 07:00:00,15916.109810410911,16021.381264069107,13166.00106834139
forecast_0224,2025-01-10 08:00:00,13363.806871820076,10757.963374721268,9634.208456154562
forecast_0225,2025-01-10 09:00:00,11356.281123728695,8428.91406413835,8053.556631438015
forecast_0226,2025-01-10 10:00:00,7936.734192128034,6326.647540711409,5970.890296045541
forecast_0227,2025-01-10 11:00:00,5881.785854721189,4266.556796446624,4179.705252517982
forecast_0228,2025-01-10 12:00:00,4510.7309954746115,3960.1427724352097,3255.5095960400854
forecast_0229,2025-01-10 13:00:00,4103.2344060141095,3831.5884644810476,2986.994965114082
forecast_0230,2025-01-10 14:00:00,4103.2344060141095,3831.5884644810476,2986.994965114082
forecast_0231,2025-01-10 15:00:00,5264.18406849117,4380.998212154576,3770.2515682431863
forecast_0232,2025-01-10 16:00:00,5853.040911423449,4914.548383236064,4399.212569341711
forecast_0233,2025-01-10 17:00:00,6805.402697082738,5346.583252737599,4806.768443105577
forecast_0234,2025-01-10 18:00:00,8490.140086299294,7099.165835142989,5847.546799975966
forecast_0235,2025-01-10 19:00:00,9554.293786841416,7631.655579713307,6543.992778690011
forecast_0236,2025-01-10 20:00:00,9573.111314151192,7950.1751448458435,6728.648899335999
forecast_0237,2025-01-10 21:00:00,9554.293786841416,8005.453615149851,6811.612662960766
forecast_0238,2025-01-10 22:00:00,9719.771402601606,8087.637105746037,6905.4474133669155
forecast_0239,2025-01-10 23:00:00,9765.451217794169,8222.013180662534,7112.738296971731
forecast_0240,2025-01-11 00:00:00,9893.599834043542,8276.142033680391,7251.742753448829
forecast_0241,2025-01-11 01:00:00,9517.659609617833,7737.345814780822,7216.319292829239
forecast_0242,2025-01-11 02:00:00,9493.798263684108,7689.934525023537,7136.192806023928
forecast_0243,2025-01-11 03:00:00,9541.520955551558,7689.934525023537,7136.192806023928
forecast_0244,2025-01-11 04:00:00,10256.195442991213,8219.995495775156,7581.243808729365
forecast_0245,2025-01-11 05:00:00,10256.195442991213,8219.995495775156,7581.243808729365
forecast_0246,2025-01-11 06:00:00,9070.925969262526,7392.764779279014,6769.706190159923
forecast_0247,2025-01-11 07:00:00,8938.987981466813,7392.764779279014,6377.381944603786
forecast_0248,2025-01-11 08:00:00,8738.816430501169,7246.359944277991,6163.558177169673
forecast_0249,2025-01-11 09:00:00,8341.365881158305,6976.101599963413,5700.164920199963
forecast_0250,2025-01-11 10:00:00,6474.353326306966,5539.133478057693,4424.699719455889
forecast_0251,2025-01-11 11:00:00,5448.116785383603,4487.072423086573,3424.0697558498478
forecast_0252,2025-01-11 12:00:00,4009.6421132142773,3494.31745100654,2638.2260332615106
forecast_0253,2025-01-11 13:00:00,3986.280022991581,3419.0305246034527,2638.2260332615106
forecast_0254,2025-01-11 14:00:00,3986.280022991581,3419.0305246034527,2788.4955319090354
forecast_0255,2025-01-11 15:00:00,4087.059618366333,3567.1710637103643,2883.1679454541236
forecast_0256,2025-01-11 16:00:00,4516.014752241436,3779.80510254295,3269.6905922220203
forecast_0257,2025-01-11 17:00:00,4942.146684844474,3862.0309156096505,3396.92082252829
forecast_0258,2025-01-11 18:00:00,7292.386942746014,5965.681883586085,4845.36683132381
forecast_0259,2025-01-11 19:00:00,9328.302993924062,8275.041448602653,6608.2228976431
forecast_0260,2025-01-11 20:00:00,9328.302993924062,8302.652936380704,7045.39378247251
forecast_0261,2025-01-11 21:00:00,9514.669201292414,8400.492616696964,7219.843340359774
forecast_0262,2025-01-11 22:00:00,10365.626122026704,9113.267270064465,8191.124017361615
forecast_0263,2025-01-11 23:00:00,12743.500778470028,11505.676874369983,10328.61260387914
forecast_0264,2025-01-12 00:00:00,13145.147012311862,12082.72303202805,10538.83667627777
forecast_0265,2025-01-12 01:00:00,9920.216444928752,9185.948391161126,7551.665797580121
forecast_0266,2025-01-12 02:00:00,10164.301665522167,10143.576046813845,7911.915286132518
forecast_0267,2025-01-12 03:00:00,11506.384688801456,11979.801808998589,9382.946304555748
forecast_0268,2025-01-12 04:00:00,12464.802303738375,13166.00908441035,10002.825888355343
forecast_0269,2025-01-12 05:00:00,14577.131490275347,14651.299039701931,11480.787000270131
forecast_0270,2025-01-12 06:00:00,15089.857108089747,15664.356000256443,11953.802448143011
forecast_0271,2025-01-12 07:00:00,15202.96331759241,15926.825847113872,12133.84883447344
forecast_0272,2025-01-12 08:00:00,15823.001933095005,16128.648733791273,12010.312498754787
forecast_0273,2025-01-12 09:00:00,15823.001933095005,16128.648733791273,12010.312498754787
forecast_0274,2025-01-12 10:00:00,13055.884840666135,14155.473718681558,10285.973577604214
forecast_0275,2025-01-12 11:00:00,11659.553743605,13413.504461146396,9557.034641306933
forecast_0276,2025-01-12 12:00:00,9864.576907160726,11311.828803410865,8024.554476124892
forecast_0277,2025-01-12 13:00:00,9864.576907160726,11311.828803410865,8024.554476124892
forecast_0278,2025-01-12 14:00:00,10452.063294533566,13190.026215994169,9919.753774577348
forecast_0279,2025-01-12 15:00:00,10769.922870772081,13353.731263346097,10121.702235251056
forecast_0280,2025-01-12 16:00:00,11544.162384751451,13380.935567239134,10499.28588201205
forecast_0281,2025-01-12 17:00:00,12164.944477198369,14416.72275141225,11441.811424352436
forecast_0282,2025-01-12 18:00:00,12989.07859261617,14853.51279351149,11852.619020052993
forecast_0283,2025-01-12 19:00:00,13426.677125916269,15288.93690954839,11962.426793730543
forecast_0284,2025-01-12 20:00:00,14562.022916978054,16163.087461136742,12417.12500893624
forecast_0285,2025-01-12 21:00:00,15429.952981903578,18005.956543543092,13070.395344963144
forecast_0286,2025-01-12 22:00:00,15465.91692584446,18005.956543543092,13206.794888931434
forecast_0287,2025-01-12 23:00:00,15604.846789841464,18014.96629310467,13538.149473241972
forecast_0288,2025-01-13 00:00:00,15816.269810670767,17799.351863752956,13740.062838859943
forecast_0289,2025-01-13 01:00:00,18549.526930402553,19210.059593241094,16397.404553335917
forecast_0290,2025-01-13 02:00:00,19238.273960151815,19977.126968499746,17232.003885694234
forecast_0291,2025-01-13 03:00:00,20179.15768348781,20664.583685341215,18358.253288165346
forecast_0292,2025-01-13 04:00:00,20334.092349059043,20726.839924976935,19270.081018650955
forecast_0293,2025-01-13 05:00:00,20334.092349059043,20803.924551543972,19397.439009296875
forecast_0294,2025-01-13 06:00:00,20334.092349059043,21181.949089358197,19431.6757495607
forecast_0295,2025-01-13 07:00:00,20288.70329397073,21181.949089358197,19431.6757495607
forecast_0296,2025-01-13 08:00:00,20238.232910865197,21113.01429220162,18844.576231256207
forecast_0297,2025-01-13 09:00:00,18725.156624571577,20191.46672707372,17484.146842970316
forecast_0298,2025-01-13 10:00:00,18725.156624571577,19843.08732330115,17421.278459234603
forecast_0299,2025-01-13 11:00:00,18178.72771550628,19566.799225882452,17412.848465481446
forecast_0300,2025-01-13 12:00:00,15499.482147650662,18167.927610940576,14644.21613747757
forecast_0301,2025-01-13 13:00:00,14184.758363406081,16011.892846489325,13191.433004264003
forecast_0302,2025-01-13 14:00:00,13851.059863078985,15369.099209111859,12334.704335908658
forecast_0303,2025-01-13 15:00:00,13851.059863078985,15307.961962311665,12334.704335908658
forecast_0304,2025-01-13 16:00:00,13907.447195706822,15291.341643442376,12808.713698671016
forecast_0305,2025-01-13 17:00:00,13907.447195706822,15116.468662689245,12808.713698671016
forecast_0306,2025-01-13 18:00:00,13707.887752438377,14609.380437043787,12642.884798764597
forecast_0307,2025-01-13 19:00:00,13707.887752438377,14609.380437043787,12642.884798764597
forecast_0308,2025-01-13 20:00:00,15037.482402501211,17134.354231813275,15209.86513139905
forecast_0309,2025-01-13 21:00:00,15189.7555216519,18125.33134505562,15766.087189526617
forecast_0310,2025-01-13 22:00:00,16080.776655778207,18268.942567205362,16283.485944132728
forecast_0311,2025-01-13 23:00:00,16896.17073679549,18664.306250574296,17266.39361075691
forecast_0312,2025-01-14 00:00:00,17408.653823895704,18776.16296396101,17600.431692093684
forecast_0313,2025-01-14 01:00:00,16954.6007146416,18865.375364930966,17474.132514691373
forecast_0314,2025-01-14 02:00:00,17028.915654494318,18800.008678937367,17607.00166669761
forecast_0315,2025-01-14 03:00:00,17092.49024503326,18561.58075394842,17781.55526156201
forecast_0316,2025-01-14 04:00:00,17158.25777642942,18561.58075394842,17909.816788245626
forecast_0317,2025-01-14 05:00:00,17168.06398047442,19070.301089811812,18209.651135226282
forecast_0318,2025-01-14 06:00:00,17252.41644243897,19243.842462753913,18226.672414129247
forecast_0319,2025-01-14 07:00:00,17252.41644243897,19091.52667887901,18209.651135226282
forecast_0320,2025-01-14 08:00:00,17252.41644243897,19091.52667887901,17761.312741161208
forecast_0321,2025-01-14 09:00:00,16654.569207538396,18519.094623458568,16875.572174194243
forecast_0322,2025-01-14 10:00:00,15954.574720614755,18346.089183594806,16460.97448499708
forecast_0323,2025-01-14 11:00:00,15019.582625189345,16126.029752929044,14730.995355736366
forecast_0324,2025-01-14 12:00:00,14281.166881745434,15354.569091207883,13671.124268334435
forecast_0325,2025-01-14 13:00:00,13670.664274499877,14342.801903020387,12200.949576796393
forecast_0326,2025-01-14 14:00:00,13477.111463354959,14034.667668524262,11691.191378469968
forecast_0327,2025-01-14 15:00:00,13107.297605454101,12925.577716100268,11193.372473417596
forecast_0328,2025-01-14 16:00:00,12736.182635023448,12711.788820056066,11033.75970821884
forecast_0329,2025-01-14 17:00:00,12521.146218000633,12590.652306733082,11033.75970821884
forecast_0330,2025-01-14 18:00:00,12447.47311625569,12590.652306733082,11162.467940918501
forecast_0331,2025-01-14 19:00:00,12447.47311625569,12679.323888333576,11162.467940918501
forecast_0332,2025-01-14 20:00:00,12447.47311625569,12973.89605630386,11189.383858751204
forecast_0333,2025-01-14 21:00:00,12456.338844749764,13317.44308541585,11189.383858751204
forecast_0334,2025-01-14 22:00:00,13083.870024026595,13817.246523955244,12398.179785138616
forecast_0335,2025-01-14 23:00:00,13864.672705428991,14643.787021358457,12398.179785138616
forecast_0336,2025-01-15 00:00:00,13905.101788794396,14645.017699402371,12473.170183527756
forecast_0337,2025-01-15 01:00:00,13965.62028729753,13912.106705501137,11554.449863186244
forecast_0338,2025-01-15 02:00:00,13651.354852747929,13283.44258190176,11003.158022079999
forecast_0339,2025-01-15 03:00:00,13110.117470496634,12580.42164566315,10761.101293319303
forecast_0340,2025-01-15 04:00:00,12805.797620935777,12087.369147830794,9811.197575615792
forecast_0341,2025-01-15 05:00:00,12805.797620935777,12087.369147830794,9811.197575615792
forecast_0342,2025-01-15 06:00:00,13378.67567922753,12526.59375252805,10569.334124914565
forecast_0343,2025-01-15 07:00:00,13568.74230563514,13989.277315316871,11556.506537428912
forecast_0344,2025-01-15 08:00:00,13654.356186191255,14632.54736215674,12202.13277573235
forecast_0345,2025-01-15 09:00:00,13703.620747221768,14632.54736215674,12202.13277573235
forecast_0346,2025-01-15 10:00:00,13891.389292409454,15185.676070674604,12314.334445777888
forecast_0347,2025-01-15 11:00:00,13703.620747221768,14272.127605849955,11880.96142306334
forecast_0348,2025-01-15 12:00:00,13355.176292697764,14268.182499821098,10871.631245978206
forecast_0349,2025-01-15 13:00:00,12056.63179266167,11160.442251414503,9406.606628307853
forecast_0350,2025-01-15 14:00:00,11368.735525281905,10919.301292244601,9051.258738405018
forecast_0351,2025-01-15 15:00:00,11368.735525281905,10919.301292244601,9051.258738405018
forecast_0352,2025-01-15 16:00:00,12348.821087528419,11870.441320931826,9623.921196005207
forecast_0353,2025-01-15 17:00:00,12656.404453792697,13004.81753042933,10308.16113917853
forecast_0354,2025-01-15 18:00:00,13458.779589464146,14509.096532979314,11487.891817058813
forecast_0355,2025-01-15 19:00:00,13930.608353771522,15911.634368214849,13346.564954244579
forecast_0356,2025-01-15 20:00:00,14782.77549375564,16437.660742739456,14186.54722899033
forecast_0357,2025-01-15 21:00:00,15770.5065379529,17579.71089429251,14877.016835684306
forecast_0358,2025-01-15 22:00:00,16979.764913362247,19488.646769947092,16163.037565545568
forecast_0359,2025-01-15 23:00:00,18127.677074865613,20257.565706342626,17765.96026958942
forecast_0360,2025-01-16 00:00:00,18216.768729188243,20318.037707381864,17824.300190695853
forecast_0361,2025-01-16 01:00:00,17685.348298984325,19201.127931182178,16327.37743672109
forecast_0362,2025-01-16 02:00:00,17958.089089290334,19269.822397275933,16645.222580733873
forecast_0363,2025-01-16 03:00:00,18457.66018094579,20067.61293269399,18155.33491946613
forecast_0364,2025-01-16 04:00:00,18523.421839324757,20137.38632368671,18271.88441289225
forecast_0365,2025-01-16 05:00:00,19294.146454582915,20395.47606880572,18458.521753891553
forecast_0366,2025-01-16 06:00:00,19393.468662126244,20623.198730470187,18499.756209575356
forecast_0367,2025-01-16 07:00:00,19441.57888934057,20670.70750534979,18657.59806357562
forecast_0368,2025-01-16 08:00:00,19475.330938757317,20670.70750534979,18657.59806357562
forecast_0369,2025-01-16 09:00:00,19475.330938757317,20504.883294069423,18312.086077441018
forecast_0370,2025-01-16 10:00:00,19174.767489298305,20312.9308582415,18034.838670094417
forecast_0371,2025-01-16 11:00:00,18997.584630997844,20083.317501760997,17751.06622145394
forecast_0372,2025-01-16 12:00:00,18622.90139105604,19455.472279302503,16869.67686197891
forecast_0373,2025-01-16 13:00:00,17097.523969492067,18928.44370076064,15679.669523050372
forecast_0374,2025-01-16 14:00:00,16284.256219957451,18030.958873424835,14848.405009210072
forecast_0375,2025-01-16 15:00:00,16284.256219957451,17501.904287845482,14775.564907037906
forecast_0376,2025-01-16 16:00:00,16404.729587633065,17501.904287845482,14775.564907037906
forecast_0377,2025-01-16 17:00:00,16404.729587633065,17579.496420244523,15401.264795370002
forecast_0378,2025-01-16 18:00:00,16324.132982971616,17579.496420244523,15401.264795370002
forecast_0379,2025-01-16 19:00:00,16061.11266769905,17344.052847258637,14978.27787570275
forecast_0380,2025-01-16 20:00:00,13258.28741491195,14154.071913148722,12059.74544333584
forecast_0381,2025-01-16 21:00:00,11282.073488996877,13358.78894768908,10205.238215297197
forecast_0382,2025-01-16 22:00:00,10766.573896441038,12521.196930181051,9971.905292514723
forecast_0383,2025-01-16 23:00:00,8706.041563071774,9183.054397757795,7350.5980676800045
forecast_0384,2025-01-17 00:00:00,7975.60290823471,8295.628804082273,6668.002652641091
forecast_0385,2025-01-17 01:00:00,4602.635472303502,4506.1524333563975,3800.4436582028156
forecast_0386,2025-01-17 02:00:00,4348.86442282333,4025.362649742495,3591.3770329758763
forecast_0387,2025-01-17 03:00:00,3880.0724158648763,3906.9214511680357,3271.3360050583537
forecast_0388,2025-01-17 04:00:00,3788.411855180486,3784.4746040132145,3177.1379754975
forecast_0389,2025-01-17 05:00:00,3689.9146402373526,3783.7570559824053,3171.9351443628943
forecast_0390,2025-01-17 06:00:00,3788.411855180486,3427.6743823562915,3033.029617799636
forecast_0391,2025-01-17 07:00:00,3952.5646764069875,3427.6743823562915,3033.029617799636
forecast_0392,2025-01-17 08:00:00,4327.962631661123,3943.45865722601,3510.318312654461
forecast_0393,2025-01-17 09:00:00,4327.962631661123,3943.45865722601,3510.318312654461
forecast_0394,2025-01-17 10:00:00,4131.367187873593,3938.597349389174,3286.9582046940377
forecast_0395,2025-01-17 11:00:00,4131.367187873593,3764.8996060129566,3073.125476348421
forecast_0396,2025-01-17 12:00:00,4183.859320208595,3474.0096950728016,3031.478909059284
forecast_0397,2025-01-17 13:00:00,4225.282077319529,3474.0096950728016,3031.478909059284
forecast_0398,2025-01-17 14:00:00,4382.608371609067,3603.739905922577,3101.5745431564537
forecast_0399,2025-01-17 15:00:00,4400.264463193426,3790.8460046020637,3187.927875694543
forecast_0400,2025-01-17 16:00:00,5176.621953856369,4686.009750295538,3991.8424759888558
forecast_0401,2025-01-17 17:00:00,6137.250292490846,6193.162603488158,4785.205815773538
forecast_0402,2025-01-17 18:00:00,8373.509844008255,8299.29032240959,6256.3030724940845
forecast_0403,2025-01-17 19:00:00,9611.099626572488,9712.414045563559,7529.140306148338
forecast_0404,2025-01-17 20:00:00,11798.783601847881,11138.470699635624,8860.033872993534
forecast_0405,2025-01-17 21:00:00,13315.033671664332,12958.548018031888,10216.111220111407
forecast_0406,2025-01-17 22:00:00,13834.877114908517,13922.61532034741,11316.270515268337
forecast_0407,2025-01-17 23:00:00,14292.729596774117,14313.947532719025,11609.767778772704
forecast_0408,2025-01-18 00:00:00,14953.167903170364,14118.281426533216,11979.77154762507
forecast_0409,2025-01-18 01:00:00,13560.774575490403,12849.676440305368,10579.644598616313
forecast_0410,2025-01-18 02:00:00,14074.789475594327,12914.654380595728,10792.919527202705
forecast_0411,2025-01-18 03:00:00,15541.496653824186,14537.984372588136,11442.575036723496
forecast_0412,2025-01-18 04:00:00,16812.464963139566,15166.100611488806,12788.086244145985
forecast_0413,2025-01-18 05:00:00,16812.464963139566,15166.100611488806,12788.086244145985
forecast_0414,2025-01-18 06:00:00,15273.182744523907,14134.90254380763,11322.201297876243
forecast_0415,2025-01-18 07:00:00,15153.423196597802,13199.549365682604,10675.132928219478
forecast_0416,2025-01-18 08:00:00,12456.725500778277,9611.078868643779,7613.946266840382
forecast_0417,2025-01-18 09:00:00,7333.889962770294,5220.085231849177,4639.204155699719
forecast_0418,2025-01-18 10:00:00,5792.660309563304,4217.342683251667,3616.930762863718
forecast_0419,2025-01-18 11:00:00,5648.140185897998,4217.342683251667,3616.930762863718
forecast_0420,2025-01-18 12:00:00,5341.7770449436675,4208.513982447079,3158.8892255705023
forecast_0421,2025-01-18 13:00:00,5329.158091117425,3991.6031938291185,3137.875404197605
forecast_0422,2025-01-18 14:00:00,4945.737178545688,3776.2181716151363,3114.6068603556514
forecast_0423,2025-01-18 15:00:00,4945.737178545688,3776.2181716151363,3114.6068603556514
forecast_0424,2025-01-18 16:00:00,5619.362226209181,4265.907956459616,3240.5057174691497
forecast_0425,2025-01-18 17:00:00,8293.832760476522,8119.090385469006,5988.01967067133
forecast_0426,2025-01-18 18:00:00,14499.511107079103,12921.60666039328,10671.465407489957
forecast_0427,2025-01-18 19:00:00,16440.650283289186,15430.76928604974,12960.28169879849
forecast_0428,2025-01-18 20:00:00,17460.754031320503,16909.322960481386,14192.364110575592
forecast_0429,2025-01-18 21:00:00,18211.361184251426,18257.898206865753,15162.960475044243
forecast_0430,2025-01-18 22:00:00,18211.361184251426,18482.286350353228,15614.455884141487
forecast_0431,2025-01-18 23:00:00,18080.629309493874,18482.286350353228,15614.455884141487
forecast_0432,2025-01-19 00:00:00,17959.112210162915,18066.345206127276,15277.029731389823
forecast_0433,2025-01-19 01:00:00,17907.28984168315,17256.071222587052,14849.042059142554
forecast_0434,2025-01-19 02:00:00,18070.138324690426,17357.56230643871,14939.504767648968
forecast_0435,2025-01-19 03:00:00,19281.944268966017,19119.579413007898,15642.42012124902
forecast_0436,2025-01-19 04:00:00,20253.674746567027,19582.20011053775,16504.13532999221
forecast_0437,2025-01-19 05:00:00,20265.47867022886,19845.16517067358,16504.13532999221
forecast_0438,2025-01-19 06:00:00,20265.47867022886,19845.16517067358,16416.36758760332
forecast_0439,2025-01-19 07:00:00,20522.022202419535,19722.78985410924,16348.53343975477
forecast_0440,2025-01-19 08:00:00,20522.022202419535,19176.062315336923,15893.775403475549
forecast_0441,2025-01-19 09:00:00,19386.62535146172,18360.37816739313,14723.557928819708
forecast_0442,2025-01-19 10:00:00,15861.62793738236,16782.09164777597,12646.678707742656
forecast_0443,2025-01-19 11:00:00,12661.340327024338,15178.971879146402,11271.213197959949
forecast_0444,2025-01-19 12:00:00,10431.176924122206,12088.476916456693,8340.861368211223
forecast_0445,2025-01-19 13:00:00,10223.172810152033,10413.764323199124,8044.208678537691
forecast_0446,2025-01-19 14:00:00,9427.012333063232,8528.976452662413,6333.064738772528
forecast_0447,2025-01-19 15:00:00,8858.294496667284,8120.451420095904,6064.96765633539
forecast_0448,2025-01-19 16:00:00,8858.294496667284,8120.451420095904,6064.96765633539
forecast_0449,2025-01-19 17:00:00,9474.836135650938,8524.71323698675,6565.428541890234
forecast_0450,2025-01-19 18:00:00,11285.125304058269,9302.017761450052,7069.1418316306135
forecast_0451,2025-01-19 19:00:00,12106.949676934411,10509.187467907474,7960.771503791967
forecast_0452,2025-01-19 20:00:00,12300.774475998636,10977.529581333245,8129.848087388452
forecast_0453,2025-01-19 21:00:00,12336.943170721857,11215.649717309137,8270.395050383775
forecast_0454,2025-01-19 22:00:00,13088.252832530063,13493.381491102966,10186.371025946204
forecast_0455,2025-01-19 23:00:00,13088.252832530063,13493.381491102966,10186.371025946204
forecast_0456,2025-01-20 00:00:00,12605.670394721146,13812.57275721874,10269.712700510081
forecast_0457,2025-01-20 01:00:00,10013.317538263502,9180.418513875396,6900.056425887576
forecast_0458,2025-01-20 02:00:00,9377.921295102737,8916.544857231562,6673.568988848718
forecast_0459,2025-01-20 03:00:00,7526.830712293819,6983.933984995529,5594.926597553408
forecast_0460,2025-01-20 04:00:00,6154.956019958843,5500.366114022335,4586.91591261192
forecast_0461,2025-01-20 05:00:00,5231.040023429702,4820.24363256054,3712.006156496455
forecast_0462,2025-01-20 06:00:00,4266.383403512959,3696.222465888145,3231.1261560315907
forecast_0463,2025-01-20 07:00:00,3361.4321186341463,3666.03752429629,3076.845123853953
forecast_0464,2025-01-20 08:00:00,3332.1619566717513,3319.741314624139,3033.9659712856765
forecast_0465,2025-01-20 09:00:00,3148.273390927063,3319.741314624139,2598.942436618875
forecast_0466,2025-01-20 10:00:00,2775.212800814335,3068.1023061224632,2405.512325100369
forecast_0467,2025-01-20 11:00:00,2775.212800814335,2951.693477616632,2405.512325100369
forecast_0468,2025-01-20 12:00:00,3133.2802993040555,2951.693477616632,2557.543135760215
forecast_0469,2025-01-20 13:00:00,3133.2802993040555,2951.693477616632,2557.543135760215
forecast_0470,2025-01-20 14:00:00,3085.5620532301737,2603.0871754242617,2434.2144065843922
forecast_0471,2025-01-20 15:00:00,2928.777445568707,2553.321967259836,2371.310428877991
forecast_0472,2025-01-20 16:00:00,2901.3488887966696,2553.321967259836,2371.310428877991
forecast_0473,2025-01-20 17:00:00,2901.346416161991,2597.0088255939945,2390.6170006530374
forecast_0474,2025-01-20 18:00:00,2901.346416161991,2825.9268979206627,2416.953961266537
forecast_0475,2025-01-20 19:00:00,2980.426666347246,2863.712118890021,2670.892204567399
forecast_0476,2025-01-20 20:00:00,3684.0012032251425,3945.4496144021446,3289.056826262412
forecast_0477,2025-01-20 21:00:00,3919.8939366024447,4032.788239637159,3338.7141219934783
forecast_0478,2025-01-20 22:00:00,4340.402111459785,4065.355248901161,3863.3800878782195
forecast_0479,2025-01-20 23:00:00,4340.402111459785,4233.507844653465,3863.3800878782195
forecast_0480,2025-01-21 00:00:00,4251.162149299623,4149.431546777313,3644.417276729433
forecast_0481,2025-01-21 01:00:00,4671.25988512655,4293.042550130007,3461.294570473202
forecast_0482,2025-01-21 02:00:00,4700.319070482655,4409.813632026385,3509.8410700361565
forecast_0483,2025-01-21 03:00:00,4974.737750951217,4522.634948123671,3509.8410700361565
forecast_0484,2025-01-21 04:00:00,5150.644731708484,4522.634948123671,3479.5048463392245
forecast_0485,2025-01-21 05:00:00,5141.600980293546,4363.091725224865,3479.5048463392245
forecast_0486,2025-01-21 06:00:00,5141.600980293546,4363.091725224865,3715.9733562434158
forecast_0487,2025-01-21 07:00:00,4961.494782712654,4363.091725224865,3715.9733562434158
forecast_0488,2025-01-21 08:00:00,4631.702128166425,4110.970218006141,3451.803236817108
forecast_0489,2025-01-21 09:00:00,4440.2489535596205,4053.0333098404285,3384.8746286124274
forecast_0490,2025-01-21 10:00:00,4433.478509883278,3834.4265790897566,3112.54959246435
forecast_0491,2025-01-21 11:00:00,4379.3770172338245,3815.3277679496487,3079.1744235724605
forecast_0492,2025-01-21 12:00:00,4272.850237415532,3748.0671202077224,2812.3724746391626
forecast_0493,2025-01-21 13:00:00,4228.218529832753,3748.0671202077224,2808.3644313341747
forecast_0494,2025-01-21 14:00:00,4272.850237415532,3953.1924444852084,2812.3724746391626
forecast_0495,2025-01-21 15:00:00,5129.694997039993,4731.615118286141,3325.7305283131814
forecast_0496,2025-01-21 16:00:00,5375.846898198453,5199.943092936486,3639.0866293615495
forecast_0497,2025-01-21 17:00:00,5526.767163150647,5647.512252420677,4098.21145187981
forecast_0498,2025-01-21 18:00:00,6665.758648407202,7493.143494674953,5596.894145438447
forecast_0499,2025-01-21 19:00:00,9871.502367352881,12150.690474422736,8664.987617503819
forecast_0500,2025-01-21 20:00:00,10752.970418512343,13378.532718513257,9254.89556571008
forecast_0501,2025-01-21 21:00:00,12352.69397074663,14409.298750691512,10159.891966431098
forecast_0502,2025-01-21 22:00:00,12396.21901132873,15034.529622377318,10954.98188262654
forecast_0503,2025-01-21 23:00:00,12396.21901132873,15034.529622377318,10954.98188262654
forecast_0504,2025-01-22 00:00:00,12405.269784095166,15291.187429564317,11058.096722248556
forecast_0505,2025-01-22 01:00:00,10503.9709397065,13750.210167123134,9549.029331228194
forecast_0506,2025-01-22 02:00:00,11133.042298078784,14660.30316783721,10161.532341798613
forecast_0507,2025-01-22 03:00:00,11694.893254878558,14952.48441116716,10828.669041928755
forecast_0508,2025-01-22 04:00:00,12051.111258978632,14952.48441116716,11814.312000158152
forecast_0509,2025-01-22 05:00:00,12447.480404682396,14952.48441116716,11828.478616525377
forecast_0510,2025-01-22 06:00:00,12703.50844808253,15442.54225374106,12541.407699785977
forecast_0511,2025-01-22 07:00:00,14024.98458677978,16106.825946769988,13649.830321629532
forecast_0512,2025-01-22 08:00:00,14024.98458677978,16106.825946769988,13649.830321629532
forecast_0513,2025-01-22 09:00:00,13177.337469085242,15494.768615450983,12127.877632333224
forecast_0514,2025-01-22 10:00:00,12792.254122572713,14479.976299908532,11129.397035755674
forecast_0515,2025-01-22 11:00:00,12450.639960061624,13691.129831218554,10394.468700410614
forecast_0516,2025-01-22 12:00:00,10645.446334100723,11000.760571883211,8323.901012094959
forecast_0517,2025-01-22 13:00:00,8710.162603282031,9875.010463410392,6916.250433525272
forecast_0518,2025-01-22 14:00:00,7859.170670871486,7120.150372190158,5972.3297125758245
forecast_0519,2025-01-22 15:00:00,7291.27481515514,6667.038973812162,5093.340833139393
forecast_0520,2025-01-22 16:00:00,7291.27481515514,6667.038973812162,5093.340833139393
forecast_0521,2025-01-22 17:00:00,7670.280618991135,9466.35858153541,6528.366729649042
forecast_0522,2025-01-22 18:00:00,8746.625901692161,10103.237231874587,6753.467774766694
forecast_0523,2025-01-22 19:00:00,9387.838595955127,11339.009843496238,7619.044796817497
forecast_0524,2025-01-22 20:00:00,9387.838595955127,11875.216298992655,7860.2500407460875
forecast_0525,2025-01-22 21:00:00,9387.838595955127,12348.972226170521,8382.06891657419
forecast_0526,2025-01-22 22:00:00,9889.12901030215,12627.218373376107,8772.678608789429
forecast_0527,2025-01-22 23:00:00,10123.824846945161,12799.93502231591,8800.092283214291
forecast_0528,2025-01-23 00:00:00,10046.341902748516,12972.048158193342,8786.38544600186
forecast_0529,2025-01-23 01:00:00,12946.022979568537,15686.045829247018,11218.220188414436
forecast_0530,2025-01-23 02:00:00,12710.005746222909,15591.152560234219,11055.205674500405
forecast_0531,2025-01-23 03:00:00,12550.306882897848,15417.093239151834,10949.41404232575
forecast_0532,2025-01-23 04:00:00,12102.671266431058,15383.554614992556,10019.867578806758
forecast_0533,2025-01-23 05:00:00,11521.359524794321,14368.779575434028,9250.825388137559
forecast_0534,2025-01-23 06:00:00,10436.209837733562,13420.281935471454,8474.56455562252
forecast_0535,2025-01-23 07:00:00,9816.60892551357,12581.629077492995,8025.566462898147
forecast_0536,2025-01-23 08:00:00,9025.761566837065,11516.307896131746,6995.473468260636
forecast_0537,2025-01-23 09:00:00,7572.994168232772,9101.039630793564,5862.994798685989
forecast_0538,2025-01-23 10:00:00,6456.250089617273,7684.382517829545,5405.87293865962
forecast_0539,2025-01-23 11:00:00,5394.765985924858,5809.617102563095,4576.101842367083
forecast_0540,2025-01-23 12:00:00,4075.839152851114,3940.848526887187,2831.5610463532653
forecast_0541,2025-01-23 13:00:00,3964.8339986992773,3802.0888525528717,2791.7594765783565
forecast_0542,2025-01-23 14:00:00,3747.7605369632,3419.9411886039916,2560.5519492323974
forecast_0543,2025-01-23 15:00:00,3747.7605369632,3243.5889346753765,2560.5519492323974
forecast_0544,2025-01-23 16:00:00,3698.317234634608,3173.0205135589154,2536.778228791918
forecast_0545,2025-01-23 17:00:00,3753.3927064900736,3225.731263763474,2600.235299543926
forecast_0546,2025-01-23 18:00:00,3947.160262396798,3225.731263763474,2661.5715299391177
forecast_0547,2025-01-23 19:00:00,4762.320469822107,3971.888030133951,3038.6810128105076
forecast_0548,2025-01-23 20:00:00,4762.320469822107,4441.758581965686,3350.773991401283
forecast_0549,2025-01-23 21:00:00,5039.704615285014,4561.829491197315,3389.447908579994
forecast_0550,2025-01-23 22:00:00,5226.633903995803,4631.918929932674,3610.9132772273506
forecast_0551,2025-01-23 23:00:00,5226.633903995803,4631.918929932674,3610.9132772273506
forecast_0552,2025-01-24 00:00:00,4884.420638914394,4626.34085614793,3482.2311695867493
forecast_0553,2025-01-24 01:00:00,3473.197920734373,3122.8765091329506,2529.02354321396
forecast_0554,2025-01-24 02:00:00,3401.2362752889035,2927.603498689059,2439.22107101321
forecast_0555,2025-01-24 03:00:00,3344.948668894581,2615.137763587419,2182.132763346866
forecast_0556,2025-01-24 04:00:00,2935.6113725180244,2455.4643237844994,1906.2493744409592
forecast_0557,2025-01-24 05:00:00,2505.395079161016,2426.610805817448,1884.0886233671529
forecast_0558,2025-01-24 06:00:00,2467.759106424541,2247.9453978970064,1884.0886233671529
forecast_0559,2025-01-24 07:00:00,2467.759106424541,2234.8030248430655,1896.331225252221
forecast_0560,2025-01-24 08:00:00,2542.81867077214,2208.6284036928646,1933.037206704617
forecast_0561,2025-01-24 09:00:00,2542.81867077214,2184.6512336089236,1953.510351626635
forecast_0562,2025-01-24 10:00:00,2417.9806304944223,2184.6512336089236,1953.510351626635
forecast_0563,2025-01-24 11:00:00,2417.9806304944223,2184.6512336089236,1948.4657077212178
forecast_0564,2025-01-24 12:00:00,2436.1998862022924,2288.5293032792165,1948.4657077212178
forecast_0565,2025-01-24 13:00:00,2529.7918649463318,2450.318587596865,1975.1394317097015
forecast_0566,2025-01-24 14:00:00,2636.5752285863605,2467.8777387650384,2164.8101510027504
forecast_0567,2025-01-24 15:00:00,2867.0571156114393,2547.9762513250016,2166.229727130245
forecast_0568,2025-01-24 16:00:00,2867.0571156114393,2947.485239610699,2442.757889582197
forecast_0569,2025-01-24 17:00:00,3010.8865787488116,3156.0655503537364,2508.8513428661363
forecast_0570,2025-01-24 18:00:00,3038.6869521305716,3368.407272232847,2617.910088047145
forecast_0571,2025-01-24 19:00:00,3398.5483128621504,3776.72520837436,2988.968945511288
forecast_0572,2025-01-24 20:00:00,3785.724806235344,4121.876138579554,3394.0052052385263
forecast_0573,2025-01-24 21:00:00,3836.9077652320484,4729.233020541093,3823.2859807285176
forecast_0574,2025-01-24 22:00:00,4270.361322400096,5024.177371458396,4045.654159394539
forecast_0575,2025-01-24 23:00:00,4560.174204997366,5463.138668096252,4302.349213409737
forecast_0576,2025-01-25 00:00:00,4904.55828886887,6238.775984352516,4742.225475335761
forecast_0577,2025-01-25 01:00:00,4425.219706886968,5735.446880551595,4486.321688684767
forecast_0578,2025-01-25 02:00:00,4746.27849212209,6692.406814870308,5078.419266772771
forecast_0579,2025-01-25 03:00:00,4770.549365670634,7523.9860881593895,5133.018215777054
forecast_0580,2025-01-25 04:00:00,4895.850016625154,7554.425078867022,5315.3958403957395
forecast_0581,2025-01-25 05:00:00,4770.549365670634,7554.425078867022,5315.3958403957395
forecast_0582,2025-01-25 06:00:00,4895.850016625154,6799.660905271131,4990.305375239709
forecast_0583,2025-01-25 07:00:00,4892.371333417985,6799.660905271131,4990.305375239709
forecast_0584,2025-01-25 08:00:00,4892.371333417985,6799.660905271131,4990.305375239709
forecast_0585,2025-01-25 09:00:00,4428.029688299156,6381.025592788651,4477.636963468969
forecast_0586,2025-01-25 10:00:00,4428.029688299156,5353.0644338940765,4095.9764107913143
forecast_0587,2025-01-25 11:00:00,4428.029688299156,4895.998385011525,4079.294998349833
forecast_0588,2025-01-25 12:00:00,4061.775020654907,4561.403118643885,3894.299490174989
forecast_0589,2025-01-25 13:00:00,3595.001623230568,4075.4984468963085,3454.7625679696066
forecast_0590,2025-01-25 14:00:00,3496.860848787597,4055.957263479418,3411.679463589427
forecast_0591,2025-01-25 15:00:00,3406.367277227148,3933.8796763627943,3207.7036281321934
forecast_0592,2025-01-25 16:00:00,3406.367277227148,3933.8796763627943,3207.7036281321934
forecast_0593,2025-01-25 17:00:00,3509.455347782231,4356.512547762266,3400.123053073125
forecast_0594,2025-01-25 18:00:00,3980.747657513387,4682.5319638053315,3662.505369469064
forecast_0595,2025-01-25 19:00:00,4039.04652784184,4898.696901525328,3719.7336197645163
forecast_0596,2025-01-25 20:00:00,4297.5987074135055,5096.720021286002,3822.718705519555
forecast_0597,2025-01-25 21:00:00,4686.065715298481,6684.791909429466,4760.326692373332
forecast_0598,2025-01-25 22:00:00,6471.156092966737,8071.083118681738,6344.515472318061
forecast_0599,2025-01-25 23:00:00,6471.156092966737,8125.400650717238,6458.504127464925
forecast_0600,2025-01-26 00:00:00,6594.997566787484,8730.378272979862,6825.175692783526
forecast_0601,2025-01-26 01:00:00,6100.507720664564,8355.159446071746,6402.389830943117
forecast_0602,2025-01-26 02:00:00,5736.095003325647,8255.56822203729,6213.764586175324
forecast_0603,2025-01-26 03:00:00,5144.709823041543,7043.869810047057,5215.105761983473
forecast_0604,2025-01-26 04:00:00,4623.863740550303,4697.7563095635915,3817.734104677922
forecast_0605,2025-01-26 05:00:00,4050.5404786740282,4609.931570851996,3390.826266246471
forecast_0606,2025-01-26 06:00:00,3649.3066568442932,4078.8071764899696,3104.0146714133216
forecast_0607,2025-01-26 07:00:00,3572.5095436737347,3854.836689129169,3014.2826791699945
forecast_0608,2025-01-26 08:00:00,3433.5357574126656,3814.2505053855193,3008.391583595905
forecast_0609,2025-01-26 09:00:00,3043.203405329817,3600.9881400025347,2749.4137390599312
forecast_0610,2025-01-26 10:00:00,2714.3047413401828,3098.232000525012,2348.4576275017957
forecast_0611,2025-01-26 11:00:00,2553.115609905649,2914.5107870602974,2260.773813055878
forecast_0612,2025-01-26 12:00:00,2545.7000284544947,2821.328658042913,2260.773813055878
forecast_0613,2025-01-26 13:00:00,2464.287181328913,2640.2695295652306,2261.8781896296477
forecast_0614,2025-01-26 14:00:00,2464.287181328913,2640.2695295652306,2289.2607785813757
forecast_0615,2025-01-26 15:00:00,2533.385961619371,2410.5288805143364,2261.8781896296477
forecast_0616,2025-01-26 16:00:00,2538.9443138239135,2354.2393774711077,2324.3277172494745
forecast_0617,2025-01-26 17:00:00,2597.948520424776,2326.4269019354097,2317.0704560697877
forecast_0618,2025-01-26 18:00:00,2691.458029501807,2354.2393774711077,2397.240787741567
forecast_0619,2025-01-26 19:00:00,2810.6506457879786,2504.465815982897,2466.549205996018
forecast_0620,2025-01-26 20:00:00,2812.693269213651,2529.508950818694,2511.7899951917097
forecast_0621,2025-01-26 21:00:00,3476.2303605097477,2941.222090742617,2726.368376429996
forecast_0622,2025-01-26 22:00:00,3702.932780146098,3384.5604827557663,2815.0147274325673
forecast_0623,2025-01-26 23:00:00,3704.1579842768174,3502.6613145060173,2815.0147274325673
forecast_0624,2025-01-27 00:00:00,3703.5453822114578,3443.610898630892,2721.09874226801
forecast_0625,2025-01-27 01:00:00,3528.482977414431,3145.915871165178,2618.976064650128
forecast_0626,2025-01-27 02:00:00,3475.540231842098,3168.714459036667,2590.7913037553144
forecast_0627,2025-01-27 03:00:00,3475.540231842098,3365.1883377124077,2585.9551347254524
forecast_0628,2025-01-27 04:00:00,3578.894485363088,3444.3809062279397,2585.9551347254524
forecast_0629,2025-01-27 05:00:00,3878.576817902859,3444.3809062279397,2614.1904273500713
forecast_0630,2025-01-27 06:00:00,4086.7116566939862,3882.728718322982,2966.5933035953376
forecast_0631,2025-01-27 07:00:00,4250.77313991415,4557.552437495684,3284.698137670269
forecast_0632,2025-01-27 08:00:00,4521.292626687516,5034.7238361717245,3660.073900638962
forecast_0633,2025-01-27 09:00:00,4640.247910044837,5034.7238361717245,3660.073900638962
forecast_0634,2025-01-27 10:00:00,4640.247910044837,5034.7238361717245,3660.073900638962
forecast_0635,2025-01-27 11:00:00,5626.056950165152,7051.184848404303,4940.49786634894
forecast_0636,2025-01-27 12:00:00,8011.044876560074,9678.25518412683,7597.831866700675
forecast_0637,2025-01-27 13:00:00,11888.431515710365,12673.4020708742,11612.724614764327
forecast_0638,2025-01-27 14:00:00,13758.469781164535,15362.842484767094,13751.52836655087
forecast_0639,2025-01-27 15:00:00,17014.00319103586,18595.603163197327,17498.110331473297
forecast_0640,2025-01-27 16:00:00,17341.455872121573,18869.899241874165,18084.66230649366
forecast_0641,2025-01-27 17:00:00,17347.630456098235,18869.899241874165,18084.66230649366
forecast_0642,2025-01-27 18:00:00,17341.455872121573,18025.449830473583,16965.3859764907
forecast_0643,2025-01-27 19:00:00,17201.579160088982,17943.569712657096,16581.7199725905
forecast_0644,2025-01-27 20:00:00,17201.579160088982,17374.869680883006,16410.965303443187
forecast_0645,2025-01-27 21:00:00,17282.317237192266,17334.08678077666,16410.965303443187
forecast_0646,2025-01-27 22:00:00,17282.317237192266,17187.722939610245,16410.965303443187
forecast_0647,2025-01-27 23:00:00,17166.294760799974,17187.722939610245,16490.29963540964
forecast_0648,2025-01-28 00:00:00,17083.414497383113,17243.926258769276,16510.860802547286
forecast_0649,2025-01-28 01:00:00,17060.470098027727,17005.42777821952,16570.56569216589
forecast_0650,2025-01-28 02:00:00,17145.13934192979,17152.68789234508,16618.900432000264
forecast_0651,2025-01-28 03:00:00,17145.13934192979,17152.68789234508,16522.230952331513
forecast_0652,2025-01-28 04:00:00,16797.198726842744,16953.000782020223,16112.86916869239
forecast_0653,2025-01-28 05:00:00,16471.241842638592,16876.409023685566,16112.86916869239
forecast_0654,2025-01-28 06:00:00,16471.241842638592,16876.409023685566,16193.18051883241
forecast_0655,2025-01-28 07:00:00,16489.187080494,16475.34817398579,16253.254231761772
forecast_0656,2025-01-28 08:00:00,16665.69865135423,16573.32523060882,16253.254231761772
forecast_0657,2025-01-28 09:00:00,16665.69865135423,16573.32523060882,16253.254231761772
forecast_0658,2025-01-28 10:00:00,16606.6635050348,16594.689679413852,16243.281020910727
forecast_0659,2025-01-28 11:00:00,16329.726433430225,16594.689679413852,16159.87338454172
forecast_0660,2025-01-28 12:00:00,15932.639666927713,16357.149566292923,15607.741423025975
forecast_0661,2025-01-28 13:00:00,15836.640439543427,16221.588879962404,15428.736868159534
forecast_0662,2025-01-28 14:00:00,15399.20549283631,15674.424479793417,15078.216003275505
forecast_0663,2025-01-28 15:00:00,15205.035055467011,15518.243933301492,15078.216003275505
forecast_0664,2025-01-28 16:00:00,14888.027933782258,15518.243933301492,15078.216003275505
forecast_0665,2025-01-28 17:00:00,14959.444525198414,15658.197429819866,14890.344047967385
forecast_0666,2025-01-28 18:00:00,14959.444525198414,16049.606078360355,14890.344047967385
forecast_0667,2025-01-28 19:00:00,15423.861050037882,16129.99996738276,15100.02222076621
forecast_0668,2025-01-28 20:00:00,15916.156460570648,16605.56477818562,15873.609304807498
forecast_0669,2025-01-28 21:00:00,16139.763408722803,17023.054626898276,15911.810044204894
forecast_0670,2025-01-28 22:00:00,16491.555889916133,17216.17376383501,16553.735599684926
forecast_0671,2025-01-28 23:00:00,16491.555889916133,17216.17376383501,16553.735599684926
forecast_0672,2025-01-29 00:00:00,16468.75105872748,17070.442042256145,16397.186124778218
forecast_0673,2025-01-29 01:00:00,16617.173205639636,17239.25999809088,16027.073587904346
forecast_0674,2025-01-29 02:00:00,16886.411027198214,17614.194003826466,16207.069840560856
forecast_0675,2025-01-29 03:00:00,16886.411027198214,17798.38893574943,16279.439898536202
forecast_0676,2025-01-29 04:00:00,16915.509851336585,17806.20944184313,16523.995180232185
forecast_0677,2025-01-29 05:00:00,17039.76179633078,18166.881282879713,16845.665318249823
forecast_0678,2025-01-29 06:00:00,17039.76179633078,18166.881282879713,16845.665318249823
forecast_0679,2025-01-29 07:00:00,17095.704329148582,18063.197148959964,16793.167892373964
forecast_0680,2025-01-29 08:00:00,17095.704329148582,18052.189016813198,16676.137311631323
forecast_0681,2025-01-29 09:00:00,17095.704329148582,17981.552176219535,16538.892990753124
forecast_0682,2025-01-29 10:00:00,16785.089322409785,17927.028180982925,16102.813603489369
forecast_0683,2025-01-29 11:00:00,16594.585433649452,17550.28931880276,15295.99062124576
forecast_0684,2025-01-29 12:00:00,16594.585433649452,16763.724542507873,15078.401865585594
forecast_0685,2025-01-29 13:00:00,16594.585433649452,16219.966397573578,15000.646500534593
forecast_0686,2025-01-29 14:00:00,16280.372152646047,15853.872344182319,14492.166339064594
forecast_0687,2025-01-29 15:00:00,15648.033849135289,15853.872344182319,14357.227681900975
forecast_0688,2025-01-29 16:00:00,15034.785605110967,15730.826840543665,14224.750946396194
forecast_0689,2025-01-29 17:00:00,14830.337424511867,15854.58283148059,14197.477263453658
forecast_0690,2025-01-29 18:00:00,14741.922588459429,15854.58283148059,14197.477263453658
forecast_0691,2025-01-29 19:00:00,14386.194249465563,16351.25536707587,14804.289762728886
forecast_0692,2025-01-29 20:00:00,14141.93957613801,16940.542287244152,15144.44184417051
forecast_0693,2025-01-29 21:00:00,14007.211608181888,16940.542287244152,15144.44184417051
forecast_0694,2025-01-29 22:00:00,13907.049867692234,16596.37203518558,15034.668929530026
forecast_0695,2025-01-29 23:00:00,13907.049867692234,15168.705952985529,14821.916241089295
forecast_0696,2025-01-30 00:00:00,14155.593682375627,15147.447468884564,14928.29258530966
forecast_0697,2025-01-30 01:00:00,14263.412890762445,17033.507789207262,14791.782154851991
forecast_0698,2025-01-30 02:00:00,14206.560136520868,17059.387956846338,14819.159199569895
forecast_0699,2025-01-30 03:00:00,14105.116843476013,17080.85719803772,14796.610119561723
forecast_0700,2025-01-30 04:00:00,13681.709736750452,17080.85719803772,14796.610119561723
forecast_0701,2025-01-30 05:00:00,13368.443455683348,17018.18608564908,14265.675726566022
forecast_0702,2025-01-30 06:00:00,13368.443455683348,17018.18608564908,14264.717457246108
forecast_0703,2025-01-30 07:00:00,13610.167222050568,17067.16883648693,14264.717457246108
forecast_0704,2025-01-30 08:00:00,13960.056666858922,17235.638421246094,14538.762959101825
forecast_0705,2025-01-30 09:00:00,13960.056666858922,17235.638421246094,14538.762959101825
forecast_0706,2025-01-30 10:00:00,13960.056666858922,17122.91945497888,13707.521771318716
forecast_0707,2025-01-30 11:00:00,13856.161706061106,15838.19472376566,13169.52045497045
forecast_0708,2025-01-30 12:00:00,13931.900653048855,14380.158066080467,11706.12890655336
forecast_0709,2025-01-30 13:00:00,13856.161706061106,14380.158066080467,11664.232737692859
forecast_0710,2025-01-30 14:00:00,13931.900653048855,14567.871389663202,11664.232737692859
forecast_0711,2025-01-30 15:00:00,13839.997122077042,15323.256823423852,12276.023439399713
forecast_0712,2025-01-30 16:00:00,13374.61340547062,15323.256823423852,12364.342544763189
forecast_0713,2025-01-30 17:00:00,13374.61340547062,15314.50762684631,12865.468130056852
forecast_0714,2025-01-30 18:00:00,13769.788149726723,14223.35668013952,13017.558673082163
forecast_0715,2025-01-30 19:00:00,14133.481031054243,14223.35668013952,13240.544365158677
forecast_0716,2025-01-30 20:00:00,15103.588878990267,16081.643449880332,15204.188473419093
forecast_0717,2025-01-30 21:00:00,15460.193094976548,16522.616267336416,16044.552511464546
forecast_0718,2025-01-30 22:00:00,15698.713454317976,16522.616267336416,16044.552511464546
forecast_0719,2025-01-30 23:00:00,15698.713454317976,15881.630185339596,15854.729569789397
forecast_0720,2025-01-31 00:00:00,14807.97023901705,15686.320994702659,15357.412931100269
forecast_0721,2025-01-31 01:00:00,14481.756218599603,16170.994037403501,14452.953242876772
forecast_0722,2025-01-31 02:00:00,14211.9933363671,16159.577412150664,14253.550646123025
forecast_0723,2025-01-31 03:00:00,14013.111871472085,16159.577412150664,13975.889600005798
forecast_0724,2025-01-31 04:00:00,13881.633195614322,15139.112442129694,13811.757283007359
forecast_0725,2025-01-31 05:00:00,14013.111871472085,16008.071135392116,13975.889600005798
forecast_0726,2025-01-31 06:00:00,14382.371685253718,15635.148865065985,14465.265473901058
forecast_0727,2025-01-31 07:00:00,14507.086085868936,15767.515381855967,14856.218606929237
forecast_0728,2025-01-31 08:00:00,14507.086085868936,15635.148865065985,14465.265473901058
forecast_0729,2025-01-31 09:00:00,13473.909122028781,15432.139289580102,13620.814027924958
forecast_0730,2025-01-31 10:00:00,12184.524817587633,14598.970441506943,12289.505676059653
forecast_0731,2025-01-31 11:00:00,10371.661347547495,12103.772811759012,10302.177402846557
forecast_0732,2025-01-31 12:00:00,9846.635036436111,10675.261572669997,9139.929906290128
forecast_0733,2025-01-31 13:00:00,8760.090434389085,8589.541679457456,6427.81981900613
forecast_0734,2025-01-31 14:00:00,6616.233724038868,6538.184444844788,4364.631008773891
forecast_0735,2025-01-31 15:00:00,5285.915639618221,5666.609306182458,4313.00282503432
forecast_0736,2025-01-31 16:00:00,4684.280638893171,5018.662854124259,4169.998998956824
forecast_0737,2025-01-31 17:00:00,4684.280638893171,5018.662854124259,4169.998998956824
forecast_0738,2025-01-31 18:00:00,5330.701509149281,6077.926298952333,4795.294464991286
forecast_0739,2025-01-31 19:00:00,5572.123210152275,7434.500630898651,5382.510948919919
forecast_0740,2025-01-31 20:00:00,5892.206153111897,7598.455804655646,5437.171782781343
forecast_0741,2025-01-31 21:00:00,5597.722327326832,7434.500630898651,5437.171782781343
forecast_0742,2025-01-31 22:00:00,5614.511111400729,7289.925485286978,5301.210225769905
forecast_0743,2025-01-31 23:00:00,5597.722327326832,6735.257696250619,4888.504159226775
forecast_0744,2025-02-01 00:00:00,5394.651097308037,6335.280444140335,4609.687806466575
forecast_0745,2025-02-01 01:00:00,5372.242125674642,6650.154957391781,3818.133187085357
forecast_0746,2025-02-01 02:00:00,5233.266502815186,6366.027929674402,3886.295776017457
forecast_0747,2025-02-01 03:00:00,5200.519872854941,6142.585592444001,3541.843001405344
forecast_0748,2025-02-01 04:00:00,4562.313621027632,4935.076901472459,3395.677282539633
forecast_0749,2025-02-01 05:00:00,3958.274944760946,3899.7526382769947,2747.2392325142664
forecast_0750,2025-02-01 06:00:00,3256.6413001654378,3292.018898890978,2503.184456782679
forecast_0751,2025-02-01 07:00:00,3215.8626985831206,3276.682091454887,2462.256692366917
forecast_0752,2025-02-01 08:00:00,2931.2316693738967,3069.0245001023914,2455.228457900881
forecast_0753,2025-02-01 09:00:00,2825.532218321644,2900.0666870647296,2364.659215090805
forecast_0754,2025-02-01 10:00:00,2796.71775546612,2900.0666870647296,2297.9628918135886
forecast_0755,2025-02-01 11:00:00,2778.9635560782035,2866.504578514544,2282.071678585452
forecast_0756,2025-02-01 12:00:00,2796.71775546612,2764.402642024503,2282.071678585452
forecast_0757,2025-02-01 13:00:00,2778.9635560782035,2764.402642024503,2301.579658901781
forecast_0758,2025-02-01 14:00:00,2738.707742513232,2726.294316950029,2327.0403506222146
forecast_0759,2025-02-01 15:00:00,2738.707742513232,2683.51816382781,2360.4523193470654
forecast_0760,2025-02-01 16:00:00,2729.4449469874867,2682.1414315812544,2360.4523193470654
forecast_0761,2025-02-01 17:00:00,2675.8602827768473,2660.046024069002,2360.4523193470654
forecast_0762,2025-02-01 18:00:00,2652.1973751983837,2660.046024069002,2397.619179382884
forecast_0763,2025-02-01 19:00:00,2652.1973751983837,2744.6675384584805,2413.908892980635
forecast_0764,2025-02-01 20:00:00,2774.1213995545777,2943.376288953675,2580.6348976335894
forecast_0765,2025-02-01 21:00:00,2819.9615432191536,3056.3468356544395,2606.299189989236
forecast_0766,2025-02-01 22:00:00,3316.1012006006713,3274.205289381676,3072.404749227805
forecast_0767,2025-02-01 23:00:00,3316.1012006006713,3286.190770721223,3072.404749227805
forecast_0768,2025-02-02 00:00:00,3262.459506032734,3280.1980300514497,2996.6652165408746
forecast_0769,2025-02-02 01:00:00,3159.1417311687565,3053.9721624273716,2577.812469719921
forecast_0770,2025-02-02 02:00:00,3097.799368814557,2925.5824363139113,2473.1112328153577
forecast_0771,2025-02-02 03:00:00,2870.8551015975195,2916.3207528047105,2467.377595780549
forecast_0772,2025-02-02 04:00:00,2788.881484774572,2878.572186153383,2424.151084792953
forecast_0773,2025-02-02 05:00:00,2788.881484774572,2916.3207528047105,2424.151084792953
forecast_0774,2025-02-02 06:00:00,2811.1131967399942,2981.87414184892,2544.1966608368843
forecast_0775,2025-02-02 07:00:00,3042.265906599389,3047.909296364479,2767.4850965615656
forecast_0776,2025-02-02 08:00:00,3246.5079420431257,3047.909296364479,2782.2263705298938
forecast_0777,2025-02-02 09:00:00,3367.6903694153407,3050.660558723769,2782.2263705298938
forecast_0778,2025-02-02 10:00:00,3440.8560014092923,3050.660558723769,2587.066990601038
forecast_0779,2025-02-02 11:00:00,3440.8560014092923,2974.2430126330314,2587.066990601038
forecast_0780,2025-02-02 12:00:00,3440.8560014092923,2771.2273599556293,2566.696996647484
forecast_0781,2025-02-02 13:00:00,3358.676541085178,2868.6927923728963,2359.6591387250614
forecast_0782,2025-02-02 14:00:00,3562.6998183337346,2868.6927923728963,2314.227082942466
forecast_0783,2025-02-02 15:00:00,3615.269517747044,3338.113464498493,2300.7892573332047
forecast_0784,2025-02-02 16:00:00,3693.2977206300748,3479.656543233147,2314.227082942466
forecast_0785,2025-02-02 17:00:00,4013.415388255288,3484.5299602487685,2721.058192968072
forecast_0786,2025-02-02 18:00:00,4678.720690248717,4090.095857960605,3149.394749119862
forecast_0787,2025-02-02 19:00:00,5673.74167589159,6575.91268777113,4709.165320166593
forecast_0788,2025-02-02 20:00:00,8219.538370385426,8100.981972526481,6771.031659325208
forecast_0789,2025-02-02 21:00:00,10076.023710963684,10635.829568829857,8260.097657963139
forecast_0790,2025-02-02 22:00:00,11838.142011444168,12201.350234977665,10484.436398046088
forecast_0791,2025-02-02 23:00:00,13037.709021936684,13342.698377447985,12221.975772195152
forecast_0792,2025-02-03 00:00:00,13344.636022876957,13599.204838472451,12330.6284605851
forecast_0793,2025-02-03 01:00:00,16612.908817306543,17630.477291163777,16181.037686283385
forecast_0794,2025-02-03 02:00:00,16399.786241298705,17505.47067292204,16175.302121825478
forecast_0795,2025-02-03 03:00:00,15890.30644694201,16098.600609813579,15507.40509639222
forecast_0796,2025-02-03 04:00:00,15466.198507612007,15943.967734323824,15411.061461736372
forecast_0797,2025-02-03 05:00:00,14570.814097947714,15927.731258528362,14897.916519854665
forecast_0798,2025-02-03 06:00:00,14419.624977563475,15412.608656415698,14555.493293455322
forecast_0799,2025-02-03 07:00:00,14419.624977563475,15412.608656415698,14223.767620971339
forecast_0800,2025-02-03 08:00:00,14419.624977563475,15506.52907038772,14122.227037704366
forecast_0801,2025-02-03 09:00:00,14287.584854459801,15506.52907038772,13642.389261088805
forecast_0802,2025-02-03 10:00:00,14169.956484973494,15185.721746226676,12694.268154851954
forecast_0803,2025-02-03 11:00:00,14169.956484973494,14907.287837162721,12615.681671954278
forecast_0804,2025-02-03 12:00:00,14169.956484973494,14249.576297908317,11781.642835784685
forecast_0805,2025-02-03 13:00:00,14259.775151331996,13986.439415266359,11764.0318062834
forecast_0806,2025-02-03 14:00:00,14259.775151331996,13699.618692039958,11731.512434788308
forecast_0807,2025-02-03 15:00:00,14273.724913857077,13571.58987182193,11724.178569479602
forecast_0808,2025-02-03 16:00:00,14359.027594769437,13571.58987182193,11724.178569479602
forecast_0809,2025-02-03 17:00:00,14419.0527372384,13922.420560762615,12438.159805418232
forecast_0810,2025-02-03 18:00:00,14513.314689353163,14155.761032377966,13192.479313093896
forecast_0811,2025-02-03 19:00:00,14876.069150616477,14818.603983017945,13546.762475632102
forecast_0812,2025-02-03 20:00:00,15042.60533152914,14895.906845988642,13818.886446094451
forecast_0813,2025-02-03 21:00:00,15042.60533152914,14895.906845988642,13897.427517259846
forecast_0814,2025-02-03 22:00:00,15058.493222819772,14792.706188149848,13897.427517259846
forecast_0815,2025-02-03 23:00:00,15065.806653587502,14625.485383618821,13991.060204415204
forecast_0816,2025-02-04 00:00:00,15093.614483064466,14709.095785884336,14015.230941312297
forecast_0817,2025-02-04 01:00:00,15052.482042982285,14855.361184349196,13429.993569006438
forecast_0818,2025-02-04 02:00:00,15032.180324109,15192.942343669356,13590.264310046367
forecast_0819,2025-02-04 03:00:00,14893.749264782464,15192.942343669356,13750.71138911397
forecast_0820,2025-02-04 04:00:00,14893.749264782464,15417.73148984981,13762.38274812976
forecast_0821,2025-02-04 05:00:00,15155.398592637855,15585.016234596778,13762.38274812976
forecast_0822,2025-02-04 06:00:00,15551.878547439706,16653.83039214099,14709.888497295697
forecast_0823,2025-02-04 07:00:00,15551.878547439706,16653.83039214099,14709.888497295697
forecast_0824,2025-02-04 08:00:00,15219.450043001436,15846.683315463135,14360.935847460936
forecast_0825,2025-02-04 09:00:00,14682.2121670325,14126.593271496322,13212.21244058436
forecast_0826,2025-02-04 10:00:00,14682.2121670325,14126.593271496322,13212.21244058436
forecast_0827,2025-02-04 11:00:00,14787.051632333303,14579.601994466391,13815.903549042614
forecast_0828,2025-02-04 12:00:00,14787.051632333303,14579.601994466391,13815.903549042614
forecast_0829,2025-02-04 13:00:00,14387.727963367255,13835.206686969115,12879.658612071458
forecast_0830,2025-02-04 14:00:00,14115.646230677772,13320.286469262302,11910.625743417031
forecast_0831,2025-02-04 15:00:00,14115.646230677772,13320.286469262302,11910.625743417031
forecast_0832,2025-02-04 16:00:00,14677.443905336733,14161.188202084337,12629.821641184648
forecast_0833,2025-02-04 17:00:00,14677.443905336733,14789.966279047647,13550.011444197062
forecast_0834,2025-02-04 18:00:00,14618.59294708246,14825.248022737625,13668.787676263257
forecast_0835,2025-02-04 19:00:00,14575.617476540478,15239.197918491805,14028.329446608404
forecast_0836,2025-02-04 20:00:00,14600.48272194413,15553.109169614234,14292.733718907073
forecast_0837,2025-02-04 21:00:00,14600.48272194413,15867.844038237698,14598.001125830178
forecast_0838,2025-02-04 22:00:00,14725.266452523118,15867.844038237698,14598.001125830178
forecast_0839,2025-02-04 23:00:00,14853.062568960082,15197.302149781046,14423.166489839143
forecast_0840,2025-02-05 00:00:00,14789.1645107416,15125.393480829312,14189.824398772118
forecast_0841,2025-02-05 01:00:00,14886.975269140341,15474.260450182159,14483.45948805532
forecast_0842,2025-02-05 02:00:00,14895.536838143391,15796.198499225491,14689.540684613317
forecast_0843,2025-02-05 03:00:00,14805.911592529306,15852.181857748927,14689.540684613317
forecast_0844,2025-02-05 04:00:00,14517.374548664191,16652.560114185333,14629.204612876583
forecast_0845,2025-02-05 05:00:00,13795.891819894314,16652.560114185333,14103.003516456205
forecast_0846,2025-02-05 06:00:00,13576.816472077631,16106.527818345901,13779.04232978269
forecast_0847,2025-02-05 07:00:00,13323.010548497032,15770.805309190147,13639.488701932412
forecast_0848,2025-02-05 08:00:00,13323.010548497032,15612.536163160252,13286.251764337014
forecast_0849,2025-02-05 09:00:00,13781.638504682123,15467.521484512461,12836.098292989536
forecast_0850,2025-02-05 10:00:00,13781.638504682123,15312.18571351682,12383.70218791971
forecast_0851,2025-02-05 11:00:00,13699.194942397444,15079.722049972868,12383.70218791971
forecast_0852,2025-02-05 12:00:00,13699.194942397444,15312.18571351682,12447.245578058499
forecast_0853,2025-02-05 13:00:00,13966.89455180463,15233.089096305843,12907.458369104754
forecast_0854,2025-02-05 14:00:00,14168.719056978374,15233.089096305843,12982.629585085991
forecast_0855,2025-02-05 15:00:00,14241.709006151106,15075.025215594074,12992.21500644022
forecast_0856,2025-02-05 16:00:00,14277.952402116829,15073.869056893396,12992.21500644022
forecast_0857,2025-02-05 17:00:00,14350.564872455168,13845.995697054712,12736.657988811265
forecast_0858,2025-02-05 18:00:00,14350.564872455168,13502.379109047251,12736.657988811265
forecast_0859,2025-02-05 19:00:00,14337.935048296375,13502.379109047251,12818.739745857063
forecast_0860,2025-02-05 20:00:00,14315.149812990692,14045.10462196342,12942.011984826615
forecast_0861,2025-02-05 21:00:00,14315.149812990692,14656.922312166827,13410.035841759109
forecast_0862,2025-02-05 22:00:00,14610.225249466002,14699.868451389568,13797.099920986695
forecast_0863,2025-02-05 23:00:00,14610.225249466002,14976.12635007002,13934.634825611942
forecast_0864,2025-02-06 00:00:00,14462.603718742677,14892.021270719957,13982.507736325573
forecast_0865,2025-02-06 01:00:00,15470.463476240217,15812.81331093342,14414.777537898848
forecast_0866,2025-02-06 02:00:00,15639.269175419811,15817.272700072202,14422.044225314155
forecast_0867,2025-02-06 03:00:00,15740.2377352532,16208.529293516516,14553.14420537233
forecast_0868,2025-02-06 04:00:00,15987.195076969412,16922.62526684002,15402.164187817983
forecast_0869,2025-02-06 05:00:00,15987.195076969412,16922.62526684002,15402.164187817983
forecast_0870,2025-02-06 06:00:00,15318.638294289229,16557.731841718934,14652.346905098826
forecast_0871,2025-02-06 07:00:00,15083.804464843677,15266.139313153897,13908.922500546823
forecast_0872,2025-02-06 08:00:00,14663.694292756514,15222.097921299646,13446.50994103771
forecast_0873,2025-02-06 09:00:00,13645.469822273986,15216.869807483343,12804.506467110643
forecast_0874,2025-02-06 10:00:00,13107.166619125273,13677.198768603306,11320.797511733146
forecast_0875,2025-02-06 11:00:00,13107.166619125273,12302.018209523896,10584.534151101892
forecast_0876,2025-02-06 12:00:00,13334.328938790244,12302.018209523896,10584.534151101892
forecast_0877,2025-02-06 13:00:00,13375.699503649274,12338.625974287846,11218.91588660012
forecast_0878,2025-02-06 14:00:00,13375.699503649274,12638.199025803893,11759.717625959825
forecast_0879,2025-02-06 15:00:00,13198.334449895925,12638.199025803893,12057.990385973017
forecast_0880,2025-02-06 16:00:00,13198.334449895925,13184.652657761288,12208.021055041629
forecast_0881,2025-02-06 17:00:00,13216.701390334201,13232.206239678877,12441.057149139655
forecast_0882,2025-02-06 18:00:00,13426.38912741851,13786.801436562924,12926.189220329343
forecast_0883,2025-02-06 19:00:00,13419.144014457426,13915.439700020032,12926.189220329343
forecast_0884,2025-02-06 20:00:00,13426.38912741851,13931.858740840069,13346.929165181957
forecast_0885,2025-02-06 21:00:00,13587.342909097386,13915.439700020032,13346.929165181957
forecast_0886,2025-02-06 22:00:00,13682.86226531075,13743.413392592385,12131.68219470025
forecast_0887,2025-02-06 23:00:00,13587.342909097386,13074.420022896042,12013.699826665044
forecast_0888,2025-02-07 00:00:00,13586.738047745614,12736.193700374475,11589.149027132135
forecast_0889,2025-02-07 01:00:00,7634.493184996112,9055.975537700595,6742.565337982127
forecast_0890,2025-02-07 02:00:00,7722.034503827781,8905.396350703697,6484.72041102769
forecast_0891,2025-02-07 03:00:00,7722.034503827781,8783.090860268401,6202.540655389351
forecast_0892,2025-02-07 04:00:00,7722.034503827781,8783.090860268401,6202.540655389351
forecast_0893,2025-02-07 05:00:00,7181.004041459503,8783.090860268401,6202.540655389351
forecast_0894,2025-02-07 06:00:00,6952.6042787170645,8497.774987950523,5445.773746615159
forecast_0895,2025-02-07 07:00:00,5898.79101853168,7667.0226064693325,5049.17794843543
forecast_0896,2025-02-07 08:00:00,5898.79101853168,7667.0226064693325,5049.17794843543
forecast_0897,2025-02-07 09:00:00,7075.928560874013,8133.90740413389,6288.7792276501805
forecast_0898,2025-02-07 10:00:00,9336.806367716814,10077.217652445539,8174.165714111613
forecast_0899,2025-02-07 11:00:00,11197.985623203916,10688.688412724687,8972.993619655452
forecast_0900,2025-02-07 12:00:00,12414.475618205053,12758.25136677759,10859.186514737987
forecast_0901,2025-02-07 13:00:00,13470.37281516187,13388.752001794515,12243.381675246737
forecast_0902,2025-02-07 14:00:00,13470.37281516187,13388.752001794515,12370.882258782078
forecast_0903,2025-02-07 15:00:00,13465.189224014082,13255.018301843218,12370.882258782078
forecast_0904,2025-02-07 16:00:00,13465.189224014082,13255.018301843218,12304.816049588404
forecast_0905,2025-02-07 17:00:00,13465.189224014082,13236.054072289862,10849.295670221913
forecast_0906,2025-02-07 18:00:00,13371.59251235295,13036.27337164817,10849.295670221913
forecast_0907,2025-02-07 19:00:00,13371.59251235295,13036.27337164817,11279.70545431427
forecast_0908,2025-02-07 20:00:00,13843.002624584831,14323.080469841083,12702.928691770863
forecast_0909,2025-02-07 21:00:00,14221.519773357344,14538.42726545304,13066.848667066475
forecast_0910,2025-02-07 22:00:00,14371.496069952667,15776.21924433672,13481.089262766447
forecast_0911,2025-02-07 23:00:00,15126.25266173382,16810.402356959832,14631.245463102114
forecast_0912,2025-02-08 00:00:00,15735.608806486478,17222.88690900011,15000.323824107589
forecast_0913,2025-02-08 01:00:00,16626.414240206093,17720.31702713536,15502.737463246765
forecast_0914,2025-02-08 02:00:00,17707.77264149457,18324.545819963845,16330.782543741221
forecast_0915,2025-02-08 03:00:00,17707.77264149457,18324.545819963845,16624.282017470632
forecast_0916,2025-02-08 04:00:00,17819.30715352178,18324.545819963845,16837.48944917886
forecast_0917,2025-02-08 05:00:00,17808.410373544095,18430.595337427,16624.282017470632
forecast_0918,2025-02-08 06:00:00,17808.410373544095,18430.595337427,16270.209984589612
forecast_0919,2025-02-08 07:00:00,17299.96704133591,17897.69187189006,15104.118904765312
forecast_0920,2025-02-08 08:00:00,16891.969609991145,17654.023374009725,14882.040517795753
forecast_0921,2025-02-08 09:00:00,16002.930169322382,16187.790240531376,13260.56640644127
forecast_0922,2025-02-08 10:00:00,13762.82515740315,13096.604002952252,10825.824875520939
forecast_0923,2025-02-08 11:00:00,9888.244317634193,8500.866299582498,6552.532891357288
forecast_0924,2025-02-08 12:00:00,7870.620494504513,7407.967582403001,5956.8777201950215
forecast_0925,2025-02-08 13:00:00,6892.654245716121,5987.958577861468,4972.98594542068
forecast_0926,2025-02-08 14:00:00,5129.7702415049525,4581.845775152865,3808.065204306554
forecast_0927,2025-02-08 15:00:00,4802.834108051988,4459.575559713429,3443.183218896816
forecast_0928,2025-02-08 16:00:00,4802.834108051988,4459.575559713429,3443.183218896816
forecast_0929,2025-02-08 17:00:00,5321.590995743167,4861.659413896925,3909.680421061815
forecast_0930,2025-02-08 18:00:00,6477.096852239829,5477.432896752581,4232.909566227797
forecast_0931,2025-02-08 19:00:00,8509.045591689597,7126.494415810805,5980.963781536692
forecast_0932,2025-02-08 20:00:00,10432.135083571024,8696.884048956323,8026.324271124451
forecast_0933,2025-02-08 21:00:00,12872.024955476267,10648.383184889222,9787.314267585505
forecast_0934,2025-02-08 22:00:00,14759.229204337451,13675.303258222051,12779.27977009947
forecast_0935,2025-02-08 23:00:00,17174.42752556153,16853.77320500052,14987.6865895407
forecast_0936,2025-02-09 00:00:00,17518.627503519332,17037.53864780187,15284.444396077914
forecast_0937,2025-02-09 01:00:00,17610.36397201193,16559.63232275013,15206.241504912272
forecast_0938,2025-02-09 02:00:00,18380.65415429232,17011.888628499106,15621.802029108041
forecast_0939,2025-02-09 03:00:00,18380.65415429232,17022.470019029774,15735.31734683981
forecast_0940,2025-02-09 04:00:00,18411.923363655264,17652.93054718618,16019.406225400537
forecast_0941,2025-02-09 05:00:00,18879.83627453681,18209.806224365195,16870.778567717083
forecast_0942,2025-02-09 06:00:00,18879.83627453681,18209.806224365195,16870.778567717083
forecast_0943,2025-02-09 07:00:00,18639.917019817913,17929.90212547155,16119.266206934437
forecast_0944,2025-02-09 08:00:00,18539.52678049489,17843.949044932808,15120.625840486307
forecast_0945,2025-02-09 09:00:00,18348.84991591541,16807.439556776957,13578.221886448304
forecast_0946,2025-02-09 10:00:00,16059.715248188664,15735.080984354228,12110.124758435568
forecast_0947,2025-02-09 11:00:00,13179.027060576129,13159.196976259682,9988.442013733777
forecast_0948,2025-02-09 12:00:00,10474.211805640414,11706.398285817657,9368.079379627034
forecast_0949,2025-02-09 13:00:00,9580.184878025102,10562.577458054951,8336.091784061242
forecast_0950,2025-02-09 14:00:00,9215.697843379277,9832.526158363211,8336.091784061242
forecast_0951,2025-02-09 15:00:00,9215.697843379277,9832.526158363211,8433.840741517506
forecast_0952,2025-02-09 16:00:00,11004.922172736442,9980.93843737166,9011.41603347599
forecast_0953,2025-02-09 17:00:00,13362.541854261624,12817.666757654704,11400.978425656054
forecast_0954,2025-02-09 18:00:00,14693.869300487433,14815.494260975669,12892.692762746467
forecast_0955,2025-02-09 19:00:00,15343.240914603739,15341.141586401038,12984.281837803137
forecast_0956,2025-02-09 20:00:00,15343.240914603739,15369.770388876317,13190.31280220164
forecast_0957,2025-02-09 21:00:00,15519.204493880956,15873.933539235071,13755.99094150733
forecast_0958,2025-02-09 22:00:00,15630.17733681365,17165.272686374992,14560.322148573114
forecast_0959,2025-02-09 23:00:00,16770.424556337217,18375.467877076426,16182.378466510077
forecast_0960,2025-02-10 00:00:00,17145.132144157375,18417.308937275462,16299.331076560065
forecast_0961,2025-02-10 01:00:00,17664.453411851813,18729.213296886177,16223.743406007361
forecast_0962,2025-02-10 02:00:00,17709.495955437826,18832.853373611386,16248.357894539527
forecast_0963,2025-02-10 03:00:00,17719.385988096554,18836.532604085325,16400.94242068944
forecast_0964,2025-02-10 04:00:00,18293.67852341712,19589.39734236751,17489.286722890123
forecast_0965,2025-02-10 05:00:00,18966.43101709973,19589.39734236751,18083.376915168403
forecast_0966,2025-02-10 06:00:00,19330.946387436106,19683.660589642885,18220.360791620096
forecast_0967,2025-02-10 07:00:00,18966.43101709973,19545.46292184439,18083.376915168403
forecast_0968,2025-02-10 08:00:00,18108.523184797756,19359.964185476914,17316.926075814503
forecast_0969,2025-02-10 09:00:00,16855.427616583744,18729.409172758362,16261.189166326896
forecast_0970,2025-02-10 10:00:00,15715.380827559895,16844.76093020184,14471.82378322978
forecast_0971,2025-02-10 11:00:00,14375.925878073662,14682.524573613638,13014.419975020206
forecast_0972,2025-02-10 12:00:00,13557.765886793271,13653.965983751918,11932.680938099456
forecast_0973,2025-02-10 13:00:00,12423.987560927822,11170.519399997476,10251.34776946421
forecast_0974,2025-02-10 14:00:00,12174.292515304967,11170.519399997476,10053.745772409364
forecast_0975,2025-02-10 15:00:00,12091.698885125896,11084.475329443527,9735.8707573485
forecast_0976,2025-02-10 16:00:00,11549.382748239057,10307.574409455316,9197.97925748141
forecast_0977,2025-02-10 17:00:00,11549.382748239057,10307.574409455316,9197.97925748141
forecast_0978,2025-02-10 18:00:00,11807.17558021441,11092.08293997503,9387.697313554509
forecast_0979,2025-02-10 19:00:00,11807.17558021441,11092.08293997503,9387.697313554509
forecast_0980,2025-02-10 20:00:00,11319.321365698741,10637.708721399149,8898.823241659386
forecast_0981,2025-02-10 21:00:00,11097.123337438881,10637.708721399149,8898.823241659386
forecast_0982,2025-02-10 22:00:00,10513.590119276498,11315.177355947337,9038.939459044352
forecast_0983,2025-02-10 23:00:00,10513.590119276498,12165.67010495702,9519.774102629846
forecast_0984,2025-02-11 00:00:00,10236.298011280653,12333.226275089433,9645.593587051648
forecast_0985,2025-02-11 01:00:00,9993.205692818872,11191.506502162269,8399.91094901584
forecast_0986,2025-02-11 02:00:00,10009.25949026158,11221.980933503757,8614.678229795452
forecast_0987,2025-02-11 03:00:00,10604.809296783302,11647.350585414255,8648.317512998823
forecast_0988,2025-02-11 04:00:00,10604.809296783302,11647.350585414255,8648.317512998823
forecast_0989,2025-02-11 05:00:00,9836.918919126485,11089.454919909733,7810.413865145032
forecast_0990,2025-02-11 06:00:00,8576.580597549178,9917.580529565612,6774.277820433499
forecast_0991,2025-02-11 07:00:00,8227.872963231326,9124.486184902973,6589.545188851499
forecast_0992,2025-02-11 08:00:00,8227.872963231326,9052.409020428631,6325.269885321735
forecast_0993,2025-02-11 09:00:00,8067.777914971317,8227.435664168072,5474.9555882899895
forecast_0994,2025-02-11 10:00:00,6169.511541107435,4836.774285496414,3399.5609215191785
forecast_0995,2025-02-11 11:00:00,4512.877912369051,3818.829824968931,3161.8027934465217
forecast_0996,2025-02-11 12:00:00,4499.6777713411575,3818.1596301700147,3070.1035591853356
forecast_0997,2025-02-11 13:00:00,3932.7725400339405,3818.1596301700147,2956.9390207746656
forecast_0998,2025-02-11 14:00:00,3800.6001622335316,3575.8478457340425,2798.208901042835
forecast_0999,2025-02-11 15:00:00,3800.6001622335316,3198.6311112571193,2481.4491219641445
forecast_1000,2025-02-11 16:00:00,4067.4627177745583,3198.6311112571193,2481.4491219641445
forecast_1001,2025-02-11 17:00:00,4073.190344210207,3837.1040815556435,2635.3623716169122
forecast_1002,2025-02-11 18:00:00,4839.804111595328,4579.145190358259,3194.3472083074585
forecast_1003,2025-02-11 19:00:00,7771.135084427292,7328.344935024065,5807.850151723717
forecast_1004,2025-02-11 20:00:00,9462.183211678335,9780.918748090287,7139.090235876824
forecast_1005,2025-02-11 21:00:00,10280.152599077455,10237.963423424026,7229.009911470903
forecast_1006,2025-02-11 22:00:00,11167.90854653053,11854.753741801711,9362.706515130543
forecast_1007,2025-02-11 23:00:00,14859.111914308596,15223.465097579825,13742.333467369297
forecast_1008,2025-02-12 00:00:00,15944.011280682284,16311.396904395255,14558.126132194222
forecast_1009,2025-02-12 01:00:00,13439.465099114777,13998.33706442429,11333.106634350781
forecast_1010,2025-02-12 02:00:00,13899.377382988157,14561.151481426688,11901.509014921288
forecast_1011,2025-02-12 03:00:00,14649.791058897466,16371.326674048969,13106.128554675008
forecast_1012,2025-02-12 04:00:00,14649.791058897466,16371.326674048969,13106.128554675008
forecast_1013,2025-02-12 05:00:00,13962.472181039935,15197.47422751027,12205.524790115951
forecast_1014,2025-02-12 06:00:00,11651.013982369397,12434.287703065404,10114.7630805839
forecast_1015,2025-02-12 07:00:00,8860.995515309844,10423.76783256627,7323.468710075797
forecast_1016,2025-02-12 08:00:00,7473.70792751376,10423.76783256627,7208.728618704253
forecast_1017,2025-02-12 09:00:00,7454.54148714676,10190.173974669766,7094.538318731547
forecast_1018,2025-02-12 10:00:00,7473.70792751376,10466.146579698916,7208.728618704253
forecast_1019,2025-02-12 11:00:00,8586.556224257673,11606.627750967848,8818.457634032227
forecast_1020,2025-02-12 12:00:00,10804.936887680693,13488.850661399501,10727.448775424564
forecast_1021,2025-02-12 13:00:00,11753.661864004818,14454.567602719088,12373.765771129047
forecast_1022,2025-02-12 14:00:00,13051.275791375752,14678.704773018078,13231.699735039714
forecast_1023,2025-02-12 15:00:00,14489.245481537782,15198.736722931772,14467.551340635498
forecast_1024,2025-02-12 16:00:00,15693.503388411735,16569.583956877734,16011.84962597307
forecast_1025,2025-02-12 17:00:00,16438.507650789867,16649.616020962294,16365.27393340608
forecast_1026,2025-02-12 18:00:00,16864.51414386622,17489.178860443128,16822.261772536272
forecast_1027,2025-02-12 19:00:00,16864.51414386622,17489.178860443128,16822.261772536272
forecast_1028,2025-02-12 20:00:00,16391.773533932086,16867.018901935186,15394.589478884818
forecast_1029,2025-02-12 21:00:00,15443.835493722087,15982.201621786638,14591.545515112162
forecast_1030,2025-02-12 22:00:00,15342.699757651164,15977.322396031575,14389.379151594383
forecast_1031,2025-02-12 23:00:00,15139.51170726092,15753.17709863022,14019.093982738437
forecast_1032,2025-02-13 00:00:00,14857.11369778023,15567.981631692714,13947.519516439443
forecast_1033,2025-02-13 01:00:00,13412.601247395813,13287.933739324864,11387.822737806066
forecast_1034,2025-02-13 02:00:00,13516.998542731579,13367.529340472314,11452.812571703094
forecast_1035,2025-02-13 03:00:00,13644.337910506894,13388.161623884453,11452.812571703094
forecast_1036,2025-02-13 04:00:00,13644.337910506894,13768.664908980709,11549.854342299184
forecast_1037,2025-02-13 05:00:00,13644.337910506894,13884.582471113437,12203.936985123015
forecast_1038,2025-02-13 06:00:00,14440.390897125495,15500.630087772883,13741.953256469293
forecast_1039,2025-02-13 07:00:00,16189.34290979923,16932.472398208156,14944.777608783805
forecast_1040,2025-02-13 08:00:00,17039.588615192348,18093.184523469794,16460.466942087744
forecast_1041,2025-02-13 09:00:00,17039.588615192348,18093.184523469794,16460.466942087744
forecast_1042,2025-02-13 10:00:00,14845.444038950314,16862.994323347117,14482.803139115003
forecast_1043,2025-02-13 11:00:00,14024.921402450564,14800.561046957697,12895.493200143112
forecast_1044,2025-02-13 12:00:00,14024.921402450564,14061.033177891735,12258.90414362832
forecast_1045,2025-02-13 13:00:00,14085.045273570035,14061.033177891735,12258.90414362832
forecast_1046,2025-02-13 14:00:00,15109.363317715932,15603.303380372934,13548.68827691575
forecast_1047,2025-02-13 15:00:00,15335.930648530693,15650.209745409089,13758.41204216248
forecast_1048,2025-02-13 16:00:00,15412.641291524804,15911.768589724665,14227.214009581352
forecast_1049,2025-02-13 17:00:00,15850.261956432543,16889.864053807323,15081.410317665746
forecast_1050,2025-02-13 18:00:00,17466.97726489175,18357.7721474745,17093.243323137438
forecast_1051,2025-02-13 19:00:00,17727.115704012947,18854.82721358013,17094.669637551346
forecast_1052,2025-02-13 20:00:00,17763.6742587268,19059.53826628546,17545.899452226477
forecast_1053,2025-02-13 21:00:00,18311.8936305334,19278.473447505658,18465.801596512803
forecast_1054,2025-02-13 22:00:00,18777.766590782183,19364.27974992783,18485.45775797459
forecast_1055,2025-02-13 23:00:00,18823.004355417077,19364.27974992783,18485.45775797459
forecast_1056,2025-02-14 00:00:00,18849.66421470511,19385.475476908796,18415.471864463085
forecast_1057,2025-02-14 01:00:00,19110.646900952102,19761.794544297765,17944.520957151042
forecast_1058,2025-02-14 02:00:00,19030.167093305015,19723.803300911757,18053.320669589004
forecast_1059,2025-02-14 03:00:00,19030.167093305015,19795.188376915154,17863.74476629153
forecast_1060,2025-02-14 04:00:00,18731.24876518134,19670.248783304716,18008.50835821223
forecast_1061,2025-02-14 05:00:00,18731.24876518134,19795.188376915154,18008.50835821223
forecast_1062,2025-02-14 06:00:00,18786.91658417827,19877.36446985431,18181.678555942373
forecast_1063,2025-02-14 07:00:00,18875.309933325345,19877.36446985431,18181.678555942373
forecast_1064,2025-02-14 08:00:00,18875.309933325345,19172.425706801016,17001.570567855706
forecast_1065,2025-02-14 09:00:00,17673.590080837974,18316.383242659627,15421.675726861253
forecast_1066,2025-02-14 10:00:00,13602.634054459724,14411.589764103754,12123.848386740845
forecast_1067,2025-02-14 11:00:00,11722.855007592623,12596.822349363716,9897.11429457461
forecast_1068,2025-02-14 12:00:00,10329.547964184296,11024.971785037429,8564.219163003694
forecast_1069,2025-02-14 13:00:00,8803.758796379083,9434.456412983422,7625.889933471973
forecast_1070,2025-02-14 14:00:00,8683.53561977758,8754.843762589526,7115.372575783619
forecast_1071,2025-02-14 15:00:00,8683.53561977758,8754.843762589526,7115.372575783619
forecast_1072,2025-02-14 16:00:00,9885.526340862427,9423.703325007873,7637.7464595849915
forecast_1073,2025-02-14 17:00:00,10474.785542762655,11766.107687797026,9607.830080556127
forecast_1074,2025-02-14 18:00:00,12130.672263008757,12976.280980325024,10720.12065050527
forecast_1075,2025-02-14 19:00:00,13763.59362275345,14908.115513909861,12003.503792410065
forecast_1076,2025-02-14 20:00:00,16524.547840254498,16622.820055504675,13630.092685772694
forecast_1077,2025-02-14 21:00:00,16889.10537541897,18065.508038304204,14575.723753193573
forecast_1078,2025-02-14 22:00:00,17834.7402980003,18065.508038304204,15483.165906823788
forecast_1079,2025-02-14 23:00:00,17984.160546299732,18130.159401204706,15515.71210528276
forecast_1080,2025-02-15 00:00:00,18361.12583793143,18083.44610528148,15666.32512229602
forecast_1081,2025-02-15 01:00:00,17789.490143658713,16912.997762663945,14203.475855334029
forecast_1082,2025-02-15 02:00:00,17805.88243262008,16960.96893222967,14285.666511983834
forecast_1083,2025-02-15 03:00:00,18144.119311516806,16948.107136865987,14285.666511983834
forecast_1084,2025-02-15 04:00:00,18216.198053888853,16948.107136865987,13604.09668176334
forecast_1085,2025-02-15 05:00:00,18216.198053888853,16792.616987160625,13501.165076659692
forecast_1086,2025-02-15 06:00:00,18002.881066114693,16194.612396116418,13065.667203129602
forecast_1087,2025-02-15 07:00:00,16649.566239720796,13992.24330636448,11219.446287107048
forecast_1088,2025-02-15 08:00:00,14053.74082586922,13032.85573068688,9455.966578410098
forecast_1089,2025-02-15 09:00:00,12988.002416193447,12995.403016647751,9200.084889046222
forecast_1090,2025-02-15 10:00:00,11568.08677055711,10914.523540424423,8245.787424095388
forecast_1091,2025-02-15 11:00:00,10636.947691042209,10914.523540424423,8245.787424095388
forecast_1092,2025-02-15 12:00:00,10183.725942866444,9980.817454065653,7919.258529599698
forecast_1093,2025-02-15 13:00:00,10183.725942866444,11340.88396932255,8694.259476503104
forecast_1094,2025-02-15 14:00:00,11948.7521259485,12221.306233895495,10483.647807287207
forecast_1095,2025-02-15 15:00:00,13649.97783975332,13473.01207351102,11835.377362609895
forecast_1096,2025-02-15 16:00:00,13741.802375669999,13563.960816891555,11952.506102395462
forecast_1097,2025-02-15 17:00:00,14475.794434646301,14168.255084563027,12675.582659068663
forecast_1098,2025-02-15 18:00:00,15749.196908740743,15814.066029701638,14296.550784510215
forecast_1099,2025-02-15 19:00:00,17986.15988109377,17006.229325893662,16259.120842719092
forecast_1100,2025-02-15 20:00:00,18866.838289951575,18428.59108556188,17490.150033315975
forecast_1101,2025-02-15 21:00:00,18866.838289951575,18428.59108556188,17490.150033315975
forecast_1102,2025-02-15 22:00:00,18126.008655968508,18450.475667735758,17068.78334643421
forecast_1103,2025-02-15 23:00:00,18126.008655968508,18450.475667735758,17068.78334643421
forecast_1104,2025-02-16 00:00:00,18257.94411685085,18780.36730647017,17451.305244618703
forecast_1105,2025-02-16 01:00:00,19147.485136340445,19097.606584939604,16973.98373848555
forecast_1106,2025-02-16 02:00:00,19117.976116396174,19058.741806340222,16545.104710569653
forecast_1107,2025-02-16 03:00:00,19071.892320606206,18912.13678956254,16223.594346973225
forecast_1108,2025-02-16 04:00:00,18481.44348115738,18455.642670684807,15567.194403488262
forecast_1109,2025-02-16 05:00:00,17712.12614784592,17958.75767547198,14719.61718248657
forecast_1110,2025-02-16 06:00:00,17235.862981932096,16836.81743927232,13629.285174254363
forecast_1111,2025-02-16 07:00:00,15337.802042299814,16375.646413747581,12589.470357261713
forecast_1112,2025-02-16 08:00:00,13927.311078425813,14772.21024807496,11150.887861151445
forecast_1113,2025-02-16 09:00:00,13200.908735977631,14681.0784665688,10982.7576408693
forecast_1114,2025-02-16 10:00:00,10206.034718235987,13298.184342865123,9097.004271981923
forecast_1115,2025-02-16 11:00:00,8750.683427383443,10073.263827173938,7082.517037070135
forecast_1116,2025-02-16 12:00:00,8750.683427383443,9500.979754951262,7082.517037070135
forecast_1117,2025-02-16 13:00:00,9666.917725917303,9500.979754951262,7999.399848697582
forecast_1118,2025-02-16 14:00:00,11808.85703573943,11915.62901915901,11088.140797138261
forecast_1119,2025-02-16 15:00:00,13068.829086305781,13724.76958684145,12224.362469629397
forecast_1120,2025-02-16 16:00:00,14710.940333289303,14867.846811363353,13041.062059859058
forecast_1121,2025-02-16 17:00:00,16388.157363356644,16955.650069241263,15710.648697647546
forecast_1122,2025-02-16 18:00:00,16629.785024363096,17257.440073896316,16424.070061179023
forecast_1123,2025-02-16 19:00:00,16651.080667000606,17257.440073896316,16424.070061179023
forecast_1124,2025-02-16 20:00:00,16697.64044721923,17522.71253596542,16424.070061179023
forecast_1125,2025-02-16 21:00:00,16904.879091693983,17858.486166836134,16574.10271706037
forecast_1126,2025-02-16 22:00:00,16904.879091693983,17858.486166836134,16574.10271706037
forecast_1127,2025-02-16 23:00:00,16324.114316873707,16375.39675108712,14985.124814292829
forecast_1128,2025-02-17 00:00:00,15931.543398396421,15745.031040878628,14366.208420186455
forecast_1129,2025-02-17 01:00:00,14047.142014350606,12774.058393660123,11067.803211325463
forecast_1130,2025-02-17 02:00:00,13947.844893652053,13100.27686154336,11148.976660993361
forecast_1131,2025-02-17 03:00:00,13680.020969790454,13100.27686154336,11148.976660993361
forecast_1132,2025-02-17 04:00:00,12711.057497679256,12967.013394669602,10887.98975299808
forecast_1133,2025-02-17 05:00:00,12465.194767706884,11790.911169191144,10115.143561522193
forecast_1134,2025-02-17 06:00:00,12392.245016899094,11768.666775757163,10010.133848998685
forecast_1135,2025-02-17 07:00:00,12392.245016899094,11790.911169191144,9891.869490921172
forecast_1136,2025-02-17 08:00:00,12392.245016899094,11516.7867469246,9713.25931275331
forecast_1137,2025-02-17 09:00:00,12326.874478136331,11444.093887945168,9071.259345188479
forecast_1138,2025-02-17 10:00:00,12326.874478136331,11432.451117593042,9027.348289931635
forecast_1139,2025-02-17 11:00:00,12663.43370970283,11432.451117593042,9071.259345188479
forecast_1140,2025-02-17 12:00:00,13012.975876258855,11954.567464964472,9651.687699709968
forecast_1141,2025-02-17 13:00:00,13012.975876258855,12009.535976214354,9651.687699709968
forecast_1142,2025-02-17 14:00:00,12992.749722921206,12009.535976214354,9577.269215073404
forecast_1143,2025-02-17 15:00:00,12383.714896251488,11264.200883155481,9188.520399991234
forecast_1144,2025-02-17 16:00:00,10579.126028631834,9083.521144408818,7371.287197260263
forecast_1145,2025-02-17 17:00:00,9557.308176936802,8414.033928943803,7055.905259793066
forecast_1146,2025-02-17 18:00:00,9155.078261756073,7326.067336117443,6145.016558439973
forecast_1147,2025-02-17 19:00:00,8169.324010714688,6725.248065363712,5516.0009916920635
forecast_1148,2025-02-17 20:00:00,7984.601662796948,6698.60779747559,4729.170883400218
forecast_1149,2025-02-17 21:00:00,6946.55999677898,6725.248065363712,4729.170883400218
forecast_1150,2025-02-17 22:00:00,6676.160800741161,6947.934933752224,5003.347371747057
forecast_1151,2025-02-17 23:00:00,6676.160800741161,7082.244035749379,5213.4366890383935
forecast_1152,2025-02-18 00:00:00,6704.150694615873,7183.90601620377,5292.553690980382
forecast_1153,2025-02-18 01:00:00,8715.298717319176,8608.330446496428,7469.427495515021
forecast_1154,2025-02-18 02:00:00,10271.502845841076,9606.415566671554,8608.608844799057
forecast_1155,2025-02-18 03:00:00,10762.554049366143,9999.201031185685,8876.831669185312
forecast_1156,2025-02-18 04:00:00,11185.127948820173,10754.50809572091,8948.686076430748
forecast_1157,2025-02-18 05:00:00,11674.0049807707,10881.129670247003,9325.47176052332
forecast_1158,2025-02-18 06:00:00,11976.236411545058,12170.643178351082,10117.206504800484
forecast_1159,2025-02-18 07:00:00,11976.236411545058,12170.643178351082,10117.206504800484
forecast_1160,2025-02-18 08:00:00,11594.151047316434,12041.453345527376,10004.746295693421
forecast_1161,2025-02-18 09:00:00,11233.53654964323,10817.068878174752,9261.32134253298
forecast_1162,2025-02-18 10:00:00,10938.483966810987,10613.314546672143,9116.331186463189
forecast_1163,2025-02-18 11:00:00,10938.483966810987,10811.632893284372,9116.331186463189
forecast_1164,2025-02-18 12:00:00,11245.030574385566,10811.632893284372,9097.578578858689
forecast_1165,2025-02-18 13:00:00,12108.891399825565,11383.925688182848,9171.078936630867
forecast_1166,2025-02-18 14:00:00,12422.308463963598,11465.293137978979,9326.68371076504
forecast_1167,2025-02-18 15:00:00,12475.424276195954,11465.293137978979,9326.68371076504
forecast_1168,2025-02-18 16:00:00,12475.424276195954,10876.757221545035,9108.356231751002
forecast_1169,2025-02-18 17:00:00,12234.890124530026,10554.069695256056,8668.260378615865
forecast_1170,2025-02-18 18:00:00,11974.7908556527,10097.70729124934,8668.260378615865
forecast_1171,2025-02-18 19:00:00,11680.07534918375,9900.22466448395,8668.260378615865
forecast_1172,2025-02-18 20:00:00,11113.886725217659,9981.60868771329,7899.979280509042
forecast_1173,2025-02-18 21:00:00,10688.559549303773,9981.60868771329,7899.979280509042
forecast_1174,2025-02-18 22:00:00,10688.559549303773,11815.953415989487,8776.105140302287
forecast_1175,2025-02-18 23:00:00,10827.969815395856,11904.611437477282,8942.524554873924
forecast_1176,2025-02-19 00:00:00,10916.692049455283,11860.282426733385,8980.89750090296
forecast_1177,2025-02-19 01:00:00,10987.588942337377,11573.926257799889,8907.761940873284
forecast_1178,2025-02-19 02:00:00,11660.018606287613,12967.84587629471,9959.39758541205
forecast_1179,2025-02-19 03:00:00,12215.418223101256,13782.696200879622,10296.160467578558
forecast_1180,2025-02-19 04:00:00,12416.682708375214,13889.887598390109,10784.656890623959
forecast_1181,2025-02-19 05:00:00,12655.921658207528,13945.893876161459,10784.656890623959
forecast_1182,2025-02-19 06:00:00,12665.135975278983,13945.893876161459,10886.013535680348
forecast_1183,2025-02-19 07:00:00,12665.135975278983,13779.490093991644,10674.929330714602
forecast_1184,2025-02-19 08:00:00,12665.135975278983,13667.942804977818,10262.26792218843
forecast_1185,2025-02-19 09:00:00,10461.274175520886,11652.489173376529,8999.244998902763
forecast_1186,2025-02-19 10:00:00,8461.121955448598,8531.556159639575,6511.721183335189
forecast_1187,2025-02-19 11:00:00,7130.476931466712,6537.2336606520685,5076.070355325044
forecast_1188,2025-02-19 12:00:00,6611.753808793037,5677.080822950752,4677.402731565182
forecast_1189,2025-02-19 13:00:00,5008.16536581059,4741.428994874663,3636.326208986414
forecast_1190,2025-02-19 14:00:00,5008.16536581059,4663.821632949235,3636.326208986414
forecast_1191,2025-02-19 15:00:00,5430.654340649995,4731.273795201404,3650.23580620851
forecast_1192,2025-02-19 16:00:00,5543.449939132049,4666.005958163118,3740.676848159822
forecast_1193,2025-02-19 17:00:00,5546.747873275887,4731.273795201404,3874.7653201946514
forecast_1194,2025-02-19 18:00:00,5835.956628442474,5399.741931348302,4288.295727577748
forecast_1195,2025-02-19 19:00:00,6701.243707305829,6392.465635858249,4957.0721379378265
forecast_1196,2025-02-19 20:00:00,7804.874038735053,7404.866386055207,5656.358606039805
forecast_1197,2025-02-19 21:00:00,8620.663093790183,8433.326618993433,6302.017685193484
forecast_1198,2025-02-19 22:00:00,9982.014506543026,10794.612194897532,7728.026162722888
forecast_1199,2025-02-19 23:00:00,10457.279747367522,11640.397353448929,8319.452319575395
forecast_1200,2025-02-20 00:00:00,10656.992973628097,11857.393139011867,8444.199313078938
forecast_1201,2025-02-20 01:00:00,8841.181764289448,9141.132266921764,6586.628067415333
forecast_1202,2025-02-20 02:00:00,8852.452274507046,9324.91069879696,6701.964055786989
forecast_1203,2025-02-20 03:00:00,8852.452274507046,9498.632745501596,6823.762137287407
forecast_1204,2025-02-20 04:00:00,8886.987563176244,9533.560224664432,6955.647039858089
forecast_1205,2025-02-20 05:00:00,9334.358457335991,10387.876907162097,7528.771131295529
forecast_1206,2025-02-20 06:00:00,9835.313977049906,10396.061344684145,7754.814677031134
forecast_1207,2025-02-20 07:00:00,11139.452834414818,11757.628102574996,9275.14906650059
forecast_1208,2025-02-20 08:00:00,11783.446172056152,12985.484788446138,10847.51071246952
forecast_1209,2025-02-20 09:00:00,11783.446172056152,12985.484788446138,10847.51071246952
forecast_1210,2025-02-20 10:00:00,10991.65731465625,11771.790808176665,10032.88563373437
forecast_1211,2025-02-20 11:00:00,10344.251121420046,10977.522511034707,9813.869528164594
forecast_1212,2025-02-20 12:00:00,9187.060464340868,9330.487035275528,7826.681665419766
forecast_1213,2025-02-20 13:00:00,9187.060464340868,8424.392916629879,6908.693496220303
forecast_1214,2025-02-20 14:00:00,9273.806874412967,8424.392916629879,6908.693496220303
forecast_1215,2025-02-20 15:00:00,9273.806874412967,8424.392916629879,6903.047536534005
forecast_1216,2025-02-20 16:00:00,9300.215805763628,7612.56734436189,6764.039492482482
forecast_1217,2025-02-20 17:00:00,9300.215805763628,7612.56734436189,6764.039492482482
forecast_1218,2025-02-20 18:00:00,9829.401081750542,8255.26581423836,7028.355409973335
forecast_1219,2025-02-20 19:00:00,9829.401081750542,9469.87153938559,8540.590442848617
forecast_1220,2025-02-20 20:00:00,9535.059325857286,9469.87153938559,8540.590442848617
forecast_1221,2025-02-20 21:00:00,7965.923502838503,9408.75071646875,7172.617277497219
forecast_1222,2025-02-20 22:00:00,7922.38703343108,9408.75071646875,7172.617277497219
forecast_1223,2025-02-20 23:00:00,7965.923502838503,9671.682659971735,7593.241492651114
forecast_1224,2025-02-21 00:00:00,8421.908801997153,10307.953364271618,7973.495990991903
forecast_1225,2025-02-21 01:00:00,10204.685730338011,10944.93576684401,8114.043560685437
forecast_1226,2025-02-21 02:00:00,10480.168006211916,11583.913386416438,8555.35335236838
forecast_1227,2025-02-21 03:00:00,10480.168006211916,11583.913386416438,8555.35335236838
forecast_1228,2025-02-21 04:00:00,9221.663079808995,10548.005649498158,7564.318719317753
forecast_1229,2025-02-21 05:00:00,9118.081117888069,10548.005649498158,7564.318719317753
forecast_1230,2025-02-21 06:00:00,9118.081117888069,10735.112192590259,7906.139456412117
forecast_1231,2025-02-21 07:00:00,9665.921909745131,10893.302978890886,8356.209372025241
forecast_1232,2025-02-21 08:00:00,9665.921909745131,10893.302978890886,8356.209372025241
forecast_1233,2025-02-21 09:00:00,9135.86864878951,10011.983420866161,7596.38387787987
forecast_1234,2025-02-21 10:00:00,7324.8607846194745,7138.309955536822,5609.137615446534
forecast_1235,2025-02-21 11:00:00,5987.971871521195,5554.911909715127,4639.108669149084
forecast_1236,2025-02-21 12:00:00,5413.977125761166,5009.105875631083,4047.052886048475
forecast_1237,2025-02-21 13:00:00,5413.977125761166,5009.105875631083,4047.052886048475
forecast_1238,2025-02-21 14:00:00,6492.101117836969,5304.793823107048,4262.65371662144
forecast_1239,2025-02-21 15:00:00,6520.670701382596,6035.158883501333,4789.68152249957
forecast_1240,2025-02-21 16:00:00,6830.981977307923,6338.33662302145,5029.7656540221005
forecast_1241,2025-02-21 17:00:00,6830.981977307923,6983.3793758540605,5527.241767268194
forecast_1242,2025-02-21 18:00:00,10085.9018914893,9247.688917506071,8133.438877367824
forecast_1243,2025-02-21 19:00:00,10884.29495324694,9437.314811230548,9100.979228509352
forecast_1244,2025-02-21 20:00:00,11482.178628034924,10045.402141658486,9291.598138451673
forecast_1245,2025-02-21 21:00:00,11901.849717436959,10631.46847304701,9764.071032247339
forecast_1246,2025-02-21 22:00:00,11901.849717436959,11178.911359007254,10467.81681912231
forecast_1247,2025-02-21 23:00:00,11901.849717436959,11606.844260990561,10779.769637379668
forecast_1248,2025-02-22 00:00:00,11942.239825361241,11878.35062055375,10882.714911996834
forecast_1249,2025-02-22 01:00:00,13802.438735802352,12558.832283186752,11297.45651855779
forecast_1250,2025-02-22 02:00:00,13875.962521568686,12893.741855666827,11583.40601075071
forecast_1251,2025-02-22 03:00:00,13875.962521568686,12893.741855666827,11610.995429091936
forecast_1252,2025-02-22 04:00:00,13397.779288459156,12222.449610019914,11610.995429091936
forecast_1253,2025-02-22 05:00:00,12367.46073136933,12209.624577067625,10987.358622980086
forecast_1254,2025-02-22 06:00:00,11807.37840141049,12209.624577067625,9816.950880723274
forecast_1255,2025-02-22 07:00:00,11113.245004871844,12534.894347561769,9770.902160784342
forecast_1256,2025-02-22 08:00:00,11113.245004871844,12534.894347561769,9237.965343520136
forecast_1257,2025-02-22 09:00:00,8716.057339296482,9039.89692652871,7205.443570066115
forecast_1258,2025-02-22 10:00:00,6156.537102732005,5601.699583802932,4155.3394248112
forecast_1259,2025-02-22 11:00:00,5245.392833171449,4868.83297433571,3876.0316254357977
forecast_1260,2025-02-22 12:00:00,5245.392833171449,4868.83297433571,3876.0316254357977
forecast_1261,2025-02-22 13:00:00,5949.47627767323,5325.508065511698,4611.840227294134
forecast_1262,2025-02-22 14:00:00,6584.090533557348,6170.504721489544,5203.847479861494
forecast_1263,2025-02-22 15:00:00,6657.112582014639,6561.7402050698,5266.815886291935
forecast_1264,2025-02-22 16:00:00,7467.849132496476,6778.24709658871,5615.675376797326
forecast_1265,2025-02-22 17:00:00,8052.1312820735275,7154.073348597332,6745.465128927714
forecast_1266,2025-02-22 18:00:00,10042.58070759833,10270.996594635457,8747.238378961467
forecast_1267,2025-02-22 19:00:00,11664.595377176645,11887.63497322055,11451.844630415653
forecast_1268,2025-02-22 20:00:00,12489.966222307858,12601.303832820826,11818.934170554532
forecast_1269,2025-02-22 21:00:00,13275.5357700985,13531.898465852082,12857.165692684432
forecast_1270,2025-02-22 22:00:00,13890.191776256635,15168.446013333954,14859.127409188164
forecast_1271,2025-02-22 23:00:00,14133.668366878119,15809.981913584817,15213.83572723882
forecast_1272,2025-02-23 00:00:00,14349.723055987854,16037.801535390474,15487.577208349481
forecast_1273,2025-02-23 01:00:00,13661.582544636261,15471.485768574423,14632.912904293775
forecast_1274,2025-02-23 02:00:00,13708.873362151347,15477.69438720982,14673.986992593378
forecast_1275,2025-02-23 03:00:00,13938.404519568849,15760.389712071488,15044.40941389196
forecast_1276,2025-02-23 04:00:00,14691.411090920776,15788.62553503405,15346.320065151522
forecast_1277,2025-02-23 05:00:00,14876.873182923218,15843.875370495716,15357.935609824519
forecast_1278,2025-02-23 06:00:00,15745.373407677918,16783.92794635337,15982.588117800198
forecast_1279,2025-02-23 07:00:00,16583.695680924753,17453.91550863413,16672.741396602734
forecast_1280,2025-02-23 08:00:00,16583.695680924753,17547.043005211952,16672.741396602734
forecast_1281,2025-02-23 09:00:00,15759.349419205033,17547.043005211952,15402.579916597728
forecast_1282,2025-02-23 10:00:00,14791.342015492555,15948.517141292226,14027.923037368955
forecast_1283,2025-02-23 11:00:00,13874.936897620912,13999.926418470193,12823.086707316956
forecast_1284,2025-02-23 12:00:00,13701.383867088773,13548.314493265625,11626.135936578246
forecast_1285,2025-02-23 13:00:00,13479.87846064117,13409.553191455401,10924.964450502424
forecast_1286,2025-02-23 14:00:00,13347.892457335174,13084.893506486327,10790.09414070462
forecast_1287,2025-02-23 15:00:00,13317.33551802787,12638.314118374723,10714.08117112687
forecast_1288,2025-02-23 16:00:00,13147.015359023688,12099.884952943996,10506.940044469326
forecast_1289,2025-02-23 17:00:00,12258.798395950678,9914.78163226213,9090.776324107972
forecast_1290,2025-02-23 18:00:00,11614.829331196006,9696.173222092073,8711.361791607193
forecast_1291,2025-02-23 19:00:00,10960.862857335338,9485.939412803911,8602.281262656044
forecast_1292,2025-02-23 20:00:00,10469.528540812742,9696.173222092073,8351.736809356158
forecast_1293,2025-02-23 21:00:00,10469.528540812742,10260.171651873628,8351.736809356158
forecast_1294,2025-02-23 22:00:00,10748.185561319897,11098.568455167191,8539.284647432041
forecast_1295,2025-02-23 23:00:00,11228.254122791308,11334.726215451357,10232.742854230899
forecast_1296,2025-02-24 00:00:00,11475.375433841706,11948.016666688662,10836.545036963442
forecast_1297,2025-02-24 01:00:00,14787.422956743452,15724.620928568249,13957.56001715616
forecast_1298,2025-02-24 02:00:00,15599.540981219176,16873.77792410551,14627.052504627198
forecast_1299,2025-02-24 03:00:00,16900.169425077973,17251.61746865893,14627.052504627198
forecast_1300,2025-02-24 04:00:00,17018.086214698298,17488.581977145026,14777.35971874782
forecast_1301,2025-02-24 05:00:00,17018.086214698298,17251.61746865893,14599.99994845944
forecast_1302,2025-02-24 06:00:00,16761.010397684215,17076.62166224534,14269.893889203278
forecast_1303,2025-02-24 07:00:00,16535.54468180818,15900.60623315435,13846.59877656271
forecast_1304,2025-02-24 08:00:00,15803.839873224983,15104.19588628182,13375.62006102024
forecast_1305,2025-02-24 09:00:00,13998.220726223415,13651.76059300062,11649.350851099709
forecast_1306,2025-02-24 10:00:00,10148.23428321163,9447.140347905242,8186.3738615690145
forecast_1307,2025-02-24 11:00:00,8946.105988196674,9181.30647063493,7874.679814877791
forecast_1308,2025-02-24 12:00:00,8789.189012311723,9178.486432250435,7620.642607139004
forecast_1309,2025-02-24 13:00:00,8295.649458570773,8819.323532491782,7513.940798266063
forecast_1310,2025-02-24 14:00:00,8194.646121921742,8819.323532491782,7393.959224270648
forecast_1311,2025-02-24 15:00:00,8295.649458570773,8848.211585208624,7393.959224270648
forecast_1312,2025-02-24 16:00:00,9194.900639067318,9951.47398112696,8711.292494358648
forecast_1313,2025-02-24 17:00:00,9766.691422531014,10231.88575993462,8895.084607053224
forecast_1314,2025-02-24 18:00:00,11613.162941252256,13189.277480522767,11508.402166409292
forecast_1315,2025-02-24 19:00:00,13239.642517336262,14523.353759670446,13072.12492223885
forecast_1316,2025-02-24 20:00:00,15112.216195304316,16787.39720611966,15401.04613058682
forecast_1317,2025-02-24 21:00:00,16539.995907657976,18493.429944897165,16457.745796073454
forecast_1318,2025-02-24 22:00:00,18476.726161955816,19601.553091400667,17866.763016022516
forecast_1319,2025-02-24 23:00:00,18819.627494551893,19777.292967718,18068.093228722377
forecast_1320,2025-02-25 00:00:00,19024.876280291763,20012.697985171173,18578.906196971016
forecast_1321,2025-02-25 01:00:00,19395.625530922352,20187.97123551452,19213.57914474555
forecast_1322,2025-02-25 02:00:00,19465.891953513375,20347.30876528512,19245.4450358204
forecast_1323,2025-02-25 03:00:00,19817.141057605535,20402.436696339093,19379.50493836606
forecast_1324,2025-02-25 04:00:00,19817.141057605535,20528.323397852735,19474.955880735833
forecast_1325,2025-02-25 05:00:00,19818.062344838265,20853.921863022922,19660.988751653615
forecast_1326,2025-02-25 06:00:00,20000.95129196496,20928.094016121577,19855.136194645158
forecast_1327,2025-02-25 07:00:00,20000.95129196496,21050.860433041475,19881.716692984206
forecast_1328,2025-02-25 08:00:00,20000.95129196496,21087.921969841605,19881.716692984206
forecast_1329,2025-02-25 09:00:00,19680.604505138155,21087.921969841605,19650.15801210428
forecast_1330,2025-02-25 10:00:00,19020.41644990139,20580.37294275589,19275.476242816796
forecast_1331,2025-02-25 11:00:00,17478.3825037685,19482.008877328422,17662.35443324072
forecast_1332,2025-02-25 12:00:00,15781.073102531378,17442.132009442983,15842.537004332695
forecast_1333,2025-02-25 13:00:00,15154.963623739517,16634.372274397945,15124.728187955767
forecast_1334,2025-02-25 14:00:00,15154.963623739517,16634.372274397945,15124.728187955767
forecast_1335,2025-02-25 15:00:00,16284.809315132288,17233.265261761666,16142.927420556094
forecast_1336,2025-02-25 16:00:00,16862.229129337553,18135.145769839513,16926.70168487756
forecast_1337,2025-02-25 17:00:00,17364.28935591699,18811.523061342603,17778.63978714712
forecast_1338,2025-02-25 18:00:00,17970.305273642374,19300.095528868023,18277.205008383018
forecast_1339,2025-02-25 19:00:00,18612.880083932738,19585.460475885902,18630.273410323593
forecast_1340,2025-02-25 20:00:00,18884.00509701041,19585.460475885902,18777.117848315345
forecast_1341,2025-02-25 21:00:00,18942.87860081983,19489.210820303157,18889.90076845854
forecast_1342,2025-02-25 22:00:00,18942.87860081983,19423.768289672247,18866.19068543886
forecast_1343,2025-02-25 23:00:00,18649.820840354027,19182.619900217956,18866.19068543886
forecast_1344,2025-02-26 00:00:00,18612.451362822743,19094.518319863353,18746.47421382033
forecast_1345,2025-02-26 01:00:00,18446.95955186522,18543.57375320699,18336.000902088123
forecast_1346,2025-02-26 02:00:00,18361.563410559986,18490.302271067194,18355.099506692433
forecast_1347,2025-02-26 03:00:00,18257.793492406134,18377.446447167327,18355.099506692433
forecast_1348,2025-02-26 04:00:00,17995.628986592208,18231.79043474714,17889.867500017615
forecast_1349,2025-02-26 05:00:00,17614.156547266943,18231.79043474714,17452.341295718696
forecast_1350,2025-02-26 06:00:00,17109.95287048474,18239.797842644395,17340.975141000723
forecast_1351,2025-02-26 07:00:00,16402.143154475707,18239.797842644395,16983.7271151057
forecast_1352,2025-02-26 08:00:00,15670.864888600994,17923.402006433265,15955.304111923488
forecast_1353,2025-02-26 09:00:00,14555.571499606007,17408.93117699506,14472.8765022919
forecast_1354,2025-02-26 10:00:00,13118.954270169048,15614.108776721298,12797.600381122276
forecast_1355,2025-02-26 11:00:00,12288.011984024482,13546.86910636898,11185.298317432223
forecast_1356,2025-02-26 12:00:00,12086.720498594239,12715.101524791546,10357.816304518197
forecast_1357,2025-02-26 13:00:00,12086.720498594239,12687.62681910701,10221.192771261172
forecast_1358,2025-02-26 14:00:00,12423.370550354903,12651.939840048632,10141.278816264732
forecast_1359,2025-02-26 15:00:00,12766.099329929255,12651.939840048632,10141.278816264732
forecast_1360,2025-02-26 16:00:00,12931.306869592387,13442.050141190823,11017.670863861675
forecast_1361,2025-02-26 17:00:00,12994.701524137787,13959.503091304417,11589.328281106
forecast_1362,2025-02-26 18:00:00,13281.400082980055,14110.4346817984,12907.509720415334
forecast_1363,2025-02-26 19:00:00,14134.748232621883,16597.244488691893,14621.446987313413
forecast_1364,2025-02-26 20:00:00,16272.271498554212,18080.806854841077,16427.982245560637
forecast_1365,2025-02-26 21:00:00,16592.96295840069,18961.20255941942,17369.173598973444
forecast_1366,2025-02-26 22:00:00,16592.96295840069,19032.148843941086,17369.173598973444
forecast_1367,2025-02-26 23:00:00,16592.96295840069,19145.985692254362,17369.173598973444
forecast_1368,2025-02-27 00:00:00,16446.865889730252,19494.493006398723,17518.618470542242
forecast_1369,2025-02-27 01:00:00,18336.655676682843,19799.169712684754,18192.573474218032
forecast_1370,2025-02-27 02:00:00,18478.710547679366,20175.655698941526,18442.02842648563
forecast_1371,2025-02-27 03:00:00,18638.287192805623,20299.029905143296,18712.403136160818
forecast_1372,2025-02-27 04:00:00,18638.287192805623,20299.029905143296,18750.60865641149
forecast_1373,2025-02-27 05:00:00,18638.287192805623,20216.935349254407,18712.403136160818
forecast_1374,2025-02-27 06:00:00,18652.440981370404,20117.266309805247,18425.2698956811
forecast_1375,2025-02-27 07:00:00,18652.440981370404,19996.161276457628,18395.201032146673
forecast_1376,2025-02-27 08:00:00,18418.64445367831,19042.37349597478,17312.39201628105
forecast_1377,2025-02-27 09:00:00,17451.32171181775,18219.948806586013,16336.738508038301
forecast_1378,2025-02-27 10:00:00,16193.368801158435,17719.831746910688,16312.757961190651
forecast_1379,2025-02-27 11:00:00,14625.627449610503,16387.1575095597,14834.082863803924
forecast_1380,2025-02-27 12:00:00,14625.627449610503,15643.580249981324,13829.276628843529
forecast_1381,2025-02-27 13:00:00,14513.779026238615,15577.588644338126,13809.103387563891
forecast_1382,2025-02-27 14:00:00,12207.017152391807,10984.360551969981,9650.23547041804
forecast_1383,2025-02-27 15:00:00,8827.454859975236,8866.2417854966,7455.711508975411
forecast_1384,2025-02-27 16:00:00,8392.989518706207,8180.497856890004,6902.657884058723
forecast_1385,2025-02-27 17:00:00,8392.989518706207,8180.497856890004,6320.324276462309
forecast_1386,2025-02-27 18:00:00,8611.004404463067,8354.765206265223,6320.324276462309
forecast_1387,2025-02-27 19:00:00,9969.876120865287,11649.565129111734,8856.70774952597
forecast_1388,2025-02-27 20:00:00,11492.142997778596,13210.796689450566,10033.29607607914
forecast_1389,2025-02-27 21:00:00,11517.960300648208,13230.194676357089,10729.361849289333
forecast_1390,2025-02-27 22:00:00,12327.385993201493,15520.664941321575,12650.460418021532
forecast_1391,2025-02-27 23:00:00,12327.385993201493,15520.664941321575,12650.460418021532
forecast_1392,2025-02-28 00:00:00,11777.456391192849,15043.335716148647,11820.604566546313
forecast_1393,2025-02-28 01:00:00,12733.45117138403,14808.419279566799,13129.533234956642
forecast_1394,2025-02-28 02:00:00,13093.374568595751,15322.840963308476,14007.744478850098
forecast_1395,2025-02-28 03:00:00,14819.334999229453,15568.264261622011,14386.493620276258
forecast_1396,2025-02-28 04:00:00,16427.992631283472,16289.321429994952,15078.320884813113
forecast_1397,2025-02-28 05:00:00,16427.992631283472,16990.626096139873,15666.451710779182
forecast_1398,2025-02-28 06:00:00,16552.273865091654,17308.550406674294,15817.223855396625
forecast_1399,2025-02-28 07:00:00,18207.049360575078,18383.507894887447,17295.04954422688
forecast_1400,2025-02-28 08:00:00,18207.049360575078,18551.154569085025,17295.04954422688
forecast_1401,2025-02-28 09:00:00,17836.883573471703,18551.154569085025,17142.26227593968
forecast_1402,2025-02-28 10:00:00,16715.514205160405,18195.28821353199,16323.665958177338
forecast_1403,2025-02-28 11:00:00,15028.609391233116,17367.447282975943,14426.328964641452
forecast_1404,2025-02-28 12:00:00,12863.342602717961,15289.834039266503,12267.756128220728
forecast_1405,2025-02-28 13:00:00,10844.007878503897,12494.328783518573,11150.395309428824
forecast_1406,2025-02-28 14:00:00,10844.007878503897,12435.122189421909,10431.566714052593
forecast_1407,2025-02-28 15:00:00,11185.18292023308,12435.122189421909,11150.395309428824
forecast_1408,2025-02-28 16:00:00,11296.273901165001,12858.568683762973,11210.627967099506
forecast_1409,2025-02-28 17:00:00,12018.603624749816,13175.980374275416,11458.804588963229
forecast_1410,2025-02-28 18:00:00,13217.328928336807,15157.955314904402,12099.743928463631
forecast_1411,2025-02-28 19:00:00,14788.274013234366,15157.955314904402,12099.743928463631
forecast_1412,2025-02-28 20:00:00,14788.274013234366,15002.732703578838,11896.240613828722
forecast_1413,2025-02-28 21:00:00,14191.93600152955,12771.525913858319,10428.099377129494
forecast_1414,2025-02-28 22:00:00,13232.953991264774,12757.202752338851,10428.099377129494
forecast_1415,2025-02-28 23:00:00,13195.471282778779,11665.238551934102,10080.101977490216
forecast_1416,2025-03-01 00:00:00,11607.720256361574,10025.38368621314,8924.103233540816
forecast_1417,2025-03-01 01:00:00,10926.621632337896,8778.60017637605,7117.304465061405
forecast_1418,2025-03-01 02:00:00,8912.960410961865,7241.152339164398,5717.062056702905
forecast_1419,2025-03-01 03:00:00,6768.155706166377,5186.854114141895,4469.547345060782
forecast_1420,2025-03-01 04:00:00,5289.968995978491,4123.978639719247,3377.249476019447
forecast_1421,2025-03-01 05:00:00,4224.420192502461,3982.1230020117036,2772.631526200124
forecast_1422,2025-03-01 06:00:00,4224.420192502461,3665.666404383519,2715.3333714007804
forecast_1423,2025-03-01 07:00:00,4572.420926079734,3665.666404383519,2707.4342991870353
forecast_1424,2025-03-01 08:00:00,4572.420926079734,3495.6787770841315,2297.4301260437614
forecast_1425,2025-03-01 09:00:00,4222.998630526157,3206.1129438197413,2182.5767550302976
forecast_1426,2025-03-01 10:00:00,4054.8455048173446,3206.1129438197413,2182.5767550302976
forecast_1427,2025-03-01 11:00:00,4054.8455048173446,3638.880299143269,2392.4685100236284
forecast_1428,2025-03-01 12:00:00,4121.482757001919,3950.956041728356,2463.994409565752
forecast_1429,2025-03-01 13:00:00,4182.631321850295,3950.956041728356,2733.040375687536
forecast_1430,2025-03-01 14:00:00,4353.828821319863,4158.725285105621,2733.040375687536
forecast_1431,2025-03-01 15:00:00,4507.037595808059,4237.033003665403,2698.481013729222
forecast_1432,2025-03-01 16:00:00,4817.052036899324,4627.899439311179,2475.7153289023413
forecast_1433,2025-03-01 17:00:00,4884.361693713049,4691.905303078625,2628.846490067229
forecast_1434,2025-03-01 18:00:00,4817.052036899324,4779.79348550254,2628.846490067229
forecast_1435,2025-03-01 19:00:00,4853.96489879965,5048.481019562448,3014.218713141772
forecast_1436,2025-03-01 20:00:00,4432.291415111353,5048.481019562448,3318.824227689319
forecast_1437,2025-03-01 21:00:00,4802.321664951135,5130.963922189307,3603.5432786538754
forecast_1438,2025-03-01 22:00:00,4802.321664951135,5130.963922189307,4221.358870056722
forecast_1439,2025-03-01 23:00:00,4802.321664951135,5184.490903507458,4221.358870056722
forecast_1440,2025-03-02 00:00:00,4930.083587483916,5595.570604012732,4280.010191481191
forecast_1441,2025-03-02 01:00:00,5934.564052015686,6369.6167155036555,4107.1107672763255
forecast_1442,2025-03-02 02:00:00,5910.16392133414,6260.7910364421405,3967.3394669773975
forecast_1443,2025-03-02 03:00:00,5889.031086751978,5912.627685650286,3817.176940978278
forecast_1444,2025-03-02 04:00:00,5587.400248746912,5475.461793478387,3768.447511587524
forecast_1445,2025-03-02 05:00:00,5542.950960328433,5379.024344108317,3660.3463076737708
forecast_1446,2025-03-02 06:00:00,3947.6781322106362,4140.651557954485,3152.86516625366
forecast_1447,2025-03-02 07:00:00,3520.9988822361156,3363.6273619604676,2889.39407003365
forecast_1448,2025-03-02 08:00:00,3334.4471290300644,3363.6273619604676,2783.5021794603635
forecast_1449,2025-03-02 09:00:00,3334.4471290300644,3407.5237557436203,2643.140479703704
forecast_1450,2025-03-02 10:00:00,3334.4471290300644,3476.4257947972774,2643.140479703704
forecast_1451,2025-03-02 11:00:00,3902.379218686485,5022.420181945473,3243.171248990967
forecast_1452,2025-03-02 12:00:00,4162.977271721475,6073.467711176697,4278.495464815615
forecast_1453,2025-03-02 13:00:00,4519.293303793635,6096.924393991829,4590.072804072019
forecast_1454,2025-03-02 14:00:00,4790.13549120115,6171.850070629058,4679.48280788386
forecast_1455,2025-03-02 15:00:00,5459.856691416971,6368.093773153753,5377.819127208934
forecast_1456,2025-03-02 16:00:00,7622.383451133575,8841.069126101022,7679.1904733015135
forecast_1457,2025-03-02 17:00:00,9247.579846642479,10231.057169513317,8811.170954389472
forecast_1458,2025-03-02 18:00:00,10786.45264344772,12069.648372237132,10323.012313363975
forecast_1459,2025-03-02 19:00:00,11636.555827854687,13132.877255010744,12210.691243177253
forecast_1460,2025-03-02 20:00:00,11778.150777690387,13852.516840520533,12210.691243177253
forecast_1461,2025-03-02 21:00:00,11778.150777690387,13852.516840520533,12210.691243177253
forecast_1462,2025-03-02 22:00:00,12331.923295367582,14455.840579910984,12518.35714528486
forecast_1463,2025-03-02 23:00:00,12331.923295367582,14536.344586827216,12518.35714528486
forecast_1464,2025-03-03 00:00:00,12429.384479729775,14573.119967134735,12501.748469083006
forecast_1465,2025-03-03 01:00:00,14324.178416216266,16536.89807083422,14800.118960480468
forecast_1466,2025-03-03 02:00:00,14154.480659565155,16388.21157325022,14507.154621012549
forecast_1467,2025-03-03 03:00:00,13572.770021871856,15882.162849397631,14236.019518135037
forecast_1468,2025-03-03 04:00:00,13572.770021871856,15882.162849397631,14236.019518135037
forecast_1469,2025-03-03 05:00:00,13987.115522051117,15994.717914111292,14576.679264392262
forecast_1470,2025-03-03 06:00:00,14632.775947860224,17892.091413152702,15783.861904812395
forecast_1471,2025-03-03 07:00:00,14806.173359602264,17981.47427823352,15783.861904812395
forecast_1472,2025-03-03 08:00:00,14858.77679635338,17981.47427823352,15771.777247261285
forecast_1473,2025-03-03 09:00:00,14806.173359602264,17827.489305218543,15621.52544820376
forecast_1474,2025-03-03 10:00:00,14594.438998155441,17239.774476177026,15071.702420968912
forecast_1475,2025-03-03 11:00:00,14209.66714665627,16929.755317773182,14952.025787186361
forecast_1476,2025-03-03 12:00:00,13396.809103918506,15967.394169274903,14319.017089164836
forecast_1477,2025-03-03 13:00:00,13310.286969246712,15967.394169274903,14176.539250734419
forecast_1478,2025-03-03 14:00:00,13235.616245081383,15922.924318060457,14051.799152991884
forecast_1479,2025-03-03 15:00:00,12994.025771560828,15903.893086532684,13855.91299758475
forecast_1480,2025-03-03 16:00:00,12968.921633557069,15903.893086532684,13765.113651599564
forecast_1481,2025-03-03 17:00:00,12968.921633557069,15973.728342247046,13765.113651599564
forecast_1482,2025-03-03 18:00:00,12714.64487073055,15973.728342247046,13723.848189449403
forecast_1483,2025-03-03 19:00:00,12641.96123039983,15800.411836028885,13279.04225761882
forecast_1484,2025-03-03 20:00:00,12641.96123039983,15654.674244944888,13279.04225761882
forecast_1485,2025-03-03 21:00:00,12710.523861480373,15654.674244944888,13484.350036213364
forecast_1486,2025-03-03 22:00:00,13102.656912954588,15844.123913683037,13887.420634030364
forecast_1487,2025-03-03 23:00:00,13453.10207915993,15872.371488934677,13887.420634030364
forecast_1488,2025-03-04 00:00:00,13534.976553804634,16311.67467385955,13998.289131085136
forecast_1489,2025-03-04 01:00:00,13733.015063141855,16101.56947259506,13986.264784561303
forecast_1490,2025-03-04 02:00:00,13929.549229799775,15694.10157442039,13977.363705335767
forecast_1491,2025-03-04 03:00:00,13863.537973005552,15694.10157442039,13977.363705335767
forecast_1492,2025-03-04 04:00:00,13863.537973005552,16548.2498630042,14459.13139150084
forecast_1493,2025-03-04 05:00:00,13863.537973005552,16869.666716080974,14467.240035696823
forecast_1494,2025-03-04 06:00:00,14709.785586910966,16869.666716080974,14649.369401552965
forecast_1495,2025-03-04 07:00:00,14766.497574878496,17042.26746864229,14716.129871596073
forecast_1496,2025-03-04 08:00:00,15035.762010840544,17042.26746864229,14957.732497258627
forecast_1497,2025-03-04 09:00:00,15035.762010840544,16836.18565718169,14957.732497258627
forecast_1498,2025-03-04 10:00:00,14853.132497227056,16836.18565718169,14821.228121915725
forecast_1499,2025-03-04 11:00:00,14853.132497227056,16838.76728796561,14821.228121915725
forecast_1500,2025-03-04 12:00:00,14962.690252417935,17143.49013545241,14849.773046554858
forecast_1501,2025-03-04 13:00:00,14962.690252417935,17299.163994119626,14909.007767985004
forecast_1502,2025-03-04 14:00:00,14929.475838686692,17700.112072194832,15201.6149423336
forecast_1503,2025-03-04 15:00:00,14434.439874105976,18076.481193085485,15545.817136214038
forecast_1504,2025-03-04 16:00:00,14359.948394500243,18076.481193085485,15545.817136214038
forecast_1505,2025-03-04 17:00:00,14094.872295489442,18190.845893374968,15545.817136214038
forecast_1506,2025-03-04 18:00:00,13659.457390284218,17918.931014592137,15439.198737407487
forecast_1507,2025-03-04 19:00:00,13557.808417494709,17918.931014592137,15439.198737407487
forecast_1508,2025-03-04 20:00:00,13557.808417494709,17890.693672689504,15439.198737407487
forecast_1509,2025-03-04 21:00:00,13776.481236204427,17767.669228773786,15472.413492189895
forecast_1510,2025-03-04 22:00:00,13776.481236204427,17767.669228773786,15472.413492189895
forecast_1511,2025-03-04 23:00:00,13604.981930348902,17494.395921108284,15394.156810768754
forecast_1512,2025-03-05 00:00:00,12746.091056000434,16479.326970724112,14061.4030059631
forecast_1513,2025-03-05 01:00:00,6485.478949098713,8690.185522510279,6129.202078571735
forecast_1514,2025-03-05 02:00:00,6814.010995904925,8560.68690917615,6201.8092963128
forecast_1515,2025-03-05 03:00:00,6156.946902292501,8531.130595667506,5717.170335579361
forecast_1516,2025-03-05 04:00:00,5971.715036734752,7453.202764180554,5090.951504742812
forecast_1517,2025-03-05 05:00:00,4851.987590554757,7329.353173950722,4745.3970346907145
forecast_1518,2025-03-05 06:00:00,4851.987590554757,6588.447444106787,4459.486785914871
forecast_1519,2025-03-05 07:00:00,4948.892182559176,6588.447444106787,4459.486785914871
forecast_1520,2025-03-05 08:00:00,4948.892182559176,5470.830574745041,3800.7705451429597
forecast_1521,2025-03-05 09:00:00,3821.2254160937423,4702.307807939834,3116.880063889742
forecast_1522,2025-03-05 10:00:00,3784.6615325486964,4175.771706232033,3001.6594030250994
forecast_1523,2025-03-05 11:00:00,3468.4009452745436,3691.040555178074,2716.6251969690725
forecast_1524,2025-03-05 12:00:00,3192.8279722372095,3321.150540614025,2472.587347829734
forecast_1525,2025-03-05 13:00:00,3162.7940822465243,3321.150540614025,2426.889591178243
forecast_1526,2025-03-05 14:00:00,3137.235855581604,3321.150540614025,2390.7947729920297
forecast_1527,2025-03-05 15:00:00,3137.235855581604,3382.4456212621385,2426.889591178243
forecast_1528,2025-03-05 16:00:00,3120.2928819995986,3530.6974699396005,2454.23295937956
forecast_1529,2025-03-05 17:00:00,2855.401798818849,3530.6974699396005,2454.23295937956
forecast_1530,2025-03-05 18:00:00,2855.401798818849,3397.055476217252,2454.23295937956
forecast_1531,2025-03-05 19:00:00,3113.184864136828,3397.055476217252,2564.7316684814223
forecast_1532,2025-03-05 20:00:00,3281.4634797554427,3552.8254761843355,2749.054491633622
forecast_1533,2025-03-05 21:00:00,3448.2607708069254,3570.4149326168445,2752.930496626098
forecast_1534,2025-03-05 22:00:00,3448.2607708069254,3605.2175911022496,3155.4100907463157
forecast_1535,2025-03-05 23:00:00,3448.2607708069254,3605.2175911022496,3155.4100907463157
forecast_1536,2025-03-06 00:00:00,3416.898440042794,3591.594673162247,3141.695914114135
forecast_1537,2025-03-06 01:00:00,3175.4956715900685,3263.4346762144255,2739.429451996184
forecast_1538,2025-03-06 02:00:00,3052.194542277467,3255.25569617305,2730.114963883184
forecast_1539,2025-03-06 03:00:00,2859.688130568821,3215.5160435989774,2712.7460044589106
forecast_1540,2025-03-06 04:00:00,2826.858896660332,3038.3331895760475,2590.35325130551
forecast_1541,2025-03-06 05:00:00,2819.7584477956516,2928.330528057562,2350.3788031843674
forecast_1542,2025-03-06 06:00:00,2619.0812667382806,2928.330528057562,2282.4907060868127
forecast_1543,2025-03-06 07:00:00,2619.0812667382806,2872.583693867232,2282.4907060868127
forecast_1544,2025-03-06 08:00:00,2488.5148484135825,2862.6257655794375,2260.124605259323
forecast_1545,2025-03-06 09:00:00,2467.5989727967712,2498.226112564739,2243.932316555659
forecast_1546,2025-03-06 10:00:00,2467.5989727967712,2495.4863620112883,2189.6676161446076
forecast_1547,2025-03-06 11:00:00,2489.116656813588,2473.8516318165175,2148.9157159611555
forecast_1548,2025-03-06 12:00:00,2600.0109319825033,2495.4863620112883,2189.6676161446076
forecast_1549,2025-03-06 13:00:00,2646.6073375403325,2583.8624871049374,2191.283527779975
forecast_1550,2025-03-06 14:00:00,2763.1323662101004,2826.705217224159,2435.6576233714277
forecast_1551,2025-03-06 15:00:00,2763.1323662101004,2996.4115434373816,2546.2394912288482
forecast_1552,2025-03-06 16:00:00,2761.633648921021,3031.91717726978,2546.2394912288482
forecast_1553,2025-03-06 17:00:00,2750.7357392709227,3031.91717726978,2466.3808005460355
forecast_1554,2025-03-06 18:00:00,2761.633648921021,2848.585537916654,2439.732193073406
forecast_1555,2025-03-06 19:00:00,2902.245932762916,2848.585537916654,2466.3808005460355
forecast_1556,2025-03-06 20:00:00,2915.131463369369,3106.075582723342,2824.61265160306
forecast_1557,2025-03-06 21:00:00,3715.1427403763037,3983.0284592645935,3138.3552670957624
forecast_1558,2025-03-06 22:00:00,3940.338537876351,4039.024748191435,3948.102710693614
forecast_1559,2025-03-06 23:00:00,4060.6360706940795,4067.158314833733,3948.102710693614
forecast_1560,2025-03-07 00:00:00,4076.3079194253583,4180.0347764109165,3991.568199180433
forecast_1561,2025-03-07 01:00:00,3291.9956168438925,2970.9923458093635,2823.308338741431
forecast_1562,2025-03-07 02:00:00,3124.268026489094,2947.6141293441005,2773.145088583543
forecast_1563,2025-03-07 03:00:00,3331.89636211342,3068.566771767244,2873.4715888993182
forecast_1564,2025-03-07 04:00:00,3331.89636211342,3690.8393983579235,3165.2256446794822
forecast_1565,2025-03-07 05:00:00,3370.677954985475,3769.659399325763,3165.2256446794822
forecast_1566,2025-03-07 06:00:00,3370.677954985475,3769.659399325763,3044.4198962710498
forecast_1567,2025-03-07 07:00:00,2983.5397381782886,3180.340081740565,2504.375575329982
forecast_1568,2025-03-07 08:00:00,2954.5060388591523,2936.2885896045113,2504.375575329982
forecast_1569,2025-03-07 09:00:00,2983.5397381782886,2936.2885896045113,2518.169003489151
forecast_1570,2025-03-07 10:00:00,2950.811311001782,3020.624335779117,2518.169003489151
forecast_1571,2025-03-07 11:00:00,3032.7298074509094,3188.036412379247,2518.169003489151
forecast_1572,2025-03-07 12:00:00,2950.811311001782,3191.7994808724616,2556.3932235957764
forecast_1573,2025-03-07 13:00:00,2910.036811662155,3191.7994808724616,2574.653650591931
forecast_1574,2025-03-07 14:00:00,2910.036811662155,3191.7994808724616,2574.653650591931
forecast_1575,2025-03-07 15:00:00,2951.8101778490636,3011.534383782785,2574.653650591931
forecast_1576,2025-03-07 16:00:00,3075.7256508823816,3011.534383782785,2618.0464552562285
forecast_1577,2025-03-07 17:00:00,3075.7256508823816,3040.752379366689,2610.5390192834716
forecast_1578,2025-03-07 18:00:00,3241.5556173566933,3251.052918076668,2640.710776109262
forecast_1579,2025-03-07 19:00:00,3273.5186145532984,3327.139051238844,2610.5390192834716
forecast_1580,2025-03-07 20:00:00,3241.5556173566933,3327.139051238844,2490.1288426446417
forecast_1581,2025-03-07 21:00:00,3317.5194222234154,3327.139051238844,2490.1288426446417
forecast_1582,2025-03-07 22:00:00,3874.7348388334563,3842.8377116132297,2758.4272690731386
forecast_1583,2025-03-07 23:00:00,3890.743812373085,3953.980013422054,2843.9102796138864
forecast_1584,2025-03-08 00:00:00,3900.684108592152,4252.262839799844,2992.2060448286456
forecast_1585,2025-03-08 01:00:00,4079.923662082519,5099.696792428927,3513.9503888169174
forecast_1586,2025-03-08 02:00:00,4233.571985071582,5381.008802229446,3523.6604624026236
forecast_1587,2025-03-08 03:00:00,4427.588690468008,5776.119854065693,3533.1092898798393
forecast_1588,2025-03-08 04:00:00,4701.487442468953,5977.454178499609,3533.1092898798393
forecast_1589,2025-03-08 05:00:00,4809.156286900034,6229.450879564133,3604.957580978079
forecast_1590,2025-03-08 06:00:00,4946.509815455103,7298.510683245014,4236.665518078315
forecast_1591,2025-03-08 07:00:00,5149.614230411117,7298.510683245014,4403.7367652598205
forecast_1592,2025-03-08 08:00:00,5149.614230411117,7042.052993994766,4403.7367652598205
forecast_1593,2025-03-08 09:00:00,4861.029568211493,5970.909373109377,3732.0787899447146
forecast_1594,2025-03-08 10:00:00,4861.029568211493,5183.07667040217,3732.0787899447146
forecast_1595,2025-03-08 11:00:00,5067.682876282312,5054.336175799857,3680.109268987123
forecast_1596,2025-03-08 12:00:00,5073.833436030385,5049.325545018999,3704.7014196379555
forecast_1597,2025-03-08 13:00:00,5303.107371583932,5049.325545018999,3704.7014196379555
forecast_1598,2025-03-08 14:00:00,6023.129598797585,5911.19355996173,4597.652539511166
forecast_1599,2025-03-08 15:00:00,7303.666451084704,6934.1119175400045,6016.013992462872
forecast_1600,2025-03-08 16:00:00,7351.606857555072,6934.1119175400045,6016.013992462872
forecast_1601,2025-03-08 17:00:00,7351.606857555072,7432.272748055167,6242.862265799265
forecast_1602,2025-03-08 18:00:00,10128.625622170523,8730.745632276328,7323.177181632991
forecast_1603,2025-03-08 19:00:00,10128.625622170523,9513.765798056083,7494.079558482676
forecast_1604,2025-03-08 20:00:00,9598.54108419356,9869.9080318575,7494.079558482676
forecast_1605,2025-03-08 21:00:00,9598.54108419356,9964.9423959201,7494.079558482676
forecast_1606,2025-03-08 22:00:00,10537.089901289883,11666.862462639125,8662.183030417333
forecast_1607,2025-03-08 23:00:00,10929.38662144364,12021.684997626318,9822.756850622029
forecast_1608,2025-03-09 00:00:00,11049.63594792347,12637.657889259162,10244.07548174309
forecast_1609,2025-03-09 01:00:00,8072.272293926704,8692.66614859791,6286.536507953108
forecast_1610,2025-03-09 02:00:00,7783.738193884046,8263.314153339783,5975.129534733712
forecast_1611,2025-03-09 03:00:00,7760.748597871087,7919.303891147317,5870.984940866867
forecast_1612,2025-03-09 04:00:00,6984.591482699509,6986.756884662107,5428.313865624398
forecast_1613,2025-03-09 05:00:00,5958.203326753925,5776.238152380467,4864.469306382211
forecast_1614,2025-03-09 06:00:00,5566.628991438532,5227.033763674066,4421.645686569829
forecast_1615,2025-03-09 07:00:00,5182.51700022272,4951.594628663239,3910.808670917945
forecast_1616,2025-03-09 08:00:00,4004.3220086100323,3945.606233693206,3224.659791959977
forecast_1617,2025-03-09 09:00:00,3447.5565457173448,3751.239378268995,2840.795757033998
forecast_1618,2025-03-09 10:00:00,2876.993777606293,2703.423961683663,2533.9040588155012
forecast_1619,2025-03-09 11:00:00,2849.4588394836715,2615.59886148362,2292.1616897607955
forecast_1620,2025-03-09 12:00:00,2749.2055024842443,2386.412579645969,2087.559137527206
forecast_1621,2025-03-09 13:00:00,2749.2055024842443,2386.412579645969,2087.559137527206
forecast_1622,2025-03-09 14:00:00,2823.2660833877726,2557.99626424792,2248.6936466092034
forecast_1623,2025-03-09 15:00:00,2824.383610757385,2669.9641813365442,2376.5328122703745
forecast_1624,2025-03-09 16:00:00,2823.2660833877726,2655.6703856877625,2297.66889268646
forecast_1625,2025-03-09 17:00:00,2824.383610757385,2655.6703856877625,2297.66889268646
forecast_1626,2025-03-09 18:00:00,2846.256986948902,2655.6703856877625,2297.66889268646
forecast_1627,2025-03-09 19:00:00,3076.8979378399417,3163.528277344477,2592.419453094504
forecast_1628,2025-03-09 20:00:00,3104.273877013301,3311.9040984658086,2801.110529010116
forecast_1629,2025-03-09 21:00:00,3155.7246762647887,3345.7004550092306,2842.946960549521
forecast_1630,2025-03-09 22:00:00,3782.37789845681,3718.2508016390575,3513.2716520342306
forecast_1631,2025-03-09 23:00:00,4031.5374035247014,4045.268257267241,3631.006500082046
forecast_1632,2025-03-10 00:00:00,4053.225429412606,4263.324101082017,3662.6951477154466
forecast_1633,2025-03-10 01:00:00,6160.880359078149,6703.520498502015,4719.766888304319
forecast_1634,2025-03-10 02:00:00,7009.507846766025,7238.033832535635,4977.406116733002
forecast_1635,2025-03-10 03:00:00,7286.676579108889,7238.033832535635,5034.789488808781
forecast_1636,2025-03-10 04:00:00,7286.676579108889,7076.026227376269,5034.789488808781
forecast_1637,2025-03-10 05:00:00,6996.905821153867,6724.954131498936,4764.71611762388
forecast_1638,2025-03-10 06:00:00,6996.905821153867,6724.954131498936,4764.71611762388
forecast_1639,2025-03-10 07:00:00,7237.263519560705,6482.582149046377,4630.827394137731
forecast_1640,2025-03-10 08:00:00,7237.263519560705,6418.588330812968,4630.827394137731
forecast_1641,2025-03-10 09:00:00,5899.973182992098,5517.24732952749,3984.424864019452
forecast_1642,2025-03-10 10:00:00,4524.828125047626,4358.2505434641225,3471.1881929694964
forecast_1643,2025-03-10 11:00:00,4237.7918627659765,4223.647646469377,3390.681894782037
forecast_1644,2025-03-10 12:00:00,4021.1438327156307,4228.789525428979,3276.7644680173744
forecast_1645,2025-03-10 13:00:00,4021.1438327156307,4228.789525428979,3276.7644680173744
forecast_1646,2025-03-10 14:00:00,5121.249599760196,5332.737828628927,4161.806848017193
forecast_1647,2025-03-10 15:00:00,5817.25641910612,5903.062509214922,4752.1780446053135
forecast_1648,2025-03-10 16:00:00,6603.722504138939,6486.390483396709,4992.883586331819
forecast_1649,2025-03-10 17:00:00,6603.722504138939,7642.4409648233195,5756.312997836128
forecast_1650,2025-03-10 18:00:00,6575.251105859737,7753.295877834515,5794.917708942164
forecast_1651,2025-03-10 19:00:00,6575.251105859737,8717.895057363234,6080.916547918338
forecast_1652,2025-03-10 20:00:00,7620.290960148735,9399.694531359954,6904.651191541356
forecast_1653,2025-03-10 21:00:00,8871.72792701511,10690.867502304121,8004.233012005019
forecast_1654,2025-03-10 22:00:00,11171.350743634745,12614.915996041815,10545.929187869344
forecast_1655,2025-03-10 23:00:00,13784.108749852185,14754.077275878924,12772.095806517927
forecast_1656,2025-03-11 00:00:00,14533.207460501759,15676.49994518597,14122.768622097938
forecast_1657,2025-03-11 01:00:00,17231.847438967943,18043.870434293152,14871.631570648897
forecast_1658,2025-03-11 02:00:00,17525.529515788585,18130.79756665283,15011.093925117599
forecast_1659,2025-03-11 03:00:00,17525.529515788585,18264.827845591943,15320.414666327595
forecast_1660,2025-03-11 04:00:00,17356.52693636451,18264.827845591943,15320.414666327595
forecast_1661,2025-03-11 05:00:00,16374.814774412258,17852.94829231936,14587.44149211899
forecast_1662,2025-03-11 06:00:00,16344.516225314623,16573.619818953623,13621.120307037385
forecast_1663,2025-03-11 07:00:00,14880.06635304682,13016.10716218363,10462.494647416625
forecast_1664,2025-03-11 08:00:00,9490.37395704549,8070.473733387994,6949.2093685626
forecast_1665,2025-03-11 09:00:00,6410.045557505702,5335.113572694675,4529.773349311159
forecast_1666,2025-03-11 10:00:00,4657.928210442309,4008.2568352298417,3354.135328033814
forecast_1667,2025-03-11 11:00:00,3958.331131533678,3961.18824660229,3016.322637172634
forecast_1668,2025-03-11 12:00:00,3212.145214588334,3219.4571868709354,2790.53169901192
forecast_1669,2025-03-11 13:00:00,3182.956211641703,3219.4571868709354,2782.0900654513316
forecast_1670,2025-03-11 14:00:00,3212.145214588334,3314.2383853367114,2782.0900654513316
forecast_1671,2025-03-11 15:00:00,3250.056615049173,3345.661592322255,2782.0900654513316
forecast_1672,2025-03-11 16:00:00,3322.405236389858,3345.661592322255,2778.583729018263
forecast_1673,2025-03-11 17:00:00,3576.298745871657,3359.1010534912084,2823.841739949282
forecast_1674,2025-03-11 18:00:00,4144.418907490015,3926.1790864732966,2863.1585348429126
forecast_1675,2025-03-11 19:00:00,5103.790376929942,5569.912582885391,4172.7045611652475
forecast_1676,2025-03-11 20:00:00,6561.302851132714,6792.378742946623,4793.034147035048
forecast_1677,2025-03-11 21:00:00,8997.829003306624,8165.64484328266,6338.80651495535
forecast_1678,2025-03-11 22:00:00,10442.217031224658,9993.571701426712,7846.523344191677
forecast_1679,2025-03-11 23:00:00,14759.279065343464,15071.043538941016,13167.86391947822
forecast_1680,2025-03-12 00:00:00,15826.388220246437,16384.3079283954,14617.291694130425
forecast_1681,2025-03-12 01:00:00,15532.67392337001,16126.113781817963,13634.470100886138
forecast_1682,2025-03-12 02:00:00,15296.330845887336,16093.50929373041,13585.942710910685
forecast_1683,2025-03-12 03:00:00,14344.284761813935,15948.58834383712,12549.16007974312
forecast_1684,2025-03-12 04:00:00,14344.284761813935,15233.703083826684,12549.16007974312
forecast_1685,2025-03-12 05:00:00,15056.729084429802,15948.58834383712,13628.865725603784
forecast_1686,2025-03-12 06:00:00,17257.873582814424,17063.903842166983,15449.344669213384
forecast_1687,2025-03-12 07:00:00,18468.728818174313,18721.115690491722,16597.47710614987
forecast_1688,2025-03-12 08:00:00,18587.46824068982,19293.330019135778,17696.740758174674
forecast_1689,2025-03-12 09:00:00,18587.46824068982,19293.330019135778,17696.740758174674
forecast_1690,2025-03-12 10:00:00,18548.162163213856,19113.341910104427,17597.639974810714
forecast_1691,2025-03-12 11:00:00,17505.03988713434,17756.773642690958,16103.528170798201
forecast_1692,2025-03-12 12:00:00,17505.03988713434,17756.773642690958,16103.528170798201
forecast_1693,2025-03-12 13:00:00,17640.836538955158,18753.58726622923,16989.294850306203
forecast_1694,2025-03-12 14:00:00,17899.855374125094,18823.68032139923,17166.388389902255
forecast_1695,2025-03-12 15:00:00,18277.917329290798,18846.781471911097,17712.032250478147
forecast_1696,2025-03-12 16:00:00,18554.500628090645,18986.345169647302,18104.29783346514
forecast_1697,2025-03-12 17:00:00,18554.500628090645,18986.345169647302,18104.29783346514
forecast_1698,2025-03-12 18:00:00,18471.286706565883,18718.53039735894,17304.147174149017
forecast_1699,2025-03-12 19:00:00,16796.492738007775,17361.649825325057,15859.312076124439
forecast_1700,2025-03-12 20:00:00,14557.183548074197,15997.958101407567,14205.827522762396
forecast_1701,2025-03-12 21:00:00,13323.426980016831,14136.816518509679,12731.208290163977
forecast_1702,2025-03-12 22:00:00,12306.235964997872,12741.64869038462,11020.490364504562
forecast_1703,2025-03-12 23:00:00,12306.235964997872,12741.64869038462,11020.490364504562
forecast_1704,2025-03-13 00:00:00,12258.283019253806,13034.054025015297,11135.013447552803
forecast_1705,2025-03-13 01:00:00,13799.812173959914,14870.017689583645,11812.868838092361
forecast_1706,2025-03-13 02:00:00,14267.21467459583,15092.108200509994,11976.792599008328
forecast_1707,2025-03-13 03:00:00,14267.21467459583,15092.108200509994,11976.792599008328
forecast_1708,2025-03-13 04:00:00,14286.652887125365,15092.108200509994,11922.623127807574
forecast_1709,2025-03-13 05:00:00,14158.579399456514,15664.91226825557,11673.802946649355
forecast_1710,2025-03-13 06:00:00,13207.902024852392,15664.91226825557,11411.388842792645
forecast_1711,2025-03-13 07:00:00,11759.415884842188,14745.165782523336,10963.943732696467
forecast_1712,2025-03-13 08:00:00,11759.415884842188,14413.952700284499,9520.458159539538
forecast_1713,2025-03-13 09:00:00,11759.415884842188,13270.388794638002,9342.928244417431
forecast_1714,2025-03-13 10:00:00,10032.213101012103,10301.482233933426,7200.590368786396
forecast_1715,2025-03-13 11:00:00,6408.106194524911,5605.854538425586,4001.2215248640327
forecast_1716,2025-03-13 12:00:00,4304.672804627642,4318.879418180733,2952.5562384896725
forecast_1717,2025-03-13 13:00:00,4165.120341246606,3354.0067352836004,2682.429989131858
forecast_1718,2025-03-13 14:00:00,3350.9354250775978,3022.782172527229,2348.5429417853798
forecast_1719,2025-03-13 15:00:00,2913.369657034294,2860.5224463007535,2331.883926014452
forecast_1720,2025-03-13 16:00:00,2718.071849955081,2451.683772937959,1922.5820852068402
forecast_1721,2025-03-13 17:00:00,2718.071849955081,2451.683772937959,1922.5820852068402
forecast_1722,2025-03-13 18:00:00,3233.2924185022043,2564.041698965436,2222.265851204881
forecast_1723,2025-03-13 19:00:00,3253.7277331708024,2628.46837977005,2230.954580285425
forecast_1724,2025-03-13 20:00:00,3617.551627763833,3150.782087336375,2512.262774926476
forecast_1725,2025-03-13 21:00:00,3882.171912980507,3366.583743664503,2768.3855575811303
forecast_1726,2025-03-13 22:00:00,4581.651705173447,4577.973668027516,3430.4232040701086
forecast_1727,2025-03-13 23:00:00,4581.651705173447,4577.973668027516,3430.4232040701086
forecast_1728,2025-03-14 00:00:00,4619.020824295836,4762.7024455918745,3260.6145360280357
forecast_1729,2025-03-14 01:00:00,3599.4872173177146,3529.2562514370056,2467.7277031694393
forecast_1730,2025-03-14 02:00:00,3210.73940806066,3199.4504994274103,2222.361112467918
forecast_1731,2025-03-14 03:00:00,3149.8343064867877,3199.4504994274103,2222.361112467918
forecast_1732,2025-03-14 04:00:00,2997.034097632102,2994.628636083498,2209.8979831888323
forecast_1733,2025-03-14 05:00:00,2946.6752529395126,2871.3034684429476,2209.8979831888323
forecast_1734,2025-03-14 06:00:00,2693.505804884625,2408.859007387361,1896.185804447825
forecast_1735,2025-03-14 07:00:00,2693.505804884625,2408.859007387361,1896.185804447825
forecast_1736,2025-03-14 08:00:00,2603.368970028982,2408.859007387361,2025.150947144038
forecast_1737,2025-03-14 09:00:00,2522.996852875464,2408.80924681533,2025.150947144038
forecast_1738,2025-03-14 10:00:00,2472.2040215244806,2408.80924681533,1974.7661844111929
forecast_1739,2025-03-14 11:00:00,2472.2040215244806,2455.862215958631,1974.7661844111929
forecast_1740,2025-03-14 12:00:00,2536.6117919717735,2624.8887542520774,2058.8033254183947
forecast_1741,2025-03-14 13:00:00,2596.0645183701267,2688.6340919115028,2154.8705589559877
forecast_1742,2025-03-14 14:00:00,2829.3811515771004,2688.6340919115028,2316.699476683524
forecast_1743,2025-03-14 15:00:00,2935.634529487374,2676.0588391751685,2316.699476683524
forecast_1744,2025-03-14 16:00:00,2935.634529487374,2522.377581213563,2235.143867393371
forecast_1745,2025-03-14 17:00:00,2657.662494233802,2472.2993083865995,1959.671137425758
forecast_1746,2025-03-14 18:00:00,2657.662494233802,2522.377581213563,1959.671137425758
forecast_1747,2025-03-14 19:00:00,3015.0442361500136,2878.4409430408605,2369.874364670389
forecast_1748,2025-03-14 20:00:00,3055.739885769788,2911.130320576602,2384.876410816522
forecast_1749,2025-03-14 21:00:00,3055.739885769788,2965.725219343841,2513.6109629094008
forecast_1750,2025-03-14 22:00:00,3348.919022308565,3619.4267076958085,3081.0198106174603
forecast_1751,2025-03-14 23:00:00,3558.298804862255,3673.807447358323,3138.110450025603
forecast_1752,2025-03-15 00:00:00,3632.444907973537,3708.3798446212313,3186.190855524846
forecast_1753,2025-03-15 01:00:00,4155.992999232303,4102.720376888829,3494.502444074811
forecast_1754,2025-03-15 02:00:00,4164.631190194795,4259.398623026024,3579.8003095741597
forecast_1755,2025-03-15 03:00:00,4614.303937962564,4752.112476526834,4074.0891011211397
forecast_1756,2025-03-15 04:00:00,5085.233426529749,5449.843271105895,4189.679843051679
forecast_1757,2025-03-15 05:00:00,5327.3764758569105,7670.430446528914,5440.9810838125495
forecast_1758,2025-03-15 06:00:00,5361.124115809299,8619.337287232895,5468.01527797527
forecast_1759,2025-03-15 07:00:00,6582.257969780391,9178.419602689122,6461.730332143495
forecast_1760,2025-03-15 08:00:00,6597.522984550317,9444.922582220463,6815.025443464622
forecast_1761,2025-03-15 09:00:00,7183.664623124438,10836.667547870285,8214.046578303261
forecast_1762,2025-03-15 10:00:00,7494.56478009486,10836.667547870285,8413.96736964589
forecast_1763,2025-03-15 11:00:00,7494.56478009486,10555.66189499161,8413.96736964589
forecast_1764,2025-03-15 12:00:00,6418.70268715945,8900.951901648874,6471.769362113189
forecast_1765,2025-03-15 13:00:00,5772.175179560705,7870.011256788026,6090.584123197936
forecast_1766,2025-03-15 14:00:00,4933.104273240383,4962.231368830513,4079.026475680273
forecast_1767,2025-03-15 15:00:00,3625.7223588510983,3715.1109068547094,3384.3155291807698
forecast_1768,2025-03-15 16:00:00,3589.660490305002,3715.1109068547094,3378.3117034795455
forecast_1769,2025-03-15 17:00:00,3421.8629259139752,3808.736703179761,3384.3155291807698
forecast_1770,2025-03-15 18:00:00,3288.1345791696854,3808.736703179761,3378.3117034795455
forecast_1771,2025-03-15 19:00:00,2984.2788356234223,3919.8772292687854,3041.142009226357
forecast_1772,2025-03-15 20:00:00,2871.222201402322,3765.7226832556094,2906.4970769343536
forecast_1773,2025-03-15 21:00:00,2871.222201402322,3794.9130518828038,2906.4970769343536
forecast_1774,2025-03-15 22:00:00,3323.1445372505427,3595.6485090469773,2927.544497624581
forecast_1775,2025-03-15 23:00:00,3323.1445372505427,3507.8290266802187,2927.544497624581
forecast_1776,2025-03-16 00:00:00,3265.321314828986,3473.2720925733347,2904.9705047016496
forecast_1777,2025-03-16 01:00:00,2957.718475960334,2819.5342580145434,2564.7071246967957
forecast_1778,2025-03-16 02:00:00,2900.4321464852696,2786.1163069505037,2484.7252849369083
forecast_1779,2025-03-16 03:00:00,2759.756838167547,2610.8887030797378,2345.361931236417
forecast_1780,2025-03-16 04:00:00,2667.020929298934,2610.8887030797378,2328.0023004761024
forecast_1781,2025-03-16 05:00:00,2630.165881837483,2543.692302238096,2306.826613325544
forecast_1782,2025-03-16 06:00:00,2626.753735079524,2664.8008983463405,2225.897295743473
forecast_1783,2025-03-16 07:00:00,2630.165881837483,2668.879400433632,2225.897295743473
forecast_1784,2025-03-16 08:00:00,2655.2493234167046,2744.9645118516187,2401.5093846450845
forecast_1785,2025-03-16 09:00:00,2827.9004610466063,2807.289450477735,2543.0783378734377
forecast_1786,2025-03-16 10:00:00,3048.612874814678,2992.641277152747,2568.8486503315967
forecast_1787,2025-03-16 11:00:00,3048.612874814678,2992.641277152747,2856.1470902902183
forecast_1788,2025-03-16 12:00:00,3263.978969362501,3402.686873033252,2932.6689146881167
forecast_1789,2025-03-16 13:00:00,3350.2465400760675,3729.6763221458104,2952.247753323746
forecast_1790,2025-03-16 14:00:00,3779.6094564294845,5076.34014024155,3822.8408508120046
forecast_1791,2025-03-16 15:00:00,5485.341606941704,8429.27589592573,6140.06392153824
forecast_1792,2025-03-16 16:00:00,6960.9406659951155,8936.988101138086,7135.206578321398
forecast_1793,2025-03-16 17:00:00,8383.189240726118,9942.291580410774,7760.451964686904
forecast_1794,2025-03-16 18:00:00,9058.81004266979,10862.771029855383,8726.911907972839
forecast_1795,2025-03-16 19:00:00,9262.884509965636,11177.326214106375,8844.985495153061
forecast_1796,2025-03-16 20:00:00,11752.330479278422,11177.326214106375,10026.143462679302
forecast_1797,2025-03-16 21:00:00,11866.878251336395,11546.887226455026,10105.536860813281
forecast_1798,2025-03-16 22:00:00,11866.878251336395,11768.69400361917,10105.536860813281
forecast_1799,2025-03-16 23:00:00,9721.13574554041,11768.69400361917,9257.035762060841
forecast_1800,2025-03-17 00:00:00,8937.730739806211,11158.680684418812,8808.705060052262
forecast_1801,2025-03-17 01:00:00,12000.75541815368,12425.824382914163,10947.568763186639
forecast_1802,2025-03-17 02:00:00,11802.179202865687,11689.68311295189,10445.334687962482
forecast_1803,2025-03-17 03:00:00,11783.203221989917,11224.311247213036,10037.925342998527
forecast_1804,2025-03-17 04:00:00,10175.635448032803,9722.993950950655,8302.225482244346
forecast_1805,2025-03-17 05:00:00,9432.275633413163,8310.236108440205,6774.065416150224
forecast_1806,2025-03-17 06:00:00,7978.097711139429,6548.62147336424,5999.6951953364005
forecast_1807,2025-03-17 07:00:00,5518.718904767751,4983.081845276737,3677.233357623162
forecast_1808,2025-03-17 08:00:00,4639.50410712062,4285.853183887191,3412.33746243005
forecast_1809,2025-03-17 09:00:00,4639.50410712062,4285.853183887191,3412.33746243005
forecast_1810,2025-03-17 10:00:00,4717.76688686801,4944.2154785856965,3957.4773696669645
forecast_1811,2025-03-17 11:00:00,5227.574375254082,5404.747445228766,4191.922903647574
forecast_1812,2025-03-17 12:00:00,6478.374953630975,7171.283947359072,5960.1483598738605
forecast_1813,2025-03-17 13:00:00,8341.51127107891,8137.111942324445,6794.80356578787
forecast_1814,2025-03-17 14:00:00,8437.685509121942,8180.9860951822775,7285.920183915761
forecast_1815,2025-03-17 15:00:00,9222.280010694976,8225.900025948347,7285.920183915761
forecast_1816,2025-03-17 16:00:00,9224.20866232099,8482.710427169472,7069.105364072389
forecast_1817,2025-03-17 17:00:00,9224.20866232099,8482.710427169472,6763.8224329865025
forecast_1818,2025-03-17 18:00:00,8024.671588568696,8482.710427169472,6763.8224329865025
forecast_1819,2025-03-17 19:00:00,8024.671588568696,8592.088937030618,7131.058887293019
forecast_1820,2025-03-17 20:00:00,9885.535302333103,9918.983584974489,8685.089764812941
forecast_1821,2025-03-17 21:00:00,11274.774460105333,12211.155806845072,10105.079156589785
forecast_1822,2025-03-17 22:00:00,11274.774460105333,12237.905799820435,10105.079156589785
forecast_1823,2025-03-17 23:00:00,10425.786123049604,12237.905799820435,10066.786708506921
forecast_1824,2025-03-18 00:00:00,9825.398105484765,11657.827211151885,9049.60448341541
forecast_1825,2025-03-18 01:00:00,5961.192910509331,9524.36036006644,6423.488289555415
forecast_1826,2025-03-18 02:00:00,5558.146404287317,8658.939033034292,6037.157087936955
forecast_1827,2025-03-18 03:00:00,4902.471116711075,6657.903207771213,4390.949377251318
forecast_1828,2025-03-18 04:00:00,4301.60582945513,5382.488377868698,3747.843690829673
forecast_1829,2025-03-18 05:00:00,4150.8117592567705,4871.643541516452,3442.5206846947503
forecast_1830,2025-03-18 06:00:00,4081.1835415983164,4478.1216895721645,2870.702025848226
forecast_1831,2025-03-18 07:00:00,4081.1835415983164,4478.1216895721645,2870.702025848226
forecast_1832,2025-03-18 08:00:00,4092.597274575088,4534.429185801525,2915.3872112451763
forecast_1833,2025-03-18 09:00:00,4092.597274575088,4534.429185801525,2944.378517989989
forecast_1834,2025-03-18 10:00:00,3481.5193427437553,3590.7217915551687,2944.378517989989
forecast_1835,2025-03-18 11:00:00,3164.5398600590574,3047.7562862887544,2572.4729500209205
forecast_1836,2025-03-18 12:00:00,3164.5398600590574,3047.7562862887544,2572.4729500209205
forecast_1837,2025-03-18 13:00:00,3702.960815441607,3681.0542791028674,3285.6782631381893
forecast_1838,2025-03-18 14:00:00,5259.3733505203545,4940.490851624269,3969.016774108645
forecast_1839,2025-03-18 15:00:00,7640.734632329792,7495.322021421195,6260.447585409428
forecast_1840,2025-03-18 16:00:00,10532.97927132268,9725.242197223499,8276.31704820688
forecast_1841,2025-03-18 17:00:00,11616.372632968312,11195.28247237298,10139.999794656032
forecast_1842,2025-03-18 18:00:00,11815.786954369778,12370.144233084828,10665.003355548097
forecast_1843,2025-03-18 19:00:00,12412.182046951688,13530.612435188687,11751.417849257816
forecast_1844,2025-03-18 20:00:00,12412.182046951688,13530.612435188687,11751.417849257816
forecast_1845,2025-03-18 21:00:00,10527.878608123177,11635.570844251293,9842.879126750715
forecast_1846,2025-03-18 22:00:00,9454.342896134785,10326.65467687028,7953.182388911549
forecast_1847,2025-03-18 23:00:00,7495.404767978116,8718.109740131269,6498.1751117936055
forecast_1848,2025-03-19 00:00:00,6814.983176413538,7387.652560993574,5431.166370166663
forecast_1849,2025-03-19 01:00:00,3660.30884757898,3559.0427553237096,3012.2193495567235
forecast_1850,2025-03-19 02:00:00,3635.850439393688,3606.9835532848783,2992.0788983859775
forecast_1851,2025-03-19 03:00:00,3684.7672557642727,3619.434317643589,2992.0788983859775
forecast_1852,2025-03-19 04:00:00,4276.165174180024,4191.182637765863,3220.9981268994025
forecast_1853,2025-03-19 05:00:00,4399.461930955992,4483.090325194628,3240.7861442577127
forecast_1854,2025-03-19 06:00:00,4671.857369540208,4544.303349517412,3364.1681424373464
forecast_1855,2025-03-19 07:00:00,5358.833195095667,5357.358161556001,3858.4614360127734
forecast_1856,2025-03-19 08:00:00,6190.563108035845,6658.432876013516,4853.702948692994
forecast_1857,2025-03-19 09:00:00,6361.228193464348,6811.367942100228,4859.8086154603825
forecast_1858,2025-03-19 10:00:00,6502.5250398592925,6811.367942100228,5535.997344783663
forecast_1859,2025-03-19 11:00:00,6767.343691433694,6930.918108661974,5936.323971023896
forecast_1860,2025-03-19 12:00:00,7447.141070944085,7349.899012815526,5987.405028900024
forecast_1861,2025-03-19 13:00:00,7653.074455203909,7349.899012815526,5987.405028900024
forecast_1862,2025-03-19 14:00:00,8191.566190351856,7892.79336393773,6725.615553137579
forecast_1863,2025-03-19 15:00:00,8911.68600602691,8542.115448996165,7383.515293693157
forecast_1864,2025-03-19 16:00:00,10323.649963706435,9631.322557608164,8557.88839886178
forecast_1865,2025-03-19 17:00:00,10941.584905854665,10399.254754759173,8853.053904254924
forecast_1866,2025-03-19 18:00:00,12464.811308620108,12310.06817727664,10629.816385068469
forecast_1867,2025-03-19 19:00:00,12542.944533947284,12317.927837200612,11055.028165685684
forecast_1868,2025-03-19 20:00:00,12780.068785418935,12824.611924229914,11642.843422829617
forecast_1869,2025-03-19 21:00:00,12945.047987493119,14301.149308765216,12541.486888585106
forecast_1870,2025-03-19 22:00:00,13187.323975415871,16845.15958011711,13923.773773613502
forecast_1871,2025-03-19 23:00:00,13896.555599176403,17159.76383888247,14149.628794857572
forecast_1872,2025-03-20 00:00:00,13956.468605299851,17012.238395319837,14352.111797795289
forecast_1873,2025-03-20 01:00:00,15798.839757652542,18316.289107681936,15423.711462079913
forecast_1874,2025-03-20 02:00:00,16153.440837822785,18435.7011794779,15578.507560263315
forecast_1875,2025-03-20 03:00:00,16440.619793052658,18635.050348817775,15869.167908389074
forecast_1876,2025-03-20 04:00:00,16517.720123847474,18649.699099692825,16325.355138212335
forecast_1877,2025-03-20 05:00:00,16553.4922061623,18747.459947070398,16766.712119303855
forecast_1878,2025-03-20 06:00:00,16831.263139709383,19447.526079285177,17875.862838033474
forecast_1879,2025-03-20 07:00:00,17513.21209300159,19447.526079285177,18109.140996553826
forecast_1880,2025-03-20 08:00:00,17513.21209300159,19230.283765831653,18109.140996553826
forecast_1881,2025-03-20 09:00:00,17369.356561712724,18861.852408218216,17459.891853203997
forecast_1882,2025-03-20 10:00:00,15913.250457093813,18357.169279565373,16690.55401866588
forecast_1883,2025-03-20 11:00:00,15492.212340049873,18033.267871054733,15818.237085748444
forecast_1884,2025-03-20 12:00:00,15492.212340049873,17365.150591046066,15818.237085748444
forecast_1885,2025-03-20 13:00:00,16713.003089689235,17365.150591046066,16366.900003181849
forecast_1886,2025-03-20 14:00:00,17561.648718744942,18166.50109134046,17124.704919479616
forecast_1887,2025-03-20 15:00:00,17953.707224417605,18426.64890700223,17888.68964359621
forecast_1888,2025-03-20 16:00:00,18381.580103933993,18616.017700016742,18353.596729679062
forecast_1889,2025-03-20 17:00:00,18830.05464162936,18668.726093625017,18870.170428260422
forecast_1890,2025-03-20 18:00:00,18831.1144576929,18905.738868801185,18870.170428260422
forecast_1891,2025-03-20 19:00:00,19156.93346515583,19426.22922348619,18870.170428260422
forecast_1892,2025-03-20 20:00:00,19156.93346515583,19518.096190542725,18961.895313856126
forecast_1893,2025-03-20 21:00:00,19044.336701041408,19529.24990721672,19175.847077237257
forecast_1894,2025-03-20 22:00:00,18926.024452621583,19529.24990721672,19175.847077237257
forecast_1895,2025-03-20 23:00:00,18428.126771520645,19529.24990721672,18584.49240168177
forecast_1896,2025-03-21 00:00:00,17978.52654185783,19132.317824415055,18286.321072513954
forecast_1897,2025-03-21 01:00:00,18511.911212143852,19435.57758666248,18877.255655422174
forecast_1898,2025-03-21 02:00:00,18639.678643005405,19403.92637029566,18937.644668334535
forecast_1899,2025-03-21 03:00:00,18720.458026753175,19435.21033518797,18964.228784929346
forecast_1900,2025-03-21 04:00:00,18723.512329347708,19435.21033518797,19237.78068488588
forecast_1901,2025-03-21 05:00:00,18873.577796257323,19597.73902714862,19432.755670444953
forecast_1902,2025-03-21 06:00:00,18880.83752100108,19597.73902714862,19432.755670444953
forecast_1903,2025-03-21 07:00:00,19172.799890280705,19680.778985559336,19255.75592626996
forecast_1904,2025-03-21 08:00:00,19172.799890280705,19680.778985559336,19255.75592626996
forecast_1905,2025-03-21 09:00:00,19129.805254350314,19724.7470574575,19191.081952932793
forecast_1906,2025-03-21 10:00:00,18383.418083520213,19724.7470574575,19046.103567465667
forecast_1907,2025-03-21 11:00:00,18184.82845456449,19548.492955888916,18706.58613195643
forecast_1908,2025-03-21 12:00:00,17960.218420650028,19211.384822148197,18196.10200613866
forecast_1909,2025-03-21 13:00:00,17854.873625500426,19153.958629261535,17766.92241593888
forecast_1910,2025-03-21 14:00:00,17427.27532196186,19082.73926503046,17719.943154350607
forecast_1911,2025-03-21 15:00:00,17106.08483359859,18877.64133580256,16981.431063608405
forecast_1912,2025-03-21 16:00:00,17054.10966980411,18877.64133580256,16981.431063608405
forecast_1913,2025-03-21 17:00:00,17054.10966980411,18948.72802482814,17144.124812768285
forecast_1914,2025-03-21 18:00:00,17456.60078534035,19094.905927170053,17640.56027612608
forecast_1915,2025-03-21 19:00:00,17456.60078534035,19094.905927170053,18033.392470545434
forecast_1916,2025-03-21 20:00:00,17622.006838444766,19199.25259731964,18063.481146379352
forecast_1917,2025-03-21 21:00:00,17513.96242429324,18927.287858597072,18352.61156088896
forecast_1918,2025-03-21 22:00:00,17622.006838444766,19132.730591661657,18571.782897251887
forecast_1919,2025-03-21 23:00:00,17699.835198984423,19132.730591661657,18614.149139414953
forecast_1920,2025-03-22 00:00:00,17915.091109499666,19302.14537656522,18783.838086643736
forecast_1921,2025-03-22 01:00:00,18291.125703423877,19795.649213552653,18599.45340408392
forecast_1922,2025-03-22 02:00:00,18271.711924348052,19657.899959573293,18449.646186930633
forecast_1923,2025-03-22 03:00:00,17814.30196605766,18881.65567437498,17532.19822125475
forecast_1924,2025-03-22 04:00:00,17696.575224860793,18854.554001443343,17440.328686144025
forecast_1925,2025-03-22 05:00:00,17696.575224860793,18854.554001443343,17440.328686144025
forecast_1926,2025-03-22 06:00:00,18045.88526096687,18971.5057880999,17617.86580933755
forecast_1927,2025-03-22 07:00:00,18457.557297738007,18984.96618560335,17707.537538720877
forecast_1928,2025-03-22 08:00:00,18457.557297738007,18998.21989685526,17792.136448901874
forecast_1929,2025-03-22 09:00:00,18132.33603546387,19372.859270304354,18137.54845247283
forecast_1930,2025-03-22 10:00:00,17759.32774908161,19595.6001840863,18137.54845247283
forecast_1931,2025-03-22 11:00:00,17600.191014452863,19595.6001840863,17962.60814957937
forecast_1932,2025-03-22 12:00:00,17448.72641030323,19117.29345550639,17844.325193347227
forecast_1933,2025-03-22 13:00:00,17360.51122345734,18307.122909761925,17778.36584011156
forecast_1934,2025-03-22 14:00:00,17277.91753646936,18275.57040890844,17595.407563920267
forecast_1935,2025-03-22 15:00:00,16125.405114873967,17763.244357440493,17131.186922325825
forecast_1936,2025-03-22 16:00:00,15557.598466620042,17196.450096493732,16583.59793929301
forecast_1937,2025-03-22 17:00:00,15423.10374710758,16900.689452450824,16262.866480620552
forecast_1938,2025-03-22 18:00:00,15423.10374710758,16900.689452450824,16262.866480620552
forecast_1939,2025-03-22 19:00:00,16539.286915659253,18739.75491977913,17539.024651833428
forecast_1940,2025-03-22 20:00:00,16910.395083918986,18769.530277726462,18195.58354600642
forecast_1941,2025-03-22 21:00:00,17263.471385039004,18965.39505643332,18252.562626714152
forecast_1942,2025-03-22 22:00:00,17701.466248789722,18947.034300671592,18252.562626714152
forecast_1943,2025-03-22 23:00:00,17756.319580429583,19108.83181695689,17930.121977867995
forecast_1944,2025-03-23 00:00:00,17775.212079538203,19056.584720561226,17898.66160245969
forecast_1945,2025-03-23 01:00:00,15279.545367969466,17030.355595507783,14990.202698453053
forecast_1946,2025-03-23 02:00:00,15010.60450955442,17068.264221655652,15122.225245403712
forecast_1947,2025-03-23 03:00:00,14964.041532576797,16885.961726800364,15088.851339783549
forecast_1948,2025-03-23 04:00:00,14964.041532576797,16885.961726800364,15088.851339783549
forecast_1949,2025-03-23 05:00:00,14535.049212521772,16209.990820661886,14184.448384566194
forecast_1950,2025-03-23 06:00:00,12807.256989768683,14797.391364542043,11347.89261255184
forecast_1951,2025-03-23 07:00:00,9801.930395416168,11106.485440282546,7934.810343691906
forecast_1952,2025-03-23 08:00:00,5626.607044880691,6791.709032893554,4702.754569831203
forecast_1953,2025-03-23 09:00:00,4879.141791306824,4713.946797145424,3616.9591348151735
forecast_1954,2025-03-23 10:00:00,3780.1053630078195,3615.7390957272073,2823.367450764028
forecast_1955,2025-03-23 11:00:00,3772.4603702327413,3536.3911452384373,2713.5858343355753
forecast_1956,2025-03-23 12:00:00,3530.9042007323746,3601.869674860821,2788.029603804611
forecast_1957,2025-03-23 13:00:00,3356.0618195214183,3536.3911452384373,2612.618363952852
forecast_1958,2025-03-23 14:00:00,3356.0618195214183,3601.869674860821,2788.029603804611
forecast_1959,2025-03-23 15:00:00,3639.3423419465216,4035.30156617623,2857.099684585582
forecast_1960,2025-03-23 16:00:00,4477.5438582980005,5952.512785683265,4252.789939350538
forecast_1961,2025-03-23 17:00:00,4602.594522199183,6646.087767364086,4461.566961773136
forecast_1962,2025-03-23 18:00:00,4611.3162362756,7050.74447269243,4524.602387646613
forecast_1963,2025-03-23 19:00:00,5453.427161299537,7599.3062316261085,4898.685014117671
forecast_1964,2025-03-23 20:00:00,5887.187952741928,8606.264855254734,5666.821151277938
forecast_1965,2025-03-23 21:00:00,8101.368476162572,10818.13119788096,7278.990940004609
forecast_1966,2025-03-23 22:00:00,9175.918606866604,13097.666402721,9146.348086719636
forecast_1967,2025-03-23 23:00:00,10988.722846079163,14846.758859855147,11493.990553069278
forecast_1968,2025-03-24 00:00:00,11661.416037556348,15415.199169615647,12261.610655537603
forecast_1969,2025-03-24 01:00:00,11922.906963035823,14663.579489933316,11552.284503465264
forecast_1970,2025-03-24 02:00:00,12037.009695957582,14688.218592098525,11832.406254854384
forecast_1971,2025-03-24 03:00:00,12037.009695957582,14688.218592098525,11832.406254854384
forecast_1972,2025-03-24 04:00:00,10391.833172728937,14199.179426821556,10763.316465138956
forecast_1973,2025-03-24 05:00:00,10391.833172728937,14199.179426821556,10763.316465138956
forecast_1974,2025-03-24 06:00:00,12549.695938688476,15697.36007803206,12655.656993859986
forecast_1975,2025-03-24 07:00:00,13261.498941094489,15697.36007803206,13136.802682107998
forecast_1976,2025-03-24 08:00:00,13261.498941094489,15884.98875581802,14270.322216561364
forecast_1977,2025-03-24 09:00:00,13261.498941094489,15608.102106066319,13590.016789779149
forecast_1978,2025-03-24 10:00:00,13759.472226237733,15404.8380423695,13590.016789779149
forecast_1979,2025-03-24 11:00:00,14046.06924113901,15404.8380423695,13590.016789779149
forecast_1980,2025-03-24 12:00:00,14358.082179863744,15661.155566880703,13755.764921059841
forecast_1981,2025-03-24 13:00:00,14715.933134373554,15661.155566880703,14350.055849342116
forecast_1982,2025-03-24 14:00:00,14358.082179863744,15635.829723458553,13755.764921059841
forecast_1983,2025-03-24 15:00:00,14087.952286640797,15547.874726163029,13887.142326477056
forecast_1984,2025-03-24 16:00:00,13829.501206588655,15024.469732015166,13428.847384825975
forecast_1985,2025-03-24 17:00:00,13092.510263927335,14771.064967092592,13428.847384825975
forecast_1986,2025-03-24 18:00:00,12877.81419076421,14707.546047270414,13428.847384825975
forecast_1987,2025-03-24 19:00:00,12855.043041890764,14428.415605319291,13422.612133734283
forecast_1988,2025-03-24 20:00:00,12877.81419076421,14707.546047270414,13631.776115091217
forecast_1989,2025-03-24 21:00:00,13374.560986343105,15376.450400285757,14062.565726778203
forecast_1990,2025-03-24 22:00:00,13893.537423974733,15876.843480564228,14591.47283403965
forecast_1991,2025-03-24 23:00:00,15852.915620756141,18100.370229639513,16550.701599999196
forecast_1992,2025-03-25 00:00:00,15865.828925561058,18194.17154767298,16690.45799199773
forecast_1993,2025-03-25 01:00:00,16588.96253879609,18621.524786410962,16844.63214957357
forecast_1994,2025-03-25 02:00:00,16429.797754696378,18299.8623184013,16356.924685154881
forecast_1995,2025-03-25 03:00:00,14938.014312839205,17221.692178292502,14459.485790799557
forecast_1996,2025-03-25 04:00:00,12713.28291553172,13319.99221288455,11139.498891635601
forecast_1997,2025-03-25 05:00:00,8422.345455842162,10629.670660454616,7383.857096802005
forecast_1998,2025-03-25 06:00:00,7383.61006338888,9714.03038246598,6214.008547437801
forecast_1999,2025-03-25 07:00:00,7383.61006338888,9714.03038246598,6214.008547437801
forecast_2000,2025-03-25 08:00:00,7383.61006338888,11186.890005110818,7465.046173317498
forecast_2001,2025-03-25 09:00:00,7665.1280100729855,11206.0943429229,7559.126643619951
forecast_2002,2025-03-25 10:00:00,7665.1280100729855,11317.021153797697,8564.955884696004
forecast_2003,2025-03-25 11:00:00,8705.038817526542,11317.021153797697,8787.22446401029
forecast_2004,2025-03-25 12:00:00,10173.94331059556,13864.144505183902,10981.441301782335
forecast_2005,2025-03-25 13:00:00,11406.349170371366,14422.976031700047,12545.879887676347
forecast_2006,2025-03-25 14:00:00,13062.624845172373,16193.259673922099,15007.06499306743
forecast_2007,2025-03-25 15:00:00,14394.486854658488,17360.944104992504,16896.515676727307
forecast_2008,2025-03-25 16:00:00,15147.363246533054,17573.530134596025,17361.537140708464
forecast_2009,2025-03-25 17:00:00,16451.269620380608,17626.246130015297,17500.59676586956
forecast_2010,2025-03-25 18:00:00,16451.269620380608,17626.246130015297,17604.86606232371
forecast_2011,2025-03-25 19:00:00,16314.908263167192,17607.001509117654,17685.051934653864
forecast_2012,2025-03-25 20:00:00,16314.908263167192,17607.001509117654,17685.051934653864
forecast_2013,2025-03-25 21:00:00,16995.47833309152,18325.231745519417,18114.224621774385
forecast_2014,2025-03-25 22:00:00,17063.98469683841,18572.235698900324,18114.224621774385
forecast_2015,2025-03-25 23:00:00,17205.718433923357,18777.397144800398,17707.03135673558
forecast_2016,2025-03-26 00:00:00,17144.698226290988,18783.939483463044,17632.409850233827
forecast_2017,2025-03-26 01:00:00,16403.285785022337,18004.918588528337,16561.076421976057
forecast_2018,2025-03-26 02:00:00,15824.071911384988,17938.631659584185,16505.71826705642
forecast_2019,2025-03-26 03:00:00,15621.374663132854,17242.308006229225,15774.904011032146
forecast_2020,2025-03-26 04:00:00,14265.016631594908,15363.757748430202,13805.274477083454
forecast_2021,2025-03-26 05:00:00,13901.878147069492,15334.303136339722,12493.644188533895
forecast_2022,2025-03-26 06:00:00,10836.56632635283,12231.355766338445,8745.8238537039
forecast_2023,2025-03-26 07:00:00,8393.09658555983,9680.238670584076,6486.603710773152
forecast_2024,2025-03-26 08:00:00,4468.455681431828,5118.230177403899,2744.5077025497576
forecast_2025,2025-03-26 09:00:00,4294.45834799294,4025.92761717114,2480.0027153418623
forecast_2026,2025-03-26 10:00:00,3500.8031517922936,3914.5376614335864,2480.0027153418623
forecast_2027,2025-03-26 11:00:00,3340.955666716247,3914.5376614335864,2571.6537690179507
forecast_2028,2025-03-26 12:00:00,3264.719321405591,3914.5376614335864,2571.6537690179507
forecast_2029,2025-03-26 13:00:00,3192.2565784915714,3938.726882577924,2462.7763303797065
forecast_2030,2025-03-26 14:00:00,3192.2565784915714,3963.364639493647,2462.7763303797065
forecast_2031,2025-03-26 15:00:00,3980.821614948444,5133.865488721527,3608.8398128987465
forecast_2032,2025-03-26 16:00:00,4255.880619359635,5333.289109734204,3608.8398128987465
forecast_2033,2025-03-26 17:00:00,4422.8539448300735,5519.571988301907,3608.8398128987465
forecast_2034,2025-03-26 18:00:00,5744.083143220558,7589.808537218681,5049.204001511543
forecast_2035,2025-03-26 19:00:00,7699.815247175747,9354.246246927685,6292.374758002853
forecast_2036,2025-03-26 20:00:00,8917.866266853025,10507.849928166546,7763.321813060538
forecast_2037,2025-03-26 21:00:00,10068.06071656986,11906.739184104657,8740.131481807044
forecast_2038,2025-03-26 22:00:00,11873.939295833876,14677.312564529075,10832.84917132055
forecast_2039,2025-03-26 23:00:00,13258.368928507402,17077.226350244477,14949.658069290177
forecast_2040,2025-03-27 00:00:00,13774.925555320757,17422.214807879347,15323.092559890121
forecast_2041,2025-03-27 01:00:00,15567.878175150403,18834.15631617329,15898.516931173768
forecast_2042,2025-03-27 02:00:00,15755.704130884082,18913.66930603338,16204.48987028857
forecast_2043,2025-03-27 03:00:00,15843.402439286894,18913.66930603338,17082.14618846021
forecast_2044,2025-03-27 04:00:00,15755.704130884082,18873.513908085908,17082.14618846021
forecast_2045,2025-03-27 05:00:00,14194.510383454379,17028.23585118491,15623.320996401313
forecast_2046,2025-03-27 06:00:00,13136.555143722257,15524.155528097495,14111.94839159476
forecast_2047,2025-03-27 07:00:00,13136.555143722257,15524.155528097495,14111.94839159476
forecast_2048,2025-03-27 08:00:00,13136.555143722257,15894.426275396865,14390.474276401734
forecast_2049,2025-03-27 09:00:00,12610.152234135923,15894.426275396865,14390.474276401734
forecast_2050,2025-03-27 10:00:00,10264.061080839994,13862.417394481256,12025.160326368512
forecast_2051,2025-03-27 11:00:00,10076.925052562325,13292.234007524332,11901.732575739878
forecast_2052,2025-03-27 12:00:00,9794.25883938599,12257.235327258059,10629.0081188025
forecast_2053,2025-03-27 13:00:00,8850.559560173064,10960.311534709846,9028.821632353025
forecast_2054,2025-03-27 14:00:00,8850.559560173064,10960.311534709846,9028.821632353025
forecast_2055,2025-03-27 15:00:00,8684.740344576858,9054.890932219649,7801.051546742482
forecast_2056,2025-03-27 16:00:00,7383.977165736903,7552.169506685658,5892.947120661296
forecast_2057,2025-03-27 17:00:00,7383.977165736903,7552.169506685658,5892.947120661296
forecast_2058,2025-03-27 18:00:00,9013.849170588783,8963.744281715353,6967.512375444125
forecast_2059,2025-03-27 19:00:00,9390.146788898797,9445.39445364253,7609.197267637797
forecast_2060,2025-03-27 20:00:00,9709.501389911868,9445.39445364253,7609.197267637797
forecast_2061,2025-03-27 21:00:00,11109.583294383234,10811.992420436452,9231.383590220288
forecast_2062,2025-03-27 22:00:00,11109.583294383234,11772.516942681174,9564.806718908238
forecast_2063,2025-03-27 23:00:00,10457.758494428985,11772.516942681174,9564.806718908238
forecast_2064,2025-03-28 00:00:00,10428.428200356018,11734.03180161463,9319.158551991426
forecast_2065,2025-03-28 01:00:00,3921.8398228836268,4589.204026994247,2709.0542701875083
forecast_2066,2025-03-28 02:00:00,3749.361446459871,4064.759973805603,2327.7651882576683
forecast_2067,2025-03-28 03:00:00,3749.361446459871,4064.759973805603,2327.7651882576683
forecast_2068,2025-03-28 04:00:00,3486.1526604735022,3813.095931489698,2327.7651882576683
forecast_2069,2025-03-28 05:00:00,3396.6911448550177,3452.9218678916745,2281.5738659913272
forecast_2070,2025-03-28 06:00:00,2773.1748875173093,3148.57018754078,2076.0603577068855
forecast_2071,2025-03-28 07:00:00,2753.961198163476,3080.5611906507024,2076.0603577068855
forecast_2072,2025-03-28 08:00:00,2735.9966452567505,3053.697703644136,2076.0603577068855
forecast_2073,2025-03-28 09:00:00,2734.0480833465367,2937.5539670454455,2128.6916190717457
forecast_2074,2025-03-28 10:00:00,2712.4723049364993,2937.5539670454455,2149.434845368083
forecast_2075,2025-03-28 11:00:00,2734.0480833465367,3018.080641382837,2149.434845368083
forecast_2076,2025-03-28 12:00:00,2743.956314224003,3073.0869267412672,2149.434845368083
forecast_2077,2025-03-28 13:00:00,2743.956314224003,3508.821196784714,2150.9371918597344
forecast_2078,2025-03-28 14:00:00,2904.817635079036,3544.1430584553373,2204.3468374459517
forecast_2079,2025-03-28 15:00:00,2904.817635079036,3508.821196784714,2150.9371918597344
forecast_2080,2025-03-28 16:00:00,3101.826909034786,3469.8040997581256,2149.1272279499763
forecast_2081,2025-03-28 17:00:00,3316.6422347543485,3469.8040997581256,2149.1272279499763
forecast_2082,2025-03-28 18:00:00,4350.105543009336,5832.032433266682,4194.9167155206915
forecast_2083,2025-03-28 19:00:00,4964.695802625648,6861.623805551839,4655.337844218156
forecast_2084,2025-03-28 20:00:00,5211.562913928635,6894.498431025827,4881.753059540066
forecast_2085,2025-03-28 21:00:00,5512.770534230016,6861.623805551839,4668.514188311508
forecast_2086,2025-03-28 22:00:00,5597.561242031277,6537.282335723452,4668.514188311508
forecast_2087,2025-03-28 23:00:00,5744.974312712001,6288.962047619091,4668.514188311508
forecast_2088,2025-03-29 00:00:00,5775.731867156897,6179.306311705788,4607.058841578719
forecast_2089,2025-03-29 01:00:00,2813.537517463675,2812.80064823663,2157.803890990265
forecast_2090,2025-03-29 02:00:00,2843.9985273556763,2939.753496346998,2307.1547936570432
forecast_2091,2025-03-29 03:00:00,2896.1891989125315,3554.529403712939,2307.1547936570432
forecast_2092,2025-03-29 04:00:00,4092.172137698983,4136.995023430734,2746.2883786963453
forecast_2093,2025-03-29 05:00:00,6113.339601760443,7853.723271117422,5377.1472013234015
forecast_2094,2025-03-29 06:00:00,6987.86925540566,9264.64688396744,6552.653549935879
forecast_2095,2025-03-29 07:00:00,7144.24349157695,9264.64688396744,6552.653549935879
forecast_2096,2025-03-29 08:00:00,7193.374190234497,8829.2004194402,6462.080112585823
forecast_2097,2025-03-29 09:00:00,7193.374190234497,7809.165928996283,6068.816491756939
forecast_2098,2025-03-29 10:00:00,7488.276103245696,7809.165928996283,6068.816491756939
forecast_2099,2025-03-29 11:00:00,9061.316026272354,8643.176420546224,7156.707246619919
forecast_2100,2025-03-29 12:00:00,10551.499565169861,10739.823228372003,9489.679761868954
forecast_2101,2025-03-29 13:00:00,11413.489682790907,12058.847162725882,10011.12275698313
forecast_2102,2025-03-29 14:00:00,12158.831987815132,12656.171614505389,10879.913330114729
forecast_2103,2025-03-29 15:00:00,13050.324967154553,13774.992615950196,11260.925121470318
forecast_2104,2025-03-29 16:00:00,13791.832639251545,13854.282837689092,11260.925121470318
forecast_2105,2025-03-29 17:00:00,13791.832639251545,13854.282837689092,11142.652072210089
forecast_2106,2025-03-29 18:00:00,13790.59983588939,13805.863141105257,10929.48514260048
forecast_2107,2025-03-29 19:00:00,13127.466287436942,12587.979508608569,10292.67496054517
forecast_2108,2025-03-29 20:00:00,13127.466287436942,12587.979508608569,10292.67496054517
forecast_2109,2025-03-29 21:00:00,13246.471183387834,12683.272974985628,10587.383033111322
forecast_2110,2025-03-29 22:00:00,13246.471183387834,12780.88515652953,10587.383033111322
forecast_2111,2025-03-29 23:00:00,12582.286621670526,12780.88515652953,10099.994894901882
forecast_2112,2025-03-30 00:00:00,12465.269871569843,12348.583530575004,9930.673300355069
forecast_2113,2025-03-30 01:00:00,12354.561991590117,10923.909608492624,9320.286354387132
forecast_2114,2025-03-30 02:00:00,12167.312048707938,10866.831539020937,9087.645970152389
forecast_2115,2025-03-30 03:00:00,11515.83331745378,9561.710338930063,8210.753657300225
forecast_2116,2025-03-30 04:00:00,10968.947534978794,8893.94486629944,7751.940407863949
forecast_2117,2025-03-30 05:00:00,10177.283607603826,8148.955305363777,7455.747510569168
forecast_2118,2025-03-30 06:00:00,9746.438330719024,7838.459046500035,7173.602832559901
forecast_2119,2025-03-30 07:00:00,8899.08894747259,7347.651996017472,6151.076726875767
forecast_2120,2025-03-30 08:00:00,8601.027780455988,6789.1902866933215,5723.063400874651
forecast_2121,2025-03-30 09:00:00,8563.4156553799,6789.1902866933215,5723.063400874651
forecast_2122,2025-03-30 10:00:00,8601.027780455988,6789.1902866933215,5824.803604624128
forecast_2123,2025-03-30 11:00:00,8591.339266809333,6919.682805755168,5936.408609041702
forecast_2124,2025-03-30 12:00:00,8591.339266809333,7167.309773624329,6114.6952295587125
forecast_2125,2025-03-30 13:00:00,8256.74789833945,7167.309773624329,6114.6952295587125
forecast_2126,2025-03-30 14:00:00,8082.892605116297,7085.991160081382,6021.101029070365
forecast_2127,2025-03-30 15:00:00,7435.08256650703,6938.72760178879,5468.612243686105
forecast_2128,2025-03-30 16:00:00,7077.627745853817,5714.760496683116,4423.53253858197
forecast_2129,2025-03-30 17:00:00,7050.65982006132,5714.760496683116,4423.53253858197
forecast_2130,2025-03-30 18:00:00,6629.153193660541,6014.525110669243,4765.8409050102155
forecast_2131,2025-03-30 19:00:00,6606.210843237784,6546.349337288788,4875.497356682016
forecast_2132,2025-03-30 20:00:00,6046.10454651296,6631.046074653272,4875.497356682016
forecast_2133,2025-03-30 21:00:00,6046.10454651296,6840.203510055285,4875.497356682016
forecast_2134,2025-03-30 22:00:00,8246.954675561468,8418.98832487669,6804.141867266558
forecast_2135,2025-03-30 23:00:00,8982.87743170005,9632.99119786618,8017.267470269289
forecast_2136,2025-03-31 00:00:00,9072.928841100402,9985.606088616969,8217.371296217356
forecast_2137,2025-03-31 01:00:00,13985.469247634395,15964.76484644918,14397.880301995285
forecast_2138,2025-03-31 02:00:00,13967.344997531583,15385.86442144005,14209.380764882128
forecast_2139,2025-03-31 03:00:00,14003.593497737209,15385.86442144005,13244.834626985346
forecast_2140,2025-03-31 04:00:00,13569.179795167598,15447.078935147045,12844.477414079201
forecast_2141,2025-03-31 05:00:00,13654.509867977406,15447.078935147045,12193.478069535826
forecast_2142,2025-03-31 06:00:00,12855.11345388657,15124.334287616453,11539.924295490113
forecast_2143,2025-03-31 07:00:00,9809.480102282143,11712.61322729586,7765.51819480696
forecast_2144,2025-03-31 08:00:00,7899.590376324898,8657.307854463295,5980.463594363059
forecast_2145,2025-03-31 09:00:00,5401.400378374681,6548.088101093206,4498.651158849727
forecast_2146,2025-03-31 10:00:00,4015.7945208295764,4010.718032624651,2926.0397458137245
forecast_2147,2025-03-31 11:00:00,3281.9163506968553,3388.267624102201,2926.0397458137245
forecast_2148,2025-03-31 12:00:00,3281.9163506968553,3388.267624102201,2962.968209118714
forecast_2149,2025-03-31 13:00:00,4199.629233472243,3820.275834326523,3377.247470620265
forecast_2150,2025-03-31 14:00:00,4457.505232237025,4171.008422148247,3461.946677098292
forecast_2151,2025-03-31 15:00:00,4464.19302700251,4037.9199066282636,3377.247470620265
forecast_2152,2025-03-31 16:00:00,4491.310642504466,4209.218749748533,3461.946677098292
forecast_2153,2025-03-31 17:00:00,5505.592018822985,5027.637011467974,3824.6212915295523
forecast_2154,2025-03-31 18:00:00,5521.847552461328,6105.614165329565,4394.287850771741
forecast_2155,2025-03-31 19:00:00,8045.266183853355,8627.664249054458,6674.000216271617
forecast_2156,2025-03-31 20:00:00,10116.825688554733,10458.072993252717,8084.319288822316
forecast_2157,2025-03-31 21:00:00,10597.173529716496,12026.989813442178,8963.133831514333
forecast_2158,2025-03-31 22:00:00,13140.933290369087,13966.846837006931,11196.528772753656
forecast_2159,2025-03-31 23:00:00,13681.00970947334,15252.3842920995,12670.12604564631
forecast_2160,2025-04-01 00:00:00,13869.758456235266,15301.142269848413,12997.826757283983
forecast_2161,2025-04-01 01:00:00,7948.731170220239,7197.503188492812,5184.954873341641
forecast_2162,2025-04-01 02:00:00,7987.835483151149,7095.28039669212,5254.653049576222
forecast_2163,2025-04-01 03:00:00,7987.835483151149,7299.725980293505,5273.241670055154
forecast_2164,2025-04-01 04:00:00,7987.835483151149,7098.954730021166,5350.320551775947
forecast_2165,2025-04-01 05:00:00,7244.628722521539,7098.954730021166,5350.320551775947
forecast_2166,2025-04-01 06:00:00,7016.334489094954,6240.677007893148,4878.722041961799
forecast_2167,2025-04-01 07:00:00,6464.800586586514,5564.016266283399,4450.184247386775
forecast_2168,2025-04-01 08:00:00,4687.272165247983,4360.032342440549,3640.839012580608
forecast_2169,2025-04-01 09:00:00,3491.0897300232546,3491.392310902196,2956.5109983912153
forecast_2170,2025-04-01 10:00:00,3067.4695249124643,2913.4760680327827,2562.50080983709
forecast_2171,2025-04-01 11:00:00,2725.348226319629,2726.9668515870426,2432.6601152918984
forecast_2172,2025-04-01 12:00:00,2502.5698559115676,2580.046086350038,2096.966325775485
forecast_2173,2025-04-01 13:00:00,2502.5698559115676,2580.046086350038,2096.966325775485
forecast_2174,2025-04-01 14:00:00,2754.731301167473,2947.5097703165075,2545.421752659842
forecast_2175,2025-04-01 15:00:00,2834.699643717103,3019.146415906584,2545.421752659842
forecast_2176,2025-04-01 16:00:00,2965.2316024078873,3019.146415906584,2530.8144463751605
forecast_2177,2025-04-01 17:00:00,2965.2316024078873,3001.0020273769114,2348.0305640186402
forecast_2178,2025-04-01 18:00:00,2857.6759598210756,3001.0020273769114,2134.303935114128
forecast_2179,2025-04-01 19:00:00,2857.6759598210756,3021.0066826976426,2134.303935114128
forecast_2180,2025-04-01 20:00:00,3079.8924679719626,3042.6420908340506,2325.315183866873
forecast_2181,2025-04-01 21:00:00,3107.944365571463,3198.227559056459,2445.0633690889554
forecast_2182,2025-04-01 22:00:00,3463.6217875673065,3572.0707777616144,2635.307950101845
forecast_2183,2025-04-01 23:00:00,3463.6217875673065,3574.513751860964,2635.307950101845
forecast_2184,2025-04-02 00:00:00,3454.0413723850097,3575.3955601021125,2630.599996739018
forecast_2185,2025-04-02 01:00:00,2996.172513615501,2799.0115765902283,2234.133249468583
forecast_2186,2025-04-02 02:00:00,2908.4790856554023,2812.592812216593,2181.975298197187
forecast_2187,2025-04-02 03:00:00,2908.4790856554023,2928.7753103722043,2181.975298197187
forecast_2188,2025-04-02 04:00:00,2784.1306708237794,2928.7753103722043,2181.975298197187
forecast_2189,2025-04-02 05:00:00,2800.133533662086,3044.1473168020416,2278.1171829880086
forecast_2190,2025-04-02 06:00:00,2800.133533662086,2890.9073166690223,2138.197171347449
forecast_2191,2025-04-02 07:00:00,2800.133533662086,2890.9073166690223,2138.197171347449
forecast_2192,2025-04-02 08:00:00,2728.9847036374367,2882.4793650786933,2131.8365026887104
forecast_2193,2025-04-02 09:00:00,2509.563476109172,2361.9215400098497,2131.8365026887104
forecast_2194,2025-04-02 10:00:00,2509.563476109172,2361.9215400098497,2148.8706688328666
forecast_2195,2025-04-02 11:00:00,2509.563476109172,2476.0682082264475,2148.8706688328666
forecast_2196,2025-04-02 12:00:00,2504.4388034438944,2527.3023609964835,2235.4470904796103
forecast_2197,2025-04-02 13:00:00,2504.4388034438944,2571.0308532096687,2198.565494052336
forecast_2198,2025-04-02 14:00:00,2540.9396469772373,2584.1049829971557,2250.8224107693795
forecast_2199,2025-04-02 15:00:00,2776.7332833302276,2584.1049829971557,2316.8399332239264
forecast_2200,2025-04-02 16:00:00,2776.7332833302276,2563.041788382047,2316.8399332239264
forecast_2201,2025-04-02 17:00:00,2668.3710619952235,2563.041788382047,2096.2826927658916
forecast_2202,2025-04-02 18:00:00,2668.3710619952235,2584.3770729444286,2096.2826927658916
forecast_2203,2025-04-02 19:00:00,2771.476516407716,3048.953614698434,2565.9212197237357
forecast_2204,2025-04-02 20:00:00,2801.090903697221,3055.9795466814085,2565.9212197237357
forecast_2205,2025-04-02 21:00:00,2986.520123532716,3095.8257298878257,2565.9212197237357
forecast_2206,2025-04-02 22:00:00,2903.1377426183176,3276.1301531475087,2658.9837595297604
forecast_2207,2025-04-02 23:00:00,2934.2950564948787,3343.651171896369,2658.9837595297604
forecast_2208,2025-04-03 00:00:00,2918.716399556598,3325.039523637338,2630.3237831968763
forecast_2209,2025-04-03 01:00:00,2961.5395120410612,3387.111512743024,2636.419484766242
forecast_2210,2025-04-03 02:00:00,2960.084306546027,3418.9165386491864,2579.218088261641
forecast_2211,2025-04-03 03:00:00,2856.6366862896207,3358.200721530985,2521.232756814228
forecast_2212,2025-04-03 04:00:00,2848.3609025786677,3358.200721530985,2428.22975701693
forecast_2213,2025-04-03 05:00:00,2848.3609025786677,3337.8533980459993,2424.610853519668
forecast_2214,2025-04-03 06:00:00,2894.0668409550854,3280.972573037081,2424.610853519668
forecast_2215,2025-04-03 07:00:00,2894.0668409550854,2975.825674332197,2291.33978087507
forecast_2216,2025-04-03 08:00:00,2703.196248379835,2975.825674332197,2291.33978087507
forecast_2217,2025-04-03 09:00:00,2629.8698505216853,2975.825674332197,2244.33744729161
forecast_2218,2025-04-03 10:00:00,2465.401273594437,2797.815254552509,2240.487343397491
forecast_2219,2025-04-03 11:00:00,2403.784146362824,2498.67648680058,2043.6498662090387
forecast_2220,2025-04-03 12:00:00,2379.0764606254074,2427.3544215785087,1962.2221703539333
forecast_2221,2025-04-03 13:00:00,2379.0764606254074,2427.3544215785087,1962.2221703539333
forecast_2222,2025-04-03 14:00:00,2459.8032476011986,2455.7746325456583,2180.4542991523226
forecast_2223,2025-04-03 15:00:00,2695.0662912731705,2461.7724604668974,2300.7573287408272
forecast_2224,2025-04-03 16:00:00,2733.340983282817,2529.0018510628397,2388.9679261903343
forecast_2225,2025-04-03 17:00:00,2936.0468130682866,2670.3461424455195,2300.7573287408272
forecast_2226,2025-04-03 18:00:00,2975.393952995372,2826.875919685715,2315.6744528220333
forecast_2227,2025-04-03 19:00:00,3120.5618982251303,2951.025844867466,2315.6744528220333
forecast_2228,2025-04-03 20:00:00,3531.766512608067,3344.80973854835,2881.430549744221
forecast_2229,2025-04-03 21:00:00,3597.4108194422543,3635.9922997807307,2925.250051147797
forecast_2230,2025-04-03 22:00:00,4334.791998897611,5078.199448176592,3814.5168059804178
forecast_2231,2025-04-03 23:00:00,4940.006802718069,5854.836551024358,4430.27315814773
forecast_2232,2025-04-04 00:00:00,5117.026397470487,6072.466399598108,4480.690590896718
forecast_2233,2025-04-04 01:00:00,5991.493429367985,5950.068306553279,4415.171806416782
forecast_2234,2025-04-04 02:00:00,6888.207119957349,6447.087487659354,4899.749352368688
forecast_2235,2025-04-04 03:00:00,7443.964712044003,7308.627253933802,5800.665384434011
forecast_2236,2025-04-04 04:00:00,8968.362101467745,8624.143636201145,6771.198334083699
forecast_2237,2025-04-04 05:00:00,9014.85385344554,9532.65967450045,7540.83497285045
forecast_2238,2025-04-04 06:00:00,9014.85385344554,9532.65967450045,7540.83497285045
forecast_2239,2025-04-04 07:00:00,8880.50710376773,9152.811335498473,6654.581735581303
forecast_2240,2025-04-04 08:00:00,7441.096219282782,7679.445817144746,5151.244692450478
forecast_2241,2025-04-04 09:00:00,5359.9285344607,5577.407818724677,4236.28067285045
forecast_2242,2025-04-04 10:00:00,3679.3535506738313,3612.015497558754,2766.713583294609
forecast_2243,2025-04-04 11:00:00,3052.4054866975152,3121.5184907598587,2766.713583294609
forecast_2244,2025-04-04 12:00:00,2874.8612632947174,3121.5184907598587,2700.3466847175882
forecast_2245,2025-04-04 13:00:00,2855.1790250965837,3121.5184907598587,2700.3466847175882
forecast_2246,2025-04-04 14:00:00,2874.8612632947174,3013.1115493879456,2559.3562021985354
forecast_2247,2025-04-04 15:00:00,3075.605588466445,3002.1300821588975,2559.3562021985354
forecast_2248,2025-04-04 16:00:00,3278.6516123590563,3013.1115493879456,2632.6147339167374
forecast_2249,2025-04-04 17:00:00,3442.1321210301044,3121.367834987337,2669.3580397445744
forecast_2250,2025-04-04 18:00:00,3517.831067125034,3259.6929486751196,2741.1239395825337
forecast_2251,2025-04-04 19:00:00,3943.5012059550486,3508.0362483110375,2973.1053468038263
forecast_2252,2025-04-04 20:00:00,4667.208921668718,5113.398597800113,3912.501351498043
forecast_2253,2025-04-04 21:00:00,4856.652816183587,5293.398069460336,3948.4022079861993
forecast_2254,2025-04-04 22:00:00,5118.446777796367,5959.1857900680025,4241.445153718718
forecast_2255,2025-04-04 23:00:00,5346.149400877437,5959.256736021748,4305.060272572029
forecast_2256,2025-04-05 00:00:00,5362.259625661668,6617.029546364824,4662.34817136835
forecast_2257,2025-04-05 01:00:00,8218.821477334148,10570.907199628284,6868.789905124249
forecast_2258,2025-04-05 02:00:00,9233.106333383688,10929.50613879284,7360.211446612598
forecast_2259,2025-04-05 03:00:00,9755.313405029243,11586.784660533835,7524.661450096627
forecast_2260,2025-04-05 04:00:00,9755.313405029243,10932.534951914866,7398.639709987479
forecast_2261,2025-04-05 05:00:00,8336.434536250901,11586.784660533835,7398.639709987479
forecast_2262,2025-04-05 06:00:00,7968.791410025531,10932.534951914866,7057.43708429886
forecast_2263,2025-04-05 07:00:00,6916.931589460929,9350.85738133545,5501.434066491184
forecast_2264,2025-04-05 08:00:00,6513.485779880246,8851.597212904637,5227.964791269483
forecast_2265,2025-04-05 09:00:00,6509.607593087512,7391.950436680052,5227.964791269483
forecast_2266,2025-04-05 10:00:00,6509.607593087512,6570.8575505008575,5227.964791269483
forecast_2267,2025-04-05 11:00:00,6621.086048610792,6570.8575505008575,5981.436813537311
forecast_2268,2025-04-05 12:00:00,7652.603694117945,8600.977648317763,7272.397713798202
forecast_2269,2025-04-05 13:00:00,9649.96606732265,9699.96124560828,8575.99782043818
forecast_2270,2025-04-05 14:00:00,10526.435584654118,10608.934384807206,9969.593013784519
forecast_2271,2025-04-05 15:00:00,10620.751410175259,11245.123346248194,10060.995996434754
forecast_2272,2025-04-05 16:00:00,11524.510336149917,13168.976455318183,11242.546167794582
forecast_2273,2025-04-05 17:00:00,12632.54996143075,13552.424165465553,11940.436146601953
forecast_2274,2025-04-05 18:00:00,13983.833906202726,13979.401564238655,13231.194760013666
forecast_2275,2025-04-05 19:00:00,14404.607411283063,15188.332917370528,14042.894088345081
forecast_2276,2025-04-05 20:00:00,14404.607411283063,15188.332917370528,14776.875768767448
forecast_2277,2025-04-05 21:00:00,14081.90423480136,15188.332917370528,14776.875768767448
forecast_2278,2025-04-05 22:00:00,13710.34072980991,15267.028065698378,15206.416569993115
forecast_2279,2025-04-05 23:00:00,13380.449070835599,15092.609597922583,14902.72282377677
forecast_2280,2025-04-06 00:00:00,13545.394900322754,15893.705352706515,15405.744347153795
forecast_2281,2025-04-06 01:00:00,13760.288809304308,15036.51098673867,14619.224853176367
forecast_2282,2025-04-06 02:00:00,13927.87394747495,15487.9489881071,14677.69004562911
forecast_2283,2025-04-06 03:00:00,14329.21933221994,15412.109482039203,14353.728434055625
forecast_2284,2025-04-06 04:00:00,14329.21933221994,15500.002917325523,14677.69004562911
forecast_2285,2025-04-06 05:00:00,14139.846891329658,15531.565242341589,14483.398300421028
forecast_2286,2025-04-06 06:00:00,14139.846891329658,15531.565242341589,14483.398300421028
forecast_2287,2025-04-06 07:00:00,14396.160972448552,15531.565242341589,14001.959365640583
forecast_2288,2025-04-06 08:00:00,14396.160972448552,15354.658072815047,13899.509922251309
forecast_2289,2025-04-06 09:00:00,13975.02321544683,15004.949475796868,12660.619573822773
forecast_2290,2025-04-06 10:00:00,13428.756615329747,13034.334114431895,11373.378800410565
forecast_2291,2025-04-06 11:00:00,13077.244953290337,12216.900915064882,10628.645230976901
forecast_2292,2025-04-06 12:00:00,13077.244953290337,12216.900915064882,10628.645230976901
forecast_2293,2025-04-06 13:00:00,12840.100831536512,12754.14289635637,11196.393195551
forecast_2294,2025-04-06 14:00:00,13311.610561243582,13453.815512572406,11392.676291257936
forecast_2295,2025-04-06 15:00:00,13048.127849686969,13258.302861588862,11320.026063639543
forecast_2296,2025-04-06 16:00:00,13643.823466757021,13270.359829019279,11769.799236803286
forecast_2297,2025-04-06 17:00:00,13643.823466757021,13270.359829019279,11769.799236803286
forecast_2298,2025-04-06 18:00:00,13643.823466757021,13479.72965067202,11789.402423131545
forecast_2299,2025-04-06 19:00:00,13350.970168498874,13501.139436790461,12097.396268085096
forecast_2300,2025-04-06 20:00:00,12915.334599090791,13619.277042432044,12133.275945941512
forecast_2301,2025-04-06 21:00:00,12915.334599090791,14561.510323664872,13130.632854896288
forecast_2302,2025-04-06 22:00:00,13468.092851766414,15429.348230899492,14238.607133276504
forecast_2303,2025-04-06 23:00:00,13468.092851766414,15429.348230899492,14238.607133276504
forecast_2304,2025-04-07 00:00:00,13417.08325361682,15325.812832236375,14367.02718501692
forecast_2305,2025-04-07 01:00:00,14188.953227514372,15791.77612210777,14433.351897080873
forecast_2306,2025-04-07 02:00:00,14163.113790646075,15610.262053939976,14222.009757079373
forecast_2307,2025-04-07 03:00:00,13509.168527649197,15345.991096284113,13409.572518765159
forecast_2308,2025-04-07 04:00:00,13244.911247930762,15343.573655525233,12821.512160700418
forecast_2309,2025-04-07 05:00:00,12846.199237129316,15343.573655525233,12372.409211259623
forecast_2310,2025-04-07 06:00:00,12654.880395758259,15503.791880796023,12372.409211259623
forecast_2311,2025-04-07 07:00:00,12654.880395758259,15503.791880796023,12372.409211259623
forecast_2312,2025-04-07 08:00:00,12608.646247523084,14787.525721290836,11340.512672846588
forecast_2313,2025-04-07 09:00:00,11593.779953444071,13895.912023065826,11181.08726266029
forecast_2314,2025-04-07 10:00:00,10408.798443869855,12267.402853945905,10036.309803350949
forecast_2315,2025-04-07 11:00:00,9786.817554625235,10921.150252312273,9177.746668360092
forecast_2316,2025-04-07 12:00:00,9786.817554625235,10792.967284002905,9069.800965369986
forecast_2317,2025-04-07 13:00:00,10022.750603124217,10792.967284002905,9069.800965369986
forecast_2318,2025-04-07 14:00:00,10745.16538605544,11513.35094535514,10451.192304010965
forecast_2319,2025-04-07 15:00:00,12471.755743602494,12898.921081795252,11729.772565558273
forecast_2320,2025-04-07 16:00:00,13861.962021575679,14920.767797787854,13906.972626185354
forecast_2321,2025-04-07 17:00:00,14132.788531655602,16270.797773532013,14736.233000719052
forecast_2322,2025-04-07 18:00:00,14248.750397353137,16383.810145671896,15009.684057596081
forecast_2323,2025-04-07 19:00:00,15641.41763642405,17441.049468769965,16645.943763272644
forecast_2324,2025-04-07 20:00:00,16842.887712423308,19163.474509811473,18275.084183447536
forecast_2325,2025-04-07 21:00:00,17167.77987273535,19250.948190364994,18447.05139515253
forecast_2326,2025-04-07 22:00:00,17340.301016863625,19786.911733289202,18783.986353027685
forecast_2327,2025-04-07 23:00:00,17824.726848941853,19786.911733289202,18783.986353027685
forecast_2328,2025-04-08 00:00:00,17924.979404694983,19741.634218463423,18779.06304711685
forecast_2329,2025-04-08 01:00:00,17847.12905554807,19327.108552620426,18822.008577615296
forecast_2330,2025-04-08 02:00:00,17958.307915531674,19265.763641919104,18790.641367276257
forecast_2331,2025-04-08 03:00:00,18687.685300957957,19265.763641919104,18790.641367276257
forecast_2332,2025-04-08 04:00:00,18687.685300957957,19571.559525581102,18790.641367276257
forecast_2333,2025-04-08 05:00:00,18351.021876037434,19571.559525581102,18439.995356192405
forecast_2334,2025-04-08 06:00:00,17161.97601075235,18182.034267934418,17088.784192843264
forecast_2335,2025-04-08 07:00:00,16442.056086559296,17817.072211960556,16077.899430210051
forecast_2336,2025-04-08 08:00:00,16359.488440661016,17656.658156220266,16016.551648801516
forecast_2337,2025-04-08 09:00:00,14728.099647371793,16002.016165825684,14137.01495030682
forecast_2338,2025-04-08 10:00:00,13258.054775452678,13231.071873747822,10963.013443391601
forecast_2339,2025-04-08 11:00:00,13083.430744033669,12873.903276502951,10403.190550315896
forecast_2340,2025-04-08 12:00:00,12816.938678024399,12668.64576305559,10403.190550315896
forecast_2341,2025-04-08 13:00:00,12390.144187837655,12425.675816441722,9901.97264964422
forecast_2342,2025-04-08 14:00:00,11659.3277068278,10666.989054540903,8847.72673514449
forecast_2343,2025-04-08 15:00:00,10166.517248749926,8225.013787772588,6909.118167289387
forecast_2344,2025-04-08 16:00:00,7245.571810428324,6151.73801775185,4550.263113208918
forecast_2345,2025-04-08 17:00:00,4902.132080404146,3772.777031048458,3073.1090493461247
forecast_2346,2025-04-08 18:00:00,3783.91791578841,3177.398947345217,2493.222916231201
forecast_2347,2025-04-08 19:00:00,3515.383782774587,3177.398947345217,2493.222916231201
forecast_2348,2025-04-08 20:00:00,3334.1101183134765,3286.5543264463254,2642.627770709857
forecast_2349,2025-04-08 21:00:00,3334.1101183134765,3524.7114500137204,2890.0136979955
forecast_2350,2025-04-08 22:00:00,3710.89290474507,3831.6673679840887,3243.9515373225504
forecast_2351,2025-04-08 23:00:00,3710.89290474507,3893.3229052668044,3243.9515373225504
forecast_2352,2025-04-09 00:00:00,3583.08967038262,3862.4951366254463,3223.3001639464132
forecast_2353,2025-04-09 01:00:00,3250.6847662566743,3283.848747906247,2578.8873201541983
forecast_2354,2025-04-09 02:00:00,3268.422560943952,3292.077762473542,2658.480954485601
forecast_2355,2025-04-09 03:00:00,3313.4376524773775,3327.2092712508747,2660.118334327819
forecast_2356,2025-04-09 04:00:00,3444.918461727853,3455.9586080278445,2778.583078158162
forecast_2357,2025-04-09 05:00:00,3521.0841217449,3713.1028140941935,2938.246842569618
forecast_2358,2025-04-09 06:00:00,3618.1174065569744,3783.3167265902657,2966.0458232124843
forecast_2359,2025-04-09 07:00:00,3989.9937815124786,4245.834661007966,3045.255894873936
forecast_2360,2025-04-09 08:00:00,3989.9937815124786,4245.834661007966,3045.255894873936
forecast_2361,2025-04-09 09:00:00,3694.825160712626,4044.719708542348,2743.612323117157
forecast_2362,2025-04-09 10:00:00,3446.6681935658758,3955.657031513817,2567.196528952984
forecast_2363,2025-04-09 11:00:00,3446.6681935658758,3955.657031513817,2567.196528952984
forecast_2364,2025-04-09 12:00:00,3502.25333663321,4331.676247007379,2975.221650616635
forecast_2365,2025-04-09 13:00:00,3790.257003945118,4530.410700010702,3333.689570824893
forecast_2366,2025-04-09 14:00:00,3923.966319799635,5006.560859583924,3454.155888581804
forecast_2367,2025-04-09 15:00:00,4995.717939982293,5446.011169797661,4270.587893082955
forecast_2368,2025-04-09 16:00:00,6782.278463286768,8844.369200168414,6641.047808165806
forecast_2369,2025-04-09 17:00:00,7649.096713942845,8872.211548382667,7180.820756698553
forecast_2370,2025-04-09 18:00:00,7649.096713942845,8872.211548382667,7180.820756698553
forecast_2371,2025-04-09 19:00:00,6468.4069841867295,8024.492895012218,5425.053165628589
forecast_2372,2025-04-09 20:00:00,5930.378268523392,8024.492895012218,5189.015457424541
forecast_2373,2025-04-09 21:00:00,6081.901772105051,8289.952592897424,5425.053165628589
forecast_2374,2025-04-09 22:00:00,6081.901772105051,9586.799629354213,5848.920660571385
forecast_2375,2025-04-09 23:00:00,7298.194427494511,11130.870124339966,7888.255066949112
forecast_2376,2025-04-10 00:00:00,7767.21130477068,11407.690325032267,8222.551043295422
forecast_2377,2025-04-10 01:00:00,7773.681041230891,9534.609296528623,7111.9605583610755
forecast_2378,2025-04-10 02:00:00,8693.138698842318,9595.60021216438,7731.363342716938
forecast_2379,2025-04-10 03:00:00,8796.215702128715,10556.753693272305,7731.363342716938
forecast_2380,2025-04-10 04:00:00,8796.215702128715,10556.753693272305,6870.477396621995
forecast_2381,2025-04-10 05:00:00,8376.809754323744,9361.44345528055,6553.768016253567
forecast_2382,2025-04-10 06:00:00,7447.080205474052,7269.306780332932,4939.676593952356
forecast_2383,2025-04-10 07:00:00,5888.200634544028,5429.349953118476,3916.7032160063986
forecast_2384,2025-04-10 08:00:00,5148.647890378575,5323.584281071816,3827.7557096510413
forecast_2385,2025-04-10 09:00:00,4870.736511188263,5294.527269074306,3705.6895093758394
forecast_2386,2025-04-10 10:00:00,4276.503648679498,4403.352008986003,3276.1690351386965
forecast_2387,2025-04-10 11:00:00,3974.7096637238756,4066.4452787307337,2989.854601395939
forecast_2388,2025-04-10 12:00:00,3827.5296031932426,3559.2003993220897,2889.1958988204565
forecast_2389,2025-04-10 13:00:00,3773.416607280838,3559.2003993220897,2889.1958988204565
forecast_2390,2025-04-10 14:00:00,3773.416607280838,3644.3176904019006,2889.1958988204565
forecast_2391,2025-04-10 15:00:00,4119.284097942046,3797.847691205381,2894.0762788181614
forecast_2392,2025-04-10 16:00:00,4181.308948377357,3838.749020398113,2995.3091813417395
forecast_2393,2025-04-10 17:00:00,4181.308948377357,3797.847691205381,2995.3091813417395
forecast_2394,2025-04-10 18:00:00,4323.1638310753615,3831.53365810747,2985.3914081781377
forecast_2395,2025-04-10 19:00:00,4206.2803929253705,3774.78619597336,2985.3914081781377
forecast_2396,2025-04-10 20:00:00,4323.1638310753615,3831.53365810747,3144.6117340837736
forecast_2397,2025-04-10 21:00:00,4496.000147392054,4256.375084109148,3269.9798714923327
forecast_2398,2025-04-10 22:00:00,5265.271546244159,4930.603367103339,4168.25891042765
forecast_2399,2025-04-10 23:00:00,5265.271546244159,4982.379481935786,4168.25891042765
forecast_2400,2025-04-11 00:00:00,5068.1558497155675,4956.491424519563,4080.9137780384117
forecast_2401,2025-04-11 01:00:00,3659.58555381725,3386.0795604896857,2577.5003435876542
forecast_2402,2025-04-11 02:00:00,3606.875259233793,3390.9963302947717,2610.1498188487103
forecast_2403,2025-04-11 03:00:00,3606.875259233793,3587.946601680925,2610.1498188487103
forecast_2404,2025-04-11 04:00:00,3441.8723173057015,3390.9963302947717,2514.4727207393003
forecast_2405,2025-04-11 05:00:00,3232.5257448198163,3242.2712146161402,2390.838118252391
forecast_2406,2025-04-11 06:00:00,3232.5257448198163,3242.2712146161402,2379.339199581038
forecast_2407,2025-04-11 07:00:00,3269.4231471597955,3392.2442004558484,2390.838118252391
forecast_2408,2025-04-11 08:00:00,3269.4231471597955,3392.2442004558484,2357.9731005397707
forecast_2409,2025-04-11 09:00:00,2861.3732618754148,2708.435214227721,2154.6874094455757
forecast_2410,2025-04-11 10:00:00,2598.3922164207406,2607.932586483308,2124.189925042214
forecast_2411,2025-04-11 11:00:00,2283.4481411680085,2316.68955242392,1794.3380786487621
forecast_2412,2025-04-11 12:00:00,2203.9512584395507,2316.68955242392,1794.3380786487621
forecast_2413,2025-04-11 13:00:00,2203.9512584395507,2393.5551749709603,1973.5704084472698
forecast_2414,2025-04-11 14:00:00,2401.374886524703,2538.059799755397,2324.218514875313
forecast_2415,2025-04-11 15:00:00,2850.8852524106483,2616.7641309969536,2464.2220641021568
forecast_2416,2025-04-11 16:00:00,2976.804548468432,2662.468067410063,2464.2220641021568
forecast_2417,2025-04-11 17:00:00,3052.661440947641,2678.9848069780555,2391.8919297341286
forecast_2418,2025-04-11 18:00:00,3052.661440947641,3021.2737454636945,2136.0480042727104
forecast_2419,2025-04-11 19:00:00,3193.205348186062,3247.0379045718373,2136.0480042727104
forecast_2420,2025-04-11 20:00:00,4456.381955436222,4617.001708936671,3574.0606417220683
forecast_2421,2025-04-11 21:00:00,4672.591658854708,5324.688827729151,3972.0120167743225
forecast_2422,2025-04-11 22:00:00,4672.591658854708,5729.912669917797,4115.893261067284
forecast_2423,2025-04-11 23:00:00,4629.4185810198815,5729.912669917797,4115.893261067284
forecast_2424,2025-04-12 00:00:00,4471.325930984864,5496.44695512048,3943.011604403655
forecast_2425,2025-04-12 01:00:00,3581.9116468152115,3762.161621965377,2846.736133098011
forecast_2426,2025-04-12 02:00:00,3651.0746753556136,3778.2572039388774,2795.2010114163345
forecast_2427,2025-04-12 03:00:00,3690.782674279516,3871.83959833794,2795.2010114163345
forecast_2428,2025-04-12 04:00:00,4472.542949855051,5807.458706518795,4047.1417020805447
forecast_2429,2025-04-12 05:00:00,4913.901210963974,6165.744155029201,4167.020837377269
forecast_2430,2025-04-12 06:00:00,5020.183074481691,7032.931266313861,4422.78430217598
forecast_2431,2025-04-12 07:00:00,5934.737700533841,8956.274262100666,6158.833610370185
forecast_2432,2025-04-12 08:00:00,6315.024148470021,8962.801866125326,6542.6255364818835
forecast_2433,2025-04-12 09:00:00,7476.108214525147,9595.676545602353,7516.538130166878
forecast_2434,2025-04-12 10:00:00,7705.727934661705,10364.861410883703,7915.3027127104415
forecast_2435,2025-04-12 11:00:00,7705.727934661705,10364.861410883703,7915.3027127104415
forecast_2436,2025-04-12 12:00:00,10222.244590567305,12206.814970144316,10100.621409561074
forecast_2437,2025-04-12 13:00:00,11578.298448655967,13202.255735160128,10821.556905664733
forecast_2438,2025-04-12 14:00:00,11578.298448655967,13202.255735160128,10821.556905664733
forecast_2439,2025-04-12 15:00:00,10775.613974638527,12150.651557821951,10821.556905664733
forecast_2440,2025-04-12 16:00:00,10330.095700070346,12150.651557821951,10868.472363090468
forecast_2441,2025-04-12 17:00:00,10775.613974638527,12583.854717554535,10990.401159606634
forecast_2442,2025-04-12 18:00:00,11487.793253847029,12737.601113487384,11426.581320557805
forecast_2443,2025-04-12 19:00:00,11954.452562984352,13771.213626667819,11998.344486181597
forecast_2444,2025-04-12 20:00:00,13822.98219929426,15273.403868400326,14131.022900232065
forecast_2445,2025-04-12 21:00:00,14635.45075142349,15685.694955633948,14752.59507842394
forecast_2446,2025-04-12 22:00:00,15184.557764233105,16369.24487988294,15445.14093534724
forecast_2447,2025-04-12 23:00:00,16671.335753085015,17626.005476979095,16851.15452330077
forecast_2448,2025-04-13 00:00:00,16828.425196180855,17738.78377328519,16989.288452986213
forecast_2449,2025-04-13 01:00:00,15032.532514993105,16867.073058048656,15388.088950085974
forecast_2450,2025-04-13 02:00:00,14689.485150773351,16865.675213598784,15085.383203326532
forecast_2451,2025-04-13 03:00:00,14689.485150773351,16868.470902498524,15085.383203326532
forecast_2452,2025-04-13 04:00:00,17053.64188068442,18263.455442155042,15833.614910267008
forecast_2453,2025-04-13 05:00:00,17359.72356921899,19279.293939411356,16772.25609268976
forecast_2454,2025-04-13 06:00:00,17669.53206715828,18919.43123455083,17075.625135358707
forecast_2455,2025-04-13 07:00:00,18311.03619666274,18960.90330876853,18112.573823994728
forecast_2456,2025-04-13 08:00:00,18530.942377310563,18919.43123455083,18449.310109935235
forecast_2457,2025-04-13 09:00:00,18530.942377310563,18483.20158954917,18449.310109935235
forecast_2458,2025-04-13 10:00:00,17471.385699698014,18200.196949882713,17932.184158263357
forecast_2459,2025-04-13 11:00:00,17160.367470481706,18189.963908426165,17432.69259351147
forecast_2460,2025-04-13 12:00:00,16465.09997624161,18098.370776511383,17239.50253067993
forecast_2461,2025-04-13 13:00:00,16465.09997624161,18025.57971788704,17104.286206300574
forecast_2462,2025-04-13 14:00:00,16425.173901427577,18016.80531031803,17096.201464483893
forecast_2463,2025-04-13 15:00:00,15808.381176767707,17808.224610288824,16665.083326833083
forecast_2464,2025-04-13 16:00:00,15808.381176767707,17808.224610288824,16665.083326833083
forecast_2465,2025-04-13 17:00:00,18165.04081948669,19073.88116576538,18502.999123272974
forecast_2466,2025-04-13 18:00:00,18294.4692882769,19301.54153555408,18709.48244014253
forecast_2467,2025-04-13 19:00:00,18317.479736227728,19301.54153555408,18709.48244014253
forecast_2468,2025-04-13 20:00:00,18294.4692882769,19296.89682967365,18650.334065229814
forecast_2469,2025-04-13 21:00:00,18284.365655847476,19296.89682967365,18650.334065229814
forecast_2470,2025-04-13 22:00:00,17803.755390694103,19296.89682967365,18589.368249409785
forecast_2471,2025-04-13 23:00:00,16027.99631415063,18536.552856946462,17353.764605445427
forecast_2472,2025-04-14 00:00:00,15434.687430021477,18273.3414025445,16991.88532611388
forecast_2473,2025-04-14 01:00:00,12277.3990180355,15529.709873628846,13637.519806653278
forecast_2474,2025-04-14 02:00:00,11293.327771280874,14640.24686511297,12337.926046087468
forecast_2475,2025-04-14 03:00:00,10258.761298147796,12956.624076974538,9912.878034746118
forecast_2476,2025-04-14 04:00:00,9986.272446877669,10409.295824672812,9900.747106686602
forecast_2477,2025-04-14 05:00:00,7531.315532384487,8397.161698408672,7507.697711256189
forecast_2478,2025-04-14 06:00:00,6384.257016179165,7177.972781553489,5248.727411894018
forecast_2479,2025-04-14 07:00:00,4939.0728050847665,5615.497534617151,4291.235358952809
forecast_2480,2025-04-14 08:00:00,4913.744973244485,5192.961922861669,3891.0323753833422
forecast_2481,2025-04-14 09:00:00,4497.925002637632,5162.182304990723,3806.37235043742
forecast_2482,2025-04-14 10:00:00,4380.419528737486,5192.961922861669,3891.0323753833422
forecast_2483,2025-04-14 11:00:00,4380.419528737486,5289.1851877734025,3891.584116374704
forecast_2484,2025-04-14 12:00:00,4284.773023056578,5289.1851877734025,3891.584116374704
forecast_2485,2025-04-14 13:00:00,3833.0691723768896,4377.604874507578,3679.7756737775853
forecast_2486,2025-04-14 14:00:00,3778.635786319491,4048.6773478777104,3427.3453103256165
forecast_2487,2025-04-14 15:00:00,3474.968985544426,3903.0672246126837,3313.457326503426
forecast_2488,2025-04-14 16:00:00,3358.95390714729,3780.940306985998,3313.457326503426
forecast_2489,2025-04-14 17:00:00,3276.3795227588903,3780.940306985998,3382.2002381142565
forecast_2490,2025-04-14 18:00:00,3358.95390714729,3993.8807541199435,3396.7409873787865
forecast_2491,2025-04-14 19:00:00,3888.9979724288814,4597.664502663477,4061.9906774246897
forecast_2492,2025-04-14 20:00:00,4613.585609083845,4716.772384223294,4345.014885911258
forecast_2493,2025-04-14 21:00:00,5874.11597218934,4953.247893594817,4416.452591209852
forecast_2494,2025-04-14 22:00:00,6566.0446928108595,6217.931848175002,5086.991271333713
forecast_2495,2025-04-14 23:00:00,6719.637057848124,6713.128439729955,5797.618218091937
forecast_2496,2025-04-15 00:00:00,7021.272843770805,7007.160544588702,5838.606956649076
forecast_2497,2025-04-15 01:00:00,8081.141049065241,7955.117694148423,6069.526925907418
forecast_2498,2025-04-15 02:00:00,7887.846864879402,7672.4193950677245,5689.360336086357
forecast_2499,2025-04-15 03:00:00,7847.50566125771,7531.106212716052,5526.956431457708
forecast_2500,2025-04-15 04:00:00,6974.531385471013,6311.271466614829,5526.956431457708
forecast_2501,2025-04-15 05:00:00,5884.108690247352,6311.271466614829,4944.6734255037245
forecast_2502,2025-04-15 06:00:00,5884.108690247352,6895.043707896754,4944.6734255037245
forecast_2503,2025-04-15 07:00:00,6731.429288356788,8054.744748075907,5757.355034550244
forecast_2504,2025-04-15 08:00:00,6866.415588636199,8054.744748075907,5758.51387884774
forecast_2505,2025-04-15 09:00:00,6866.415588636199,7990.335533433494,5798.564929051572
forecast_2506,2025-04-15 10:00:00,8367.111582903764,7816.363759436388,6525.7905282717875
forecast_2507,2025-04-15 11:00:00,8769.520840059036,7090.6655637231015,6895.44282045267
forecast_2508,2025-04-15 12:00:00,8769.520840059036,7090.6655637231015,6525.7905282717875
forecast_2509,2025-04-15 13:00:00,8772.057859780936,7296.0991055489985,7057.337796918699
forecast_2510,2025-04-15 14:00:00,10592.097549989921,9278.273503646817,8656.47571224523
forecast_2511,2025-04-15 15:00:00,11370.538041992388,9815.64627157513,9077.98583870415
forecast_2512,2025-04-15 16:00:00,11800.36477146001,10577.909926615563,9681.646095086786
forecast_2513,2025-04-15 17:00:00,11992.325538520841,10584.200739519481,9817.256642235325
forecast_2514,2025-04-15 18:00:00,12763.202180862918,11862.924442083613,11138.20173260948
forecast_2515,2025-04-15 19:00:00,13301.936710583552,12297.293388381227,11905.191560911564
forecast_2516,2025-04-15 20:00:00,13397.106008406608,14009.103847275419,13082.010765919526
forecast_2517,2025-04-15 21:00:00,13573.102908524937,14497.297627364775,13720.710939433013
forecast_2518,2025-04-15 22:00:00,13834.285900610155,15507.954511931433,14748.945432382025
forecast_2519,2025-04-15 23:00:00,14241.434635099184,15536.36497768182,15125.066155870445
forecast_2520,2025-04-16 00:00:00,14417.657231343528,16062.941205405645,15568.723417259767
forecast_2521,2025-04-16 01:00:00,16020.164130413148,17849.22733505183,15330.947714582297
forecast_2522,2025-04-16 02:00:00,15974.932715020343,17762.715261178524,15176.3346124438
forecast_2523,2025-04-16 03:00:00,15750.10564891705,17665.28948100172,15095.161060281509
forecast_2524,2025-04-16 04:00:00,15092.338239613213,17293.619909276716,14386.853573031036
forecast_2525,2025-04-16 05:00:00,15092.338239613213,17223.00460648851,14366.01594163993
forecast_2526,2025-04-16 06:00:00,14840.728006814976,16980.015332383715,14249.731755788176
forecast_2527,2025-04-16 07:00:00,14085.141427780381,15912.600111718502,12634.641994782754
forecast_2528,2025-04-16 08:00:00,12416.520017119241,15675.627990071162,11915.74458993776
forecast_2529,2025-04-16 09:00:00,10515.391756897383,13731.582859412558,10052.36715548664
forecast_2530,2025-04-16 10:00:00,10040.560065539485,12494.83266595469,9852.319461869756
forecast_2531,2025-04-16 11:00:00,10040.560065539485,11830.03366834159,9852.319461869756
forecast_2532,2025-04-16 12:00:00,11719.729699832511,11830.03366834159,10555.672745755535
forecast_2533,2025-04-16 13:00:00,12144.126708040163,13177.27604664813,11628.58817990906
forecast_2534,2025-04-16 14:00:00,14341.656033577168,14910.243409518322,14246.27915286702
forecast_2535,2025-04-16 15:00:00,14474.434274918784,15823.195826120058,14801.888854951121
forecast_2536,2025-04-16 16:00:00,15415.401315282437,17413.85466692874,16328.110999041015
forecast_2537,2025-04-16 17:00:00,16886.36359526306,18337.45277901795,17533.868834014214
forecast_2538,2025-04-16 18:00:00,17449.426647770197,19080.87946918235,18333.486803038268
forecast_2539,2025-04-16 19:00:00,17449.426647770197,19353.97712030363,18533.541755796792
forecast_2540,2025-04-16 20:00:00,17319.396011485696,19418.80326558892,18533.541755796792
forecast_2541,2025-04-16 21:00:00,17245.55524237221,19359.040362732485,18459.734595367532
forecast_2542,2025-04-16 22:00:00,17245.55524237221,19447.58434506988,18459.734595367532
forecast_2543,2025-04-16 23:00:00,17761.14937139776,19447.58434506988,18733.270101824757
forecast_2544,2025-04-17 00:00:00,18000.55661374888,19555.720533585118,18790.658106720555
forecast_2545,2025-04-17 01:00:00,16613.506868160985,18488.641344113435,16979.983790013357
forecast_2546,2025-04-17 02:00:00,17048.07505212412,18798.418205613558,17337.873285894606
forecast_2547,2025-04-17 03:00:00,16497.842311901124,18178.864482613317,16350.247503029512
forecast_2548,2025-04-17 04:00:00,16497.842311901124,17900.284776816436,16311.146481393813
forecast_2549,2025-04-17 05:00:00,16186.158059214815,17593.107076968667,15824.922999299053
forecast_2550,2025-04-17 06:00:00,15599.793630949256,17593.107076968667,15717.990968678205
forecast_2551,2025-04-17 07:00:00,15409.847098761122,17712.55938034742,15579.239217439153
forecast_2552,2025-04-17 08:00:00,15275.40288591447,17712.55938034742,15339.037631055593
forecast_2553,2025-04-17 09:00:00,10800.388003075368,13204.75464280367,11555.221442251903
forecast_2554,2025-04-17 10:00:00,8990.804136685205,12814.289332885919,10453.618475394664
forecast_2555,2025-04-17 11:00:00,8828.775793369152,12576.406943085389,9865.081760560088
forecast_2556,2025-04-17 12:00:00,8057.402189511765,10889.773933775281,8869.086762364686
forecast_2557,2025-04-17 13:00:00,8057.402189511765,10889.773933775281,8869.086762364686
forecast_2558,2025-04-17 14:00:00,8644.575392119667,12738.248477191446,10278.647371410765
forecast_2559,2025-04-17 15:00:00,9369.172990960917,12741.64059865502,10414.68568033315
forecast_2560,2025-04-17 16:00:00,10010.228752620438,13212.19434420796,11373.655263716262
forecast_2561,2025-04-17 17:00:00,10355.372352124567,13600.19853469136,11405.779744446647
forecast_2562,2025-04-17 18:00:00,10668.03727032337,13600.19853469136,11448.135145284095
forecast_2563,2025-04-17 19:00:00,11734.20281712448,13528.233456746122,11448.135145284095
forecast_2564,2025-04-17 20:00:00,11734.20281712448,13528.233456746122,11726.082350490946
forecast_2565,2025-04-17 21:00:00,11937.702853743078,13843.394547395053,11940.92180610481
forecast_2566,2025-04-17 22:00:00,11805.071321390293,14454.880463204627,12028.061961740128
forecast_2567,2025-04-17 23:00:00,11937.702853743078,15403.502657870695,12399.281706165002
forecast_2568,2025-04-18 00:00:00,13663.381294626244,16766.92803003633,14341.347798301527
forecast_2569,2025-04-18 01:00:00,15993.062254015353,19327.26787569957,17884.328181905083
forecast_2570,2025-04-18 02:00:00,15999.2460487767,19337.01428383018,17885.648968702088
forecast_2571,2025-04-18 03:00:00,17501.343996910105,19477.70724040597,18261.053360633767
forecast_2572,2025-04-18 04:00:00,17685.781638336146,19477.70724040597,18261.053360633767
forecast_2573,2025-04-18 05:00:00,17685.781638336146,19426.21862657695,18071.819665745905
forecast_2574,2025-04-18 06:00:00,15088.139663903125,16326.415554021432,14710.586896187064
forecast_2575,2025-04-18 07:00:00,14763.197323311251,14883.06369312708,13821.724476813795
forecast_2576,2025-04-18 08:00:00,13055.661203153724,14603.572370555048,12528.673475563823
forecast_2577,2025-04-18 09:00:00,11300.518934087315,13326.39177829582,11095.050110955204
forecast_2578,2025-04-18 10:00:00,10070.433775611154,12545.547476107446,10553.990087831407
forecast_2579,2025-04-18 11:00:00,9489.814707076977,11298.082529528208,9604.836186568937
forecast_2580,2025-04-18 12:00:00,9203.56109869144,10421.509384524683,9322.09186474574
forecast_2581,2025-04-18 13:00:00,7901.936484394908,8666.88726328639,7753.627133198247
forecast_2582,2025-04-18 14:00:00,7794.446865192009,8153.2727179445965,7528.056176256434
forecast_2583,2025-04-18 15:00:00,7419.0667913872985,7467.1819096041145,6240.96032719653
forecast_2584,2025-04-18 16:00:00,7177.06027134098,7348.375168414381,6004.281415142391
forecast_2585,2025-04-18 17:00:00,7419.0667913872985,7348.375168414381,6004.281415142391
forecast_2586,2025-04-18 18:00:00,8533.931580235187,8324.806413977714,6478.30044735486
forecast_2587,2025-04-18 19:00:00,8636.212436446001,10126.82255565478,7019.475573234139
forecast_2588,2025-04-18 20:00:00,10123.819093031689,11638.474865223352,9197.887139878447
forecast_2589,2025-04-18 21:00:00,10657.141049786751,12112.119863592037,9234.567418678464
forecast_2590,2025-04-18 22:00:00,10381.231266619641,13540.396575490508,10428.648281873831
forecast_2591,2025-04-18 23:00:00,10566.451121643227,13613.310938987584,10434.977541818842
forecast_2592,2025-04-19 00:00:00,10473.841194131433,13875.442118295034,10431.812911846337
forecast_2593,2025-04-19 01:00:00,11321.956938219839,14961.77757858669,11889.908819144024
forecast_2594,2025-04-19 02:00:00,12479.022691076547,15522.838368222243,12940.73362386397
forecast_2595,2025-04-19 03:00:00,13748.628217829866,15975.57112751906,14181.815235326649
forecast_2596,2025-04-19 04:00:00,13748.628217829866,15975.57112751906,14181.815235326649
forecast_2597,2025-04-19 05:00:00,13051.977439032235,15432.18327213015,14162.775655745849
forecast_2598,2025-04-19 06:00:00,12382.313236427703,15126.33820695952,13750.979793964938
forecast_2599,2025-04-19 07:00:00,10576.41604204025,14471.53360164021,11819.489709932472
forecast_2600,2025-04-19 08:00:00,10576.41604204025,14471.53360164021,11819.489709932472
forecast_2601,2025-04-19 09:00:00,10576.41604204025,14471.53360164021,11819.489709932472
forecast_2602,2025-04-19 10:00:00,11109.538099447558,14507.833995054772,12552.98637015876
forecast_2603,2025-04-19 11:00:00,11109.538099447558,14507.833995054772,12685.196363009238
forecast_2604,2025-04-19 12:00:00,12424.805925351291,15846.474504103418,13240.711789828612
forecast_2605,2025-04-19 13:00:00,13638.54620562637,17535.36690171883,15169.398321963507
forecast_2606,2025-04-19 14:00:00,14834.15232657504,17843.75017091832,16348.940913727114
forecast_2607,2025-04-19 15:00:00,15292.18522518573,18245.44410108793,16364.59629591431
forecast_2608,2025-04-19 16:00:00,16035.544070798249,18258.24180209382,16669.154562308227
forecast_2609,2025-04-19 17:00:00,17008.083287279027,18264.78618682009,17403.967002477028
forecast_2610,2025-04-19 18:00:00,17706.666652003856,18865.804994403676,17403.967002477028
forecast_2611,2025-04-19 19:00:00,17706.666652003856,18865.804994403676,17323.98879699727
forecast_2612,2025-04-19 20:00:00,16297.974347470587,16407.61937495576,15540.12251701255
forecast_2613,2025-04-19 21:00:00,14901.404849396276,16048.987267381677,14616.701398182422
forecast_2614,2025-04-19 22:00:00,12931.386516568538,14268.127215176817,12989.024093247204
forecast_2615,2025-04-19 23:00:00,10748.250028278137,11367.56774223341,10701.902170884881
forecast_2616,2025-04-20 00:00:00,10455.248262047367,11079.383298580666,10462.327867263186
forecast_2617,2025-04-20 01:00:00,8666.850715943783,8867.434328585208,7574.372900188688
forecast_2618,2025-04-20 02:00:00,8336.366601539168,8152.741705696241,6947.681273309329
forecast_2619,2025-04-20 03:00:00,6073.110338420096,6241.466136404071,4908.3570959427325
forecast_2620,2025-04-20 04:00:00,4768.698934334343,4524.273096389914,3429.140070528447
forecast_2621,2025-04-20 05:00:00,3771.5946251925643,3538.757883766989,2955.3553118931363
forecast_2622,2025-04-20 06:00:00,3529.3001756964245,3538.757883766989,2814.596970103937
forecast_2623,2025-04-20 07:00:00,3342.072694329331,3264.3492745173658,2814.596970103937
forecast_2624,2025-04-20 08:00:00,3088.230697478448,3097.546338374158,2666.7027233941467
forecast_2625,2025-04-20 09:00:00,3022.29014901208,3034.352597285046,2505.4544114247587
forecast_2626,2025-04-20 10:00:00,2928.3586169662403,3034.352597285046,2447.5099471286753
forecast_2627,2025-04-20 11:00:00,2898.5043160332675,3085.6109203913593,2373.9200713662144
forecast_2628,2025-04-20 12:00:00,2866.0385929064632,3085.6109203913593,2320.68150926829
forecast_2629,2025-04-20 13:00:00,2665.3003754884576,2647.32682155697,2229.477429099631
forecast_2630,2025-04-20 14:00:00,2665.3003754884576,2647.32682155697,2229.477429099631
forecast_2631,2025-04-20 15:00:00,2665.3003754884576,2647.32682155697,2231.299301997321
forecast_2632,2025-04-20 16:00:00,2628.3521050101035,2678.751952015411,2257.7122605789814
forecast_2633,2025-04-20 17:00:00,2628.3521050101035,2728.9811659693073,2257.7122605789814
forecast_2634,2025-04-20 18:00:00,2793.002668000223,2730.895543988073,2267.1101509574573
forecast_2635,2025-04-20 19:00:00,3069.443786781292,2829.6829125709655,2610.558397458809
forecast_2636,2025-04-20 20:00:00,3236.767761497871,3092.9780745951402,2809.563531915456
forecast_2637,2025-04-20 21:00:00,3237.0421341870106,3320.225934633153,2827.668735080414
forecast_2638,2025-04-20 22:00:00,3884.4243880648587,3795.439679734123,3455.1923781391306
forecast_2639,2025-04-20 23:00:00,3884.4243880648587,3795.439679734123,3455.1923781391306
forecast_2640,2025-04-21 00:00:00,3918.887410606236,3639.1421449828754,3364.3905491176447
forecast_2641,2025-04-21 01:00:00,3569.764823212535,3165.017068334559,2737.1302837665444
forecast_2642,2025-04-21 02:00:00,3514.4600120182904,3130.4092723307285,2680.0348151054145
forecast_2643,2025-04-21 03:00:00,3514.4600120182904,3163.855266405983,2771.7051307669585
forecast_2644,2025-04-21 04:00:00,3724.821440090166,3163.855266405983,2771.7051307669585
forecast_2645,2025-04-21 05:00:00,3953.5291815796345,3418.090449499953,2909.8287738474314
forecast_2646,2025-04-21 06:00:00,4057.385730897976,3430.0167660534266,2927.875355489873
forecast_2647,2025-04-21 07:00:00,4057.385730897976,3776.98822874795,2988.9433564217893
forecast_2648,2025-04-21 08:00:00,3978.5407362463675,4012.284014473417,2988.9433564217893
forecast_2649,2025-04-21 09:00:00,3898.624215685165,4012.284014473417,2986.6744988037467
forecast_2650,2025-04-21 10:00:00,3544.1867235220134,3740.818366361031,2548.0613739555492
forecast_2651,2025-04-21 11:00:00,3539.385981456373,3679.7362047694164,2511.6302067354495
forecast_2652,2025-04-21 12:00:00,3085.350051416688,3579.020412278561,2383.7240630454376
forecast_2653,2025-04-21 13:00:00,3052.769538342485,3471.796135230864,2166.4429212314362
forecast_2654,2025-04-21 14:00:00,2884.4586804081155,3471.796135230864,2146.8348791163344
forecast_2655,2025-04-21 15:00:00,2884.4586804081155,3130.9839621876517,1989.1819054893112
forecast_2656,2025-04-21 16:00:00,3107.906229693364,2968.1892558251675,1989.1819054893112
forecast_2657,2025-04-21 17:00:00,3221.6873294459756,2968.1892558251675,1989.1819054893112
forecast_2658,2025-04-21 18:00:00,3245.3417437630496,2999.100597595329,2075.0384179018547
forecast_2659,2025-04-21 19:00:00,4531.467607740494,3709.898088105524,2550.817929535669
forecast_2660,2025-04-21 20:00:00,4901.89455927469,5861.842739461002,3624.951457324033
forecast_2661,2025-04-21 21:00:00,5354.837240111476,8029.728998096141,4706.832094526293
forecast_2662,2025-04-21 22:00:00,6071.627254800183,8796.705306683585,5099.2905136546615
forecast_2663,2025-04-21 23:00:00,6296.870826002987,9660.055332864491,6081.713179552457
forecast_2664,2025-04-22 00:00:00,6321.734747909268,9907.78446507034,6149.384628591946
forecast_2665,2025-04-22 01:00:00,7576.220222353154,10550.666963736541,6987.857255221797
forecast_2666,2025-04-22 02:00:00,7364.4749428831,10204.669142106892,6679.6976766103635
forecast_2667,2025-04-22 03:00:00,6966.571186430966,8508.559806549525,5475.355435801053
forecast_2668,2025-04-22 04:00:00,6777.677234254947,8391.82231305823,5410.141295836935
forecast_2669,2025-04-22 05:00:00,6226.033159741966,7273.958792944354,4887.8898309094275
forecast_2670,2025-04-22 06:00:00,5939.893280746748,7047.559200895257,4797.643843299886
forecast_2671,2025-04-22 07:00:00,5633.435697623497,6814.152550170106,4887.8898309094275
forecast_2672,2025-04-22 08:00:00,5633.435697623497,6814.152550170106,5041.8834681687895
forecast_2673,2025-04-22 09:00:00,6597.091253189593,8406.442926798327,5734.050776347179
forecast_2674,2025-04-22 10:00:00,7621.5956595723455,9348.514885353277,6567.7805699303235
forecast_2675,2025-04-22 11:00:00,8822.466974683091,11561.789779647439,8301.30816018739
forecast_2676,2025-04-22 12:00:00,10047.80884212616,11884.145062345973,8806.401095433848
forecast_2677,2025-04-22 13:00:00,10047.80884212616,11884.145062345973,8806.401095433848
forecast_2678,2025-04-22 14:00:00,8640.392795256379,10956.52375473308,7640.443059081884
forecast_2679,2025-04-22 15:00:00,6642.967325634946,7280.761084332397,4889.89158240161
forecast_2680,2025-04-22 16:00:00,5700.876999289237,6188.005300429186,4560.632651716248
forecast_2681,2025-04-22 17:00:00,5203.193126642061,5701.488885992561,4270.641390914373
forecast_2682,2025-04-22 18:00:00,4859.372655213311,5496.494215315733,3460.2089844134507
forecast_2683,2025-04-22 19:00:00,4859.372655213311,5496.494215315733,3460.2089844134507
forecast_2684,2025-04-22 20:00:00,5017.46675533224,5496.494215315733,3460.2089844134507
forecast_2685,2025-04-22 21:00:00,5142.9095628361,4801.862004111626,3645.643392354616
forecast_2686,2025-04-22 22:00:00,5671.972172475928,4801.862004111626,3852.2373645809844
forecast_2687,2025-04-22 23:00:00,6518.139165149488,7461.520522824625,5232.971495683164
forecast_2688,2025-04-23 00:00:00,6519.4495114352585,7855.761037424263,5325.075232408337
forecast_2689,2025-04-23 01:00:00,7656.594552805876,8217.737704321968,6067.824057785721
forecast_2690,2025-04-23 02:00:00,7498.317604732142,8208.244189029023,5733.169482832952
forecast_2691,2025-04-23 03:00:00,7038.996420957797,7253.91409910737,5024.2938527349515
forecast_2692,2025-04-23 04:00:00,6514.239621243676,6051.302932759536,4352.384402585448
forecast_2693,2025-04-23 05:00:00,5967.5977980506095,5503.685655419379,3854.2436647244626
forecast_2694,2025-04-23 06:00:00,5481.476514825332,4752.6061289266245,3528.020519999817
forecast_2695,2025-04-23 07:00:00,4765.296988446799,4390.739951506381,3177.3253074408526
forecast_2696,2025-04-23 08:00:00,3673.986868243073,3894.847841806569,2867.42650224063
forecast_2697,2025-04-23 09:00:00,3429.7631212726983,3562.966682414535,2645.475188477124
forecast_2698,2025-04-23 10:00:00,3233.589130706363,3226.034481379642,2438.1054827260105
forecast_2699,2025-04-23 11:00:00,3131.2385331376163,3088.2789021250433,2393.3893128271366
forecast_2700,2025-04-23 12:00:00,2825.366527248375,2866.3534401138254,2121.975542244936
forecast_2701,2025-04-23 13:00:00,2825.366527248375,2748.65904259132,2121.975542244936
forecast_2702,2025-04-23 14:00:00,2939.1138532267,2748.65904259132,2131.340462788847
forecast_2703,2025-04-23 15:00:00,3161.7227627757698,3106.435915023915,2284.855303064929
forecast_2704,2025-04-23 16:00:00,3414.449746642708,3407.8347243721378,2575.8612856488808
forecast_2705,2025-04-23 17:00:00,3578.278570493144,3992.254199186312,2586.0527012130246
forecast_2706,2025-04-23 18:00:00,4151.067129763519,4527.02339911866,3340.4518172049734
forecast_2707,2025-04-23 19:00:00,4673.405278171158,4773.207809800438,3813.983990400279
forecast_2708,2025-04-23 20:00:00,5520.647581502717,5684.975744366992,4797.086368273053
forecast_2709,2025-04-23 21:00:00,6013.094845720218,6874.761846342939,5580.317242403076
forecast_2710,2025-04-23 22:00:00,7849.373262784186,9222.298779791829,7430.928952798162
forecast_2711,2025-04-23 23:00:00,9264.375274883909,10873.116124153741,8676.914854703962
forecast_2712,2025-04-24 00:00:00,10949.016820028395,12788.421341910478,10567.777483800797
forecast_2713,2025-04-24 01:00:00,14764.245692104527,15495.048005074976,13420.442329129319
forecast_2714,2025-04-24 02:00:00,14792.879177881254,15657.650978928568,13475.33747829638
forecast_2715,2025-04-24 03:00:00,15346.458009182217,16885.537554707702,14580.698121433326
forecast_2716,2025-04-24 04:00:00,15346.458009182217,16885.537554707702,14580.698121433326
forecast_2717,2025-04-24 05:00:00,14867.690918504366,16789.665221115265,13992.459430391687
forecast_2718,2025-04-24 06:00:00,14867.690918504366,16299.325391001848,13334.916995761956
forecast_2719,2025-04-24 07:00:00,14834.3085185114,16154.3477300774,13082.591423492846
forecast_2720,2025-04-24 08:00:00,13298.768724987694,14476.055680726258,12447.364917229992
forecast_2721,2025-04-24 09:00:00,10314.314819225305,11449.61831408139,8928.278120365061
forecast_2722,2025-04-24 10:00:00,8537.416749573918,9577.671960388316,7859.355213951951
forecast_2723,2025-04-24 11:00:00,8537.416749573918,9577.671960388316,7859.355213951951
forecast_2724,2025-04-24 12:00:00,9925.317824517344,11492.75940736948,9216.305524432748
forecast_2725,2025-04-24 13:00:00,10781.254914171597,11553.113778747962,9991.626338169095
forecast_2726,2025-04-24 14:00:00,12440.564085396512,14052.431963457459,12917.084560664498
forecast_2727,2025-04-24 15:00:00,14240.249288579424,15285.088056736557,14420.04161354135
forecast_2728,2025-04-24 16:00:00,14403.789342778779,15285.088056736557,14437.484088732122
forecast_2729,2025-04-24 17:00:00,14624.247927802251,15285.088056736557,14437.484088732122
forecast_2730,2025-04-24 18:00:00,15363.770937346042,17537.09708806799,15915.81309162218
forecast_2731,2025-04-24 19:00:00,16535.4809227644,18501.557804744007,16557.678695902458
forecast_2732,2025-04-24 20:00:00,16535.4809227644,18501.557804744007,16557.678695902458
forecast_2733,2025-04-24 21:00:00,16426.27525556868,17690.27127586726,16226.620817110252
forecast_2734,2025-04-24 22:00:00,15601.344747498772,16727.08145389842,15174.630709249628
forecast_2735,2025-04-24 23:00:00,14933.258099186758,16270.367783440324,14630.452796678015
forecast_2736,2025-04-25 00:00:00,14817.011954796943,16189.217892574015,14395.941654649008
forecast_2737,2025-04-25 01:00:00,13883.263609418591,13819.874494005224,12182.577564200838
forecast_2738,2025-04-25 02:00:00,13888.938695310406,13785.99326223984,12128.475983295697
forecast_2739,2025-04-25 03:00:00,13888.938695310406,13517.857898485649,11396.735680262118
forecast_2740,2025-04-25 04:00:00,13742.466367756922,13517.857898485649,11396.735680262118
forecast_2741,2025-04-25 05:00:00,13742.466367756922,14368.773794321178,11800.851229148002
forecast_2742,2025-04-25 06:00:00,13742.466367756922,14368.773794321178,11800.851229148002
forecast_2743,2025-04-25 07:00:00,12426.885936081822,13442.340982896654,10538.586785678333
forecast_2744,2025-04-25 08:00:00,12250.758067142404,12579.330821528038,10191.574701071584
forecast_2745,2025-04-25 09:00:00,12250.758067142404,12579.330821528038,10191.574701071584
forecast_2746,2025-04-25 10:00:00,12529.432955012915,12341.613876702519,10191.574701071584
forecast_2747,2025-04-25 11:00:00,12529.432955012915,12341.613876702519,9983.015873659288
forecast_2748,2025-04-25 12:00:00,12073.700236163979,11134.922814234202,8991.44988198129
forecast_2749,2025-04-25 13:00:00,11986.192351231202,10486.6918275272,8991.44988198129
forecast_2750,2025-04-25 14:00:00,11907.451154019724,10486.6918275272,9094.856129992917
forecast_2751,2025-04-25 15:00:00,11528.569996000417,10697.219822093519,9173.226016919976
forecast_2752,2025-04-25 16:00:00,11528.569996000417,10730.114992678984,9173.226016919976
forecast_2753,2025-04-25 17:00:00,11561.580676271118,10787.821849441001,9365.658983414532
forecast_2754,2025-04-25 18:00:00,11692.668163445047,10988.004217462609,9540.044791009293
forecast_2755,2025-04-25 19:00:00,11807.600080002172,11092.438381077485,9579.427383744285
forecast_2756,2025-04-25 20:00:00,12982.092253467259,12586.319590461386,10964.86106329667
forecast_2757,2025-04-25 21:00:00,13156.521052038714,12939.766113647378,11319.712418975663
forecast_2758,2025-04-25 22:00:00,13156.521052038714,12939.766113647378,11344.853556546299
forecast_2759,2025-04-25 23:00:00,12712.64197857543,11808.498358599853,11344.853556546299
forecast_2760,2025-04-26 00:00:00,11897.715899555289,11448.733352622532,10652.861947925256
forecast_2761,2025-04-26 01:00:00,9816.87359204837,10516.270409038349,8778.912233083993
forecast_2762,2025-04-26 02:00:00,9945.52765688363,11137.753966496875,9183.463551483128
forecast_2763,2025-04-26 03:00:00,12082.340649106938,13704.236753844942,11775.426602199845
forecast_2764,2025-04-26 04:00:00,12549.531197460397,14605.359873594232,11782.532322475174
forecast_2765,2025-04-26 05:00:00,13293.388105807337,15131.313424660775,12715.965366513097
forecast_2766,2025-04-26 06:00:00,13635.49974398025,15174.255234452872,13397.82074830874
forecast_2767,2025-04-26 07:00:00,14025.51893973283,15174.255234452872,13426.145918259315
forecast_2768,2025-04-26 08:00:00,14025.51893973283,15107.167067335813,13426.145918259315
forecast_2769,2025-04-26 09:00:00,12965.510062894147,14318.506861075779,12448.561543820977
forecast_2770,2025-04-26 10:00:00,12851.865172505177,13308.884024892352,11467.932866343637
forecast_2771,2025-04-26 11:00:00,12851.865172505177,13017.499797714356,11467.932866343637
forecast_2772,2025-04-26 12:00:00,13108.976887196555,13097.209735136934,12086.899687631341
forecast_2773,2025-04-26 13:00:00,13284.156681034126,13097.209735136934,12167.575039786028
forecast_2774,2025-04-26 14:00:00,13586.387660095817,13648.054955189105,12270.444507150984
forecast_2775,2025-04-26 15:00:00,14604.324796404395,14828.302393803227,13923.531058416294
forecast_2776,2025-04-26 16:00:00,15043.806232856703,15556.834392899724,14625.325463955684
forecast_2777,2025-04-26 17:00:00,16231.65342495472,17176.213173722706,16350.780187439483
forecast_2778,2025-04-26 18:00:00,16945.88204955731,18465.78130520733,17299.15701058998
forecast_2779,2025-04-26 19:00:00,17283.63425979499,18512.01769474332,17743.72936750191
forecast_2780,2025-04-26 20:00:00,18024.020014782738,18594.41671202126,18276.707882611947
forecast_2781,2025-04-26 21:00:00,18798.089205988224,18692.576661000363,18545.947471205753
forecast_2782,2025-04-26 22:00:00,18891.024581914833,18847.649417986577,18562.747282951117
forecast_2783,2025-04-26 23:00:00,19040.91790646141,19304.182628011666,18602.79258652024
forecast_2784,2025-04-27 00:00:00,19311.24362939404,19585.997173544692,18745.50191455416
forecast_2785,2025-04-27 01:00:00,18834.65719218382,19587.937225165202,18685.332171124915
forecast_2786,2025-04-27 02:00:00,18815.669952906333,19516.997647246095,18774.96427432511
forecast_2787,2025-04-27 03:00:00,18551.991725703152,19384.66074757182,18774.96427432511
forecast_2788,2025-04-27 04:00:00,18518.185518353035,19168.849754890023,18051.808859243425
forecast_2789,2025-04-27 05:00:00,18202.462565334918,19059.36646029262,17900.035895034627
forecast_2790,2025-04-27 06:00:00,18113.990727862205,19014.541086615813,17768.82215111284
forecast_2791,2025-04-27 07:00:00,16963.152102926462,18288.476990874704,16592.72994348802
forecast_2792,2025-04-27 08:00:00,16297.53803371439,17986.19449650249,16151.126388090099
forecast_2793,2025-04-27 09:00:00,15351.302222180253,16390.12832164781,14855.292542243746
forecast_2794,2025-04-27 10:00:00,14608.187077549741,15549.791793276123,14050.278613505245
forecast_2795,2025-04-27 11:00:00,14608.187077549741,15549.791793276123,14050.278613505245
forecast_2796,2025-04-27 12:00:00,16697.60730796103,17636.9177427068,15498.275901362562
forecast_2797,2025-04-27 13:00:00,16859.321286272832,18623.24333132499,16615.876895581263
forecast_2798,2025-04-27 14:00:00,16859.321286272832,18623.24333132499,16615.876895581263
forecast_2799,2025-04-27 15:00:00,15821.740579586123,17461.699504879096,15287.365347729534
forecast_2800,2025-04-27 16:00:00,15405.048593885198,17274.19168695744,15287.365347729534
forecast_2801,2025-04-27 17:00:00,15405.048593885198,17461.699504879096,15447.003485038333
forecast_2802,2025-04-27 18:00:00,15405.048593885198,17789.824497671616,15933.11475610091
forecast_2803,2025-04-27 19:00:00,15446.662977216718,17910.039219022925,16291.702974913704
forecast_2804,2025-04-27 20:00:00,15404.438501724606,17789.824497671616,16291.702974913704
forecast_2805,2025-04-27 21:00:00,15320.121429562243,16914.797654368187,16446.269508420228
forecast_2806,2025-04-27 22:00:00,15320.121429562243,16914.797654368187,16446.269508420228
forecast_2807,2025-04-27 23:00:00,15809.79669707074,17282.256232184645,16446.269508420228
forecast_2808,2025-04-28 00:00:00,16130.243672369048,17883.922731306804,16630.367071596855
forecast_2809,2025-04-28 01:00:00,13937.883752009986,15532.270409686384,13277.523883765349
forecast_2810,2025-04-28 02:00:00,14102.976817983948,15325.191195643405,13428.708716426521
forecast_2811,2025-04-28 03:00:00,13254.622864582081,14468.37848935301,12810.406100084083
forecast_2812,2025-04-28 04:00:00,12533.616666602673,13659.493924138727,10229.201787046823
forecast_2813,2025-04-28 05:00:00,8108.720965002505,10385.268812341299,7456.600006715524
forecast_2814,2025-04-28 06:00:00,7641.489534077889,8320.496630129002,6229.450666367871
forecast_2815,2025-04-28 07:00:00,7364.6051854942225,8144.284330909795,5742.500506334525
forecast_2816,2025-04-28 08:00:00,6423.21952385054,7550.026404083238,5025.774812042635
forecast_2817,2025-04-28 09:00:00,5499.126378864859,5377.566560856088,4230.037065535818
forecast_2818,2025-04-28 10:00:00,5499.126378864859,5377.566560856088,4230.037065535818
forecast_2819,2025-04-28 11:00:00,8701.383300389247,8132.304642358498,7123.119132718991
forecast_2820,2025-04-28 12:00:00,10784.07055095513,10275.133701349188,8666.379643624252
forecast_2821,2025-04-28 13:00:00,11966.440781997288,11195.519033653174,9145.893368720255
forecast_2822,2025-04-28 14:00:00,11966.440781997288,11195.519033653174,9145.893368720255
forecast_2823,2025-04-28 15:00:00,10949.643624210725,9855.50749924805,8247.467652189142
forecast_2824,2025-04-28 16:00:00,7962.504577942889,6710.042554449574,5510.954860372412
forecast_2825,2025-04-28 17:00:00,6214.649691253462,5569.094920841011,3803.1421646369613
forecast_2826,2025-04-28 18:00:00,5443.499214406115,4741.113242207782,3480.4793430849277
forecast_2827,2025-04-28 19:00:00,5439.739000451625,4741.113242207782,3480.4793430849277
forecast_2828,2025-04-28 20:00:00,5439.739000451625,4881.131259328544,3692.688492169376
forecast_2829,2025-04-28 21:00:00,6021.858149701036,5401.532388541677,4162.1824567521935
forecast_2830,2025-04-28 22:00:00,6021.858149701036,5544.09593437052,4235.538738536473
forecast_2831,2025-04-28 23:00:00,5913.288273225775,5621.106413270755,4235.538738536473
forecast_2832,2025-04-29 00:00:00,5756.622901089967,5582.601173820638,3999.8114048158777
forecast_2833,2025-04-29 01:00:00,4067.3658160815144,2755.1329762411756,2339.71034953468
forecast_2834,2025-04-29 02:00:00,3697.445371555327,2950.2971818842016,2255.5734071178913
forecast_2835,2025-04-29 03:00:00,3697.445371555327,3091.512850935759,2255.5734071178913
forecast_2836,2025-04-29 04:00:00,4506.663688282496,4419.769069326472,2576.8752801487735
forecast_2837,2025-04-29 05:00:00,5998.04726410032,5585.835295213572,3780.558618371194
forecast_2838,2025-04-29 06:00:00,7009.112525541755,7368.498948521634,5006.5230992781335
forecast_2839,2025-04-29 07:00:00,7009.112525541755,8357.681562696143,5676.623689264726
forecast_2840,2025-04-29 08:00:00,6715.242720278536,8357.681562696143,5676.623689264726
forecast_2841,2025-04-29 09:00:00,6715.242720278536,7177.737301856429,5748.000437580255
forecast_2842,2025-04-29 10:00:00,6637.358918882525,6941.185775039432,5632.859975161483
forecast_2843,2025-04-29 11:00:00,6814.890621961279,6787.244542840481,5541.967633724167
forecast_2844,2025-04-29 12:00:00,6965.589910632693,6609.369684057502,5541.967633724167
forecast_2845,2025-04-29 13:00:00,6969.024480400415,6609.369684057502,5553.492310835854
forecast_2846,2025-04-29 14:00:00,7262.432079145107,6609.369684057502,5744.878078129541
forecast_2847,2025-04-29 15:00:00,8017.4098299727675,6731.134906416521,6019.737840967071
forecast_2848,2025-04-29 16:00:00,8371.844169569682,7297.478315044992,6703.695146758078
forecast_2849,2025-04-29 17:00:00,8371.844169569682,7390.6914377150415,6821.177230584064
forecast_2850,2025-04-29 18:00:00,8389.588987909146,7577.238392832139,6972.229624428687
forecast_2851,2025-04-29 19:00:00,9839.500310724117,10257.265395807632,9060.987157304831
forecast_2852,2025-04-29 20:00:00,12819.928587961305,13373.559264994914,11978.114795953585
forecast_2853,2025-04-29 21:00:00,14498.212484652811,15153.632264319047,13466.375143708476
forecast_2854,2025-04-29 22:00:00,17860.413855554194,18543.84246428474,17223.251344752123
forecast_2855,2025-04-29 23:00:00,18837.28337718796,19186.8954974989,18425.891432764118
forecast_2856,2025-04-30 00:00:00,18910.88933899802,19266.302321314157,18436.308782899523
forecast_2857,2025-04-30 01:00:00,19278.53096332779,19177.60845682637,18218.539772007563
forecast_2858,2025-04-30 02:00:00,19395.647507845424,19272.22132299888,18469.824923675493
forecast_2859,2025-04-30 03:00:00,20166.41741136887,19566.77882621406,19034.60638987065
forecast_2860,2025-04-30 04:00:00,20166.41741136887,19580.713919527407,19034.60638987065
forecast_2861,2025-04-30 05:00:00,19566.24624320475,19580.713919527407,18647.550409937336
forecast_2862,2025-04-30 06:00:00,18728.2107247546,19505.396513290543,18282.53792883681
forecast_2863,2025-04-30 07:00:00,17640.39772692779,18885.415315344162,17326.338225921303
forecast_2864,2025-04-30 08:00:00,15379.595272118637,16927.72451340229,15306.193323206016
forecast_2865,2025-04-30 09:00:00,14303.119726332428,16386.64469045122,14876.819421041855
forecast_2866,2025-04-30 10:00:00,12682.37543473392,15764.121451401512,13560.458420823023
forecast_2867,2025-04-30 11:00:00,12210.338661760587,14924.682390979176,13259.483171844902
forecast_2868,2025-04-30 12:00:00,11840.06073665395,14402.263393124205,13233.781775785606
forecast_2869,2025-04-30 13:00:00,11056.094643572034,13298.363917421488,11024.566569283817
forecast_2870,2025-04-30 14:00:00,9145.883629510045,11105.079404057637,9668.464444311054
forecast_2871,2025-04-30 15:00:00,9080.563761002622,10476.37706612779,9345.14215929544
forecast_2872,2025-04-30 16:00:00,8168.438632025546,8726.457197107151,7618.3570980318855
forecast_2873,2025-04-30 17:00:00,6943.298649797233,7843.0520542620825,6471.779326059974
forecast_2874,2025-04-30 18:00:00,6745.038516612901,7638.694786203696,6353.829144002875
forecast_2875,2025-04-30 19:00:00,6704.333977500299,7638.694786203696,5940.578603303722
forecast_2876,2025-04-30 20:00:00,6704.333977500299,7974.29212085113,5940.578603303722
forecast_2877,2025-04-30 21:00:00,8166.738049824946,8973.720086325708,6434.329587963602
forecast_2878,2025-04-30 22:00:00,8999.522346401169,11451.074264058057,7450.768079376443
forecast_2879,2025-04-30 23:00:00,9645.582764484876,12408.263687956407,8276.121242788031
forecast_2880,2025-05-01 00:00:00,10216.489066834736,12764.657843534726,8528.209113023635
forecast_2881,2025-05-01 01:00:00,13622.517624436907,15277.172203451777,14184.17686300084
forecast_2882,2025-05-01 02:00:00,13748.866502339608,15374.986509534476,14198.253868698568
forecast_2883,2025-05-01 03:00:00,15559.122241080604,15960.093598153719,15109.905250233653
forecast_2884,2025-05-01 04:00:00,15775.196017067094,16906.097084540066,15442.261017255627
forecast_2885,2025-05-01 05:00:00,15915.110165180824,17309.32769447699,15762.689948754287
forecast_2886,2025-05-01 06:00:00,16047.301409585441,17339.64680500128,15871.964122864752
forecast_2887,2025-05-01 07:00:00,16061.473114633834,17711.836939131645,16295.02919486185
forecast_2888,2025-05-01 08:00:00,16061.473114633834,17711.836939131645,16295.02919486185
forecast_2889,2025-05-01 09:00:00,15835.850792429712,16720.726538460247,15489.04719644429
forecast_2890,2025-05-01 10:00:00,14222.364941221516,14888.154899176738,13026.886597463508
forecast_2891,2025-05-01 11:00:00,14222.364941221516,14888.154899176738,13026.886597463508
forecast_2892,2025-05-01 12:00:00,14531.207710377796,15515.773493615212,13795.200316095099
forecast_2893,2025-05-01 13:00:00,14768.985531431248,15807.928518422024,14583.194068747203
forecast_2894,2025-05-01 14:00:00,15368.673781851074,17301.342324099525,16373.288896164988
forecast_2895,2025-05-01 15:00:00,15630.212309664461,17301.342324099525,16577.710251585297
forecast_2896,2025-05-01 16:00:00,15630.212309664461,16874.854125784062,16577.710251585297
forecast_2897,2025-05-01 17:00:00,14054.850298777685,14936.731514432051,15102.293093584094
forecast_2898,2025-05-01 18:00:00,12218.748992271076,14239.720479056039,12672.387409638439
forecast_2899,2025-05-01 19:00:00,12218.748992271076,14239.720479056039,12672.387409638439
forecast_2900,2025-05-01 20:00:00,12217.008341819765,13589.108059525795,12672.387409638439
forecast_2901,2025-05-01 21:00:00,12064.66134298671,12531.266144079676,11973.035669496492
forecast_2902,2025-05-01 22:00:00,12064.66134298671,12531.266144079676,11973.035669496492
forecast_2903,2025-05-01 23:00:00,13744.3627233939,14795.402542012354,14347.914551626094
forecast_2904,2025-05-02 00:00:00,14868.876226857086,16148.067533380545,15172.952663544182
forecast_2905,2025-05-02 01:00:00,15554.472176016128,16810.805696369967,15553.539355844117
forecast_2906,2025-05-02 02:00:00,15237.063434200394,16352.679777953255,14864.980609512524
forecast_2907,2025-05-02 03:00:00,14545.209822158033,15745.949555280462,14132.102359766595
forecast_2908,2025-05-02 04:00:00,14545.209822158033,15745.949555280462,14132.102359766595
forecast_2909,2025-05-02 05:00:00,14804.904106954371,15745.949555280462,14632.46463036865
forecast_2910,2025-05-02 06:00:00,14804.904106954371,15642.926365533665,14632.46463036865
forecast_2911,2025-05-02 07:00:00,14272.129739832739,14653.995136378586,13634.261320052334
forecast_2912,2025-05-02 08:00:00,12697.984466926726,13983.591771471654,12202.586537318997
forecast_2913,2025-05-02 09:00:00,12321.030435416636,12610.55253735993,10914.047599505426
forecast_2914,2025-05-02 10:00:00,11259.08078389286,10819.001640515808,9433.787198676058
forecast_2915,2025-05-02 11:00:00,11228.339439087165,10427.379996598134,9335.880691515358
forecast_2916,2025-05-02 12:00:00,10246.165170769773,9564.862547769388,8324.437366193299
forecast_2917,2025-05-02 13:00:00,10246.165170769773,9158.663113228698,7905.665298576836
forecast_2918,2025-05-02 14:00:00,9086.672043288998,8044.054503258757,6287.34939752416
forecast_2919,2025-05-02 15:00:00,7705.228935983587,6758.999264214246,5332.522844016699
forecast_2920,2025-05-02 16:00:00,7661.449639883094,6758.999264214246,5332.522844016699
forecast_2921,2025-05-02 17:00:00,7661.449639883094,6841.529237028488,6553.74271804318
forecast_2922,2025-05-02 18:00:00,8849.205116221417,8673.027154125986,7756.631780356796
forecast_2923,2025-05-02 19:00:00,8887.283678423544,9026.449751298269,8383.79889485394
forecast_2924,2025-05-02 20:00:00,10618.157828682162,10446.654966093267,10029.065316033539
forecast_2925,2025-05-02 21:00:00,11210.065688712397,12384.751957284741,10722.87892827407
forecast_2926,2025-05-02 22:00:00,11210.065688712397,12572.877742540422,10732.694138126568
forecast_2927,2025-05-02 23:00:00,11179.058626233043,12850.88034691849,10732.694138126568
forecast_2928,2025-05-03 00:00:00,11001.603256793976,13349.960347033077,11220.819179771832
forecast_2929,2025-05-03 01:00:00,11361.825779377406,12372.800104215621,10166.36135799655
forecast_2930,2025-05-03 02:00:00,10846.615840446384,11834.73676075862,9435.197320934918
forecast_2931,2025-05-03 03:00:00,9232.594559990486,11834.73676075862,9435.197320934918
forecast_2932,2025-05-03 04:00:00,8577.968395159225,9192.198961162849,6773.740128463987
forecast_2933,2025-05-03 05:00:00,7668.489902791771,7644.222983348192,5924.677310099146
forecast_2934,2025-05-03 06:00:00,5296.3239568065355,5331.318243965833,3715.7472578911475
forecast_2935,2025-05-03 07:00:00,5199.714470819393,5331.318243965833,3715.7472578911475
forecast_2936,2025-05-03 08:00:00,5199.714470819393,5558.851957775432,4714.596543126711
forecast_2937,2025-05-03 09:00:00,6089.292001329718,6384.435183482696,5421.318950505332
forecast_2938,2025-05-03 10:00:00,6815.797423575978,8086.404661539913,7124.663351408273
forecast_2939,2025-05-03 11:00:00,10414.324162663886,13140.255172313951,11305.315968032699
forecast_2940,2025-05-03 12:00:00,11723.498639650528,14340.850704435496,12720.833395225456
forecast_2941,2025-05-03 13:00:00,11723.498639650528,14340.850704435496,12720.833395225456
forecast_2942,2025-05-03 14:00:00,11720.51620969233,12601.207903079652,11715.816948643773
forecast_2943,2025-05-03 15:00:00,11720.51620969233,12601.207903079652,11715.816948643773
forecast_2944,2025-05-03 16:00:00,12464.810846484721,13129.872146662896,11742.861200214858
forecast_2945,2025-05-03 17:00:00,12464.810846484721,13129.872146662896,11742.861200214858
forecast_2946,2025-05-03 18:00:00,12464.810846484721,13129.872146662896,11742.861200214858
forecast_2947,2025-05-03 19:00:00,13425.379207088079,13446.000199463491,12390.689367604016
forecast_2948,2025-05-03 20:00:00,13739.01850176781,14349.80173865212,12686.764135973872
forecast_2949,2025-05-03 21:00:00,14221.71906534743,14812.285852214709,13420.513706503605
forecast_2950,2025-05-03 22:00:00,14811.681039705185,15915.285255941932,14137.117692671643
forecast_2951,2025-05-03 23:00:00,15032.79933766885,16892.77633910539,15048.608668956167
forecast_2952,2025-05-04 00:00:00,15074.266921254359,16997.51894459335,15105.301566976137
forecast_2953,2025-05-04 01:00:00,15292.01784733405,17187.6155614403,15429.968676303615
forecast_2954,2025-05-04 02:00:00,15204.096460445802,16447.478856559308,15115.381812757187
forecast_2955,2025-05-04 03:00:00,15379.939234222295,16136.759847915473,14336.047273312835
forecast_2956,2025-05-04 04:00:00,15022.711761291925,16136.759847915473,14336.047273312835
forecast_2957,2025-05-04 05:00:00,15063.753455739785,17371.74679230592,14587.481071028426
forecast_2958,2025-05-04 06:00:00,14937.727729866674,17371.74679230592,14587.481071028426
forecast_2959,2025-05-04 07:00:00,14744.797887609113,16612.918907661428,13936.795703701491
forecast_2960,2025-05-04 08:00:00,13799.799932923084,14195.549935700828,11903.234077963705
forecast_2961,2025-05-04 09:00:00,13074.666092188589,13435.958524685251,10767.069740768817
forecast_2962,2025-05-04 10:00:00,12790.760590127054,13155.99653049256,10279.462074463723
forecast_2963,2025-05-04 11:00:00,12790.760590127054,13155.99653049256,10279.462074463723
forecast_2964,2025-05-04 12:00:00,13926.615607234704,13879.662077914803,12370.058389993528
forecast_2965,2025-05-04 13:00:00,14922.602584778975,15666.752920703959,14537.649873795268
forecast_2966,2025-05-04 14:00:00,16244.101836921222,16867.829964135057,16510.361241811042
forecast_2967,2025-05-04 15:00:00,16244.101836921222,17086.447737407183,16510.361241811042
forecast_2968,2025-05-04 16:00:00,16242.499492895007,17086.447737407183,16047.306492007618
forecast_2969,2025-05-04 17:00:00,16235.827611964229,16727.885593369057,15195.92794481562
forecast_2970,2025-05-04 18:00:00,15631.172496987525,15597.24916178115,13877.127345916455
forecast_2971,2025-05-04 19:00:00,14981.443540524477,15104.795805926135,13000.984572129106
forecast_2972,2025-05-04 20:00:00,14030.718188528006,14887.689325698511,12699.993342106513
forecast_2973,2025-05-04 21:00:00,11790.180072855186,10675.249165109477,8941.753457910836
forecast_2974,2025-05-04 22:00:00,9698.092746373128,10212.016753040694,7663.802604946861
forecast_2975,2025-05-04 23:00:00,7574.759355020226,7712.631738687381,5644.3938008230425
forecast_2976,2025-05-05 00:00:00,7118.236681660517,7576.707746938573,5060.975908164729
forecast_2977,2025-05-05 01:00:00,6809.92853758133,6409.01404762922,4740.912500141603
forecast_2978,2025-05-05 02:00:00,6961.692508163718,5579.298144645845,4332.740094104171
forecast_2979,2025-05-05 03:00:00,6585.381126931157,5412.296933031793,4230.191719880063
forecast_2980,2025-05-05 04:00:00,6585.381126931157,5412.296933031793,3881.384382199535
forecast_2981,2025-05-05 05:00:00,5528.784164144405,4286.610994895489,3395.307763714719
forecast_2982,2025-05-05 06:00:00,4150.453283652974,3771.6127941680884,2901.1819818877802
forecast_2983,2025-05-05 07:00:00,4039.7771403478496,3517.975597010495,2775.288982631972
forecast_2984,2025-05-05 08:00:00,3478.317190603415,3254.2397175207557,2466.5963473532447
forecast_2985,2025-05-05 09:00:00,3268.943770200166,3138.24027342075,2348.542831191867
forecast_2986,2025-05-05 10:00:00,2806.779891493958,2518.369436306882,1896.4459402499585
forecast_2987,2025-05-05 11:00:00,2659.438829955746,2518.369436306882,1896.4459402499585
forecast_2988,2025-05-05 12:00:00,2382.979234712285,2402.9699225820113,1958.0993961949928
forecast_2989,2025-05-05 13:00:00,2382.979234712285,2402.9699225820113,1958.0993961949928
forecast_2990,2025-05-05 14:00:00,2382.979234712285,2402.9699225820113,1942.9092552813393
forecast_2991,2025-05-05 15:00:00,2504.8647019768127,2449.923795797663,1942.9092552813393
forecast_2992,2025-05-05 16:00:00,2989.563612240984,3175.5453498050942,2353.8916410669026
forecast_2993,2025-05-05 17:00:00,3037.2462121768654,3192.946328255636,2363.7052197408534
forecast_2994,2025-05-05 18:00:00,3354.66968971392,3381.946303754823,2472.490603920036
forecast_2995,2025-05-05 19:00:00,3891.484939126583,4987.833531635082,3595.453753284167
forecast_2996,2025-05-05 20:00:00,4190.978658490757,4987.833531635082,3664.085136240369
forecast_2997,2025-05-05 21:00:00,4563.773535597786,5022.598229319496,3712.1828248455085
forecast_2998,2025-05-05 22:00:00,4726.296499409685,4953.06575112843,3712.1828248455085
forecast_2999,2025-05-05 23:00:00,4869.945810982519,4970.459193825233,3557.6917081262472
forecast_3000,2025-05-06 00:00:00,4798.121155196102,4756.629851319154,3505.8858032461976
forecast_3001,2025-05-06 01:00:00,3333.6819852121394,3070.439842897313,2429.079631632635
forecast_3002,2025-05-06 02:00:00,3358.9065569573445,3208.4739591206944,2465.274483869945
forecast_3003,2025-05-06 03:00:00,3240.4211996484564,3282.283620622504,2487.5245435895436
forecast_3004,2025-05-06 04:00:00,3240.4211996484564,3282.283620622504,2491.7421954538795
forecast_3005,2025-05-06 05:00:00,3240.4211996484564,3044.798622203859,2491.7421954538795
forecast_3006,2025-05-06 06:00:00,3219.414600528612,3044.798622203859,2491.7421954538795
forecast_3007,2025-05-06 07:00:00,3171.491646291638,3169.1735955599443,2472.8450298625785
forecast_3008,2025-05-06 08:00:00,3156.4500303263353,3282.2905276046295,2455.8672461158517
forecast_3009,2025-05-06 09:00:00,3149.8459515400173,3282.2905276046295,2455.8672461158517
forecast_3010,2025-05-06 10:00:00,2905.114682799385,2783.3940833586303,2324.5659050448476
forecast_3011,2025-05-06 11:00:00,2702.0928271155344,2664.686947316635,2240.484008999301
forecast_3012,2025-05-06 12:00:00,2702.0928271155344,2664.686947316635,2240.484008999301
forecast_3013,2025-05-06 13:00:00,2742.230521240451,2762.972803238732,2304.083420929093
forecast_3014,2025-05-06 14:00:00,2919.1080537352523,2804.680736128457,2517.049885862012
forecast_3015,2025-05-06 15:00:00,2919.1080537352523,2891.0787831155985,2555.005583277853
forecast_3016,2025-05-06 16:00:00,2752.292860028717,2891.0787831155985,2555.005583277853
forecast_3017,2025-05-06 17:00:00,2752.292860028717,2841.173935834289,2261.2385394371354
forecast_3018,2025-05-06 18:00:00,2832.0509983644733,2841.173935834289,2261.2385394371354
forecast_3019,2025-05-06 19:00:00,3034.512759221413,3098.8474218530637,2768.314624809796
forecast_3020,2025-05-06 20:00:00,3157.19883752842,3255.9249379943262,2806.805431476869
forecast_3021,2025-05-06 21:00:00,3662.1848266595907,3571.145269208145,3104.6183215485485
forecast_3022,2025-05-06 22:00:00,4150.822241382366,4417.981865617178,4008.029855635637
forecast_3023,2025-05-06 23:00:00,4679.121393191195,4943.842176934413,4315.078794348648
forecast_3024,2025-05-07 00:00:00,4807.866792378602,4959.093706489855,4398.111387280439
forecast_3025,2025-05-07 01:00:00,4506.907464103906,4558.920284693442,3480.5845503841274
forecast_3026,2025-05-07 02:00:00,4465.460667712572,4547.58161045971,3350.96278669665
forecast_3027,2025-05-07 03:00:00,4465.460667712572,4721.699295435241,3573.914155129785
forecast_3028,2025-05-07 04:00:00,4465.460667712572,4721.699295435241,3573.914155129785
forecast_3029,2025-05-07 05:00:00,5420.615968987166,5767.342315701695,4218.21895260079
forecast_3030,2025-05-07 06:00:00,5651.018247746656,5767.342315701695,4250.385950615922
forecast_3031,2025-05-07 07:00:00,5651.018247746656,5449.73088923437,4250.385950615922
forecast_3032,2025-05-07 08:00:00,5074.671493781133,4655.965672016836,3727.387165726781
forecast_3033,2025-05-07 09:00:00,4108.597838003486,3835.2960686089455,3226.4679598264984
forecast_3034,2025-05-07 10:00:00,3625.457497547444,3395.860383522122,2766.3770561616407
forecast_3035,2025-05-07 11:00:00,3327.357308818047,3331.2319731450707,2752.398808704619
forecast_3036,2025-05-07 12:00:00,3327.357308818047,3266.343086879907,2737.390119808133
forecast_3037,2025-05-07 13:00:00,3575.6649920632435,3266.343086879907,2737.390119808133
forecast_3038,2025-05-07 14:00:00,3694.8354441907977,3266.343086879907,2586.955393811204
forecast_3039,2025-05-07 15:00:00,3753.0249106541805,3318.5727165576,2586.955393811204
forecast_3040,2025-05-07 16:00:00,3753.0249106541805,3318.5727165576,2581.2944315891873
forecast_3041,2025-05-07 17:00:00,3878.3968866716923,3310.9521760187986,2648.5290111563586
forecast_3042,2025-05-07 18:00:00,3878.3968866716923,3310.9521760187986,2775.9709303787354
forecast_3043,2025-05-07 19:00:00,3946.7829165026897,3927.012396520529,3052.9499279972833
forecast_3044,2025-05-07 20:00:00,4223.632173881253,3946.4783194234124,3304.9299752400993
forecast_3045,2025-05-07 21:00:00,5009.494865479941,4613.234282900305,3685.5901893894697
forecast_3046,2025-05-07 22:00:00,6582.3524586973745,6214.302989501804,4791.52209182128
forecast_3047,2025-05-07 23:00:00,6975.937146801019,7108.526673471468,5745.707259678877
forecast_3048,2025-05-08 00:00:00,7003.859932925834,7140.6692681298,5770.975829012025
forecast_3049,2025-05-08 01:00:00,6681.269849136423,6676.479011948886,5176.145895926371
forecast_3050,2025-05-08 02:00:00,7044.900598897158,6893.824746102985,5235.4455549064005
forecast_3051,2025-05-08 03:00:00,9214.933147804602,8641.105937069518,6402.254857267144
forecast_3052,2025-05-08 04:00:00,10403.067534988351,10611.342569249286,8243.267866541657
forecast_3053,2025-05-08 05:00:00,10403.067534988351,10611.342569249286,8243.267866541657
forecast_3054,2025-05-08 06:00:00,10133.548020245675,8580.393261715075,6363.128307089728
forecast_3055,2025-05-08 07:00:00,6548.1329311374375,6011.104173284678,4213.881818193408
forecast_3056,2025-05-08 08:00:00,5465.718980442055,4582.330045209439,3409.0501022859885
forecast_3057,2025-05-08 09:00:00,3892.4576302872692,3397.3030809111833,2834.3421226281657
forecast_3058,2025-05-08 10:00:00,3072.091720259227,2944.095551357033,2447.965488918174
forecast_3059,2025-05-08 11:00:00,2939.5134298107814,2944.095551357033,2297.5270140739112
forecast_3060,2025-05-08 12:00:00,2861.9322020285076,3039.724727474967,2297.5270140739112
forecast_3061,2025-05-08 13:00:00,2833.3926398483923,3109.0142021411843,2145.697607609327
forecast_3062,2025-05-08 14:00:00,2771.880887502667,3039.724727474967,2117.4867539982515
forecast_3063,2025-05-08 15:00:00,2833.3926398483923,2961.8742892108835,2098.146564318463
forecast_3064,2025-05-08 16:00:00,3085.3864975893493,2933.906764515474,2098.146564318463
forecast_3065,2025-05-08 17:00:00,3129.321066156728,2961.8742892108835,2274.3691267460304
forecast_3066,2025-05-08 18:00:00,3934.7358669187824,3775.049389619363,3056.5523667797374
forecast_3067,2025-05-08 19:00:00,4015.272579919297,3826.426420617081,3056.5523667797374
forecast_3068,2025-05-08 20:00:00,4075.4092258051705,3925.782001359511,2833.799432503193
forecast_3069,2025-05-08 21:00:00,4075.4092258051705,4161.765794827536,2833.799432503193
forecast_3070,2025-05-08 22:00:00,5047.945834573084,4279.38524589194,3735.9945759898133
forecast_3071,2025-05-08 23:00:00,5137.454076322717,4652.018057270546,3749.50389937548
forecast_3072,2025-05-09 00:00:00,5171.734233082461,4986.503094848644,4073.031438425891
forecast_3073,2025-05-09 01:00:00,5002.8803847298805,7156.970520537925,3910.337722807916
forecast_3074,2025-05-09 02:00:00,4985.12704720653,6814.096675228871,3854.608636596147
forecast_3075,2025-05-09 03:00:00,4985.12704720653,7107.291254263221,3966.066809019686
forecast_3076,2025-05-09 04:00:00,4719.534755239229,6223.285933599609,3639.329662065752
forecast_3077,2025-05-09 05:00:00,4719.534755239229,5135.628794587032,3470.9067806028675
forecast_3078,2025-05-09 06:00:00,4349.4461969087615,4760.8403810112995,3301.8508973649937
forecast_3079,2025-05-09 07:00:00,3764.2619795322667,4098.858341590205,2837.0552877330506
forecast_3080,2025-05-09 08:00:00,3675.821569525839,4036.604241695818,2837.0552877330506
forecast_3081,2025-05-09 09:00:00,3764.2619795322667,4098.858341590205,2946.087790650845
forecast_3082,2025-05-09 10:00:00,4783.550868556028,5050.810349749134,4830.538196343385
forecast_3083,2025-05-09 11:00:00,6993.227720444544,6252.779369072059,5779.25222288679
forecast_3084,2025-05-09 12:00:00,8451.553497705356,7729.293724235135,7150.274656528127
forecast_3085,2025-05-09 13:00:00,8995.46409499311,9768.931976800755,8235.936719918667
forecast_3086,2025-05-09 14:00:00,11652.656308668113,12581.486371784496,11143.53979339876
forecast_3087,2025-05-09 15:00:00,11656.856781653256,14254.959682830016,12604.03646783805
forecast_3088,2025-05-09 16:00:00,12675.822634277813,14798.103404161582,13466.872709131534
forecast_3089,2025-05-09 17:00:00,12675.822634277813,14798.103404161582,13466.872709131534
forecast_3090,2025-05-09 18:00:00,12277.490980506042,13265.45233677302,11715.256795787198
forecast_3091,2025-05-09 19:00:00,9877.204059467325,10955.472052135216,8782.074818089237
forecast_3092,2025-05-09 20:00:00,6431.311308297361,7137.357561181906,5083.594765359142
forecast_3093,2025-05-09 21:00:00,4638.054541202847,4771.927158138262,3781.0289726107885
forecast_3094,2025-05-09 22:00:00,4638.054541202847,4771.927158138262,3781.0289726107885
forecast_3095,2025-05-09 23:00:00,5068.356083826768,5783.219173379461,4471.904068592254
forecast_3096,2025-05-10 00:00:00,6344.992488664557,7080.631132600963,5788.0571453754355
forecast_3097,2025-05-10 01:00:00,14266.782222467325,16276.478791816116,15106.190304514359
forecast_3098,2025-05-10 02:00:00,14754.701698069382,16770.731618556812,15741.24869604366
forecast_3099,2025-05-10 03:00:00,14780.04688296597,16783.766240962417,16171.003197530352
forecast_3100,2025-05-10 04:00:00,15376.85708218108,16979.335274772267,16344.321954886185
forecast_3101,2025-05-10 05:00:00,15439.952898329648,17118.995292827145,16446.724619245364
forecast_3102,2025-05-10 06:00:00,16909.446350385893,17729.742058547574,17505.298257907114
forecast_3103,2025-05-10 07:00:00,17943.000697789998,18384.367982844175,17682.647402234685
forecast_3104,2025-05-10 08:00:00,19056.092715191025,19229.778745193376,18904.636964139467
forecast_3105,2025-05-10 09:00:00,19280.893478949747,19229.778745193376,18963.169896434538
forecast_3106,2025-05-10 10:00:00,19280.893478949747,19022.755970468294,18963.169896434538
forecast_3107,2025-05-10 11:00:00,19253.37154112623,18741.805223144536,18680.419594784296
forecast_3108,2025-05-10 12:00:00,19136.392451567295,18720.82751119761,18639.82056791529
forecast_3109,2025-05-10 13:00:00,19136.392451567295,18533.812458115928,18639.534277039784
forecast_3110,2025-05-10 14:00:00,18717.755609581487,18511.695952955888,18639.534277039784
forecast_3111,2025-05-10 15:00:00,18044.94634051482,18511.695952955888,18415.107038669463
forecast_3112,2025-05-10 16:00:00,17145.331650831635,17410.544243891298,17258.920581995288
forecast_3113,2025-05-10 17:00:00,15830.830376222173,16098.990983393098,15447.931283409329
forecast_3114,2025-05-10 18:00:00,13857.001667017641,13191.522543822328,12480.152165959555
forecast_3115,2025-05-10 19:00:00,12334.574740315777,12627.651048354428,11147.640079184519
forecast_3116,2025-05-10 20:00:00,12202.39949965203,12141.815500885315,11108.813649958935
forecast_3117,2025-05-10 21:00:00,9932.50153205524,11291.873322438709,9306.176537256004
forecast_3118,2025-05-10 22:00:00,9932.50153205524,11291.873322438709,9306.176537256004
forecast_3119,2025-05-10 23:00:00,8956.350084029404,11291.873322438709,9306.176537256004
forecast_3120,2025-05-11 00:00:00,9189.83207181911,10725.042465342158,9228.178166526002
forecast_3121,2025-05-11 01:00:00,9039.150713609833,9851.887667223415,7401.757001823316
forecast_3122,2025-05-11 02:00:00,8884.215694545783,9838.673745666616,7175.5205467224205
forecast_3123,2025-05-11 03:00:00,7600.637959258245,8838.94054892387,5984.812770909107
forecast_3124,2025-05-11 04:00:00,7600.637959258245,8336.585626437784,5794.2845955807725
forecast_3125,2025-05-11 05:00:00,7600.637959258245,7802.344303544722,5791.368280225723
forecast_3126,2025-05-11 06:00:00,6967.377546052859,6362.803445797062,4506.279478797068
forecast_3127,2025-05-11 07:00:00,5464.629833664281,5128.385543990594,3462.219195078248
forecast_3128,2025-05-11 08:00:00,4760.718796976212,4934.823213212709,3399.9712143414445
forecast_3129,2025-05-11 09:00:00,4116.778410970465,4332.000624644579,3168.7032762289564
forecast_3130,2025-05-11 10:00:00,3600.0031674704014,3202.377665240874,2859.826998735037
forecast_3131,2025-05-11 11:00:00,3346.8567002392106,3202.377665240874,2392.4965607026706
forecast_3132,2025-05-11 12:00:00,3346.8567002392106,3362.124524273366,2392.4965607026706
forecast_3133,2025-05-11 13:00:00,3658.379286402189,3800.7331963241368,2512.323225610857
forecast_3134,2025-05-11 14:00:00,4571.129701250141,4119.507848607389,2892.9014548225705
forecast_3135,2025-05-11 15:00:00,4571.129701250141,4119.507848607389,2892.9014548225705
forecast_3136,2025-05-11 16:00:00,3959.179677993444,4119.507848607389,2812.0506720672884
forecast_3137,2025-05-11 17:00:00,3959.179677993444,3880.490087693421,2812.0506720672884
forecast_3138,2025-05-11 18:00:00,4206.478487396935,4248.779576144698,3259.185825347123
forecast_3139,2025-05-11 19:00:00,5736.217953053035,6746.681653646883,4821.097106876136
forecast_3140,2025-05-11 20:00:00,6168.297029972338,7450.128022959119,5511.285160055011
forecast_3141,2025-05-11 21:00:00,8044.195102576463,9204.686461760572,7092.799955255233
forecast_3142,2025-05-11 22:00:00,10776.601186795055,11246.211565870191,9899.976000196233
forecast_3143,2025-05-11 23:00:00,12199.083947789119,13419.408447005815,11665.136262013166
forecast_3144,2025-05-12 00:00:00,12324.189370504193,14108.743338162714,12300.086990921469
forecast_3145,2025-05-12 01:00:00,12998.62460952355,15485.05882084199,12668.090976554251
forecast_3146,2025-05-12 02:00:00,13192.604845060452,15806.992896320977,12948.80920339173
forecast_3147,2025-05-12 03:00:00,13240.227201340085,15806.992896320977,13267.466342875618
forecast_3148,2025-05-12 04:00:00,13240.227201340085,15244.579486332954,13267.466342875618
forecast_3149,2025-05-12 05:00:00,13240.227201340085,14811.891450443229,13267.466342875618
forecast_3150,2025-05-12 06:00:00,13224.676537605037,14797.704050880304,13167.854804736486
forecast_3151,2025-05-12 07:00:00,12532.280173696174,13702.107705380757,11641.378789973072
forecast_3152,2025-05-12 08:00:00,11374.730814140901,12753.497820273393,10381.685068217199
forecast_3153,2025-05-12 09:00:00,11041.957985306997,11760.445149686759,9659.406205355324
forecast_3154,2025-05-12 10:00:00,9934.834638111086,10414.991532938551,8772.692242682317
forecast_3155,2025-05-12 11:00:00,8699.128973134426,8936.365844391688,7565.615648554667
forecast_3156,2025-05-12 12:00:00,8240.838643415636,8275.90284515823,6897.484698319713
forecast_3157,2025-05-12 13:00:00,8135.807614488142,8161.885204112547,6720.057614771664
forecast_3158,2025-05-12 14:00:00,7834.237652780194,7195.413022425149,6335.028618532607
forecast_3159,2025-05-12 15:00:00,7834.237652780194,7195.413022425149,6209.928886077531
forecast_3160,2025-05-12 16:00:00,7852.9924720803465,7539.098185947924,6209.928886077531
forecast_3161,2025-05-12 17:00:00,8165.777556611867,7650.630428150692,6364.717462417363
forecast_3162,2025-05-12 18:00:00,8668.034432213957,8916.61260351563,7299.000694985193
forecast_3163,2025-05-12 19:00:00,11308.239632522533,11884.243784127535,10864.40531987175
forecast_3164,2025-05-12 20:00:00,13736.48484967538,14307.372631423472,12658.293659908511
forecast_3165,2025-05-12 21:00:00,14550.001629346216,15276.186116585468,13231.080688404947
forecast_3166,2025-05-12 22:00:00,16511.50183538749,17311.05634866193,15824.391629785892
forecast_3167,2025-05-12 23:00:00,16854.536818104614,17311.05634866193,16295.293844843061
forecast_3168,2025-05-13 00:00:00,17120.649025923994,17381.83917620778,16380.645351366105
forecast_3169,2025-05-13 01:00:00,19802.729702492594,19034.28765996039,18663.710408908424
forecast_3170,2025-05-13 02:00:00,19719.408815058425,18908.555482020598,18579.312451825856
forecast_3171,2025-05-13 03:00:00,19510.127166793765,18895.716967995875,18308.082951336826
forecast_3172,2025-05-13 04:00:00,19288.00906961369,18886.024574993375,17966.1984684031
forecast_3173,2025-05-13 05:00:00,19252.0061754543,18651.00723723586,17572.642636810215
forecast_3174,2025-05-13 06:00:00,17645.541063175722,18290.808798594608,16903.189671715416
forecast_3175,2025-05-13 07:00:00,16860.998790668895,17352.327673335538,16537.00091594167
forecast_3176,2025-05-13 08:00:00,16233.635003106192,17099.23293427041,16120.473238517176
forecast_3177,2025-05-13 09:00:00,14473.262431620202,16263.536136329805,15366.075321990753
forecast_3178,2025-05-13 10:00:00,13317.346115137454,15978.240897371357,14303.097606279553
forecast_3179,2025-05-13 11:00:00,13317.346115137454,15550.230780385158,14303.097606279553
forecast_3180,2025-05-13 12:00:00,13293.335545957827,15496.930133995276,14060.796392011329
forecast_3181,2025-05-13 13:00:00,13014.686557526842,14888.741165493382,14060.796392011329
forecast_3182,2025-05-13 14:00:00,12940.243075372526,14759.633753207145,13830.746527140345
forecast_3183,2025-05-13 15:00:00,12940.243075372526,14625.2897765745,13830.746527140345
forecast_3184,2025-05-13 16:00:00,13017.818436345508,14625.2897765745,14015.766771630413
forecast_3185,2025-05-13 17:00:00,13256.341415906567,14717.359402596543,14818.500533919563
forecast_3186,2025-05-13 18:00:00,13586.516506056596,15451.582285807706,14924.99994298566
forecast_3187,2025-05-13 19:00:00,15660.494330560168,16292.799325240407,15810.656765714695
forecast_3188,2025-05-13 20:00:00,17870.23895938146,17457.41303595148,16947.683882407375
forecast_3189,2025-05-13 21:00:00,18763.898493922246,18480.62687567136,17733.24205461704
forecast_3190,2025-05-13 22:00:00,18763.898493922246,18480.62687567136,17768.516222006547
forecast_3191,2025-05-13 23:00:00,18763.898493922246,18609.84012545967,17768.516222006547
forecast_3192,2025-05-14 00:00:00,18937.853869114937,18551.422300006416,17895.509662866552
forecast_3193,2025-05-14 01:00:00,19315.766968585565,18780.16543118072,18081.793355975653
forecast_3194,2025-05-14 02:00:00,19319.68408219807,18971.618633587175,18193.681438341337
forecast_3195,2025-05-14 03:00:00,20134.43188415141,19027.487911914137,18562.13815754229
forecast_3196,2025-05-14 04:00:00,20429.879710373032,19218.937040557306,18562.13815754229
forecast_3197,2025-05-14 05:00:00,20758.518478328486,19274.891197590878,18434.482044107972
forecast_3198,2025-05-14 06:00:00,20758.518478328486,19218.937040557306,17816.395516079956
forecast_3199,2025-05-14 07:00:00,18702.298744507567,18051.60172663004,15460.434424704752
forecast_3200,2025-05-14 08:00:00,15891.264188446683,16363.84199692551,13215.40775196019
forecast_3201,2025-05-14 09:00:00,11559.086714006984,13362.99943241768,10357.508380704001
forecast_3202,2025-05-14 10:00:00,8829.088656141535,9848.82294167292,7865.731260264438
forecast_3203,2025-05-14 11:00:00,6098.017147289631,6401.5926231578,5190.018908727723
forecast_3204,2025-05-14 12:00:00,5012.7538599256295,4869.993345344441,3890.3928594565964
forecast_3205,2025-05-14 13:00:00,4975.8384498829855,4676.247332833032,3695.6119891721582
forecast_3206,2025-05-14 14:00:00,4975.8384498829855,4327.32276222572,3890.3928594565964
forecast_3207,2025-05-14 15:00:00,5006.111749882404,4327.32276222572,3970.3503409387463
forecast_3208,2025-05-14 16:00:00,5006.111749882404,4804.299555362649,4179.333257782039
forecast_3209,2025-05-14 17:00:00,5248.051995698488,4840.0532867696575,4468.421704458505
forecast_3210,2025-05-14 18:00:00,5249.060671204581,6346.437526254927,4825.024297560254
forecast_3211,2025-05-14 19:00:00,7076.474628389167,8379.940912910011,6114.648836012706
forecast_3212,2025-05-14 20:00:00,8274.91244443395,9477.225079650632,7206.375123479602
forecast_3213,2025-05-14 21:00:00,9501.961618604062,10500.062954155648,7980.587084674409
forecast_3214,2025-05-14 22:00:00,9501.961618604062,12055.431045009112,8888.966878666484
forecast_3215,2025-05-14 23:00:00,9180.17016476805,12055.431045009112,9061.284349659987
forecast_3216,2025-05-15 00:00:00,9169.469104519852,12026.843856661151,8975.125614163237
forecast_3217,2025-05-15 01:00:00,11081.455331552908,13808.99879746954,10766.339698497344
forecast_3218,2025-05-15 02:00:00,11235.777289404994,14766.832762781982,11584.422884303942
forecast_3219,2025-05-15 03:00:00,11921.502995335564,14796.56489134808,12269.098107642243
forecast_3220,2025-05-15 04:00:00,12323.617121705405,14887.003215562192,12317.403290322714
forecast_3221,2025-05-15 05:00:00,12577.467622641068,15752.960235621624,13656.311473153899
forecast_3222,2025-05-15 06:00:00,13610.922157714236,16194.90497878484,13825.791737083931
forecast_3223,2025-05-15 07:00:00,15004.152627489137,17231.94392046153,15723.128341819247
forecast_3224,2025-05-15 08:00:00,15236.990504457854,17283.2303822334,16269.974976244795
forecast_3225,2025-05-15 09:00:00,15236.990504457854,17283.2303822334,16269.974976244795
forecast_3226,2025-05-15 10:00:00,14179.731123501062,15915.996204695391,15137.374141080576
forecast_3227,2025-05-15 11:00:00,13488.172165243235,14902.697808708512,13867.419257198515
forecast_3228,2025-05-15 12:00:00,13488.172165243235,14902.697808708512,13867.419257198515
forecast_3229,2025-05-15 13:00:00,15407.984354415468,17100.102212666025,16126.755450426625
forecast_3230,2025-05-15 14:00:00,17520.829306135754,18237.91024298738,17671.07972582991
forecast_3231,2025-05-15 15:00:00,17520.829306135754,18237.91024298738,17671.07972582991
forecast_3232,2025-05-15 16:00:00,16965.174826929935,18017.674334754578,17516.75715251743
forecast_3233,2025-05-15 17:00:00,16965.174826929935,17993.37466794734,17391.958786187548
forecast_3234,2025-05-15 18:00:00,16917.61722839254,18017.674334754578,17391.958786187548
forecast_3235,2025-05-15 19:00:00,16917.61722839254,17993.37466794734,17349.0766845259
forecast_3236,2025-05-15 20:00:00,16917.61722839254,18121.097673949746,17349.0766845259
forecast_3237,2025-05-15 21:00:00,17130.25900425388,18052.5492664143,18336.167214066205
forecast_3238,2025-05-15 22:00:00,17130.25900425388,18052.5492664143,18336.167214066205
forecast_3239,2025-05-15 23:00:00,16785.61283325796,17614.956853742256,17790.733552861213
forecast_3240,2025-05-16 00:00:00,16477.3998794302,17456.928379552228,17319.89918719307
forecast_3241,2025-05-16 01:00:00,16553.686046908326,17635.585484542848,17272.03653375175
forecast_3242,2025-05-16 02:00:00,16663.08964660877,17610.378708745997,17253.007815000223
forecast_3243,2025-05-16 03:00:00,16967.828111709587,17610.378708745997,17253.007815000223
forecast_3244,2025-05-16 04:00:00,16967.828111709587,17399.437021816964,17075.983832646845
forecast_3245,2025-05-16 05:00:00,16290.429782692978,16783.807859606437,16511.514477018773
forecast_3246,2025-05-16 06:00:00,16158.683436900366,16545.82941231176,16255.531739717315
forecast_3247,2025-05-16 07:00:00,14339.39946582894,15947.085468291276,14501.502062157326
forecast_3248,2025-05-16 08:00:00,13809.442675121702,15349.035945118265,13763.679476817293
forecast_3249,2025-05-16 09:00:00,13175.797221049765,13978.309451436438,13173.499739763574
forecast_3250,2025-05-16 10:00:00,11061.53598892876,12822.583882739153,11703.495272431892
forecast_3251,2025-05-16 11:00:00,8778.094492775072,10037.50340444353,8465.935876758123
forecast_3252,2025-05-16 12:00:00,8122.204247076047,9107.595980114009,7675.19988638589
forecast_3253,2025-05-16 13:00:00,8025.576341965949,8188.256177789763,6991.583768306651
forecast_3254,2025-05-16 14:00:00,7797.126552831246,7530.137588107855,6813.35347318548
forecast_3255,2025-05-16 15:00:00,6959.705832299849,6721.78454489338,5370.175318092825
forecast_3256,2025-05-16 16:00:00,5211.786300647677,6383.90482784865,4438.198976294165
forecast_3257,2025-05-16 17:00:00,5000.554683628455,6119.750497510606,4341.392515627733
forecast_3258,2025-05-16 18:00:00,5000.554683628455,5938.505822973203,4235.683527750772
forecast_3259,2025-05-16 19:00:00,5334.3401976930345,5755.534569591798,4328.347955065869
forecast_3260,2025-05-16 20:00:00,6138.669305071579,5755.534569591798,4328.347955065869
forecast_3261,2025-05-16 21:00:00,6138.669305071579,5574.7378422087595,4328.347955065869
forecast_3262,2025-05-16 22:00:00,4337.841891985519,4644.4708014735,3841.6914070003077
forecast_3263,2025-05-16 23:00:00,4092.4884435633044,4636.5502123239385,3809.4678451861887
forecast_3264,2025-05-17 00:00:00,3953.139749321983,4567.195685822051,3825.5796260932484
forecast_3265,2025-05-17 01:00:00,6448.378515640401,6387.508302009419,5213.188391384501
forecast_3266,2025-05-17 02:00:00,6538.607095521598,6615.936899463096,5322.931907584619
forecast_3267,2025-05-17 03:00:00,6538.607095521598,6159.079704555743,5103.444875184383
forecast_3268,2025-05-17 04:00:00,4883.081023393118,5956.6222843130945,4851.685042619023
forecast_3269,2025-05-17 05:00:00,3920.4108688195693,4687.510365064462,3557.2105909167294
forecast_3270,2025-05-17 06:00:00,3544.190529743299,4196.756212010736,2908.373514393044
forecast_3271,2025-05-17 07:00:00,3544.190529743299,4196.756212010736,2908.373514393044
forecast_3272,2025-05-17 08:00:00,4581.353212807479,5205.062334662232,3597.930411222872
forecast_3273,2025-05-17 09:00:00,5265.23802569647,6219.750753831662,4260.378256196901
forecast_3274,2025-05-17 10:00:00,5265.23802569647,6219.750753831662,4260.378256196901
forecast_3275,2025-05-17 11:00:00,5265.23802569647,6219.750753831662,4260.378256196901
forecast_3276,2025-05-17 12:00:00,6547.758947998784,6565.899447650593,5148.575513424972
forecast_3277,2025-05-17 13:00:00,7963.2675994713045,7757.6903245232115,6625.443950216318
forecast_3278,2025-05-17 14:00:00,9241.071587739,10204.450244793443,8423.630815318871
forecast_3279,2025-05-17 15:00:00,10635.209395272166,12361.077960872892,10540.302540614997
forecast_3280,2025-05-17 16:00:00,13510.194258577994,15958.31135683924,14776.610629801464
forecast_3281,2025-05-17 17:00:00,15549.256968029076,17346.800649498255,16255.806567055182
forecast_3282,2025-05-17 18:00:00,16814.90657266896,18345.80489467157,17464.739828141268
forecast_3283,2025-05-17 19:00:00,18385.908196378103,18606.508124581338,18566.1177309672
forecast_3284,2025-05-17 20:00:00,18750.142100527526,18781.539373975895,18586.027137948615
forecast_3285,2025-05-17 21:00:00,18750.142100527526,18781.539373975895,18586.027137948615
forecast_3286,2025-05-17 22:00:00,19172.682130134675,18966.089585466347,18627.746475369568
forecast_3287,2025-05-17 23:00:00,19172.682130134675,18966.089585466347,18627.746475369568
forecast_3288,2025-05-18 00:00:00,18853.125975941373,19089.66453895736,18208.863835131182
forecast_3289,2025-05-18 01:00:00,17320.55810233113,18181.118428249334,16361.875467524496
forecast_3290,2025-05-18 02:00:00,16789.001575002745,17988.910945520496,15881.711870714382
forecast_3291,2025-05-18 03:00:00,15436.546070986416,17086.679235910804,14096.903951757067
forecast_3292,2025-05-18 04:00:00,12704.049546287528,13553.140146727379,10628.714898013535
forecast_3293,2025-05-18 05:00:00,11189.78771197921,11224.726368560743,9177.23600414576
forecast_3294,2025-05-18 06:00:00,7966.331697970908,8568.833495809155,5142.537929030275
forecast_3295,2025-05-18 07:00:00,4521.855761689406,4733.066683824962,2966.7203867239195
forecast_3296,2025-05-18 08:00:00,3258.0329221086245,3105.4713191803626,2103.73006978628
forecast_3297,2025-05-18 09:00:00,2897.6886063101156,2804.300425585025,1882.4353246175772
forecast_3298,2025-05-18 10:00:00,2828.431796675845,2797.1874892151754,1860.5470258957262
forecast_3299,2025-05-18 11:00:00,2662.8278708895905,2605.058052178229,1599.3944232539075
forecast_3300,2025-05-18 12:00:00,2662.8278708895905,2605.058052178229,1599.3944232539075
forecast_3301,2025-05-18 13:00:00,3134.0446050078026,3186.6609857798976,2360.320133227963
forecast_3302,2025-05-18 14:00:00,3693.054891590964,3220.7914924125675,2399.6824124951836
forecast_3303,2025-05-18 15:00:00,4863.664165714782,4146.865844410826,3427.576489950822
forecast_3304,2025-05-18 16:00:00,4954.910328645359,4503.174174199112,3488.106283395197
forecast_3305,2025-05-18 17:00:00,6866.441019463275,5928.198423933847,4834.025726716337
forecast_3306,2025-05-18 18:00:00,7534.995347069227,6086.998066961632,5424.895136539977
forecast_3307,2025-05-18 19:00:00,9371.911916582249,9257.360374591042,7619.597119475834
forecast_3308,2025-05-18 20:00:00,11025.670057931557,11417.26910231227,10244.523057478835
forecast_3309,2025-05-18 21:00:00,12033.759702048003,12640.917003586095,10822.978219726763
forecast_3310,2025-05-18 22:00:00,12033.759702048003,13178.821649221145,10896.545343853943
forecast_3311,2025-05-18 23:00:00,12198.632859211644,13244.469147671049,11278.751028341565
forecast_3312,2025-05-19 00:00:00,12236.375419692005,13530.947418135198,11569.069513595809
forecast_3313,2025-05-19 01:00:00,9802.91385924691,12964.010898027334,8548.776523519811
forecast_3314,2025-05-19 02:00:00,9758.183184903293,12584.319016686608,7836.590238493421
forecast_3315,2025-05-19 03:00:00,9758.183184903293,12527.471869012343,7836.590238493421
forecast_3316,2025-05-19 04:00:00,9758.183184903293,12527.471869012343,8156.555405529613
forecast_3317,2025-05-19 05:00:00,9307.465934503867,13063.814312196242,8274.75369799752
forecast_3318,2025-05-19 06:00:00,9307.465934503867,13177.019478350408,8423.554236798911
forecast_3319,2025-05-19 07:00:00,9450.547233323876,13782.721456857174,8624.418108004811
forecast_3320,2025-05-19 08:00:00,10101.902128693648,13821.707578928104,9561.156127897402
forecast_3321,2025-05-19 09:00:00,10449.60896274765,13782.721456857174,11031.590005409616
forecast_3322,2025-05-19 10:00:00,10580.526181916275,13831.327878802525,11034.967433358575
forecast_3323,2025-05-19 11:00:00,12509.064542736727,15001.319469268292,13014.21915877117
forecast_3324,2025-05-19 12:00:00,13895.241380330717,16610.432956582255,14569.472813742887
forecast_3325,2025-05-19 13:00:00,14877.080419885737,16945.27269094592,16024.402565668013
forecast_3326,2025-05-19 14:00:00,14899.904469211691,17066.374695204104,16316.728820456998
forecast_3327,2025-05-19 15:00:00,15768.02460790701,17448.877667869914,17211.124597497263
forecast_3328,2025-05-19 16:00:00,15947.899114720738,17510.114170669396,17217.366672479715
forecast_3329,2025-05-19 17:00:00,16489.59158550638,17510.114170669396,17348.693453771244
forecast_3330,2025-05-19 18:00:00,17158.156461798146,17580.567626347776,17492.709950609
forecast_3331,2025-05-19 19:00:00,17651.03142492207,18204.783045943404,18266.546201074892
forecast_3332,2025-05-19 20:00:00,17895.007060707016,18274.108050688497,18266.546201074892
forecast_3333,2025-05-19 21:00:00,17895.007060707016,18274.108050688497,18006.965881145956
forecast_3334,2025-05-19 22:00:00,17422.916859963465,17079.867894453073,16670.537512007664
forecast_3335,2025-05-19 23:00:00,17221.5584281069,17079.867894453073,16670.537512007664
forecast_3336,2025-05-20 00:00:00,17198.96179281455,17028.479253954916,17043.62668498989
forecast_3337,2025-05-20 01:00:00,16598.192460554426,17761.08703280292,17812.456501507146
forecast_3338,2025-05-20 02:00:00,16765.808038615793,17578.45281506015,17807.02646848956
forecast_3339,2025-05-20 03:00:00,16765.808038615793,17710.56838910107,17487.720372819334
forecast_3340,2025-05-20 04:00:00,16790.49634594156,17710.56838910107,17487.720372819334
forecast_3341,2025-05-20 05:00:00,17508.445015582394,17987.25280639892,17979.792287112963
forecast_3342,2025-05-20 06:00:00,17643.129148695374,17987.25280639892,17979.792287112963
forecast_3343,2025-05-20 07:00:00,17643.129148695374,17315.548864258926,17354.300527111376
forecast_3344,2025-05-20 08:00:00,16148.155165874248,16861.88740072994,17217.351296572466
forecast_3345,2025-05-20 09:00:00,14758.678752437214,16367.525270963863,15904.724544349427
forecast_3346,2025-05-20 10:00:00,13318.063947926135,14211.135924369659,13886.549646628531
forecast_3347,2025-05-20 11:00:00,12528.198635598974,13430.582828013346,13333.564608880824
forecast_3348,2025-05-20 12:00:00,12528.198635598974,13263.22187681351,12652.387707160684
forecast_3349,2025-05-20 13:00:00,12251.61267156187,13263.22187681351,12652.387707160684
forecast_3350,2025-05-20 14:00:00,12633.579053573838,13419.589195444772,12734.945566552882
forecast_3351,2025-05-20 15:00:00,13286.975722354691,14521.871466866733,14719.77647402769
forecast_3352,2025-05-20 16:00:00,14146.555695547107,15432.944327505404,15991.608231013026
forecast_3353,2025-05-20 17:00:00,14833.929423429348,15432.944327505404,16168.506604753275
forecast_3354,2025-05-20 18:00:00,14833.929423429348,15432.944327505404,16585.781022603955
forecast_3355,2025-05-20 19:00:00,15228.49639307071,16140.790142596283,16896.163829756988
forecast_3356,2025-05-20 20:00:00,15431.125310986754,16715.65856158984,17073.254008344262
forecast_3357,2025-05-20 21:00:00,15431.125310986754,16966.12156660137,17352.424915479078
forecast_3358,2025-05-20 22:00:00,15431.125310986754,16966.12156660137,17414.896612337987
forecast_3359,2025-05-20 23:00:00,15941.589461444504,16966.12156660137,17414.896612337987
forecast_3360,2025-05-21 00:00:00,16455.591381716302,16892.083621587917,17061.846296580905
forecast_3361,2025-05-21 01:00:00,16480.09308161702,16699.604740780887,16403.55526256872
forecast_3362,2025-05-21 02:00:00,16069.19278979612,16579.566729691367,16214.021610186906
forecast_3363,2025-05-21 03:00:00,15953.820176464786,16579.566729691367,16169.581064226888
forecast_3364,2025-05-21 04:00:00,15041.046661760158,16579.566729691367,15660.515032524829
forecast_3365,2025-05-21 05:00:00,14133.055194542821,15614.5924537114,13948.898547111501
forecast_3366,2025-05-21 06:00:00,12591.696116902658,14086.69488732926,12107.684054740763
forecast_3367,2025-05-21 07:00:00,8639.22999137924,9074.88190912304,7114.104350045626
forecast_3368,2025-05-21 08:00:00,8054.876655887239,7554.420396160589,5820.037813061898
forecast_3369,2025-05-21 09:00:00,5156.667852657396,5077.625455049453,4259.03131537234
forecast_3370,2025-05-21 10:00:00,3504.7990609095386,3219.748989232531,3017.160213351962
forecast_3371,2025-05-21 11:00:00,3365.270883355025,2947.173635528637,2490.0647110038744
forecast_3372,2025-05-21 12:00:00,3365.270883355025,2947.173635528637,2490.0647110038744
forecast_3373,2025-05-21 13:00:00,3354.598492548116,2974.4377667224385,2479.2369890475134
forecast_3374,2025-05-21 14:00:00,3354.598492548116,3037.2985642186272,2490.6688336063353
forecast_3375,2025-05-21 15:00:00,3220.4267376773364,2974.4377667224385,2642.3080172080263
forecast_3376,2025-05-21 16:00:00,3186.235522788098,3025.3194917007977,2642.3080172080263
forecast_3377,2025-05-21 17:00:00,3163.382935166805,3025.3194917007977,2642.3080172080263
forecast_3378,2025-05-21 18:00:00,3163.382935166805,3085.6511424925948,2744.0160126665455
forecast_3379,2025-05-21 19:00:00,3170.874583162504,3439.3312439414804,2914.473285747297
forecast_3380,2025-05-21 20:00:00,3170.874583162504,3439.3312439414804,2956.512988659984
forecast_3381,2025-05-21 21:00:00,3342.1503646702267,3536.247035013415,2992.6123515357967
forecast_3382,2025-05-21 22:00:00,3606.5694510257576,3807.3491732939756,3306.65362475563
forecast_3383,2025-05-21 23:00:00,3885.7894342148347,3876.7956436270433,3322.888333644592
forecast_3384,2025-05-22 00:00:00,3889.6876764111785,3942.9931903127176,3314.770979200111
forecast_3385,2025-05-22 01:00:00,3861.416081581324,3551.051772246532,2895.982472073497
forecast_3386,2025-05-22 02:00:00,4004.2816133816204,3623.1584246055872,2996.042423739268
forecast_3387,2025-05-22 03:00:00,4004.2816133816204,3765.799558729358,3007.8725238932907
forecast_3388,2025-05-22 04:00:00,3896.155127089115,3765.799558729358,2996.042423739268
forecast_3389,2025-05-22 05:00:00,3751.0300259840524,3765.799558729358,3145.6817380693983
forecast_3390,2025-05-22 06:00:00,3698.878259767327,3918.876972446953,3238.7615302386416
forecast_3391,2025-05-22 07:00:00,3698.878259767327,3991.2000415584735,3265.6291943446417
forecast_3392,2025-05-22 08:00:00,3698.878259767327,3991.3434620916764,3293.8631694229102
forecast_3393,2025-05-22 09:00:00,3952.7515247153724,4495.0490191456365,3293.8631694229102
forecast_3394,2025-05-22 10:00:00,3952.7515247153724,4495.0490191456365,3201.9114018491537
forecast_3395,2025-05-22 11:00:00,3701.514824294222,4303.221333882904,3123.9582556885457
forecast_3396,2025-05-22 12:00:00,3553.614074558859,4142.96525155856,3026.3605255182106
forecast_3397,2025-05-22 13:00:00,3538.720485750599,3857.320417225093,3020.132007455854
forecast_3398,2025-05-22 14:00:00,3494.8549259540778,3626.403019217745,3026.3605255182106
forecast_3399,2025-05-22 15:00:00,3462.8127120422405,3503.4576348324663,3020.132007455854
forecast_3400,2025-05-22 16:00:00,3182.8216923937107,3135.7683155079803,2641.240253220054
forecast_3401,2025-05-22 17:00:00,2981.4792113344056,2990.5180389482157,2601.6955395517534
forecast_3402,2025-05-22 18:00:00,2981.4792113344056,2965.7645982406684,2551.5830276871507
forecast_3403,2025-05-22 19:00:00,3242.7313591800876,2965.7645982406684,2551.5830276871507
forecast_3404,2025-05-22 20:00:00,3478.399336920561,3281.383762984179,2677.804685541153
forecast_3405,2025-05-22 21:00:00,3775.3090037188945,3399.578608743001,2739.3373389847548
forecast_3406,2025-05-22 22:00:00,3775.3090037188945,4014.2732127536497,3012.579941859824
forecast_3407,2025-05-22 23:00:00,3760.7090685861403,4054.669208102497,3012.579941859824
forecast_3408,2025-05-23 00:00:00,3757.1610975421017,4034.4712104280734,2925.5369405076217
forecast_3409,2025-05-23 01:00:00,3894.110901844806,3402.5449842316084,2593.876125039457
forecast_3410,2025-05-23 02:00:00,3802.1784513631355,3479.646948796624,2589.602783241795
forecast_3411,2025-05-23 03:00:00,4038.7144708913497,3824.501520631294,2589.602783241795
forecast_3412,2025-05-23 04:00:00,4000.667793028967,3824.501520631294,2726.245170211983
forecast_3413,2025-05-23 05:00:00,4026.383842896956,3802.7095176101784,2730.4361789323184
forecast_3414,2025-05-23 06:00:00,4000.667793028967,3802.7095176101784,2726.245170211983
forecast_3415,2025-05-23 07:00:00,3888.245282202498,3880.875042493495,2640.7884277547973
forecast_3416,2025-05-23 08:00:00,3818.1864352084112,3880.875042493495,2608.5723531425965
forecast_3417,2025-05-23 09:00:00,3596.180366208686,3567.418435509694,2521.4681987301983
forecast_3418,2025-05-23 10:00:00,3545.146300464113,3367.5901353935087,2521.4681987301983
forecast_3419,2025-05-23 11:00:00,3471.70635788084,3338.2006246652154,2462.3785312272908
forecast_3420,2025-05-23 12:00:00,3285.5338944970326,3233.1900053934282,2462.3785312272908
forecast_3421,2025-05-23 13:00:00,3154.528821329819,3186.2208374907723,2337.4352418839853
forecast_3422,2025-05-23 14:00:00,2907.7220033948142,2969.4638386165393,2335.3677321322816
forecast_3423,2025-05-23 15:00:00,2843.5400711632383,2969.4638386165393,2335.3677321322816
forecast_3424,2025-05-23 16:00:00,2842.4218659849275,3225.5940570742014,2371.3063329556962
forecast_3425,2025-05-23 17:00:00,2842.4218659849275,3247.0831622793607,2388.6586658515353
forecast_3426,2025-05-23 18:00:00,3372.759658326965,3567.3408732066446,2702.0198340897796
forecast_3427,2025-05-23 19:00:00,3439.113390881955,3612.42996462593,2707.700223388604
forecast_3428,2025-05-23 20:00:00,3706.3369562454222,3833.1667210234314,2852.692205655167
forecast_3429,2025-05-23 21:00:00,4127.043673642644,4449.425797250474,3295.8649721512397
forecast_3430,2025-05-23 22:00:00,4159.066012442656,4449.425797250474,3295.8649721512397
forecast_3431,2025-05-23 23:00:00,4159.066012442656,4125.823579585583,3125.64717745581
forecast_3432,2025-05-24 00:00:00,4062.001118623405,4125.733867142955,3060.1404399074654
forecast_3433,2025-05-24 01:00:00,5962.839907185571,7384.494519658872,5425.797769918074
forecast_3434,2025-05-24 02:00:00,5869.458249272474,7180.6617685477,5205.719575189452
forecast_3435,2025-05-24 03:00:00,5755.011753975406,6891.4778618671235,5081.23905489331
forecast_3436,2025-05-24 04:00:00,5324.465089974884,6712.321991280944,4505.102618525118
forecast_3437,2025-05-24 05:00:00,5204.568819456153,6679.353681278497,4431.813008567367
forecast_3438,2025-05-24 06:00:00,5141.735486370892,6514.126597289987,4431.813008567367
forecast_3439,2025-05-24 07:00:00,4990.2571724083045,6514.126597289987,4570.5641450801895
forecast_3440,2025-05-24 08:00:00,4990.177233740955,6453.976370545537,4749.003129188344
forecast_3441,2025-05-24 09:00:00,4568.765257121416,6453.976370545537,4749.003129188344
forecast_3442,2025-05-24 10:00:00,4282.558585866647,4976.338324971955,3721.8883322112006
forecast_3443,2025-05-24 11:00:00,4184.474984793457,4954.17707696968,3684.0608459089176
forecast_3444,2025-05-24 12:00:00,4101.882468881784,4737.581722262838,3684.0608459089176
forecast_3445,2025-05-24 13:00:00,4101.882468881784,4737.581722262838,3768.2517017175837
forecast_3446,2025-05-24 14:00:00,4198.414462742241,5166.887854927433,3836.027864821056
forecast_3447,2025-05-24 15:00:00,4526.748671318028,6084.824696124452,4319.141730237976
forecast_3448,2025-05-24 16:00:00,5147.703815711859,6588.466042004824,4582.358987171207
forecast_3449,2025-05-24 17:00:00,5629.2340307075765,6677.737804532424,5044.831272495838
forecast_3450,2025-05-24 18:00:00,5851.7305843885615,7044.381492526552,5430.42463266143
forecast_3451,2025-05-24 19:00:00,5851.7305843885615,7308.976319929064,5430.42463266143
forecast_3452,2025-05-24 20:00:00,5636.448428105499,7044.381492526552,5173.481652823782
forecast_3453,2025-05-24 21:00:00,5636.448428105499,6933.986387104111,5136.868811036594
forecast_3454,2025-05-24 22:00:00,6209.345923306419,6504.871707001229,5136.868811036594
forecast_3455,2025-05-24 23:00:00,6209.345923306419,6484.359997874905,5136.868811036594
forecast_3456,2025-05-25 00:00:00,5932.361696352754,6165.720255926195,5428.1427733449
forecast_3457,2025-05-25 01:00:00,3834.1325833368387,3959.2896935885924,2803.815801195972
forecast_3458,2025-05-25 02:00:00,3733.4597526200732,3758.169317861847,2925.861202207631
forecast_3459,2025-05-25 03:00:00,3733.4597526200732,3708.5956951229937,3033.6780145716607
forecast_3460,2025-05-25 04:00:00,3914.885160094371,3758.169317861847,3092.108594077385
forecast_3461,2025-05-25 05:00:00,3922.4391907236227,3858.6389240718004,3172.6304522386577
forecast_3462,2025-05-25 06:00:00,4281.146092132141,4165.177180164076,3523.9593669509545
forecast_3463,2025-05-25 07:00:00,4425.227493286056,4422.147271743644,3529.688419199681
forecast_3464,2025-05-25 08:00:00,4281.146092132141,4422.147271743644,3523.9593669509545
forecast_3465,2025-05-25 09:00:00,3690.4689946360913,3558.4335006199135,2847.1184990979978
forecast_3466,2025-05-25 10:00:00,3317.4052389252356,3214.86731031118,2627.551210464767
forecast_3467,2025-05-25 11:00:00,3317.4052389252356,3214.86731031118,2403.604497963688
forecast_3468,2025-05-25 12:00:00,3377.1126278193574,3455.2383991006186,2403.604497963688
forecast_3469,2025-05-25 13:00:00,3761.4273274924403,4247.414126961768,2862.134200079084
forecast_3470,2025-05-25 14:00:00,4251.584986400039,4494.120258756966,2924.1832257818883
forecast_3471,2025-05-25 15:00:00,4251.584986400039,4494.120258756966,3020.312042800684
forecast_3472,2025-05-25 16:00:00,4252.754446125771,4494.120258756966,3412.1489699142076
forecast_3473,2025-05-25 17:00:00,4430.006775306652,4767.7533273324625,3731.9933899496345
forecast_3474,2025-05-25 18:00:00,4647.706993008223,4783.094044179744,3951.313683244059
forecast_3475,2025-05-25 19:00:00,4842.658193779148,5604.417321650572,4256.4772165331615
forecast_3476,2025-05-25 20:00:00,5294.405776543627,5853.359247946866,4585.692323811588
forecast_3477,2025-05-25 21:00:00,5925.907986432961,6164.1480667941005,4585.692323811588
forecast_3478,2025-05-25 22:00:00,7367.429945815934,7652.959247582248,5696.400722024462
forecast_3479,2025-05-25 23:00:00,7440.798570308229,8070.848653620211,5920.625556500805
forecast_3480,2025-05-26 00:00:00,7760.624143310434,7890.627650402048,5810.715671891108
forecast_3481,2025-05-26 01:00:00,8866.524737744716,8595.266650068133,6546.8551251236295
forecast_3482,2025-05-26 02:00:00,8472.54867414341,8477.248328207661,6421.128632413572
forecast_3483,2025-05-26 03:00:00,7388.207355958266,7407.556435528694,5472.641157202633
forecast_3484,2025-05-26 04:00:00,6591.246554911753,6837.1523044299975,5120.9546325239335
forecast_3485,2025-05-26 05:00:00,5116.088576561821,5241.216287346318,3911.1731812931625
forecast_3486,2025-05-26 06:00:00,4598.5857744426075,4342.985299037724,3515.702280602802
forecast_3487,2025-05-26 07:00:00,3643.0869749866833,3920.848687490853,2835.879896988465
forecast_3488,2025-05-26 08:00:00,3340.5552628751366,3696.235732692123,2637.3179256524077
forecast_3489,2025-05-26 09:00:00,3134.9712874833613,2862.7912395147696,2392.214198926316
forecast_3490,2025-05-26 10:00:00,2904.6467062123716,2833.374453451798,2272.528984248399
forecast_3491,2025-05-26 11:00:00,2526.504803162466,2755.589656898529,2163.565345744769
forecast_3492,2025-05-26 12:00:00,2526.504803162466,2625.5385054194494,2163.565345744769
forecast_3493,2025-05-26 13:00:00,2435.7495043168124,2594.722779325504,2147.815071224869
forecast_3494,2025-05-26 14:00:00,2534.817829833003,2625.5385054194494,2145.4709757248584
forecast_3495,2025-05-26 15:00:00,2534.817829833003,2711.9344534704933,2145.4709757248584
forecast_3496,2025-05-26 16:00:00,2740.835447921022,2729.4538803126807,2277.741244467449
forecast_3497,2025-05-26 17:00:00,3062.149484250065,3098.749428831174,2386.483368662776
forecast_3498,2025-05-26 18:00:00,3075.3792584750263,3270.9815882874027,2452.675444537728
forecast_3499,2025-05-26 19:00:00,3276.2044492746777,3554.441246572848,2591.495867852384
forecast_3500,2025-05-26 20:00:00,3624.048356645115,3814.748995412975,2744.3992570331197
forecast_3501,2025-05-26 21:00:00,3678.6275113073134,3927.22279449132,2782.6383512311304
forecast_3502,2025-05-26 22:00:00,4133.479539006837,4643.091178762263,3293.9092890609704
forecast_3503,2025-05-26 23:00:00,4863.321556463554,5513.59790576716,3973.2045088052205
forecast_3504,2025-05-27 00:00:00,5257.515705024351,5831.310608529718,4207.476013343577
forecast_3505,2025-05-27 01:00:00,6846.469578609731,6399.972574468078,4109.104172959008
forecast_3506,2025-05-27 02:00:00,6991.073463345916,6519.5598987691865,4162.819608893089
forecast_3507,2025-05-27 03:00:00,7310.316728156342,6688.710364359121,4839.76922613134
forecast_3508,2025-05-27 04:00:00,7310.316728156342,6688.710364359121,4839.76922613134
forecast_3509,2025-05-27 05:00:00,6499.9481243277705,5684.148834941504,4578.677229748925
forecast_3510,2025-05-27 06:00:00,5374.915802478113,4912.706664770126,3923.094432935184
forecast_3511,2025-05-27 07:00:00,3634.8533542619653,3964.5190978315923,3113.212946731208
forecast_3512,2025-05-27 08:00:00,3559.0154376231976,3552.9170891450594,2877.2293842046033
forecast_3513,2025-05-27 09:00:00,3416.8138020619544,3370.6246298294486,2777.22691879306
forecast_3514,2025-05-27 10:00:00,2700.54364403497,3221.936869621989,2194.580847114999
forecast_3515,2025-05-27 11:00:00,2599.4249455025847,2796.112663877713,2090.464711309185
forecast_3516,2025-05-27 12:00:00,2599.4249455025847,2796.112663877713,2090.464711309185
forecast_3517,2025-05-27 13:00:00,2542.942463748493,2796.112663877713,2346.7810206634567
forecast_3518,2025-05-27 14:00:00,2758.2060533801637,2931.471409124965,2399.2990896688193
forecast_3519,2025-05-27 15:00:00,2758.2060533801637,2986.416597624069,2399.2990896688193
forecast_3520,2025-05-27 16:00:00,2758.2060533801637,3242.169916776025,2399.2990896688193
forecast_3521,2025-05-27 17:00:00,2890.254274420201,3242.169916776025,2382.0758920282888
forecast_3522,2025-05-27 18:00:00,2890.254274420201,3131.732986209103,2382.0758920282888
forecast_3523,2025-05-27 19:00:00,2928.4086713127676,3131.732986209103,2878.451943942901
forecast_3524,2025-05-27 20:00:00,3051.9467029849075,3696.437630291965,2903.330910125983
forecast_3525,2025-05-27 21:00:00,3233.6374624768528,4145.0631827264415,2908.4323340017067
forecast_3526,2025-05-27 22:00:00,3925.375183655297,4641.777851399112,3412.599243607981
forecast_3527,2025-05-27 23:00:00,4021.0497452872464,4641.777851399112,3468.678091013414
forecast_3528,2025-05-28 00:00:00,4114.981416873609,4604.263044898067,3497.314406685463
forecast_3529,2025-05-28 01:00:00,4975.639641760516,5304.520616847714,3303.9859845407336
forecast_3530,2025-05-28 02:00:00,5452.5497534079095,6210.694912219608,3702.766026644616
forecast_3531,2025-05-28 03:00:00,5452.5497534079095,6210.694912219608,3702.766026644616
forecast_3532,2025-05-28 04:00:00,5194.553162932121,5701.814831901458,3571.601403395603
forecast_3533,2025-05-28 05:00:00,4824.099896417936,5495.333943276119,3429.718772503963
forecast_3534,2025-05-28 06:00:00,4208.533627304829,4774.212188756333,3122.75691176665
forecast_3535,2025-05-28 07:00:00,3200.3055266328374,3723.6112731726726,2709.645656819721
forecast_3536,2025-05-28 08:00:00,3155.138019594094,3678.6178371976666,2666.3569735188503
forecast_3537,2025-05-28 09:00:00,2859.457221492137,3085.623333811299,2349.942962002534
forecast_3538,2025-05-28 10:00:00,2546.4184384820865,2539.9727308697707,2021.6453767659211
forecast_3539,2025-05-28 11:00:00,2530.837790826458,2539.9727308697707,2021.6453767659211
forecast_3540,2025-05-28 12:00:00,2530.837790826458,2865.039783358822,2174.8510936103153
forecast_3541,2025-05-28 13:00:00,2623.1530727696468,2984.186425407863,2279.8633235585985
forecast_3542,2025-05-28 14:00:00,2623.1530727696468,2984.186425407863,2174.8510936103153
forecast_3543,2025-05-28 15:00:00,2770.8061701441393,2984.186425407863,2279.8633235585985
forecast_3544,2025-05-28 16:00:00,2836.1048672348034,3032.525165756968,2515.4517573408475
forecast_3545,2025-05-28 17:00:00,2959.090166119783,3603.5160966906683,2855.4497611849647
forecast_3546,2025-05-28 18:00:00,2959.090166119783,3603.5160966906683,2855.4497611849647
forecast_3547,2025-05-28 19:00:00,2959.090166119783,3603.5160966906683,2855.4497611849647
forecast_3548,2025-05-28 20:00:00,3187.6363867463565,3433.690815377001,2754.2483039397835
forecast_3549,2025-05-28 21:00:00,3650.3210907389284,3840.4112463291954,3131.5561072610453
forecast_3550,2025-05-28 22:00:00,4295.134558311931,4068.0126363273585,3685.8060501851273
forecast_3551,2025-05-28 23:00:00,4295.134558311931,4068.0126363273585,3685.8060501851273
forecast_3552,2025-05-29 00:00:00,3779.6142521812944,3688.003804642899,3234.9246297564705
forecast_3553,2025-05-29 01:00:00,3321.8259115321407,3232.8942574558614,2521.9195214355195
forecast_3554,2025-05-29 02:00:00,3328.744339539791,3241.1955322035656,2481.1477438732836
forecast_3555,2025-05-29 03:00:00,3217.931036625075,3241.1955322035656,2472.44486574201
forecast_3556,2025-05-29 04:00:00,2975.172789279555,3036.367602325018,2317.201223425146
forecast_3557,2025-05-29 05:00:00,2917.82471156281,3025.212182306536,2317.201223425146
forecast_3558,2025-05-29 06:00:00,2917.82471156281,3036.367602325018,2429.9076615822364
forecast_3559,2025-05-29 07:00:00,2817.198117158122,3025.212182306536,2429.9076615822364
forecast_3560,2025-05-29 08:00:00,2712.33228207418,2709.561497002074,2235.0969801920533
forecast_3561,2025-05-29 09:00:00,2469.048877882059,2636.09600177347,2235.0969801920533
forecast_3562,2025-05-29 10:00:00,2450.122972804973,2618.1655051473717,2201.0654496960597
forecast_3563,2025-05-29 11:00:00,2428.1785463604497,2618.1655051473717,2201.0654496960597
forecast_3564,2025-05-29 12:00:00,2428.1785463604497,2592.2484492234607,2162.026983762898
forecast_3565,2025-05-29 13:00:00,2518.536589175653,2592.2484492234607,2162.026983762898
forecast_3566,2025-05-29 14:00:00,2539.1925108428636,2736.705878701363,2178.0822837136175
forecast_3567,2025-05-29 15:00:00,2684.6339594884016,2884.1504660162072,2241.8679807251056
forecast_3568,2025-05-29 16:00:00,2658.2084616044367,2884.1504660162072,2178.0822837136175
forecast_3569,2025-05-29 17:00:00,2723.091811252269,2791.4979447677206,2071.904255577539
forecast_3570,2025-05-29 18:00:00,2723.091811252269,2791.4979447677206,2071.904255577539
forecast_3571,2025-05-29 19:00:00,3032.7677138327886,3116.155696030605,2437.310383177067
forecast_3572,2025-05-29 20:00:00,3175.1454016723865,3116.155696030605,2437.310383177067
forecast_3573,2025-05-29 21:00:00,3322.009861268582,3116.155696030605,2514.6023748445105
forecast_3574,2025-05-29 22:00:00,3875.8382211148864,3406.6092374835143,2688.946116399269
forecast_3575,2025-05-29 23:00:00,3875.8382211148864,3406.6092374835143,2698.976161229657
forecast_3576,2025-05-30 00:00:00,3858.6304964068577,3405.935067998774,2740.180700826803
forecast_3577,2025-05-30 01:00:00,3579.020272505504,3285.414078886555,2868.367303997221
forecast_3578,2025-05-30 02:00:00,3636.297454236679,3413.340516984909,2959.0831718872064
forecast_3579,2025-05-30 03:00:00,3738.8994796007305,3460.942871210655,2959.0831718872064
forecast_3580,2025-05-30 04:00:00,3673.900424143205,3541.2312528617913,2942.3731567879495
forecast_3581,2025-05-30 05:00:00,3673.900424143205,3551.336302703864,2908.8463923536074
forecast_3582,2025-05-30 06:00:00,3673.900424143205,3624.853978828031,2837.9135342847867
forecast_3583,2025-05-30 07:00:00,3639.54686315515,3624.853978828031,2809.6658440348015
forecast_3584,2025-05-30 08:00:00,3019.1704366002987,3373.6527800089875,2244.834830317226
forecast_3585,2025-05-30 09:00:00,2956.9729040125853,2916.5489901357223,2188.65379702979
forecast_3586,2025-05-30 10:00:00,2895.505056690817,2549.7247118093433,2126.937653314272
forecast_3587,2025-05-30 11:00:00,2435.99121959067,2479.2903899604325,2069.126896027049
forecast_3588,2025-05-30 12:00:00,2435.99121959067,2439.963693842409,2069.126896027049
forecast_3589,2025-05-30 13:00:00,2680.992230805815,2479.2903899604325,2218.815386533854
forecast_3590,2025-05-30 14:00:00,2680.992230805815,2506.2357942349504,2218.815386533854
forecast_3591,2025-05-30 15:00:00,2662.485861653665,2506.6875421969767,2123.71078686672
forecast_3592,2025-05-30 16:00:00,2662.485861653665,2666.4822697512,2123.71078686672
forecast_3593,2025-05-30 17:00:00,2811.239566037138,2666.4822697512,2046.1761838634338
forecast_3594,2025-05-30 18:00:00,2822.627451708763,2800.6278302540113,2227.572926356104
forecast_3595,2025-05-30 19:00:00,2998.4657499446134,2811.241594101287,2227.572926356104
forecast_3596,2025-05-30 20:00:00,3204.497486079322,3129.2453249781456,2336.7107752408083
forecast_3597,2025-05-30 21:00:00,3207.6436343968335,3134.7993900938845,2453.0938038202016
forecast_3598,2025-05-30 22:00:00,3896.0415957296236,3481.987274457379,2844.1600326189214
forecast_3599,2025-05-30 23:00:00,3896.0415957296236,3481.987274457379,2844.1600326189214
forecast_3600,2025-05-31 00:00:00,3901.4254983973888,3426.0347221797656,2874.58611422574
forecast_3601,2025-05-31 01:00:00,3103.0133670721752,2947.381927903698,2368.88313220072
forecast_3602,2025-05-31 02:00:00,3055.697377021296,2803.38029276953,2300.400196027242
forecast_3603,2025-05-31 03:00:00,3102.7078381696238,2803.38029276953,2280.958820585919
forecast_3604,2025-05-31 04:00:00,2985.1502786883116,2819.8916879233807,2072.7217736266934
forecast_3605,2025-05-31 05:00:00,2985.1502786883116,2839.2670385423917,2207.0060161288343
forecast_3606,2025-05-31 06:00:00,2960.312233424699,2839.2670385423917,2072.7217736266934
forecast_3607,2025-05-31 07:00:00,2938.3782800702966,2877.4160619851114,2034.987857413623
forecast_3608,2025-05-31 08:00:00,2926.963502251572,2877.4160619851114,2021.3854639321974
forecast_3609,2025-05-31 09:00:00,2764.5583066974914,2843.849896219915,2021.3854639321974
forecast_3610,2025-05-31 10:00:00,2764.5583066974914,2766.5825427307436,2099.285487134527
forecast_3611,2025-05-31 11:00:00,2924.5242032373567,2713.865652988631,2099.285487134527
forecast_3612,2025-05-31 12:00:00,2924.5242032373567,2713.865652988631,2097.1063210742955
forecast_3613,2025-05-31 13:00:00,2817.4136596924495,2390.8955800740696,2097.1063210742955
forecast_3614,2025-05-31 14:00:00,2817.4136596924495,2272.3060000793675,2088.022611976604
forecast_3615,2025-05-31 15:00:00,2846.21140742512,2272.3060000793675,2094.0076488451996
forecast_3616,2025-05-31 16:00:00,2938.9740042632375,2364.00365421971,2088.022611976604
forecast_3617,2025-05-31 17:00:00,2938.9740042632375,2405.5346160404515,1996.8514799262564
forecast_3618,2025-05-31 18:00:00,3057.4129247831916,2579.438838791043,1996.8514799262564
forecast_3619,2025-05-31 19:00:00,3182.604697842248,2848.2849943740516,2183.983004005289
forecast_3620,2025-05-31 20:00:00,3503.7769708987057,2979.9993388189223,2307.3557126215965
forecast_3621,2025-05-31 21:00:00,3565.9278719343974,3019.05494828167,2339.3103833282926
forecast_3622,2025-05-31 22:00:00,3620.78343784772,3292.696624926193,2528.9893512493627
forecast_3623,2025-05-31 23:00:00,3620.78343784772,3292.696624926193,2608.6252260636547
forecast_3624,2025-06-01 00:00:00,3744.6143459142413,3335.4538040204825,2729.6952694453457
forecast_3625,2025-06-01 01:00:00,3098.718982227739,2825.3184862823505,2201.8576303702753
forecast_3626,2025-06-01 02:00:00,3133.5665929681795,2837.747665415191,2289.268202239977
forecast_3627,2025-06-01 03:00:00,3259.01014010044,3411.1438409156835,2292.2071622527933
forecast_3628,2025-06-01 04:00:00,3259.01014010044,3411.1438409156835,2292.2071622527933
forecast_3629,2025-06-01 05:00:00,3038.4070683247546,3305.335360029209,2081.6689884392113
forecast_3630,2025-06-01 06:00:00,2801.80675928814,2862.5309912622265,1999.1408776935732
forecast_3631,2025-06-01 07:00:00,2546.087708699061,2722.488968670198,1872.4664486659276
forecast_3632,2025-06-01 08:00:00,2546.087708699061,2569.36789850686,1872.4664486659276
forecast_3633,2025-06-01 09:00:00,2554.3657400370525,2540.719298549331,2042.5510548583813
forecast_3634,2025-06-01 10:00:00,2554.3657400370525,2450.9465511785615,2042.5510548583813
forecast_3635,2025-06-01 11:00:00,2554.3657400370525,2364.257042170375,2087.4151108398564
forecast_3636,2025-06-01 12:00:00,2631.914965100255,2309.467497959607,2158.2878935643466
forecast_3637,2025-06-01 13:00:00,2755.1673193247107,2364.257042170375,2158.2878935643466
forecast_3638,2025-06-01 14:00:00,2770.5676228884217,2381.342880645582,2162.231658296212
forecast_3639,2025-06-01 15:00:00,2755.1673193247107,2567.6217232365075,2101.5023632946295
forecast_3640,2025-06-01 16:00:00,2747.181949906556,2618.5211618455783,2192.4113002882086
forecast_3641,2025-06-01 17:00:00,2747.181949906556,2795.986386906984,2280.168339794679
forecast_3642,2025-06-01 18:00:00,3409.936916479191,3181.9104999928086,2589.7810518409005
forecast_3643,2025-06-01 19:00:00,3933.998601134528,4128.778417041713,3327.1066295330143
forecast_3644,2025-06-01 20:00:00,4372.594747307885,4952.021528414158,3833.316042680447
forecast_3645,2025-06-01 21:00:00,4781.583662165938,5431.781704993218,4000.636361493739
forecast_3646,2025-06-01 22:00:00,5575.058667055529,5875.587799494211,4337.9217123283415
forecast_3647,2025-06-01 23:00:00,5998.694926700394,5952.036742638979,4337.9217123283415
forecast_3648,2025-06-02 00:00:00,6011.348795721293,5913.812271066596,4330.00524751304
forecast_3649,2025-06-02 01:00:00,5296.158828585013,5039.561502433219,3384.123816567392
forecast_3650,2025-06-02 02:00:00,5418.818670995637,5010.78309810268,3352.5530990261636
forecast_3651,2025-06-02 03:00:00,5034.4851716065805,4515.192479705034,3062.4356786981903
forecast_3652,2025-06-02 04:00:00,4021.8343710614417,4104.882425331432,2798.3716407004085
forecast_3653,2025-06-02 05:00:00,3868.2492989792217,3864.189429790064,2798.3716407004085
forecast_3654,2025-06-02 06:00:00,3786.5516337245426,3677.7356008512106,2798.3716407004085
forecast_3655,2025-06-02 07:00:00,3322.525464942516,3543.1052818136072,2875.503451706677
forecast_3656,2025-06-02 08:00:00,3322.525464942516,3543.1052818136072,2783.132803775322
forecast_3657,2025-06-02 09:00:00,3347.209320285046,3543.1052818136072,2783.132803775322
forecast_3658,2025-06-02 10:00:00,3347.209320285046,3479.4108390697284,2544.762006434633
forecast_3659,2025-06-02 11:00:00,3078.922275753676,3213.878199637224,2504.743520456815
forecast_3660,2025-06-02 12:00:00,3078.922275753676,3213.878199637224,2461.630964186285
forecast_3661,2025-06-02 13:00:00,3057.879401939784,3213.878199637224,2432.5655625636527
forecast_3662,2025-06-02 14:00:00,3119.379699220247,3307.801947269644,2432.5655625636527
forecast_3663,2025-06-02 15:00:00,4467.314800599426,4770.981485849314,3447.188409745834
forecast_3664,2025-06-02 16:00:00,5547.868778372127,5740.1815448281695,4177.237531998081
forecast_3665,2025-06-02 17:00:00,5547.868778372127,5740.1815448281695,4322.142431569467
forecast_3666,2025-06-02 18:00:00,5530.046468240189,5685.231243999179,4322.142431569467
forecast_3667,2025-06-02 19:00:00,5440.4143649531925,5106.327822447026,4155.9197449184485
forecast_3668,2025-06-02 20:00:00,4502.315746089741,4010.747988204329,3370.7419514402304
forecast_3669,2025-06-02 21:00:00,4316.6904378151785,4010.747988204329,3370.7419514402304
forecast_3670,2025-06-02 22:00:00,4316.6904378151785,4092.18411267116,3769.3412050976813
forecast_3671,2025-06-02 23:00:00,4316.6904378151785,4386.85524725538,3769.3412050976813
forecast_3672,2025-06-03 00:00:00,4310.423197281945,4468.483698811451,3972.0987029890134
forecast_3673,2025-06-03 01:00:00,3964.528279815373,3910.5295065106598,2908.558454599527
forecast_3674,2025-06-03 02:00:00,4032.0167096973187,4014.767836624512,2937.789684258948
forecast_3675,2025-06-03 03:00:00,4059.822974994546,4354.069844977842,3161.0024550963167
forecast_3676,2025-06-03 04:00:00,4721.171217974419,4857.089371219484,4126.903447354484
forecast_3677,2025-06-03 05:00:00,4721.171217974419,4857.089371219484,4126.903447354484
forecast_3678,2025-06-03 06:00:00,4215.9835287737715,4491.842366846491,3742.141759227795
forecast_3679,2025-06-03 07:00:00,4215.9835287737715,4491.842366846491,3742.141759227795
forecast_3680,2025-06-03 08:00:00,4215.9835287737715,4750.393178792694,3742.141759227795
forecast_3681,2025-06-03 09:00:00,4052.1874748964283,4750.393178792694,3640.3332383152324
forecast_3682,2025-06-03 10:00:00,4052.1874748964283,3846.1746927540844,3389.3010379894868
forecast_3683,2025-06-03 11:00:00,4138.9643346669245,3846.1746927540844,3389.3010379894868
forecast_3684,2025-06-03 12:00:00,5556.4801160296865,5406.79804454892,4432.958425373441
forecast_3685,2025-06-03 13:00:00,7726.582351144277,7617.983727083425,6250.490169531358
forecast_3686,2025-06-03 14:00:00,9917.267897549447,9114.047329339139,8582.084799839675
forecast_3687,2025-06-03 15:00:00,10696.3608431698,10443.089084873065,9298.041654750807
forecast_3688,2025-06-03 16:00:00,11174.568998459523,10495.73144910282,9368.136022280187
forecast_3689,2025-06-03 17:00:00,11865.40511864697,10646.582044465442,9633.299181189705
forecast_3690,2025-06-03 18:00:00,13038.282040997845,11624.124071215536,10830.227441584837
forecast_3691,2025-06-03 19:00:00,13189.540013556543,12151.88967187506,11642.632164481105
forecast_3692,2025-06-03 20:00:00,14002.499591884465,14251.1343318523,13937.643326089015
forecast_3693,2025-06-03 21:00:00,16092.432185026284,17304.9310070468,15856.235673530038
forecast_3694,2025-06-03 22:00:00,16092.432185026284,17304.9310070468,15856.235673530038
forecast_3695,2025-06-03 23:00:00,15406.200436840887,14958.402556819137,14669.663619378063
forecast_3696,2025-06-04 00:00:00,14913.559436162275,14661.656187445196,14522.271907605329
forecast_3697,2025-06-04 01:00:00,13984.55377950878,13688.827335337952,12826.795562771033
forecast_3698,2025-06-04 02:00:00,14083.265312589787,14317.744832939066,13307.138995626785
forecast_3699,2025-06-04 03:00:00,14385.67247757178,14317.744832939066,14484.253976902288
forecast_3700,2025-06-04 04:00:00,15075.08940776993,16261.538183622022,15975.344539869877
forecast_3701,2025-06-04 05:00:00,15633.23415980094,16344.74346965889,16023.119122027094
forecast_3702,2025-06-04 06:00:00,16803.559866498606,16955.15479885824,17088.287373742973
forecast_3703,2025-06-04 07:00:00,17053.349453911782,17113.941486004034,17439.092171444237
forecast_3704,2025-06-04 08:00:00,17129.49830217036,17132.39463338598,17439.092171444237
forecast_3705,2025-06-04 09:00:00,17129.49830217036,17168.42675992233,17126.065016776894
forecast_3706,2025-06-04 10:00:00,16051.204545065717,17168.42675992233,16615.83087857834
forecast_3707,2025-06-04 11:00:00,15681.639003136423,16727.991262968157,16137.103416248181
forecast_3708,2025-06-04 12:00:00,15512.434122298193,16117.315874505564,15972.704992618765
forecast_3709,2025-06-04 13:00:00,14723.200202990842,15529.126233757619,15010.316900125961
forecast_3710,2025-06-04 14:00:00,14536.223620930537,14712.488358358209,13792.103182406096
forecast_3711,2025-06-04 15:00:00,14266.490069996633,13462.751140827031,12436.747740865398
forecast_3712,2025-06-04 16:00:00,13057.36941406772,12436.478490326237,10788.625934503787
forecast_3713,2025-06-04 17:00:00,12548.00036468955,11577.65120529725,10305.08087439834
forecast_3714,2025-06-04 18:00:00,12448.249688667898,11464.366427359599,9555.813317364144
forecast_3715,2025-06-04 19:00:00,12548.00036468955,11350.404042679915,10305.08087439834
forecast_3716,2025-06-04 20:00:00,12448.249688667898,11350.404042679915,10388.03755764689
forecast_3717,2025-06-04 21:00:00,12363.599529244619,11794.826904599486,10428.386637701817
forecast_3718,2025-06-04 22:00:00,12363.599529244619,12253.048975387674,11456.806440784152
forecast_3719,2025-06-04 23:00:00,12641.411071198754,14062.121508130036,12890.990463099144
forecast_3720,2025-06-05 00:00:00,12731.076372486255,14289.199149744798,13038.084059388626
forecast_3721,2025-06-05 01:00:00,12623.40092326822,13141.72161109819,11054.105475211658
forecast_3722,2025-06-05 02:00:00,12970.791337539587,13956.112810822557,11630.01502087108
forecast_3723,2025-06-05 03:00:00,14353.252625418128,14562.424358732766,12505.658611352617
forecast_3724,2025-06-05 04:00:00,14353.252625418128,15297.896942334937,12505.658611352617
forecast_3725,2025-06-05 05:00:00,14106.143345345143,15472.992859358323,12483.2580250662
forecast_3726,2025-06-05 06:00:00,13813.920285923616,15472.992859358323,12188.585503937644
forecast_3727,2025-06-05 07:00:00,13291.63003800386,14969.253707370659,12158.276934573862
forecast_3728,2025-06-05 08:00:00,11531.02850100429,12934.096208887313,9927.642342896002
forecast_3729,2025-06-05 09:00:00,9737.14239664577,11364.777518969639,9002.359062649639
forecast_3730,2025-06-05 10:00:00,7087.735378548705,7573.195645992838,5786.744376226061
forecast_3731,2025-06-05 11:00:00,6494.558524853698,6262.889293045256,4780.163944733069
forecast_3732,2025-06-05 12:00:00,6278.920215207612,5739.141260990481,4333.408866044675
forecast_3733,2025-06-05 13:00:00,6278.920215207612,6262.889293045256,4780.163944733069
forecast_3734,2025-06-05 14:00:00,6639.86447671731,6411.021113483603,5082.072599833737
forecast_3735,2025-06-05 15:00:00,6653.15010663955,6606.655594890079,5137.924766646337
forecast_3736,2025-06-05 16:00:00,8172.248248028422,8537.270556325073,6908.15818533168
forecast_3737,2025-06-05 17:00:00,9517.703182216397,9690.711027427249,8576.147901883005
forecast_3738,2025-06-05 18:00:00,11456.915118870416,10965.31342588086,11075.98124088097
forecast_3739,2025-06-05 19:00:00,14215.859010510641,13659.41391118338,13896.098482635545
forecast_3740,2025-06-05 20:00:00,16192.940302032428,14683.29654038458,14825.715964894684
forecast_3741,2025-06-05 21:00:00,16669.532973128942,15549.705360617087,15391.125330880745
forecast_3742,2025-06-05 22:00:00,17836.126021581782,16779.103122377688,16830.823281414785
forecast_3743,2025-06-05 23:00:00,18462.31501681158,16927.22368294966,17080.233870805707
forecast_3744,2025-06-06 00:00:00,18484.54363123211,16959.91247379101,17237.871072048794
forecast_3745,2025-06-06 01:00:00,18908.84592216665,17316.7818502413,17290.57417872727
forecast_3746,2025-06-06 02:00:00,18874.12527640984,17697.474750874426,17528.769944615477
forecast_3747,2025-06-06 03:00:00,18838.81064622236,18084.27912850616,17686.15711001156
forecast_3748,2025-06-06 04:00:00,18555.503954997213,18084.27912850616,17686.15711001156
forecast_3749,2025-06-06 05:00:00,18467.05522470445,17993.981677560223,17423.84663800958
forecast_3750,2025-06-06 06:00:00,18103.803775692595,17920.77620273902,17423.84663800958
forecast_3751,2025-06-06 07:00:00,17804.29656151137,17920.77620273902,17423.84663800958
forecast_3752,2025-06-06 08:00:00,16422.26543267235,17024.35343471053,16801.917633307727
forecast_3753,2025-06-06 09:00:00,14182.077517796826,13483.979677437052,14640.916636732076
forecast_3754,2025-06-06 10:00:00,12948.019356931956,13483.979677437052,14139.119676372726
forecast_3755,2025-06-06 11:00:00,12948.019356931956,14442.153944312266,14139.119676372726
forecast_3756,2025-06-06 12:00:00,13107.914100516855,14442.153944312266,14374.574084335478
forecast_3757,2025-06-06 13:00:00,13260.100818307246,14573.439082990113,14671.529731566445
forecast_3758,2025-06-06 14:00:00,13327.475348636275,14692.40082294052,14875.314618806162
forecast_3759,2025-06-06 15:00:00,13995.003083340725,15077.388277010283,15445.093153920432
forecast_3760,2025-06-06 16:00:00,14644.166864108085,15403.52115410621,15720.559646164646
forecast_3761,2025-06-06 17:00:00,14644.166864108085,15403.52115410621,15720.559646164646
forecast_3762,2025-06-06 18:00:00,14644.166864108085,15562.590512678687,15789.000666208714
forecast_3763,2025-06-06 19:00:00,15476.526237159303,16322.706895346812,16362.524190917151
forecast_3764,2025-06-06 20:00:00,16889.863050717482,16368.111208932558,17224.31673213194
forecast_3765,2025-06-06 21:00:00,17338.371650213936,17378.439080973632,18090.579759680237
forecast_3766,2025-06-06 22:00:00,17710.96248944646,17644.895792637835,18470.229103844256
forecast_3767,2025-06-06 23:00:00,17710.96248944646,17801.488908858017,18470.229103844256
forecast_3768,2025-06-07 00:00:00,17607.49730442381,17808.54073723525,18280.404487588276
forecast_3769,2025-06-07 01:00:00,18036.80615250434,17699.326869781016,18054.296415127297
forecast_3770,2025-06-07 02:00:00,17876.483541942463,17687.000829884335,17927.15572856219
forecast_3771,2025-06-07 03:00:00,17876.483541942463,17644.505091789895,17865.555805318883
forecast_3772,2025-06-07 04:00:00,18344.213966011124,17644.505091789895,17927.15572856219
forecast_3773,2025-06-07 05:00:00,18510.671844026198,18128.76423363023,18052.76056663483
forecast_3774,2025-06-07 06:00:00,18671.459948219755,18128.76423363023,18052.76056663483
forecast_3775,2025-06-07 07:00:00,18671.459948219755,17563.03946661277,17836.207242962657
forecast_3776,2025-06-07 08:00:00,17095.44525738302,16752.765795681305,16375.814272568668
forecast_3777,2025-06-07 09:00:00,13869.774095072946,15112.067325658598,13544.11137191875
forecast_3778,2025-06-07 10:00:00,10104.32390152188,10078.90122463652,8864.595385731125
forecast_3779,2025-06-07 11:00:00,9454.3708427868,9490.622655699035,8547.526213174073
forecast_3780,2025-06-07 12:00:00,8134.78692535561,7883.525629574045,6953.099626223392
forecast_3781,2025-06-07 13:00:00,5864.213839598737,5866.748614784474,5192.059774789118
forecast_3782,2025-06-07 14:00:00,5714.046921284221,5852.326680687687,5046.871177505482
forecast_3783,2025-06-07 15:00:00,5516.33572847791,5866.748614784474,4829.411899510107
forecast_3784,2025-06-07 16:00:00,5513.084737514468,5967.877970027888,4675.2667673288815
forecast_3785,2025-06-07 17:00:00,5513.084737514468,5968.190825365647,4829.411899510107
forecast_3786,2025-06-07 18:00:00,5519.1794712678175,6690.372022191458,5392.835023572091
forecast_3787,2025-06-07 19:00:00,7665.568757720772,8985.238587519905,6973.276069973901
forecast_3788,2025-06-07 20:00:00,8915.704902124138,11102.378289959093,8842.161500153541
forecast_3789,2025-06-07 21:00:00,11861.781526988529,13606.580515284912,11464.236445540073
forecast_3790,2025-06-07 22:00:00,11861.781526988529,13606.580515284912,11464.236445540073
forecast_3791,2025-06-07 23:00:00,12279.312562011179,13425.335363994207,11643.990124452437
forecast_3792,2025-06-08 00:00:00,12022.087645142914,13022.529019051477,11402.521708150096
forecast_3793,2025-06-08 01:00:00,10378.531509798404,11642.230741012694,8589.123485984335
forecast_3794,2025-06-08 02:00:00,10119.305200225652,11447.851112041526,8401.131348513909
forecast_3795,2025-06-08 03:00:00,9524.541351955082,10313.915584253416,7420.323034849833
forecast_3796,2025-06-08 04:00:00,9068.87234383934,10296.596279503692,7382.248517002966
forecast_3797,2025-06-08 05:00:00,7796.1046408880775,9275.471063500794,6376.743648939094
forecast_3798,2025-06-08 06:00:00,6972.982039957396,8070.624705661755,5445.934750015471
forecast_3799,2025-06-08 07:00:00,4571.140492045035,5553.42385506671,3842.68719869525
forecast_3800,2025-06-08 08:00:00,4339.279196764792,4461.115588974539,3305.6758431871576
forecast_3801,2025-06-08 09:00:00,3386.319371635501,3507.092307257576,2579.817057899849
forecast_3802,2025-06-08 10:00:00,2934.5044746250846,2887.318097685421,2406.5465966470338
forecast_3803,2025-06-08 11:00:00,2927.3060228053214,2887.318097685421,2393.6371182573957
forecast_3804,2025-06-08 12:00:00,2869.088693991679,2887.318097685421,2393.6371182573957
forecast_3805,2025-06-08 13:00:00,2719.767256440697,2844.768234723771,2228.22275357899
forecast_3806,2025-06-08 14:00:00,2719.767256440697,2720.033911659114,2228.22275357899
forecast_3807,2025-06-08 15:00:00,2829.16531428311,2748.7521653623107,2252.0382725522804
forecast_3808,2025-06-08 16:00:00,2846.6007547733448,2748.7521653623107,2252.0382725522804
forecast_3809,2025-06-08 17:00:00,2899.0729847360876,2837.270897948262,2210.4979763948954
forecast_3810,2025-06-08 18:00:00,3122.2482413062326,2863.248498084335,2210.4979763948954
forecast_3811,2025-06-08 19:00:00,3286.306694002457,3340.713124035042,2509.9843940017367
forecast_3812,2025-06-08 20:00:00,3687.997629137445,3665.7993038627183,3090.3022569074064
forecast_3813,2025-06-08 21:00:00,3721.0637722488077,4407.202305352903,3285.5517497906585
forecast_3814,2025-06-08 22:00:00,5649.7425388265765,5529.367030206815,4349.968329028929
forecast_3815,2025-06-08 23:00:00,7497.243061391115,7505.876157332207,5704.707950229716
forecast_3816,2025-06-09 00:00:00,8396.339144093328,8186.437704666478,6357.271997367574
forecast_3817,2025-06-09 01:00:00,9824.36117674998,10272.998492898727,8147.314129824302
forecast_3818,2025-06-09 02:00:00,9776.495539109566,10241.839348232905,7839.527727557173
forecast_3819,2025-06-09 03:00:00,9776.495539109566,10218.638560333853,6995.862509705241
forecast_3820,2025-06-09 04:00:00,8402.566133530465,8742.854999390449,6238.770645010314
forecast_3821,2025-06-09 05:00:00,7514.961995944634,7110.820362200648,5470.4988292888465
forecast_3822,2025-06-09 06:00:00,5822.639155060476,5517.70737959519,4176.698257101381
forecast_3823,2025-06-09 07:00:00,4486.7686777021745,4189.861301027946,3548.570924827337
forecast_3824,2025-06-09 08:00:00,4389.22182882263,4172.310377846154,3365.006877159899
forecast_3825,2025-06-09 09:00:00,3894.1650101187233,3658.6769356518066,3008.048437814511
forecast_3826,2025-06-09 10:00:00,3451.379479567663,3468.7315248835534,2803.2862513083987
forecast_3827,2025-06-09 11:00:00,3310.7087202743082,3416.5406894352645,2712.1213590914585
forecast_3828,2025-06-09 12:00:00,3143.7256447116515,3385.542291825476,2456.933055926804
forecast_3829,2025-06-09 13:00:00,3143.7256447116515,3370.9352606170396,2456.933055926804
forecast_3830,2025-06-09 14:00:00,3399.678623469647,3281.5644640557207,2488.1431166401376
forecast_3831,2025-06-09 15:00:00,3660.937398244627,3370.9352606170396,2512.9033479452582
forecast_3832,2025-06-09 16:00:00,3660.937398244627,3281.5644640557207,2488.1431166401376
forecast_3833,2025-06-09 17:00:00,3412.9464990765396,3804.3258654497467,2345.1121516014223
forecast_3834,2025-06-09 18:00:00,3412.9464990765396,3804.3258654497467,2345.1121516014223
forecast_3835,2025-06-09 19:00:00,3922.4054057346375,4131.502955304629,2595.0778565373935
forecast_3836,2025-06-09 20:00:00,4414.594650854995,4649.25908577797,3196.8709883385795
forecast_3837,2025-06-09 21:00:00,5686.748372027102,6832.750554287044,4698.826661917093
forecast_3838,2025-06-09 22:00:00,8539.19163512701,9871.580182672915,7275.462873689112
forecast_3839,2025-06-09 23:00:00,9772.671635668576,10090.030904411764,7936.260927819567
forecast_3840,2025-06-10 00:00:00,10109.70135026724,10376.849050410809,8216.052969256041
forecast_3841,2025-06-10 01:00:00,14132.639286057256,14836.569725142232,13425.525440118272
forecast_3842,2025-06-10 02:00:00,14505.771236970879,15224.461683603693,14055.740595843328
forecast_3843,2025-06-10 03:00:00,15245.609904678244,16148.094750399114,15156.054269895085
forecast_3844,2025-06-10 04:00:00,16320.514208111505,16395.061328036572,15373.950006072711
forecast_3845,2025-06-10 05:00:00,17416.33161959412,16211.90595512254,15156.054269895085
forecast_3846,2025-06-10 06:00:00,17416.33161959412,16211.90595512254,14955.941212548996
forecast_3847,2025-06-10 07:00:00,14479.698698659453,15010.202066174024,12673.708726672372
forecast_3848,2025-06-10 08:00:00,13130.007897152245,14052.848322855982,10831.5902872259
forecast_3849,2025-06-10 09:00:00,9496.482796108263,8870.810801611395,7388.743251848888
forecast_3850,2025-06-10 10:00:00,5784.090284626052,5077.752328759843,3715.5926269581482
forecast_3851,2025-06-10 11:00:00,5784.090284626052,5077.752328759843,3715.5926269581482
forecast_3852,2025-06-10 12:00:00,5808.631564860486,5664.3691610502865,4577.517797815943
forecast_3853,2025-06-10 13:00:00,6268.179092076082,5878.960275996451,4637.734046800152
forecast_3854,2025-06-10 14:00:00,7171.6075781849995,6453.930138289755,5287.157666563343
forecast_3855,2025-06-10 15:00:00,7193.801050843324,7173.541688460029,5728.296498065638
forecast_3856,2025-06-10 16:00:00,7907.807134700114,7740.313598593236,6539.030388048777
forecast_3857,2025-06-10 17:00:00,8027.610401206415,7866.077032566258,6571.360326138267
forecast_3858,2025-06-10 18:00:00,9822.764288465169,9680.52128608967,8103.183858106521
forecast_3859,2025-06-10 19:00:00,10815.562150781512,10187.10932171933,8984.586672412692
forecast_3860,2025-06-10 20:00:00,11634.853882655001,10975.232774475558,9956.551990155329
forecast_3861,2025-06-10 21:00:00,12238.857931062113,12688.583946605406,12165.251880993106
forecast_3862,2025-06-10 22:00:00,12980.80762005681,13856.251551903802,13453.794468430386
forecast_3863,2025-06-10 23:00:00,13918.970761761078,14409.834106526474,14415.330669890263
forecast_3864,2025-06-11 00:00:00,14009.904718764385,14433.716683832394,14479.461167665097
forecast_3865,2025-06-11 01:00:00,12586.817711487169,13186.939248039354,11722.596471365
forecast_3866,2025-06-11 02:00:00,12616.384179046503,13531.432077944668,11773.68889627798
forecast_3867,2025-06-11 03:00:00,12866.152482924046,14066.233854268969,11773.68889627798
forecast_3868,2025-06-11 04:00:00,13696.872825094024,14066.233854268969,11358.714016034774
forecast_3869,2025-06-11 05:00:00,13696.872825094024,13811.809250775617,11156.643405690127
forecast_3870,2025-06-11 06:00:00,13564.329927814066,13720.475488468199,10679.720536709994
forecast_3871,2025-06-11 07:00:00,12437.992457943297,13720.475488468199,10641.17504906547
forecast_3872,2025-06-11 08:00:00,10865.981198172509,10632.309728409908,8320.499631365312
forecast_3873,2025-06-11 09:00:00,8864.010376042914,9644.331899222287,7574.652904917684
forecast_3874,2025-06-11 10:00:00,7689.799949938238,7263.310822205863,5960.230931957853
forecast_3875,2025-06-11 11:00:00,6401.8392555430655,6230.0333150172755,4938.070200856723
forecast_3876,2025-06-11 12:00:00,6081.850094024614,5732.181531049819,4332.751330690173
forecast_3877,2025-06-11 13:00:00,6081.850094024614,5732.181531049819,4332.751330690173
forecast_3878,2025-06-11 14:00:00,6311.713294137041,6315.998680842487,4757.162550210809
forecast_3879,2025-06-11 15:00:00,6788.367418155586,6315.998680842487,4774.97598681811
forecast_3880,2025-06-11 16:00:00,6804.703843402586,7385.802558784804,5797.5016848873
forecast_3881,2025-06-11 17:00:00,6804.703843402586,5806.3235759946565,4774.97598681811
forecast_3882,2025-06-11 18:00:00,4907.6127894394085,4699.131648454687,3468.2086522653726
forecast_3883,2025-06-11 19:00:00,4907.6127894394085,4699.131648454687,3468.2086522653726
forecast_3884,2025-06-11 20:00:00,5161.537502410289,5132.414294849051,3773.0870693885204
forecast_3885,2025-06-11 21:00:00,5387.210462387581,6574.65992084814,4293.161728648725
forecast_3886,2025-06-11 22:00:00,7269.328133125158,7980.095249355519,5787.07215903374
forecast_3887,2025-06-11 23:00:00,8028.998082971279,7980.095249355519,6099.882508808408
forecast_3888,2025-06-12 00:00:00,8203.964773414755,8050.415752228768,6249.166045174767
forecast_3889,2025-06-12 01:00:00,4688.1249332464395,4445.001045828229,3466.9317581382093
forecast_3890,2025-06-12 02:00:00,4285.301970271705,4378.69240522283,3334.387334650198
forecast_3891,2025-06-12 03:00:00,3716.28857491159,3762.9384205054985,2760.2174492479667
forecast_3892,2025-06-12 04:00:00,3107.244444912973,3434.9125022701505,2526.5221694740853
forecast_3893,2025-06-12 05:00:00,3106.3757835684396,3434.9125022701505,2526.5221694740853
forecast_3894,2025-06-12 06:00:00,3048.5538967264556,3434.9125022701505,2526.5221694740853
forecast_3895,2025-06-12 07:00:00,2701.247359368217,3295.9717577821684,2482.6096041082656
forecast_3896,2025-06-12 08:00:00,2691.603232242006,2915.159232133231,2393.0984921904687
forecast_3897,2025-06-12 09:00:00,2636.2770470021173,2560.618903895432,2200.7471011118328
forecast_3898,2025-06-12 10:00:00,2523.445772906188,2502.415664535515,2166.8319595759094
forecast_3899,2025-06-12 11:00:00,2614.1896542662607,2487.3960949142665,2198.9079044974424
forecast_3900,2025-06-12 12:00:00,2614.1896542662607,2487.3960949142665,2198.9079044974424
forecast_3901,2025-06-12 13:00:00,2717.0183288749754,2618.370762064762,2218.8031916377404
forecast_3902,2025-06-12 14:00:00,2754.919593347364,2671.031303795441,2378.9578931897327
forecast_3903,2025-06-12 15:00:00,2770.355696539532,2680.509914090437,2393.4425984331256
forecast_3904,2025-06-12 16:00:00,2854.1264364317963,2738.8336678881474,2434.8520918924305
forecast_3905,2025-06-12 17:00:00,2866.8866401531172,2771.929195756488,2465.8832323241973
forecast_3906,2025-06-12 18:00:00,3003.9679273289357,3114.661017279263,2562.5169713601017
forecast_3907,2025-06-12 19:00:00,3252.5043702508565,3445.0077358331873,2803.9791271308472
forecast_3908,2025-06-12 20:00:00,3661.853420616877,3850.2926775548017,3177.674636732193
forecast_3909,2025-06-12 21:00:00,3847.92620863599,4162.056913868631,3272.0024973040768
forecast_3910,2025-06-12 22:00:00,4943.190827504847,4740.034566465802,3777.0550583540653
forecast_3911,2025-06-12 23:00:00,4943.190827504847,4821.883306958857,3873.4563440972643
forecast_3912,2025-06-13 00:00:00,4991.128476783171,4810.424292117876,3952.4218627054297
forecast_3913,2025-06-13 01:00:00,5788.539076908589,5766.104607960479,3985.3289640946286
forecast_3914,2025-06-13 02:00:00,6385.313980209671,5905.870369862752,4269.360386639515
forecast_3915,2025-06-13 03:00:00,6385.313980209671,5905.870369862752,4269.360386639515
forecast_3916,2025-06-13 04:00:00,5929.2634100669275,5049.801951636326,3704.249133416962
forecast_3917,2025-06-13 05:00:00,4352.207355244545,3830.7476043127413,2917.174304234364
forecast_3918,2025-06-13 06:00:00,4075.0224770487716,3789.9142375543443,2792.599887760762
forecast_3919,2025-06-13 07:00:00,3305.861202920768,3540.211257394488,2792.599887760762
forecast_3920,2025-06-13 08:00:00,3200.5632356300885,3308.2084866504456,2703.5281762865516
forecast_3921,2025-06-13 09:00:00,2894.4738342436895,2915.164603251322,2379.5817100651725
forecast_3922,2025-06-13 10:00:00,2891.76552801708,2910.1718524413495,2379.5817100651725
forecast_3923,2025-06-13 11:00:00,2894.4738342436895,2910.1718524413495,2439.5246749400785
forecast_3924,2025-06-13 12:00:00,2865.33392004273,3032.386236237084,2439.5246749400785
forecast_3925,2025-06-13 13:00:00,2818.6147413732406,3032.386236237084,2449.0573110352225
forecast_3926,2025-06-13 14:00:00,2818.6147413732406,3032.386236237084,2497.1959591970835
forecast_3927,2025-06-13 15:00:00,2844.625916272312,3226.9878880359024,2536.1782243251755
forecast_3928,2025-06-13 16:00:00,3016.7417444386037,3268.1180051875313,2665.6191470239405
forecast_3929,2025-06-13 17:00:00,3496.770550274866,3551.525057366969,2722.1701440102233
forecast_3930,2025-06-13 18:00:00,3496.770550274866,3695.7298605456235,2962.367830853326
forecast_3931,2025-06-13 19:00:00,3496.770550274866,3853.1609222201223,3391.893568272415
forecast_3932,2025-06-13 20:00:00,4152.208997832696,3873.1958990152802,3789.9933716166524
forecast_3933,2025-06-13 21:00:00,5330.010312507409,5056.665892091779,4569.473990221193
forecast_3934,2025-06-13 22:00:00,5968.242077099361,5324.919962785832,4839.481929251949
forecast_3935,2025-06-13 23:00:00,6117.595468729089,5498.563347482435,4839.481929251949
forecast_3936,2025-06-14 00:00:00,6134.525588692784,5467.972969099297,4745.82480700281
forecast_3937,2025-06-14 01:00:00,8013.8436178553875,9210.038723882935,6984.868560272775
forecast_3938,2025-06-14 02:00:00,8090.402048952735,9464.831469787741,7006.04954840663
forecast_3939,2025-06-14 03:00:00,8090.402048952735,8955.245977978131,6963.68757213892
forecast_3940,2025-06-14 04:00:00,6192.8253249510435,8427.035128498163,5840.147457179272
forecast_3941,2025-06-14 05:00:00,5950.058269802103,7420.517546801818,4660.754657699121
forecast_3942,2025-06-14 06:00:00,4465.026531168561,5478.4591159731235,3344.2252486804487
forecast_3943,2025-06-14 07:00:00,3506.880401069043,3733.0171320413783,3001.4320243895004
forecast_3944,2025-06-14 08:00:00,2996.7066368752503,3422.6214522593336,2320.7985070177597
forecast_3945,2025-06-14 09:00:00,2996.7066368752503,3351.19308395334,2515.1498158643935
forecast_3946,2025-06-14 10:00:00,2866.496647216969,3171.6752459720483,2375.6163573110366
forecast_3947,2025-06-14 11:00:00,2866.496647216969,3171.6752459720483,2515.1498158643935
forecast_3948,2025-06-14 12:00:00,2946.2086204979205,3414.459187490326,2607.929610495041
forecast_3949,2025-06-14 13:00:00,2946.2086204979205,3414.459187490326,2607.929610495041
forecast_3950,2025-06-14 14:00:00,2920.2230645485683,3180.128073702839,2583.1104031787736
forecast_3951,2025-06-14 15:00:00,2920.2230645485683,3170.62241996729,2583.1104031787736
forecast_3952,2025-06-14 16:00:00,3168.247908224065,3151.9140197791003,2623.3478298149125
forecast_3953,2025-06-14 17:00:00,3168.247908224065,3100.4007717428913,2623.3478298149125
forecast_3954,2025-06-14 18:00:00,3168.247908224065,3100.4007717428913,2623.3478298149125
forecast_3955,2025-06-14 19:00:00,3318.204236609066,3287.6410904973445,2610.764470583317
forecast_3956,2025-06-14 20:00:00,3318.204236609066,3333.17402350434,2610.764470583317
forecast_3957,2025-06-14 21:00:00,3318.204236609066,3333.17402350434,2610.764470583317
forecast_3958,2025-06-14 22:00:00,4046.356165336776,4062.8983439212634,3444.952050541604
forecast_3959,2025-06-14 23:00:00,4046.356165336776,4062.8983439212634,3444.952050541604
forecast_3960,2025-06-15 00:00:00,4028.740386128115,4073.145062733327,3402.711317197551
forecast_3961,2025-06-15 01:00:00,5275.41311601891,5705.726555381848,4131.911355425129
forecast_3962,2025-06-15 02:00:00,5612.478556245565,6010.13497823907,4300.699476561431
forecast_3963,2025-06-15 03:00:00,5667.152944824169,6010.13497823907,4400.812144380476
forecast_3964,2025-06-15 04:00:00,5612.478556245565,5411.681263063004,4403.558162527395
forecast_3965,2025-06-15 05:00:00,5835.798942316042,5411.681263063004,4403.558162527395
forecast_3966,2025-06-15 06:00:00,5563.156265862689,5164.764246393822,4195.74456803754
forecast_3967,2025-06-15 07:00:00,4462.397177259581,3905.1319720119127,3307.51788102662
forecast_3968,2025-06-15 08:00:00,3747.8925029943252,3376.3302029116376,2941.1681439490385
forecast_3969,2025-06-15 09:00:00,3589.2162009583744,3127.5280624410357,2940.93558407171
forecast_3970,2025-06-15 10:00:00,3407.7596228720604,3127.5280624410357,2866.433925646877
forecast_3971,2025-06-15 11:00:00,3230.7580999150696,3255.2447236252915,2866.433925646877
forecast_3972,2025-06-15 12:00:00,3230.7580999150696,3511.010576247172,2900.2831670282935
forecast_3973,2025-06-15 13:00:00,3396.9515476635765,4096.176245422516,3167.80028404212
forecast_3974,2025-06-15 14:00:00,3436.9066359439516,4416.529162973726,3365.97875808795
forecast_3975,2025-06-15 15:00:00,3553.249205517667,4585.963410024774,3443.3159677189897
forecast_3976,2025-06-15 16:00:00,3853.9963271257247,4585.963410024774,3443.3159677189897
forecast_3977,2025-06-15 17:00:00,4192.603191256157,5076.465978982093,3878.7758068119024
forecast_3978,2025-06-15 18:00:00,4746.539517101663,5814.661108344597,4043.4418241756152
forecast_3979,2025-06-15 19:00:00,6353.261983856223,8312.822462187785,6623.593950374045
forecast_3980,2025-06-15 20:00:00,7779.552108763979,9723.50135920173,7540.995099634476
forecast_3981,2025-06-15 21:00:00,8358.467489316656,11062.335075385876,8823.10371430895
forecast_3982,2025-06-15 22:00:00,10266.898164602142,13051.951465712167,10809.008529867904
forecast_3983,2025-06-15 23:00:00,10453.600829631112,14436.384437859984,11684.123594903076
forecast_3984,2025-06-16 00:00:00,10600.789409684869,14471.981354706284,11756.518171878868
forecast_3985,2025-06-16 01:00:00,9400.099178570646,11578.342218726364,8805.989713167543
forecast_3986,2025-06-16 02:00:00,9505.492300235346,11875.70406480882,8932.044558707394
forecast_3987,2025-06-16 03:00:00,9505.492300235346,11875.70406480882,8932.044558707394
forecast_3988,2025-06-16 04:00:00,8735.652499414537,11720.72692570246,8774.491227465254
forecast_3989,2025-06-16 05:00:00,8091.094886678511,10682.539309504302,8056.715509616677
forecast_3990,2025-06-16 06:00:00,7826.537084177838,10682.539309504302,8056.715509616677
forecast_3991,2025-06-16 07:00:00,7826.537084177838,10382.668835568491,8133.709227712886
forecast_3992,2025-06-16 08:00:00,8675.291756560178,10713.93334313996,8265.758291607268
forecast_3993,2025-06-16 09:00:00,8675.291756560178,10637.964291704571,8133.709227712886
forecast_3994,2025-06-16 10:00:00,8579.148535611288,10713.93334313996,8265.758291607268
forecast_3995,2025-06-16 11:00:00,8128.799303686278,10637.964291704571,8525.289901001943
forecast_3996,2025-06-16 12:00:00,8128.799303686278,10907.99503458635,8894.995370762259
forecast_3997,2025-06-16 13:00:00,8769.393070425614,10907.99503458635,9192.744881096833
forecast_3998,2025-06-16 14:00:00,10582.474051453373,13291.644968360628,12091.324066257312
forecast_3999,2025-06-16 15:00:00,11803.405382199915,13553.164343665485,12480.472789906287
forecast_4000,2025-06-16 16:00:00,12784.02457208864,13553.164343665485,12628.297276489831
forecast_4001,2025-06-16 17:00:00,13351.908736725838,14242.258493356258,12900.486415288333
forecast_4002,2025-06-16 18:00:00,13351.908736725838,14242.258493356258,12900.486415288333
forecast_4003,2025-06-16 19:00:00,13351.908736725838,13504.092936606577,12684.636811513132
forecast_4004,2025-06-16 20:00:00,13449.748944926576,13504.092936606577,12684.636811513132
forecast_4005,2025-06-16 21:00:00,14438.642532065292,15434.582972708795,13995.563378141718
forecast_4006,2025-06-16 22:00:00,15131.313344218874,16939.449180244734,16191.491608817025
forecast_4007,2025-06-16 23:00:00,15806.03727506386,17640.391519430068,16446.392313985005
forecast_4008,2025-06-17 00:00:00,16054.76345578297,18195.905924519357,17137.03984944959
forecast_4009,2025-06-17 01:00:00,16051.903991933817,17578.68864299991,17188.54486754658
forecast_4010,2025-06-17 02:00:00,16290.790656557807,17598.827788110466,17398.44596888443
forecast_4011,2025-06-17 03:00:00,17207.240719505462,17878.74155241704,17481.212023978624
forecast_4012,2025-06-17 04:00:00,17207.240719505462,17955.839273419162,17481.212023978624
forecast_4013,2025-06-17 05:00:00,16362.018305122683,17878.74155241704,17429.95231919323
forecast_4014,2025-06-17 06:00:00,16037.68436806732,17648.070308789105,17009.209895909742
forecast_4015,2025-06-17 07:00:00,15481.316096430872,17430.81742075472,16791.219571665846
forecast_4016,2025-06-17 08:00:00,13459.033413547888,15657.879032881989,14461.799095123835
forecast_4017,2025-06-17 09:00:00,12009.351357875286,14941.601990154386,12954.343575860225
forecast_4018,2025-06-17 10:00:00,11304.702994298235,13758.331395936795,11841.424374533328
forecast_4019,2025-06-17 11:00:00,10816.426618426256,12862.34960277838,10888.304984003942
forecast_4020,2025-06-17 12:00:00,10794.872476974007,12462.500856102193,10156.01257288943
forecast_4021,2025-06-17 13:00:00,10727.441046252357,12006.548904717198,10030.951352580665
forecast_4022,2025-06-17 14:00:00,10142.292432963533,11281.348418367368,9963.151161404612
forecast_4023,2025-06-17 15:00:00,8894.520126205407,10140.328563736099,8815.443867249132
forecast_4024,2025-06-17 16:00:00,8736.121381977011,9317.08821181722,8339.723471730811
forecast_4025,2025-06-17 17:00:00,6673.146284962568,7578.972569150547,6229.1602200712805
forecast_4026,2025-06-17 18:00:00,6101.858476254796,7578.972569150547,6194.889925940255
forecast_4027,2025-06-17 19:00:00,6026.229311424232,8413.251801528802,6109.089143629004
forecast_4028,2025-06-17 20:00:00,6101.858476254796,8505.851877264466,6109.089143629004
forecast_4029,2025-06-17 21:00:00,7021.540633304199,8895.451573595323,6959.516744760636
forecast_4030,2025-06-17 22:00:00,7626.561342354896,10333.03141222568,7538.456451325897
forecast_4031,2025-06-17 23:00:00,8963.082768482724,11065.935553905361,8534.267796085513
forecast_4032,2025-06-18 00:00:00,9173.436758562322,11149.437361477601,8710.094999747793
forecast_4033,2025-06-18 01:00:00,8370.867311144459,9905.288433660306,7181.958143774109
forecast_4034,2025-06-18 02:00:00,8809.119513619476,10060.059874789446,7275.2276546261955
forecast_4035,2025-06-18 03:00:00,9760.801908480526,10339.95700581689,7743.094824947872
forecast_4036,2025-06-18 04:00:00,10004.790586307563,10505.010098053168,8311.417337829254
forecast_4037,2025-06-18 05:00:00,10004.790586307563,10592.433766893231,8311.417337829254
forecast_4038,2025-06-18 06:00:00,8672.750876244852,10592.433766893231,7331.191139206523
forecast_4039,2025-06-18 07:00:00,7920.119572404286,9761.800710362451,6848.073445583157
forecast_4040,2025-06-18 08:00:00,6621.729051272792,8297.070550219703,5911.885377983637
forecast_4041,2025-06-18 09:00:00,5194.768729503254,6453.267437688184,4440.827847676113
forecast_4042,2025-06-18 10:00:00,4921.077519089497,5707.207226147877,4068.2010932368476
forecast_4043,2025-06-18 11:00:00,4304.242176563808,4309.230297123413,3467.2775729000095
forecast_4044,2025-06-18 12:00:00,3934.0189522582123,4016.9639690676277,3201.4086392824247
forecast_4045,2025-06-18 13:00:00,3930.580610739193,4244.756476050016,3319.691645569417
forecast_4046,2025-06-18 14:00:00,3930.580610739193,4244.756476050016,3319.691645569417
forecast_4047,2025-06-18 15:00:00,4714.810310672396,4244.756476050016,3319.691645569417
forecast_4048,2025-06-18 16:00:00,4714.810310672396,4189.266286996807,3366.346214008262
forecast_4049,2025-06-18 17:00:00,4687.7624762466285,4189.266286996807,3366.346214008262
forecast_4050,2025-06-18 18:00:00,4687.7624762466285,4294.125695646677,3597.6658463038593
forecast_4051,2025-06-18 19:00:00,5549.122890227042,4986.680005356238,4229.343532973877
forecast_4052,2025-06-18 20:00:00,7069.151014902488,7978.515826856475,6702.778299152652
forecast_4053,2025-06-18 21:00:00,8366.04823839285,9782.350690453697,7795.905716517496
forecast_4054,2025-06-18 22:00:00,9846.450735809804,12371.583532497567,9327.18978442846
forecast_4055,2025-06-18 23:00:00,11948.908257123887,13956.656596520519,10892.43927553557
forecast_4056,2025-06-19 00:00:00,12255.459040567068,14447.209931158239,11355.449587065246
forecast_4057,2025-06-19 01:00:00,12234.61932009564,13743.98585200604,10526.636968956154
forecast_4058,2025-06-19 02:00:00,12386.907108908557,13383.780367990868,10184.57518588416
forecast_4059,2025-06-19 03:00:00,12386.907108908557,13383.780367990868,10184.57518588416
forecast_4060,2025-06-19 04:00:00,11368.777230518093,13306.17454837749,9990.956020810812
forecast_4061,2025-06-19 05:00:00,11260.0512087165,12913.066680039947,8985.04749821144
forecast_4062,2025-06-19 06:00:00,9539.399440008856,10697.577107382911,7907.065964646039
forecast_4063,2025-06-19 07:00:00,8355.325867378828,8085.803892041911,5748.935902532581
forecast_4064,2025-06-19 08:00:00,7088.140370287218,6282.95842806584,4433.444297738121
forecast_4065,2025-06-19 09:00:00,3932.0868889603867,3489.3582530961357,2955.631697636955
forecast_4066,2025-06-19 10:00:00,2976.0634867364615,2626.3213765438677,2408.3205306724108
forecast_4067,2025-06-19 11:00:00,2821.3792938495567,2510.410763836743,2278.256859727439
forecast_4068,2025-06-19 12:00:00,2674.5967971033765,2361.2336269902344,2200.978726806662
forecast_4069,2025-06-19 13:00:00,2584.3264612439075,2273.413351896745,2102.9830861484265
forecast_4070,2025-06-19 14:00:00,2584.3264612439075,2273.413351896745,2102.9830861484265
forecast_4071,2025-06-19 15:00:00,2806.06568542897,2354.608635988671,2180.4337156799493
forecast_4072,2025-06-19 16:00:00,2858.367310471251,2364.6460368587636,2227.276084905447
forecast_4073,2025-06-19 17:00:00,3032.711654315456,3110.5900401419713,2375.3591972126987
forecast_4074,2025-06-19 18:00:00,3715.7253112209246,4160.532562053932,2940.722753279141
forecast_4075,2025-06-19 19:00:00,4707.727166817104,4314.2128702843565,3029.166946180682
forecast_4076,2025-06-19 20:00:00,4747.627448759464,4534.688609844371,3046.9414696896456
forecast_4077,2025-06-19 21:00:00,5684.134963320646,5359.268949674939,3579.73891807999
forecast_4078,2025-06-19 22:00:00,7869.033201082682,8575.515676549829,6288.60246980755
forecast_4079,2025-06-19 23:00:00,8252.717289414755,10491.978286815445,7382.571271981224
forecast_4080,2025-06-20 00:00:00,8378.213667692424,10740.792012407985,7585.553915349568
forecast_4081,2025-06-20 01:00:00,9987.438057214833,12279.453710224898,8705.005491388769
forecast_4082,2025-06-20 02:00:00,10604.55176051934,12417.266814562216,8958.962180851508
forecast_4083,2025-06-20 03:00:00,10672.889593108132,12658.786234148545,9364.564249374544
forecast_4084,2025-06-20 04:00:00,11069.789607703682,12837.421500603308,9864.904597257279
forecast_4085,2025-06-20 05:00:00,11069.789607703682,12837.421500603308,9864.904597257279
forecast_4086,2025-06-20 06:00:00,10264.912183723593,11892.336224444027,9311.98384600793
forecast_4087,2025-06-20 07:00:00,9549.2018423363,11892.336224444027,8990.304581836372
forecast_4088,2025-06-20 08:00:00,8489.1695030944,11720.33427476019,8607.765472401536
forecast_4089,2025-06-20 09:00:00,8128.755222321879,11629.9591954822,8607.765472401536
forecast_4090,2025-06-20 10:00:00,8128.755222321879,11629.9591954822,9280.071487619043
forecast_4091,2025-06-20 11:00:00,9666.855418740319,13429.338609562086,11034.908387161082
forecast_4092,2025-06-20 12:00:00,11518.51947255794,15088.926128140276,13360.418011970183
forecast_4093,2025-06-20 13:00:00,12669.400850209715,15603.413790282744,15030.603616391192
forecast_4094,2025-06-20 14:00:00,13601.660987362906,15672.387426194782,15063.834968015834
forecast_4095,2025-06-20 15:00:00,14735.538720922821,16322.302704442336,16084.262772345206
forecast_4096,2025-06-20 16:00:00,16258.105442409787,17397.774744848688,17400.412791504743
forecast_4097,2025-06-20 17:00:00,17780.275315199797,17397.774744848688,18048.951095464454
forecast_4098,2025-06-20 18:00:00,17863.522074895835,17224.165899447187,18189.424607443863
forecast_4099,2025-06-20 19:00:00,17780.275315199797,17221.222855495114,18048.951095464454
forecast_4100,2025-06-20 20:00:00,17577.780959782285,16773.688316130156,17836.274260539405
forecast_4101,2025-06-20 21:00:00,17427.28781067921,16588.051560227646,17449.821838380485
forecast_4102,2025-06-20 22:00:00,17427.28781067921,16588.051560227646,17449.821838380485
forecast_4103,2025-06-20 23:00:00,17607.678666556945,17608.088853188405,18099.615102547927
forecast_4104,2025-06-21 00:00:00,17658.703660613573,17614.11862529193,18120.581424099393
forecast_4105,2025-06-21 01:00:00,17007.554706564326,17742.165662495026,18455.142547212854
forecast_4106,2025-06-21 02:00:00,16905.559650688803,17589.228162911888,18405.10664137591
forecast_4107,2025-06-21 03:00:00,16747.04161991924,17531.273615515634,17806.347137758818
forecast_4108,2025-06-21 04:00:00,15212.652786005376,17475.619637722568,17228.316404702608
forecast_4109,2025-06-21 05:00:00,14874.026325962652,16668.7651204273,17174.737695281518
forecast_4110,2025-06-21 06:00:00,14027.551901992865,15934.728052021193,16371.65722377055
forecast_4111,2025-06-21 07:00:00,14004.93671641295,15126.646476724054,14659.769429240845
forecast_4112,2025-06-21 08:00:00,13196.760047228532,14050.260751615258,13284.816366000281
forecast_4113,2025-06-21 09:00:00,12529.082556941845,13726.906032191959,12209.835551137672
forecast_4114,2025-06-21 10:00:00,10448.247603904882,10976.304099005352,9560.703045333157
forecast_4115,2025-06-21 11:00:00,8323.757943672688,9879.344551827284,8614.686170727759
forecast_4116,2025-06-21 12:00:00,8323.757943672688,9879.344551827284,8451.350468233877
forecast_4117,2025-06-21 13:00:00,8323.757943672688,9879.344551827284,8451.350468233877
forecast_4118,2025-06-21 14:00:00,8576.645662695182,9706.24240009335,8076.706224420433
forecast_4119,2025-06-21 15:00:00,8677.584935140176,9706.24240009335,8076.706224420433
forecast_4120,2025-06-21 16:00:00,10152.509701846091,10786.903334508348,9351.02130210777
forecast_4121,2025-06-21 17:00:00,10152.509701846091,10786.903334508348,9351.02130210777
forecast_4122,2025-06-21 18:00:00,10152.509701846091,10786.903334508348,9351.02130210777
forecast_4123,2025-06-21 19:00:00,11169.27319841769,12304.141408036043,10398.228256869621
forecast_4124,2025-06-21 20:00:00,11169.27319841769,13342.097029538034,10780.344214410612
forecast_4125,2025-06-21 21:00:00,11169.27319841769,13739.633691959703,11061.230338278512
forecast_4126,2025-06-21 22:00:00,12163.340255898918,13739.633691959703,12580.239523087084
forecast_4127,2025-06-21 23:00:00,12347.427444261766,14517.738398398506,13374.57010742246
forecast_4128,2025-06-22 00:00:00,13364.952413438397,14104.670716408134,13464.828592361084
forecast_4129,2025-06-22 01:00:00,13457.974741833546,14505.642903399046,12444.031514581013
forecast_4130,2025-06-22 02:00:00,12932.237339424672,14463.691336605241,12282.129221113599
forecast_4131,2025-06-22 03:00:00,13245.028169091365,14048.79193441644,11342.842262228758
forecast_4132,2025-06-22 04:00:00,12184.824319736046,13555.574905866713,10942.832399537909
forecast_4133,2025-06-22 05:00:00,11599.928237275348,12069.018342206533,9472.69729945223
forecast_4134,2025-06-22 06:00:00,10447.586689248099,11282.50673264054,8520.779428363176
forecast_4135,2025-06-22 07:00:00,9965.747668376407,9801.912299940774,7721.655220937055
forecast_4136,2025-06-22 08:00:00,8732.572751172065,9496.281846027941,7054.660373275692
forecast_4137,2025-06-22 09:00:00,6896.379041187638,7575.171560062209,5738.733250005613
forecast_4138,2025-06-22 10:00:00,6041.795520500991,6139.321714039646,4684.415148268812
forecast_4139,2025-06-22 11:00:00,6041.795520500991,5718.230334816882,4413.612721092421
forecast_4140,2025-06-22 12:00:00,6154.516075377233,5634.527015445639,4306.289491243804
forecast_4141,2025-06-22 13:00:00,6154.516075377233,5588.02571957962,3965.5717398422103
forecast_4142,2025-06-22 14:00:00,4998.563789475552,3965.185206140058,3538.9491477752185
forecast_4143,2025-06-22 15:00:00,4590.345963102847,3700.286101071556,2958.544004475768
forecast_4144,2025-06-22 16:00:00,4213.008039441232,3700.286101071556,2958.544004475768
forecast_4145,2025-06-22 17:00:00,4213.008039441232,3936.981643589575,3230.6912558662566
forecast_4146,2025-06-22 18:00:00,5071.657477258019,4762.855502329938,3720.000221919133
forecast_4147,2025-06-22 19:00:00,5199.905300325527,5443.169194331991,3991.007511837249
forecast_4148,2025-06-22 20:00:00,5455.430888927917,5670.070066896854,4072.5677198912767
forecast_4149,2025-06-22 21:00:00,6049.504236303162,6264.452840154096,4507.450277717218
forecast_4150,2025-06-22 22:00:00,7429.630309837126,7518.598971672002,5647.362157530044
forecast_4151,2025-06-22 23:00:00,7892.978302859401,7518.598971672002,5932.0539242634595
forecast_4152,2025-06-23 00:00:00,7910.777645792764,7523.635901094049,6067.060744494605
forecast_4153,2025-06-23 01:00:00,6985.566656754152,5937.849688811788,4810.129632113474
forecast_4154,2025-06-23 02:00:00,6656.0883000527565,5596.514039479398,4567.803082030891
forecast_4155,2025-06-23 03:00:00,6457.696520058174,5496.917252064197,4437.935158242566
forecast_4156,2025-06-23 04:00:00,6417.248556195007,5422.018392313895,4392.904350865067
forecast_4157,2025-06-23 05:00:00,5544.650004895441,5274.8438594524805,3938.357920896536
forecast_4158,2025-06-23 06:00:00,4337.463781898654,4394.6066603111085,3589.2566998860348
forecast_4159,2025-06-23 07:00:00,3315.300154730361,3621.3090295715942,2782.784568459436
forecast_4160,2025-06-23 08:00:00,2682.3726823580732,3317.2437744370486,2405.5280533364808
forecast_4161,2025-06-23 09:00:00,2682.3726823580732,2716.5409535794493,2148.830949029885
forecast_4162,2025-06-23 10:00:00,2681.4041966139275,2544.868802424179,2148.830949029885
forecast_4163,2025-06-23 11:00:00,2708.2740700157756,2442.3220908436424,2186.787828240553
forecast_4164,2025-06-23 12:00:00,2754.383986242855,2436.6201730665007,2233.5395713684034
forecast_4165,2025-06-23 13:00:00,2802.3045098383523,2414.080932922968,2233.5395713684034
forecast_4166,2025-06-23 14:00:00,2754.383986242855,2314.1847164434967,2209.42215797373
forecast_4167,2025-06-23 15:00:00,2692.1108760645766,2295.035702348384,2154.5669317767865
forecast_4168,2025-06-23 16:00:00,2663.7268738683188,2295.035702348384,2096.22914401637
forecast_4169,2025-06-23 17:00:00,2663.7268738683188,2347.457601498542,2088.103602166965
forecast_4170,2025-06-23 18:00:00,2669.840692896677,2378.60042544343,2096.22914401637
forecast_4171,2025-06-23 19:00:00,2860.0333149893036,2646.294232867299,2485.3308125445037
forecast_4172,2025-06-23 20:00:00,2927.8610224436225,2835.960392550258,2573.8629066236476
forecast_4173,2025-06-23 21:00:00,2959.3644452204744,2857.3267173762224,2642.973943016509
forecast_4174,2025-06-23 22:00:00,3417.3062743364353,3230.9585232286863,2983.0719854486406
forecast_4175,2025-06-23 23:00:00,3417.3062743364353,3230.9585232286863,2983.0719854486406
forecast_4176,2025-06-24 00:00:00,3399.070714927723,3112.594387707715,2878.013222399951
forecast_4177,2025-06-24 01:00:00,2982.3778770082035,3166.370171599797,2451.5018475919874
forecast_4178,2025-06-24 02:00:00,2853.734870031115,3033.621929522448,2422.6512071284524
forecast_4179,2025-06-24 03:00:00,2718.4826342195593,3060.931580102465,2480.3524880555224
forecast_4180,2025-06-24 04:00:00,2718.4826342195593,3036.098437343187,2482.2235889376193
forecast_4181,2025-06-24 05:00:00,2921.3970308642715,3060.931580102465,2482.2235889376193
forecast_4182,2025-06-24 06:00:00,2931.4469949549916,3233.5146575145623,2365.423036977711
forecast_4183,2025-06-24 07:00:00,3070.7489851196287,3295.931547859918,2352.810179270045
forecast_4184,2025-06-24 08:00:00,3098.113497994044,3327.8708085973,2352.810179270045
forecast_4185,2025-06-24 09:00:00,3188.3145396186605,3327.8708085973,2379.929107847744
forecast_4186,2025-06-24 10:00:00,3188.3145396186605,3114.097086325543,2379.929107847744
forecast_4187,2025-06-24 11:00:00,3278.0051987753495,3050.430868015597,2379.929107847744
forecast_4188,2025-06-24 12:00:00,3021.400937321031,3050.430868015597,2361.2458940711367
forecast_4189,2025-06-24 13:00:00,3001.597501250892,3065.5196313284423,2361.2458940711367
forecast_4190,2025-06-24 14:00:00,2944.0620431683697,3065.5196313284423,2244.8182021281923
forecast_4191,2025-06-24 15:00:00,2944.0620431683697,2937.8863772835284,2193.383552006005
forecast_4192,2025-06-24 16:00:00,2955.2094517323167,2937.8863772835284,2193.383552006005
forecast_4193,2025-06-24 17:00:00,3137.1912791208365,3233.3953963849044,2245.6936165996913
forecast_4194,2025-06-24 18:00:00,3209.994236261008,3546.0099319138108,2413.5038471541707
forecast_4195,2025-06-24 19:00:00,3776.3775374406127,4441.887596946095,2735.437752893534
forecast_4196,2025-06-24 20:00:00,4576.150240024197,5388.7021328008295,3317.1000216547736
forecast_4197,2025-06-24 21:00:00,5484.69801525301,7467.7775204671225,4661.951727145849
forecast_4198,2025-06-24 22:00:00,6214.6873356927845,8019.924047449755,5517.516264879264
forecast_4199,2025-06-24 23:00:00,6553.082007751973,8325.914885130078,5965.821896606934
forecast_4200,2025-06-25 00:00:00,6601.384695515153,8541.284518593095,6050.435687354721
forecast_4201,2025-06-25 01:00:00,4803.683925265789,6189.986071085517,3637.8351790587626
forecast_4202,2025-06-25 02:00:00,4755.297789811906,5591.522138717615,3415.033988431933
forecast_4203,2025-06-25 03:00:00,4755.297789811906,4806.531419276488,3526.606869201742
forecast_4204,2025-06-25 04:00:00,4899.614331548311,4401.940963452278,3255.1394251779902
forecast_4205,2025-06-25 05:00:00,4899.614331548311,4282.682071478399,3255.1394251779902
forecast_4206,2025-06-25 06:00:00,4239.005770097022,3798.591851039297,2478.5968610313635
forecast_4207,2025-06-25 07:00:00,3690.556064307691,3607.3867675617366,2443.0358506094944
forecast_4208,2025-06-25 08:00:00,3584.3929895983397,3564.038107932156,2344.3636116080297
forecast_4209,2025-06-25 09:00:00,3417.5181886524233,3276.771383508415,2433.3977825914235
forecast_4210,2025-06-25 10:00:00,3260.20439131267,3257.4781383047125,2344.3636116080297
forecast_4211,2025-06-25 11:00:00,3018.130703256063,3276.771383508415,2392.9283449488394
forecast_4212,2025-06-25 12:00:00,3018.130703256063,3314.038707907748,2246.373485174061
forecast_4213,2025-06-25 13:00:00,3018.130703256063,3314.038707907748,2229.2257050654907
forecast_4214,2025-06-25 14:00:00,2933.293484169803,2904.909560779208,2229.2257050654907
forecast_4215,2025-06-25 15:00:00,2822.603671495011,2881.783189286551,2137.3213195851704
forecast_4216,2025-06-25 16:00:00,2933.293484169803,2904.909560779208,2229.091452323898
forecast_4217,2025-06-25 17:00:00,2997.9940147691823,3137.104797736197,2229.091452323898
forecast_4218,2025-06-25 18:00:00,3225.582368771599,3181.664073644294,2365.5682702392137
forecast_4219,2025-06-25 19:00:00,3706.7749048914775,3805.0574830004275,2551.0348944258035
forecast_4220,2025-06-25 20:00:00,4366.844621174633,4725.318512070584,3337.09887328931
forecast_4221,2025-06-25 21:00:00,4913.698233434222,5648.99430131129,4063.2609001866376
forecast_4222,2025-06-25 22:00:00,6271.442801520208,7325.011170525786,5780.795874151603
forecast_4223,2025-06-25 23:00:00,6597.4358662661225,7788.929737557459,6169.704170193612
forecast_4224,2025-06-26 00:00:00,6709.118367230922,7960.6716087894165,6335.942354065447
forecast_4225,2025-06-26 01:00:00,10198.861372474446,12181.566354492123,9903.291688528709
forecast_4226,2025-06-26 02:00:00,10647.853611737633,12306.649179292039,10111.753857373744
forecast_4227,2025-06-26 03:00:00,11413.431933574506,12940.782122591287,10310.714248383818
forecast_4228,2025-06-26 04:00:00,11472.024187935423,13044.232862708308,10538.238005462013
forecast_4229,2025-06-26 05:00:00,11413.431933574506,12940.782122591287,10310.714248383818
forecast_4230,2025-06-26 06:00:00,10932.483962557471,11956.694056743232,9908.517179095663
forecast_4231,2025-06-26 07:00:00,9621.017593476057,10547.966469209729,8091.960032698989
forecast_4232,2025-06-26 08:00:00,9475.184371847798,10547.966469209729,8091.960032698989
forecast_4233,2025-06-26 09:00:00,8810.828548718946,10547.966469209729,7833.349028706316
forecast_4234,2025-06-26 10:00:00,6134.35119180774,8082.512023497,5992.72484747788
forecast_4235,2025-06-26 11:00:00,6088.5662236086355,8082.512023497,5663.419875664573
forecast_4236,2025-06-26 12:00:00,5943.757060978342,7965.314965241251,5212.285618133926
forecast_4237,2025-06-26 13:00:00,5781.42912273976,7508.220201115745,5097.717020795557
forecast_4238,2025-06-26 14:00:00,5781.42912273976,6451.320466270733,4897.197544609828
forecast_4239,2025-06-26 15:00:00,5806.3443685652255,6189.179957772101,4671.9008136724315
forecast_4240,2025-06-26 16:00:00,5874.437155957385,6143.457696292172,4632.1238604587
forecast_4241,2025-06-26 17:00:00,5874.437155957385,5707.264478953298,4490.305782738852
forecast_4242,2025-06-26 18:00:00,5414.793151478841,5707.264478953298,4471.413186912583
forecast_4243,2025-06-26 19:00:00,5414.793151478841,5700.999027114672,4471.413186912583
forecast_4244,2025-06-26 20:00:00,5527.64637139124,5745.146081656432,4569.744213065592
forecast_4245,2025-06-26 21:00:00,6192.619460650915,6010.466803520021,4761.438729153704
forecast_4246,2025-06-26 22:00:00,7724.55953482364,7394.2469402309625,6027.225872036814
forecast_4247,2025-06-26 23:00:00,7724.55953482364,7427.260969541685,6027.225872036814
forecast_4248,2025-06-27 00:00:00,7720.013956122151,7410.753954886324,5975.738791607448
forecast_4249,2025-06-27 01:00:00,5039.120887405823,5438.022642574597,3905.9045749492348
forecast_4250,2025-06-27 02:00:00,5244.5846319859065,5465.891016039888,3956.914092431737
forecast_4251,2025-06-27 03:00:00,6378.9997263203495,6026.4192089282315,4952.3144555961035
forecast_4252,2025-06-27 04:00:00,6378.9997263203495,6026.4192089282315,4952.3144555961035
forecast_4253,2025-06-27 05:00:00,5875.627275501641,5589.155706946421,4375.147353908376
forecast_4254,2025-06-27 06:00:00,4663.056095759957,4764.330735403784,3504.4253061954223
forecast_4255,2025-06-27 07:00:00,4057.929974733203,4296.350858050512,3257.2083747099705
forecast_4256,2025-06-27 08:00:00,3718.922243152881,3926.852129549655,3079.411212253986
forecast_4257,2025-06-27 09:00:00,3349.7912915526895,3412.309325396212,2860.4267173245516
forecast_4258,2025-06-27 10:00:00,3066.8411702157596,3008.1860620010307,2581.622534640842
forecast_4259,2025-06-27 11:00:00,2923.6355232425603,2895.0527965723822,2441.809696193757
forecast_4260,2025-06-27 12:00:00,2923.6355232425603,2895.0527965723822,2441.809696193757
forecast_4261,2025-06-27 13:00:00,3331.405262419362,3208.102777954431,2509.8041313276362
forecast_4262,2025-06-27 14:00:00,3331.405262419362,3208.102777954431,2509.8041313276362
forecast_4263,2025-06-27 15:00:00,3383.6231043341686,3076.5050747608725,2506.300834728584
forecast_4264,2025-06-27 16:00:00,3323.851487892328,3049.8307868059574,2412.1156048069124
forecast_4265,2025-06-27 17:00:00,3116.5407401941334,3076.5050747608725,2506.300834728584
forecast_4266,2025-06-27 18:00:00,3116.5407401941334,3253.431184295692,2609.401992013226
forecast_4267,2025-06-27 19:00:00,3372.926293705847,3648.4547594791647,2960.1684970905953
forecast_4268,2025-06-27 20:00:00,4411.043373052584,4338.039404474641,3807.4428650379327
forecast_4269,2025-06-27 21:00:00,5495.096696733687,6005.631201966551,4302.464857372016
forecast_4270,2025-06-27 22:00:00,5948.8358523066945,6813.128318157875,4604.225154020813
forecast_4271,2025-06-27 23:00:00,5948.8358523066945,6912.387312058514,4604.225154020813
forecast_4272,2025-06-28 00:00:00,5959.804839114627,7157.62415317203,4492.6805146924935
forecast_4273,2025-06-28 01:00:00,8921.84472625691,9070.733237264092,6320.306591488833
forecast_4274,2025-06-28 02:00:00,9325.742111143114,9599.795132686271,6829.098503888359
forecast_4275,2025-06-28 03:00:00,9452.446424372994,10986.060974067801,7772.98944239208
forecast_4276,2025-06-28 04:00:00,9452.446424372994,11815.40692058302,7794.5572191849815
forecast_4277,2025-06-28 05:00:00,9419.562554480875,11815.40692058302,7794.5572191849815
forecast_4278,2025-06-28 06:00:00,9403.983295683194,11169.400156493606,7636.295296150611
forecast_4279,2025-06-28 07:00:00,8921.490109458395,10620.47715895855,7581.627404826977
forecast_4280,2025-06-28 08:00:00,6802.6368821500455,8247.497344536043,5972.482064540521
forecast_4281,2025-06-28 09:00:00,5815.149325893806,7427.384545083312,4968.169960481346
forecast_4282,2025-06-28 10:00:00,4647.683220694815,5309.956038450854,3491.364397590324
forecast_4283,2025-06-28 11:00:00,3654.4543516469466,3781.9909719422476,2461.1758237556064
forecast_4284,2025-06-28 12:00:00,3414.308847589241,3259.8663793228566,2461.1758237556064
forecast_4285,2025-06-28 13:00:00,3401.76803547244,3209.8339785240278,2366.9674270798114
forecast_4286,2025-06-28 14:00:00,3401.76803547244,3205.3513228914335,2494.6696115021305
forecast_4287,2025-06-28 15:00:00,3401.76803547244,3205.3513228914335,2691.4049034488044
forecast_4288,2025-06-28 16:00:00,3441.1006148541005,3716.1796333152975,2874.915483382699
forecast_4289,2025-06-28 17:00:00,3676.9951183902376,3716.1796333152975,2874.915483382699
forecast_4290,2025-06-28 18:00:00,3736.6111373092294,3716.1796333152975,2874.915483382699
forecast_4291,2025-06-28 19:00:00,3853.118365392844,4341.46235412639,3113.3106568856365
forecast_4292,2025-06-28 20:00:00,5339.244596051486,6412.003911566714,4956.863546053129
forecast_4293,2025-06-28 21:00:00,5872.292706917442,8473.906077319494,6498.995131226125
forecast_4294,2025-06-28 22:00:00,7442.488559612293,10413.429026956615,7832.148961336587
forecast_4295,2025-06-28 23:00:00,8089.225430761704,10429.938981857715,8206.027963769197
forecast_4296,2025-06-29 00:00:00,8125.87716008027,10508.973424001973,8231.2260968889
forecast_4297,2025-06-29 01:00:00,9784.311136568604,11334.008156471333,8424.281280335586
forecast_4298,2025-06-29 02:00:00,10386.17224996346,11732.077012908738,9163.675223496664
forecast_4299,2025-06-29 03:00:00,10511.813508416675,12287.990860997783,9364.03303864878
forecast_4300,2025-06-29 04:00:00,12271.497533195923,12592.615813669565,10180.83550207818
forecast_4301,2025-06-29 05:00:00,12312.741583130828,12615.86492042472,10373.097525192517
forecast_4302,2025-06-29 06:00:00,12312.741583130828,12615.86492042472,10373.097525192517
forecast_4303,2025-06-29 07:00:00,10964.58754401615,11707.592460306834,9636.732718744734
forecast_4304,2025-06-29 08:00:00,9818.375364734145,11245.64142506444,9051.439706027842
forecast_4305,2025-06-29 09:00:00,8252.377449123884,8821.022402093788,7129.176216031163
forecast_4306,2025-06-29 10:00:00,5467.367665848181,5093.0293468978325,4026.593091065007
forecast_4307,2025-06-29 11:00:00,4680.093537995853,4296.928483443711,3541.158893445375
forecast_4308,2025-06-29 12:00:00,4610.184244919887,4210.815432934796,3391.085552332862
forecast_4309,2025-06-29 13:00:00,4047.512277429984,4029.544286738435,3301.587021178496
forecast_4310,2025-06-29 14:00:00,3812.6940672170094,3877.8925785999627,2908.5917523222442
forecast_4311,2025-06-29 15:00:00,3812.6940672170094,3877.8925785999627,2908.5917523222442
forecast_4312,2025-06-29 16:00:00,3999.8345796911176,3986.270663356567,3009.9385047694914
forecast_4313,2025-06-29 17:00:00,4204.167398128806,3986.270663356567,3009.9385047694914
forecast_4314,2025-06-29 18:00:00,4611.556638652228,4141.202285533194,3039.5427448628375
forecast_4315,2025-06-29 19:00:00,5817.718645123388,4690.526729217008,4230.636467695693
forecast_4316,2025-06-29 20:00:00,6278.5551693997695,5291.792103896208,4576.129738582871
forecast_4317,2025-06-29 21:00:00,6876.997197623908,7785.816986245579,5609.301184593893
forecast_4318,2025-06-29 22:00:00,10668.277813338946,12204.552536594532,9621.043010948566
forecast_4319,2025-06-29 23:00:00,12906.031878164973,13106.671481887208,11448.324468097358
forecast_4320,2025-06-30 00:00:00,12923.683512095848,13186.636663879166,11501.75601725105
forecast_4321,2025-06-30 01:00:00,9052.801249622087,10278.358090739936,7933.1430110883575
forecast_4322,2025-06-30 02:00:00,9097.998518651768,10354.168398753478,8019.38639654076
forecast_4323,2025-06-30 03:00:00,9868.938459573432,11100.518573732397,8602.198798051224
forecast_4324,2025-06-30 04:00:00,10160.5973225289,11384.635429588303,8602.198798051224
forecast_4325,2025-06-30 05:00:00,10898.660437577224,11503.544484520828,8661.74020899351
forecast_4326,2025-06-30 06:00:00,10898.660437577224,11503.544484520828,8454.605060377595
forecast_4327,2025-06-30 07:00:00,10684.975812824636,10373.604121561697,8233.795335517187
forecast_4328,2025-06-30 08:00:00,8168.4175867459735,9107.650389013896,7133.082933910101
forecast_4329,2025-06-30 09:00:00,6810.212955148469,7307.196087236252,5722.584193551823
forecast_4330,2025-06-30 10:00:00,5041.827234894089,4718.952518436565,3704.615530529006
forecast_4331,2025-06-30 11:00:00,4317.615668825887,4020.527891820412,3125.0133633609357
forecast_4332,2025-06-30 12:00:00,4317.615668825887,4020.527891820412,3125.0133633609357
forecast_4333,2025-06-30 13:00:00,5096.657206863902,5041.18532447204,4024.1321383425056
forecast_4334,2025-06-30 14:00:00,5601.615798850987,6067.450851256055,4579.432083839923
forecast_4335,2025-06-30 15:00:00,6013.734141934039,6067.450851256055,4786.992198188398
forecast_4336,2025-06-30 16:00:00,6178.318026255435,6067.450851256055,4909.211658297691
forecast_4337,2025-06-30 17:00:00,6810.224563948073,6937.667186884234,5654.471109817857
forecast_4338,2025-06-30 18:00:00,7826.2012701465455,7134.23153163676,5954.507390437602
forecast_4339,2025-06-30 19:00:00,9353.804468758146,9100.70416628491,7398.810447966101
forecast_4340,2025-06-30 20:00:00,9512.027623148719,10360.733472563052,8202.594853431949
forecast_4341,2025-06-30 21:00:00,10142.273190924923,11345.705798542509,9150.154322776836
forecast_4342,2025-06-30 22:00:00,12822.315072885141,13758.732622417729,11787.616858198446
forecast_4343,2025-06-30 23:00:00,12954.537579206179,14043.21664635487,12268.608274869845
forecast_4344,2025-07-01 00:00:00,13192.512417396014,14124.891893290755,12490.80692269031
forecast_4345,2025-07-01 01:00:00,10625.132393703463,11600.8187400335,8900.85403164524
forecast_4346,2025-07-01 02:00:00,10392.921162423167,11577.712667327327,8828.456047969605
forecast_4347,2025-07-01 03:00:00,10647.592937553241,11641.858968201146,8725.783833414378
forecast_4348,2025-07-01 04:00:00,10647.592937553241,11641.858968201146,8725.783833414378
forecast_4349,2025-07-01 05:00:00,11919.538479149178,12234.627696078296,9514.049000150764
forecast_4350,2025-07-01 06:00:00,11919.538479149178,12234.627696078296,9514.049000150764
forecast_4351,2025-07-01 07:00:00,11103.66969566764,11127.524943023385,8859.53938851397
forecast_4352,2025-07-01 08:00:00,8848.196178989154,9130.340667192624,6814.9677534305565
forecast_4353,2025-07-01 09:00:00,8220.80526248099,8500.526034083048,6136.117063836025
forecast_4354,2025-07-01 10:00:00,7197.358853832336,6288.80868743418,5363.943234236098
forecast_4355,2025-07-01 11:00:00,6772.667798658911,6217.2519225390915,5147.209097938492
forecast_4356,2025-07-01 12:00:00,6362.159827511843,5773.900790509768,4742.497707872688
forecast_4357,2025-07-01 13:00:00,6330.132843500217,5197.323209411711,4604.85863574407
forecast_4358,2025-07-01 14:00:00,5469.546254894296,4902.210583453227,4440.663329005074
forecast_4359,2025-07-01 15:00:00,5469.546254894296,4902.210583453227,4440.663329005074
forecast_4360,2025-07-01 16:00:00,5459.989844776788,4902.210583453227,4266.183997714037
forecast_4361,2025-07-01 17:00:00,5829.730974940807,5089.616150679474,4441.346341218189
forecast_4362,2025-07-01 18:00:00,5957.384216799859,5464.824613751856,4621.754236800926
forecast_4363,2025-07-01 19:00:00,6152.668541517693,6903.87204081096,5537.755419679017
forecast_4364,2025-07-01 20:00:00,7184.0351143095295,8537.50626302326,6592.28692684342
forecast_4365,2025-07-01 21:00:00,8990.081408536364,10071.605657156655,8488.608130646795
forecast_4366,2025-07-01 22:00:00,11535.398638146577,12424.527771574747,10291.808547409033
forecast_4367,2025-07-01 23:00:00,12651.053688046926,12920.785030327741,11435.654622700204
forecast_4368,2025-07-02 00:00:00,13582.793007914635,13953.063322707705,12824.490100724786
forecast_4369,2025-07-02 01:00:00,14827.435120849537,14777.675809692304,14307.374232859816
forecast_4370,2025-07-02 02:00:00,15258.358490467483,15241.762046907077,14938.974628698497
forecast_4371,2025-07-02 03:00:00,15696.78821389462,16138.026587150162,15071.980883634591
forecast_4372,2025-07-02 04:00:00,15737.766230280273,16551.844155087812,15411.098818336275
forecast_4373,2025-07-02 05:00:00,15737.766230280273,16551.844155087812,15411.098818336275
forecast_4374,2025-07-02 06:00:00,14593.471177998425,15484.829640473376,14161.562011695487
forecast_4375,2025-07-02 07:00:00,14425.28917660152,15335.806235393518,13276.614361325372
forecast_4376,2025-07-02 08:00:00,12389.738361398582,13562.409866341035,11826.941442100264
forecast_4377,2025-07-02 09:00:00,11389.226598468764,12721.333938720885,10881.12006540123
forecast_4378,2025-07-02 10:00:00,9534.135690698353,10025.409658766757,8336.27911491316
forecast_4379,2025-07-02 11:00:00,8387.13528942611,7364.895531290036,5949.995021238193
forecast_4380,2025-07-02 12:00:00,7555.054714038726,7305.213566126849,5844.260394205319
forecast_4381,2025-07-02 13:00:00,6518.316562098835,5843.611435590859,5447.982211458943
forecast_4382,2025-07-02 14:00:00,6028.327536643528,5506.701880500606,4708.005006138332
forecast_4383,2025-07-02 15:00:00,5899.345815839521,5087.6823717247435,4653.018429799432
forecast_4384,2025-07-02 16:00:00,5663.54106044409,4730.466903669044,4134.480457828234
forecast_4385,2025-07-02 17:00:00,4978.130116800179,4241.338606435897,3703.966533184829
forecast_4386,2025-07-02 18:00:00,5039.567659935518,4730.466903669044,3929.9876693358688
forecast_4387,2025-07-02 19:00:00,5039.567659935518,5394.65284873342,3929.9876693358688
forecast_4388,2025-07-02 20:00:00,6386.716582546849,7162.53248916715,5193.9627459032645
forecast_4389,2025-07-02 21:00:00,6885.158838934634,8415.132704135181,6181.677728207005
forecast_4390,2025-07-02 22:00:00,8566.893945218375,11100.022699474746,8131.51742691587
forecast_4391,2025-07-02 23:00:00,9021.991950232876,11453.904795290957,8321.849174020936
forecast_4392,2025-07-03 00:00:00,9370.387830894746,11891.260728035697,8496.465096802438
forecast_4393,2025-07-03 01:00:00,11788.798706680243,13044.69243853799,9910.20050405938
forecast_4394,2025-07-03 02:00:00,12252.080782982292,13003.818535441147,10323.884418380665
forecast_4395,2025-07-03 03:00:00,12523.648843556912,13143.473867887762,10489.370906187647
forecast_4396,2025-07-03 04:00:00,13315.456939258951,13228.28335517043,11228.693984066576
forecast_4397,2025-07-03 05:00:00,13874.255101812349,14558.592029168527,12719.156587033536
forecast_4398,2025-07-03 06:00:00,13874.255101812349,14740.283950692605,12844.268695060693
forecast_4399,2025-07-03 07:00:00,13441.991654394154,14740.283950692605,12844.268695060693
forecast_4400,2025-07-03 08:00:00,12694.652075013559,14027.943998395862,12243.93915671502
forecast_4401,2025-07-03 09:00:00,12610.127029276768,13925.323540898278,12186.459155541961
forecast_4402,2025-07-03 10:00:00,11313.98022188061,12818.56115238312,10934.27954246912
forecast_4403,2025-07-03 11:00:00,9411.35911132919,10361.638301419021,9097.190573880718
forecast_4404,2025-07-03 12:00:00,8669.42181920476,9090.018459736177,8086.088504637812
forecast_4405,2025-07-03 13:00:00,8545.068584226852,8676.022587113952,7447.334259190184
forecast_4406,2025-07-03 14:00:00,8482.167591451234,8358.19772884206,7421.849630259814
forecast_4407,2025-07-03 15:00:00,8482.167591451234,8147.5325824423735,7421.849630259814
forecast_4408,2025-07-03 16:00:00,8425.34318052227,8061.237918416022,7300.025264840697
forecast_4409,2025-07-03 17:00:00,7585.277574122187,7755.634132641816,7234.2723845979535
forecast_4410,2025-07-03 18:00:00,7585.277574122187,7755.634132641816,7234.2723845979535
forecast_4411,2025-07-03 19:00:00,10265.016096580648,9321.956559924603,8317.14208632469
forecast_4412,2025-07-03 20:00:00,11173.547519101756,11308.169013406343,10395.341165614012
forecast_4413,2025-07-03 21:00:00,12129.11784355438,13327.08202853296,11477.190515744414
forecast_4414,2025-07-03 22:00:00,14150.544155265234,14303.854332573905,14090.36838467212
forecast_4415,2025-07-03 23:00:00,14150.544155265234,14580.908833687787,14180.492038704218
forecast_4416,2025-07-04 00:00:00,14050.7609437749,14653.988801454147,14479.76692280794
forecast_4417,2025-07-04 01:00:00,14605.581564116907,15489.943010120485,15031.28724459143
forecast_4418,2025-07-04 02:00:00,14734.764643858285,15588.87554019402,15132.084463169993
forecast_4419,2025-07-04 03:00:00,14819.361730139859,15870.847188957483,15679.766479689639
forecast_4420,2025-07-04 04:00:00,15064.236332949857,15955.575299260654,16286.894423261798
forecast_4421,2025-07-04 05:00:00,16056.570266396064,16405.73019715321,17128.856034659602
forecast_4422,2025-07-04 06:00:00,16739.61419505136,17151.743985197892,17823.35696842323
forecast_4423,2025-07-04 07:00:00,16739.61419505136,17151.743985197892,17823.35696842323
forecast_4424,2025-07-04 08:00:00,16629.88912582004,17007.84510896261,17538.415681894556
forecast_4425,2025-07-04 09:00:00,16104.908137081995,16707.234168706866,16998.182889179378
forecast_4426,2025-07-04 10:00:00,14759.917900287246,15472.339812672053,15929.370910638803
forecast_4427,2025-07-04 11:00:00,14271.515419439014,14798.023515427365,15851.952968340232
forecast_4428,2025-07-04 12:00:00,14153.019001523888,14699.88532416338,15264.509706586727
forecast_4429,2025-07-04 13:00:00,13429.754478682993,13503.334514980457,13517.97570053121
forecast_4430,2025-07-04 14:00:00,13246.74210800962,13503.334514980457,13517.97570053121
forecast_4431,2025-07-04 15:00:00,13246.74210800962,15080.725766961657,14876.325292360742
forecast_4432,2025-07-04 16:00:00,13536.817345397048,15219.9189475469,15029.471960551236
forecast_4433,2025-07-04 17:00:00,13915.620320996974,15219.9189475469,15670.295706249342
forecast_4434,2025-07-04 18:00:00,13925.174190245754,15454.169983581727,16129.117459763787
forecast_4435,2025-07-04 19:00:00,14391.979142349726,15454.169983581727,16546.54078182096
forecast_4436,2025-07-04 20:00:00,15438.428722758443,15698.322944655316,16669.451151468744
forecast_4437,2025-07-04 21:00:00,15724.038804784941,15738.309541825201,16765.134286116187
forecast_4438,2025-07-04 22:00:00,15724.038804784941,15967.438279034799,16765.134286116187
forecast_4439,2025-07-04 23:00:00,16383.384662437413,17145.026672242813,17764.920890764497
forecast_4440,2025-07-05 00:00:00,16545.66676842013,17196.969559272206,17824.86600006021
forecast_4441,2025-07-05 01:00:00,14540.09154136118,15767.38852260476,15894.115847498282
forecast_4442,2025-07-05 02:00:00,14418.122162053865,15706.377117237807,15943.352653128944
forecast_4443,2025-07-05 03:00:00,14418.122162053865,15694.763510898245,15710.414243375519
forecast_4444,2025-07-05 04:00:00,14549.644649518063,15637.781297534635,15488.66061518364
forecast_4445,2025-07-05 05:00:00,14923.382474845155,15208.282639686664,15265.852070261491
forecast_4446,2025-07-05 06:00:00,14923.382474845155,15483.45701430181,15206.268038868806
forecast_4447,2025-07-05 07:00:00,14118.25116883167,15156.784922216442,14649.991023699602
forecast_4448,2025-07-05 08:00:00,12862.964571356842,14780.95618396332,13768.562984360422
forecast_4449,2025-07-05 09:00:00,12146.353362560889,13935.266413942049,12761.910187685387
forecast_4450,2025-07-05 10:00:00,10887.280182461878,13149.219585500108,11861.391303560335
forecast_4451,2025-07-05 11:00:00,10063.678100804987,11447.097708592872,10378.834411409602
forecast_4452,2025-07-05 12:00:00,10063.678100804987,10038.607495166969,9397.987017480293
forecast_4453,2025-07-05 13:00:00,10374.887274144836,10038.607495166969,9397.987017480293
forecast_4454,2025-07-05 14:00:00,11947.22914931907,11220.811193626194,10491.516096389581
forecast_4455,2025-07-05 15:00:00,11947.22914931907,11220.811193626194,10491.516096389581
forecast_4456,2025-07-05 16:00:00,11421.978254872232,10474.671486722147,10179.807046157144
forecast_4457,2025-07-05 17:00:00,10818.353057684804,10474.671486722147,10179.807046157144
forecast_4458,2025-07-05 18:00:00,10818.353057684804,11069.132866055934,12071.064475145102
forecast_4459,2025-07-05 19:00:00,13374.670799813995,13486.360040142017,13658.09485338232
forecast_4460,2025-07-05 20:00:00,14948.460486013035,14651.860600658776,15236.72634905807
forecast_4461,2025-07-05 21:00:00,15278.022825580983,15911.197342256768,15778.533273420817
forecast_4462,2025-07-05 22:00:00,15278.022825580983,15911.197342256768,15784.84346003926
forecast_4463,2025-07-05 23:00:00,15148.721088367802,16129.669323930386,16350.55513140356
forecast_4464,2025-07-06 00:00:00,15080.432093695155,15804.26359295781,16092.164400515205
forecast_4465,2025-07-06 01:00:00,17371.213236389507,17081.620508867127,17566.085545015056
forecast_4466,2025-07-06 02:00:00,17446.718421562844,17183.065520918968,17615.64461518304
forecast_4467,2025-07-06 03:00:00,17470.667164071685,17243.103634411975,17732.098556523775
forecast_4468,2025-07-06 04:00:00,17446.718421562844,17403.334055823885,18077.84490535627
forecast_4469,2025-07-06 05:00:00,17304.395322008226,17403.334055823885,18077.84490535627
forecast_4470,2025-07-06 06:00:00,16220.852895735472,16996.04279160967,17391.502547403084
forecast_4471,2025-07-06 07:00:00,15335.187779390497,16311.198362217834,16510.467155651113
forecast_4472,2025-07-06 08:00:00,14963.027972694128,15829.633419457692,15405.949551638245
forecast_4473,2025-07-06 09:00:00,13443.29901080456,14504.938152322826,13198.610537979574
forecast_4474,2025-07-06 10:00:00,11959.157748113774,12563.908106786103,11372.25455573988
forecast_4475,2025-07-06 11:00:00,9887.5451848005,10366.448219477017,9191.379822641156
forecast_4476,2025-07-06 12:00:00,8152.173712198535,7266.790394100603,6237.907108634436
forecast_4477,2025-07-06 13:00:00,6280.881713768933,5268.12472808546,4187.106523194635
forecast_4478,2025-07-06 14:00:00,5377.241949344412,4605.339289028349,3441.160496134442
forecast_4479,2025-07-06 15:00:00,4263.58412673255,3796.680074035932,3186.8894919697914
forecast_4480,2025-07-06 16:00:00,4159.203712387818,3681.5839470681503,2804.093380022453
forecast_4481,2025-07-06 17:00:00,4159.203712387818,3681.5839470681503,2804.093380022453
forecast_4482,2025-07-06 18:00:00,4490.34726808596,4267.073305150681,3278.162989814972
forecast_4483,2025-07-06 19:00:00,5920.476247352004,5218.279245063647,4290.309525462327
forecast_4484,2025-07-06 20:00:00,7860.821035896939,7867.9627265450645,6275.3573623353395
forecast_4485,2025-07-06 21:00:00,9678.723480802135,9202.98126463815,7420.234601963753
forecast_4486,2025-07-06 22:00:00,10797.858808913137,11164.873712748526,8926.659515762063
forecast_4487,2025-07-06 23:00:00,11494.860232050245,11227.095141083098,9536.552497118337
forecast_4488,2025-07-07 00:00:00,11794.489935466336,11809.351088513962,9974.536727424289
forecast_4489,2025-07-07 01:00:00,10018.0440362393,10425.183112855928,7879.529786888813
forecast_4490,2025-07-07 02:00:00,9880.309267383918,10230.13842029995,7826.463906302507
forecast_4491,2025-07-07 03:00:00,9513.957658645115,10230.13842029995,7404.80843660695
forecast_4492,2025-07-07 04:00:00,7728.811982580586,7111.916277179502,5139.80833288322
forecast_4493,2025-07-07 05:00:00,5393.306894222343,5435.397753254283,3782.115804943029
forecast_4494,2025-07-07 06:00:00,4341.466910516574,4233.925934481692,3392.1796717790226
forecast_4495,2025-07-07 07:00:00,3756.171353128081,3495.45731802941,3040.8712077999494
forecast_4496,2025-07-07 08:00:00,3374.212470871298,3206.412824208181,2779.144515137676
forecast_4497,2025-07-07 09:00:00,2916.321408723329,3094.8437847686546,2478.342679427991
forecast_4498,2025-07-07 10:00:00,2675.79656126576,2776.6870559778176,2191.911289690052
forecast_4499,2025-07-07 11:00:00,2675.79656126576,2684.2479534313215,2191.911289690052
forecast_4500,2025-07-07 12:00:00,2681.069178745999,2612.832354777628,2234.0414379759045
forecast_4501,2025-07-07 13:00:00,2681.069178745999,2612.832354777628,2234.0414379759045
forecast_4502,2025-07-07 14:00:00,2618.589269451312,2612.832354777628,2230.496122490097
forecast_4503,2025-07-07 15:00:00,2618.589269451312,2518.8412586456557,2230.496122490097
forecast_4504,2025-07-07 16:00:00,2647.094731176804,2423.198358270728,2277.1348126623984
forecast_4505,2025-07-07 17:00:00,2676.148858064409,2423.198358270728,2331.437259743638
forecast_4506,2025-07-07 18:00:00,2676.148858064409,2546.78031381084,2353.96449797441
forecast_4507,2025-07-07 19:00:00,2861.584168529211,2673.422959883973,2413.0966176747506
forecast_4508,2025-07-07 20:00:00,2861.584168529211,2673.422959883973,2413.0966176747506
forecast_4509,2025-07-07 21:00:00,2881.9009361918243,2673.422959883973,2413.0966176747506
forecast_4510,2025-07-07 22:00:00,3253.6735800677916,3090.090544628834,2891.738142207522
forecast_4511,2025-07-07 23:00:00,3253.6735800677916,3090.090544628834,2891.738142207522
forecast_4512,2025-07-08 00:00:00,3222.951832173135,3023.145051729982,2900.079772679228
forecast_4513,2025-07-08 01:00:00,2746.902679890899,2783.7715805542875,2392.2209135421135
forecast_4514,2025-07-08 02:00:00,2722.3881422986587,2604.2271345270337,2278.0834453393163
forecast_4515,2025-07-08 03:00:00,2609.641161824203,2710.025887072837,2450.3794747155753
forecast_4516,2025-07-08 04:00:00,2609.641161824203,2710.025887072837,2450.3794747155753
forecast_4517,2025-07-08 05:00:00,2680.003603970135,2880.040323768429,2565.277828477609
forecast_4518,2025-07-08 06:00:00,2688.591362739239,2916.6553082998494,2600.3769960495806
forecast_4519,2025-07-08 07:00:00,2704.4685197887097,2916.6553082998494,2565.277828477609
forecast_4520,2025-07-08 08:00:00,2711.0181791254554,2767.7233889822996,2313.3207559766747
forecast_4521,2025-07-08 09:00:00,2704.4685197887097,2619.0072888935706,2243.2707042393085
forecast_4522,2025-07-08 10:00:00,2633.6269401632303,2503.5576899884372,2243.2707042393085
forecast_4523,2025-07-08 11:00:00,2574.5122269150006,2503.5576899884372,2199.4511045727713
forecast_4524,2025-07-08 12:00:00,2574.5122269150006,2563.9957740591444,2262.178953231244
forecast_4525,2025-07-08 13:00:00,2650.935271138573,2594.0836520380544,2284.17743072636
forecast_4526,2025-07-08 14:00:00,2685.5916852758937,2594.0836520380544,2284.17743072636
forecast_4527,2025-07-08 15:00:00,2650.935271138573,2594.0836520380544,2220.168222910905
forecast_4528,2025-07-08 16:00:00,2683.0601129348197,2641.767673643625,2220.168222910905
forecast_4529,2025-07-08 17:00:00,2679.401327399849,2539.3007568011044,2185.674975600557
forecast_4530,2025-07-08 18:00:00,2683.0601129348197,2641.767673643625,2324.1309649164186
forecast_4531,2025-07-08 19:00:00,2947.4676076395904,2694.681226016174,2491.939518027165
forecast_4532,2025-07-08 20:00:00,2947.4676076395904,2892.8314462996846,2521.819377976312
forecast_4533,2025-07-08 21:00:00,3057.963323851577,3074.6508579124115,2755.5304319190127
forecast_4534,2025-07-08 22:00:00,3371.1638629097883,3330.8438278637686,2872.497694162269
forecast_4535,2025-07-08 23:00:00,3371.1638629097883,3405.514073354202,2872.497694162269
forecast_4536,2025-07-09 00:00:00,3333.2006461127253,3509.5698802526763,2926.707480527432
forecast_4537,2025-07-09 01:00:00,3071.290128923877,2939.600080311441,2511.2001603144668
forecast_4538,2025-07-09 02:00:00,3060.157263720261,2933.9444334992886,2421.8728187184274
forecast_4539,2025-07-09 03:00:00,2948.117648743568,2933.9444334992886,2421.8728187184274
forecast_4540,2025-07-09 04:00:00,2948.117648743568,3384.9669019700823,2572.624863319451
forecast_4541,2025-07-09 05:00:00,2982.6208650302697,3384.9669019700823,2572.624863319451
forecast_4542,2025-07-09 06:00:00,3013.871013154778,3359.9216580269117,2562.773153288708
forecast_4543,2025-07-09 07:00:00,3013.871013154778,3327.6341227966973,2516.218125725571
forecast_4544,2025-07-09 08:00:00,2948.936527111621,3166.372229529721,2478.7088587172775
forecast_4545,2025-07-09 09:00:00,2856.2639734658574,3138.218854395298,2410.6580771447084
forecast_4546,2025-07-09 10:00:00,2764.3482770024625,2788.5737703735,2353.274439497057
forecast_4547,2025-07-09 11:00:00,2749.787280986493,2568.1005266995317,2353.274439497057
forecast_4548,2025-07-09 12:00:00,2748.5268626508514,2568.1005266995317,2353.274439497057
forecast_4549,2025-07-09 13:00:00,2749.787280986493,2542.579277815371,2331.9563083295798
forecast_4550,2025-07-09 14:00:00,2892.8251447863386,2594.561068633393,2331.9563083295798
forecast_4551,2025-07-09 15:00:00,2892.8251447863386,2542.579277815371,2303.0132707910584
forecast_4552,2025-07-09 16:00:00,2799.9179210958328,2616.3089202554424,2144.458238449814
forecast_4553,2025-07-09 17:00:00,2799.9179210958328,2616.8855898296288,2111.0786811152116
forecast_4554,2025-07-09 18:00:00,2885.035529000129,2666.4991244998732,2111.0786811152116
forecast_4555,2025-07-09 19:00:00,3197.1695807256538,2994.023721102538,2446.7163246317623
forecast_4556,2025-07-09 20:00:00,3388.624877012074,3339.892167448163,2516.5882126601873
forecast_4557,2025-07-09 21:00:00,3409.5272209549826,3544.066110629688,2633.3956783373587
forecast_4558,2025-07-09 22:00:00,3935.5265303430488,4127.665061172114,3046.9034437966525
forecast_4559,2025-07-09 23:00:00,3956.686465764999,4127.665061172114,3046.9034437966525
forecast_4560,2025-07-10 00:00:00,3979.5424534599315,4074.1206648706825,3045.984585634718
forecast_4561,2025-07-10 01:00:00,3695.550573888895,3893.047106986759,2699.391559263039
forecast_4562,2025-07-10 02:00:00,3584.3569153805474,3900.128564337864,2627.28331111629
forecast_4563,2025-07-10 03:00:00,3448.601043796864,3900.128564337864,2614.7106247958786
forecast_4564,2025-07-10 04:00:00,3448.601043796864,4004.716631975417,2614.7106247958786
forecast_4565,2025-07-10 05:00:00,3577.72947102293,4793.610912946546,3130.0234430083033
forecast_4566,2025-07-10 06:00:00,4276.685382859878,5490.307320224219,3802.2225137107007
forecast_4567,2025-07-10 07:00:00,4685.928205101442,5820.409113328849,3927.543405754688
forecast_4568,2025-07-10 08:00:00,4736.851661692291,6259.199585136908,4094.233183649957
forecast_4569,2025-07-10 09:00:00,4685.928205101442,6678.178150352011,4841.9050698501
forecast_4570,2025-07-10 10:00:00,4619.27286145699,6678.178150352011,4841.9050698501
forecast_4571,2025-07-10 11:00:00,4458.794307284939,5237.288600611071,3991.614194824245
forecast_4572,2025-07-10 12:00:00,4323.531704738867,4548.2189154893895,3641.2200229366726
forecast_4573,2025-07-10 13:00:00,4108.671340690625,4257.898797008931,3359.624812233148
forecast_4574,2025-07-10 14:00:00,4108.671340690625,4257.898797008931,3344.7571227717185
forecast_4575,2025-07-10 15:00:00,4128.564373472737,4257.898797008931,3344.7571227717185
forecast_4576,2025-07-10 16:00:00,4128.564373472737,4079.7453292255414,3114.712727473159
forecast_4577,2025-07-10 17:00:00,4159.677961743269,4079.7453292255414,3114.712727473159
forecast_4578,2025-07-10 18:00:00,4159.677961743269,4579.5763320121305,3444.7102364925886
forecast_4579,2025-07-10 19:00:00,4411.4952471193865,5203.140416961263,3821.2776628944694
forecast_4580,2025-07-10 20:00:00,5035.59160529605,5871.932793852684,4207.973053738241
forecast_4581,2025-07-10 21:00:00,5303.506565953385,7244.4738637033715,4941.640036434057
forecast_4582,2025-07-10 22:00:00,6035.156258710796,7790.570874662722,5187.981985833561
forecast_4583,2025-07-10 23:00:00,6105.160498849863,7828.115256172062,5332.125295252852
forecast_4584,2025-07-11 00:00:00,6104.1004395606715,8239.98012634623,5658.836000723965
forecast_4585,2025-07-11 01:00:00,6033.237398280094,8525.011223686368,6426.32785799366
forecast_4586,2025-07-11 02:00:00,5894.840555355996,8459.161497063931,6168.460634453319
forecast_4587,2025-07-11 03:00:00,5851.537357834806,8260.822587587487,6152.186571630756
forecast_4588,2025-07-11 04:00:00,5894.840555355996,8260.822587587487,6152.186571630756
forecast_4589,2025-07-11 05:00:00,6523.581667619239,8619.606664229239,6346.795987456609
forecast_4590,2025-07-11 06:00:00,6543.935166021692,8772.15619130323,6582.864210617698
forecast_4591,2025-07-11 07:00:00,6735.238601637642,9058.83224972355,6700.945607757043
forecast_4592,2025-07-11 08:00:00,6735.238601637642,9058.83224972355,6745.659138326184
forecast_4593,2025-07-11 09:00:00,6537.819448741591,8998.469886123057,6745.659138326184
forecast_4594,2025-07-11 10:00:00,5511.390085243989,7512.947372036474,4812.389678932906
forecast_4595,2025-07-11 11:00:00,5511.390085243989,7011.662156708093,4812.389678932906
forecast_4596,2025-07-11 12:00:00,5677.970385390085,6668.263064032988,5045.106018617708
forecast_4597,2025-07-11 13:00:00,5677.970385390085,6668.263064032988,5045.106018617708
forecast_4598,2025-07-11 14:00:00,5366.364950580582,4493.433993400006,4273.658429728447
forecast_4599,2025-07-11 15:00:00,4035.7890238366535,3780.893094485985,3273.84566853787
forecast_4600,2025-07-11 16:00:00,4018.552801929499,3774.7992331725654,3165.506956433648
forecast_4601,2025-07-11 17:00:00,4018.552801929499,3774.7992331725654,3165.506956433648
forecast_4602,2025-07-11 18:00:00,4320.0083632773285,4955.566610679067,3748.2691963589737
forecast_4603,2025-07-11 19:00:00,4668.375979917165,5492.804643196349,4086.5055827038086
forecast_4604,2025-07-11 20:00:00,5701.6325129823435,6286.970279947645,4700.6286405521805
forecast_4605,2025-07-11 21:00:00,5792.176509550765,6313.309313673112,4700.6286405521805
forecast_4606,2025-07-11 22:00:00,6104.673454056591,6522.538777041852,5067.169396641073
forecast_4607,2025-07-11 23:00:00,6104.673454056591,6522.538777041852,5021.223804601664
forecast_4608,2025-07-12 00:00:00,6109.445450881976,6586.066075811629,5044.196600621368
forecast_4609,2025-07-12 01:00:00,5683.198448544315,6728.11985117341,5106.957227488356
forecast_4610,2025-07-12 02:00:00,4949.8897440056335,5412.78236465654,4060.295227210331
forecast_4611,2025-07-12 03:00:00,4258.6758253548305,4838.09653703144,3536.1263497090645
forecast_4612,2025-07-12 04:00:00,4018.703674838599,4245.735149752601,3221.628517498004
forecast_4613,2025-07-12 05:00:00,3985.9860080620006,4061.3125491528344,3123.3181249115073
forecast_4614,2025-07-12 06:00:00,3906.584011643254,3785.759437837593,3007.2271625190415
forecast_4615,2025-07-12 07:00:00,3551.9522963828617,3626.4772431288097,2977.4992557687337
forecast_4616,2025-07-12 08:00:00,3191.0024882785974,3200.3818289676174,2596.4306587599735
forecast_4617,2025-07-12 09:00:00,3097.8443486853357,2984.8857062522443,2436.0494714238876
forecast_4618,2025-07-12 10:00:00,2876.9392926976816,2716.711040929935,2381.217128159864
forecast_4619,2025-07-12 11:00:00,2701.3313344182766,2572.9222017565544,2324.176190293337
forecast_4620,2025-07-12 12:00:00,2650.48014030562,2440.7107331065026,2285.737966828631
forecast_4621,2025-07-12 13:00:00,2650.48014030562,2392.1406922799893,2285.737966828631
forecast_4622,2025-07-12 14:00:00,2745.783023734113,2366.9208695287653,2275.318992480303
forecast_4623,2025-07-12 15:00:00,2745.9395222512003,2245.6218212052086,2275.318992480303
forecast_4624,2025-07-12 16:00:00,2745.783023734113,2169.2412920400516,2157.8195135984597
forecast_4625,2025-07-12 17:00:00,2813.9141976432525,2169.2412920400516,2157.8195135984597
forecast_4626,2025-07-12 18:00:00,2841.616494838896,2388.0747579076033,2205.3210077908757
forecast_4627,2025-07-12 19:00:00,3094.112011437469,2657.7255256238,2589.0409291177198
forecast_4628,2025-07-12 20:00:00,3316.467362243663,2990.9440768064114,2798.4532642749587
forecast_4629,2025-07-12 21:00:00,3760.666564031785,3315.050379238384,2923.6374384249802
forecast_4630,2025-07-12 22:00:00,4802.3984631079875,3773.813566591974,3529.53512629079
forecast_4631,2025-07-12 23:00:00,4837.0380918662,3895.3302532837392,3734.679531317669
forecast_4632,2025-07-13 00:00:00,5045.442724363296,3935.363700471461,3739.252236798161
forecast_4633,2025-07-13 01:00:00,3829.0549132631695,3676.4335730406983,2875.3989010864143
forecast_4634,2025-07-13 02:00:00,3569.2474853104186,3593.048803486358,2693.2532649073664
forecast_4635,2025-07-13 03:00:00,3523.3446945591704,3432.9045203302135,2574.326786235725
forecast_4636,2025-07-13 04:00:00,2938.354653507645,3085.798244000195,2288.390633835364
forecast_4637,2025-07-13 05:00:00,2935.1938862378206,2943.493095792911,2239.3428417675923
forecast_4638,2025-07-13 06:00:00,2938.354653507645,3046.2080169369347,2288.390633835364
forecast_4639,2025-07-13 07:00:00,2838.633741649098,2943.493095792911,2372.726539224798
forecast_4640,2025-07-13 08:00:00,2972.857059341568,2900.011898696179,2404.6946933319336
forecast_4641,2025-07-13 09:00:00,2888.4987965840683,2787.396960461989,2420.4037919822463
forecast_4642,2025-07-13 10:00:00,2888.4987965840683,2728.5239292665706,2420.4037919822463
forecast_4643,2025-07-13 11:00:00,2729.4809022515374,2556.9498734713557,2328.3869403026133
forecast_4644,2025-07-13 12:00:00,2703.0211284480833,2516.4507529964394,2301.1252885080858
forecast_4645,2025-07-13 13:00:00,2703.0211284480833,2508.408343747908,2224.9491020257688
forecast_4646,2025-07-13 14:00:00,2703.0211284480833,2516.4507529964394,2224.9491020257688
forecast_4647,2025-07-13 15:00:00,2753.150014882381,2876.129173119795,2320.8159946890237
forecast_4648,2025-07-13 16:00:00,2989.6695066683633,3078.44205425863,2418.608792373509
forecast_4649,2025-07-13 17:00:00,3468.519341932316,3795.8849971516574,2985.020537485458
forecast_4650,2025-07-13 18:00:00,3919.9635192609303,4200.450620916024,3335.960325668207
forecast_4651,2025-07-13 19:00:00,3919.9635192609303,4200.450620916024,3335.960325668207
forecast_4652,2025-07-13 20:00:00,3683.5302763321974,4147.5375353824675,3081.7280821922213
forecast_4653,2025-07-13 21:00:00,3683.5302763321974,4147.5375353824675,3081.7280821922213
forecast_4654,2025-07-13 22:00:00,4254.499640426117,4279.402835609387,3957.3601869448785
forecast_4655,2025-07-13 23:00:00,4850.75089853341,5500.645681203362,4817.354764511203
forecast_4656,2025-07-14 00:00:00,5032.8406902038705,5577.417070724136,4818.574142205787
forecast_4657,2025-07-14 01:00:00,5171.349302299666,5270.673546226437,4586.849064402011
forecast_4658,2025-07-14 02:00:00,5519.058466917032,5489.832010942187,4832.51589236389
forecast_4659,2025-07-14 03:00:00,6116.426800007368,5700.223266472775,4832.51589236389
forecast_4660,2025-07-14 04:00:00,6251.850846801886,5700.223266472775,4451.353235044457
forecast_4661,2025-07-14 05:00:00,6391.606151881812,5700.223266472775,4451.353235044457
forecast_4662,2025-07-14 06:00:00,6641.649077974129,5889.780265166499,4355.5792529187775
forecast_4663,2025-07-14 07:00:00,6641.649077974129,5963.028667086144,4329.314224961412
forecast_4664,2025-07-14 08:00:00,6197.384395542775,5889.780265166499,4320.958661456991
forecast_4665,2025-07-14 09:00:00,6062.843739806954,5308.669248210386,3962.9898441629693
forecast_4666,2025-07-14 10:00:00,5944.365682130581,5308.669248210386,3962.9898441629693
forecast_4667,2025-07-14 11:00:00,5894.475034869116,5490.204986997394,4174.261730269764
forecast_4668,2025-07-14 12:00:00,5944.365682130581,5901.641249522827,4218.576626692535
forecast_4669,2025-07-14 13:00:00,5870.675376623232,5490.204986997394,4218.576626692535
forecast_4670,2025-07-14 14:00:00,6051.638200708954,5901.641249522827,4253.444702127549
forecast_4671,2025-07-14 15:00:00,6855.552411103487,6311.185302245744,4868.010343599604
forecast_4672,2025-07-14 16:00:00,6906.855934489727,6614.892659980396,5348.906883410448
forecast_4673,2025-07-14 17:00:00,7536.401161295382,6638.730490270564,5496.126787336301
forecast_4674,2025-07-14 18:00:00,7621.039648322479,6953.784839486111,5516.0284648034085
forecast_4675,2025-07-14 19:00:00,7621.039648322479,7515.164655518555,5893.8804838194665
forecast_4676,2025-07-14 20:00:00,7207.906359615287,7515.164655518555,5893.8804838194665
forecast_4677,2025-07-14 21:00:00,6993.710292129059,7515.164655518555,5893.8804838194665
forecast_4678,2025-07-14 22:00:00,6993.710292129059,7538.697251177304,6130.83977773586
forecast_4679,2025-07-14 23:00:00,8444.484738538766,8673.074733783727,7918.299622788558
forecast_4680,2025-07-15 00:00:00,8884.005832671224,9045.32620806095,8126.393405264454
forecast_4681,2025-07-15 01:00:00,12185.410198535197,12608.853559600197,11431.787803778341
forecast_4682,2025-07-15 02:00:00,11913.653568584305,12169.74126589845,10975.155216713878
forecast_4683,2025-07-15 03:00:00,10936.671419361073,11030.647116146702,9954.90913628061
forecast_4684,2025-07-15 04:00:00,10396.80214716517,10905.967958169213,9632.952372395288
forecast_4685,2025-07-15 05:00:00,10097.152339367616,9972.71338629171,8318.582460019017
forecast_4686,2025-07-15 06:00:00,9877.693840905335,9915.359617236818,7929.662289178465
forecast_4687,2025-07-15 07:00:00,9877.693840905335,8443.080207172296,7012.964372471981
forecast_4688,2025-07-15 08:00:00,7672.757521838916,7277.858500170337,6270.28431646191
forecast_4689,2025-07-15 09:00:00,6998.879513053168,6528.750734991629,5195.928865144032
forecast_4690,2025-07-15 10:00:00,6428.364741971282,5805.943776318789,4677.511000239767
forecast_4691,2025-07-15 11:00:00,5071.319620711623,4670.305987265745,3990.630594605985
forecast_4692,2025-07-15 12:00:00,4573.798123969256,4578.4568988796655,3751.7969330018577
forecast_4693,2025-07-15 13:00:00,4573.798123969256,4578.4568988796655,3751.7969330018577
forecast_4694,2025-07-15 14:00:00,5135.354017905995,5377.581724384088,4159.715055625444
forecast_4695,2025-07-15 15:00:00,5637.5479829531705,5577.474751030635,4224.592001014191
forecast_4696,2025-07-15 16:00:00,5637.5479829531705,5577.474751030635,4224.592001014191
forecast_4697,2025-07-15 17:00:00,5078.918513308812,5088.442943678356,4201.228972086815
forecast_4698,2025-07-15 18:00:00,4900.447544334883,5088.442943678356,4201.228972086815
forecast_4699,2025-07-15 19:00:00,4900.447544334883,5274.045198241768,4456.492216525932
forecast_4700,2025-07-15 20:00:00,5163.37403197993,5679.988253889621,4490.843550733477
forecast_4701,2025-07-15 21:00:00,5816.073797490097,6444.204138575832,4493.139836444546
forecast_4702,2025-07-15 22:00:00,6467.097438613101,7673.841387247989,5153.966805053922
forecast_4703,2025-07-15 23:00:00,6560.448969853222,8005.649190454375,5395.221266559222
forecast_4704,2025-07-16 00:00:00,6662.413258122426,8682.111460911117,5582.551159179437
forecast_4705,2025-07-16 01:00:00,12443.270036947051,13858.131749524608,11367.45980491376
forecast_4706,2025-07-16 02:00:00,12565.4746271872,14183.76912704208,11516.143801312652
forecast_4707,2025-07-16 03:00:00,13361.10950198597,14958.026148838744,13104.293491480314
forecast_4708,2025-07-16 04:00:00,13801.628433821868,14958.026148838744,13104.293491480314
forecast_4709,2025-07-16 05:00:00,13801.628433821868,14578.923226162626,12943.993105923713
forecast_4710,2025-07-16 06:00:00,12768.402264742548,13149.726588090503,11515.2800641037
forecast_4711,2025-07-16 07:00:00,10720.450648218126,12292.931603066565,10100.590527316534
forecast_4712,2025-07-16 08:00:00,10409.469511364756,11595.189363027155,9269.034320843046
forecast_4713,2025-07-16 09:00:00,7741.591552425465,7229.204786449704,6274.144941349914
forecast_4714,2025-07-16 10:00:00,6669.881368097318,5758.719566273399,5164.143007019034
forecast_4715,2025-07-16 11:00:00,5304.853414396141,5523.338154475476,4646.326755987889
forecast_4716,2025-07-16 12:00:00,5304.853414396141,5053.798902971379,4192.870049811698
forecast_4717,2025-07-16 13:00:00,4946.361426446815,5053.798902971379,4192.870049811698
forecast_4718,2025-07-16 14:00:00,4946.361426446815,6461.59234769478,4266.901084939123
forecast_4719,2025-07-16 15:00:00,4105.386490879076,6491.021467896768,4266.901084939123
forecast_4720,2025-07-16 16:00:00,4105.386490879076,6491.021467896768,4266.901084939123
forecast_4721,2025-07-16 17:00:00,4307.0243437716845,6696.792604215649,4354.97707172144
forecast_4722,2025-07-16 18:00:00,4956.726751869044,6696.792604215649,4517.2619478229635
forecast_4723,2025-07-16 19:00:00,5418.063387418487,6684.40470861272,4517.2619478229635
forecast_4724,2025-07-16 20:00:00,6082.97495099198,6684.40470861272,4727.173864105958
forecast_4725,2025-07-16 21:00:00,6264.192626159154,8108.340732028664,5495.497038119827
forecast_4726,2025-07-16 22:00:00,8359.178930395106,9244.842695118175,7289.612911688831
forecast_4727,2025-07-16 23:00:00,9758.50235543723,11874.272769481124,9475.772413228236
forecast_4728,2025-07-17 00:00:00,9860.034925147382,12409.815676774193,9813.982597594359
forecast_4729,2025-07-17 01:00:00,12906.326140589581,14129.275656506401,13171.586246024955
forecast_4730,2025-07-17 02:00:00,12739.763156616831,14218.010303365983,12798.349057092759
forecast_4731,2025-07-17 03:00:00,12323.351522870966,14328.728258311847,12798.349057092759
forecast_4732,2025-07-17 04:00:00,12108.616561758405,14463.58156073464,12854.608715020828
forecast_4733,2025-07-17 05:00:00,11688.593277876016,14463.58156073464,12854.608715020828
forecast_4734,2025-07-17 06:00:00,11688.593277876016,13879.28765935463,12047.76279399689
forecast_4735,2025-07-17 07:00:00,11759.125024198129,13879.28765935463,12047.76279399689
forecast_4736,2025-07-17 08:00:00,11926.172692403292,13678.991261061587,12645.33415606252
forecast_4737,2025-07-17 09:00:00,12165.331460652058,13717.30706699127,13115.369241611541
forecast_4738,2025-07-17 10:00:00,12220.121066233896,13717.30706699127,13161.31833963391
forecast_4739,2025-07-17 11:00:00,12220.121066233896,13717.30706699127,13161.31833963391
forecast_4740,2025-07-17 12:00:00,11279.973068032608,11818.265634751815,10610.47581628318
forecast_4741,2025-07-17 13:00:00,10743.269014955715,11569.670265876326,9878.861447928412
forecast_4742,2025-07-17 14:00:00,10445.13148476971,11477.291003277212,9264.781474227113
forecast_4743,2025-07-17 15:00:00,10000.747053922087,11081.272137206708,8940.954970961184
forecast_4744,2025-07-17 16:00:00,9351.398861713862,10610.877139677055,7659.372385366614
forecast_4745,2025-07-17 17:00:00,8590.806300813445,9665.903142913541,6673.1336277259015
forecast_4746,2025-07-17 18:00:00,8486.017986625908,9665.903142913541,6673.1336277259015
forecast_4747,2025-07-17 19:00:00,8314.655097036117,10107.351311779777,7016.50053263343
forecast_4748,2025-07-17 20:00:00,8314.655097036117,10149.542656199565,7266.863351230492
forecast_4749,2025-07-17 21:00:00,8314.655097036117,12066.159038914371,8355.989851758113
forecast_4750,2025-07-17 22:00:00,8814.140618488816,12353.547714648166,8417.413447317513
forecast_4751,2025-07-17 23:00:00,9093.454385286579,12529.486467860774,8417.413447317513
forecast_4752,2025-07-18 00:00:00,9333.400759877586,12643.855970265082,8980.597792550694
forecast_4753,2025-07-18 01:00:00,11509.505701930502,13477.058699661156,11828.855951184869
forecast_4754,2025-07-18 02:00:00,11436.416910299513,13359.669947174403,11844.839015075684
forecast_4755,2025-07-18 03:00:00,11251.241459918932,13308.483286386452,10683.899679105027
forecast_4756,2025-07-18 04:00:00,10352.35807847245,13308.483286386452,10683.899679105027
forecast_4757,2025-07-18 05:00:00,10067.467410332041,12482.310325528637,9151.117314580355
forecast_4758,2025-07-18 06:00:00,9660.315813205545,12482.310325528637,9151.117314580355
forecast_4759,2025-07-18 07:00:00,9429.728453297492,11552.746168666396,8851.50702707868
forecast_4760,2025-07-18 08:00:00,8449.186765741477,11267.930050072475,8450.977824278303
forecast_4761,2025-07-18 09:00:00,7856.188127457239,11201.958078518335,7891.5778278598855
forecast_4762,2025-07-18 10:00:00,7460.592916659016,10271.005333035937,7459.810588396083
forecast_4763,2025-07-18 11:00:00,5315.810353559962,7206.808830804749,5023.545442310075
forecast_4764,2025-07-18 12:00:00,4062.119981674371,5969.860306713564,3973.0201097445606
forecast_4765,2025-07-18 13:00:00,4062.119981674371,4059.588730294895,3228.6919791285573
forecast_4766,2025-07-18 14:00:00,4152.2757484261665,4059.588730294895,3228.6919791285573
forecast_4767,2025-07-18 15:00:00,4844.555531020087,5097.55811775458,3318.894922455347
forecast_4768,2025-07-18 16:00:00,5435.236986600725,6291.988223524507,4708.141002297506
forecast_4769,2025-07-18 17:00:00,5786.240011886652,7120.275631580614,5174.014834892425
forecast_4770,2025-07-18 18:00:00,6833.239993234811,7835.463285466003,5527.784356993276
forecast_4771,2025-07-18 19:00:00,7018.923244013742,8628.448916742498,5984.065180681693
forecast_4772,2025-07-18 20:00:00,7040.297117667835,9360.998294906673,6161.68840198728
forecast_4773,2025-07-18 21:00:00,7519.496273553719,10080.694899183309,6715.9329183141845
forecast_4774,2025-07-18 22:00:00,7519.496273553719,10102.437691621013,7476.400392943353
forecast_4775,2025-07-18 23:00:00,7677.49629916618,11722.096696879584,7855.76595361338
forecast_4776,2025-07-19 00:00:00,7402.412414242564,12032.268742096558,8222.366678676326
forecast_4777,2025-07-19 01:00:00,6385.793365122883,8334.383276446468,6429.513642294434
forecast_4778,2025-07-19 02:00:00,6114.861767656992,8044.83148107351,6115.836318517364
forecast_4779,2025-07-19 03:00:00,5883.5717534642445,7569.3210277306225,5383.048355216937
forecast_4780,2025-07-19 04:00:00,5674.018767356729,7350.498567008648,5269.6460899320045
forecast_4781,2025-07-19 05:00:00,5754.761305092918,6004.197309557468,4434.536319331064
forecast_4782,2025-07-19 06:00:00,5674.018767356729,6004.197309557468,4434.536319331064
forecast_4783,2025-07-19 07:00:00,5595.004788292973,7730.394457127021,5034.383697018576
forecast_4784,2025-07-19 08:00:00,5595.004788292973,7730.394457127021,5260.367357172874
forecast_4785,2025-07-19 09:00:00,5660.921463706293,7654.313599472727,5260.367357172874
forecast_4786,2025-07-19 10:00:00,6046.863869009576,7654.313599472727,5736.357438969261
forecast_4787,2025-07-19 11:00:00,7898.039939783734,10842.389647557638,7708.335669662648
forecast_4788,2025-07-19 12:00:00,7898.039939783734,10842.389647557638,7829.300766656273
forecast_4789,2025-07-19 13:00:00,8200.99695790994,11304.304154204383,8948.611936887206
forecast_4790,2025-07-19 14:00:00,8471.123962730215,11304.304154204383,8963.501486300098
forecast_4791,2025-07-19 15:00:00,8669.863395161863,11304.304154204383,9440.26053940553
forecast_4792,2025-07-19 16:00:00,8669.863395161863,11291.926294433984,9440.26053940553
forecast_4793,2025-07-19 17:00:00,8654.763027470877,10518.014242554305,8918.864276100654
forecast_4794,2025-07-19 18:00:00,8654.763027470877,10518.014242554305,8793.523481983339
forecast_4795,2025-07-19 19:00:00,8804.161821403459,10659.563839341668,8793.523481983339
forecast_4796,2025-07-19 20:00:00,9631.166430325009,12041.95985826066,10031.048300258222
forecast_4797,2025-07-19 21:00:00,9692.38497896153,12195.07814653379,10061.25542643046
forecast_4798,2025-07-19 22:00:00,9843.218208468681,12916.152563367074,10052.048625853438
forecast_4799,2025-07-19 23:00:00,9843.218208468681,12916.152563367074,10052.048625853438
forecast_4800,2025-07-20 00:00:00,9133.648587236588,12262.735610886608,9489.526018676654
forecast_4801,2025-07-20 01:00:00,12085.822641501814,13712.106840116354,12771.887586353549
forecast_4802,2025-07-20 02:00:00,11896.384207171914,13314.026915131191,12533.105783525936
forecast_4803,2025-07-20 03:00:00,11531.802749449242,12951.384596624423,11117.181791681705
forecast_4804,2025-07-20 04:00:00,11206.690095360731,12735.580677462814,11094.914643026055
forecast_4805,2025-07-20 05:00:00,10623.451354098297,12671.416852838667,9694.961970181714
forecast_4806,2025-07-20 06:00:00,9608.884696821437,12077.206845048291,9069.618682929115
forecast_4807,2025-07-20 07:00:00,9332.11548764303,11797.45454250927,8971.356479150298
forecast_4808,2025-07-20 08:00:00,8420.561646876955,10874.264973708463,8004.827915068532
forecast_4809,2025-07-20 09:00:00,7657.452977342031,10287.676702417499,7693.660619910096
forecast_4810,2025-07-20 10:00:00,7160.42735055674,8586.196307542024,6824.8370750071645
forecast_4811,2025-07-20 11:00:00,6573.518800084616,7097.02054829775,6093.573603981561
forecast_4812,2025-07-20 12:00:00,6484.52573051935,6794.716585506232,5726.400766336723
forecast_4813,2025-07-20 13:00:00,5900.7054475937675,6695.826739547755,5693.40461755179
forecast_4814,2025-07-20 14:00:00,5827.692098198292,6463.333657636674,5514.362354766765
forecast_4815,2025-07-20 15:00:00,5408.796975930341,6455.380529255783,5145.51058592641
forecast_4816,2025-07-20 16:00:00,5255.888434599587,6114.116564867245,4748.917818194337
forecast_4817,2025-07-20 17:00:00,4873.700789310171,5836.3911893258,4459.719168480316
forecast_4818,2025-07-20 18:00:00,4873.700789310171,5836.3911893258,4459.719168480316
forecast_4819,2025-07-20 19:00:00,5634.818829937034,6340.524554971134,5292.771082338988
forecast_4820,2025-07-20 20:00:00,7544.095757369287,8547.440376217142,7242.903887070725
forecast_4821,2025-07-20 21:00:00,9090.16323313936,11266.341267019707,9024.962368865403
forecast_4822,2025-07-20 22:00:00,10345.661599195577,13363.87178358669,11236.161206066312
forecast_4823,2025-07-20 23:00:00,10466.47491444692,13363.87178358669,11236.161206066312
forecast_4824,2025-07-21 00:00:00,10510.003790791654,13254.192926494656,11160.054183429613
forecast_4825,2025-07-21 01:00:00,11494.03207123711,12074.566719589326,10200.897218102606
forecast_4826,2025-07-21 02:00:00,11523.076452943804,12192.452805673785,10230.761522140689
forecast_4827,2025-07-21 03:00:00,11287.770309629766,12192.452805673785,10171.032914064523
forecast_4828,2025-07-21 04:00:00,10732.342033993413,11878.47647261533,9277.139963678157
forecast_4829,2025-07-21 05:00:00,10732.342033993413,11338.75844943903,8314.842787566648
forecast_4830,2025-07-21 06:00:00,10429.036538207036,10357.266585623958,8008.944729907498
forecast_4831,2025-07-21 07:00:00,10383.93631679771,10107.645997364196,7839.36844780209
forecast_4832,2025-07-21 08:00:00,9412.12584476628,9686.603733056985,7698.444533338437
forecast_4833,2025-07-21 09:00:00,9291.04423714106,8953.549404584166,7034.662828294522
forecast_4834,2025-07-21 10:00:00,7123.723499182871,6731.765534964475,5635.718548452505
forecast_4835,2025-07-21 11:00:00,6378.143436877777,6126.142481392781,5161.774180627315
forecast_4836,2025-07-21 12:00:00,5720.5183735385435,5719.927891611024,4862.679832851631
forecast_4837,2025-07-21 13:00:00,5479.854884521032,5532.474852118374,4789.722125003596
forecast_4838,2025-07-21 14:00:00,5464.464444336869,5189.955907800866,4728.035079062054
forecast_4839,2025-07-21 15:00:00,5016.555759047374,5532.474852118374,4502.142185677061
forecast_4840,2025-07-21 16:00:00,5016.555759047374,5554.20541570818,4399.260804479209
forecast_4841,2025-07-21 17:00:00,6016.884846278075,5739.016675237252,4353.029069591682
forecast_4842,2025-07-21 18:00:00,6052.76953929854,5775.896316841713,4399.260804479209
forecast_4843,2025-07-21 19:00:00,8327.461636484935,8106.922036540925,6476.47031870326
forecast_4844,2025-07-21 20:00:00,11108.079766967185,11110.725182662432,9642.528690979363
forecast_4845,2025-07-21 21:00:00,12387.100046796864,12214.81316469145,10797.133208372717
forecast_4846,2025-07-21 22:00:00,14153.636069824828,13683.30493932035,12493.722654427665
forecast_4847,2025-07-21 23:00:00,14153.636069824828,13683.30493932035,12493.722654427665
forecast_4848,2025-07-22 00:00:00,13589.898213694389,13409.871516450949,12095.284037976518
forecast_4849,2025-07-22 01:00:00,13735.809581565332,13261.603348134138,12216.208486600419
forecast_4850,2025-07-22 02:00:00,14078.944804558827,13476.25744854424,12895.281945371886
forecast_4851,2025-07-22 03:00:00,14078.944804558827,13476.25744854424,12895.281945371886
forecast_4852,2025-07-22 04:00:00,13310.25549799933,13378.248415794838,12013.055197805019
forecast_4853,2025-07-22 05:00:00,13310.25549799933,13378.248415794838,11763.459439172302
forecast_4854,2025-07-22 06:00:00,13194.458509102467,13378.248415794838,11689.080247216074
forecast_4855,2025-07-22 07:00:00,12278.74658845281,12533.184307477288,9784.000414563863
forecast_4856,2025-07-22 08:00:00,10498.858158329738,10944.543634598083,8629.905542967877
forecast_4857,2025-07-22 09:00:00,8591.452343720608,9302.578550348888,7169.44230546114
forecast_4858,2025-07-22 10:00:00,5835.218711947804,5407.893093737701,4213.961298181604
forecast_4859,2025-07-22 11:00:00,4560.339870667311,4660.969679770855,3433.404926456021
forecast_4860,2025-07-22 12:00:00,4062.9073798692116,3881.4418926663893,3170.8359107145507
forecast_4861,2025-07-22 13:00:00,3677.3365883888277,3793.932874699254,3084.8657462769634
forecast_4862,2025-07-22 14:00:00,3677.3365883888277,3190.5645452708204,2669.7440553278147
forecast_4863,2025-07-22 15:00:00,3780.5047362807572,3793.932874699254,3030.129944128961
forecast_4864,2025-07-22 16:00:00,3780.5047362807572,3190.5645452708204,2758.5916257892973
forecast_4865,2025-07-22 17:00:00,3784.219358531,3307.8504486975944,2951.9985697736583
forecast_4866,2025-07-22 18:00:00,3784.219358531,3307.8504486975944,2951.9985697736583
forecast_4867,2025-07-22 19:00:00,3907.3478940426307,3902.1850924473038,3335.9196852511727
forecast_4868,2025-07-22 20:00:00,5179.4487065129115,5023.912972537429,4189.676982386532
forecast_4869,2025-07-22 21:00:00,5926.642921793897,6045.253620502056,4358.229573723831
forecast_4870,2025-07-22 22:00:00,8234.844851548285,7659.901360278129,5880.703967574484
forecast_4871,2025-07-22 23:00:00,9588.748136071828,8538.73158872221,6688.8162027909975
forecast_4872,2025-07-23 00:00:00,9675.11888962132,8596.898177904075,6743.367778018943
forecast_4873,2025-07-23 01:00:00,9194.156207444401,8560.363740437717,6600.086339550019
forecast_4874,2025-07-23 02:00:00,9285.0245390923,9121.744255472144,6974.157217570457
forecast_4875,2025-07-23 03:00:00,10508.537731142018,10378.511763451494,7442.634913081172
forecast_4876,2025-07-23 04:00:00,10508.537731142018,10378.511763451494,7442.634913081172
forecast_4877,2025-07-23 05:00:00,8200.702777478473,9150.014232862388,6308.957575888931
forecast_4878,2025-07-23 06:00:00,7248.124856482403,6865.855835275732,5477.576589702191
forecast_4879,2025-07-23 07:00:00,6064.514444667594,5336.262168277699,4038.4119423309166
forecast_4880,2025-07-23 08:00:00,4596.676204790337,4454.001361914069,3464.467036138905
forecast_4881,2025-07-23 09:00:00,3239.6703624133415,3172.143436192203,2682.071351243092
forecast_4882,2025-07-23 10:00:00,2781.0464627972738,2655.513619912641,2211.473343639539
forecast_4883,2025-07-23 11:00:00,2555.305933086723,2468.7587760233027,2078.2170771210617
forecast_4884,2025-07-23 12:00:00,2509.461288384643,2390.802374424009,1951.0255713569109
forecast_4885,2025-07-23 13:00:00,2491.456773029239,2343.323009334473,1951.0255713569109
forecast_4886,2025-07-23 14:00:00,2509.461288384643,2239.0688693222883,2053.4401560948727
forecast_4887,2025-07-23 15:00:00,2669.5911630621886,2343.323009334473,2156.769980473706
forecast_4888,2025-07-23 16:00:00,2691.2309517992253,2407.604625598969,2209.0889268836404
forecast_4889,2025-07-23 17:00:00,3021.2933012939952,2887.7574144236964,2485.6408137447625
forecast_4890,2025-07-23 18:00:00,3055.3698978113216,3068.8397272521447,2566.7910909009324
forecast_4891,2025-07-23 19:00:00,3400.539370468569,3278.672899645005,2890.654551007244
forecast_4892,2025-07-23 20:00:00,3790.8566827763016,4184.213079358617,3279.929735712273
forecast_4893,2025-07-23 21:00:00,3796.890763456174,4186.2112474103105,3444.8338955905538
forecast_4894,2025-07-23 22:00:00,5784.26389783243,5139.721967001859,4242.985808720736
forecast_4895,2025-07-23 23:00:00,5944.612328436333,5426.153539414113,4581.35340084611
forecast_4896,2025-07-24 00:00:00,6035.7225125320565,5568.196663654416,4726.680794337506
forecast_4897,2025-07-24 01:00:00,7084.937387787113,6708.4800044668245,4659.449143892697
forecast_4898,2025-07-24 02:00:00,7817.61324781414,7189.40789140002,5156.766242646281
forecast_4899,2025-07-24 03:00:00,8055.185382748913,8615.515386042784,5356.408617663101
forecast_4900,2025-07-24 04:00:00,8479.568839937947,8615.515386042784,5614.781557673823
forecast_4901,2025-07-24 05:00:00,8479.568839937947,8562.322776251314,5614.781557673823
forecast_4902,2025-07-24 06:00:00,7460.072682921568,6889.532256374376,4765.200282658666
forecast_4903,2025-07-24 07:00:00,5069.918684020544,5234.380032728783,3838.2922744758494
forecast_4904,2025-07-24 08:00:00,3991.9184830490863,4055.4464815625643,3154.054167281973
forecast_4905,2025-07-24 09:00:00,3575.684424075543,3496.1638236711565,2912.644620836376
forecast_4906,2025-07-24 10:00:00,3027.989008531788,2909.0582768859413,2458.2419736958946
forecast_4907,2025-07-24 11:00:00,2725.8648400098355,2761.9778106663225,2388.003024437881
forecast_4908,2025-07-24 12:00:00,2725.8648400098355,2761.9778106663225,2289.1651939237113
forecast_4909,2025-07-24 13:00:00,2717.9673899651143,2761.9778106663225,2289.1651939237113
forecast_4910,2025-07-24 14:00:00,2835.279859507915,2849.931276459859,2289.1651939237113
forecast_4911,2025-07-24 15:00:00,2768.4971102299,2689.8783200732228,2175.111898639051
forecast_4912,2025-07-24 16:00:00,2831.328605274788,3070.219097308314,2248.7187072288575
forecast_4913,2025-07-24 17:00:00,2831.328605274788,2968.8802452044147,2248.7187072288575
forecast_4914,2025-07-24 18:00:00,2871.943717572186,3070.219097308314,2367.4907802006933
forecast_4915,2025-07-24 19:00:00,2948.3793230726355,3267.9247749036053,2642.973561957727
forecast_4916,2025-07-24 20:00:00,2988.4860163811572,3371.981510706856,2789.232175630488
forecast_4917,2025-07-24 21:00:00,3299.811008274909,3371.981510706856,2789.232175630488
forecast_4918,2025-07-24 22:00:00,4073.102409295251,3954.5886917751363,3489.2814570876676
forecast_4919,2025-07-24 23:00:00,4073.102409295251,4116.09592575984,3489.2814570876676
forecast_4920,2025-07-25 00:00:00,4037.347395709246,4122.63007974354,3460.6727359897095
forecast_4921,2025-07-25 01:00:00,4111.6920707960635,3907.853991462872,3161.509234547266
forecast_4922,2025-07-25 02:00:00,4568.222769187572,4099.787638479005,3347.029643744686
forecast_4923,2025-07-25 03:00:00,4605.205144508078,4582.662538148875,3491.603789091741
forecast_4924,2025-07-25 04:00:00,4758.857169724697,4677.766847577902,3834.787874351218
forecast_4925,2025-07-25 05:00:00,5089.727171509398,4677.766847577902,3935.1735034340913
forecast_4926,2025-07-25 06:00:00,4758.857169724697,4583.090401125111,3834.787874351218
forecast_4927,2025-07-25 07:00:00,4325.358048685559,3889.3679765191205,3487.3003396251215
forecast_4928,2025-07-25 08:00:00,3666.344518061315,3374.0529649140967,2972.7779973504416
forecast_4929,2025-07-25 09:00:00,3381.198090233057,3112.746593968444,2910.940446826283
forecast_4930,2025-07-25 10:00:00,3196.8784943251376,2877.8108160747815,2680.699045750817
forecast_4931,2025-07-25 11:00:00,3151.185525365852,2877.8108160747815,2559.4846985541953
forecast_4932,2025-07-25 12:00:00,3014.6254247716947,2877.8108160747815,2554.862998877028
forecast_4933,2025-07-25 13:00:00,3014.6254247716947,2868.3683207376134,2554.862998877028
forecast_4934,2025-07-25 14:00:00,3017.513215620761,2868.3683207376134,2558.4464319452322
forecast_4935,2025-07-25 15:00:00,3104.9205262948553,2877.7683052099064,2575.1454862628307
forecast_4936,2025-07-25 16:00:00,3104.9205262948553,2877.7683052099064,2575.1454862628307
forecast_4937,2025-07-25 17:00:00,3026.3214345905235,2798.1852969934926,2213.4425531531897
forecast_4938,2025-07-25 18:00:00,3026.3214345905235,2798.1852969934926,2213.4425531531897
forecast_4939,2025-07-25 19:00:00,3412.816201244795,3049.329196143094,2340.1030561716884
forecast_4940,2025-07-25 20:00:00,3888.5887446955394,3681.2473703641563,2950.497356832647
forecast_4941,2025-07-25 21:00:00,4331.788651627484,4156.918421713903,3551.773085387521
forecast_4942,2025-07-25 22:00:00,5159.892240522243,4740.421267800181,4575.896376069614
forecast_4943,2025-07-25 23:00:00,6004.389984420445,5403.802730980354,4843.665640788483
forecast_4944,2025-07-26 00:00:00,6222.935679542217,5420.680257057061,4960.962748805737
forecast_4945,2025-07-26 01:00:00,8649.11000940463,6911.631223843349,5898.005079005088
forecast_4946,2025-07-26 02:00:00,8600.89634707749,6901.5083427519685,5877.304369862278
forecast_4947,2025-07-26 03:00:00,7917.551150290007,6350.8333730304,5635.503757840655
forecast_4948,2025-07-26 04:00:00,7147.52144845711,6143.950795058726,5155.801461784613
forecast_4949,2025-07-26 05:00:00,4852.191565240176,4592.521807457202,3727.0294119402706
forecast_4950,2025-07-26 06:00:00,4187.502189959882,3817.0219922617916,3563.0564563126436
forecast_4951,2025-07-26 07:00:00,4170.757995327241,3675.9873844678295,3528.6490999719545
forecast_4952,2025-07-26 08:00:00,4046.568216272829,3671.040527212803,3247.6479625000156
forecast_4953,2025-07-26 09:00:00,3506.5321194286284,3283.224720521931,2919.129920350737
forecast_4954,2025-07-26 10:00:00,3212.1041630085642,3254.3962365567177,2774.6031887437757
forecast_4955,2025-07-26 11:00:00,3039.3611165217653,3115.0896404666423,2684.86481912161
forecast_4956,2025-07-26 12:00:00,2978.113498212185,2963.3749320331863,2662.891748272855
forecast_4957,2025-07-26 13:00:00,2856.3103041628183,2957.2986499900812,2584.7561148596815
forecast_4958,2025-07-26 14:00:00,2828.5712937214485,2936.4485588745188,2516.8495419082883
forecast_4959,2025-07-26 15:00:00,2828.5712937214485,2777.782139485785,2479.9616765112632
forecast_4960,2025-07-26 16:00:00,2932.102164898948,2777.782139485785,2428.9130381924724
forecast_4961,2025-07-26 17:00:00,3044.4582789140013,2792.508883024447,2428.9130381924724
forecast_4962,2025-07-26 18:00:00,3109.3623874137747,2984.511939606051,2439.1554321069343
forecast_4963,2025-07-26 19:00:00,3522.924088277713,3006.2950168117995,2667.9718833983034
forecast_4964,2025-07-26 20:00:00,3816.4527168100344,3489.2336137971965,3156.3003438241167
forecast_4965,2025-07-26 21:00:00,4030.060018527728,3586.245347219962,3343.9269771374265
forecast_4966,2025-07-26 22:00:00,4874.166408598407,5004.262559796904,4347.541541797161
forecast_4967,2025-07-26 23:00:00,6623.979496382165,5858.013626250793,5222.102931552221
forecast_4968,2025-07-27 00:00:00,7015.5299943821765,6181.216533153527,5531.3754762801245
forecast_4969,2025-07-27 01:00:00,9734.678486918776,9431.59099745912,7507.660126488863
forecast_4970,2025-07-27 02:00:00,9405.587147154385,8945.18096362153,6728.531787824393
forecast_4971,2025-07-27 03:00:00,9302.206927349831,8104.205914786008,6587.773030493308
forecast_4972,2025-07-27 04:00:00,8404.94783408887,7068.775527991925,5494.9899454521255
forecast_4973,2025-07-27 05:00:00,7762.101013864369,6393.63056350538,5146.291021520527
forecast_4974,2025-07-27 06:00:00,7665.47561425332,6049.5270043018245,4928.782507238004
forecast_4975,2025-07-27 07:00:00,5644.880488227567,4561.0046122931835,3887.55904858926
forecast_4976,2025-07-27 08:00:00,3779.2078078495665,3638.0698351080887,2989.5958634889635
forecast_4977,2025-07-27 09:00:00,3513.637814876187,3440.614642703308,2815.5508133585777
forecast_4978,2025-07-27 10:00:00,3110.1861592453965,3197.607803324731,2815.5508133585777
forecast_4979,2025-07-27 11:00:00,2952.2691206785303,3094.6023913187114,2570.797303679845
forecast_4980,2025-07-27 12:00:00,2867.274200843028,3094.6023913187114,2570.797303679845
forecast_4981,2025-07-27 13:00:00,2867.274200843028,3164.5837781831992,2514.301650660029
forecast_4982,2025-07-27 14:00:00,2921.565813356373,3164.5837781831992,2486.0208111768343
forecast_4983,2025-07-27 15:00:00,3208.1885719683332,3166.882459038782,2431.8250853540653
forecast_4984,2025-07-27 16:00:00,3382.6958826132905,3173.469239700119,2486.0208111768343
forecast_4985,2025-07-27 17:00:00,3667.5354060656837,3474.7575630475644,2502.5824817419243
forecast_4986,2025-07-27 18:00:00,3886.75651786083,3822.9512343572087,2881.090942884238
forecast_4987,2025-07-27 19:00:00,4880.657658233499,4263.142614161722,3415.9033580296805
forecast_4988,2025-07-27 20:00:00,6702.6458172603325,5051.936633640968,4057.0670356698
forecast_4989,2025-07-27 21:00:00,7163.04009637355,5767.87366082838,4736.474355325381
forecast_4990,2025-07-27 22:00:00,8332.685757202931,8007.042866904849,6472.653191384273
forecast_4991,2025-07-27 23:00:00,9574.569898838654,8532.62890278857,7105.013359616326
forecast_4992,2025-07-28 00:00:00,10114.291057738363,9367.265174848639,7942.645932477271
forecast_4993,2025-07-28 01:00:00,11506.063337351188,10131.181503262744,8528.617262898013
forecast_4994,2025-07-28 02:00:00,11771.171408704116,10074.948596307102,8456.097452265105
forecast_4995,2025-07-28 03:00:00,11771.171408704116,9041.01275114866,8018.203466500306
forecast_4996,2025-07-28 04:00:00,10947.73817813627,8394.40072968119,7193.281213729596
forecast_4997,2025-07-28 05:00:00,10352.83547096329,8391.277692140988,6841.7417881805695
forecast_4998,2025-07-28 06:00:00,8748.198091251123,7226.700217773476,5977.696896779297
forecast_4999,2025-07-28 07:00:00,6642.679097483413,5556.6645804771815,4536.766032729052
forecast_5000,2025-07-28 08:00:00,4687.789550802459,4012.8732252654286,3275.4511927360168
forecast_5001,2025-07-28 09:00:00,3926.418143920945,3382.2003662341594,2783.7904203841786
forecast_5002,2025-07-28 10:00:00,3163.86905659856,2700.666376691801,2429.6247825495725
forecast_5003,2025-07-28 11:00:00,2908.6491732674517,2478.825326461369,2354.8136475721576
forecast_5004,2025-07-28 12:00:00,2840.2510468744963,2478.825326461369,2207.6650043038253
forecast_5005,2025-07-28 13:00:00,2697.756379246873,2463.8846442826966,2207.6245113212876
forecast_5006,2025-07-28 14:00:00,2654.6790372161327,2456.8796235007444,2166.0641889907974
forecast_5007,2025-07-28 15:00:00,2697.756379246873,2456.8796235007444,2166.0641889907974
forecast_5008,2025-07-28 16:00:00,2849.7101394166834,2766.3795186370744,2310.793752790506
forecast_5009,2025-07-28 17:00:00,2960.8996258927536,3222.0278038054075,2564.0368009762033
forecast_5010,2025-07-28 18:00:00,3198.8791245297884,3316.6385783363853,2717.766587450595
forecast_5011,2025-07-28 19:00:00,3211.030245729597,3700.6325322524053,2947.292206764629
forecast_5012,2025-07-28 20:00:00,3268.6351219684902,3700.6325322524053,2947.292206764629
forecast_5013,2025-07-28 21:00:00,3288.0981968295296,3873.175855921533,2947.292206764629
forecast_5014,2025-07-28 22:00:00,4218.40790565213,3825.7441790703806,3282.1938381560167
forecast_5015,2025-07-28 23:00:00,4218.40790565213,3825.7441790703806,3282.1938381560167
forecast_5016,2025-07-29 00:00:00,4159.86237357197,3800.5967341727587,3234.9247860722917
forecast_5017,2025-07-29 01:00:00,4209.478994180896,3450.3997230710593,2684.2212019240224
forecast_5018,2025-07-29 02:00:00,4280.149619236769,3516.012924886009,2743.6720341637147
forecast_5019,2025-07-29 03:00:00,4280.149619236769,3502.580875919078,2743.6720341637147
forecast_5020,2025-07-29 04:00:00,3839.3799920042147,3502.580875919078,2715.65299286997
forecast_5021,2025-07-29 05:00:00,3362.776775983916,3202.550941064373,2613.379929320293
forecast_5022,2025-07-29 06:00:00,3362.776775983916,3202.550941064373,2613.379929320293
forecast_5023,2025-07-29 07:00:00,3303.3166855565732,2927.50872293058,2547.4340048218974
forecast_5024,2025-07-29 08:00:00,3006.2754107027586,2906.964100711676,2275.8706033164476
forecast_5025,2025-07-29 09:00:00,2968.2739743806974,2906.964100711676,2248.677325887201
forecast_5026,2025-07-29 10:00:00,2808.397259200913,2774.1582111143543,2221.4878538198172
forecast_5027,2025-07-29 11:00:00,2694.2003652183193,2488.118212095635,2084.5297035581157
forecast_5028,2025-07-29 12:00:00,2673.372057779997,2408.7175243497068,2084.5297035581157
forecast_5029,2025-07-29 13:00:00,2673.372057779997,2408.7175243497068,2183.2202330088016
forecast_5030,2025-07-29 14:00:00,2636.2038198111177,2408.7175243497068,2331.4489656284704
forecast_5031,2025-07-29 15:00:00,2630.6703995713606,2839.0272837296952,2383.0755416393804
forecast_5032,2025-07-29 16:00:00,2630.6703995713606,2839.0272837296952,2368.641630421426
forecast_5033,2025-07-29 17:00:00,2694.8009754603945,2903.072297020765,2407.5312544853173
forecast_5034,2025-07-29 18:00:00,2808.4546301157698,3019.0345498302454,2511.5220566362614
forecast_5035,2025-07-29 19:00:00,2955.781938634371,3092.54350956912,2600.936248873302
forecast_5036,2025-07-29 20:00:00,3153.9861476738415,3124.57006854908,2649.2642459658337
forecast_5037,2025-07-29 21:00:00,3387.042364043495,3402.59222312908,2833.2622685875776
forecast_5038,2025-07-29 22:00:00,3987.8502299820393,3561.1426092578936,3078.960419543434
forecast_5039,2025-07-29 23:00:00,3987.8502299820393,3561.1426092578936,3078.960419543434
forecast_5040,2025-07-30 00:00:00,3969.216889647302,3554.343012278323,3073.242483015355
forecast_5041,2025-07-30 01:00:00,3306.4477395114714,3029.114505522516,2572.9475302328783
forecast_5042,2025-07-30 02:00:00,3222.7479067045397,3094.7622497238926,2453.739839861143
forecast_5043,2025-07-30 03:00:00,3401.715929984948,3142.103251762747,2453.739839861143
forecast_5044,2025-07-30 04:00:00,3321.2865173556465,3142.103251762747,2790.772162991572
forecast_5045,2025-07-30 05:00:00,3321.2865173556465,3123.1950040819834,2790.772162991572
forecast_5046,2025-07-30 06:00:00,3183.616899012057,3047.862009595533,2718.826175259691
forecast_5047,2025-07-30 07:00:00,3132.9893229876707,3014.676769602547,2708.0657887414377
forecast_5048,2025-07-30 08:00:00,3018.1210571835145,2858.859558210698,2368.932459377405
forecast_5049,2025-07-30 09:00:00,2844.2692900719694,2521.652992896913,2141.710298918176
forecast_5050,2025-07-30 10:00:00,2844.2692900719694,2521.652992896913,2141.710298918176
forecast_5051,2025-07-30 11:00:00,2948.281492768605,2752.1067844756753,2343.3219395420565
forecast_5052,2025-07-30 12:00:00,2948.281492768605,2752.1067844756753,2367.754397224251
forecast_5053,2025-07-30 13:00:00,2965.0733830300874,2750.2436674361475,2466.0161961957406
forecast_5054,2025-07-30 14:00:00,2965.0733830300874,2744.1889173088434,2418.02809640587
forecast_5055,2025-07-30 15:00:00,2965.0733830300874,2624.407011778175,2418.02809640587
forecast_5056,2025-07-30 16:00:00,2770.558004866745,2624.407011778175,2177.265921193092
forecast_5057,2025-07-30 17:00:00,2770.558004866745,2640.670873385253,2177.265921193092
forecast_5058,2025-07-30 18:00:00,2780.9595248282117,2808.108663127528,2240.8160241071664
forecast_5059,2025-07-30 19:00:00,2994.7635636447867,2808.108663127528,2394.2749752547884
forecast_5060,2025-07-30 20:00:00,3258.6887614509587,2875.0727847270136,2467.7575355598756
forecast_5061,2025-07-30 21:00:00,3330.1488151091826,2989.8691432488667,2649.3214515904438
forecast_5062,2025-07-30 22:00:00,3699.014065969711,3073.419029936641,2902.409024384254
forecast_5063,2025-07-30 23:00:00,3699.014065969711,3174.1812997971792,2902.409024384254
forecast_5064,2025-07-31 00:00:00,3793.2347499497746,3208.742315178213,2839.3547332797175
forecast_5065,2025-07-31 01:00:00,4484.842300054881,4044.246026369191,3122.165596859696
forecast_5066,2025-07-31 02:00:00,4686.94713882606,4227.518785021534,3262.3508225086825
forecast_5067,2025-07-31 03:00:00,5023.786012568566,4665.615948190056,3424.185743654566
forecast_5068,2025-07-31 04:00:00,5023.786012568566,4694.435359985087,3424.185743654566
forecast_5069,2025-07-31 05:00:00,4464.329498697307,4694.435359985087,3206.5975121987403
forecast_5070,2025-07-31 06:00:00,4446.590271275592,4142.841848740956,3025.5936755429357
forecast_5071,2025-07-31 07:00:00,4358.741526047373,3977.063469751915,3023.038814760018
forecast_5072,2025-07-31 08:00:00,4358.741526047373,3700.677702092137,3023.038814760018
forecast_5073,2025-07-31 09:00:00,3456.4874308447006,3259.165570634931,2416.144675679721
forecast_5074,2025-07-31 10:00:00,3177.4300074710654,3196.9514838460645,2272.127405809899
forecast_5075,2025-07-31 11:00:00,2694.4564042871953,3152.1266214735765,2267.578091425393
forecast_5076,2025-07-31 12:00:00,2672.5187537168695,3091.738888454072,2262.288754021795
forecast_5077,2025-07-31 13:00:00,2672.5187537168695,3075.6209204282227,2262.288754021795
forecast_5078,2025-07-31 14:00:00,2770.9389712664797,2997.0336412413944,2273.652058998239
forecast_5079,2025-07-31 15:00:00,2770.9389712664797,2977.1013164643286,2273.652058998239
forecast_5080,2025-07-31 16:00:00,2769.3285136153,2977.1013164643286,2310.010172524704
forecast_5081,2025-07-31 17:00:00,2689.964018266121,3124.305955530018,2310.010172524704
forecast_5082,2025-07-31 18:00:00,2737.5883284449396,3124.305955530018,2421.619785174872
forecast_5083,2025-07-31 19:00:00,2737.5883284449396,3085.909826298893,2530.11832724885
forecast_5084,2025-07-31 20:00:00,3020.757216697754,3073.8537044879317,2641.174497403724
forecast_5085,2025-07-31 21:00:00,3030.4289723033417,3073.8537044879317,2721.270106849673
forecast_5086,2025-07-31 22:00:00,3590.4699413113485,3368.923819399545,3033.0350694691138
forecast_5087,2025-07-31 23:00:00,3590.4699413113485,3476.7843751587,3033.0350694691138
forecast_5088,2025-08-01 00:00:00,3653.440593761803,3602.1652858001157,3011.7184585051427
forecast_5089,2025-08-01 01:00:00,3760.6967013581843,3087.411413847004,2486.5932712721346
forecast_5090,2025-08-01 02:00:00,3738.543774246351,3062.60991627307,2456.7175306960135
forecast_5091,2025-08-01 03:00:00,3573.0287818249008,2924.0640358206274,2423.752431961003
forecast_5092,2025-08-01 04:00:00,3477.6559175885764,2892.4003239363815,2387.7786731420374
forecast_5093,2025-08-01 05:00:00,2818.7454335499806,2877.529559253969,2387.70998672473
forecast_5094,2025-08-01 06:00:00,2756.6862560388563,2789.9689450024644,2353.722741644138
forecast_5095,2025-08-01 07:00:00,2556.589616366798,2654.319075249687,2224.5447725218396
forecast_5096,2025-08-01 08:00:00,2354.056388592507,2355.44032725384,1858.5720717701056
forecast_5097,2025-08-01 09:00:00,2354.056388592507,2339.4049769699704,1858.5720717701056
forecast_5098,2025-08-01 10:00:00,2429.9143953392304,2266.424804813914,1898.9683437094186
forecast_5099,2025-08-01 11:00:00,2643.3993136659456,2266.424804813914,2064.924934882915
forecast_5100,2025-08-01 12:00:00,2643.3993136659456,2266.424804813914,2064.924934882915
forecast_5101,2025-08-01 13:00:00,2570.5071589096838,2255.5649064127456,2023.6328774813621
forecast_5102,2025-08-01 14:00:00,2570.5071589096838,2180.683755912449,2016.0465766340658
forecast_5103,2025-08-01 15:00:00,2570.5071589096838,2180.683755912449,1948.3383370930394
forecast_5104,2025-08-01 16:00:00,2575.1833709030393,2364.744254450509,2016.0465766340658
forecast_5105,2025-08-01 17:00:00,2674.9870010040445,2533.142061730682,2031.469045987226
forecast_5106,2025-08-01 18:00:00,3061.806392879573,2755.6316625753325,2434.045383427311
forecast_5107,2025-08-01 19:00:00,3409.4403146606155,3297.1610334737197,2682.4420145886224
forecast_5108,2025-08-01 20:00:00,3409.4403146606155,3478.5951672858196,2746.303736116069
forecast_5109,2025-08-01 21:00:00,3429.37630989027,3658.585232073538,2782.36739801776
forecast_5110,2025-08-01 22:00:00,3710.726281909857,3658.585232073538,3158.1340052898386
forecast_5111,2025-08-01 23:00:00,3858.847003422906,4104.38689202362,3322.6693842623927
forecast_5112,2025-08-02 00:00:00,3784.7866426663813,3804.2697876056895,3240.4016947761156
forecast_5113,2025-08-02 01:00:00,5053.65412458482,4635.107564513555,3535.0437932159152
forecast_5114,2025-08-02 02:00:00,5479.971574755862,4905.060157614362,3721.812577910525
forecast_5115,2025-08-02 03:00:00,6150.251533982597,6469.540781039623,4314.343537317701
forecast_5116,2025-08-02 04:00:00,6655.4253460671225,7249.433417776214,4756.446359093658
forecast_5117,2025-08-02 05:00:00,7155.520644367149,7969.179880402461,5004.94245475118
forecast_5118,2025-08-02 06:00:00,7587.495886307859,8141.972398751152,5141.796781378051
forecast_5119,2025-08-02 07:00:00,7587.495886307859,8141.972398751152,5141.796781378051
forecast_5120,2025-08-02 08:00:00,6004.155438786753,6975.369051851927,4270.767452229347
forecast_5121,2025-08-02 09:00:00,5240.930272939402,5733.490956727854,3778.4267026988864
forecast_5122,2025-08-02 10:00:00,3421.1643356066024,3710.417014243587,2524.9184826098913
forecast_5123,2025-08-02 11:00:00,2969.0590208420363,2978.207222094531,2232.9921222292824
forecast_5124,2025-08-02 12:00:00,2955.2507997177026,2958.418907802798,2211.9531626769035
forecast_5125,2025-08-02 13:00:00,2791.641330785842,2939.8439515181317,2064.4241335291254
forecast_5126,2025-08-02 14:00:00,2791.641330785842,2757.171764999487,1951.338479550134
forecast_5127,2025-08-02 15:00:00,2925.8277700041094,2757.171764999487,1945.377986516176
forecast_5128,2025-08-02 16:00:00,2925.8277700041094,2757.171764999487,1945.377986516176
forecast_5129,2025-08-02 17:00:00,3039.982156601761,2912.2474073809735,1945.377986516176
forecast_5130,2025-08-02 18:00:00,3087.4730112859793,2912.2474073809735,2361.058998213259
forecast_5131,2025-08-02 19:00:00,3135.3175155004083,3153.1616603997645,2676.4422612404746
forecast_5132,2025-08-02 20:00:00,3280.740455322159,3602.6607377427363,3221.695059145129
forecast_5133,2025-08-02 21:00:00,3855.463873338529,3606.6593586963727,3345.0501153819264
forecast_5134,2025-08-02 22:00:00,4300.00219934937,3977.2591503170806,3543.0908699248416
forecast_5135,2025-08-02 23:00:00,4300.00219934937,4087.6512565252888,3543.0908699248416
forecast_5136,2025-08-03 00:00:00,4125.791941634082,4206.763168924121,3566.3129141724844
forecast_5137,2025-08-03 01:00:00,5255.568564040139,4479.427937035116,3279.994307311728
forecast_5138,2025-08-03 02:00:00,5166.458163912046,4442.048137238244,3259.0725740958915
forecast_5139,2025-08-03 03:00:00,5062.95647804585,4293.736479036238,3065.082702560495
forecast_5140,2025-08-03 04:00:00,4351.993918774842,4207.142704112378,2981.391766213249
forecast_5141,2025-08-03 05:00:00,3877.0937178269583,3764.044299445005,2927.7551350353083
forecast_5142,2025-08-03 06:00:00,3737.454864162412,3397.5228561041563,2904.3644378650924
forecast_5143,2025-08-03 07:00:00,3451.2296820133706,3318.681977920237,2692.136990900525
forecast_5144,2025-08-03 08:00:00,3088.9329227021017,2950.1050361019275,2526.491880313456
forecast_5145,2025-08-03 09:00:00,2864.980771007179,2610.883783145416,2128.7332524053363
forecast_5146,2025-08-03 10:00:00,2864.980771007179,2610.883783145416,2128.7332524053363
forecast_5147,2025-08-03 11:00:00,2847.293295711591,2701.380318345274,2318.0732908481523
forecast_5148,2025-08-03 12:00:00,2847.293295711591,2809.2969156282807,2318.0732908481523
forecast_5149,2025-08-03 13:00:00,2739.8756929902615,2918.061728747133,2391.3938673790044
forecast_5150,2025-08-03 14:00:00,2739.8756929902615,3343.7758771975314,2457.865402318076
forecast_5151,2025-08-03 15:00:00,3036.0087719630114,3509.6191763953893,2459.723975580643
forecast_5152,2025-08-03 16:00:00,3301.471235352516,3811.1498510793485,2742.975815711545
forecast_5153,2025-08-03 17:00:00,3763.8296765405926,4301.3271520009785,2928.3424144266028
forecast_5154,2025-08-03 18:00:00,3890.50985674728,4462.541683233905,2933.734409773561
forecast_5155,2025-08-03 19:00:00,5258.4077507571365,6609.525003447541,4671.72650545869
forecast_5156,2025-08-03 20:00:00,5577.643281663848,6609.525003447541,4938.948417887879
forecast_5157,2025-08-03 21:00:00,6051.110985177435,6609.525003447541,5074.661281828252
forecast_5158,2025-08-03 22:00:00,6674.277661982519,7835.151351375392,5643.185434902211
forecast_5159,2025-08-03 23:00:00,6954.539397909905,7874.743217263029,6085.836664970846
forecast_5160,2025-08-04 00:00:00,7269.944491842602,8137.9276282470055,6475.611868896893
forecast_5161,2025-08-04 01:00:00,5924.393745304463,6484.573242272817,5704.848571934032
forecast_5162,2025-08-04 02:00:00,6353.276501872786,6911.498081653182,6085.259554647072
forecast_5163,2025-08-04 03:00:00,6602.291408362366,7488.289211246139,6097.328900298506
forecast_5164,2025-08-04 04:00:00,7320.627061638431,9140.614030264438,6971.042553929231
forecast_5165,2025-08-04 05:00:00,7320.627061638431,9140.614030264438,6971.042553929231
forecast_5166,2025-08-04 06:00:00,7043.024238499743,8547.348014643398,6407.145965904759
forecast_5167,2025-08-04 07:00:00,7043.024238499743,8547.348014643398,6362.422199969279
forecast_5168,2025-08-04 08:00:00,6471.508835322795,8659.43566007219,5893.409058449584
forecast_5169,2025-08-04 09:00:00,6326.421495638152,8659.43566007219,5893.409058449584
forecast_5170,2025-08-04 10:00:00,5814.057504667735,8476.102024120182,5635.702368640962
forecast_5171,2025-08-04 11:00:00,5814.057504667735,8290.001937964635,5635.702368640962
forecast_5172,2025-08-04 12:00:00,5814.057504667735,8290.001937964635,5635.702368640962
forecast_5173,2025-08-04 13:00:00,5406.299456219369,6868.874954885627,4549.788511018159
forecast_5174,2025-08-04 14:00:00,4436.514697277347,5391.324508203996,3865.9539829792457
forecast_5175,2025-08-04 15:00:00,4231.308447997666,5369.385581260956,3718.3942442431376
forecast_5176,2025-08-04 16:00:00,4231.308447997666,4907.302038246935,3718.3942442431376
forecast_5177,2025-08-04 17:00:00,4231.308447997666,4907.302038246935,3718.3942442431376
forecast_5178,2025-08-04 18:00:00,5716.219780830455,5338.519176454477,4597.471402964953
forecast_5179,2025-08-04 19:00:00,5716.219780830455,5338.519176454477,4597.471402964953
forecast_5180,2025-08-04 20:00:00,5758.003616618468,5338.519176454477,5041.016198409918
forecast_5181,2025-08-04 21:00:00,6898.299173731854,7056.7725009796095,6040.600443306228
forecast_5182,2025-08-04 22:00:00,7554.497206696911,7497.577101700479,6941.228547720147
forecast_5183,2025-08-04 23:00:00,8375.859093206072,9629.947824981124,8095.1500914268345
forecast_5184,2025-08-05 00:00:00,8754.176630452213,10510.406105914404,9000.717954224405
forecast_5185,2025-08-05 01:00:00,5508.467925899765,4740.688160316729,3854.94571447558
forecast_5186,2025-08-05 02:00:00,5471.088036606872,4808.17576736833,3851.3430379669844
forecast_5187,2025-08-05 03:00:00,5150.21608265711,4808.17576736833,3838.8120481800506
forecast_5188,2025-08-05 04:00:00,4709.425264285994,4455.076921983168,3467.9107231997223
forecast_5189,2025-08-05 05:00:00,4467.2468703517325,4126.42874368415,3405.926868707761
forecast_5190,2025-08-05 06:00:00,4467.2468703517325,3916.2072718758805,3178.9737777496757
forecast_5191,2025-08-05 07:00:00,4650.228102507862,3992.5937307559643,3178.9737777496757
forecast_5192,2025-08-05 08:00:00,4650.228102507862,3887.973619215343,3172.727482946061
forecast_5193,2025-08-05 09:00:00,3893.0376660450324,3887.973619215343,3050.8713749529015
forecast_5194,2025-08-05 10:00:00,3591.7638742614845,3299.3342257917516,2703.222282047921
forecast_5195,2025-08-05 11:00:00,3446.1032371525566,3299.3342257917516,2703.222282047921
forecast_5196,2025-08-05 12:00:00,3446.1032371525566,3411.7119950201204,2835.681077489994
forecast_5197,2025-08-05 13:00:00,3475.5893787039254,5038.972956296455,4011.0070109410285
forecast_5198,2025-08-05 14:00:00,5222.092003816822,6639.00553216508,5303.546501227989
forecast_5199,2025-08-05 15:00:00,6530.023207509062,6639.00553216508,5580.876415920935
forecast_5200,2025-08-05 16:00:00,6557.971180359115,6434.594062029627,5580.876415920935
forecast_5201,2025-08-05 17:00:00,6557.971180359115,6426.189221254408,5523.776170879816
forecast_5202,2025-08-05 18:00:00,5703.1538326449345,5449.872364292807,4822.538337099952
forecast_5203,2025-08-05 19:00:00,5703.1538326449345,5449.872364292807,4822.538337099952
forecast_5204,2025-08-05 20:00:00,5895.992392911137,6449.457840380977,4860.01140284804
forecast_5205,2025-08-05 21:00:00,7591.928973757747,7541.640663397951,5877.388365821822
forecast_5206,2025-08-05 22:00:00,8320.700039348581,9894.011423704625,7433.000686432046
forecast_5207,2025-08-05 23:00:00,8320.700039348581,10821.988181405966,7922.9696025927215
forecast_5208,2025-08-06 00:00:00,8253.863759791682,10980.338049094631,8171.4560161563695
forecast_5209,2025-08-06 01:00:00,11881.22860383687,14141.981187647536,13286.057337892538
forecast_5210,2025-08-06 02:00:00,11578.647499915558,13863.26282141267,12913.950297348352
forecast_5211,2025-08-06 03:00:00,11518.942974174954,13852.608286601277,12298.608895370498
forecast_5212,2025-08-06 04:00:00,11108.121342951516,13863.26282141267,12150.349873337684
forecast_5213,2025-08-06 05:00:00,11108.121342951516,13977.921412188825,11978.832649721464
forecast_5214,2025-08-06 06:00:00,11139.945279254727,13979.343421360729,12150.349873337684
forecast_5215,2025-08-06 07:00:00,11139.945279254727,13977.921412188825,12046.131903030964
forecast_5216,2025-08-06 08:00:00,11139.945279254727,14531.93555164534,13100.979578364615
forecast_5217,2025-08-06 09:00:00,11666.87642030987,14676.17378394814,13410.413808986777
forecast_5218,2025-08-06 10:00:00,11668.768443212035,14676.17378394814,13410.413808986777
forecast_5219,2025-08-06 11:00:00,11828.78281881283,14676.17378394814,13808.632868226943
forecast_5220,2025-08-06 12:00:00,11880.074500254006,14829.861671659959,13929.646482228123
forecast_5221,2025-08-06 13:00:00,12445.375281880875,16509.541474026726,15810.777492786132
forecast_5222,2025-08-06 14:00:00,12445.375281880875,16509.541474026726,15810.777492786132
forecast_5223,2025-08-06 15:00:00,12039.323069102044,15025.816474439654,13828.276512176808
forecast_5224,2025-08-06 16:00:00,11515.568442111293,14278.98032635006,13306.944849468102
forecast_5225,2025-08-06 17:00:00,11515.568442111293,14278.98032635006,13306.944849468102
forecast_5226,2025-08-06 18:00:00,12451.646247340677,15890.368231233946,15153.973625745999
forecast_5227,2025-08-06 19:00:00,13271.892752349648,16080.907271402475,16148.775211747206
forecast_5228,2025-08-06 20:00:00,13271.892752349648,16080.907271402475,16148.775211747206
forecast_5229,2025-08-06 21:00:00,13271.892752349648,16080.907271402475,16148.775211747206
forecast_5230,2025-08-06 22:00:00,13143.193219350123,15949.436611523677,16055.430807876144
forecast_5231,2025-08-06 23:00:00,13108.35790075894,15725.402929988097,16055.430807876144
forecast_5232,2025-08-07 00:00:00,12851.788637789821,15443.293595578,15281.51255002448
forecast_5233,2025-08-07 01:00:00,14707.202150963541,16427.14484484918,16551.271536520413
forecast_5234,2025-08-07 02:00:00,14526.963097675864,16222.87775699624,16624.401118016773
forecast_5235,2025-08-07 03:00:00,14526.963097675864,16444.29170633674,16624.401118016773
forecast_5236,2025-08-07 04:00:00,14289.880342805147,16444.29170633674,16428.665661162482
forecast_5237,2025-08-07 05:00:00,14098.29049289809,16444.29170633674,16100.050897983607
forecast_5238,2025-08-07 06:00:00,13524.951336899638,16245.59303741938,15551.750356449378
forecast_5239,2025-08-07 07:00:00,12746.90096844028,14939.749606965375,13639.103154233864
forecast_5240,2025-08-07 08:00:00,10387.991517962093,11542.91155289754,10266.621237461524
forecast_5241,2025-08-07 09:00:00,8482.862350062529,7694.066373503569,6563.1083996406405
forecast_5242,2025-08-07 10:00:00,5885.584701345344,4908.72895352035,4069.344333656432
forecast_5243,2025-08-07 11:00:00,4315.358949102233,3195.1254390451686,2831.417618018681
forecast_5244,2025-08-07 12:00:00,3747.3296857805717,3195.1254390451686,2831.417618018681
forecast_5245,2025-08-07 13:00:00,3747.3296857805717,3283.2215837020544,2887.368830819448
forecast_5246,2025-08-07 14:00:00,3845.924474287226,3283.2215837020544,2887.368830819448
forecast_5247,2025-08-07 15:00:00,3845.924474287226,3558.0060634373194,2868.273135135154
forecast_5248,2025-08-07 16:00:00,3732.837158825234,3560.060481793766,2868.273135135154
forecast_5249,2025-08-07 17:00:00,3574.160552949583,3560.060481793766,2868.273135135154
forecast_5250,2025-08-07 18:00:00,3392.650589640365,3676.0409965807057,2892.954501647
forecast_5251,2025-08-07 19:00:00,3392.650589640365,3705.149365648339,2892.954501647
forecast_5252,2025-08-07 20:00:00,3950.22937930877,4270.493575827558,3447.190293470918
forecast_5253,2025-08-07 21:00:00,4307.208515585664,4780.513785178794,3763.9656312634484
forecast_5254,2025-08-07 22:00:00,5508.996739933858,6012.724725790869,4900.800559351473
forecast_5255,2025-08-07 23:00:00,6146.577844370832,7107.5708773022,5776.9102857720045
forecast_5256,2025-08-08 00:00:00,6451.386788449758,7447.0555584326585,6013.436751149491
forecast_5257,2025-08-08 01:00:00,6290.204944297211,6881.367259799588,4686.0800588309185
forecast_5258,2025-08-08 02:00:00,6506.000105032093,6891.266650032926,4681.908048618063
forecast_5259,2025-08-08 03:00:00,6506.000105032093,6891.266650032926,4406.343890129812
forecast_5260,2025-08-08 04:00:00,5656.13871954261,6166.376839643169,4228.771277993203
forecast_5261,2025-08-08 05:00:00,4497.273536905819,4841.335425995661,3570.885764327738
forecast_5262,2025-08-08 06:00:00,3696.286863309335,4056.554928908511,3211.21197409212
forecast_5263,2025-08-08 07:00:00,2970.56746634956,3289.970273391694,2654.086160580903
forecast_5264,2025-08-08 08:00:00,2877.6446340260454,3289.970273391694,2560.874673071317
forecast_5265,2025-08-08 09:00:00,2798.3990952103304,3199.6045396914874,2472.1814411797322
forecast_5266,2025-08-08 10:00:00,2581.234776594384,3104.4073867332445,2286.810604444202
forecast_5267,2025-08-08 11:00:00,2581.234776594384,2615.918086318289,2286.810604444202
forecast_5268,2025-08-08 12:00:00,2893.0638870977605,2615.918086318289,2391.811441223605
forecast_5269,2025-08-08 13:00:00,2975.361806399834,2665.3369858614947,2474.958372330641
forecast_5270,2025-08-08 14:00:00,2975.361806399834,2769.8542162260496,2581.684965774176
forecast_5271,2025-08-08 15:00:00,2966.639662685243,2899.646321736359,2673.320329844796
forecast_5272,2025-08-08 16:00:00,2847.671771789047,2844.1966001937326,2581.684965774176
forecast_5273,2025-08-08 17:00:00,2868.1892154610687,2844.1966001937326,2629.1712570068103
forecast_5274,2025-08-08 18:00:00,2868.1892154610687,2844.1966001937326,2629.1712570068103
forecast_5275,2025-08-08 19:00:00,2978.775245986443,3398.7494103365434,2691.5508428211515
forecast_5276,2025-08-08 20:00:00,3080.2554243002755,3413.415490201381,2748.1888978684938
forecast_5277,2025-08-08 21:00:00,3203.6043301567056,3448.920013150633,2880.7157533835625
forecast_5278,2025-08-08 22:00:00,3635.25296028146,4056.3954027641967,3431.995627472885
forecast_5279,2025-08-08 23:00:00,3918.6902165472266,4524.064421063747,3720.0389637638204
forecast_5280,2025-08-09 00:00:00,4222.236971584244,4691.864255552884,3740.3595850866777
forecast_5281,2025-08-09 01:00:00,3375.471886844613,3347.4732043264303,2595.31877077127
forecast_5282,2025-08-09 02:00:00,3161.950125630833,3374.79150111939,2545.891756957399
forecast_5283,2025-08-09 03:00:00,3588.993648058393,3383.125777033888,2644.745784585141
forecast_5284,2025-08-09 04:00:00,3777.0912315012292,3949.0015878152253,2919.0909937421266
forecast_5285,2025-08-09 05:00:00,4795.659459433388,4911.720024866374,3531.52732548383
forecast_5286,2025-08-09 06:00:00,4795.659459433388,4987.562872460587,3531.52732548383
forecast_5287,2025-08-09 07:00:00,4512.331478863394,4911.720024866374,3251.0087367260103
forecast_5288,2025-08-09 08:00:00,4504.897222830081,4566.345323402227,3251.0087367260103
forecast_5289,2025-08-09 09:00:00,4504.897222830081,4398.704451022423,3222.6861569664484
forecast_5290,2025-08-09 10:00:00,4338.453634755844,4332.892317210104,3092.3633485161204
forecast_5291,2025-08-09 11:00:00,4215.37936465216,4398.704451022423,3092.3633485161204
forecast_5292,2025-08-09 12:00:00,4215.37936465216,4436.225709072528,3092.3633485161204
forecast_5293,2025-08-09 13:00:00,3708.316625749253,4436.225709072528,2918.525535365904
forecast_5294,2025-08-09 14:00:00,3013.321039158184,3576.218981111227,2679.701684927267
forecast_5295,2025-08-09 15:00:00,2929.0006757673036,3255.5972953655933,2416.7138154855074
forecast_5296,2025-08-09 16:00:00,2929.0006757673036,3255.5972953655933,2416.7138154855074
forecast_5297,2025-08-09 17:00:00,3259.8963205883024,3914.9287725424874,2954.007326064953
forecast_5298,2025-08-09 18:00:00,3259.8963205883024,3914.9287725424874,2954.007326064953
forecast_5299,2025-08-09 19:00:00,2881.791819566698,3515.5326059523677,2492.4000927025872
forecast_5300,2025-08-09 20:00:00,2881.791819566698,3515.5326059523677,2200.9824862409123
forecast_5301,2025-08-09 21:00:00,3218.7732778717764,4324.172608079463,2200.9824862409123
forecast_5302,2025-08-09 22:00:00,3817.693717760502,4324.172608079463,3445.416245645317
forecast_5303,2025-08-09 23:00:00,3884.148714538431,4183.447514546424,3446.5964267347435
forecast_5304,2025-08-10 00:00:00,3850.921216149466,4091.4405986853717,3475.490929819037
forecast_5305,2025-08-10 01:00:00,3156.597695569366,3179.334733774839,2657.393826991155
forecast_5306,2025-08-10 02:00:00,3085.5287854515345,3142.1963708294425,2644.8459873574525
forecast_5307,2025-08-10 03:00:00,2957.4982031253976,3119.9802031581494,2453.319712306813
forecast_5308,2025-08-10 04:00:00,2873.2227344297817,3119.9802031581494,2280.8240895010645
forecast_5309,2025-08-10 05:00:00,2846.4751117227634,3011.978537501123,2280.8240895010645
forecast_5310,2025-08-10 06:00:00,2755.404892740832,3011.978537501123,2292.4661021915435
forecast_5311,2025-08-10 07:00:00,2686.2572380628635,2999.6367233084866,2292.4661021915435
forecast_5312,2025-08-10 08:00:00,2594.1364043073327,2916.0221727645994,2287.516243634992
forecast_5313,2025-08-10 09:00:00,2594.1364043073327,2794.752995676892,2265.293529425567
forecast_5314,2025-08-10 10:00:00,2598.168584180351,2721.682937484401,2270.1488268989874
forecast_5315,2025-08-10 11:00:00,2617.777217946513,2721.682937484401,2270.1488268989874
forecast_5316,2025-08-10 12:00:00,2665.387976497702,2803.330703797375,2321.359304203896
forecast_5317,2025-08-10 13:00:00,2824.896276074429,2824.5670532806434,2351.4579558097334
forecast_5318,2025-08-10 14:00:00,2935.4108329274577,2879.1222569290326,2419.185543799906
forecast_5319,2025-08-10 15:00:00,2935.4108329274577,2837.4681756277737,2581.508155015029
forecast_5320,2025-08-10 16:00:00,2863.4802072656203,2837.4681756277737,2581.508155015029
forecast_5321,2025-08-10 17:00:00,2826.909677630957,2765.0119956952262,2417.1856645524704
forecast_5322,2025-08-10 18:00:00,2825.2760715331615,2757.1354473435413,2410.175560359283
forecast_5323,2025-08-10 19:00:00,2826.909677630957,2687.208787324759,2410.175560359283
forecast_5324,2025-08-10 20:00:00,2996.054251343267,2757.1354473435413,2470.617103863066
forecast_5325,2025-08-10 21:00:00,3004.650439977989,2875.2602157312126,2594.687764005919
forecast_5326,2025-08-10 22:00:00,3335.0590594732794,3534.7203337221936,3035.9505748138604
forecast_5327,2025-08-10 23:00:00,3554.0697850238785,4188.723545935491,3258.295528510755
forecast_5328,2025-08-11 00:00:00,3658.1426537312354,4301.707465458043,3482.202686524399
forecast_5329,2025-08-11 01:00:00,2813.4119160808323,3002.4670279354514,2286.3941573255397
forecast_5330,2025-08-11 02:00:00,2781.7793913614605,3256.3277839043285,2426.3961260674564
forecast_5331,2025-08-11 03:00:00,2792.5081267995497,3256.3277839043285,2492.7211046442153
forecast_5332,2025-08-11 04:00:00,2781.7793913614605,3255.175164604532,2537.880860981348
forecast_5333,2025-08-11 05:00:00,2612.0727608121333,3218.2830241555716,2537.880860981348
forecast_5334,2025-08-11 06:00:00,2526.6594735363583,2978.879879392606,2367.085720335126
forecast_5335,2025-08-11 07:00:00,2513.3455617052005,2833.965695955325,2245.6941037797505
forecast_5336,2025-08-11 08:00:00,2526.6594735363583,2624.0338238236454,2178.707167627438
forecast_5337,2025-08-11 09:00:00,2562.479378684538,2623.505691245255,2170.243254877944
forecast_5338,2025-08-11 10:00:00,2562.479378684538,2375.2792777143623,2028.457644490702
forecast_5339,2025-08-11 11:00:00,2562.479378684538,2375.2792777143623,2028.457644490702
forecast_5340,2025-08-11 12:00:00,2536.202861697236,2574.598648293154,2204.7879220251107
forecast_5341,2025-08-11 13:00:00,2536.202861697236,2574.598648293154,2204.7879220251107
forecast_5342,2025-08-11 14:00:00,2536.202861697236,2574.598648293154,2223.1937873325705
forecast_5343,2025-08-11 15:00:00,2487.0175639165323,2700.3994749048984,2325.159088313887
forecast_5344,2025-08-11 16:00:00,2604.6793650285244,2806.3037935581224,2354.757127214532
forecast_5345,2025-08-11 17:00:00,2588.8876559551386,2806.3037935581224,2449.0178715753937
forecast_5346,2025-08-11 18:00:00,2610.7188912185875,2776.1238137858822,2468.2443615599573
forecast_5347,2025-08-11 19:00:00,2610.7188912185875,2722.554155710513,2468.2443615599573
forecast_5348,2025-08-11 20:00:00,2645.4674345449785,2722.554155710513,2546.858996506282
forecast_5349,2025-08-11 21:00:00,2826.4703041113703,3033.610969921758,2651.7293323747303
forecast_5350,2025-08-11 22:00:00,3216.8519509438374,3175.322046343962,2900.3361859240313
forecast_5351,2025-08-11 23:00:00,3216.8519509438374,3377.2666491869522,2921.9867913512708
forecast_5352,2025-08-12 00:00:00,3273.7312776340777,3276.294347765457,2911.161488637651
forecast_5353,2025-08-12 01:00:00,3688.2905591617946,3617.4844507790885,2871.36679221724
forecast_5354,2025-08-12 02:00:00,3793.40741363681,3617.9313690956697,2979.033396174441
forecast_5355,2025-08-12 03:00:00,3825.9421704112365,3932.6677837486395,2951.226665277191
forecast_5356,2025-08-12 04:00:00,3825.9421704112365,3932.6677837486395,2951.226665277191
forecast_5357,2025-08-12 05:00:00,3248.3860263558654,3694.19865608896,2823.4551189394506
forecast_5358,2025-08-12 06:00:00,3050.386197463537,3416.0440409191533,2645.113811463286
forecast_5359,2025-08-12 07:00:00,2951.629192805571,3410.5342963910102,2602.287210149033
forecast_5360,2025-08-12 08:00:00,2471.611844641523,2891.3610985816786,2234.630072448602
forecast_5361,2025-08-12 09:00:00,2471.611844641523,2557.9546268939994,2234.630072448602
forecast_5362,2025-08-12 10:00:00,2559.2424062921627,2557.9546268939994,2263.006235415466
forecast_5363,2025-08-12 11:00:00,2559.2424062921627,2686.943756986146,2263.006235415466
forecast_5364,2025-08-12 12:00:00,2540.5176607557355,2686.943756986146,2236.874260205393
forecast_5365,2025-08-12 13:00:00,2540.5176607557355,2559.3371098955845,2236.874260205393
forecast_5366,2025-08-12 14:00:00,2540.5176607557355,2555.8209079223393,2199.4211786030314
forecast_5367,2025-08-12 15:00:00,2605.0248661271426,2559.3371098955845,2215.5176581035084
forecast_5368,2025-08-12 16:00:00,2759.8499830948467,2652.3579264295995,2215.5176581035084
forecast_5369,2025-08-12 17:00:00,2813.7627194452098,3051.4754519638955,2275.5059973039015
forecast_5370,2025-08-12 18:00:00,2879.5890769207804,3114.5741411594836,2307.339600893746
forecast_5371,2025-08-12 19:00:00,3109.37054526108,3366.056962879959,2734.165432526717
forecast_5372,2025-08-12 20:00:00,3320.4006923461043,3408.1914282380844,2966.8463903981706
forecast_5373,2025-08-12 21:00:00,3620.6523311667174,4146.383612250636,3328.93159335432
forecast_5374,2025-08-12 22:00:00,4244.671753313797,4747.211625192591,3827.632059971648
forecast_5375,2025-08-12 23:00:00,4670.233978360649,5242.26805977187,4212.468333111945
forecast_5376,2025-08-13 00:00:00,4773.346717802633,5476.94222053066,4232.659657217091
forecast_5377,2025-08-13 01:00:00,3629.9254044630766,3650.0961111648166,2694.4274442838096
forecast_5378,2025-08-13 02:00:00,3649.951442478243,3677.3967519523817,2765.2032398174697
forecast_5379,2025-08-13 03:00:00,4218.657736246191,4505.663871531293,2943.8471540972496
forecast_5380,2025-08-13 04:00:00,4308.515398326122,5012.953984335093,3541.9681195805615
forecast_5381,2025-08-13 05:00:00,4724.204151202759,5102.884583966758,3634.223030073155
forecast_5382,2025-08-13 06:00:00,4829.073927038519,5986.8645381361075,3740.3106165199324
forecast_5383,2025-08-13 07:00:00,5292.405101031795,6843.050423585189,4632.581723285016
forecast_5384,2025-08-13 08:00:00,5906.094017167637,8260.606450548772,5469.6057090840895
forecast_5385,2025-08-13 09:00:00,6101.633446119154,9050.785276635881,5986.845796973084
forecast_5386,2025-08-13 10:00:00,6556.310422841125,9315.611204785677,6012.183756807077
forecast_5387,2025-08-13 11:00:00,6556.310422841125,9369.70077215071,6974.161051043452
forecast_5388,2025-08-13 12:00:00,6481.92053625725,9369.70077215071,6974.161051043452
forecast_5389,2025-08-13 13:00:00,5855.702896991922,9369.70077215071,6798.4883339257885
forecast_5390,2025-08-13 14:00:00,5855.702896991922,9631.098895218383,6798.4883339257885
forecast_5391,2025-08-13 15:00:00,6424.991548778339,10937.598270243407,8106.338902006409
forecast_5392,2025-08-13 16:00:00,6857.575070636153,11056.297219555225,8521.586503766577
forecast_5393,2025-08-13 17:00:00,6857.575070636153,11393.615663780038,8937.72605598616
forecast_5394,2025-08-13 18:00:00,7239.033353129109,12059.849736923661,10377.00045705264
forecast_5395,2025-08-13 19:00:00,10009.501962896373,13437.990886086598,11834.697163485918
forecast_5396,2025-08-13 20:00:00,12047.81091101782,15779.429347728845,14918.665479759595
forecast_5397,2025-08-13 21:00:00,13854.45959749608,17438.49094582635,17139.621728145004
forecast_5398,2025-08-13 22:00:00,14970.286212142499,18037.35628020468,17978.220743688104
forecast_5399,2025-08-13 23:00:00,15014.628464835763,18159.32825103941,17978.220743688104
forecast_5400,2025-08-14 00:00:00,14992.45733848913,18170.20045818081,17954.121367839034
forecast_5401,2025-08-14 01:00:00,15131.872814841245,18246.521409894118,18383.303297073267
forecast_5402,2025-08-14 02:00:00,14890.670497367752,18092.488821176605,18312.525784551337
forecast_5403,2025-08-14 03:00:00,14865.561814538994,17630.15530567945,17552.744858455677
forecast_5404,2025-08-14 04:00:00,14817.423557532395,17295.887022445557,17070.27533035382
forecast_5405,2025-08-14 05:00:00,13807.044140680122,16233.783024212515,16109.597914063215
forecast_5406,2025-08-14 06:00:00,12923.87049584064,15455.883362713643,15576.705655686997
forecast_5407,2025-08-14 07:00:00,12203.874585763606,14915.68028430994,14579.205918062635
forecast_5408,2025-08-14 08:00:00,11864.734224869628,14784.498310690615,13996.839390609113
forecast_5409,2025-08-14 09:00:00,11530.818515132869,14614.285035100556,13526.98424629268
forecast_5410,2025-08-14 10:00:00,11234.350348552329,13592.411803871608,12513.183218541406
forecast_5411,2025-08-14 11:00:00,9967.446414937156,11332.61381803453,10405.641221814865
forecast_5412,2025-08-14 12:00:00,8844.92075924273,10373.16879697725,8950.312248169692
forecast_5413,2025-08-14 13:00:00,8844.92075924273,10205.776312076654,8950.312248169692
forecast_5414,2025-08-14 14:00:00,8921.594922838667,10205.776312076654,9775.793413311341
forecast_5415,2025-08-14 15:00:00,8923.703628944138,11036.098501337776,10069.750411039702
forecast_5416,2025-08-14 16:00:00,9866.316123353958,12292.540925117008,11019.869428517544
forecast_5417,2025-08-14 17:00:00,9866.316123353958,12292.540925117008,11019.869428517544
forecast_5418,2025-08-14 18:00:00,9149.065111756838,11512.21362846322,9067.342162635057
forecast_5419,2025-08-14 19:00:00,9149.065111756838,11512.21362846322,9067.342162635057
forecast_5420,2025-08-14 20:00:00,11452.403226437129,12332.646351608608,11283.154631756126
forecast_5421,2025-08-14 21:00:00,11492.912180181702,12588.822510736016,11531.722210791844
forecast_5422,2025-08-14 22:00:00,12448.030382538476,14088.771984675743,12035.191257887622
forecast_5423,2025-08-14 23:00:00,12448.030382538476,14088.771984675743,12035.191257887622
forecast_5424,2025-08-15 00:00:00,12346.482197550898,13980.259472374055,12031.163925034605
forecast_5425,2025-08-15 01:00:00,12194.815120875834,13255.850134305947,10971.231731229109
forecast_5426,2025-08-15 02:00:00,12190.56274344466,13359.071004913969,10428.925496523018
forecast_5427,2025-08-15 03:00:00,11853.909266336352,13051.488152030992,10370.362747632396
forecast_5428,2025-08-15 04:00:00,11853.909266336352,13051.488152030992,9653.947614156834
forecast_5429,2025-08-15 05:00:00,10681.431438232266,11478.424743013034,8404.106760547527
forecast_5430,2025-08-15 06:00:00,9267.112565823412,10282.924620745396,7446.304640754499
forecast_5431,2025-08-15 07:00:00,8299.314619356557,8971.228148163804,6110.274171800716
forecast_5432,2025-08-15 08:00:00,5484.530047428463,5827.445651662802,4542.017539182592
forecast_5433,2025-08-15 09:00:00,3918.7984503364182,3754.1800131187533,3109.800844821231
forecast_5434,2025-08-15 10:00:00,3207.267145009945,3221.0221893864905,2789.2599642811297
forecast_5435,2025-08-15 11:00:00,2868.1252823389786,2996.713675879441,2481.0684810390626
forecast_5436,2025-08-15 12:00:00,2868.1252823389786,2996.713675879441,2481.0684810390626
forecast_5437,2025-08-15 13:00:00,3033.7674449984297,3065.158348395578,2539.9420126392583
forecast_5438,2025-08-15 14:00:00,3036.116451622841,3085.62396746097,2575.553358496784
forecast_5439,2025-08-15 15:00:00,3033.7674449984297,3065.158348395578,2539.9420126392583
forecast_5440,2025-08-15 16:00:00,2964.8819420677764,2970.092013910286,2406.2789768959797
forecast_5441,2025-08-15 17:00:00,2964.8819420677764,2942.5810720461204,2389.690882456793
forecast_5442,2025-08-15 18:00:00,3045.428409031567,2970.092013910286,2406.2789768959797
forecast_5443,2025-08-15 19:00:00,3415.263753331606,3336.5815002584873,2890.2590449214035
forecast_5444,2025-08-15 20:00:00,4226.876438503698,3843.5175757718707,3564.548355838363
forecast_5445,2025-08-15 21:00:00,4646.621035653866,4484.552521224108,4020.4160922333517
forecast_5446,2025-08-15 22:00:00,5640.285263380683,5946.3390757562065,4978.845370982147
forecast_5447,2025-08-15 23:00:00,5661.141425557033,6562.310151234548,5068.6594793818
forecast_5448,2025-08-16 00:00:00,6330.950267379979,7269.992405821911,5289.173656583325
forecast_5449,2025-08-16 01:00:00,9716.942012010808,10529.338327492193,7289.329640547952
forecast_5450,2025-08-16 02:00:00,9747.423827868439,11531.319749756994,7931.004748853059
forecast_5451,2025-08-16 03:00:00,9747.423827868439,11567.001265049248,8442.083327227363
forecast_5452,2025-08-16 04:00:00,9157.945636023494,11567.001265049248,8442.083327227363
forecast_5453,2025-08-16 05:00:00,9157.945636023494,11052.304867290466,7674.454999635598
forecast_5454,2025-08-16 06:00:00,9443.438475797973,10986.284941362781,7614.441939597789
forecast_5455,2025-08-16 07:00:00,9443.438475797973,10491.891146018479,7500.892163247236
forecast_5456,2025-08-16 08:00:00,8924.42067952558,8658.44908450683,5802.510076479402
forecast_5457,2025-08-16 09:00:00,7455.949005722209,7458.193466337863,5210.301855676507
forecast_5458,2025-08-16 10:00:00,5897.756166435683,5549.497128758903,4308.172333064793
forecast_5459,2025-08-16 11:00:00,5754.68837920653,5438.850740563297,4308.172333064793
forecast_5460,2025-08-16 12:00:00,5897.756166435683,5549.497128758903,4325.660535608453
forecast_5461,2025-08-16 13:00:00,6650.501687022389,6484.927920677499,5281.736775112188
forecast_5462,2025-08-16 14:00:00,7394.393619405625,7294.256336629056,6262.366043774584
forecast_5463,2025-08-16 15:00:00,7777.842280188963,7443.366147957837,6547.079750529759
forecast_5464,2025-08-16 16:00:00,7777.842280188963,7525.481036241918,6547.079750529759
forecast_5465,2025-08-16 17:00:00,7777.842280188963,7620.609855610314,6547.079750529759
forecast_5466,2025-08-16 18:00:00,9761.01299418394,9382.283451652249,9328.641642630662
forecast_5467,2025-08-16 19:00:00,11400.633820095787,10591.969128780693,10518.969620065176
forecast_5468,2025-08-16 20:00:00,12331.792438346018,12009.144843298523,11761.984742310848
forecast_5469,2025-08-16 21:00:00,13720.294790271757,14780.59372991465,13490.919449638372
forecast_5470,2025-08-16 22:00:00,15297.65589805214,15661.062988797203,14907.65356980837
forecast_5471,2025-08-16 23:00:00,15464.264153192973,16041.369811781793,15718.879747079443
forecast_5472,2025-08-17 00:00:00,15497.059349746567,16358.45827645274,15802.835378225127
forecast_5473,2025-08-17 01:00:00,16306.558073007813,18095.9809878605,16906.24153640591
forecast_5474,2025-08-17 02:00:00,16259.409646805812,17972.451000291214,16789.734684227802
forecast_5475,2025-08-17 03:00:00,16259.409646805812,17946.80736853333,16789.734684227802
forecast_5476,2025-08-17 04:00:00,17079.56522274446,17946.80736853333,17082.832420173036
forecast_5477,2025-08-17 05:00:00,17305.378038318704,18053.66357487882,17082.832420173036
forecast_5478,2025-08-17 06:00:00,17305.378038318704,18053.66357487882,16536.35310358155
forecast_5479,2025-08-17 07:00:00,16551.578278865825,16200.284862062184,13789.23033495337
forecast_5480,2025-08-17 08:00:00,14786.829378357845,15165.08017409546,12909.11536910318
forecast_5481,2025-08-17 09:00:00,11073.852824362673,12816.760648164967,10601.960402418557
forecast_5482,2025-08-17 10:00:00,8216.262761449267,8263.089856626026,6712.9379889786815
forecast_5483,2025-08-17 11:00:00,5447.986140617083,5688.181506216539,4327.982893470098
forecast_5484,2025-08-17 12:00:00,4693.099335244927,4869.441817679186,3534.4608683096485
forecast_5485,2025-08-17 13:00:00,4693.099335244927,4259.8666960781575,3502.579190870748
forecast_5486,2025-08-17 14:00:00,4343.444892814636,4235.1708539624115,3241.2484867177272
forecast_5487,2025-08-17 15:00:00,4343.444892814636,4042.7913646847796,3151.7071602192673
forecast_5488,2025-08-17 16:00:00,4343.444892814636,4042.7913646847796,3151.7071602192673
forecast_5489,2025-08-17 17:00:00,4372.211678629912,4312.61096938292,3344.97698946975
forecast_5490,2025-08-17 18:00:00,4378.621689513431,4427.74533910906,3373.17484508512
forecast_5491,2025-08-17 19:00:00,5364.836139725254,5216.9237881993195,3783.310713454327
forecast_5492,2025-08-17 20:00:00,5916.547195565015,6061.792629287075,4230.707151185749
forecast_5493,2025-08-17 21:00:00,6329.121150478344,6198.224457949149,4597.240932707074
forecast_5494,2025-08-17 22:00:00,6329.121150478344,6683.71005371415,4700.066959757098
forecast_5495,2025-08-17 23:00:00,6329.121150478344,6683.71005371415,5365.806197696608
forecast_5496,2025-08-18 00:00:00,6557.787673064328,7173.3872849074705,5747.862963753636
forecast_5497,2025-08-18 01:00:00,8618.121168647882,8510.125515291238,5771.6494703710105
forecast_5498,2025-08-18 02:00:00,8492.74286406014,8745.65652955187,5918.314616592111
forecast_5499,2025-08-18 03:00:00,8265.213172133443,9058.367489401757,6113.042396063862
forecast_5500,2025-08-18 04:00:00,8265.213172133443,9197.808654440552,6113.042396063862
forecast_5501,2025-08-18 05:00:00,8666.276397883425,9197.808654440552,6113.042396063862
forecast_5502,2025-08-18 06:00:00,9837.223040290299,10040.361110615682,6925.954472897947
forecast_5503,2025-08-18 07:00:00,9903.233043892687,10688.616574099344,6936.5731170356285
forecast_5504,2025-08-18 08:00:00,9903.233043892687,10688.616574099344,6936.5731170356285
forecast_5505,2025-08-18 09:00:00,8581.838547051148,9388.678607593241,6174.41199433392
forecast_5506,2025-08-18 10:00:00,7293.991798724254,7788.495474707854,5678.549534102792
forecast_5507,2025-08-18 11:00:00,6714.579945204341,6358.917167090659,4373.547904874675
forecast_5508,2025-08-18 12:00:00,6219.248350124282,6093.638986018485,4144.34702830499
forecast_5509,2025-08-18 13:00:00,5473.770098239494,5285.418514457831,3796.721934625358
forecast_5510,2025-08-18 14:00:00,5473.770098239494,5285.418514457831,3796.721934625358
forecast_5511,2025-08-18 15:00:00,5681.964257219156,5285.418514457831,4479.165011394847
forecast_5512,2025-08-18 16:00:00,6235.200390841223,5472.87196378044,4725.292609235863
forecast_5513,2025-08-18 17:00:00,6235.200390841223,5472.87196378044,5072.199737189441
forecast_5514,2025-08-18 18:00:00,7514.991125797174,6991.427294041934,5952.062799276306
forecast_5515,2025-08-18 19:00:00,9910.510694873023,9657.841720936322,8485.945503255847
forecast_5516,2025-08-18 20:00:00,10701.177945218222,11256.637316306984,9708.963708347452
forecast_5517,2025-08-18 21:00:00,11515.581524399606,13406.319228690907,11778.586902280338
forecast_5518,2025-08-18 22:00:00,12340.343544248299,13554.43818182535,12388.182790391313
forecast_5519,2025-08-18 23:00:00,12934.284749160037,14134.505493436769,12935.267403879796
forecast_5520,2025-08-19 00:00:00,13386.516245413068,14650.848111047011,13526.134206478353
forecast_5521,2025-08-19 01:00:00,13862.11717067673,16069.232454372686,14844.077021415165
forecast_5522,2025-08-19 02:00:00,13881.849675241689,16366.747365247933,15004.215127043939
forecast_5523,2025-08-19 03:00:00,13881.849675241689,16775.04707213021,15065.725351772815
forecast_5524,2025-08-19 04:00:00,13975.56288216692,16775.04707213021,15258.724626736532
forecast_5525,2025-08-19 05:00:00,14158.245535898652,16688.256804646786,15258.724626736532
forecast_5526,2025-08-19 06:00:00,14251.239522869404,16685.768403038146,15222.935590392552
forecast_5527,2025-08-19 07:00:00,14505.363390405377,16685.768403038146,15222.935590392552
forecast_5528,2025-08-19 08:00:00,14584.161571732038,16796.996325244985,15518.862800229947
forecast_5529,2025-08-19 09:00:00,14584.161571732038,16796.996325244985,15518.862800229947
forecast_5530,2025-08-19 10:00:00,12896.758430488084,14994.504778721832,13924.441031822676
forecast_5531,2025-08-19 11:00:00,11543.65637523841,13171.863262674931,12182.025250699933
forecast_5532,2025-08-19 12:00:00,11222.261677991484,12780.470451294153,11461.14652727724
forecast_5533,2025-08-19 13:00:00,10559.880620301725,12257.42378781049,11094.194148269245
forecast_5534,2025-08-19 14:00:00,9471.222005383077,9620.53712779762,8945.980983557642
forecast_5535,2025-08-19 15:00:00,9471.222005383077,9620.53712779762,8945.980983557642
forecast_5536,2025-08-19 16:00:00,9904.621125176347,10488.976720853398,9645.806071249466
forecast_5537,2025-08-19 17:00:00,9941.059397650912,10937.287666232904,10362.360200002735
forecast_5538,2025-08-19 18:00:00,10896.203278031011,11709.277608455017,11147.034644538391
forecast_5539,2025-08-19 19:00:00,12087.738912926889,12899.935842792645,12067.934032825486
forecast_5540,2025-08-19 20:00:00,12794.380062710745,14612.619288862934,13311.87777381323
forecast_5541,2025-08-19 21:00:00,12926.388443076441,15013.558117252116,13671.403656552564
forecast_5542,2025-08-19 22:00:00,13420.466063785309,16231.48247717192,14961.800595147328
forecast_5543,2025-08-19 23:00:00,13949.922844676828,16750.16290568783,15660.928094688192
forecast_5544,2025-08-20 00:00:00,14202.009383325902,16993.159343919902,16358.692730515428
forecast_5545,2025-08-20 01:00:00,14816.523255842676,17483.0931462104,17025.173998283884
forecast_5546,2025-08-20 02:00:00,14949.425458355448,17605.382877135176,16908.69555363665
forecast_5547,2025-08-20 03:00:00,15132.724660348307,17654.054488808273,17212.660598586328
forecast_5548,2025-08-20 04:00:00,15286.027497073761,17654.054488808273,17093.165351047825
forecast_5549,2025-08-20 05:00:00,15286.027497073761,17434.41004922033,17093.165351047825
forecast_5550,2025-08-20 06:00:00,15224.631065805792,16843.597203437654,16362.034706285456
forecast_5551,2025-08-20 07:00:00,14273.329624254864,16341.810181642524,15594.949066889287
forecast_5552,2025-08-20 08:00:00,13748.63534864384,15118.953257560472,13954.232173967568
forecast_5553,2025-08-20 09:00:00,11588.792185791553,13291.270359059528,12103.707213172847
forecast_5554,2025-08-20 10:00:00,9189.753672377734,9874.846698770596,8217.329717227118
forecast_5555,2025-08-20 11:00:00,7787.930737431928,8129.471992358476,6354.442724956005
forecast_5556,2025-08-20 12:00:00,6008.080760536559,5593.732611269498,4994.256892198552
forecast_5557,2025-08-20 13:00:00,4851.484147494046,4786.531087561523,3993.2699563568212
forecast_5558,2025-08-20 14:00:00,4851.484147494046,4786.531087561523,3978.678614571649
forecast_5559,2025-08-20 15:00:00,4851.484147494046,4742.551210091461,3974.3111458732137
forecast_5560,2025-08-20 16:00:00,5001.011005387741,4253.6769058122645,3677.135307410413
forecast_5561,2025-08-20 17:00:00,4678.109247266724,4253.6769058122645,3677.135307410413
forecast_5562,2025-08-20 18:00:00,4678.109247266724,4314.352563113369,3876.5034543331035
forecast_5563,2025-08-20 19:00:00,4678.109247266724,4754.560774107109,3985.3995054876186
forecast_5564,2025-08-20 20:00:00,5018.330607488444,6725.274404942368,5080.4153767686885
forecast_5565,2025-08-20 21:00:00,5661.696590201909,7114.394508433897,5263.360464679567
forecast_5566,2025-08-20 22:00:00,8178.744397107899,10624.046493005313,8022.481756129278
forecast_5567,2025-08-20 23:00:00,10115.840662950151,11506.741921025141,9217.681828796578
forecast_5568,2025-08-21 00:00:00,11058.334329438476,12402.328317438347,10009.049893803565
forecast_5569,2025-08-21 01:00:00,11404.87039770617,13014.47220570043,10635.472158076343
forecast_5570,2025-08-21 02:00:00,12620.279388352084,14213.956547388483,11700.137990553649
forecast_5571,2025-08-21 03:00:00,13401.791027109313,14291.083459295545,11700.137990553649
forecast_5572,2025-08-21 04:00:00,13401.791027109313,14291.083459295545,11221.842659237556
forecast_5573,2025-08-21 05:00:00,12899.94791020922,13466.428142699666,10605.514629220985
forecast_5574,2025-08-21 06:00:00,11407.962054369895,10318.594861884043,7638.412059807661
forecast_5575,2025-08-21 07:00:00,7464.430005755161,7890.001444711331,6523.860822489428
forecast_5576,2025-08-21 08:00:00,5231.682205074954,5438.350354876224,4175.371943459957
forecast_5577,2025-08-21 09:00:00,4537.318907812665,4410.050884201712,3250.5991452745343
forecast_5578,2025-08-21 10:00:00,3341.782949462591,3249.58515237747,2553.559214543709
forecast_5579,2025-08-21 11:00:00,2923.655605711728,2730.6433006253983,2520.349772132118
forecast_5580,2025-08-21 12:00:00,2878.301664139981,2605.9460286639483,2319.8498034258555
forecast_5581,2025-08-21 13:00:00,2563.9655008416876,2498.805403762941,2206.764262846927
forecast_5582,2025-08-21 14:00:00,2535.749095347738,2374.7263271598013,2131.7425998647414
forecast_5583,2025-08-21 15:00:00,2535.749095347738,2279.635279310707,2091.5317296478247
forecast_5584,2025-08-21 16:00:00,2606.9615090896123,2279.635279310707,1980.1241387920777
forecast_5585,2025-08-21 17:00:00,2689.8388886184707,2479.6633817312113,1980.1241387920777
forecast_5586,2025-08-21 18:00:00,2913.8543891261934,2657.668929913315,2202.2858486508353
forecast_5587,2025-08-21 19:00:00,2994.6162637332973,3446.6390378286037,2753.9087420966666
forecast_5588,2025-08-21 20:00:00,3587.3104847834934,3814.7276135684633,3094.8261495201405
forecast_5589,2025-08-21 21:00:00,3790.2775838668904,3857.571895172737,3237.7257766568046
forecast_5590,2025-08-21 22:00:00,4187.27708607914,4380.981396480747,3482.89423143351
forecast_5591,2025-08-21 23:00:00,4698.000670412305,4626.444471975723,3482.89423143351
forecast_5592,2025-08-22 00:00:00,4731.8598015263615,4710.743878423649,3483.3258658199625
forecast_5593,2025-08-22 01:00:00,4326.903011520895,3945.94572479543,2995.8905151773397
forecast_5594,2025-08-22 02:00:00,4576.590786089424,4114.782481354379,3050.2708476044436
forecast_5595,2025-08-22 03:00:00,5214.396819633468,4319.932042275677,3357.7117834335922
forecast_5596,2025-08-22 04:00:00,6809.265728151135,5984.992254829897,4148.366668022504
forecast_5597,2025-08-22 05:00:00,7626.543792897255,7174.590328225403,5074.725962058707
forecast_5598,2025-08-22 06:00:00,9870.380830818893,8833.134549750996,6550.714251695747
forecast_5599,2025-08-22 07:00:00,9870.380830818893,8833.134549750996,6550.714251695747
forecast_5600,2025-08-22 08:00:00,9038.755796225763,7939.377300189003,5732.58053530752
forecast_5601,2025-08-22 09:00:00,6954.365197551681,6050.95572178059,4289.127334854337
forecast_5602,2025-08-22 10:00:00,4861.435327502026,4060.9086661408555,2946.0635394311166
forecast_5603,2025-08-22 11:00:00,4114.054129015381,3641.8321135826204,2755.4825437259165
forecast_5604,2025-08-22 12:00:00,3369.359869586534,3044.450464187766,2448.1108263225187
forecast_5605,2025-08-22 13:00:00,3236.140063525052,2933.5966265907746,2275.0557867567563
forecast_5606,2025-08-22 14:00:00,3236.140063525052,2933.5966265907746,2275.0557867567563
forecast_5607,2025-08-22 15:00:00,3537.403176531435,2954.172932183584,2398.211693246176
forecast_5608,2025-08-22 16:00:00,3968.2491621117906,3389.6265983598687,2864.806963813891
forecast_5609,2025-08-22 17:00:00,4451.422995838239,4115.9671516807675,3410.0287641097398
forecast_5610,2025-08-22 18:00:00,4790.19924366288,4144.105160184558,3411.998610287349
forecast_5611,2025-08-22 19:00:00,6995.493760912841,6712.589102953042,5557.526444535565
forecast_5612,2025-08-22 20:00:00,9050.175575762385,8046.405431013976,6032.944499074229
forecast_5613,2025-08-22 21:00:00,11514.435773146944,10426.491249392386,8030.377666310113
forecast_5614,2025-08-22 22:00:00,15117.864334951586,14002.679947085804,12173.098216534854
forecast_5615,2025-08-22 23:00:00,16148.54645806186,15492.440931306419,13620.64794209165
forecast_5616,2025-08-23 00:00:00,16440.831479079243,15778.222898664195,14008.740655272106
forecast_5617,2025-08-23 01:00:00,15484.63932014243,14383.517401273819,12350.804157173206
forecast_5618,2025-08-23 02:00:00,15351.472141293789,14446.00567766801,12127.848893157188
forecast_5619,2025-08-23 03:00:00,15056.698166464304,14321.029124879627,11600.756760852799
forecast_5620,2025-08-23 04:00:00,14289.427011884321,13813.29554187714,10910.756939776293
forecast_5621,2025-08-23 05:00:00,12896.679812450426,12071.950634990528,9580.706159434823
forecast_5622,2025-08-23 06:00:00,11029.359301077997,10157.937488868582,7774.674684296862
forecast_5623,2025-08-23 07:00:00,7934.9817146800615,7146.477343784415,5952.56387698736
forecast_5624,2025-08-23 08:00:00,6371.039062342352,5371.723798738392,4603.230041085475
forecast_5625,2025-08-23 09:00:00,3898.5985730095153,3556.1548296098763,2977.3179784884014
forecast_5626,2025-08-23 10:00:00,2952.1723006100938,2712.5225785809253,2198.214417257584
forecast_5627,2025-08-23 11:00:00,2735.4566156997653,2544.0806136061474,2135.785272551773
forecast_5628,2025-08-23 12:00:00,2687.5354277767237,2406.0554184472003,2126.389123952309
forecast_5629,2025-08-23 13:00:00,2599.8833170521903,2406.0554184472003,2120.7742070095424
forecast_5630,2025-08-23 14:00:00,2581.21628139136,2415.5020697749105,2046.6069541844645
forecast_5631,2025-08-23 15:00:00,2581.21628139136,2462.5457051037765,2021.2596329525034
forecast_5632,2025-08-23 16:00:00,2741.5171546094675,2557.5594024001866,2021.2596329525034
forecast_5633,2025-08-23 17:00:00,2998.100837569791,2962.902874334885,2332.449221835879
forecast_5634,2025-08-23 18:00:00,3010.8330853486946,3142.506117787001,2646.4389793402743
forecast_5635,2025-08-23 19:00:00,3284.5250123919564,3525.167793901144,2868.719782441129
forecast_5636,2025-08-23 20:00:00,4005.3197165042648,3700.1908512070177,3115.897379557118
forecast_5637,2025-08-23 21:00:00,4387.687189860513,4001.7264730177253,3232.7703791307003
forecast_5638,2025-08-23 22:00:00,5410.293565403381,4377.854499992654,3982.2887360177774
forecast_5639,2025-08-23 23:00:00,5410.293565403381,4428.655481671349,3982.2887360177774
forecast_5640,2025-08-24 00:00:00,5162.429835224375,4573.166104978345,3789.5380657829937
forecast_5641,2025-08-24 01:00:00,3901.586242901461,3525.574073599324,2696.73925189339
forecast_5642,2025-08-24 02:00:00,3837.614581817117,3301.3520904042134,2684.1150645956473
forecast_5643,2025-08-24 03:00:00,3577.0491781622186,3188.7575305382748,2678.032731269751
forecast_5644,2025-08-24 04:00:00,3347.4982477477447,3097.218057899321,2504.9893077371066
forecast_5645,2025-08-24 05:00:00,3344.3854683731124,3049.477158370378,2526.396060996774
forecast_5646,2025-08-24 06:00:00,3344.3854683731124,3049.477158370378,2526.396060996774
forecast_5647,2025-08-24 07:00:00,3344.3854683731124,3203.5178626776737,2607.3063159806175
forecast_5648,2025-08-24 08:00:00,3325.042625100211,3350.0236512758215,2629.484102110713
forecast_5649,2025-08-24 09:00:00,3076.0990401425297,3203.5178626776737,2629.484102110713
forecast_5650,2025-08-24 10:00:00,2979.6816752344494,3171.9340464770676,2547.10628722938
forecast_5651,2025-08-24 11:00:00,2844.8790088318124,3106.9748521228553,2547.10628722938
forecast_5652,2025-08-24 12:00:00,2844.8790088318124,3026.3663058713355,2573.094679788375
forecast_5653,2025-08-24 13:00:00,3016.785818062418,2788.01292385977,2573.094679788375
forecast_5654,2025-08-24 14:00:00,3027.238548831828,2749.6191263796404,2573.094679788375
forecast_5655,2025-08-24 15:00:00,3027.238548831828,2749.6191263796404,2465.2549995661516
forecast_5656,2025-08-24 16:00:00,3102.2360183842516,2990.835533460355,2528.091971851553
forecast_5657,2025-08-24 17:00:00,3167.5984904122975,3213.695154459469,2528.091971851553
forecast_5658,2025-08-24 18:00:00,3309.195785690651,3213.695154459469,2625.881199652484
forecast_5659,2025-08-24 19:00:00,3434.4814420688053,3281.9092881797305,2817.6577396353873
forecast_5660,2025-08-24 20:00:00,3437.0896497356835,3565.0316992578896,2832.703076859007
forecast_5661,2025-08-24 21:00:00,3532.2539054991407,3573.685380197524,2938.164928171112
forecast_5662,2025-08-24 22:00:00,4442.903899860003,4405.238367834361,3495.2167958346245
forecast_5663,2025-08-24 23:00:00,4442.903899860003,4405.238367834361,3495.2167958346245
forecast_5664,2025-08-25 00:00:00,4256.373298788116,4414.055784280472,3477.8852412961887
forecast_5665,2025-08-25 01:00:00,4148.690285982659,4076.77946948291,3060.0912371490513
forecast_5666,2025-08-25 02:00:00,4170.960568061703,3947.4316056131233,3052.0924865366937
forecast_5667,2025-08-25 03:00:00,4148.632875231783,3947.4316056131233,3052.0924865366937
forecast_5668,2025-08-25 04:00:00,4148.632875231783,3880.7062153333595,3052.0924865366937
forecast_5669,2025-08-25 05:00:00,4148.632875231783,3987.913848691499,3056.6608863861925
forecast_5670,2025-08-25 06:00:00,4616.26094555194,3979.823036444336,3056.6608863861925
forecast_5671,2025-08-25 07:00:00,4616.26094555194,3979.823036444336,3056.6608863861925
forecast_5672,2025-08-25 08:00:00,4197.1542624895355,3901.597502373987,2857.599643731247
forecast_5673,2025-08-25 09:00:00,3767.4486837958384,3504.085533050717,2746.3762323030464
forecast_5674,2025-08-25 10:00:00,3207.409168154013,2919.896855600353,2665.8569111668476
forecast_5675,2025-08-25 11:00:00,3144.324099522236,2732.715206798709,2487.305012612685
forecast_5676,2025-08-25 12:00:00,3144.324099522236,2732.715206798709,2487.305012612685
forecast_5677,2025-08-25 13:00:00,3200.0282273628195,2840.835990998947,2550.864250111169
forecast_5678,2025-08-25 14:00:00,3397.2622374838043,3028.8451150877067,2635.386125815575
forecast_5679,2025-08-25 15:00:00,3510.419616522499,3518.738516600303,2959.846657664917
forecast_5680,2025-08-25 16:00:00,3711.5587433779137,3604.8258878046718,2959.846657664917
forecast_5681,2025-08-25 17:00:00,3860.484665132648,3604.8258878046718,2959.846657664917
forecast_5682,2025-08-25 18:00:00,3897.2069160621677,4424.949588145867,3117.3954374624745
forecast_5683,2025-08-25 19:00:00,5920.083089111092,7855.770219238455,5615.636355462876
forecast_5684,2025-08-25 20:00:00,8377.826551175596,10555.02379605574,7948.998986761822
forecast_5685,2025-08-25 21:00:00,9431.78883374629,11941.811059335063,9661.504765049258
forecast_5686,2025-08-25 22:00:00,11933.218773344923,13263.927927913504,11719.96158324899
forecast_5687,2025-08-25 23:00:00,12704.354906662415,14445.792814082048,13090.482085830734
forecast_5688,2025-08-26 00:00:00,12723.120124748126,15077.82523873822,13351.262785331974
forecast_5689,2025-08-26 01:00:00,12932.662910653311,16747.19466393939,15400.457052242917
forecast_5690,2025-08-26 02:00:00,12662.850988144843,17184.188784497885,15473.992741642982
forecast_5691,2025-08-26 03:00:00,12662.850988144843,17265.30863815069,15473.992741642982
forecast_5692,2025-08-26 04:00:00,12820.848956102582,17364.11862893982,15473.992741642982
forecast_5693,2025-08-26 05:00:00,13568.407224888102,17364.11862893982,15952.49206264026
forecast_5694,2025-08-26 06:00:00,13568.407224888102,17220.607398770167,15952.49206264026
forecast_5695,2025-08-26 07:00:00,12919.023463981695,15596.957027931425,14525.988062200247
forecast_5696,2025-08-26 08:00:00,11781.998918851148,14689.780949140739,13770.47878760951
forecast_5697,2025-08-26 09:00:00,11579.263726313156,14581.402512955752,13460.532580102546
forecast_5698,2025-08-26 10:00:00,10802.27433493243,14353.15720139762,13460.532580102546
forecast_5699,2025-08-26 11:00:00,10604.134148614083,13723.065057795195,13302.740505514037
forecast_5700,2025-08-26 12:00:00,10604.134148614083,12983.15734640173,13097.5333190434
forecast_5701,2025-08-26 13:00:00,10823.372979774711,12983.15734640173,13097.5333190434
forecast_5702,2025-08-26 14:00:00,11327.999000911497,13509.251295522572,13102.427481028422
forecast_5703,2025-08-26 15:00:00,12132.300113494604,13559.88179790724,13103.387229450609
forecast_5704,2025-08-26 16:00:00,11417.393830564044,13509.251295522572,13102.427481028422
forecast_5705,2025-08-26 17:00:00,11417.393830564044,11526.374348065763,11661.539529634736
forecast_5706,2025-08-26 18:00:00,9981.049335297352,10435.832386933806,9518.338598957038
forecast_5707,2025-08-26 19:00:00,9428.419180220557,10202.06132082176,9107.325930385923
forecast_5708,2025-08-26 20:00:00,8791.439010224673,9809.118160617003,7696.204753831802
forecast_5709,2025-08-26 21:00:00,8791.439010224673,9809.118160617003,7696.204753831802
forecast_5710,2025-08-26 22:00:00,10629.554795439108,11695.075390447879,9372.48586515364
forecast_5711,2025-08-26 23:00:00,10629.554795439108,11695.075390447879,9372.48586515364
forecast_5712,2025-08-27 00:00:00,10312.892374102852,11589.002195807003,8777.681653935164
forecast_5713,2025-08-27 01:00:00,8374.437783757608,8705.602629623947,6395.796987258822
forecast_5714,2025-08-27 02:00:00,8340.009676598887,8456.401135353679,6350.067754885542
forecast_5715,2025-08-27 03:00:00,6197.93528781565,6569.461954337111,4869.002115266137
forecast_5716,2025-08-27 04:00:00,4944.216001310242,5112.585416869957,3992.3592112333063
forecast_5717,2025-08-27 05:00:00,3708.8924935741707,3851.73806318578,3248.902260997334
forecast_5718,2025-08-27 06:00:00,3390.5963560628966,3287.4538826721464,2695.2879245386434
forecast_5719,2025-08-27 07:00:00,2976.584687099754,3259.195728183432,2680.0320433146508
forecast_5720,2025-08-27 08:00:00,2896.308268678314,3259.195728183432,2639.6836330765254
forecast_5721,2025-08-27 09:00:00,2578.8111022197068,2815.8574965482862,2255.1911961537553
forecast_5722,2025-08-27 10:00:00,2578.8111022197068,2589.5797588924734,2255.1911961537553
forecast_5723,2025-08-27 11:00:00,2635.6382471640536,2589.5797588924734,2259.72249057024
forecast_5724,2025-08-27 12:00:00,2843.2069545832537,2632.848864618186,2328.8674565685405
forecast_5725,2025-08-27 13:00:00,2936.614284328791,2632.848864618186,2394.9207402970596
forecast_5726,2025-08-27 14:00:00,2936.614284328791,2632.848864618186,2394.9207402970596
forecast_5727,2025-08-27 15:00:00,2936.614284328791,2707.0844713370348,2394.9207402970596
forecast_5728,2025-08-27 16:00:00,2701.1869982154467,2707.0844713370348,2316.50148981638
forecast_5729,2025-08-27 17:00:00,2668.505341514413,2666.2834113331364,2308.7289507062533
forecast_5730,2025-08-27 18:00:00,2668.505341514413,2647.4067078981006,2308.7289507062533
forecast_5731,2025-08-27 19:00:00,2668.505341514413,2647.4067078981006,2315.1445599360814
forecast_5732,2025-08-27 20:00:00,2720.40298403561,2732.259734024985,2374.4927612045935
forecast_5733,2025-08-27 21:00:00,2759.9119032153176,2873.5253691473413,2398.556979227234
forecast_5734,2025-08-27 22:00:00,3128.7800503223575,3276.384852444694,2706.0813988240197
forecast_5735,2025-08-27 23:00:00,3134.22564357966,3390.3385649451366,2878.949930637485
forecast_5736,2025-08-28 00:00:00,3147.648041578297,3405.6622632423546,2895.1960295133777
forecast_5737,2025-08-28 01:00:00,3755.9940241017202,3584.085481978902,2928.1813238281266
forecast_5738,2025-08-28 02:00:00,3767.5212395802073,3755.3494584400296,2885.5056524742813
forecast_5739,2025-08-28 03:00:00,4034.7600551354053,3775.713613900839,3007.8491095812524
forecast_5740,2025-08-28 04:00:00,4321.177946353358,4166.796177604117,3070.906154096553
forecast_5741,2025-08-28 05:00:00,4606.592776660223,5150.128617394539,3714.1836729773904
forecast_5742,2025-08-28 06:00:00,4606.592776660223,5150.128617394539,3714.1836729773904
forecast_5743,2025-08-28 07:00:00,4525.15929174414,5005.730475911225,3712.135157856981
forecast_5744,2025-08-28 08:00:00,4318.302293716227,4796.672505554463,3642.8855924641757
forecast_5745,2025-08-28 09:00:00,4291.2329282585415,4491.094649074026,3482.6478657663088
forecast_5746,2025-08-28 10:00:00,3845.674463339104,3835.1030748330886,3085.024215017404
forecast_5747,2025-08-28 11:00:00,3397.990664970081,3297.89829904438,2784.4483677476674
forecast_5748,2025-08-28 12:00:00,3397.990664970081,3297.89829904438,2784.4483677476674
forecast_5749,2025-08-28 13:00:00,3710.177696614754,4013.3362246109223,3095.6472939224304
forecast_5750,2025-08-28 14:00:00,4049.291420828985,4494.891146012641,3251.183055897406
forecast_5751,2025-08-28 15:00:00,4049.291420828985,5027.718809018818,3675.5528261563645
forecast_5752,2025-08-28 16:00:00,4196.420658658903,5071.290647902086,3752.0822079582954
forecast_5753,2025-08-28 17:00:00,4385.343408801044,5510.017557598033,4135.055434235246
forecast_5754,2025-08-28 18:00:00,4395.0333906546275,5843.045271479624,4135.406689337461
forecast_5755,2025-08-28 19:00:00,5315.462160207636,7013.532643085158,5303.617970074437
forecast_5756,2025-08-28 20:00:00,7219.526202708745,9762.09484870509,6975.533150696399
forecast_5757,2025-08-28 21:00:00,8568.976500528492,12258.0511806438,9007.077282012639
forecast_5758,2025-08-28 22:00:00,11220.221920025757,14496.690875416127,11540.818898808671
forecast_5759,2025-08-28 23:00:00,11761.068484767176,16092.34435876676,13212.505123224837
forecast_5760,2025-08-29 00:00:00,12158.841022344353,16223.587954911094,13813.978226402254
forecast_5761,2025-08-29 01:00:00,15394.523865742369,17684.809709351925,16914.86219728905
forecast_5762,2025-08-29 02:00:00,15617.581555941895,18154.69419855368,17306.434678930127
forecast_5763,2025-08-29 03:00:00,15706.239118907688,18496.50235818915,17577.27958282615
forecast_5764,2025-08-29 04:00:00,15706.239118907688,18496.50235818915,17577.27958282615
forecast_5765,2025-08-29 05:00:00,15615.703905187791,17949.32143726308,17210.232703404094
forecast_5766,2025-08-29 06:00:00,15615.703905187791,17936.262657149022,17175.321946099342
forecast_5767,2025-08-29 07:00:00,15615.703905187791,17902.183692391394,17041.760104831345
forecast_5768,2025-08-29 08:00:00,15275.140285632582,17523.413655881195,16646.03279980955
forecast_5769,2025-08-29 09:00:00,14358.231177354528,16638.90700273798,16014.888789929386
forecast_5770,2025-08-29 10:00:00,14081.506893976464,16166.089498830488,15604.197862055957
forecast_5771,2025-08-29 11:00:00,13612.642229123943,15008.20238754368,14460.93576389279
forecast_5772,2025-08-29 12:00:00,12950.800769096179,13648.511626908488,12594.741504244728
forecast_5773,2025-08-29 13:00:00,12124.143857907718,11605.099358062136,11005.983474740759
forecast_5774,2025-08-29 14:00:00,11317.669936571196,11605.099358062136,10694.139995080266
forecast_5775,2025-08-29 15:00:00,10862.661636771067,11555.646641562265,10572.475938761278
forecast_5776,2025-08-29 16:00:00,10516.992310824184,11060.694433354069,10238.780115392388
forecast_5777,2025-08-29 17:00:00,10516.992310824184,10565.891825400544,9794.131027941487
forecast_5778,2025-08-29 18:00:00,11285.192549711293,10565.891825400544,9794.131027941487
forecast_5779,2025-08-29 19:00:00,11892.820960373836,10662.770931778889,10125.192214086415
forecast_5780,2025-08-29 20:00:00,12769.194830383041,12366.553686244373,11320.442160449053
forecast_5781,2025-08-29 21:00:00,13316.050093518028,13294.969638338905,11366.421461162896
forecast_5782,2025-08-29 22:00:00,14810.39950173987,15321.285787609813,13166.865451757529
forecast_5783,2025-08-29 23:00:00,14810.39950173987,15321.285787609813,13166.865451757529
forecast_5784,2025-08-30 00:00:00,14718.726839041477,15321.238421762717,13127.579562731
forecast_5785,2025-08-30 01:00:00,14228.585051199405,14481.548039764535,12614.125527984126
forecast_5786,2025-08-30 02:00:00,13900.549013803922,14044.94501767067,12148.059982018916
forecast_5787,2025-08-30 03:00:00,12861.590438256677,13721.039654735872,10883.24466084439
forecast_5788,2025-08-30 04:00:00,11732.029934197159,11762.956014527963,9045.541397284313
forecast_5789,2025-08-30 05:00:00,10398.442654495353,11395.988717792945,8018.92477736764
forecast_5790,2025-08-30 06:00:00,9291.817539047175,9151.647956526771,6722.286221294938
forecast_5791,2025-08-30 07:00:00,8093.398860805927,8306.53386506212,5902.896419364502
forecast_5792,2025-08-30 08:00:00,7268.969292629581,6932.540207672848,5153.0318694658945
forecast_5793,2025-08-30 09:00:00,5670.900678648788,4938.971573520211,4018.7228364848097
forecast_5794,2025-08-30 10:00:00,3857.5658329002827,3182.3033499471267,2776.126778964608
forecast_5795,2025-08-30 11:00:00,3504.3948288361184,2981.287706358262,2691.0829245831405
forecast_5796,2025-08-30 12:00:00,3242.519251394772,2887.106823131344,2509.1718429448606
forecast_5797,2025-08-30 13:00:00,2991.185499282228,2829.405048054469,2406.7158291954197
forecast_5798,2025-08-30 14:00:00,2912.133867751364,2810.8579916914546,2386.5239356045304
forecast_5799,2025-08-30 15:00:00,2912.133867751364,2810.8579916914546,2310.4705396453915
forecast_5800,2025-08-30 16:00:00,2912.133867751364,2681.579277076888,2264.180493761424
forecast_5801,2025-08-30 17:00:00,3062.8644508456227,2681.579277076888,2264.180493761424
forecast_5802,2025-08-30 18:00:00,3463.221337963797,2920.396864764543,2453.104098609884
forecast_5803,2025-08-30 19:00:00,4035.5021794649583,3630.33999952082,3091.4377163132126
forecast_5804,2025-08-30 20:00:00,4452.541462444038,3843.2943483378426,3141.160799696384
forecast_5805,2025-08-30 21:00:00,5162.395034563373,4524.834377222124,3506.781972881547
forecast_5806,2025-08-30 22:00:00,6502.755105666521,5985.316432420492,4766.648106545475
forecast_5807,2025-08-30 23:00:00,6503.097772381319,6265.9071195342485,4773.65386023945
forecast_5808,2025-08-31 00:00:00,6502.9264390239205,6417.238601858873,4774.806001630441
forecast_5809,2025-08-31 01:00:00,6424.437362673399,8915.63154895122,5927.319331470414
forecast_5810,2025-08-31 02:00:00,6900.7069394882365,8669.744713856107,5836.807072242023
forecast_5811,2025-08-31 03:00:00,6900.7069394882365,8605.637262046363,5681.913508454967
forecast_5812,2025-08-31 04:00:00,6129.1348900791945,7639.033542582469,4588.6354082292055
forecast_5813,2025-08-31 05:00:00,5290.144492841605,6107.187865350634,3490.438428621145
forecast_5814,2025-08-31 06:00:00,5188.006498326229,5457.598146461423,3437.236403306283
forecast_5815,2025-08-31 07:00:00,4635.965291024964,4920.886711047869,3130.706580889716
forecast_5816,2025-08-31 08:00:00,4254.168916562788,3837.4952606294946,3104.5382307146983
forecast_5817,2025-08-31 09:00:00,3770.1182759618723,3476.4835805150187,2974.863255456018
forecast_5818,2025-08-31 10:00:00,3701.5438902139003,3473.906964767359,2847.9317139189166
forecast_5819,2025-08-31 11:00:00,3192.3762645273823,3473.906964767359,2761.8531085235086
forecast_5820,2025-08-31 12:00:00,3026.9869870489315,3473.906964767359,2679.8603854839703
forecast_5821,2025-08-31 13:00:00,3026.9869870489315,3545.826165132142,2679.8603854839703
forecast_5822,2025-08-31 14:00:00,3496.5583772057958,3834.172986457225,2886.292877635429
forecast_5823,2025-08-31 15:00:00,3587.0310145921585,4557.5772842924835,3226.0385882944815
forecast_5824,2025-08-31 16:00:00,4228.286435302819,5282.909195269903,3738.982331357006
forecast_5825,2025-08-31 17:00:00,4312.217880259911,5869.28050157434,3738.982331357006
forecast_5826,2025-08-31 18:00:00,5101.237419001015,5923.321098165161,3738.982331357006
forecast_5827,2025-08-31 19:00:00,5730.065258325095,7162.926493277567,4796.215485849434
forecast_5828,2025-08-31 20:00:00,6545.66188885644,8805.99664842258,5919.896205722937
forecast_5829,2025-08-31 21:00:00,7196.663799537186,10106.430209171445,6894.633407281134
forecast_5830,2025-08-31 22:00:00,8967.178696712826,11822.877710311051,8874.070465235776
forecast_5831,2025-08-31 23:00:00,9534.126946105833,12526.44233416573,9620.711397998542
forecast_5832,2025-09-01 00:00:00,9900.670711769118,13207.338365475265,10100.816538633186
forecast_5833,2025-09-01 01:00:00,11327.437649153526,14091.769591079825,11501.960681650557
forecast_5834,2025-09-01 02:00:00,11067.083454446345,13904.503918623333,11024.431370174452
forecast_5835,2025-09-01 03:00:00,11067.083454446345,13904.503918623333,11024.431370174452
forecast_5836,2025-09-01 04:00:00,11186.39703911391,14282.568405973812,11671.82098331351
forecast_5837,2025-09-01 05:00:00,11324.651170676165,14282.568405973812,11671.82098331351
forecast_5838,2025-09-01 06:00:00,11324.651170676165,14137.4042373251,11010.860264874917
forecast_5839,2025-09-01 07:00:00,10100.7197696939,12629.76539433115,9529.587901773757
forecast_5840,2025-09-01 08:00:00,8325.428302710032,11380.945143182116,8533.81098210828
forecast_5841,2025-09-01 09:00:00,6871.526658326786,9782.74581067909,7372.642771723961
forecast_5842,2025-09-01 10:00:00,5657.837594486834,8116.912627570708,6172.471532158011
forecast_5843,2025-09-01 11:00:00,5637.301928076196,7631.94570311397,5956.206115162467
forecast_5844,2025-09-01 12:00:00,5565.171494576176,7413.27268186772,5510.75793962694
forecast_5845,2025-09-01 13:00:00,5565.171494576176,7452.169711287813,5718.599890675158
forecast_5846,2025-09-01 14:00:00,5953.946245309371,7320.74988667601,5551.911148143399
forecast_5847,2025-09-01 15:00:00,6142.760262787468,7452.169711287813,5718.599890675158
forecast_5848,2025-09-01 16:00:00,7196.652090295813,8732.055092160164,6816.528182483993
forecast_5849,2025-09-01 17:00:00,7328.240276186856,8732.055092160164,6834.7743111690725
forecast_5850,2025-09-01 18:00:00,7348.336892152145,8289.464938825788,6816.528182483993
forecast_5851,2025-09-01 19:00:00,7862.184428020251,8289.464938825788,6655.326897932925
forecast_5852,2025-09-01 20:00:00,7348.336892152145,7976.235364487142,6506.55246482226
forecast_5853,2025-09-01 21:00:00,7169.4470739917915,8534.959320148864,5894.798841759067
forecast_5854,2025-09-01 22:00:00,7169.4470739917915,8944.26519299206,5894.798841759067
forecast_5855,2025-09-01 23:00:00,9137.194598965929,10711.751387219532,8436.291879574062
forecast_5856,2025-09-02 00:00:00,9250.832876233566,10741.8866518451,8463.249622252693
forecast_5857,2025-09-02 01:00:00,10502.005226228906,11666.446187649939,9716.07952050495
forecast_5858,2025-09-02 02:00:00,10078.156013596574,11292.353805540675,8804.988721377713
forecast_5859,2025-09-02 03:00:00,9490.899774293275,10461.132976829906,8329.449194800845
forecast_5860,2025-09-02 04:00:00,7785.218935199213,9409.424760574831,7056.422226561362
forecast_5861,2025-09-02 05:00:00,6918.094556221506,9367.461010953279,6676.130024878566
forecast_5862,2025-09-02 06:00:00,6629.020794880287,9222.88563891762,6034.744547860082
forecast_5863,2025-09-02 07:00:00,5882.546372949129,7591.098390375232,4812.975916390085
forecast_5864,2025-09-02 08:00:00,5330.7639226178,6228.672930567712,4290.208860303507
forecast_5865,2025-09-02 09:00:00,4736.58437260675,5580.923168902918,4123.100836818002
forecast_5866,2025-09-02 10:00:00,3702.9888762307173,3862.510884715071,2569.9786375197305
forecast_5867,2025-09-02 11:00:00,3361.934878740239,3118.2437442231067,2286.0494044750662
forecast_5868,2025-09-02 12:00:00,3015.630566630062,2629.2099952171843,2162.448802110677
forecast_5869,2025-09-02 13:00:00,3015.630566630062,2629.2099952171843,2162.448802110677
forecast_5870,2025-09-02 14:00:00,2988.079466646873,2669.0058032180814,2221.162112277401
forecast_5871,2025-09-02 15:00:00,2839.1617891761202,2669.0058032180814,2246.831077746323
forecast_5872,2025-09-02 16:00:00,2809.3301939622324,2631.454257184953,2227.3237094286937
forecast_5873,2025-09-02 17:00:00,2809.3301939622324,2631.454257184953,2246.831077746323
forecast_5874,2025-09-02 18:00:00,2781.9182328997194,2672.90916992129,2314.820399506785
forecast_5875,2025-09-02 19:00:00,2781.9182328997194,2837.947568279176,2450.495247602268
forecast_5876,2025-09-02 20:00:00,2960.1937321425307,2977.1864027708375,2677.7599877072034
forecast_5877,2025-09-02 21:00:00,3060.0253884246267,3377.012853821487,2848.8142022472575
forecast_5878,2025-09-02 22:00:00,3677.844932041382,4008.3043426946124,3639.91896834902
forecast_5879,2025-09-02 23:00:00,3677.844932041382,4008.3043426946124,3639.91896834902
forecast_5880,2025-09-03 00:00:00,3657.9523633825693,4119.528512087021,3293.5505810940376
forecast_5881,2025-09-03 01:00:00,3326.862808749615,3561.800484335973,2606.772575458348
forecast_5882,2025-09-03 02:00:00,3325.6668337165474,3527.5662202492313,2583.4084725859516
forecast_5883,2025-09-03 03:00:00,3259.656960716558,3455.1632410154975,2528.836322344424
forecast_5884,2025-09-03 04:00:00,3081.6426948489107,3425.028920307831,2528.836322344424
forecast_5885,2025-09-03 05:00:00,3057.0842324761356,3019.81830210295,2556.84371249319
forecast_5886,2025-09-03 06:00:00,2907.4710232359243,3019.81830210295,2556.84371249319
forecast_5887,2025-09-03 07:00:00,2647.89129795965,2923.7931472111004,2371.0788308314986
forecast_5888,2025-09-03 08:00:00,2590.996864323149,2532.567671549303,2243.85083240589
forecast_5889,2025-09-03 09:00:00,2533.557303927326,2515.429240230363,2166.0698729970854
forecast_5890,2025-09-03 10:00:00,2437.087144220985,2482.104791847121,2166.0698729970854
forecast_5891,2025-09-03 11:00:00,2437.087144220985,2482.104791847121,2175.0014116100674
forecast_5892,2025-09-03 12:00:00,2437.087144220985,2566.13235851656,2189.2035279738866
forecast_5893,2025-09-03 13:00:00,2762.813472564693,2567.213821631641,2361.7829521379363
forecast_5894,2025-09-03 14:00:00,2762.813472564693,2566.13235851656,2361.7829521379363
forecast_5895,2025-09-03 15:00:00,2660.441530191809,2428.6495119471815,2303.1119448237596
forecast_5896,2025-09-03 16:00:00,2569.916553905706,2402.594939329403,2230.3591105028736
forecast_5897,2025-09-03 17:00:00,2569.916553905706,2382.610141320095,2198.043915821392
forecast_5898,2025-09-03 18:00:00,2577.475942403665,2382.610141320095,2230.3591105028736
forecast_5899,2025-09-03 19:00:00,2614.753445119354,2387.2507740826645,2185.172648225988
forecast_5900,2025-09-03 20:00:00,2700.60505951808,2413.100652601104,2243.220477090383
forecast_5901,2025-09-03 21:00:00,2766.612031499634,2718.9411639943223,2320.4547115945543
forecast_5902,2025-09-03 22:00:00,3277.3417519265618,3208.4746114125855,2692.6982871611444
forecast_5903,2025-09-03 23:00:00,3277.3417519265618,3281.2302386275646,2744.0582838757655
forecast_5904,2025-09-04 00:00:00,3292.934226614567,3244.8524250200753,2718.378285518455
forecast_5905,2025-09-04 01:00:00,2830.9993228444255,2483.801398386375,2047.6967142906988
forecast_5906,2025-09-04 02:00:00,2712.6648589645856,2487.852755800764,1981.2132148688688
forecast_5907,2025-09-04 03:00:00,2646.2666783791465,2545.4626770536024,1981.2132148688688
forecast_5908,2025-09-04 04:00:00,2631.5089536295295,2689.4075145166294,2118.5173331158785
forecast_5909,2025-09-04 05:00:00,2602.4631872172567,2700.2383912454097,2118.5173331158785
forecast_5910,2025-09-04 06:00:00,2602.4631872172567,2867.579799332405,2118.5173331158785
forecast_5911,2025-09-04 07:00:00,2847.924856653196,3039.8804728553587,2192.8477884801555
forecast_5912,2025-09-04 08:00:00,2847.924856653196,3039.8804728553587,2192.8477884801555
forecast_5913,2025-09-04 09:00:00,2738.960411289931,2773.116045552249,2157.2645727297313
forecast_5914,2025-09-04 10:00:00,2579.4764818807307,2532.0236722522404,2009.7192600015346
forecast_5915,2025-09-04 11:00:00,2478.450286409333,2532.0236722522404,2009.7192600015346
forecast_5916,2025-09-04 12:00:00,2478.450286409333,2696.7002288774747,2214.6673080292485
forecast_5917,2025-09-04 13:00:00,2505.8599580100254,2851.3767023771843,2288.8269939543625
forecast_5918,2025-09-04 14:00:00,2505.8599580100254,2851.3767023771843,2288.8269939543625
forecast_5919,2025-09-04 15:00:00,2505.8599580100254,2816.003981338039,2231.6377106541086
forecast_5920,2025-09-04 16:00:00,2534.8003421799303,2816.003981338039,2231.6377106541086
forecast_5921,2025-09-04 17:00:00,2534.8003421799303,2860.255812834268,2237.270568234792
forecast_5922,2025-09-04 18:00:00,2495.665233455351,2898.7961381285068,2237.270568234792
forecast_5923,2025-09-04 19:00:00,2495.665233455351,2898.7961381285068,2237.270568234792
forecast_5924,2025-09-04 20:00:00,2605.0229324924635,2965.9271337439855,2324.9723136865928
forecast_5925,2025-09-04 21:00:00,2656.3933252259894,2980.5560856132643,2405.9567608134084
forecast_5926,2025-09-04 22:00:00,3117.9470468185136,3675.9405628375616,2765.982607444997
forecast_5927,2025-09-04 23:00:00,3284.762390739106,3675.9405628375616,2839.351820977243
forecast_5928,2025-09-05 00:00:00,3334.7138533750726,3698.215506642059,2906.280575951499
forecast_5929,2025-09-05 01:00:00,3151.366585361333,3427.086896966886,2650.70548911065
forecast_5930,2025-09-05 02:00:00,3108.930677803947,3387.559505789378,2630.996978546171
forecast_5931,2025-09-05 03:00:00,3108.930677803947,3444.4453025534303,2517.061743192287
forecast_5932,2025-09-05 04:00:00,3106.6319404107826,3444.4453025534303,2517.061743192287
forecast_5933,2025-09-05 05:00:00,3056.940448848577,3471.570577170376,2535.6243543529613
forecast_5934,2025-09-05 06:00:00,3033.695028464474,3477.8273400679363,2535.6243543529613
forecast_5935,2025-09-05 07:00:00,2868.5155884623177,3471.570577170376,2512.792437875735
forecast_5936,2025-09-05 08:00:00,2750.918097439554,3182.2042223000535,2464.296416410435
forecast_5937,2025-09-05 09:00:00,2714.9270027747066,3104.761927596692,2431.5397130661813
forecast_5938,2025-09-05 10:00:00,2714.9270027747066,2628.3531744026413,2400.401860962319
forecast_5939,2025-09-05 11:00:00,2487.0785695509103,2602.1640798788126,2129.348941056515
forecast_5940,2025-09-05 12:00:00,2487.0785695509103,2602.1640798788126,2129.348941056515
forecast_5941,2025-09-05 13:00:00,2563.693925868162,2719.472468430792,2328.388368935502
forecast_5942,2025-09-05 14:00:00,2626.1832373684824,2719.472468430792,2328.388368935502
forecast_5943,2025-09-05 15:00:00,2626.1832373684824,2690.1832439797718,2299.19354412918
forecast_5944,2025-09-05 16:00:00,2626.1832373684824,2685.682272148523,2245.782177727108
forecast_5945,2025-09-05 17:00:00,2717.3465561293965,2685.682272148523,2245.782177727108
forecast_5946,2025-09-05 18:00:00,3093.720873142218,3023.1923081982777,2753.9396118659615
forecast_5947,2025-09-05 19:00:00,3335.396595953042,3464.960310324329,2789.077763493945
forecast_5948,2025-09-05 20:00:00,3461.0886941921235,3514.592526373936,2977.027511755485
forecast_5949,2025-09-05 21:00:00,3873.5923133475735,4036.2507069468456,3203.6457170103677
forecast_5950,2025-09-05 22:00:00,4687.984720944817,5314.572119594677,3794.5846949353822
forecast_5951,2025-09-05 23:00:00,5016.034670600614,6334.314806340405,4381.3261445132475
forecast_5952,2025-09-06 00:00:00,5324.043875802976,6769.075515641469,4621.871389280144
forecast_5953,2025-09-06 01:00:00,8065.607126297471,11453.785196716744,7915.2425895386
forecast_5954,2025-09-06 02:00:00,8475.630171127314,12132.213436807484,8295.290188109033
forecast_5955,2025-09-06 03:00:00,11069.509991699028,14250.101620514853,10197.25680221739
forecast_5956,2025-09-06 04:00:00,11827.012215771807,15333.142580679309,11547.53481697672
forecast_5957,2025-09-06 05:00:00,12833.84338910683,15596.08856807732,12508.422419183033
forecast_5958,2025-09-06 06:00:00,13592.430830957348,15859.578402064764,13362.565169065603
forecast_5959,2025-09-06 07:00:00,13592.430830957348,16153.955350692704,14009.415253847046
forecast_5960,2025-09-06 08:00:00,13337.523338169583,16153.955350692704,14009.415253847046
forecast_5961,2025-09-06 09:00:00,12161.634423943116,14819.997821570267,13162.440310737318
forecast_5962,2025-09-06 10:00:00,11081.697382589171,13323.195775986189,11786.811503861683
forecast_5963,2025-09-06 11:00:00,10852.276845627512,12469.415034505777,11064.179021788692
forecast_5964,2025-09-06 12:00:00,10761.298048551269,12469.415034505777,11064.179021788692
forecast_5965,2025-09-06 13:00:00,10761.298048551269,12584.287926548157,11127.11275471595
forecast_5966,2025-09-06 14:00:00,10761.298048551269,12816.136008163026,11663.22815049339
forecast_5967,2025-09-06 15:00:00,12119.298919662322,13998.519346848068,13081.126704355313
forecast_5968,2025-09-06 16:00:00,12684.928855218477,15123.44465302725,14681.547508109565
forecast_5969,2025-09-06 17:00:00,12688.994499555982,15613.696072625156,15102.109001612547
forecast_5970,2025-09-06 18:00:00,12688.994499555982,15865.843928012971,15102.109001612547
forecast_5971,2025-09-06 19:00:00,12722.31942866586,16274.752939662172,15331.174842903289
forecast_5972,2025-09-06 20:00:00,12739.179246684904,17070.12740445912,15534.9937510913
forecast_5973,2025-09-06 21:00:00,13224.140755191733,17352.826083481,15983.85049571107
forecast_5974,2025-09-06 22:00:00,13773.636562297068,18052.64299791493,16505.03128839468
forecast_5975,2025-09-06 23:00:00,13894.663405992647,18052.64299791493,16508.098110322673
forecast_5976,2025-09-07 00:00:00,13834.149984144857,17921.196939976726,16506.564699358678
forecast_5977,2025-09-07 01:00:00,14772.194799633653,18498.89812293242,17667.873922352264
forecast_5978,2025-09-07 02:00:00,14712.674730847593,18425.32698836181,17658.200204790806
forecast_5979,2025-09-07 03:00:00,14199.057503691158,18023.66338952781,16543.28897731257
forecast_5980,2025-09-07 04:00:00,13045.249071629743,15323.275866398166,14792.564644599264
forecast_5981,2025-09-07 05:00:00,13004.705742341954,14628.133691928611,14457.49850886792
forecast_5982,2025-09-07 06:00:00,13004.705742341954,14011.230343059307,12955.852912067603
forecast_5983,2025-09-07 07:00:00,11628.02418318092,12862.68754116378,11781.466023355704
forecast_5984,2025-09-07 08:00:00,11270.952165660403,12141.132238660846,10392.913810023132
forecast_5985,2025-09-07 09:00:00,9587.062676172889,10556.592962245,8619.20292887032
forecast_5986,2025-09-07 10:00:00,8009.411292723358,8638.830553407344,7146.247143125833
forecast_5987,2025-09-07 11:00:00,6850.29912256831,7280.29263140456,5225.878514040919
forecast_5988,2025-09-07 12:00:00,4934.904483180993,5465.547253722806,3868.9071659865563
forecast_5989,2025-09-07 13:00:00,3597.619779779749,3827.0889046396237,2771.0632508105355
forecast_5990,2025-09-07 14:00:00,3597.619779779749,3827.0889046396237,2771.0632508105355
forecast_5991,2025-09-07 15:00:00,5202.140853204894,5202.588439085974,3592.0083148324557
forecast_5992,2025-09-07 16:00:00,6152.463326501076,6578.7863725711795,4945.741732229104
forecast_5993,2025-09-07 17:00:00,6477.665538300216,6966.0812104913875,5123.01282183997
forecast_5994,2025-09-07 18:00:00,7206.46547621676,7431.929274089042,5467.986486161606
forecast_5995,2025-09-07 19:00:00,9074.822353351756,8980.98127489428,6348.208241428221
forecast_5996,2025-09-07 20:00:00,10247.836441720796,11125.68634320675,8014.483504793656
forecast_5997,2025-09-07 21:00:00,11014.739455106652,11488.762281775624,9036.241839279817
forecast_5998,2025-09-07 22:00:00,11462.109731780936,12295.255627336457,9261.754355109113
forecast_5999,2025-09-07 23:00:00,11526.644190054465,12313.139941442656,9318.067087728721
forecast_6000,2025-09-08 00:00:00,11646.793026226274,12528.795542803418,9347.25438806928
forecast_6001,2025-09-08 01:00:00,8639.214590752004,9283.265563141184,6302.493811695494
forecast_6002,2025-09-08 02:00:00,8400.18216257224,8988.387431029947,5981.642833220954
forecast_6003,2025-09-08 03:00:00,8302.992986318499,7834.401017004966,5265.567928602197
forecast_6004,2025-09-08 04:00:00,7614.22492682409,5855.0428086563315,4678.784286471947
forecast_6005,2025-09-08 05:00:00,5766.987299554496,4919.519911102283,4027.4770666280215
forecast_6006,2025-09-08 06:00:00,4406.88957299435,4259.106305959685,3149.495967444901
forecast_6007,2025-09-08 07:00:00,4162.108098815049,3775.8298283300364,2859.5413228469847
forecast_6008,2025-09-08 08:00:00,3319.2999654058885,3256.7942037078924,2647.0654595651276
forecast_6009,2025-09-08 09:00:00,2955.8893289526072,3084.958566708049,2526.892468495835
forecast_6010,2025-09-08 10:00:00,2830.6964307549392,3065.6861224373633,2510.850022513138
forecast_6011,2025-09-08 11:00:00,2801.7437046890154,3024.1077494478923,2510.850022513138
forecast_6012,2025-09-08 12:00:00,2801.7437046890154,2850.0363892552023,2379.9460690956903
forecast_6013,2025-09-08 13:00:00,2827.8738723439556,2621.0971021541422,2232.710839216532
forecast_6014,2025-09-08 14:00:00,2850.974213588913,2563.1335539081,2232.710839216532
forecast_6015,2025-09-08 15:00:00,2868.5949816570023,2563.1335539081,2281.3236342491296
forecast_6016,2025-09-08 16:00:00,3350.011312042433,3066.2308319090102,2550.704831496772
forecast_6017,2025-09-08 17:00:00,3744.799807378021,3619.19115138103,2825.921423595588
forecast_6018,2025-09-08 18:00:00,3802.13769564088,4210.008083944447,2848.7304949574213
forecast_6019,2025-09-08 19:00:00,4009.0246084578416,4210.008083944447,3085.655230696446
forecast_6020,2025-09-08 20:00:00,4009.0246084578416,3804.1689390875918,3085.655230696446
forecast_6021,2025-09-08 21:00:00,3821.5543831706514,3804.1689390875918,2788.9794979940343
forecast_6022,2025-09-08 22:00:00,3690.649610717634,3513.0174168242024,2750.9830965750843
forecast_6023,2025-09-08 23:00:00,3525.9432012608386,3513.0174168242024,2729.4218134658304
forecast_6024,2025-09-09 00:00:00,3417.071191073109,3419.433044844889,2517.642931725947
forecast_6025,2025-09-09 01:00:00,3554.859832461253,3459.7097034285916,2757.7974822590277
forecast_6026,2025-09-09 02:00:00,3532.949696408667,3189.9938141963476,2612.5640493529927
forecast_6027,2025-09-09 03:00:00,3097.5434095034416,3062.207311939943,2311.5074188931244
forecast_6028,2025-09-09 04:00:00,2974.246116854134,3062.207311939943,2311.5074188931244
forecast_6029,2025-09-09 05:00:00,2974.246116854134,3290.9188309403166,2400.626251791598
forecast_6030,2025-09-09 06:00:00,3117.2412551675434,3290.9188309403166,2400.626251791598
forecast_6031,2025-09-09 07:00:00,3236.0117896800825,3360.8948256163194,2484.5814878552546
forecast_6032,2025-09-09 08:00:00,3236.0117896800825,3175.614878765212,2341.31978465608
forecast_6033,2025-09-09 09:00:00,3338.360992209531,3360.8948256163194,2484.5814878552546
forecast_6034,2025-09-09 10:00:00,3229.376472762062,3469.134551518814,2501.489016275334
forecast_6035,2025-09-09 11:00:00,3135.474056993885,3510.4416114122737,2501.489016275334
forecast_6036,2025-09-09 12:00:00,2925.539796105337,3510.4416114122737,2426.6536736015614
forecast_6037,2025-09-09 13:00:00,2925.539796105337,3322.2432079494392,2426.6536736015614
forecast_6038,2025-09-09 14:00:00,2942.934055009543,3208.7614455972976,2407.5827134015044
forecast_6039,2025-09-09 15:00:00,3074.2007035067268,3208.7614455972976,2441.8772862210863
forecast_6040,2025-09-09 16:00:00,2942.934055009543,3028.9856463358237,2314.3874874859257
forecast_6041,2025-09-09 17:00:00,3103.3757011826756,3091.621574086366,2441.8772862210863
forecast_6042,2025-09-09 18:00:00,3028.4877214183725,3091.621574086366,2704.3347056248977
forecast_6043,2025-09-09 19:00:00,3028.4877214183725,3091.621574086366,2704.3347056248977
forecast_6044,2025-09-09 20:00:00,3028.4877214183725,3151.0987796816994,2711.87732284672
forecast_6045,2025-09-09 21:00:00,3354.476505451603,3333.614673299705,2842.977410499101
forecast_6046,2025-09-09 22:00:00,3822.794679752578,3716.4514672822334,2874.030734998105
forecast_6047,2025-09-09 23:00:00,3822.794679752578,3776.5727726070245,2874.030734998105
forecast_6048,2025-09-10 00:00:00,3807.5583811802207,3781.4085434112185,2893.0719741336825
forecast_6049,2025-09-10 01:00:00,3659.4058703026058,3190.388349427446,2556.5802598819946
forecast_6050,2025-09-10 02:00:00,3631.834713156525,3234.2445222793226,2507.1357597185693
forecast_6051,2025-09-10 03:00:00,3631.834713156525,3234.2445222793226,2507.1357597185693
forecast_6052,2025-09-10 04:00:00,3547.2561174880125,3324.340032029469,2513.3716860371087
forecast_6053,2025-09-10 05:00:00,3517.711906747148,3324.340032029469,2513.3716860371087
forecast_6054,2025-09-10 06:00:00,3450.085596164573,3360.4781932179735,2506.6453205476623
forecast_6055,2025-09-10 07:00:00,3357.9046059636007,3124.6498436489683,2390.2390964247957
forecast_6056,2025-09-10 08:00:00,2943.7750153844913,3085.616292945345,2189.2379152964254
forecast_6057,2025-09-10 09:00:00,2842.8690811471,3084.801967420837,2131.2626108926024
forecast_6058,2025-09-10 10:00:00,2786.048168462573,2873.185338906741,2189.2379152964254
forecast_6059,2025-09-10 11:00:00,2726.121413854036,2831.6542790160465,2314.6007720376865
forecast_6060,2025-09-10 12:00:00,2726.121413854036,2866.2481585437945,2327.7660831463013
forecast_6061,2025-09-10 13:00:00,2695.4113069762875,2804.8354020371976,2314.6007720376865
forecast_6062,2025-09-10 14:00:00,2695.4113069762875,2866.2481585437945,2327.7660831463013
forecast_6063,2025-09-10 15:00:00,2740.6477401371462,2761.633253464718,2387.6302441709404
forecast_6064,2025-09-10 16:00:00,2740.6477401371462,2718.931668555369,2387.6302441709404
forecast_6065,2025-09-10 17:00:00,2811.946383580066,2718.931668555369,2387.6302441709404
forecast_6066,2025-09-10 18:00:00,2811.946383580066,2974.270267140516,2302.627321956643
forecast_6067,2025-09-10 19:00:00,2886.8521056213785,3099.995976326255,2361.886482889882
forecast_6068,2025-09-10 20:00:00,3073.877526235953,3099.995976326255,2361.886482889882
forecast_6069,2025-09-10 21:00:00,3181.7623135530703,3110.4778248169378,2386.4008488718805
forecast_6070,2025-09-10 22:00:00,3385.6102385522704,3695.058362805486,2633.580747145164
forecast_6071,2025-09-10 23:00:00,3429.8227896957783,3727.6610533769067,2681.3243616392747
forecast_6072,2025-09-11 00:00:00,3407.7165141240243,3756.263168325325,2701.790248944198
forecast_6073,2025-09-11 01:00:00,3448.2927641235556,3382.278915233339,2567.876061977996
forecast_6074,2025-09-11 02:00:00,3308.044796925944,3471.410835315376,2482.9043224486845
forecast_6075,2025-09-11 03:00:00,3221.8414374522863,3643.398932313497,2482.9043224486845
forecast_6076,2025-09-11 04:00:00,3187.2595048793482,3654.356230607703,2544.2423739450182
forecast_6077,2025-09-11 05:00:00,3221.8414374522863,3922.479391160283,2572.065117254605
forecast_6078,2025-09-11 06:00:00,3439.2112284004897,4168.18776238519,2755.2980236721282
forecast_6079,2025-09-11 07:00:00,3581.1141908424893,4834.650692839813,3051.29052666106
forecast_6080,2025-09-11 08:00:00,3581.1141908424893,4834.650692839813,3051.29052666106
forecast_6081,2025-09-11 09:00:00,3223.7339328966,4621.972991975926,2948.8192908557116
forecast_6082,2025-09-11 10:00:00,3193.073576321901,3753.378717269148,2553.664193038766
forecast_6083,2025-09-11 11:00:00,3035.9168453158804,3694.326197017981,2553.664193038766
forecast_6084,2025-09-11 12:00:00,3037.9121052931146,3365.465960962857,2553.664193038766
forecast_6085,2025-09-11 13:00:00,3037.9121052931146,3113.2507961249075,2540.5774050539576
forecast_6086,2025-09-11 14:00:00,3119.944820059353,3113.2507961249075,2485.729344593335
forecast_6087,2025-09-11 15:00:00,3119.944820059353,3073.3483086311085,2422.5881469473265
forecast_6088,2025-09-11 16:00:00,3051.886430638183,3148.0346748501083,2485.729344593335
forecast_6089,2025-09-11 17:00:00,3051.886430638183,3869.7635640110957,2888.7910166471947
forecast_6090,2025-09-11 18:00:00,3321.3884688251783,4227.668968139994,2894.6338798529
forecast_6091,2025-09-11 19:00:00,4261.85072541347,4908.774520240824,3241.2723793409446
forecast_6092,2025-09-11 20:00:00,4290.853202600747,5324.907946255004,3538.114738408026
forecast_6093,2025-09-11 21:00:00,4658.93954457437,5452.8753638778535,3759.9936005225945
forecast_6094,2025-09-11 22:00:00,5086.738525552878,6180.603145344003,4158.673613819905
forecast_6095,2025-09-11 23:00:00,5086.738525552878,6293.820625399438,4158.673613819905
forecast_6096,2025-09-12 00:00:00,5555.364391602424,6777.193663572905,4672.51134297078
forecast_6097,2025-09-12 01:00:00,4604.278519986034,5085.174924617164,3427.885313688337
forecast_6098,2025-09-12 02:00:00,4551.955921495451,4886.724821353177,3184.6288713931713
forecast_6099,2025-09-12 03:00:00,3907.1280856145177,4398.361157394602,3068.218264832075
forecast_6100,2025-09-12 04:00:00,3759.42784108774,3891.824201939242,2692.093361034517
forecast_6101,2025-09-12 05:00:00,3428.9240721666874,3680.412083846267,2692.093361034517
forecast_6102,2025-09-12 06:00:00,3288.3994569529737,3680.412083846267,2644.5839518910993
forecast_6103,2025-09-12 07:00:00,3229.781645414184,3619.9824457907234,2591.2222138114716
forecast_6104,2025-09-12 08:00:00,3166.482793008766,3695.3220753899122,2591.2222138114716
forecast_6105,2025-09-12 09:00:00,3159.08133005752,3616.93454807725,2528.7479481815335
forecast_6106,2025-09-12 10:00:00,3159.08133005752,3616.93454807725,2740.4878918857503
forecast_6107,2025-09-12 11:00:00,3202.359304834648,3546.3473925939697,2678.356522838534
forecast_6108,2025-09-12 12:00:00,3495.4835196396066,3455.457465373974,2740.4878918857503
forecast_6109,2025-09-12 13:00:00,3202.359304834648,3455.457465373974,2678.356522838534
forecast_6110,2025-09-12 14:00:00,2843.422243640374,3365.66938092114,2542.2631388068758
forecast_6111,2025-09-12 15:00:00,2843.422243640374,3362.4828428636065,2329.7900349291795
forecast_6112,2025-09-12 16:00:00,2784.852898762887,3221.0407371044407,2329.7900349291795
forecast_6113,2025-09-12 17:00:00,2762.376552265614,3221.0407371044407,2329.7900349291795
forecast_6114,2025-09-12 18:00:00,2762.376552265614,3404.38589690119,2343.6857005070433
forecast_6115,2025-09-12 19:00:00,3126.032468728871,3536.3038868231424,2344.5212504343262
forecast_6116,2025-09-12 20:00:00,3452.0213460918594,4639.443156617829,3225.7171651287604
forecast_6117,2025-09-12 21:00:00,3650.0688514810654,5346.34544858809,3232.745240034872
forecast_6118,2025-09-12 22:00:00,4399.888026215292,5660.205516449822,3587.273209283164
forecast_6119,2025-09-12 23:00:00,5491.293721924896,7599.062703320124,5218.81791026599
forecast_6120,2025-09-13 00:00:00,5522.160723013398,7642.079279382703,5389.109993673846
forecast_6121,2025-09-13 01:00:00,6148.137361330999,6772.616952228442,5646.745246590486
forecast_6122,2025-09-13 02:00:00,7057.664029708829,7453.072353172206,6447.9461036597695
forecast_6123,2025-09-13 03:00:00,7861.423860722543,8381.63307533495,6819.278618871392
forecast_6124,2025-09-13 04:00:00,7952.225906036193,9981.193173594445,6913.340784419428
forecast_6125,2025-09-13 05:00:00,9709.363045462636,12202.662791380444,8555.61642313969
forecast_6126,2025-09-13 06:00:00,10716.48595492634,13267.294268891274,9611.095943389731
forecast_6127,2025-09-13 07:00:00,12487.425935210276,15416.422932295938,11651.861518487234
forecast_6128,2025-09-13 08:00:00,13568.791275174011,16578.81045302796,14268.527137436711
forecast_6129,2025-09-13 09:00:00,13568.791275174011,16578.81045302796,14268.527137436711
forecast_6130,2025-09-13 10:00:00,11787.022375130779,14929.511634511302,13101.364836943592
forecast_6131,2025-09-13 11:00:00,9351.558456313205,9860.276910446071,8907.450576434854
forecast_6132,2025-09-13 12:00:00,6502.258012526838,7826.551485101014,6275.36654348924
forecast_6133,2025-09-13 13:00:00,6288.598780921177,6953.728282683034,4861.930018894961
forecast_6134,2025-09-13 14:00:00,4840.530789693258,5832.7903780026845,3687.891330865698
forecast_6135,2025-09-13 15:00:00,4121.097327401151,4435.685770906454,2891.872620586011
forecast_6136,2025-09-13 16:00:00,4121.097327401151,4231.231385452939,2891.872620586011
forecast_6137,2025-09-13 17:00:00,4116.803315455463,4058.8681555233497,2755.706196892573
forecast_6138,2025-09-13 18:00:00,4116.803315455463,3583.6955745233367,2544.8086482634635
forecast_6139,2025-09-13 19:00:00,3156.3717637656323,3300.2322315920837,2225.5045911248817
forecast_6140,2025-09-13 20:00:00,3049.265582128677,2799.307684377065,2100.7214003658564
forecast_6141,2025-09-13 21:00:00,3049.265582128677,2799.307684377065,2100.7214003658564
forecast_6142,2025-09-13 22:00:00,3052.479408236571,3142.5515849586545,2419.192717454984
forecast_6143,2025-09-13 23:00:00,3325.593157861664,3309.6508999657367,2590.1903073195303
forecast_6144,2025-09-14 00:00:00,3189.0362830491176,3226.101242462196,2504.6915123872573
forecast_6145,2025-09-14 01:00:00,3603.0745518814238,3284.8356969843353,2432.0068530274575
forecast_6146,2025-09-14 02:00:00,3542.875811216675,3152.1852372603594,2272.5856001260827
forecast_6147,2025-09-14 03:00:00,3542.875811216675,3134.2342983419794,2272.5856001260827
forecast_6148,2025-09-14 04:00:00,3555.6643784492035,3134.2342983419794,2394.7355000050557
forecast_6149,2025-09-14 05:00:00,3651.1755162089225,3400.29524811443,2516.475114529263
forecast_6150,2025-09-14 06:00:00,3792.8766669103798,3579.52227029857,2783.014679411256
forecast_6151,2025-09-14 07:00:00,3795.4183177455525,3708.7576519101967,2802.7069296234076
forecast_6152,2025-09-14 08:00:00,3858.4462084782913,3896.634509579737,2898.201921428423
forecast_6153,2025-09-14 09:00:00,3858.4462084782913,3896.634509579737,2898.201921428423
forecast_6154,2025-09-14 10:00:00,3443.246178619108,3427.007901234043,2809.786866957894
forecast_6155,2025-09-14 11:00:00,3312.4620167894827,3109.927411485437,2648.277669866823
forecast_6156,2025-09-14 12:00:00,3186.7056442175813,2943.4803762088113,2375.1128930985037
forecast_6157,2025-09-14 13:00:00,3186.7056442175813,2943.4803762088113,2375.1128930985037
forecast_6158,2025-09-14 14:00:00,3295.1612761876213,3279.255712323815,2461.566113035283
forecast_6159,2025-09-14 15:00:00,3489.7861762936554,3291.6652741966113,2705.4076093866906
forecast_6160,2025-09-14 16:00:00,3489.7861762936554,3430.6589059714256,2774.3893860172475
forecast_6161,2025-09-14 17:00:00,3710.8849449621616,3841.8667812401663,2831.7962923046643
forecast_6162,2025-09-14 18:00:00,4636.425025850486,5249.238813582316,3700.2021555406836
forecast_6163,2025-09-14 19:00:00,6695.898255055649,7389.981927170555,4669.036163425379
forecast_6164,2025-09-14 20:00:00,9053.32105074549,8709.974108163842,6612.256987167959
forecast_6165,2025-09-14 21:00:00,11130.750764847777,10777.60061998585,7793.729846924334
forecast_6166,2025-09-14 22:00:00,13336.849732909483,14226.02955286429,11627.39869234059
forecast_6167,2025-09-14 23:00:00,13477.433935052037,14771.260710926988,12433.487943113572
forecast_6168,2025-09-15 00:00:00,14159.219794410597,15303.864420729395,13040.84165637079
forecast_6169,2025-09-15 01:00:00,13092.003495457138,14229.487744883267,10643.440159500406
forecast_6170,2025-09-15 02:00:00,12751.01221437888,13820.309624789425,10219.709709370301
forecast_6171,2025-09-15 03:00:00,12086.25430304545,12877.15979925017,9621.043262749361
forecast_6172,2025-09-15 04:00:00,12038.074474291478,11532.899230039033,8649.416259564401
forecast_6173,2025-09-15 05:00:00,10804.634625239127,10275.046292564724,7051.41913151822
forecast_6174,2025-09-15 06:00:00,8367.145307555664,8011.827089803819,5521.489610342997
forecast_6175,2025-09-15 07:00:00,5652.0285599757,5523.935227974123,4014.533831219453
forecast_6176,2025-09-15 08:00:00,4361.2331289474405,4097.693603999258,3113.8176410089704
forecast_6177,2025-09-15 09:00:00,3270.085323666264,3244.07236110187,2631.6188790208726
forecast_6178,2025-09-15 10:00:00,3047.0961397988513,2664.62021650038,2387.072913689141
forecast_6179,2025-09-15 11:00:00,2936.044783766846,2664.62021650038,2387.072913689141
forecast_6180,2025-09-15 12:00:00,2960.701932265843,2857.3681935402565,2407.7953567388927
forecast_6181,2025-09-15 13:00:00,2960.701932265843,2943.9892653272004,2464.2190949728506
forecast_6182,2025-09-15 14:00:00,3019.8419934524964,2948.2913126379176,2510.5087895416486
forecast_6183,2025-09-15 15:00:00,3059.01645531252,3121.763085083724,2583.9317405000356
forecast_6184,2025-09-15 16:00:00,3142.558225569425,3213.673344985968,2653.7075512329448
forecast_6185,2025-09-15 17:00:00,3884.692328134411,3834.71537756278,3040.8822990336994
forecast_6186,2025-09-15 18:00:00,4323.199077860003,4283.044960769252,3539.710824717248
forecast_6187,2025-09-15 19:00:00,4990.691120816549,4867.039240671604,3964.9660985836426
forecast_6188,2025-09-15 20:00:00,5201.031644257972,5342.290339867015,4033.3400696723716
forecast_6189,2025-09-15 21:00:00,5564.686203161669,5492.234572245887,4101.703286319471
forecast_6190,2025-09-15 22:00:00,5564.686203161669,5621.953805839024,4101.703286319471
forecast_6191,2025-09-15 23:00:00,5564.686203161669,5621.953805839024,4101.703286319471
forecast_6192,2025-09-16 00:00:00,5516.390954460667,5711.916233113192,4166.256908269783
forecast_6193,2025-09-16 01:00:00,8589.726619219786,8015.536659373041,5510.351874260566
forecast_6194,2025-09-16 02:00:00,8908.108234575859,8151.969481927736,5585.1118487138565
forecast_6195,2025-09-16 03:00:00,9518.736508018806,8630.203811745909,5970.655941663239
forecast_6196,2025-09-16 04:00:00,10448.593097404308,9936.396511717494,7023.49189193726
forecast_6197,2025-09-16 05:00:00,11310.655904852369,10757.109569377115,7513.165465767993
forecast_6198,2025-09-16 06:00:00,11310.655904852369,11816.16925527951,8189.796900011177
forecast_6199,2025-09-16 07:00:00,10969.607947124405,11816.16925527951,8189.796900011177
forecast_6200,2025-09-16 08:00:00,8224.647716285648,9088.907006554593,6043.770104870954
forecast_6201,2025-09-16 09:00:00,6842.0372871544405,8097.648587024977,5394.371889061967
forecast_6202,2025-09-16 10:00:00,5904.748234200076,6888.385354449526,5179.721257091707
forecast_6203,2025-09-16 11:00:00,5750.339579700887,6173.2501097637405,5130.125419957112
forecast_6204,2025-09-16 12:00:00,5750.339579700887,6787.490021912059,5179.721257091707
forecast_6205,2025-09-16 13:00:00,6289.9282465324095,6787.490021912059,5446.010106464024
forecast_6206,2025-09-16 14:00:00,7365.491152666969,7137.289841495602,6167.755482429456
forecast_6207,2025-09-16 15:00:00,7775.362415307163,7502.864288907364,6214.772295940433
forecast_6208,2025-09-16 16:00:00,7775.362415307163,7137.289841495602,6167.755482429456
forecast_6209,2025-09-16 17:00:00,6570.8119102610635,7502.864288907364,6190.838011564306
forecast_6210,2025-09-16 18:00:00,6570.8119102610635,7808.4360691541715,6190.838011564306
forecast_6211,2025-09-16 19:00:00,8491.961470113913,9733.596295261672,8389.69418587097
forecast_6212,2025-09-16 20:00:00,8670.163816886481,10864.667907503814,8645.11021026092
forecast_6213,2025-09-16 21:00:00,8670.163816886481,11114.826145496754,8713.126607351109
forecast_6214,2025-09-16 22:00:00,9019.999787990553,12437.518042284864,8950.352450585038
forecast_6215,2025-09-16 23:00:00,9144.709636034133,12856.985928000626,9743.720649948988
forecast_6216,2025-09-17 00:00:00,9452.959434290231,13132.043995817705,10069.768483839705
forecast_6217,2025-09-17 01:00:00,14846.27636179336,17855.58745151683,16472.244042299462
forecast_6218,2025-09-17 02:00:00,15188.828377115142,18390.111024460042,16881.70451631491
forecast_6219,2025-09-17 03:00:00,15395.674847411263,18401.715815218216,17748.35115163786
forecast_6220,2025-09-17 04:00:00,15944.016848692694,18390.111024460042,17748.35115163786
forecast_6221,2025-09-17 05:00:00,15944.016848692694,18355.06957025508,17629.522135634274
forecast_6222,2025-09-17 06:00:00,14757.929210932885,17650.82657195663,16047.281323057294
forecast_6223,2025-09-17 07:00:00,12044.713794842291,14239.06121336006,12369.210224835128
forecast_6224,2025-09-17 08:00:00,9324.001465659061,10331.62767742062,8296.451162940448
forecast_6225,2025-09-17 09:00:00,5861.51187562234,7424.270220780937,4730.2103466762965
forecast_6226,2025-09-17 10:00:00,4229.949099998147,5521.183959619723,3952.300076816423
forecast_6227,2025-09-17 11:00:00,3869.953582000913,5190.771119097082,3399.7748668773065
forecast_6228,2025-09-17 12:00:00,3488.764870407141,4768.134407843901,3374.6059328848823
forecast_6229,2025-09-17 13:00:00,3488.764870407141,4768.134407843901,3374.6059328848823
forecast_6230,2025-09-17 14:00:00,4568.916409170034,7163.278238469429,5402.694884729178
forecast_6231,2025-09-17 15:00:00,5268.894694098684,7163.278238469429,5402.694884729178
forecast_6232,2025-09-17 16:00:00,5268.894694098684,6315.160550536665,4213.50720999736
forecast_6233,2025-09-17 17:00:00,4637.261273622138,5703.346300141251,3862.985591317836
forecast_6234,2025-09-17 18:00:00,4037.1484749782226,4100.264994392639,2917.039642884736
forecast_6235,2025-09-17 19:00:00,3869.699648437935,3775.4782169507225,2853.73113581559
forecast_6236,2025-09-17 20:00:00,2847.77619292711,3111.6217500341495,2122.9446860237153
forecast_6237,2025-09-17 21:00:00,2847.77619292711,3111.6217500341495,2122.9446860237153
forecast_6238,2025-09-17 22:00:00,2971.097365522633,3117.950414855075,2260.861187412149
forecast_6239,2025-09-17 23:00:00,2971.097365522633,3117.950414855075,2342.273212559766
forecast_6240,2025-09-18 00:00:00,2952.78861532709,3170.1232846965268,2346.223495985034
forecast_6241,2025-09-18 01:00:00,2810.8967276660665,2579.0332968044668,2020.3716008017
forecast_6242,2025-09-18 02:00:00,2849.604133460627,2602.0635761773956,2041.6484642002881
forecast_6243,2025-09-18 03:00:00,2879.3740155699948,2715.931319425058,2085.9959216202624
forecast_6244,2025-09-18 04:00:00,2884.9211684077804,3163.388158623639,2180.710412080998
forecast_6245,2025-09-18 05:00:00,2957.3777689735734,3255.1462351278906,2286.9585400261194
forecast_6246,2025-09-18 06:00:00,3574.4354090494976,3934.87983495015,2780.751625584829
forecast_6247,2025-09-18 07:00:00,3574.4354090494976,4133.169708100945,2925.11286313067
forecast_6248,2025-09-18 08:00:00,3305.654854106844,4228.806446641996,2934.9524804671773
forecast_6249,2025-09-18 09:00:00,3256.4013061410683,4133.169708100945,2925.11286313067
forecast_6250,2025-09-18 10:00:00,3126.9935816199204,3860.311317764671,2730.779171443295
forecast_6251,2025-09-18 11:00:00,3049.8986339469134,3860.311317764671,2591.480763186203
forecast_6252,2025-09-18 12:00:00,3034.8624029215434,3872.621657645136,2591.480763186203
forecast_6253,2025-09-18 13:00:00,3049.8986339469134,4088.1443461878625,2829.2461543055665
forecast_6254,2025-09-18 14:00:00,3092.3510705456297,4158.9599615263,2873.4435065059693
forecast_6255,2025-09-18 15:00:00,3092.3510705456297,4158.9599615263,2880.12044862892
forecast_6256,2025-09-18 16:00:00,3011.7125760602025,3944.3992448117324,2940.5289337319136
forecast_6257,2025-09-18 17:00:00,3011.7125760602025,3944.3992448117324,2987.2434317481784
forecast_6258,2025-09-18 18:00:00,3011.7125760602025,4061.026707053068,2987.2434317481784
forecast_6259,2025-09-18 19:00:00,3030.8018556388374,4104.585159968835,2987.2434317481784
forecast_6260,2025-09-18 20:00:00,3041.2565905105057,4119.685812547182,3008.697926659467
forecast_6261,2025-09-18 21:00:00,3198.9855327793866,4304.736067690276,3023.1657928292575
forecast_6262,2025-09-18 22:00:00,3445.721429563265,4304.736067690276,3147.646066550241
forecast_6263,2025-09-18 23:00:00,3445.721429563265,4082.5217979842832,3147.646066550241
forecast_6264,2025-09-19 00:00:00,3393.3372905319056,4009.3254913369083,3069.3782070511143
forecast_6265,2025-09-19 01:00:00,3287.2041204491725,3831.3488310652256,2902.857836162251
forecast_6266,2025-09-19 02:00:00,3251.9690680305293,3719.382687337676,2861.986567669542
forecast_6267,2025-09-19 03:00:00,3092.0615311862157,3601.0974657370716,2736.223000116176
forecast_6268,2025-09-19 04:00:00,3079.3210247356656,3532.086954748824,2495.1385978935673
forecast_6269,2025-09-19 05:00:00,2962.024288311867,3295.8703245935817,2400.9932661245166
forecast_6270,2025-09-19 06:00:00,2962.024288311867,3295.8703245935817,2400.9932661245166
forecast_6271,2025-09-19 07:00:00,2884.324495188329,3375.459617590328,2387.657490107842
forecast_6272,2025-09-19 08:00:00,2884.324495188329,3375.459617590328,2460.613282184469
forecast_6273,2025-09-19 09:00:00,2818.4416097981343,3338.858349776644,2387.657490107842
forecast_6274,2025-09-19 10:00:00,2680.274538265557,3066.3215709139195,2326.523787759647
forecast_6275,2025-09-19 11:00:00,2680.274538265557,3066.3215709139195,2326.523787759647
forecast_6276,2025-09-19 12:00:00,2696.2983391646635,3051.1846013319473,2309.14572834616
forecast_6277,2025-09-19 13:00:00,2696.2983391646635,2948.1539032537307,2309.14572834616
forecast_6278,2025-09-19 14:00:00,2677.9795704543913,2806.291754673814,2229.2588396685524
forecast_6279,2025-09-19 15:00:00,2677.9795704543913,2806.291754673814,2229.2588396685524
forecast_6280,2025-09-19 16:00:00,2761.4281843414283,2916.481131148586,2247.7889756025843
forecast_6281,2025-09-19 17:00:00,2899.6587590838367,2980.1283049294084,2428.8282587633394
forecast_6282,2025-09-19 18:00:00,2929.91081813028,3077.4591370643625,2503.635729247696
forecast_6283,2025-09-19 19:00:00,2962.819779356042,3097.849512602827,2428.8282587633394
forecast_6284,2025-09-19 20:00:00,3292.3880346815195,3541.1591520463016,2390.247534907578
forecast_6285,2025-09-19 21:00:00,3292.3880346815195,3541.1591520463016,2390.247534907578
forecast_6286,2025-09-19 22:00:00,4443.526058422598,5522.953467453261,4225.540078344106
forecast_6287,2025-09-19 23:00:00,5702.742389970709,6037.905657004014,4858.200139088153
forecast_6288,2025-09-20 00:00:00,5774.156453021264,6545.789056273503,5155.9942302786785
forecast_6289,2025-09-20 01:00:00,7631.265169634991,7778.348478281111,6118.108792605462
forecast_6290,2025-09-20 02:00:00,7527.003463903631,7724.587972789281,5946.388133811981
forecast_6291,2025-09-20 03:00:00,7527.003463903631,7724.587972789281,5946.388133811981
forecast_6292,2025-09-20 04:00:00,7026.624360027968,6912.205606765968,5813.409923308177
forecast_6293,2025-09-20 05:00:00,6797.483527764004,6696.869647286451,5011.961106007961
forecast_6294,2025-09-20 06:00:00,6520.8561170119265,6696.869647286451,5011.961106007961
forecast_6295,2025-09-20 07:00:00,5910.45746048691,6696.869647286451,4957.250519207962
forecast_6296,2025-09-20 08:00:00,3763.72812020091,4364.106694658412,3239.1032173944814
forecast_6297,2025-09-20 09:00:00,3276.5460420944255,3655.6333796772487,2802.9946752542864
forecast_6298,2025-09-20 10:00:00,3161.1036880508627,3476.814904033431,2274.0356309181398
forecast_6299,2025-09-20 11:00:00,3161.1036880508627,3476.814904033431,2273.5034613202142
forecast_6300,2025-09-20 12:00:00,3207.091617507992,3706.5237458974298,2274.0356309181398
forecast_6301,2025-09-20 13:00:00,3586.7122181899917,4021.7716306396383,2837.534122914743
forecast_6302,2025-09-20 14:00:00,3586.7122181899917,4021.7716306396383,2902.331204133391
forecast_6303,2025-09-20 15:00:00,3566.5455613834247,3727.2731964392524,2902.331204133391
forecast_6304,2025-09-20 16:00:00,3528.9486259517425,3436.509053051286,2829.441389141142
forecast_6305,2025-09-20 17:00:00,3528.9486259517425,3436.509053051286,2829.441389141142
forecast_6306,2025-09-20 18:00:00,3479.7075591803286,3460.4408520301595,2841.780257356265
forecast_6307,2025-09-20 19:00:00,3614.9562300367406,3607.1448541457526,2872.557645231042
forecast_6308,2025-09-20 20:00:00,3669.891237325901,3908.5185193064244,3073.2489452849522
forecast_6309,2025-09-20 21:00:00,4039.0294111907524,4763.718522403547,3365.452883148483
forecast_6310,2025-09-20 22:00:00,4623.596151308265,5393.024708897347,4233.26415234144
forecast_6311,2025-09-20 23:00:00,4851.471410110677,5739.919084765408,4233.26415234144
forecast_6312,2025-09-21 00:00:00,5062.373105179475,5566.471896831377,4190.849650846707
forecast_6313,2025-09-21 01:00:00,4464.446783436118,5557.232467579415,3917.3024320582576
forecast_6314,2025-09-21 02:00:00,4277.97455567422,5334.031787875718,3731.1110088653586
forecast_6315,2025-09-21 03:00:00,3863.1596627318154,4748.724006724538,3207.788105644474
forecast_6316,2025-09-21 04:00:00,3848.9966591891002,4748.724006724538,3207.788105644474
forecast_6317,2025-09-21 05:00:00,3848.9966591891002,4860.4029556484065,3379.8471178109444
forecast_6318,2025-09-21 06:00:00,3972.315617493172,4971.732424236512,3397.9764671274206
forecast_6319,2025-09-21 07:00:00,3972.315617493172,5008.7837806115,3397.9764671274206
forecast_6320,2025-09-21 08:00:00,3919.83032496157,5008.7837806115,3390.4788044417182
forecast_6321,2025-09-21 09:00:00,3397.889449825773,4110.463640064521,2920.1078642266866
forecast_6322,2025-09-21 10:00:00,3235.3930925859936,3900.7775229032013,2875.3713290201545
forecast_6323,2025-09-21 11:00:00,3195.3018702960535,3691.3725214340193,2875.3713290201545
forecast_6324,2025-09-21 12:00:00,3185.9089597450966,3691.3725214340193,2873.1504759594086
forecast_6325,2025-09-21 13:00:00,3195.3018702960535,3672.364255050604,2873.1504759594086
forecast_6326,2025-09-21 14:00:00,3185.9089597450966,3803.242565170613,2873.1504759594086
forecast_6327,2025-09-21 15:00:00,3127.764473789056,3897.9716803054353,2936.661259031316
forecast_6328,2025-09-21 16:00:00,3111.276785154899,3960.992130561369,3009.692128831402
forecast_6329,2025-09-21 17:00:00,3111.276785154899,3960.992130561369,3009.692128831402
forecast_6330,2025-09-21 18:00:00,3111.276785154899,3960.992130561369,3029.265573323742
forecast_6331,2025-09-21 19:00:00,3212.101402613321,3944.6249417923946,3032.8246100523247
forecast_6332,2025-09-21 20:00:00,3393.0230302113914,3991.7013764252333,3115.1894438243016
forecast_6333,2025-09-21 21:00:00,3888.266944083465,4818.746121130626,3359.655407371864
forecast_6334,2025-09-21 22:00:00,4928.769897342807,6072.432646259971,4317.90446958237
forecast_6335,2025-09-21 23:00:00,5349.271346879174,6499.20367968513,4327.2909800716025
forecast_6336,2025-09-22 00:00:00,5520.013876949002,6618.468411963203,4322.597724826986
forecast_6337,2025-09-22 01:00:00,5416.915249936269,5598.631177802756,3969.9564036240677
forecast_6338,2025-09-22 02:00:00,5529.296880283419,5852.701089019157,4014.384701720399
forecast_6339,2025-09-22 03:00:00,5529.296880283419,5852.701089019157,4014.384701720399
forecast_6340,2025-09-22 04:00:00,5434.699902501876,6370.646957483861,4267.926362928234
forecast_6341,2025-09-22 05:00:00,5386.834403596323,5831.216350503597,3785.3855125648306
forecast_6342,2025-09-22 06:00:00,4779.591248341097,5128.867381518054,3388.6031539552764
forecast_6343,2025-09-22 07:00:00,4739.812105086408,5128.867381518054,3370.845174502254
forecast_6344,2025-09-22 08:00:00,4611.44522653752,5147.2320383423485,3362.934518097092
forecast_6345,2025-09-22 09:00:00,4354.0085304128415,5421.4755302234025,3348.042515672046
forecast_6346,2025-09-22 10:00:00,4012.628567650355,5147.2320383423485,3348.042515672046
forecast_6347,2025-09-22 11:00:00,3682.210374195388,4639.732611901509,3138.1184307292265
forecast_6348,2025-09-22 12:00:00,3261.7054780559783,3653.278675657267,2720.951167567947
forecast_6349,2025-09-22 13:00:00,3261.7054780559783,3565.7699004286574,2720.951167567947
forecast_6350,2025-09-22 14:00:00,3325.552248211269,3502.0819643166556,2742.1947547967015
forecast_6351,2025-09-22 15:00:00,3374.6775626955778,3502.0819643166556,2760.4378071858932
forecast_6352,2025-09-22 16:00:00,3374.6775626955778,3672.9721555915785,2760.4378071858932
forecast_6353,2025-09-22 17:00:00,3066.4235540821455,3794.1246081370546,2801.260238476444
forecast_6354,2025-09-22 18:00:00,3066.4235540821455,3861.6784034447473,2801.260238476444
forecast_6355,2025-09-22 19:00:00,3266.8410055085255,3861.6784034447473,2770.837437358805
forecast_6356,2025-09-22 20:00:00,3375.1250517237045,3959.9455470448265,2765.60252469705
forecast_6357,2025-09-22 21:00:00,3405.264648480018,4082.8425845862644,2770.837437358805
forecast_6358,2025-09-22 22:00:00,3767.01470084343,4082.8425845862644,2845.9695908388308
forecast_6359,2025-09-22 23:00:00,3767.01470084343,4063.7821287477987,2845.9695908388308
forecast_6360,2025-09-23 00:00:00,3690.7034850198434,3930.1895748167526,2800.7089979097864
forecast_6361,2025-09-23 01:00:00,3133.950991362605,3154.779839260086,2303.9792306640747
forecast_6362,2025-09-23 02:00:00,3165.1203091650264,3189.4222269133415,2399.534823701865
forecast_6363,2025-09-23 03:00:00,3165.1203091650264,3241.283373901375,2248.7456507426273
forecast_6364,2025-09-23 04:00:00,3174.5584169873705,3383.654795011919,2364.46476481664
forecast_6365,2025-09-23 05:00:00,3174.5584169873705,3383.654795011919,2364.46476481664
forecast_6366,2025-09-23 06:00:00,3304.048630533317,3641.9455919529064,2476.085981899807
forecast_6367,2025-09-23 07:00:00,3304.048630533317,3647.1908313798986,2503.522071057417
forecast_6368,2025-09-23 08:00:00,3241.400363749649,3647.1908313798986,2503.522071057417
forecast_6369,2025-09-23 09:00:00,3112.64350996076,3584.137985257519,2479.3595819231814
forecast_6370,2025-09-23 10:00:00,2890.693328554382,3268.056637665214,2435.1061158315597
forecast_6371,2025-09-23 11:00:00,2750.3448806555307,3210.925136158275,2412.9424828495185
forecast_6372,2025-09-23 12:00:00,2737.677670381277,3081.9916230021945,2430.6787308989906
forecast_6373,2025-09-23 13:00:00,2732.3944021294715,2964.931978275142,2412.9424828495185
forecast_6374,2025-09-23 14:00:00,2710.2652685375933,2932.716515305467,2386.323256595584
forecast_6375,2025-09-23 15:00:00,2709.972372480261,2932.716515305467,2386.323256595584
forecast_6376,2025-09-23 16:00:00,2709.972372480261,3001.381654213027,2391.107604844328
forecast_6377,2025-09-23 17:00:00,2874.057223731103,3294.213818438955,2586.9252402203774
forecast_6378,2025-09-23 18:00:00,3017.4608727245986,3440.6827216159895,2586.9252402203774
forecast_6379,2025-09-23 19:00:00,3103.4987387325123,3548.0508411622295,2630.412136313963
forecast_6380,2025-09-23 20:00:00,3189.725018454015,3453.6744195709953,2564.850456555311
forecast_6381,2025-09-23 21:00:00,3317.796645999247,3465.0628199300345,2503.7144123454464
forecast_6382,2025-09-23 22:00:00,3630.9368585874436,3465.0628199300345,2503.7144123454464
forecast_6383,2025-09-23 23:00:00,3651.659337062653,3577.228271550653,2338.565137425846
forecast_6384,2025-09-24 00:00:00,3702.5300091760273,3706.955241774177,2403.6936266488638
forecast_6385,2025-09-24 01:00:00,3833.018436402911,3860.146791814813,2735.5120349640883
forecast_6386,2025-09-24 02:00:00,4072.0920279307334,4286.309127207607,3037.5774700615684
forecast_6387,2025-09-24 03:00:00,4656.412400450516,5282.791698564119,3803.2211757341074
forecast_6388,2025-09-24 04:00:00,5365.006352190778,5915.566658604695,4047.1875598022693
forecast_6389,2025-09-24 05:00:00,6146.191467547526,6711.93619714268,4194.329277905075
forecast_6390,2025-09-24 06:00:00,6146.191467547526,6711.93619714268,4210.322932399555
forecast_6391,2025-09-24 07:00:00,5963.798461019328,6222.941791740899,4194.329277905075
forecast_6392,2025-09-24 08:00:00,5399.348037278362,6222.941791740899,4210.322932399555
forecast_6393,2025-09-24 09:00:00,5399.348037278362,6600.943728975389,4232.741959906618
forecast_6394,2025-09-24 10:00:00,5407.76891254543,7532.970599238283,4737.431156997865
forecast_6395,2025-09-24 11:00:00,6831.674324057187,9212.263051619298,6505.8623175084285
forecast_6396,2025-09-24 12:00:00,7786.403071053918,10246.552535051938,7501.859850321023
forecast_6397,2025-09-24 13:00:00,8236.23879824047,10621.301559111449,7509.69200846532
forecast_6398,2025-09-24 14:00:00,8567.055214747177,10804.8813141979,8222.186581586067
forecast_6399,2025-09-24 15:00:00,8567.055214747177,10804.8813141979,8222.186581586067
forecast_6400,2025-09-24 16:00:00,8112.598954302355,10498.478144726216,7725.303629189412
forecast_6401,2025-09-24 17:00:00,8112.598954302355,10498.478144726216,7706.227025366075
forecast_6402,2025-09-24 18:00:00,8490.812082147528,10890.938842662303,7706.227025366075
forecast_6403,2025-09-24 19:00:00,9313.140913000962,12524.26721239476,9421.558837528444
forecast_6404,2025-09-24 20:00:00,11117.877021371765,13715.0639715047,11466.933287858128
forecast_6405,2025-09-24 21:00:00,11177.131399287393,14867.77425853082,11778.185019102883
forecast_6406,2025-09-24 22:00:00,12294.456482241654,15192.507185609711,12757.454924483254
forecast_6407,2025-09-24 23:00:00,13690.20406452913,16381.713094867315,14556.48897164189
forecast_6408,2025-09-25 00:00:00,13855.660779890608,16757.377374348704,14901.03531798632
forecast_6409,2025-09-25 01:00:00,14941.389491885904,17669.144401936,15847.286524929936
forecast_6410,2025-09-25 02:00:00,14844.569857286126,17253.34708124019,15530.45154237426
forecast_6411,2025-09-25 03:00:00,14377.103576135076,16139.483290084807,14988.11110341303
forecast_6412,2025-09-25 04:00:00,14102.600713947308,15822.417673752509,14268.808157720065
forecast_6413,2025-09-25 05:00:00,14102.600713947308,15812.816159953374,14268.808157720065
forecast_6414,2025-09-25 06:00:00,14007.254301282743,15822.417673752509,14268.808157720065
forecast_6415,2025-09-25 07:00:00,13502.437168263044,15358.133983154907,14004.172670719485
forecast_6416,2025-09-25 08:00:00,13215.537752903416,15179.044804649933,13729.167008176082
forecast_6417,2025-09-25 09:00:00,13191.251608567763,15179.044804649933,13573.902064431813
forecast_6418,2025-09-25 10:00:00,13191.251608567763,15179.044804649933,13297.11017596033
forecast_6419,2025-09-25 11:00:00,12119.821265211913,14527.403175814445,12467.763829247177
forecast_6420,2025-09-25 12:00:00,12119.821265211913,14527.403175814445,12467.763829247177
forecast_6421,2025-09-25 13:00:00,11988.453904592112,14834.43927599511,12629.54208232203
forecast_6422,2025-09-25 14:00:00,11988.453904592112,14834.43927599511,12629.54208232203
forecast_6423,2025-09-25 15:00:00,11988.453904592112,13905.264062508668,12392.110043852674
forecast_6424,2025-09-25 16:00:00,11898.135811027454,13175.769705556726,11194.056223822929
forecast_6425,2025-09-25 17:00:00,12522.879524294307,13905.264062508668,12093.483974593326
forecast_6426,2025-09-25 18:00:00,13439.689069500024,14600.609271904419,12093.483974593326
forecast_6427,2025-09-25 19:00:00,13439.689069500024,14600.609271904419,12093.483974593326
forecast_6428,2025-09-25 20:00:00,13928.30384551626,14728.89577574085,12516.378294287293
forecast_6429,2025-09-25 21:00:00,14390.504829828791,15453.783308535203,12516.378294287293
forecast_6430,2025-09-25 22:00:00,16484.735500546165,16545.305675513562,13866.267198193844
forecast_6431,2025-09-25 23:00:00,16484.735500546165,16545.305675513562,13866.267198193844
forecast_6432,2025-09-26 00:00:00,16432.96601536848,16557.78075521869,13608.536788336247
forecast_6433,2025-09-26 01:00:00,11614.918147314895,11105.463649147328,8581.846937186376
forecast_6434,2025-09-26 02:00:00,11234.890636876498,10956.26021023509,8458.773982798853
forecast_6435,2025-09-26 03:00:00,9960.996993190309,9687.796058996584,7435.499656308569
forecast_6436,2025-09-26 04:00:00,7443.257414857335,7528.016267792275,5946.589307063843
forecast_6437,2025-09-26 05:00:00,5298.040366179537,5526.107735690087,4449.99283158584
forecast_6438,2025-09-26 06:00:00,4028.4013314216268,4348.804659449403,3228.3761218696436
forecast_6439,2025-09-26 07:00:00,3390.8486524092505,3556.2694803590725,2842.0731938137515
forecast_6440,2025-09-26 08:00:00,3137.088988587362,3385.1603661825584,2630.639952607621
forecast_6441,2025-09-26 09:00:00,2697.244048903193,3236.560246375671,2255.9269921163364
forecast_6442,2025-09-26 10:00:00,2509.887673647757,2852.598014207631,2072.877056166644
forecast_6443,2025-09-26 11:00:00,2500.9038685113865,2626.836653072357,2072.877056166644
forecast_6444,2025-09-26 12:00:00,2500.9038685113865,2616.96075268645,2110.400419047187
forecast_6445,2025-09-26 13:00:00,2669.211408949403,2616.96075268645,2194.3849391917083
forecast_6446,2025-09-26 14:00:00,2950.4758455701694,2910.053712132224,2254.9042858163593
forecast_6447,2025-09-26 15:00:00,2950.4758455701694,2910.053712132224,2314.9524113252387
forecast_6448,2025-09-26 16:00:00,2901.7592716386534,2704.915724426327,2314.9524113252387
forecast_6449,2025-09-26 17:00:00,2874.715925259843,2704.915724426327,2314.9524113252387
forecast_6450,2025-09-26 18:00:00,2874.715925259843,2897.1654220990904,2505.8180727752733
forecast_6451,2025-09-26 19:00:00,2911.582593341781,2968.6429206308294,2557.941208730067
forecast_6452,2025-09-26 20:00:00,2911.582593341781,2968.6429206308294,2557.941208730067
forecast_6453,2025-09-26 21:00:00,2939.432735382618,2968.6429206308294,2557.941208730067
forecast_6454,2025-09-26 22:00:00,3155.174627260997,3210.7155884023146,2514.322208325233
forecast_6455,2025-09-26 23:00:00,3155.174627260997,3210.7155884023146,2514.322208325233
forecast_6456,2025-09-27 00:00:00,3135.157287758281,3203.066279909155,2470.754988377022
forecast_6457,2025-09-27 01:00:00,2904.276413909538,2724.3148978329573,2246.7952971914146
forecast_6458,2025-09-27 02:00:00,2885.754709296075,2758.6264152527683,2262.896655629018
forecast_6459,2025-09-27 03:00:00,2836.110925645931,3035.902367481062,2393.4842746235436
forecast_6460,2025-09-27 04:00:00,2836.110925645931,3035.902367481062,2393.4842746235436
forecast_6461,2025-09-27 05:00:00,2862.9019928612843,3169.5703392211117,2393.4842746235436
forecast_6462,2025-09-27 06:00:00,2969.874627599166,3169.5703392211117,2447.611639764275
forecast_6463,2025-09-27 07:00:00,3085.2972184882683,3169.5703392211117,2447.611639764275
forecast_6464,2025-09-27 08:00:00,3085.2972184882683,3196.9261765571705,2549.766961912631
forecast_6465,2025-09-27 09:00:00,2939.3828709919735,3196.9261765571705,2479.542595589612
forecast_6466,2025-09-27 10:00:00,2742.713466140941,3206.870373584742,2527.154422662861
forecast_6467,2025-09-27 11:00:00,2742.713466140941,3312.6162759560407,2508.065156383459
forecast_6468,2025-09-27 12:00:00,2789.4932617101495,3312.6162759560407,2508.065156383459
forecast_6469,2025-09-27 13:00:00,2854.8640665198936,3082.782965039067,2508.065156383459
forecast_6470,2025-09-27 14:00:00,2901.0245282963197,3082.782965039067,2513.649054733799
forecast_6471,2025-09-27 15:00:00,2970.7445882423626,3421.987795919094,2659.467047147412
forecast_6472,2025-09-27 16:00:00,2970.7445882423626,3421.987795919094,2659.467047147412
forecast_6473,2025-09-27 17:00:00,3060.265486018269,3421.987795919094,2673.0807996492467
forecast_6474,2025-09-27 18:00:00,3165.2787081323663,3490.886198320316,2721.5023547644864
forecast_6475,2025-09-27 19:00:00,3549.072530476669,3502.5187223030543,2855.585445424228
forecast_6476,2025-09-27 20:00:00,3657.190584581282,3927.1008964173984,3348.550425788681
forecast_6477,2025-09-27 21:00:00,3965.5320128136386,3990.098803567769,3468.695852917611
forecast_6478,2025-09-27 22:00:00,4515.103696607665,4498.908459506087,3556.368827529071
forecast_6479,2025-09-27 23:00:00,4515.103696607665,4498.908459506087,3556.368827529071
forecast_6480,2025-09-28 00:00:00,4333.504273796698,4260.856742326874,3383.5767096584495
forecast_6481,2025-09-28 01:00:00,4905.249086994982,5402.605268900765,3678.944082984458
forecast_6482,2025-09-28 02:00:00,4884.410985500923,5642.745244751016,3679.970706666845
forecast_6483,2025-09-28 03:00:00,5035.365686029583,5713.835815719579,3704.922152600799
forecast_6484,2025-09-28 04:00:00,5240.0591905821075,5713.835815719579,3704.922152600799
forecast_6485,2025-09-28 05:00:00,5344.806630147274,5561.40492832806,3704.922152600799
forecast_6486,2025-09-28 06:00:00,5240.0591905821075,5358.391487145278,3419.5645476696773
forecast_6487,2025-09-28 07:00:00,4418.643231104727,5157.965090543691,3546.4006077498707
forecast_6488,2025-09-28 08:00:00,4270.821666681268,4559.918239760959,3378.6493520149133
forecast_6489,2025-09-28 09:00:00,4418.643231104727,5157.965090543691,3546.4006077498707
forecast_6490,2025-09-28 10:00:00,4741.729992913404,5828.658229530435,4300.711563696633
forecast_6491,2025-09-28 11:00:00,4994.0753247256,5875.3006159800225,4470.497262393709
forecast_6492,2025-09-28 12:00:00,4994.0753247256,5875.3006159800225,4470.497262393709
forecast_6493,2025-09-28 13:00:00,5352.083133572141,5904.737533290818,4470.497262393709
forecast_6494,2025-09-28 14:00:00,5060.340241984843,6917.734307442872,4512.696792419329
forecast_6495,2025-09-28 15:00:00,5060.340241984843,6917.734307442872,4512.696792419329
forecast_6496,2025-09-28 16:00:00,5060.340241984843,6917.734307442872,4512.696792419329
forecast_6497,2025-09-28 17:00:00,5039.82720912189,6214.446604480917,4741.471489114598
forecast_6498,2025-09-28 18:00:00,5442.845935264115,6332.8320848487265,4950.816774311094
forecast_6499,2025-09-28 19:00:00,5012.1506550963095,5756.590010661281,4741.471489114598
forecast_6500,2025-09-28 20:00:00,5012.1506550963095,5770.239882604404,4256.704356056267
forecast_6501,2025-09-28 21:00:00,5012.1506550963095,5756.590010661281,4256.704356056267
forecast_6502,2025-09-28 22:00:00,5150.61806862788,5497.241779385601,3968.2396170825355
forecast_6503,2025-09-28 23:00:00,5150.61806862788,5099.307327329264,3968.2396170825355
forecast_6504,2025-09-29 00:00:00,5119.878785793075,5088.546577153022,3891.2899700910702
forecast_6505,2025-09-29 01:00:00,4364.522445892262,4350.158568232444,3166.4461565282154
forecast_6506,2025-09-29 02:00:00,4346.604660155663,4241.774429721039,3140.077143158919
forecast_6507,2025-09-29 03:00:00,4067.298072976582,3985.5537105874855,3140.077143158919
forecast_6508,2025-09-29 04:00:00,3967.9566518165643,3722.8389324484538,3055.0006678937025
forecast_6509,2025-09-29 05:00:00,3825.7260575205933,3722.8389324484538,3055.0006678937025
forecast_6510,2025-09-29 06:00:00,3577.2293555624237,3665.0379729196584,2974.5112356994796
forecast_6511,2025-09-29 07:00:00,3445.992300917468,3665.0379729196584,2974.5112356994796
forecast_6512,2025-09-29 08:00:00,3440.341157329076,3461.6698311431473,2974.5112356994796
forecast_6513,2025-09-29 09:00:00,3154.943197617653,3331.756392867546,2613.274732431447
forecast_6514,2025-09-29 10:00:00,2794.6646283797036,3206.652181541175,2366.79371108369
forecast_6515,2025-09-29 11:00:00,2794.6646283797036,2926.4886341892366,2341.333440934113
forecast_6516,2025-09-29 12:00:00,2750.8848082155555,2906.909340365592,2321.001812090588
forecast_6517,2025-09-29 13:00:00,2804.514464261,2926.4886341892366,2321.001812090588
forecast_6518,2025-09-29 14:00:00,2768.9532268428056,2983.066753398897,2393.286849296347
forecast_6519,2025-09-29 15:00:00,2809.307994140788,3042.734517996546,2433.338017582863
forecast_6520,2025-09-29 16:00:00,2790.5008538823595,3042.734517996546,2514.2568430410965
forecast_6521,2025-09-29 17:00:00,2790.5008538823595,3017.4604855752414,2548.789552076629
forecast_6522,2025-09-29 18:00:00,2760.362102831557,2976.000786079003,2548.789552076629
forecast_6523,2025-09-29 19:00:00,2760.362102831557,2976.000786079003,2630.5441690209436
forecast_6524,2025-09-29 20:00:00,2898.2606083466953,3116.0408335137076,2630.5441690209436
forecast_6525,2025-09-29 21:00:00,3124.6648529188756,3308.1776449313547,2791.06513336016
forecast_6526,2025-09-29 22:00:00,4344.165486118813,4441.950347000612,3845.4691429164436
forecast_6527,2025-09-29 23:00:00,4344.165486118813,5099.414416076097,3845.4691429164436
forecast_6528,2025-09-30 00:00:00,4392.854181153738,5138.95633295735,3737.3418276385382
forecast_6529,2025-09-30 01:00:00,4489.364858002349,4577.768366631028,3447.776399300582
forecast_6530,2025-09-30 02:00:00,4237.0173505289395,4627.992506709323,3470.9779504712324
forecast_6531,2025-09-30 03:00:00,4748.064594041995,4629.74089054114,3511.3341062483605
forecast_6532,2025-09-30 04:00:00,4237.0173505289395,4672.319997076161,3511.3341062483605
forecast_6533,2025-09-30 05:00:00,4195.204007201142,4672.319997076161,3384.8024517735803
forecast_6534,2025-09-30 06:00:00,3978.919408439907,4308.28606632917,3230.3001764808464
forecast_6535,2025-09-30 07:00:00,3952.7943893385163,3722.426319744308,2939.250974571081
forecast_6536,2025-09-30 08:00:00,3688.9070075038594,3545.424536467085,2939.250974571081
forecast_6537,2025-09-30 09:00:00,3655.8351737177304,3536.133007244322,2840.523293288122
forecast_6538,2025-09-30 10:00:00,3208.5243839603336,3153.3581909137633,2650.1955437556517
forecast_6539,2025-09-30 11:00:00,3103.499481380456,3005.433938587232,2601.951909304828
forecast_6540,2025-09-30 12:00:00,3103.499481380456,3093.007180584774,2564.099612678612
forecast_6541,2025-09-30 13:00:00,3114.209788471743,3089.7263766577903,2416.1981678690145
forecast_6542,2025-09-30 14:00:00,3237.96113778073,3093.007180584774,2564.099612678612
forecast_6543,2025-09-30 15:00:00,3237.96113778073,3190.226756627908,2577.732644826767
forecast_6544,2025-09-30 16:00:00,3194.956698927509,3258.881792476333,2577.732644826767
forecast_6545,2025-09-30 17:00:00,3194.956698927509,3270.1167190457236,2577.732644826767
forecast_6546,2025-09-30 18:00:00,3977.7481969344453,3680.341228529599,2980.657058847598
forecast_6547,2025-09-30 19:00:00,4698.674803229592,4628.091157620436,3508.013590237774
forecast_6548,2025-09-30 20:00:00,5775.198094957415,5344.272738298841,3959.6775564550153
forecast_6549,2025-09-30 21:00:00,6711.735407836148,7061.353828962356,4804.835506276159
forecast_6550,2025-09-30 22:00:00,7765.89705538523,7670.622672321675,5613.69374481298
forecast_6551,2025-09-30 23:00:00,7786.9265768418845,7849.204944436012,5707.10479007533
forecast_6552,2025-10-01 00:00:00,8087.65495975116,7900.073281261068,5790.8250953964325
forecast_6553,2025-10-01 01:00:00,8973.935992201204,9081.868866658708,6356.561320189119
forecast_6554,2025-10-01 02:00:00,8870.964736858516,9330.859011442484,6401.260235869954
forecast_6555,2025-10-01 03:00:00,9557.78051379159,10150.159618583453,6661.855715285642
forecast_6556,2025-10-01 04:00:00,9314.110522637207,10203.325966640632,6860.015518338938
forecast_6557,2025-10-01 05:00:00,9314.110522637207,10203.325966640632,6860.015518338938
forecast_6558,2025-10-01 06:00:00,9030.353533998608,8928.141618491081,6340.110094796748
forecast_6559,2025-10-01 07:00:00,8921.547941823595,8208.13428712238,6001.295036513637
forecast_6560,2025-10-01 08:00:00,4706.3584213462855,4944.841262880169,3522.768925809089
forecast_6561,2025-10-01 09:00:00,4279.997210296015,4308.09312899159,3135.260202968646
forecast_6562,2025-10-01 10:00:00,3669.092135943749,4058.5751240107334,2741.7352466351695
forecast_6563,2025-10-01 11:00:00,3017.88045064795,3495.672801882896,2473.363953159913
forecast_6564,2025-10-01 12:00:00,3017.88045064795,3073.157380858834,2170.8989132067168
forecast_6565,2025-10-01 13:00:00,3154.0457777190945,3073.157380858834,2170.8989132067168
forecast_6566,2025-10-01 14:00:00,3253.4916875028584,3180.502174173574,2372.390515484324
forecast_6567,2025-10-01 15:00:00,3421.900386351846,3377.7134138638066,2573.7551625052524
forecast_6568,2025-10-01 16:00:00,3448.9097440042947,3486.5688968600953,2573.7551625052524
forecast_6569,2025-10-01 17:00:00,3608.939683011474,3606.048907412961,2573.7551625052524
forecast_6570,2025-10-01 18:00:00,4044.5439728055476,4360.6421098904175,3372.722610316819
forecast_6571,2025-10-01 19:00:00,4958.012856082649,5661.499403824182,4009.446945874767
forecast_6572,2025-10-01 20:00:00,6660.132620797724,6917.89669681704,4769.71188034653
forecast_6573,2025-10-01 21:00:00,6957.04048967117,7413.176045921527,5287.99843848915
forecast_6574,2025-10-01 22:00:00,6660.132620797724,6917.89669681704,4769.71188034653
forecast_6575,2025-10-01 23:00:00,6834.050615641894,7089.970379313263,5059.699804248799
forecast_6576,2025-10-02 00:00:00,6547.492563149741,6936.731663953105,4838.2642164513145
forecast_6577,2025-10-02 01:00:00,7869.179594687877,8691.011727114375,5476.226780955871
forecast_6578,2025-10-02 02:00:00,7473.605178127058,8544.067737011319,5364.883615334767
forecast_6579,2025-10-02 03:00:00,6472.00912794949,7383.655242506744,4482.36218595061
forecast_6580,2025-10-02 04:00:00,5316.6100090260425,5568.720796028649,3869.109231023781
forecast_6581,2025-10-02 05:00:00,4198.702888186177,4856.870721731549,3566.110155566234
forecast_6582,2025-10-02 06:00:00,4159.8757164558965,4287.984918420845,3279.3821139321917
forecast_6583,2025-10-02 07:00:00,3622.396722839216,4042.836368818833,3023.9493845969237
forecast_6584,2025-10-02 08:00:00,3486.7135635283,3990.846200151301,2912.755859971872
forecast_6585,2025-10-02 09:00:00,2982.7670785242917,3660.3123797880994,2659.1345236679263
forecast_6586,2025-10-02 10:00:00,2302.5401697708207,2685.3076618689047,2057.0593978290117
forecast_6587,2025-10-02 11:00:00,2302.5401697708207,2593.016077737761,2057.0593978290117
forecast_6588,2025-10-02 12:00:00,2434.779967213034,2592.3200214262833,2189.911187776477
forecast_6589,2025-10-02 13:00:00,2512.8463388457653,2593.016077737761,2189.911187776477
forecast_6590,2025-10-02 14:00:00,2434.779967213034,2611.5095482533443,2149.061923633145
forecast_6591,2025-10-02 15:00:00,2456.2936411644364,2618.1256766548995,2149.061923633145
forecast_6592,2025-10-02 16:00:00,2456.2936411644364,2618.1256766548995,2229.3365475083096
forecast_6593,2025-10-02 17:00:00,2510.6104053401514,2618.1256766548995,2285.847585434021
forecast_6594,2025-10-02 18:00:00,2567.297145806712,2690.9457803621376,2460.5214932641347
forecast_6595,2025-10-02 19:00:00,2586.9555009917744,2711.6861154931544,2473.6088783342175
forecast_6596,2025-10-02 20:00:00,2602.7544593354005,2837.022556297785,2460.5214932641347
forecast_6597,2025-10-02 21:00:00,2607.176655174,2978.7387174166424,2584.775035693177
forecast_6598,2025-10-02 22:00:00,3124.4757662565607,3373.9838564284146,2694.4879224747083
forecast_6599,2025-10-02 23:00:00,3124.4757662565607,3524.1863468795586,2872.2342355944384
forecast_6600,2025-10-03 00:00:00,3145.2191842289603,3594.5325947336532,2897.2505725019973
forecast_6601,2025-10-03 01:00:00,3286.7299605300555,3331.6254598081805,2598.7282511444173
forecast_6602,2025-10-03 02:00:00,3270.280969660643,3402.3450694750727,2709.903374845723
forecast_6603,2025-10-03 03:00:00,3209.7895695069906,3574.1970221429933,2913.7810025479125
forecast_6604,2025-10-03 04:00:00,3209.7895695069906,3690.320564054491,2994.3754006188783
forecast_6605,2025-10-03 05:00:00,3213.85555739291,3704.636344303863,2994.3754006188783
forecast_6606,2025-10-03 06:00:00,3213.85555739291,3704.636344303863,2878.5604240120438
forecast_6607,2025-10-03 07:00:00,3213.85555739291,3704.636344303863,2878.5604240120438
forecast_6608,2025-10-03 08:00:00,3500.208946005793,4440.898513556874,3084.961429270518
forecast_6609,2025-10-03 09:00:00,3603.1806429426747,4440.898513556874,3197.9638886604566
forecast_6610,2025-10-03 10:00:00,3609.0025484102043,4544.719486904147,3276.4497159186058
forecast_6611,2025-10-03 11:00:00,3683.991495459296,4432.556521464696,3276.4497159186058
forecast_6612,2025-10-03 12:00:00,4109.62809045443,4544.719486904147,3560.229862224577
forecast_6613,2025-10-03 13:00:00,4109.62809045443,4431.892282866152,3560.229862224577
forecast_6614,2025-10-03 14:00:00,3511.002225238847,3443.8316288743617,2838.372426507143
forecast_6615,2025-10-03 15:00:00,3511.002225238847,3443.8316288743617,2838.372426507143
forecast_6616,2025-10-03 16:00:00,3910.7093069970024,4509.245062626802,3243.168446237323
forecast_6617,2025-10-03 17:00:00,4400.702500716757,5091.15059190318,3572.5660420839536
forecast_6618,2025-10-03 18:00:00,4586.237138930854,5210.685173511518,3670.4437360128622
forecast_6619,2025-10-03 19:00:00,5530.916244935553,7264.419895709351,4904.415179276914
forecast_6620,2025-10-03 20:00:00,5530.916244935553,7264.419895709351,4904.415179276914
forecast_6621,2025-10-03 21:00:00,5031.119289931932,6033.35252338214,4209.097341867462
forecast_6622,2025-10-03 22:00:00,4966.4606335619965,5792.010460512397,4188.440271884104
forecast_6623,2025-10-03 23:00:00,4447.957125941282,5110.960316496157,3584.1000389154187
forecast_6624,2025-10-04 00:00:00,4355.187709406737,4982.919754056009,3542.7446739056018
forecast_6625,2025-10-04 01:00:00,3740.0796301397395,3841.4285666373544,2820.5759388349165
forecast_6626,2025-10-04 02:00:00,3745.024509476978,3935.6939049382518,2856.119236573267
forecast_6627,2025-10-04 03:00:00,3735.1347508025015,3936.418478829929,2785.0326410965663
forecast_6628,2025-10-04 04:00:00,3471.87535117519,3936.418478829929,2711.1607066166926
forecast_6629,2025-10-04 05:00:00,3383.2622541125615,3733.035438082472,2627.8935744209202
forecast_6630,2025-10-04 06:00:00,3371.571903893467,3708.8567773696827,2627.8935744209202
forecast_6631,2025-10-04 07:00:00,3287.724132305832,3676.025339877821,2627.8935744209202
forecast_6632,2025-10-04 08:00:00,3133.0805270069727,3493.1563863189463,2516.990801861432
forecast_6633,2025-10-04 09:00:00,2931.9287967792097,3442.5474150214422,2452.7592112242437
forecast_6634,2025-10-04 10:00:00,2874.398527654631,3377.2024782227318,2438.764854795319
forecast_6635,2025-10-04 11:00:00,2760.2164511294427,3243.8520230900963,2339.4263814548444
forecast_6636,2025-10-04 12:00:00,2634.4350777894133,3151.1603367133,2289.7777312161734
forecast_6637,2025-10-04 13:00:00,2620.066501858151,3020.649705076126,2235.223814529223
forecast_6638,2025-10-04 14:00:00,2620.066501858151,3020.649705076126,2235.223814529223
forecast_6639,2025-10-04 15:00:00,2640.500904428203,3020.649705076126,2276.244564240997
forecast_6640,2025-10-04 16:00:00,2719.8111962429234,3096.6166829786175,2276.588311089007
forecast_6641,2025-10-04 17:00:00,2719.8111962429234,3164.027809332931,2513.626589419344
forecast_6642,2025-10-04 18:00:00,2764.372200273674,3180.9211037256664,2515.8812731469725
forecast_6643,2025-10-04 19:00:00,2779.9663633660093,3282.6733098150153,2515.8812731469725
forecast_6644,2025-10-04 20:00:00,2820.3216044291426,3282.6733098150153,2512.3098702670727
forecast_6645,2025-10-04 21:00:00,2898.689299621433,3321.1220167004676,2512.3098702670727
forecast_6646,2025-10-04 22:00:00,3130.2718524821876,3590.7288999765487,2771.158210736473
forecast_6647,2025-10-04 23:00:00,3130.2718524821876,3590.7288999765487,2771.158210736473
forecast_6648,2025-10-05 00:00:00,3003.21548819927,3535.9732519007653,2689.767674468188
forecast_6649,2025-10-05 01:00:00,3069.257216973186,3170.7117039661407,2312.3068017877154
forecast_6650,2025-10-05 02:00:00,3091.0007665614016,3284.9058243154223,2399.1365010164764
forecast_6651,2025-10-05 03:00:00,2957.349941090196,3056.5175836168587,2222.989235609942
forecast_6652,2025-10-05 04:00:00,2671.1663120332078,2685.2873634946327,2107.41931450565
forecast_6653,2025-10-05 05:00:00,2572.2023552334526,2625.45619930983,2025.2445473477353
forecast_6654,2025-10-05 06:00:00,2599.7813528953466,2685.2873634946327,2063.6812857999785
forecast_6655,2025-10-05 07:00:00,2599.7813528953466,2651.940991104661,2063.6812857999785
forecast_6656,2025-10-05 08:00:00,2646.250616753475,2706.716537776438,2152.6167354257295
forecast_6657,2025-10-05 09:00:00,2646.250616753475,2800.4367273803923,2152.6167354257295
forecast_6658,2025-10-05 10:00:00,2824.696318933824,2938.630827739178,2365.651017713191
forecast_6659,2025-10-05 11:00:00,2634.465225291292,2821.6185277757204,2195.749696487002
forecast_6660,2025-10-05 12:00:00,2749.5867888090224,2821.6185277757204,2195.749696487002
forecast_6661,2025-10-05 13:00:00,2749.5867888090224,2821.6185277757204,2195.749696487002
forecast_6662,2025-10-05 14:00:00,2832.842446820563,2969.6048931290607,2212.0696723381275
forecast_6663,2025-10-05 15:00:00,2865.006284283776,3049.9722549658522,2389.038359660632
forecast_6664,2025-10-05 16:00:00,2892.102844332356,3186.9293900896037,2515.7246925213235
forecast_6665,2025-10-05 17:00:00,2957.787689752312,3305.660131536446,2620.006650574732
forecast_6666,2025-10-05 18:00:00,2987.2454579786013,3330.639057143648,2620.006650574732
forecast_6667,2025-10-05 19:00:00,2987.2454579786013,3330.639057143648,2620.006650574732
forecast_6668,2025-10-05 20:00:00,3113.677103113701,3471.3119756945366,2740.467167395098
forecast_6669,2025-10-05 21:00:00,3133.582323292703,3589.70030851147,2759.4300381099715
forecast_6670,2025-10-05 22:00:00,3327.597153862873,3749.348122650714,2824.726735913904
forecast_6671,2025-10-05 23:00:00,3327.597153862873,3749.348122650714,2824.726735913904
forecast_6672,2025-10-06 00:00:00,3332.781211672983,3687.6818637498345,2764.3790734806494
forecast_6673,2025-10-06 01:00:00,3271.9184957336147,3679.0658373417486,2729.2206842271585
forecast_6674,2025-10-06 02:00:00,3285.1469724294757,3711.8190004529533,2744.0118757642654
forecast_6675,2025-10-06 03:00:00,3285.1469724294757,3791.4156110776435,2714.4294926900516
forecast_6676,2025-10-06 04:00:00,3359.606134488736,3899.5816969943917,2854.0873819819076
forecast_6677,2025-10-06 05:00:00,4071.0997071963147,4914.706789285908,3538.700227414556
forecast_6678,2025-10-06 06:00:00,4911.539412695324,6288.4192700280355,5360.768958311227
forecast_6679,2025-10-06 07:00:00,7139.295711541874,8828.947434789952,7214.887985098947
forecast_6680,2025-10-06 08:00:00,7490.573808429329,10459.557545633681,7473.462373866324
forecast_6681,2025-10-06 09:00:00,7490.573808429329,10459.557545633681,7473.462373866324
forecast_6682,2025-10-06 10:00:00,7247.309866791246,9696.223604468547,6472.536341391229
forecast_6683,2025-10-06 11:00:00,6130.141812623984,8816.737376432928,5717.270867938139
forecast_6684,2025-10-06 12:00:00,5825.905987573029,7737.592125419993,4702.843127739942
forecast_6685,2025-10-06 13:00:00,4578.553302779263,6577.291481056073,4344.921525758793
forecast_6686,2025-10-06 14:00:00,4441.557571938082,6315.886680975205,4230.008346809627
forecast_6687,2025-10-06 15:00:00,4051.296052000257,4781.288623131704,3482.782870779818
forecast_6688,2025-10-06 16:00:00,4051.296052000257,4781.288623131704,3482.782870779818
forecast_6689,2025-10-06 17:00:00,5201.935717209734,7654.492686093885,5597.057006370586
forecast_6690,2025-10-06 18:00:00,6987.053956258744,7953.998911782977,6432.706640890928
forecast_6691,2025-10-06 19:00:00,8718.421744197683,9491.819635948394,7912.1434485185455
forecast_6692,2025-10-06 20:00:00,10505.634768183747,11095.553424535286,9061.630736049454
forecast_6693,2025-10-06 21:00:00,11278.282956493775,13209.042320890783,10454.562688263784
forecast_6694,2025-10-06 22:00:00,11788.7777915024,14495.525176306754,11918.112564433755
forecast_6695,2025-10-06 23:00:00,12572.659452056501,15238.028165517035,13031.825824327292
forecast_6696,2025-10-07 00:00:00,12794.870830799311,15364.712503676707,13084.43073789669
forecast_6697,2025-10-07 01:00:00,9236.056633498109,13126.232141663408,10467.941474728574
forecast_6698,2025-10-07 02:00:00,8601.513209593115,12246.628246938966,9257.581003507195
forecast_6699,2025-10-07 03:00:00,8292.616442243452,11121.783560212698,8566.435121611315
forecast_6700,2025-10-07 04:00:00,7669.921475707262,11065.750594434938,8250.540582004043
forecast_6701,2025-10-07 05:00:00,7669.921475707262,10820.793334306205,8089.43099875054
forecast_6702,2025-10-07 06:00:00,7593.183235916923,10635.7333935583,8021.046122422023
forecast_6703,2025-10-07 07:00:00,7593.183235916923,9588.714606960546,7094.3226155163375
forecast_6704,2025-10-07 08:00:00,7338.794586338752,9578.530637643262,6922.734138351263
forecast_6705,2025-10-07 09:00:00,6300.954031546477,8952.182156937472,6129.719318608569
forecast_6706,2025-10-07 10:00:00,5794.108038340712,8124.739265722024,5391.618576244636
forecast_6707,2025-10-07 11:00:00,4796.444195503245,5594.337966840916,3908.037829300534
forecast_6708,2025-10-07 12:00:00,3840.893778214407,3898.324154333909,2866.0151445534384
forecast_6709,2025-10-07 13:00:00,3554.1769092939967,3898.324154333909,2866.0151445534384
forecast_6710,2025-10-07 14:00:00,3485.4373554930876,3898.324154333909,2920.3625219187807
forecast_6711,2025-10-07 15:00:00,3346.4146498493524,3881.6329708053877,2921.558218916623
forecast_6712,2025-10-07 16:00:00,3325.418224021072,3801.5035625852006,2979.579087481599
forecast_6713,2025-10-07 17:00:00,3244.0253580849417,3665.6246923951294,2989.019686994616
forecast_6714,2025-10-07 18:00:00,3195.744051707165,3637.913966716912,2989.019686994616
forecast_6715,2025-10-07 19:00:00,3091.821298979671,3517.7027391747165,2907.5080796978036
forecast_6716,2025-10-07 20:00:00,3075.911623286966,3413.7050973920186,2897.7997886665958
forecast_6717,2025-10-07 21:00:00,3091.821298979671,3517.7027391747165,2907.5080796978036
forecast_6718,2025-10-07 22:00:00,3396.3501484535955,4104.7293880552115,3393.240718348313
forecast_6719,2025-10-07 23:00:00,3549.1124224741993,4104.7293880552115,3510.774760791969
forecast_6720,2025-10-08 00:00:00,3652.6627508971633,4128.21321977035,3533.093642705152
forecast_6721,2025-10-08 01:00:00,3085.7539498194287,3403.869757732278,2754.924125067757
forecast_6722,2025-10-08 02:00:00,3062.8244125397696,3400.999039923559,2744.450438504563
forecast_6723,2025-10-08 03:00:00,3048.3308719047404,3329.820567487386,2640.765744023454
forecast_6724,2025-10-08 04:00:00,3048.3308719047404,3329.820567487386,2640.765744023454
forecast_6725,2025-10-08 05:00:00,3048.3308719047404,3329.820567487386,2640.765744023454
forecast_6726,2025-10-08 06:00:00,2898.1564020945925,3104.500100520355,2629.301719680587
forecast_6727,2025-10-08 07:00:00,2869.3381074595754,3003.2454749151957,2522.4101357560708
forecast_6728,2025-10-08 08:00:00,2860.098694486128,3003.2454749151957,2460.975746485018
forecast_6729,2025-10-08 09:00:00,2860.098694486128,3137.2550812087757,2455.648335368492
forecast_6730,2025-10-08 10:00:00,2777.1544029286188,3137.2550812087757,2424.5341526009656
forecast_6731,2025-10-08 11:00:00,2777.1544029286188,3110.269828412069,2412.3136668864927
forecast_6732,2025-10-08 12:00:00,2775.013732363377,3110.269828412069,2424.5341526009656
forecast_6733,2025-10-08 13:00:00,2775.013732363377,3245.112129432592,2453.041314039466
forecast_6734,2025-10-08 14:00:00,2775.013732363377,3276.4140673586057,2535.180882331004
forecast_6735,2025-10-08 15:00:00,2785.275090725127,3413.974545661721,2564.180675104194
forecast_6736,2025-10-08 16:00:00,2748.984170425786,3413.974545661721,2578.0517293882144
forecast_6737,2025-10-08 17:00:00,2785.275090725127,3413.974545661721,2584.2149469813503
forecast_6738,2025-10-08 18:00:00,2803.0213355084074,3415.490195228083,2615.1794286401464
forecast_6739,2025-10-08 19:00:00,2966.166653957478,3787.95004351213,2811.998273918355
forecast_6740,2025-10-08 20:00:00,3098.0417706187786,4013.301068427502,2993.3527858285815
forecast_6741,2025-10-08 21:00:00,3199.575187429419,4529.139702125675,3273.9123854064005
forecast_6742,2025-10-08 22:00:00,4013.130667838671,5388.107149398023,3901.0959523889132
forecast_6743,2025-10-08 23:00:00,4765.408438480512,5881.721812072303,4425.532461383655
forecast_6744,2025-10-09 00:00:00,4960.867326923673,6068.1692068738175,4671.757341909577
forecast_6745,2025-10-09 01:00:00,5147.484102891518,6715.578499771871,5083.9868279564835
forecast_6746,2025-10-09 02:00:00,4962.35720142369,6701.99438300406,4731.630335255925
forecast_6747,2025-10-09 03:00:00,4962.35720142369,6711.104169754797,4671.011748969549
forecast_6748,2025-10-09 04:00:00,4962.35720142369,6701.99438300406,4557.524229914679
forecast_6749,2025-10-09 05:00:00,5102.719538796773,6711.104169754797,4557.524229914679
forecast_6750,2025-10-09 06:00:00,5486.405447874264,6728.995839084129,4833.788344535122
forecast_6751,2025-10-09 07:00:00,5486.405447874264,6728.995839084129,4833.788344535122
forecast_6752,2025-10-09 08:00:00,4357.451830770148,6466.299062733296,4136.081803603711
forecast_6753,2025-10-09 09:00:00,4093.7011196958106,5822.3150718709785,4005.1945496826243
forecast_6754,2025-10-09 10:00:00,3642.4239626777694,5350.544599645293,3743.23435906047
forecast_6755,2025-10-09 11:00:00,3286.551897814429,4272.260480016421,3129.394147118899
forecast_6756,2025-10-09 12:00:00,3152.1655076138773,3928.621908960498,2955.8214320809857
forecast_6757,2025-10-09 13:00:00,3068.650561927424,3675.8011516990546,2851.7320077587556
forecast_6758,2025-10-09 14:00:00,3018.962803769996,3669.8244959397816,2762.5986799388475
forecast_6759,2025-10-09 15:00:00,2994.8064527583547,3446.645897386917,2677.0277275912613
forecast_6760,2025-10-09 16:00:00,2964.289542112788,3276.1079803954995,2647.7071257422135
forecast_6761,2025-10-09 17:00:00,2970.586815458323,3232.8423576829873,2623.6242115081373
forecast_6762,2025-10-09 18:00:00,2964.289542112788,3089.7617030531474,2487.5944376852417
forecast_6763,2025-10-09 19:00:00,2970.586815458323,3089.7617030531474,2470.4807610385424
forecast_6764,2025-10-09 20:00:00,2957.805629013372,3089.7617030531474,2462.3205633206608
forecast_6765,2025-10-09 21:00:00,3048.4610256007845,3198.8387747066718,2470.4807610385424
forecast_6766,2025-10-09 22:00:00,3296.2748792292864,3599.227034185751,2742.764357307465
forecast_6767,2025-10-09 23:00:00,3296.2748792292864,3599.227034185751,2742.764357307465
forecast_6768,2025-10-10 00:00:00,3326.4615305693505,3568.843559725972,2675.5878484006907
forecast_6769,2025-10-10 01:00:00,3434.7280483391633,3278.023491069667,2405.407519124622
forecast_6770,2025-10-10 02:00:00,3549.732676562274,3366.884760095808,2461.8207127803034
forecast_6771,2025-10-10 03:00:00,3589.79624086747,3430.046396796002,2623.175008980745
forecast_6772,2025-10-10 04:00:00,3662.829282701624,3817.3806990474295,2885.0412978228874
forecast_6773,2025-10-10 05:00:00,3662.829282701624,3817.3806990474295,2885.0412978228874
forecast_6774,2025-10-10 06:00:00,3662.829282701624,3817.3806990474295,2885.0412978228874
forecast_6775,2025-10-10 07:00:00,3777.5401208548174,3919.3076807588054,2925.4055355055966
forecast_6776,2025-10-10 08:00:00,3916.8096376454473,4235.174269736482,3006.6551634389607
forecast_6777,2025-10-10 09:00:00,3916.8096376454473,4235.174269736482,3006.6551634389607
forecast_6778,2025-10-10 10:00:00,3839.134514537097,3731.3604783662026,2834.722074731469
forecast_6779,2025-10-10 11:00:00,3810.149773466015,3731.3604783662026,2828.987001768944
forecast_6780,2025-10-10 12:00:00,3810.149773466015,4204.309992462794,2828.987001768944
forecast_6781,2025-10-10 13:00:00,4067.627523873133,4508.550465377615,2990.619639775853
forecast_6782,2025-10-10 14:00:00,4067.627523873133,4508.550465377615,3067.552794375784
forecast_6783,2025-10-10 15:00:00,3811.5404079790546,4340.507279887436,3067.552794375784
forecast_6784,2025-10-10 16:00:00,3593.215934419087,3962.8640834350167,2946.358434676421
forecast_6785,2025-10-10 17:00:00,3547.418609033891,3878.7386901012387,2800.367494283116
forecast_6786,2025-10-10 18:00:00,3411.8654838087677,3528.484653226037,2680.4155469470097
forecast_6787,2025-10-10 19:00:00,3307.3804609601007,3528.484653226037,2660.434751843293
forecast_6788,2025-10-10 20:00:00,3411.8654838087677,3753.475829856145,2660.434751843293
forecast_6789,2025-10-10 21:00:00,3492.3838903473124,3962.4855708075847,2929.97917276853
forecast_6790,2025-10-10 22:00:00,4167.392403718353,4504.760443187396,3165.756109069535
forecast_6791,2025-10-10 23:00:00,4370.074544970987,4830.554716948614,3190.1585560044105
forecast_6792,2025-10-11 00:00:00,4477.383166184528,5015.240303172039,3338.702268309651
forecast_6793,2025-10-11 01:00:00,5302.446442270819,6478.998041682147,4321.474440453663
forecast_6794,2025-10-11 02:00:00,5718.9038687016455,7107.718636868289,4771.011864605252
forecast_6795,2025-10-11 03:00:00,5895.228189687739,8514.460410984944,5009.645960973465
forecast_6796,2025-10-11 04:00:00,6884.8073175055415,9368.503285943798,5660.855271112445
forecast_6797,2025-10-11 05:00:00,7931.583068161577,10786.016394301801,6727.9318072733
forecast_6798,2025-10-11 06:00:00,7931.583068161577,10786.016394301801,6788.8784230281935
forecast_6799,2025-10-11 07:00:00,7824.346639346569,10876.186422906248,6788.8784230281935
forecast_6800,2025-10-11 08:00:00,7547.96337828768,10630.802592212436,6788.8784230281935
forecast_6801,2025-10-11 09:00:00,7547.677399298247,10455.617107003636,6402.818028176302
forecast_6802,2025-10-11 10:00:00,7547.96337828768,9865.424568561171,6572.758928688699
forecast_6803,2025-10-11 11:00:00,7909.709512673629,9865.424568561171,6572.758928688699
forecast_6804,2025-10-11 12:00:00,8481.611881870132,10638.506960391549,7482.451831947104
forecast_6805,2025-10-11 13:00:00,8822.587120324748,10970.14676210874,8237.6182173937
forecast_6806,2025-10-11 14:00:00,8925.517990179713,11513.779099930642,8393.611517237734
forecast_6807,2025-10-11 15:00:00,9785.751148912608,11178.318760473905,9321.406434298051
forecast_6808,2025-10-11 16:00:00,9785.751148912608,11178.318760473905,9321.406434298051
forecast_6809,2025-10-11 17:00:00,9785.751148912608,11178.318760473905,9321.406434298051
forecast_6810,2025-10-11 18:00:00,9972.941643861976,11977.112210277457,9576.848807219856
forecast_6811,2025-10-11 19:00:00,11115.14346191053,11999.88216458164,9866.257735103527
forecast_6812,2025-10-11 20:00:00,11115.14346191053,12409.350823496936,10383.735344336767
forecast_6813,2025-10-11 21:00:00,11110.927602960466,12993.027597905842,10744.912544292474
forecast_6814,2025-10-11 22:00:00,10789.733205011018,12993.027597905842,10744.912544292474
forecast_6815,2025-10-11 23:00:00,10645.023671230292,12507.230892691838,10625.206668499217
forecast_6816,2025-10-12 00:00:00,10554.73347636854,12133.37040493148,10454.406048595465
forecast_6817,2025-10-12 01:00:00,11163.802728031234,12681.8219668231,10762.786135442442
forecast_6818,2025-10-12 02:00:00,10207.927050851627,11337.673328138948,9795.808445322562
forecast_6819,2025-10-12 03:00:00,6764.2115951855285,7352.07881794284,5663.866816919971
forecast_6820,2025-10-12 04:00:00,6299.707762497742,6214.469508460487,5172.217883278092
forecast_6821,2025-10-12 05:00:00,4965.839252470816,4827.761646757417,3336.31743251992
forecast_6822,2025-10-12 06:00:00,4211.857825458028,4721.671725014351,2849.4299697410934
forecast_6823,2025-10-12 07:00:00,3912.7735306531235,4407.483610935315,2849.4299697410934
forecast_6824,2025-10-12 08:00:00,3912.7735306531235,4407.483610935315,3305.396812137169
forecast_6825,2025-10-12 09:00:00,4760.970350820544,4848.12595659372,3739.2765968553963
forecast_6826,2025-10-12 10:00:00,5384.536244099919,6475.9023688822235,4656.355277007344
forecast_6827,2025-10-12 11:00:00,5796.420203175663,7251.582435821751,5035.150494227314
forecast_6828,2025-10-12 12:00:00,5796.420203175663,7814.9770781208135,5223.781238408284
forecast_6829,2025-10-12 13:00:00,5796.420203175663,7846.324022615108,5376.583525602203
forecast_6830,2025-10-12 14:00:00,5518.496773614762,7846.324022615108,5421.570164456663
forecast_6831,2025-10-12 15:00:00,5518.496773614762,7543.825125136337,5703.729652154541
forecast_6832,2025-10-12 16:00:00,5214.992054372266,7463.672327804865,5421.570164456663
forecast_6833,2025-10-12 17:00:00,4752.451456813545,6735.129062679191,5059.376821054
forecast_6834,2025-10-12 18:00:00,4752.451456813545,6715.354319429585,5059.376821054
forecast_6835,2025-10-12 19:00:00,5734.467976269887,6608.342945340514,5276.913207304622
forecast_6836,2025-10-12 20:00:00,5734.467976269887,6608.342945340514,5276.913207304622
forecast_6837,2025-10-12 21:00:00,4378.409316906617,5727.355784374017,3936.532624825371
forecast_6838,2025-10-12 22:00:00,3878.8505044489357,4700.399023784905,3255.1709224753567
forecast_6839,2025-10-12 23:00:00,3670.1490700875866,4359.5475369234655,3153.0472801969945
forecast_6840,2025-10-13 00:00:00,3624.0639879053683,4270.078525204979,3079.8459103295754
forecast_6841,2025-10-13 01:00:00,3021.218092612713,3139.824517792539,2370.088278944024
forecast_6842,2025-10-13 02:00:00,3011.4233623795826,3051.379664516134,2317.648204864438
forecast_6843,2025-10-13 03:00:00,2858.3032391272577,3031.0768424843136,2190.7437561283264
forecast_6844,2025-10-13 04:00:00,2858.3032391272577,3031.0768424843136,2190.7437561283264
forecast_6845,2025-10-13 05:00:00,3167.1887991537487,3549.732594149081,2733.3986945864153
forecast_6846,2025-10-13 06:00:00,3884.6960781690186,4147.779729973084,3205.2876417451303
forecast_6847,2025-10-13 07:00:00,3884.6960781690186,4564.345416317213,3205.2876417451303
forecast_6848,2025-10-13 08:00:00,3878.428957213296,4601.755411381959,3763.8595901365384
forecast_6849,2025-10-13 09:00:00,3670.7803962988737,4564.345416317213,3156.654863755306
forecast_6850,2025-10-13 10:00:00,3878.428957213296,4601.755411381959,3679.823080834766
forecast_6851,2025-10-13 11:00:00,3622.4777143365914,4216.234152359494,3374.047538073636
forecast_6852,2025-10-13 12:00:00,3622.4777143365914,4035.6398943111535,3374.047538073636
forecast_6853,2025-10-13 13:00:00,3272.0586334891955,4035.6398943111535,3059.318273277485
forecast_6854,2025-10-13 14:00:00,3272.0586334891955,4285.860669415885,3059.318273277485
forecast_6855,2025-10-13 15:00:00,3563.092532176168,4285.860669415885,3188.4587547749097
forecast_6856,2025-10-13 16:00:00,3856.6531473730006,4498.89420938113,3260.272441589928
forecast_6857,2025-10-13 17:00:00,3856.6531473730006,4552.665048848483,3188.4587547749097
forecast_6858,2025-10-13 18:00:00,4093.931943153889,4872.803218197915,3423.9955709972064
forecast_6859,2025-10-13 19:00:00,3954.874334003008,4861.003984480948,3378.7655910048743
forecast_6860,2025-10-13 20:00:00,4160.079966320029,4872.803218197915,3423.9955709972064
forecast_6861,2025-10-13 21:00:00,5103.135453567607,5410.682784085972,4181.031252083105
forecast_6862,2025-10-13 22:00:00,5103.135453567607,5410.682784085972,4181.031252083105
forecast_6863,2025-10-13 23:00:00,4971.02435836681,5488.803303759638,3995.116757347309
forecast_6864,2025-10-14 00:00:00,4907.979235084831,5287.725913638589,3882.9314785800443
forecast_6865,2025-10-14 01:00:00,7136.150604561706,9320.194142915536,6867.423093850795
forecast_6866,2025-10-14 02:00:00,7122.790664356771,9211.845419265892,6621.520741931183
forecast_6867,2025-10-14 03:00:00,6031.330782240593,8569.859264168223,5756.666923566205
forecast_6868,2025-10-14 04:00:00,5586.956711001619,7355.6734454835705,4880.548573287373
forecast_6869,2025-10-14 05:00:00,5438.0674330337515,5899.491980931588,4363.9708506509605
forecast_6870,2025-10-14 06:00:00,5208.013029968785,5582.385273724243,3956.8618322310986
forecast_6871,2025-10-14 07:00:00,4572.565628367804,5582.385273724243,3907.6935600849183
forecast_6872,2025-10-14 08:00:00,4572.565628367804,6226.021876089255,3907.6935600849183
forecast_6873,2025-10-14 09:00:00,4572.565628367804,6662.4338011024565,4253.683976195103
forecast_6874,2025-10-14 10:00:00,4014.7530060479753,6662.4338011024565,4253.683976195103
forecast_6875,2025-10-14 11:00:00,3997.669327655002,5714.054641337678,3698.7191268516676
forecast_6876,2025-10-14 12:00:00,3997.669327655002,5413.442748638817,3572.5371729645567
forecast_6877,2025-10-14 13:00:00,4072.97959349632,5413.442748638817,3572.5371729645567
forecast_6878,2025-10-14 14:00:00,4072.97959349632,5413.442748638817,3572.5371729645567
forecast_6879,2025-10-14 15:00:00,3968.0663394678645,4993.193622003627,3285.351650389775
forecast_6880,2025-10-14 16:00:00,3573.0927197252904,4625.624478020153,3280.870639661042
forecast_6881,2025-10-14 17:00:00,3318.4768321843067,4384.9651424574895,3101.4028998130425
forecast_6882,2025-10-14 18:00:00,3358.248028644493,4384.9651424574895,3280.870639661042
forecast_6883,2025-10-14 19:00:00,3358.248028644493,4315.35671969786,3255.95452932589
forecast_6884,2025-10-14 20:00:00,3541.8970012645323,4315.35671969786,3287.1990922034042
forecast_6885,2025-10-14 21:00:00,3549.7935960910377,4414.17298186841,3346.031809301876
forecast_6886,2025-10-14 22:00:00,3900.214444664756,4761.763024955153,3562.5735125001484
forecast_6887,2025-10-14 23:00:00,4046.386887195085,4776.645756760928,3670.354758421876
forecast_6888,2025-10-15 00:00:00,4070.5266428868335,4783.065753589777,3671.2181506140737
forecast_6889,2025-10-15 01:00:00,3740.1862811770316,4347.672775147932,3263.268279207088
forecast_6890,2025-10-15 02:00:00,3698.973185104679,4271.7425262681745,3159.1134378218535
forecast_6891,2025-10-15 03:00:00,3564.959998964634,4180.282267858641,3052.7694479060788
forecast_6892,2025-10-15 04:00:00,3337.1196176883545,3886.29193245098,2879.165908567539
forecast_6893,2025-10-15 05:00:00,3336.4637454130766,3886.29193245098,2879.165908567539
forecast_6894,2025-10-15 06:00:00,3315.2477985402024,3886.29193245098,2845.853522183873
forecast_6895,2025-10-15 07:00:00,3305.756590856079,3562.9816826754613,2714.1774621202126
forecast_6896,2025-10-15 08:00:00,3258.1775225689207,3562.9816826754613,2714.1774621202126
forecast_6897,2025-10-15 09:00:00,3201.0103294496516,3499.9274152789235,2636.647872192021
forecast_6898,2025-10-15 10:00:00,3093.3796535153006,3499.9274152789235,2636.647872192021
forecast_6899,2025-10-15 11:00:00,2879.050970321964,3399.3546062489586,2480.5176362302564
forecast_6900,2025-10-15 12:00:00,2734.0928427466506,3003.979029066014,2388.6922632941555
forecast_6901,2025-10-15 13:00:00,2734.0928427466506,2928.3728160849046,2229.415215132405
forecast_6902,2025-10-15 14:00:00,2808.8423537495323,2896.9644184718977,2229.415215132405
forecast_6903,2025-10-15 15:00:00,2864.0601046290417,2881.2013642321863,2259.442714174243
forecast_6904,2025-10-15 16:00:00,2864.0601046290417,2843.794588526308,2272.802678589815
forecast_6905,2025-10-15 17:00:00,2864.0601046290417,2843.794588526308,2259.442714174243
forecast_6906,2025-10-15 18:00:00,2879.163913358258,2927.637673873923,2203.780554275253
forecast_6907,2025-10-15 19:00:00,2889.510802518661,2967.280249267877,2203.780554275253
forecast_6908,2025-10-15 20:00:00,3190.3916754229986,3403.2169527421734,2308.107898983745
forecast_6909,2025-10-15 21:00:00,3277.5925296089977,3692.3043930018866,2342.36494463687
forecast_6910,2025-10-15 22:00:00,3998.174911457076,4974.8786070413835,3441.8677251624076
forecast_6911,2025-10-15 23:00:00,4517.4222934384015,5171.154519497527,3634.9928181103123
forecast_6912,2025-10-16 00:00:00,4665.040430352784,5198.155461511647,4152.985361359151
forecast_6913,2025-10-16 01:00:00,4095.888952003911,3870.8312908558446,2922.091687743866
forecast_6914,2025-10-16 02:00:00,3948.8618328159732,3882.317853716876,3340.857854970944
forecast_6915,2025-10-16 03:00:00,3948.8618328159732,3984.5820217424503,3743.8386802564287
forecast_6916,2025-10-16 04:00:00,3872.5068541898627,3984.5820217424503,3743.8386802564287
forecast_6917,2025-10-16 05:00:00,3872.5068541898627,4126.446581417136,3826.733389605213
forecast_6918,2025-10-16 06:00:00,4114.625264311968,4666.448178403385,3741.1072584768817
forecast_6919,2025-10-16 07:00:00,4114.625264311968,4666.448178403385,3741.1072584768817
forecast_6920,2025-10-16 08:00:00,3925.1589874384313,4745.219785118594,3149.3987959534606
forecast_6921,2025-10-16 09:00:00,3925.1589874384313,4919.316742233939,3149.3987959534606
forecast_6922,2025-10-16 10:00:00,4282.701136874823,5224.584815796225,3443.0194023117074
forecast_6923,2025-10-16 11:00:00,4980.943958012436,7160.894318797969,4500.724895519267
forecast_6924,2025-10-16 12:00:00,4980.943958012436,7160.894318797969,4500.724895519267
forecast_6925,2025-10-16 13:00:00,4561.593781886065,6087.88590733976,3842.43402106672
forecast_6926,2025-10-16 14:00:00,4425.244008417621,5857.916134948203,3549.226740068179
forecast_6927,2025-10-16 15:00:00,3614.743904999331,4519.382139832056,3018.292208792028
forecast_6928,2025-10-16 16:00:00,3484.3497151278266,4383.9615222056045,2980.631388808983
forecast_6929,2025-10-16 17:00:00,3354.4614169306124,4316.645010040457,2980.631388808983
forecast_6930,2025-10-16 18:00:00,3253.167073352896,4344.95858128961,3129.8150611405626
forecast_6931,2025-10-16 19:00:00,3253.167073352896,4344.95858128961,3194.379877563485
forecast_6932,2025-10-16 20:00:00,3649.3324293575233,4813.935240517075,3362.5641210700223
forecast_6933,2025-10-16 21:00:00,3709.010625389322,4883.784835609233,3585.8410707286102
forecast_6934,2025-10-16 22:00:00,4132.643019604899,5436.936768540214,3978.2425125205473
forecast_6935,2025-10-16 23:00:00,4132.643019604899,5436.936768540214,3978.2425125205473
forecast_6936,2025-10-17 00:00:00,3927.671181329691,5076.929212113725,3795.235959604205
forecast_6937,2025-10-17 01:00:00,3793.72422531508,4826.060191832072,3524.727831411594
forecast_6938,2025-10-17 02:00:00,3776.844928950123,4762.866737297061,3443.6726091734768
forecast_6939,2025-10-17 03:00:00,3749.738050356612,4184.168388286544,3109.58999460732
forecast_6940,2025-10-17 04:00:00,3684.7684418624012,4126.5664321890845,3049.7082663430565
forecast_6941,2025-10-17 05:00:00,3563.62167126867,3787.40981327669,2948.827285410308
forecast_6942,2025-10-17 06:00:00,3468.143646105458,3556.4885219718403,2747.2633759148957
forecast_6943,2025-10-17 07:00:00,3409.1105853056492,3487.2443972139,2731.0672085934743
forecast_6944,2025-10-17 08:00:00,3327.892929514985,3281.540521540559,2571.0493777060665
forecast_6945,2025-10-17 09:00:00,3278.4922238589434,3139.318045660374,2499.631254562908
forecast_6946,2025-10-17 10:00:00,3231.8113234437033,2959.947529703507,2438.770858005713
forecast_6947,2025-10-17 11:00:00,2924.1630991008387,2954.1582072678157,2438.770858005713
forecast_6948,2025-10-17 12:00:00,2924.1630991008387,2928.305036774481,2438.770858005713
forecast_6949,2025-10-17 13:00:00,2949.549801131088,2928.305036774481,2316.111990762051
forecast_6950,2025-10-17 14:00:00,2970.885076319415,3042.0913773890015,2275.6851468435893
forecast_6951,2025-10-17 15:00:00,2982.9984328547553,3050.072774026785,2316.111990762051
forecast_6952,2025-10-17 16:00:00,2982.9984328547553,3055.8114937946584,2355.0938108955393
forecast_6953,2025-10-17 17:00:00,2878.2681269010177,3099.414495261507,2355.0938108955393
forecast_6954,2025-10-17 18:00:00,2878.2681269010177,3211.5586012548933,2281.1657175412115
forecast_6955,2025-10-17 19:00:00,3138.5837011590165,3324.880425095729,2281.1657175412115
forecast_6956,2025-10-17 20:00:00,3862.521297928459,3631.3497410714745,2517.138545586521
forecast_6957,2025-10-17 21:00:00,4379.359387168585,4938.854616814581,3234.652599007434
forecast_6958,2025-10-17 22:00:00,4566.41945515425,5348.069511225367,3287.7112760946184
forecast_6959,2025-10-17 23:00:00,4655.259034688044,6182.647798719629,3661.411517031087
forecast_6960,2025-10-18 00:00:00,4713.451621910099,6248.439219545985,3859.829752418261
forecast_6961,2025-10-18 01:00:00,4908.186830294924,5310.28017617051,3511.1308242650243
forecast_6962,2025-10-18 02:00:00,5307.023754819711,6105.014416664515,4233.509623352525
forecast_6963,2025-10-18 03:00:00,5408.851043445196,6395.077895347373,4262.09853369116
forecast_6964,2025-10-18 04:00:00,5706.435267838594,6508.420133589996,5182.613958234873
forecast_6965,2025-10-18 05:00:00,5706.435267838594,6508.420133589996,5182.613958234873
forecast_6966,2025-10-18 06:00:00,4814.293743679058,4506.032330527433,3660.50134568411
forecast_6967,2025-10-18 07:00:00,4444.832955712467,4335.944294630581,2988.7960162071768
forecast_6968,2025-10-18 08:00:00,4223.886822738221,3835.4566332470376,2724.456241850271
forecast_6969,2025-10-18 09:00:00,3369.273485829201,3503.8969024572457,2593.825373628334
forecast_6970,2025-10-18 10:00:00,3369.273485829201,3465.9452957404237,2509.8245613394697
forecast_6971,2025-10-18 11:00:00,3369.273485829201,3462.06192383974,2376.6165259963805
forecast_6972,2025-10-18 12:00:00,3432.8212923015863,3465.9452957404237,2509.8245613394697
forecast_6973,2025-10-18 13:00:00,3589.3548674062076,3750.4310205059846,2557.025694602978
forecast_6974,2025-10-18 14:00:00,3593.6081634980137,3773.1681023036153,2680.445321098921
forecast_6975,2025-10-18 15:00:00,3593.6081634980137,4003.1690532387465,2923.6527170068225
forecast_6976,2025-10-18 16:00:00,3516.0079454287684,4003.1690532387465,2923.6527170068225
forecast_6977,2025-10-18 17:00:00,2916.0862724515655,3501.4860233293452,2576.875974264461
forecast_6978,2025-10-18 18:00:00,2850.2705939967464,3231.8102910372218,2576.875974264461
forecast_6979,2025-10-18 19:00:00,2827.010728100436,3227.4435406063844,2510.8997811445506
forecast_6980,2025-10-18 20:00:00,2849.9279022553537,3227.4435406063844,2447.4373731576306
forecast_6981,2025-10-18 21:00:00,2849.9279022553537,3227.4435406063844,2447.4373731576306
forecast_6982,2025-10-18 22:00:00,3304.792823716489,3464.1273629470015,2804.1005235466787
forecast_6983,2025-10-18 23:00:00,3304.792823716489,3464.1273629470015,2804.1005235466787
forecast_6984,2025-10-19 00:00:00,3215.191551951904,3435.5489133346455,2746.8435152948678
forecast_6985,2025-10-19 01:00:00,2727.6690134559867,2776.6107690667986,2125.557809810043
forecast_6986,2025-10-19 02:00:00,2716.638453106716,2711.9061751729114,2130.0312271311727
forecast_6987,2025-10-19 03:00:00,2632.568724569517,2662.3707860437858,2171.441205165739
forecast_6988,2025-10-19 04:00:00,2632.568724569517,2711.9061751729114,2213.6047827465654
forecast_6989,2025-10-19 05:00:00,2800.1429409060265,2745.0003179984824,2234.1480784809683
forecast_6990,2025-10-19 06:00:00,2867.4070380857347,3049.7459734483136,2314.3042876474055
forecast_6991,2025-10-19 07:00:00,3022.5423852095364,3163.7550882576534,2464.696056669731
forecast_6992,2025-10-19 08:00:00,3124.4172807924706,3327.4633581515386,2499.8097404559717
forecast_6993,2025-10-19 09:00:00,3247.522821906562,3384.9056478509724,2536.5874770776018
forecast_6994,2025-10-19 10:00:00,3327.284686620094,3590.034117014402,2625.9965191566675
forecast_6995,2025-10-19 11:00:00,3368.8321439529523,3590.034117014402,2625.9965191566675
forecast_6996,2025-10-19 12:00:00,3368.8321439529523,3590.034117014402,2625.9965191566675
forecast_6997,2025-10-19 13:00:00,3786.5436493864536,4006.752997038145,2667.4862043599505
forecast_6998,2025-10-19 14:00:00,3922.835047868528,4013.9105961266782,2785.42335297358
forecast_6999,2025-10-19 15:00:00,4077.303487723798,4895.053763063477,3503.229393006098
forecast_7000,2025-10-19 16:00:00,5074.630196676744,5364.6373057769115,3747.3048689575453
forecast_7001,2025-10-19 17:00:00,5089.53761722404,5395.701895248728,3791.027229411279
forecast_7002,2025-10-19 18:00:00,5413.774277828574,5526.993889549472,3863.8382955877555
forecast_7003,2025-10-19 19:00:00,5544.832240846297,6335.671310401887,3951.766835792462
forecast_7004,2025-10-19 20:00:00,5544.832240846297,6335.671310401887,3951.766835792462
forecast_7005,2025-10-19 21:00:00,5115.944075409401,5889.398082857328,3792.157120834135
forecast_7006,2025-10-19 22:00:00,5115.944075409401,5869.633588393737,3792.157120834135
forecast_7007,2025-10-19 23:00:00,5362.009400224226,5869.633588393737,4028.569463628094
forecast_7008,2025-10-20 00:00:00,5514.507948899442,5602.291297229606,4245.25917312159
forecast_7009,2025-10-20 01:00:00,3984.962997286795,3544.951737217452,3021.198298949942
forecast_7010,2025-10-20 02:00:00,3767.428402614668,3574.026066207075,2981.2625845119187
forecast_7011,2025-10-20 03:00:00,3586.966851693311,3574.026066207075,2942.7410163331388
forecast_7012,2025-10-20 04:00:00,3550.160156046305,3646.915610999897,2827.4143360018656
forecast_7013,2025-10-20 05:00:00,3490.4607478228436,3682.4274135710048,2942.7410163331388
forecast_7014,2025-10-20 06:00:00,3490.4607478228436,3900.4652980133696,3157.515918500088
forecast_7015,2025-10-20 07:00:00,3490.4607478228436,3900.4652980133696,3157.515918500088
forecast_7016,2025-10-20 08:00:00,3528.693317452595,3900.4652980133696,2934.7834977144726
forecast_7017,2025-10-20 09:00:00,3247.4757629147834,3628.7006080676597,2770.9919243306563
forecast_7018,2025-10-20 10:00:00,3247.4757629147834,3613.890320896684,2708.213693088556
forecast_7019,2025-10-20 11:00:00,3052.202463132714,3572.3868876976535,2632.1517670851126
forecast_7020,2025-10-20 12:00:00,2916.656385641532,3370.9514451240984,2632.1517670851126
forecast_7021,2025-10-20 13:00:00,2881.8773739065327,3031.222438244271,2287.771105013323
forecast_7022,2025-10-20 14:00:00,2682.733284363138,2750.4181410788215,2213.3116187354467
forecast_7023,2025-10-20 15:00:00,2682.733284363138,2693.354114182993,2213.3116187354467
forecast_7024,2025-10-20 16:00:00,2712.612794248226,2670.3741495078525,2206.7984947921573
forecast_7025,2025-10-20 17:00:00,2712.612794248226,2609.1496695471933,2236.254212345335
forecast_7026,2025-10-20 18:00:00,2701.510500674734,2539.056456494201,2300.906973483129
forecast_7027,2025-10-20 19:00:00,2701.510500674734,2539.056456494201,2300.906973483129
forecast_7028,2025-10-20 20:00:00,2774.309608950415,2555.061854900854,2300.906973483129
forecast_7029,2025-10-20 21:00:00,2881.3377069841126,2640.3618607986805,2306.9158745279155
forecast_7030,2025-10-20 22:00:00,3305.6275359998144,3524.438308466945,3035.7872678774993
forecast_7031,2025-10-20 23:00:00,3401.018706269738,3524.438308466945,3035.7872678774993
forecast_7032,2025-10-21 00:00:00,3418.5798771085556,3531.4787483649866,3021.682415171219
forecast_7033,2025-10-21 01:00:00,3837.4276867705453,3736.815729279602,2571.447639086491
forecast_7034,2025-10-21 02:00:00,3769.9956534444086,3669.890294419341,2567.8491745016195
forecast_7035,2025-10-21 03:00:00,3468.9278533522156,3478.6788742156555,2500.5840782563305
forecast_7036,2025-10-21 04:00:00,3384.112075105004,3152.254293270308,2345.7209327696046
forecast_7037,2025-10-21 05:00:00,3141.083976901921,2804.6369235513534,2345.7209327696046
forecast_7038,2025-10-21 06:00:00,3109.8748390057003,2804.6369235513534,2345.7209327696046
forecast_7039,2025-10-21 07:00:00,3071.9552483659686,3138.3959524550655,2468.105050513991
forecast_7040,2025-10-21 08:00:00,3071.9552483659686,3138.3959524550655,2468.105050513991
forecast_7041,2025-10-21 09:00:00,2781.7423164128522,2723.357446034406,2199.983009432967
forecast_7042,2025-10-21 10:00:00,2452.6504886351895,2341.2496929583203,1837.7395024164223
forecast_7043,2025-10-21 11:00:00,2384.396785846712,2224.18153453907,1684.0043327285687
forecast_7044,2025-10-21 12:00:00,2384.396785846712,2224.18153453907,1684.0043327285687
forecast_7045,2025-10-21 13:00:00,2418.1908453251317,2291.1183414864245,1762.9621519300424
forecast_7046,2025-10-21 14:00:00,2625.526113090923,2526.8060501879218,2054.26084523627
forecast_7047,2025-10-21 15:00:00,2827.518449113725,2726.6525240930177,2078.437935189765
forecast_7048,2025-10-21 16:00:00,2827.518449113725,2726.6525240930177,2128.4821029743935
forecast_7049,2025-10-21 17:00:00,2827.518449113725,2726.6525240930177,2158.8791865444414
forecast_7050,2025-10-21 18:00:00,2931.2312225086303,2815.9645615503564,2533.6976254220963
forecast_7051,2025-10-21 19:00:00,2952.482773892835,2851.238351348611,2533.6976254220963
forecast_7052,2025-10-21 20:00:00,2952.482773892835,2993.9559270802647,2559.339628292305
forecast_7053,2025-10-21 21:00:00,3399.7440062131777,3083.2114748872295,2693.1889185652954
forecast_7054,2025-10-21 22:00:00,3487.331441321892,3261.1898919147216,2961.8502513000667
forecast_7055,2025-10-21 23:00:00,3664.6018928013355,3343.4936638588783,2961.8502513000667
forecast_7056,2025-10-22 00:00:00,3632.010333001521,3302.3417778867997,2945.2973692245296
forecast_7057,2025-10-22 01:00:00,3033.0078557353972,3032.537471290959,2578.325248125796
forecast_7058,2025-10-22 02:00:00,3023.6467292755274,2988.5339032481143,2558.21984174629
forecast_7059,2025-10-22 03:00:00,2988.663456076719,2984.676116164773,2479.140145955339
forecast_7060,2025-10-22 04:00:00,2988.663456076719,2984.676116164773,2479.140145955339
forecast_7061,2025-10-22 05:00:00,3032.098253302321,3219.9379412338617,2523.8332954189304
forecast_7062,2025-10-22 06:00:00,3117.839823003252,3260.234756798751,2548.1630569205454
forecast_7063,2025-10-22 07:00:00,3259.7415587958217,3521.911986967579,2803.0605954460375
forecast_7064,2025-10-22 08:00:00,3406.1799916565824,3809.540640800268,2913.531096935558
forecast_7065,2025-10-22 09:00:00,3406.1799916565824,3809.540640800268,2913.531096935558
forecast_7066,2025-10-22 10:00:00,3248.624337311737,3823.0233277630578,2807.1779644781254
forecast_7067,2025-10-22 11:00:00,3185.332558503677,3697.392936468709,2796.1296784908345
forecast_7068,2025-10-22 12:00:00,3185.332558503677,3697.392936468709,2694.2773768784514
forecast_7069,2025-10-22 13:00:00,3024.8476373967724,3643.410350105033,2555.541748935992
forecast_7070,2025-10-22 14:00:00,2920.5090537424503,3498.5033319642616,2540.33878278005
forecast_7071,2025-10-22 15:00:00,3024.8476373967724,3293.542226274853,2491.3118552902533
forecast_7072,2025-10-22 16:00:00,3031.9136021793533,3016.102572062169,2462.556441684876
forecast_7073,2025-10-22 17:00:00,3037.3846882946104,3006.3020460852727,2462.556441684876
forecast_7074,2025-10-22 18:00:00,3031.9136021793533,3005.747580951502,2472.1435772998507
forecast_7075,2025-10-22 19:00:00,3045.2250462343836,3006.3020460852727,2472.1435772998507
forecast_7076,2025-10-22 20:00:00,3068.9080570036012,3035.9942106678263,2459.88882584293
forecast_7077,2025-10-22 21:00:00,3081.722938707422,3038.8983740982526,2459.88882584293
forecast_7078,2025-10-22 22:00:00,3780.6179106521695,3907.497595025978,3116.860367440357
forecast_7079,2025-10-22 23:00:00,3780.6179106521695,3907.497595025978,3116.860367440357
forecast_7080,2025-10-23 00:00:00,3646.7771136758174,3953.713794112559,3126.6790432987073
forecast_7081,2025-10-23 01:00:00,3048.4870471787053,2705.223441967649,2324.079935836673
forecast_7082,2025-10-23 02:00:00,3007.3145488180826,2685.274645042819,2267.74685619309
forecast_7083,2025-10-23 03:00:00,2854.926102799669,2685.274645042819,2267.74685619309
forecast_7084,2025-10-23 04:00:00,2780.2041905624374,2833.4514389028764,2313.00649357931
forecast_7085,2025-10-23 05:00:00,2781.5863416205534,2941.9532977157933,2382.456833316691
forecast_7086,2025-10-23 06:00:00,2781.5863416205534,2941.9532977157933,2362.2515113600666
forecast_7087,2025-10-23 07:00:00,2888.005044100732,2971.430038140944,2382.456833316691
forecast_7088,2025-10-23 08:00:00,2888.005044100732,2988.0708874761135,2484.5688597226786
forecast_7089,2025-10-23 09:00:00,2881.466517443755,2988.0708874761135,2484.5688597226786
forecast_7090,2025-10-23 10:00:00,2856.5933552507727,2988.0708874761135,2424.790834441328
forecast_7091,2025-10-23 11:00:00,2742.2814022984903,2913.52168534234,2397.4742808502647
forecast_7092,2025-10-23 12:00:00,2742.2814022984903,2846.199110244736,2265.003703143191
forecast_7093,2025-10-23 13:00:00,2742.2814022984903,2846.199110244736,2265.003703143191
forecast_7094,2025-10-23 14:00:00,2776.045365503248,3053.4468023429718,2397.1051464592715
forecast_7095,2025-10-23 15:00:00,2843.482794691765,3153.682777227764,2559.595078846744
forecast_7096,2025-10-23 16:00:00,2843.482794691765,3153.682777227764,2559.595078846744
forecast_7097,2025-10-23 17:00:00,2645.2516441319813,2927.420711207496,2466.845250951505
forecast_7098,2025-10-23 18:00:00,2645.2516441319813,2927.420711207496,2466.845250951505
forecast_7099,2025-10-23 19:00:00,2715.927936284733,2937.914564943693,2474.582434873259
forecast_7100,2025-10-23 20:00:00,3020.82125316748,3215.631044859116,2615.3059829158674
forecast_7101,2025-10-23 21:00:00,3029.817100096177,3264.8505070742913,2735.7239244742077
forecast_7102,2025-10-23 22:00:00,3599.059363890665,3714.636588898376,3499.7811925894907
forecast_7103,2025-10-23 23:00:00,3599.059363890665,3714.636588898376,3499.7811925894907
forecast_7104,2025-10-24 00:00:00,3510.3606907640155,3697.3365723651905,3292.9035705584183
forecast_7105,2025-10-24 01:00:00,3568.067122188759,3456.5281885243776,2912.526945923789
forecast_7106,2025-10-24 02:00:00,3523.82382125094,3635.099033944007,2975.7479873150337
forecast_7107,2025-10-24 03:00:00,3523.82382125094,3691.582642959286,2975.7479873150337
forecast_7108,2025-10-24 04:00:00,3363.966515704925,3693.199666033141,2903.9970946505364
forecast_7109,2025-10-24 05:00:00,3363.966515704925,3705.932801686372,2864.712603462702
forecast_7110,2025-10-24 06:00:00,3363.966515704925,3705.932801686372,2864.712603462702
forecast_7111,2025-10-24 07:00:00,3554.063001622987,3781.7068463735877,2804.4565446012302
forecast_7112,2025-10-24 08:00:00,3754.540134179464,3781.7068463735877,2804.4565446012302
forecast_7113,2025-10-24 09:00:00,4125.656922526006,4342.052039237608,3367.513300466675
forecast_7114,2025-10-24 10:00:00,4125.656922526006,4856.147404094554,3525.477176396377
forecast_7115,2025-10-24 11:00:00,3760.4649577237533,4856.147404094554,3589.095027659778
forecast_7116,2025-10-24 12:00:00,3750.234457942513,4428.292569845498,3525.477176396377
forecast_7117,2025-10-24 13:00:00,3315.0230338497486,4062.1308850580835,3307.513527682181
forecast_7118,2025-10-24 14:00:00,3064.3383778068264,3493.459093490563,2743.1957555864838
forecast_7119,2025-10-24 15:00:00,3047.0196835882034,3306.2243553850967,2437.0096742038104
forecast_7120,2025-10-24 16:00:00,3037.15971253893,3272.260007329227,2363.675168786588
forecast_7121,2025-10-24 17:00:00,3037.15971253893,3272.260007329227,2363.675168786588
forecast_7122,2025-10-24 18:00:00,3325.704310110047,3436.539513797566,2590.007016517446
forecast_7123,2025-10-24 19:00:00,3337.0505520767592,3459.346825100165,2687.274072387523
forecast_7124,2025-10-24 20:00:00,3784.951818415112,3787.2169157035764,2828.6332703124053
forecast_7125,2025-10-24 21:00:00,3927.296344291203,4199.550398456791,2935.852905423452
forecast_7126,2025-10-24 22:00:00,4533.161955729027,5149.492804018662,3838.759147880043
forecast_7127,2025-10-24 23:00:00,4533.161955729027,5149.492804018662,3943.084298995988
forecast_7128,2025-10-25 00:00:00,4391.488453976978,4973.819136912965,3948.811984129202
forecast_7129,2025-10-25 01:00:00,4049.324698914027,4052.1022184420726,3041.303941054165
forecast_7130,2025-10-25 02:00:00,4157.96978455023,4232.911993623801,3164.0661423547012
forecast_7131,2025-10-25 03:00:00,4778.963770067659,4923.372449171924,3521.8844323268167
forecast_7132,2025-10-25 04:00:00,4778.963770067659,5044.862326847808,3521.8844323268167
forecast_7133,2025-10-25 05:00:00,4734.8306540712465,5044.862326847808,3396.374120570995
forecast_7134,2025-10-25 06:00:00,4483.791455583565,4925.567404015707,3277.4841319396887
forecast_7135,2025-10-25 07:00:00,4466.176171879955,4570.060549244937,3260.102544239298
forecast_7136,2025-10-25 08:00:00,4424.636651076127,4570.060549244937,3260.102544239298
forecast_7137,2025-10-25 09:00:00,4296.543487095914,4493.304638678061,3173.948365185954
forecast_7138,2025-10-25 10:00:00,3530.556910687723,3333.6788680126447,2614.1537562143917
forecast_7139,2025-10-25 11:00:00,3397.1279349358533,3157.494315815668,2516.826150408492
forecast_7140,2025-10-25 12:00:00,3397.1279349358533,2908.775732610155,2350.8459503996955
forecast_7141,2025-10-25 13:00:00,3189.3587407688865,2774.100355793699,2213.5009660451606
forecast_7142,2025-10-25 14:00:00,3101.9343185034713,2803.4585254582153,2207.4162715396787
forecast_7143,2025-10-25 15:00:00,3101.9343185034713,2803.4585254582153,2207.4162715396787
forecast_7144,2025-10-25 16:00:00,3226.567321167905,2960.2644320773825,2344.4129824033153
forecast_7145,2025-10-25 17:00:00,3226.567321167905,2975.8235309096062,2360.4078167962152
forecast_7146,2025-10-25 18:00:00,3246.104214811451,3002.045423649933,2530.0566715301397
forecast_7147,2025-10-25 19:00:00,3277.328126751968,3179.507692759394,2664.37857010228
forecast_7148,2025-10-25 20:00:00,3311.6753787928997,3209.3018722092006,2666.6248673513655
forecast_7149,2025-10-25 21:00:00,3719.730562771753,3512.2222142404207,2818.4022407151037
forecast_7150,2025-10-25 22:00:00,4870.125412520438,4787.398343966366,3547.140795668097
forecast_7151,2025-10-25 23:00:00,5178.684179337071,5175.4506872681095,3547.140795668097
forecast_7152,2025-10-26 00:00:00,5356.81072646561,5327.396819781521,3659.116353809607
forecast_7153,2025-10-26 01:00:00,3103.2209387176044,2912.028186447853,2278.3023544798943
forecast_7154,2025-10-26 02:00:00,3244.4174318437936,3009.241210764204,2313.614558741181
forecast_7155,2025-10-26 03:00:00,3288.425040573501,3056.835885395787,2447.838542257828
forecast_7156,2025-10-26 04:00:00,3292.25326816922,3437.3740718065433,2626.654169355964
forecast_7157,2025-10-26 05:00:00,3567.0004820174786,3818.13023004976,2703.709107465261
forecast_7158,2025-10-26 06:00:00,3760.1979233635116,3866.2048093047233,3002.256996680641
forecast_7159,2025-10-26 07:00:00,4402.738513640866,4412.518026593809,3002.256996680641
forecast_7160,2025-10-26 08:00:00,4824.358561922319,4564.951965164199,3199.155350672464
forecast_7161,2025-10-26 09:00:00,4824.358561922319,4412.518026593809,2976.1717711188912
forecast_7162,2025-10-26 10:00:00,4343.012046537039,4268.472935834427,2656.744010937852
forecast_7163,2025-10-26 11:00:00,3586.211126349808,3683.400159126252,2647.13530356946
forecast_7164,2025-10-26 12:00:00,3586.211126349808,3410.711260323141,2647.13530356946
forecast_7165,2025-10-26 13:00:00,3989.3704243672482,3627.3610340438436,2675.8914261864497
forecast_7166,2025-10-26 14:00:00,4439.5618758572655,3627.3610340438436,2855.104699059876
forecast_7167,2025-10-26 15:00:00,5218.646765792596,4037.3987767710764,3145.8916017281713
forecast_7168,2025-10-26 16:00:00,5219.242341996784,4600.572140978324,3332.4616402405873
forecast_7169,2025-10-26 17:00:00,5426.210458338245,5042.810473384985,3642.6614875914793
forecast_7170,2025-10-26 18:00:00,7198.404271760653,7307.904601796302,5276.0737103413385
forecast_7171,2025-10-26 19:00:00,8280.795418145171,8593.653220938188,6315.522408751823
forecast_7172,2025-10-26 20:00:00,8542.67072459444,9107.128298203537,6527.12526244059
forecast_7173,2025-10-26 21:00:00,10719.38496364431,11579.079584845163,8638.862240603925
forecast_7174,2025-10-26 22:00:00,12263.812612774731,12731.6455362943,10553.310492852783
forecast_7175,2025-10-26 23:00:00,12521.617530821222,12952.043073026249,10760.403571049446
forecast_7176,2025-10-27 00:00:00,13253.458353389346,13847.75887462715,11593.482488284477
forecast_7177,2025-10-27 01:00:00,15680.60262628147,16184.637773688464,14739.668348202842
forecast_7178,2025-10-27 02:00:00,16507.246529718286,16736.463768759368,15131.439680828553
forecast_7179,2025-10-27 03:00:00,16624.481745233126,17565.31578707689,15513.329857146853
forecast_7180,2025-10-27 04:00:00,16624.481745233126,17565.31578707689,15513.329857146853
forecast_7181,2025-10-27 05:00:00,15681.10273202579,16197.177950742824,14060.790788242453
forecast_7182,2025-10-27 06:00:00,13103.170268984297,13990.170648106043,11623.01715163534
forecast_7183,2025-10-27 07:00:00,12428.857929969749,13990.170648106043,10710.713399454977
forecast_7184,2025-10-27 08:00:00,11741.809505599578,13203.958949134056,10710.713399454977
forecast_7185,2025-10-27 09:00:00,11626.768982750918,13203.958949134056,10710.713399454977
forecast_7186,2025-10-27 10:00:00,10914.17304555442,11972.44970151682,9596.67681738401
forecast_7187,2025-10-27 11:00:00,10682.707809108164,11546.769733829358,9070.924075527899
forecast_7188,2025-10-27 12:00:00,10682.707809108164,11546.769733829358,9035.67849079837
forecast_7189,2025-10-27 13:00:00,10796.75415528897,11527.911410450932,8927.99699506571
forecast_7190,2025-10-27 14:00:00,11942.061452290134,11896.229487836234,9035.67849079837
forecast_7191,2025-10-27 15:00:00,12748.23603521475,12145.682136099902,9707.161720916323
forecast_7192,2025-10-27 16:00:00,13136.678090836253,12239.589907268844,10113.48241011666
forecast_7193,2025-10-27 17:00:00,13386.250663985255,12902.166177691417,10473.156347495966
forecast_7194,2025-10-27 18:00:00,13482.313123009071,12902.166177691417,11001.628111061096
forecast_7195,2025-10-27 19:00:00,13386.250663985255,12606.339353676241,10896.689829403636
forecast_7196,2025-10-27 20:00:00,13335.079758511161,12372.501847608755,10896.689829403636
forecast_7197,2025-10-27 21:00:00,12441.61586009459,11972.258240181884,10604.28421515314
forecast_7198,2025-10-27 22:00:00,11896.736061069845,11963.936428010285,10114.633003380492
forecast_7199,2025-10-27 23:00:00,11238.578460561688,11972.258240181884,10065.18602686125
forecast_7200,2025-10-28 00:00:00,10976.215486744084,12043.97017293119,9758.488007669326
forecast_7201,2025-10-28 01:00:00,11769.218526552475,12809.47017834705,10034.570919872542
forecast_7202,2025-10-28 02:00:00,11875.411421845445,12878.954101267467,10046.554821369202
forecast_7203,2025-10-28 03:00:00,11875.411421845445,14059.051995176162,9761.664132652653
forecast_7204,2025-10-28 04:00:00,11875.411421845445,14059.051995176162,9761.664132652653
forecast_7205,2025-10-28 05:00:00,10869.18812426582,14015.641312483369,8870.85581923163
forecast_7206,2025-10-28 06:00:00,10838.952472664409,12310.002193822233,7814.09782305868
forecast_7207,2025-10-28 07:00:00,9992.146004524544,11143.7258268157,7525.2786501943365
forecast_7208,2025-10-28 08:00:00,8831.203773512447,10515.404117073565,6851.731665798956
forecast_7209,2025-10-28 09:00:00,6453.402661651168,8240.619210951218,5493.37057307521
forecast_7210,2025-10-28 10:00:00,5549.32731526392,5733.559378136856,3468.2535850658082
forecast_7211,2025-10-28 11:00:00,4363.943795429492,4032.6728828395317,2961.0247414420483
forecast_7212,2025-10-28 12:00:00,4363.943795429492,3858.0339481701003,2961.0247414420483
forecast_7213,2025-10-28 13:00:00,4526.946474469433,3940.919630707411,3025.9993285798764
forecast_7214,2025-10-28 14:00:00,5139.412375720058,3858.0339481701003,3025.9993285798764
forecast_7215,2025-10-28 15:00:00,5139.412375720058,3625.5779625802634,2836.207974696054
forecast_7216,2025-10-28 16:00:00,4863.9908806516305,3625.5779625802634,2836.207974696054
forecast_7217,2025-10-28 17:00:00,4863.9908806516305,3960.0307677133387,3070.694093139647
forecast_7218,2025-10-28 18:00:00,6959.158437649712,7241.291048505393,4980.971806499276
forecast_7219,2025-10-28 19:00:00,7877.993874652166,9401.153115325173,6213.813032542445
forecast_7220,2025-10-28 20:00:00,9265.225143457286,11300.04669204629,7419.955989883242
forecast_7221,2025-10-28 21:00:00,9705.480431184804,12431.176906984254,7537.489700891065
forecast_7222,2025-10-28 22:00:00,9889.741434889236,12431.176906984254,7958.4285214883885
forecast_7223,2025-10-28 23:00:00,9920.73466771711,12126.740990330572,8048.451464465243
forecast_7224,2025-10-29 00:00:00,9905.238051303173,11995.372496067226,8148.378407645525
forecast_7225,2025-10-29 01:00:00,7433.090444947167,6558.226771383833,4681.1536328524235
forecast_7226,2025-10-29 02:00:00,7392.362221246444,6317.324699945864,4488.15477646059
forecast_7227,2025-10-29 03:00:00,6404.850906775586,6313.14834561376,4369.051702074116
forecast_7228,2025-10-29 04:00:00,6159.924410910329,5539.244469845145,3871.702282115612
forecast_7229,2025-10-29 05:00:00,5155.456349217294,4955.3458396801125,3717.75957329018
forecast_7230,2025-10-29 06:00:00,4305.388098886879,4262.04757980794,3054.3804170299436
forecast_7231,2025-10-29 07:00:00,3996.718857545996,4086.8563453900447,2909.2803345974144
forecast_7232,2025-10-29 08:00:00,3819.3869473221507,3858.363508959455,2871.3741459757102
forecast_7233,2025-10-29 09:00:00,3471.452415350372,3632.109116981762,2656.7589172715548
forecast_7234,2025-10-29 10:00:00,2859.404284104484,2812.4103361894886,2086.0057313308666
forecast_7235,2025-10-29 11:00:00,2677.3001363220837,2456.5893095170027,1983.4970883295987
forecast_7236,2025-10-29 12:00:00,2677.3001363220837,2456.5893095170027,1983.4970883295987
forecast_7237,2025-10-29 13:00:00,2905.510570733138,2763.612906730647,2242.478769032123
forecast_7238,2025-10-29 14:00:00,3077.643721183459,2817.816191651334,2343.888217851246
forecast_7239,2025-10-29 15:00:00,3081.582326195708,2953.0923621135107,2360.301389777956
forecast_7240,2025-10-29 16:00:00,3095.6681507154617,2953.0923621135107,2343.888217851246
forecast_7241,2025-10-29 17:00:00,3216.4252761286216,3037.1799072483705,2311.258710372699
forecast_7242,2025-10-29 18:00:00,3318.888111037333,3232.9887362558316,2311.258710372699
forecast_7243,2025-10-29 19:00:00,3571.937893088308,4030.8864940393228,3156.3315682535817
forecast_7244,2025-10-29 20:00:00,3910.90335494366,4145.679954269113,3341.1171750011467
forecast_7245,2025-10-29 21:00:00,4139.550602417055,4694.041261983481,3623.2597242119787
forecast_7246,2025-10-29 22:00:00,5522.740909933576,5753.41462293274,4567.374851478804
forecast_7247,2025-10-29 23:00:00,5637.585417396314,6002.662417165911,4591.524235383251
forecast_7248,2025-10-30 00:00:00,6047.746265474158,6429.53345848411,4857.380965977951
forecast_7249,2025-10-30 01:00:00,7409.737049010415,7209.24395138997,5349.973779291309
forecast_7250,2025-10-30 02:00:00,9097.976693242857,7801.653717669074,5858.4491729249185
forecast_7251,2025-10-30 03:00:00,11747.628837295262,12404.13175213486,9308.243951592856
forecast_7252,2025-10-30 04:00:00,12077.840055691446,12861.69104559041,9568.331568336538
forecast_7253,2025-10-30 05:00:00,12235.65235503919,12861.69104559041,9556.862563382063
forecast_7254,2025-10-30 06:00:00,12235.65235503919,12748.10934898836,9556.862563382063
forecast_7255,2025-10-30 07:00:00,9898.497914264615,11795.558534098192,7562.886686311566
forecast_7256,2025-10-30 08:00:00,9561.913877705947,10940.186274146121,6850.270605594505
forecast_7257,2025-10-30 09:00:00,7647.92814944975,8066.84477141865,5370.728638204573
forecast_7258,2025-10-30 10:00:00,5499.0777737678045,5036.124993563557,3363.119937789651
forecast_7259,2025-10-30 11:00:00,4276.63553393533,3657.874091989078,2529.0730061901677
forecast_7260,2025-10-30 12:00:00,3463.655912207524,3364.4668464738907,2331.4268259207793
forecast_7261,2025-10-30 13:00:00,3302.6222016550587,3001.1108594302796,2300.0924659000752
forecast_7262,2025-10-30 14:00:00,3248.8901825880616,2855.3964915217766,2192.668726035981
forecast_7263,2025-10-30 15:00:00,3248.8901825880616,2855.3964915217766,2192.668726035981
forecast_7264,2025-10-30 16:00:00,3588.292457681483,3140.1398134266883,2376.6188896327094
forecast_7265,2025-10-30 17:00:00,3994.150836131379,3769.3226260083875,2791.6654397223137
forecast_7266,2025-10-30 18:00:00,4069.2292251211657,4097.993628831924,2800.0449448040226
forecast_7267,2025-10-30 19:00:00,4203.208929099354,4097.993628831924,2922.4604341890126
forecast_7268,2025-10-30 20:00:00,4221.7986144789475,4050.938039839499,2971.3130159148523
forecast_7269,2025-10-30 21:00:00,4274.51611761599,4050.938039839499,3009.06232404829
forecast_7270,2025-10-30 22:00:00,4274.51611761599,4158.725895616308,3143.3906495355136
forecast_7271,2025-10-30 23:00:00,4345.601569917598,4200.7703498960345,3143.3906495355136
forecast_7272,2025-10-31 00:00:00,4349.854935438031,4421.1806636491165,3018.353278435244
forecast_7273,2025-10-31 01:00:00,2933.606360919606,2853.8668235815003,2105.0227954408347
forecast_7274,2025-10-31 02:00:00,2791.624550877342,2583.405041174196,1933.770998023294
forecast_7275,2025-10-31 03:00:00,2732.286919591589,2583.405041174196,1933.770998023294
forecast_7276,2025-10-31 04:00:00,2732.286919591589,2658.1467033048993,1977.6713595098317
forecast_7277,2025-10-31 05:00:00,2779.834655452093,2951.92401842221,2161.360392550916
forecast_7278,2025-10-31 06:00:00,2872.2497969984192,3037.3871597554626,2167.8517736367903
forecast_7279,2025-10-31 07:00:00,2802.4660253474913,3057.420267785973,2201.2167771939194
forecast_7280,2025-10-31 08:00:00,2802.4660253474913,3057.420267785973,2201.2167771939194
forecast_7281,2025-10-31 09:00:00,2785.3069314968143,2744.1822120289025,2130.330182001413
forecast_7282,2025-10-31 10:00:00,2773.365752679255,2744.1822120289025,2130.004965319782
forecast_7283,2025-10-31 11:00:00,2785.3069314968143,2926.2261417315976,2130.330182001413
forecast_7284,2025-10-31 12:00:00,2674.783394359815,2972.6287465054756,2130.004965319782
forecast_7285,2025-10-31 13:00:00,2680.451162856107,2972.6287465054756,2093.646350497425
forecast_7286,2025-10-31 14:00:00,2674.783394359815,2879.9398235738527,2051.317276797902
forecast_7287,2025-10-31 15:00:00,2680.451162856107,2879.9398235738527,2093.646350497425
forecast_7288,2025-10-31 16:00:00,2802.0173331487485,2915.532320086132,2322.393537331631
forecast_7289,2025-10-31 17:00:00,3007.081368278299,2938.4983200466986,2367.171432598873
forecast_7290,2025-10-31 18:00:00,3565.1123190157477,3404.3838546063525,2703.490227902673
forecast_7291,2025-10-31 19:00:00,4709.422526639847,4531.603658472006,3239.601159674444
forecast_7292,2025-10-31 20:00:00,5269.484167375891,5211.677185099019,3813.388948890275
forecast_7293,2025-10-31 21:00:00,6909.6089987262285,7007.292471143757,4636.732372433919
forecast_7294,2025-10-31 22:00:00,8579.878575220508,8524.781430482633,5689.525981826898
forecast_7295,2025-10-31 23:00:00,8895.64615539579,9950.17607995366,6857.859526189954
forecast_7296,2025-11-01 00:00:00,9083.716839506713,10278.077577309698,6965.200570801959
forecast_7297,2025-11-01 01:00:00,8644.16882100339,10340.914154195489,7443.167284219035
forecast_7298,2025-11-01 02:00:00,8472.63973991227,10079.242446251214,7551.700762812268
forecast_7299,2025-11-01 03:00:00,8783.498041665114,10466.242404282337,8001.555865540826
forecast_7300,2025-11-01 04:00:00,8783.498041665114,10466.242404282337,8001.555865540826
forecast_7301,2025-11-01 05:00:00,10896.394322318207,12685.903982965963,10364.834603675548
forecast_7302,2025-11-01 06:00:00,11053.4012527459,12685.903982965963,10364.834603675548
forecast_7303,2025-11-01 07:00:00,11234.38728184361,11892.9583716796,10464.627124336956
forecast_7304,2025-11-01 08:00:00,11429.328279191272,11892.9583716796,10464.627124336956
forecast_7305,2025-11-01 09:00:00,11832.258339802607,12982.403254086148,11392.427104530483
forecast_7306,2025-11-01 10:00:00,13133.787041529173,13467.341397206957,11392.427104530483
forecast_7307,2025-11-01 11:00:00,13133.787041529173,13467.341397206957,10997.93303252552
forecast_7308,2025-11-01 12:00:00,12971.589645673852,12393.82562810787,9958.258268444133
forecast_7309,2025-11-01 13:00:00,12971.589645673852,12380.12674831958,9958.258268444133
forecast_7310,2025-11-01 14:00:00,13260.591937673491,12380.12674831958,10266.373208956724
forecast_7311,2025-11-01 15:00:00,13260.591937673491,12492.146098107914,10443.18651303664
forecast_7312,2025-11-01 16:00:00,13260.591937673491,12854.966368101705,10708.967429319311
forecast_7313,2025-11-01 17:00:00,13247.914364549724,13158.408062787237,11091.367241286996
forecast_7314,2025-11-01 18:00:00,13358.577408601835,13676.262167401035,12340.503212710355
forecast_7315,2025-11-01 19:00:00,13954.990376237769,13834.681367871468,12434.19030190295
forecast_7316,2025-11-01 20:00:00,15169.774412721303,15364.108015370843,13806.11487824996
forecast_7317,2025-11-01 21:00:00,15293.966830365467,15366.670919796166,14149.954163762066
forecast_7318,2025-11-01 22:00:00,15641.6656019574,15617.928123204465,14851.177965723942
forecast_7319,2025-11-01 23:00:00,15641.6656019574,16137.386247000346,15154.464655762107
forecast_7320,2025-11-02 00:00:00,15647.023448732723,16156.811824116947,15228.861028174837
forecast_7321,2025-11-02 01:00:00,14494.289311825436,15681.498443036717,13644.297760302308
forecast_7322,2025-11-02 02:00:00,14459.087083426246,15260.437643107183,13304.13197118481
forecast_7323,2025-11-02 03:00:00,14255.439778812064,14471.580787926345,12830.391089440232
forecast_7324,2025-11-02 04:00:00,14255.439778812064,14417.208289084392,12830.391089440232
forecast_7325,2025-11-02 05:00:00,14446.10685544672,14417.208289084392,12918.36638221095
forecast_7326,2025-11-02 06:00:00,14835.671807808456,15302.909018541217,14207.40343360256
forecast_7327,2025-11-02 07:00:00,15337.752781058773,16773.48152093701,15547.677239912035
forecast_7328,2025-11-02 08:00:00,16165.621269275434,17647.705380679814,16058.822818246106
forecast_7329,2025-11-02 09:00:00,16165.621269275434,17647.705380679814,16058.822818246106
forecast_7330,2025-11-02 10:00:00,15502.58908008459,17610.988630419335,14767.679738735023
forecast_7331,2025-11-02 11:00:00,15418.82996451676,17355.507460260502,14108.260160788031
forecast_7332,2025-11-02 12:00:00,14788.608392020275,15659.899472407391,12991.148711043943
forecast_7333,2025-11-02 13:00:00,14021.793330549717,14099.873574425637,11893.589321302075
forecast_7334,2025-11-02 14:00:00,13685.932134446795,13860.495852647477,11060.967567542304
forecast_7335,2025-11-02 15:00:00,13266.01247855549,13106.6053017471,10471.537388999812
forecast_7336,2025-11-02 16:00:00,12922.733059742544,13086.616264971275,10337.242514858819
forecast_7337,2025-11-02 17:00:00,12629.47350812391,12152.894052162566,9471.77146781282
forecast_7338,2025-11-02 18:00:00,12524.12244369867,11993.81686119132,9471.77146781282
forecast_7339,2025-11-02 19:00:00,12175.364163268943,11548.837544278616,9217.903324890978
forecast_7340,2025-11-02 20:00:00,11502.787751724427,11092.49747452739,9217.903324890978
forecast_7341,2025-11-02 21:00:00,9869.126002729321,11092.49747452739,8463.716915292012
forecast_7342,2025-11-02 22:00:00,9695.205963628116,10979.276764989463,7896.71170533851
forecast_7343,2025-11-02 23:00:00,9695.205963628116,10979.276764989463,7896.71170533851
forecast_7344,2025-11-03 00:00:00,8873.755140212284,10397.827019425247,7329.694721147522
forecast_7345,2025-11-03 01:00:00,7748.17245557029,10143.596885054727,7202.20971287521
forecast_7346,2025-11-03 02:00:00,7531.670071160317,9907.966025418607,7164.122634239061
forecast_7347,2025-11-03 03:00:00,7531.670071160317,8937.274115539578,6457.324018917467
forecast_7348,2025-11-03 04:00:00,7229.140958282544,8256.855438010269,5801.140988855832
forecast_7349,2025-11-03 05:00:00,6665.954617391112,7797.958198002339,5753.078856269365
forecast_7350,2025-11-03 06:00:00,5504.6012294870225,5579.482899276394,4120.8874423437765
forecast_7351,2025-11-03 07:00:00,4519.109759322027,4260.776615502044,3357.3909969735505
forecast_7352,2025-11-03 08:00:00,4112.695174554008,4145.962446257751,3222.7286069936426
forecast_7353,2025-11-03 09:00:00,3269.152122918042,4145.962446257751,3144.351059181373
forecast_7354,2025-11-03 10:00:00,2756.8425063198106,2881.5415213304705,2492.663587965651
forecast_7355,2025-11-03 11:00:00,2750.125359280993,2748.1325747824194,2391.8508286278343
forecast_7356,2025-11-03 12:00:00,2756.8425063198106,2527.0622502187484,2314.3501336267977
forecast_7357,2025-11-03 13:00:00,2750.125359280993,2527.0622502187484,2188.5858263101954
forecast_7358,2025-11-03 14:00:00,2635.0381088336435,2554.7995530375606,2155.340624101165
forecast_7359,2025-11-03 15:00:00,2635.0381088336435,2692.79610922762,2155.340624101165
forecast_7360,2025-11-03 16:00:00,2804.11210788775,2799.577876289515,2249.2708105686133
forecast_7361,2025-11-03 17:00:00,2878.139242802897,3090.016065587067,2443.2459121390148
forecast_7362,2025-11-03 18:00:00,2938.6615206030065,3130.071007415577,2539.066517120748
forecast_7363,2025-11-03 19:00:00,3893.4863688127357,4193.935903585492,2893.5633578817797
forecast_7364,2025-11-03 20:00:00,5121.974952029162,5211.7137603355495,3922.3498200616473
forecast_7365,2025-11-03 21:00:00,5382.214807125461,5672.0353035988255,3946.332526813517
forecast_7366,2025-11-03 22:00:00,5690.733586630087,7213.794465304847,5207.147903649584
forecast_7367,2025-11-03 23:00:00,6386.371664306936,8751.721415704797,5770.846479335856
forecast_7368,2025-11-04 00:00:00,8092.284781008933,10703.124262112158,6847.411642675137
forecast_7369,2025-11-04 01:00:00,8333.892946039607,10888.592674107758,7601.166925002458
forecast_7370,2025-11-04 02:00:00,8710.215236106002,11075.245153356253,7767.260907746955
forecast_7371,2025-11-04 03:00:00,8913.69294305361,11162.157794876857,7775.690348509466
forecast_7372,2025-11-04 04:00:00,9255.23858370855,11262.573658094816,7970.949709459559
forecast_7373,2025-11-04 05:00:00,9673.99824251667,11602.408256461806,8199.243791925821
forecast_7374,2025-11-04 06:00:00,10391.201769852796,12662.743193776667,9028.706367851632
forecast_7375,2025-11-04 07:00:00,11476.379317463978,13529.367456617014,10166.090330326304
forecast_7376,2025-11-04 08:00:00,11702.545604919866,13768.286304810597,10540.4948594767
forecast_7377,2025-11-04 09:00:00,11702.545604919866,14462.455685539575,11005.415256224778
forecast_7378,2025-11-04 10:00:00,10734.088776233195,14462.455685539575,11005.415256224778
forecast_7379,2025-11-04 11:00:00,10388.053638493142,13723.116960494202,10618.691680380352
forecast_7380,2025-11-04 12:00:00,9008.0766089457,11048.447832483946,8451.390789182025
forecast_7381,2025-11-04 13:00:00,8749.04300110288,8293.45721213656,7124.403772705293
forecast_7382,2025-11-04 14:00:00,8654.091462803499,7941.324847521857,6817.109048312855
forecast_7383,2025-11-04 15:00:00,8654.091462803499,7941.324847521857,6817.109048312855
forecast_7384,2025-11-04 16:00:00,9578.960025334349,9233.64434773689,7519.579727190672
forecast_7385,2025-11-04 17:00:00,9608.767097682925,9825.81692753449,7697.785185552493
forecast_7386,2025-11-04 18:00:00,9745.502861574045,10259.82092568251,7711.295307640845
forecast_7387,2025-11-04 19:00:00,10408.182390072292,10369.95369832692,7753.655123629833
forecast_7388,2025-11-04 20:00:00,10869.554115238769,11013.348564029937,7943.987902115882
forecast_7389,2025-11-04 21:00:00,10869.554115238769,11013.348564029937,7943.987902115882
forecast_7390,2025-11-04 22:00:00,10124.114886058349,10413.392701034561,7888.395296376931
forecast_7391,2025-11-04 23:00:00,9942.96142393226,8382.140924725014,6743.090886014422
forecast_7392,2025-11-05 00:00:00,9575.162356750508,8292.626268889759,6383.679423082213
forecast_7393,2025-11-05 01:00:00,6978.076395618971,6087.287911377211,4435.690710992698
forecast_7394,2025-11-05 02:00:00,6405.833431169254,4926.242825923242,3863.26635946015
forecast_7395,2025-11-05 03:00:00,4607.668885276848,3898.569142922361,3150.7776028766116
forecast_7396,2025-11-05 04:00:00,3543.886727615996,3597.4286020348395,3007.4563984023407
forecast_7397,2025-11-05 05:00:00,2998.1498730925314,3315.390558666992,2624.1091385059103
forecast_7398,2025-11-05 06:00:00,2876.4966238525362,3202.591851659071,2484.9250688254388
forecast_7399,2025-11-05 07:00:00,2770.024582299092,2781.3734670458384,2183.4904474317746
forecast_7400,2025-11-05 08:00:00,2770.024582299092,2781.3734670458384,2183.4904474317746
forecast_7401,2025-11-05 09:00:00,2778.731929976075,3015.6028485882425,2242.2042942935273
forecast_7402,2025-11-05 10:00:00,2778.731929976075,3034.9881196346287,2242.2042942935273
forecast_7403,2025-11-05 11:00:00,2754.0286815499526,3034.9881196346287,2242.2042942935273
forecast_7404,2025-11-05 12:00:00,2754.0286815499526,3054.5214059024283,2212.384581121871
forecast_7405,2025-11-05 13:00:00,2880.6876056291267,2985.5676678139607,2253.783456976635
forecast_7406,2025-11-05 14:00:00,2880.6876056291267,2872.2979215129017,2209.8154014396678
forecast_7407,2025-11-05 15:00:00,2880.6876056291267,2788.9088774902093,2236.4145556868084
forecast_7408,2025-11-05 16:00:00,2888.165393385943,2767.9897001214404,2236.4145556868084
forecast_7409,2025-11-05 17:00:00,2891.3959393326113,2749.439295856867,2236.4145556868084
forecast_7410,2025-11-05 18:00:00,2891.3959393326113,2676.01027333884,2171.565855246058
forecast_7411,2025-11-05 19:00:00,2891.3959393326113,2676.01027333884,2171.565855246058
forecast_7412,2025-11-05 20:00:00,2976.9049053797494,3058.8995990104413,2431.561029122701
forecast_7413,2025-11-05 21:00:00,2984.420458675955,3100.2989295524244,2589.1680305703003
forecast_7414,2025-11-05 22:00:00,3552.0466825462127,3670.3667979406914,2901.030520872326
forecast_7415,2025-11-05 23:00:00,3604.050745164207,3670.3667979406914,3065.9690098279216
forecast_7416,2025-11-06 00:00:00,3805.9373671042285,3678.9374786726353,3118.047822733159
forecast_7417,2025-11-06 01:00:00,4997.627716929085,4640.969509224649,3343.402478916373
forecast_7418,2025-11-06 02:00:00,5182.079041571142,4795.825325884456,3357.030849184076
forecast_7419,2025-11-06 03:00:00,5664.032896068673,5285.6901888244265,3674.4480928633043
forecast_7420,2025-11-06 04:00:00,5814.678351037425,5288.911229887875,3953.1458286394954
forecast_7421,2025-11-06 05:00:00,6011.5931187825945,5526.246713739946,4198.676789105253
forecast_7422,2025-11-06 06:00:00,6432.0980905802235,5817.634786832297,4392.341745991581
forecast_7423,2025-11-06 07:00:00,6432.0980905802235,5817.634786832297,4392.341745991581
forecast_7424,2025-11-06 08:00:00,5088.739617819376,4694.3349555642535,3528.1368617631874
forecast_7425,2025-11-06 09:00:00,4103.007049858939,3985.479486362645,2836.984241458345
forecast_7426,2025-11-06 10:00:00,3026.795274378067,2961.1318998921283,2371.476719844278
forecast_7427,2025-11-06 11:00:00,2973.019888932275,2792.9992980049556,2191.569811771761
forecast_7428,2025-11-06 12:00:00,2889.9708719699784,2792.9992980049556,2277.2266280645235
forecast_7429,2025-11-06 13:00:00,2835.2748353268526,2739.46168507869,2277.2266280645235
forecast_7430,2025-11-06 14:00:00,2835.2748353268526,2722.2334058184683,2277.2266280645235
forecast_7431,2025-11-06 15:00:00,2835.2748353268526,2739.46168507869,2288.218946678271
forecast_7432,2025-11-06 16:00:00,2991.5813271258444,2747.485964823989,2288.218946678271
forecast_7433,2025-11-06 17:00:00,3054.3037647853,2802.534189959192,2288.218946678271
forecast_7434,2025-11-06 18:00:00,3054.3037647853,2747.485964823989,2212.7537973679946
forecast_7435,2025-11-06 19:00:00,2953.690829778855,2664.828221167694,2173.346528611529
forecast_7436,2025-11-06 20:00:00,2931.917116432444,2664.828221167694,2173.346528611529
forecast_7437,2025-11-06 21:00:00,2953.690829778855,2682.64876739031,2308.2425510349876
forecast_7438,2025-11-06 22:00:00,3411.1473709183506,3091.396213147999,2495.102924064736
forecast_7439,2025-11-06 23:00:00,3411.1473709183506,3091.396213147999,2610.9950265221473
forecast_7440,2025-11-07 00:00:00,3402.19899290758,3011.457636498199,2557.0036726632093
forecast_7441,2025-11-07 01:00:00,3993.8222238774897,3786.207637315438,2757.424621793622
forecast_7442,2025-11-07 02:00:00,4527.368881898179,3970.164079451559,2929.1811560853184
forecast_7443,2025-11-07 03:00:00,4561.790814038204,4176.184918478185,2959.004563323396
forecast_7444,2025-11-07 04:00:00,4592.161730171426,4215.342103113156,2996.3404491202987
forecast_7445,2025-11-07 05:00:00,4592.161730171426,4215.342103113156,3102.368414004503
forecast_7446,2025-11-07 06:00:00,4394.060517155243,4188.707368738325,3102.368414004503
forecast_7447,2025-11-07 07:00:00,4122.621694135791,3714.7676533979584,3058.211040282182
forecast_7448,2025-11-07 08:00:00,2870.4670356294732,2825.939065191332,2160.960894588884
forecast_7449,2025-11-07 09:00:00,2583.6907231295017,2759.29003773765,2126.0635207611053
forecast_7450,2025-11-07 10:00:00,2430.3502965963576,2759.29003773765,2026.2430553846202
forecast_7451,2025-11-07 11:00:00,2399.8252070219705,2498.753031238143,2026.2430553846202
forecast_7452,2025-11-07 12:00:00,2399.8252070219705,2433.8085531301913,2026.2430553846202
forecast_7453,2025-11-07 13:00:00,2456.355726827263,2498.753031238143,2075.5550472042737
forecast_7454,2025-11-07 14:00:00,2498.113073579989,2585.1208546772004,2075.5550472042737
forecast_7455,2025-11-07 15:00:00,2840.230953368248,2971.1916697701076,2478.2842835472316
forecast_7456,2025-11-07 16:00:00,2840.230953368248,3220.0544682479567,2623.3774146130827
forecast_7457,2025-11-07 17:00:00,2802.6205610116476,3290.0567824205573,2656.0695166901287
forecast_7458,2025-11-07 18:00:00,2802.6205610116476,3290.0567824205573,2656.0695166901287
forecast_7459,2025-11-07 19:00:00,2896.5948041322135,3290.0567824205573,2656.0695166901287
forecast_7460,2025-11-07 20:00:00,3161.6256758964755,3595.080053130115,2819.7293710397116
forecast_7461,2025-11-07 21:00:00,3212.6265593216676,3658.5238428930015,2989.649467401678
forecast_7462,2025-11-07 22:00:00,3602.4423118575082,3930.331514184465,3423.701682486014
forecast_7463,2025-11-07 23:00:00,3602.4423118575082,3930.331514184465,3423.701682486014
forecast_7464,2025-11-08 00:00:00,3660.8406364878697,3922.5028274639017,3376.089073261035
forecast_7465,2025-11-08 01:00:00,3399.2181939734774,3248.565698925123,2740.1755411676204
forecast_7466,2025-11-08 02:00:00,3354.637505770009,3278.3966023508633,2820.9806041008337
forecast_7467,2025-11-08 03:00:00,3211.4839009588627,3322.2648019135727,2606.627032544174
forecast_7468,2025-11-08 04:00:00,3165.6088493287484,3322.2648019135727,2590.815762379706
forecast_7469,2025-11-08 05:00:00,3165.6088493287484,3213.624576239434,2464.910092334413
forecast_7470,2025-11-08 06:00:00,3287.153082778942,3213.624576239434,2464.910092334413
forecast_7471,2025-11-08 07:00:00,3383.037830126666,3238.2630643337934,2493.5757999349416
forecast_7472,2025-11-08 08:00:00,3433.7322359956233,3238.2630643337934,2493.5757999349416
forecast_7473,2025-11-08 09:00:00,3433.7322359956233,3181.5387670912387,2416.530336059858
forecast_7474,2025-11-08 10:00:00,3351.3766296950575,3056.808545756068,2406.158368602116
forecast_7475,2025-11-08 11:00:00,3351.3766296950575,3015.2737127147584,2416.530336059858
forecast_7476,2025-11-08 12:00:00,3392.837005703704,3056.808545756068,2482.738016803659
forecast_7477,2025-11-08 13:00:00,3560.4988122312216,3885.6924178619906,2584.4395349635706
forecast_7478,2025-11-08 14:00:00,3732.6195348439624,3966.741401311462,2692.635007187333
forecast_7479,2025-11-08 15:00:00,3862.644736146873,4067.3367859660757,2692.635007187333
forecast_7480,2025-11-08 16:00:00,3862.644736146873,4169.227069395933,2638.419980608348
forecast_7481,2025-11-08 17:00:00,3862.644736146873,4205.095337495546,2638.419980608348
forecast_7482,2025-11-08 18:00:00,4192.957086831879,4790.352764559464,2994.1058589894174
forecast_7483,2025-11-08 19:00:00,4578.82701214704,5688.748922897294,3714.027498348131
forecast_7484,2025-11-08 20:00:00,5416.145149955874,6682.776437129754,4191.576330152907
forecast_7485,2025-11-08 21:00:00,5662.927654892819,6682.776437129754,4191.576330152907
forecast_7486,2025-11-08 22:00:00,5684.553463097995,7255.58463475399,4452.709983680821
forecast_7487,2025-11-08 23:00:00,8236.252481093148,10745.746900023018,7058.86794108701
forecast_7488,2025-11-09 00:00:00,8636.40080829782,10815.599870543869,7189.628564821252
forecast_7489,2025-11-09 01:00:00,8299.562100488958,9025.986100476273,6738.316998075314
forecast_7490,2025-11-09 02:00:00,9121.411374254425,10083.175934195999,7596.1325619787485
forecast_7491,2025-11-09 03:00:00,9646.030007483898,11196.064514632055,7719.388151821113
forecast_7492,2025-11-09 04:00:00,11086.59962861396,11666.481271215704,8039.540929314435
forecast_7493,2025-11-09 05:00:00,12694.416729801926,13190.149099333317,10664.518935645416
forecast_7494,2025-11-09 06:00:00,12834.714755596893,13934.379654645085,11558.869823828696
forecast_7495,2025-11-09 07:00:00,13455.353302194246,14013.895046154614,12111.182240068933
forecast_7496,2025-11-09 08:00:00,13455.353302194246,14013.895046154614,12111.182240068933
forecast_7497,2025-11-09 09:00:00,13436.438525951002,13642.017650832739,11627.285155316064
forecast_7498,2025-11-09 10:00:00,12471.510585767875,13273.356487896515,11000.780866971414
forecast_7499,2025-11-09 11:00:00,12320.536559854916,12615.190892199145,11000.780866971414
forecast_7500,2025-11-09 12:00:00,11238.61624028095,10616.88994259045,9700.641681519715
forecast_7501,2025-11-09 13:00:00,11238.61624028095,10517.814218627518,9280.06563610565
forecast_7502,2025-11-09 14:00:00,11379.046683634282,10616.88994259045,9448.798508086911
forecast_7503,2025-11-09 15:00:00,11976.545340302799,11318.100700867295,9352.384433314666
forecast_7504,2025-11-09 16:00:00,12019.201491056356,11393.638268592678,9448.798508086911
forecast_7505,2025-11-09 17:00:00,12529.275426866734,11729.609533359913,10215.590431038212
forecast_7506,2025-11-09 18:00:00,12984.036550715027,12670.691428469441,11524.327104986058
forecast_7507,2025-11-09 19:00:00,13920.82751426839,14433.096428358398,13200.871373372085
forecast_7508,2025-11-09 20:00:00,15741.693702050601,15600.244799047363,15143.850712038091
forecast_7509,2025-11-09 21:00:00,15741.693702050601,15600.244799047363,15143.850712038091
forecast_7510,2025-11-09 22:00:00,15615.832932722298,15432.0907175324,13765.502470638452
forecast_7511,2025-11-09 23:00:00,14975.635348184562,14963.934775957168,13490.752046216337
forecast_7512,2025-11-10 00:00:00,14747.958267590911,14386.500248003294,13119.186986108174
forecast_7513,2025-11-10 01:00:00,14380.616080877884,13771.008279994927,11534.648032207875
forecast_7514,2025-11-10 02:00:00,14078.34322586832,13483.958074582179,10989.202293020175
forecast_7515,2025-11-10 03:00:00,13637.56350643876,13305.741116129162,10673.754895197078
forecast_7516,2025-11-10 04:00:00,13637.56350643876,13305.741116129162,10673.754895197078
forecast_7517,2025-11-10 05:00:00,13670.590788359976,14138.937436916021,12492.063308058847
forecast_7518,2025-11-10 06:00:00,14862.040085675373,15086.582351105375,13017.898236453035
forecast_7519,2025-11-10 07:00:00,14862.040085675373,15382.577007285578,13673.25179554294
forecast_7520,2025-11-10 08:00:00,14543.974889130035,15382.577007285578,13673.25179554294
forecast_7521,2025-11-10 09:00:00,12789.832050543413,14184.161586972268,11937.199311285996
forecast_7522,2025-11-10 10:00:00,11789.769924307768,13979.935123627092,11232.823719959579
forecast_7523,2025-11-10 11:00:00,10557.964420137625,11733.740139960875,9540.687178541486
forecast_7524,2025-11-10 12:00:00,8643.865117651894,9312.130362248556,7604.531867832287
forecast_7525,2025-11-10 13:00:00,7612.434220819528,7968.55143316012,6125.8714830766385
forecast_7526,2025-11-10 14:00:00,7374.671347873501,7087.142427949172,5125.462171675346
forecast_7527,2025-11-10 15:00:00,7127.1493837201415,5998.453196855987,4800.565093527157
forecast_7528,2025-11-10 16:00:00,7127.1493837201415,5998.453196855987,4800.565093527157
forecast_7529,2025-11-10 17:00:00,9122.929625898718,7896.417816180302,6644.616570523036
forecast_7530,2025-11-10 18:00:00,11616.247067746506,11977.631261779758,9766.33826411516
forecast_7531,2025-11-10 19:00:00,13823.372893433927,14174.98272564084,11979.917694613137
forecast_7532,2025-11-10 20:00:00,16757.867806415456,15669.87226389687,14305.7994526433
forecast_7533,2025-11-10 21:00:00,17409.79762464047,17314.499136467864,14999.66203283179
forecast_7534,2025-11-10 22:00:00,17765.57113453223,17314.499136467864,15048.957596783997
forecast_7535,2025-11-10 23:00:00,17765.57113453223,17605.914993742994,15054.555346594421
forecast_7536,2025-11-11 00:00:00,17530.366784303078,17431.259937254268,15221.645885601225
forecast_7537,2025-11-11 01:00:00,18382.751774569857,17896.8023823603,16092.345929521503
forecast_7538,2025-11-11 02:00:00,17539.37097729094,17683.161890215742,15248.863977150259
forecast_7539,2025-11-11 03:00:00,16801.562824347493,17397.22741995513,14229.411313048995
forecast_7540,2025-11-11 04:00:00,16450.137867560272,16612.061028683107,12992.201855245816
forecast_7541,2025-11-11 05:00:00,13386.772086400457,13270.6348340497,9611.972751778461
forecast_7542,2025-11-11 06:00:00,8792.214448254052,9110.717352382972,5729.330627109054
forecast_7543,2025-11-11 07:00:00,7292.333496723189,6996.019593451043,4220.93142502704
forecast_7544,2025-11-11 08:00:00,6765.424125181546,5303.178760508815,3610.282529905483
forecast_7545,2025-11-11 09:00:00,5454.644956601978,4230.377851156085,2875.5394254685843
forecast_7546,2025-11-11 10:00:00,4214.4583900689595,3268.972163161893,2437.885946034209
forecast_7547,2025-11-11 11:00:00,3485.2326639745297,3042.419255278208,2157.5286248436983
forecast_7548,2025-11-11 12:00:00,3130.877517418046,2856.048996036485,2072.157307147173
forecast_7549,2025-11-11 13:00:00,3015.324050053555,2387.324396422031,1855.7675403101541
forecast_7550,2025-11-11 14:00:00,2991.267614091387,2330.3586768953364,1855.7675403101541
forecast_7551,2025-11-11 15:00:00,2991.267614091387,2330.3586768953364,1873.2227888660564
forecast_7552,2025-11-11 16:00:00,3112.170068963581,2536.0498512943363,2139.8803617713193
forecast_7553,2025-11-11 17:00:00,3283.0999379305576,2950.6829801343156,2289.6754111265786
forecast_7554,2025-11-11 18:00:00,3283.0999379305576,3047.1736844936886,2391.637951478508
forecast_7555,2025-11-11 19:00:00,3110.3106073700947,3075.1387327357274,2488.9037749793215
forecast_7556,2025-11-11 20:00:00,3040.5470437024305,3047.1736844936886,2391.637951478508
forecast_7557,2025-11-11 21:00:00,3110.3106073700947,3075.1387327357274,2488.9037749793215
forecast_7558,2025-11-11 22:00:00,3423.0494093088587,3467.820864079497,3019.2602003664624
forecast_7559,2025-11-11 23:00:00,3427.5831312014307,3467.820864079497,3019.2602003664624
forecast_7560,2025-11-12 00:00:00,3477.4632433046104,3406.4701525999794,2957.143265794223
forecast_7561,2025-11-12 01:00:00,3643.6207762523836,3454.71183931385,2564.563816595247
forecast_7562,2025-11-12 02:00:00,3620.217818979609,3511.441509722828,2636.95056627005
forecast_7563,2025-11-12 03:00:00,3667.0237335251586,3526.7541006043853,2845.3729855813067
forecast_7564,2025-11-12 04:00:00,3937.8400497387374,4180.108321115869,3220.2217129100895
forecast_7565,2025-11-12 05:00:00,4071.8658414974466,4259.7714482808415,3253.0625522587666
forecast_7566,2025-11-12 06:00:00,4606.960127854752,4812.153384580364,3602.6324442809773
forecast_7567,2025-11-12 07:00:00,5997.9849680279485,5936.463730909742,4484.340516243625
forecast_7568,2025-11-12 08:00:00,6274.541697071102,5953.150554736707,4484.340516243625
forecast_7569,2025-11-12 09:00:00,5997.9849680279485,5936.463730909742,4198.552170084203
forecast_7570,2025-11-12 10:00:00,4936.25112290185,4652.463768121446,3271.4396670956257
forecast_7571,2025-11-12 11:00:00,4936.25112290185,4652.463768121446,3271.4396670956257
forecast_7572,2025-11-12 12:00:00,5703.7868334833365,5188.221173292315,3786.312086672987
forecast_7573,2025-11-12 13:00:00,5733.758887543134,5551.683131105586,3790.920099792375
forecast_7574,2025-11-12 14:00:00,6496.007476738467,5742.009335514383,4298.366491597607
forecast_7575,2025-11-12 15:00:00,6309.843289044284,6527.2028416040175,4857.744471890703
forecast_7576,2025-11-12 16:00:00,6496.007476738467,7143.775058489766,4988.818032917896
forecast_7577,2025-11-12 17:00:00,9324.729123633937,9190.40024658344,7022.012358320894
forecast_7578,2025-11-12 18:00:00,11953.501561607342,12247.090069319374,9053.175294090335
forecast_7579,2025-11-12 19:00:00,14348.335975710788,14961.362881676614,11570.157795929306
forecast_7580,2025-11-12 20:00:00,15734.943207705812,16600.46951322121,12905.62297227645
forecast_7581,2025-11-12 21:00:00,16894.697042909487,17729.446933838444,14923.469784426885
forecast_7582,2025-11-12 22:00:00,17679.342279333625,18416.564534371955,15848.847058891237
forecast_7583,2025-11-12 23:00:00,18067.66227879616,19192.519720672968,16590.887727986752
forecast_7584,2025-11-13 00:00:00,18766.94992426233,19495.943127641185,17144.50509932839
forecast_7585,2025-11-13 01:00:00,18890.65830581099,19388.839656096206,17844.412728504005
forecast_7586,2025-11-13 02:00:00,18851.98524316583,19191.90059848933,17543.733557253647
forecast_7587,2025-11-13 03:00:00,18111.744038458102,18972.3473679093,17308.052397106345
forecast_7588,2025-11-13 04:00:00,18098.30916143359,18887.15779624717,16797.4197974745
forecast_7589,2025-11-13 05:00:00,17723.416376829213,18647.682687343724,16082.527440603002
forecast_7590,2025-11-13 06:00:00,16927.042844366348,17977.114752433736,15752.37937669989
forecast_7591,2025-11-13 07:00:00,15808.951178398032,17104.022537786423,14522.393163426928
forecast_7592,2025-11-13 08:00:00,14809.978010759645,16606.170181223973,13402.320652886367
forecast_7593,2025-11-13 09:00:00,12844.39239481948,15299.063768805543,11543.731883394426
forecast_7594,2025-11-13 10:00:00,10511.161140833621,11934.5438348765,9052.637625205462
forecast_7595,2025-11-13 11:00:00,9371.910697649855,10086.561220364494,7890.711018446591
forecast_7596,2025-11-13 12:00:00,6916.111112521578,6501.233025540504,4512.3206341848645
forecast_7597,2025-11-13 13:00:00,4639.23955591841,4431.43124814721,3084.1758866655555
forecast_7598,2025-11-13 14:00:00,4579.082340052261,3834.262839959476,2896.768315196688
forecast_7599,2025-11-13 15:00:00,4579.082340052261,3834.262839959476,2896.768315196688
forecast_7600,2025-11-13 16:00:00,4999.138164879802,4601.395743238053,3300.3487331051083
forecast_7601,2025-11-13 17:00:00,6334.225883644358,5155.949973127324,3943.6237199304137
forecast_7602,2025-11-13 18:00:00,7566.595640262318,7048.551700184808,5833.845950499682
forecast_7603,2025-11-13 19:00:00,8234.414476295535,7529.990188890601,5886.378883324339
forecast_7604,2025-11-13 20:00:00,8517.238688402942,8140.60876200631,5886.378883324339
forecast_7605,2025-11-13 21:00:00,8517.238688402942,8271.014381306184,5886.378883324339
forecast_7606,2025-11-13 22:00:00,9262.279212200889,8482.957325991574,6130.552828651702
forecast_7607,2025-11-13 23:00:00,9262.279212200889,9554.141883735207,6832.579488986221
forecast_7608,2025-11-14 00:00:00,9544.211690938297,9614.667175755614,7070.993181161491
forecast_7609,2025-11-14 01:00:00,4884.333177364181,4599.241271102899,3446.017428068697
forecast_7610,2025-11-14 02:00:00,4857.734899065592,4471.715701336689,3378.822542207313
forecast_7611,2025-11-14 03:00:00,4807.611275432667,4471.715701336689,3378.822542207313
forecast_7612,2025-11-14 04:00:00,4807.611275432667,4590.192301371611,3571.89652184379
forecast_7613,2025-11-14 05:00:00,4905.14759572533,4675.2853643042345,3630.43224996604
forecast_7614,2025-11-14 06:00:00,5103.91634909068,4677.316688951646,3735.131685580431
forecast_7615,2025-11-14 07:00:00,5890.545739423797,5301.219835066897,4163.231489340728
forecast_7616,2025-11-14 08:00:00,5962.565960396761,5369.2059427255035,4163.231489340728
forecast_7617,2025-11-14 09:00:00,5986.385029382704,5369.2059427255035,3937.7591657101184
forecast_7618,2025-11-14 10:00:00,5962.565960396761,5224.429413452435,3498.3673824173447
forecast_7619,2025-11-14 11:00:00,5574.592408498653,4322.607997821042,3024.866637583077
forecast_7620,2025-11-14 12:00:00,4433.256844690475,4322.607997821042,3024.866637583077
forecast_7621,2025-11-14 13:00:00,4433.256844690475,4638.265613005916,3226.5211229009437
forecast_7622,2025-11-14 14:00:00,4608.3045342657515,4865.6166026414685,3258.4022185216877
forecast_7623,2025-11-14 15:00:00,5040.483877901949,4865.6166026414685,3443.6084736457574
forecast_7624,2025-11-14 16:00:00,5973.06680169361,5476.146170024132,3752.1477196763167
forecast_7625,2025-11-14 17:00:00,6712.754673183367,6292.4609966827575,4381.154462442438
forecast_7626,2025-11-14 18:00:00,7664.972808700799,7571.149395120415,5750.142756785883
forecast_7627,2025-11-14 19:00:00,7804.92888016278,8902.391872780345,6409.334028812611
forecast_7628,2025-11-14 20:00:00,10492.596019449276,10454.611007962181,7355.3734531171385
forecast_7629,2025-11-14 21:00:00,10492.596019449276,11263.208820062713,7754.080420185848
forecast_7630,2025-11-14 22:00:00,10172.00604828285,10515.316741781324,7355.3734531171385
forecast_7631,2025-11-14 23:00:00,9991.095420336167,10515.316741781324,6849.736916421712
forecast_7632,2025-11-15 00:00:00,9407.890833246629,9986.724097518925,6417.725578571779
forecast_7633,2025-11-15 01:00:00,6591.208188683365,5562.277007429606,4151.898488682934
forecast_7634,2025-11-15 02:00:00,6131.913862460291,5306.211643897824,3894.8103932800755
forecast_7635,2025-11-15 03:00:00,6131.913862460291,5306.211643897824,3894.8103932800755
forecast_7636,2025-11-15 04:00:00,5998.934571447868,5148.953652328224,3589.111506408421
forecast_7637,2025-11-15 05:00:00,5930.72865308938,5095.352893334717,3399.057094105786
forecast_7638,2025-11-15 06:00:00,5821.930145748181,5081.521814528191,3399.057094105786
forecast_7639,2025-11-15 07:00:00,5711.226788596914,4842.752944906278,3272.218732568286
forecast_7640,2025-11-15 08:00:00,4881.011466942933,4074.3675058389535,2784.156346980767
forecast_7641,2025-11-15 09:00:00,4659.893954829912,3703.8798731821357,2758.264102215025
forecast_7642,2025-11-15 10:00:00,3582.205680942435,2735.221062886758,2403.617552093746
forecast_7643,2025-11-15 11:00:00,3336.1131090666786,2735.221062886758,2356.611767837064
forecast_7644,2025-11-15 12:00:00,3318.535414266184,2778.2251319744246,2356.611767837064
forecast_7645,2025-11-15 13:00:00,3254.3101319551083,2991.7490433914086,2220.626322501426
forecast_7646,2025-11-15 14:00:00,3231.807557639441,2991.7490433914086,2139.416727757164
forecast_7647,2025-11-15 15:00:00,3254.3101319551083,3034.4140388342726,2139.416727757164
forecast_7648,2025-11-15 16:00:00,3361.381989652963,3034.4140388342726,2208.659308500215
forecast_7649,2025-11-15 17:00:00,3985.872200826444,3710.0484956764585,2538.0468225553345
forecast_7650,2025-11-15 18:00:00,4941.54130432596,5183.933542732299,3155.1950662714635
forecast_7651,2025-11-15 19:00:00,7095.668477195977,8416.39798122671,5340.111012235625
forecast_7652,2025-11-15 20:00:00,9143.819452482257,10011.121760323022,7013.099852171709
forecast_7653,2025-11-15 21:00:00,10226.783923797133,10652.794732223749,7683.625123065824
forecast_7654,2025-11-15 22:00:00,10226.783923797133,10652.794732223749,7683.625123065824
forecast_7655,2025-11-15 23:00:00,10100.2121192958,9117.769900001873,6911.6702781536205
forecast_7656,2025-11-16 00:00:00,10030.39390182908,8674.857257449023,6887.255606442426
forecast_7657,2025-11-16 01:00:00,9902.146141776546,9274.281178917307,6106.774202500754
forecast_7658,2025-11-16 02:00:00,9881.529460762396,8788.958683212995,5706.386052588737
forecast_7659,2025-11-16 03:00:00,9650.447816026568,8788.958683212995,5706.386052588737
forecast_7660,2025-11-16 04:00:00,9881.529460762396,9296.466812364291,5875.69037763806
forecast_7661,2025-11-16 05:00:00,11485.049576170128,11504.504728555283,8116.973019718265
forecast_7662,2025-11-16 06:00:00,11485.049576170128,12391.21390842949,8761.15792224062
forecast_7663,2025-11-16 07:00:00,11346.273668173117,12973.535688584141,8761.15792224062
forecast_7664,2025-11-16 08:00:00,11278.47266732392,13163.804581481565,8788.93089837841
forecast_7665,2025-11-16 09:00:00,11061.40193963535,13163.804581481565,8788.93089837841
forecast_7666,2025-11-16 10:00:00,10624.088819190389,13163.804581481565,9598.205646551778
forecast_7667,2025-11-16 11:00:00,10490.6919827479,13048.501163320858,10096.190500855006
forecast_7668,2025-11-16 12:00:00,10490.6919827479,13048.501163320858,10779.543813530214
forecast_7669,2025-11-16 13:00:00,10666.900268464935,13018.544514030524,11073.63336141357
forecast_7670,2025-11-16 14:00:00,11312.926050769758,13529.975079491816,11690.297345846204
forecast_7671,2025-11-16 15:00:00,11960.015092090533,14034.000241269552,11931.878336741082
forecast_7672,2025-11-16 16:00:00,13949.261106927719,15466.589010159054,14220.514449180537
forecast_7673,2025-11-16 17:00:00,15576.980188723019,17910.915069815874,16265.964480843448
forecast_7674,2025-11-16 18:00:00,17679.077985845124,18911.8529198876,17904.03606494373
forecast_7675,2025-11-16 19:00:00,18353.44592015539,19435.115986392066,18862.704545101034
forecast_7676,2025-11-16 20:00:00,19311.829474973943,19952.33910627459,19548.93570080979
forecast_7677,2025-11-16 21:00:00,19447.473924509803,20207.63080576832,19666.985791649357
forecast_7678,2025-11-16 22:00:00,19447.473924509803,20207.63080576832,19666.985791649357
forecast_7679,2025-11-16 23:00:00,18895.88717043979,20066.550312764844,19634.204982577146
forecast_7680,2025-11-17 00:00:00,18848.747832204885,19928.711861926262,19456.979025533656
forecast_7681,2025-11-17 01:00:00,19087.296530377207,19649.087637159304,19327.97540802069
forecast_7682,2025-11-17 02:00:00,19055.038773928853,19634.024104334632,19205.372165169996
forecast_7683,2025-11-17 03:00:00,18717.58436016995,19277.48267813228,18335.437886575975
forecast_7684,2025-11-17 04:00:00,18487.11072714817,19246.01244357052,18333.12016927979
forecast_7685,2025-11-17 05:00:00,18487.11072714817,19238.76365177293,18122.136716755653
forecast_7686,2025-11-17 06:00:00,19205.430524737192,19200.228417907354,18116.227439264858
forecast_7687,2025-11-17 07:00:00,19205.430524737192,19115.565586802077,18080.456090802225
forecast_7688,2025-11-17 08:00:00,18614.551729009618,18863.408640228412,17532.35978802728
forecast_7689,2025-11-17 09:00:00,16062.787273045611,16840.210796540097,14960.952093915295
forecast_7690,2025-11-17 10:00:00,14284.413161499508,15838.080176803187,13422.401495010714
forecast_7691,2025-11-17 11:00:00,13260.081003102237,13599.854537333591,11412.856986633557
forecast_7692,2025-11-17 12:00:00,12565.571133760603,11848.40548994023,10202.94841226711
forecast_7693,2025-11-17 13:00:00,11724.237580101097,11405.133596939102,9422.152010563013
forecast_7694,2025-11-17 14:00:00,11452.848592193657,11254.819906458757,9422.152010563013
forecast_7695,2025-11-17 15:00:00,11452.848592193657,11405.133596939102,9513.89153801692
forecast_7696,2025-11-17 16:00:00,12040.918271875766,12365.074077726389,10259.1045485273
forecast_7697,2025-11-17 17:00:00,12485.25499459193,12365.074077726389,10854.031250653738
forecast_7698,2025-11-17 18:00:00,12485.25499459193,12534.856063624615,10941.684826667393
forecast_7699,2025-11-17 19:00:00,12504.578103594156,12244.628677561524,11394.317015350473
forecast_7700,2025-11-17 20:00:00,12586.975178569177,12633.341585790165,11951.989289731428
forecast_7701,2025-11-17 21:00:00,12613.261311287357,14536.504933511464,13222.739605335033
forecast_7702,2025-11-17 22:00:00,13560.357708827243,14997.102313267087,13693.334705928264
forecast_7703,2025-11-17 23:00:00,13978.142768169015,15336.636400181687,14093.709458393296
forecast_7704,2025-11-18 00:00:00,14203.428108799992,15434.933163061214,14187.637058016084
forecast_7705,2025-11-18 01:00:00,13122.198532683658,13812.853940019935,12833.907681561323
forecast_7706,2025-11-18 02:00:00,12943.244665431193,14287.351058859665,12871.556158788579
forecast_7707,2025-11-18 03:00:00,12943.244665431193,14676.264352417176,13005.647620464544
forecast_7708,2025-11-18 04:00:00,14721.123829342187,15721.523315964756,14356.851469916448
forecast_7709,2025-11-18 05:00:00,14772.312749944138,15985.783372231735,14693.229364335179
forecast_7710,2025-11-18 06:00:00,15266.135572032668,16110.145991211519,14940.191967793977
forecast_7711,2025-11-18 07:00:00,15600.267740049301,16197.21411335321,14940.191967793977
forecast_7712,2025-11-18 08:00:00,15600.267740049301,16197.21411335321,14563.37628053287
forecast_7713,2025-11-18 09:00:00,14071.74951824378,14599.216256356736,12844.924752717588
forecast_7714,2025-11-18 10:00:00,13137.529952214489,14080.032113089954,11551.173352835869
forecast_7715,2025-11-18 11:00:00,12412.592686565778,12691.059205157193,10442.872423391347
forecast_7716,2025-11-18 12:00:00,12261.101499744347,11238.182381761948,9797.107579045254
forecast_7717,2025-11-18 13:00:00,11821.523278874438,10987.242155955008,9210.096907503266
forecast_7718,2025-11-18 14:00:00,11067.466759140101,9818.01082901372,8141.756011367336
forecast_7719,2025-11-18 15:00:00,9683.854034866737,8047.324106822314,6746.634065529007
forecast_7720,2025-11-18 16:00:00,9596.8200294155,7663.34568440083,6596.993641671751
forecast_7721,2025-11-18 17:00:00,7802.910038033372,6614.599033240792,4951.4931549772355
forecast_7722,2025-11-18 18:00:00,7200.511575213452,6614.599033240792,4951.4931549772355
forecast_7723,2025-11-18 19:00:00,7200.511575213452,7201.8815786604655,5059.593154373747
forecast_7724,2025-11-18 20:00:00,8627.243165656142,8380.47159274797,6064.725504841734
forecast_7725,2025-11-18 21:00:00,9862.248346105986,9669.542569590265,6660.620292075377
forecast_7726,2025-11-18 22:00:00,10723.195661663325,10817.250754861261,7828.330953105295
forecast_7727,2025-11-18 23:00:00,10723.195661663325,10817.250754861261,7828.330953105295
forecast_7728,2025-11-19 00:00:00,10429.254032301058,10819.666021178997,7768.402396851641
forecast_7729,2025-11-19 01:00:00,10749.395280757304,11505.626141407387,7730.060120073877
forecast_7730,2025-11-19 02:00:00,10373.59002132384,11118.604172134497,7704.211976692233
forecast_7731,2025-11-19 03:00:00,10324.301697925717,10947.82991914773,7530.56637709062
forecast_7732,2025-11-19 04:00:00,9439.893182606003,8755.512000095405,6154.864250888936
forecast_7733,2025-11-19 05:00:00,7045.365503840958,5952.1256231708285,4760.9180701225905
forecast_7734,2025-11-19 06:00:00,6352.544611694271,5306.157821779249,4362.60119493642
forecast_7735,2025-11-19 07:00:00,6087.881616997533,5295.03887564799,4290.788258670448
forecast_7736,2025-11-19 08:00:00,5361.56552267854,4466.193741711633,4214.448583683425
forecast_7737,2025-11-19 09:00:00,4358.371238651031,3596.567149434427,3294.37353230234
forecast_7738,2025-11-19 10:00:00,3855.014081018072,3509.687984082118,3003.9307818729585
forecast_7739,2025-11-19 11:00:00,3436.9109411531595,3143.5491836662914,2896.7907186690363
forecast_7740,2025-11-19 12:00:00,3218.7615630605837,2898.677152723095,2592.975884477311
forecast_7741,2025-11-19 13:00:00,3152.4530012519263,2898.677152723095,2592.975884477311
forecast_7742,2025-11-19 14:00:00,3152.4530012519263,2939.3016846130604,2654.69522239688
forecast_7743,2025-11-19 15:00:00,3484.169603528324,3075.95050019554,2848.723008111426
forecast_7744,2025-11-19 16:00:00,4282.863140638768,3898.6442297399262,3568.6649112316363
forecast_7745,2025-11-19 17:00:00,6374.716334249008,5445.015147307515,4530.23072464359
forecast_7746,2025-11-19 18:00:00,9824.540051339132,7530.652056743132,6215.737548733631
forecast_7747,2025-11-19 19:00:00,12092.458429746166,9577.667164243598,8524.43504880965
forecast_7748,2025-11-19 20:00:00,14138.429432755616,11485.00777462734,9794.89236904151
forecast_7749,2025-11-19 21:00:00,15489.660639050024,14109.111662297242,12251.692821499173
forecast_7750,2025-11-19 22:00:00,17772.173575259512,16234.982675350047,14328.715396158837
forecast_7751,2025-11-19 23:00:00,18904.84608605705,17973.054065263437,15903.248408385192
forecast_7752,2025-11-20 00:00:00,19237.84976070423,18327.881893664515,16143.381682821697
forecast_7753,2025-11-20 01:00:00,19941.6548693215,19621.775208213818,17937.286187215745
forecast_7754,2025-11-20 02:00:00,19933.22259838696,19651.2801955203,17777.895872682893
forecast_7755,2025-11-20 03:00:00,20003.740807411894,19758.33138533772,18031.12953014837
forecast_7756,2025-11-20 04:00:00,19933.22259838696,19651.2801955203,17777.895872682893
forecast_7757,2025-11-20 05:00:00,19350.842722711655,19442.616229232113,17513.12395360243
forecast_7758,2025-11-20 06:00:00,19241.016612532174,19442.616229232113,17271.771888185827
forecast_7759,2025-11-20 07:00:00,18935.36112324584,19289.276943258803,17159.697700800658
forecast_7760,2025-11-20 08:00:00,18935.36112324584,19794.01510766656,17271.771888185827
forecast_7761,2025-11-20 09:00:00,18746.855932247116,19289.276943258803,17159.697700800658
forecast_7762,2025-11-20 10:00:00,17929.884481279332,19283.751427679355,17142.433816295666
forecast_7763,2025-11-20 11:00:00,17929.884481279332,19010.01325544581,17142.433816295666
forecast_7764,2025-11-20 12:00:00,18631.536411407084,19010.01325544581,17616.617985039637
forecast_7765,2025-11-20 13:00:00,19331.63175829268,19514.931163474343,17843.372476069875
forecast_7766,2025-11-20 14:00:00,19643.359097527802,19514.931163474343,18378.95929192962
forecast_7767,2025-11-20 15:00:00,19643.359097527802,19257.416504316738,18378.95929192962
forecast_7768,2025-11-20 16:00:00,19518.805144303267,19060.131900834393,18239.161877884664
forecast_7769,2025-11-20 17:00:00,19518.805144303267,19060.131900834393,18239.161877884664
forecast_7770,2025-11-20 18:00:00,19676.693743222982,19099.36163842532,18437.45927056094
forecast_7771,2025-11-20 19:00:00,19676.693743222982,19099.36163842532,18437.45927056094
forecast_7772,2025-11-20 20:00:00,19203.54858217999,18710.254256292286,17694.980562823057
forecast_7773,2025-11-20 21:00:00,19039.997089274868,18697.861768948256,17654.537566966326
forecast_7774,2025-11-20 22:00:00,18772.51615654579,18679.998740496987,17548.388674085632
forecast_7775,2025-11-20 23:00:00,18317.784479406157,18697.861768948256,17331.073510526177
forecast_7776,2025-11-21 00:00:00,18086.408657564964,18645.109429566066,17250.4369065244
forecast_7777,2025-11-21 01:00:00,16970.031474969073,18212.24353175846,16311.982492473422
forecast_7778,2025-11-21 02:00:00,16671.436074920563,17759.372261670513,16121.686579920828
forecast_7779,2025-11-21 03:00:00,16159.006216643631,17367.56106349148,15721.182530075148
forecast_7780,2025-11-21 04:00:00,16159.006216643631,17367.56106349148,15721.182530075148
forecast_7781,2025-11-21 05:00:00,17425.57906978012,18150.445561366167,16278.431643276414
forecast_7782,2025-11-21 06:00:00,17646.958984387828,18295.71741096621,16463.487963987594
forecast_7783,2025-11-21 07:00:00,17804.29547571514,18355.33575789154,16772.98982172907
forecast_7784,2025-11-21 08:00:00,17804.29547571514,18355.33575789154,16772.98982172907
forecast_7785,2025-11-21 09:00:00,15748.443934587835,17317.537937093115,15159.925479371552
forecast_7786,2025-11-21 10:00:00,14472.84171261939,16827.108840061897,13855.777296249711
forecast_7787,2025-11-21 11:00:00,14472.84171261939,16024.350791586901,13439.664675073072
forecast_7788,2025-11-21 12:00:00,14891.515442231172,15978.832606448585,13196.865153228504
forecast_7789,2025-11-21 13:00:00,15140.563742545846,15845.737146386658,13049.613744392931
forecast_7790,2025-11-21 14:00:00,15287.658143925466,15845.737146386658,13049.613744392931
forecast_7791,2025-11-21 15:00:00,15652.009504472206,16584.56610867899,13933.267911944184
forecast_7792,2025-11-21 16:00:00,16168.651071305929,17315.301221616344,15381.791468609033
forecast_7793,2025-11-21 17:00:00,16398.30643907419,17661.575741195833,16152.890876488691
forecast_7794,2025-11-21 18:00:00,16700.906105850514,17836.48169644388,16420.094033146466
forecast_7795,2025-11-21 19:00:00,16700.906105850514,17971.91968119526,16700.521578749736
forecast_7796,2025-11-21 20:00:00,16675.598486855997,18218.08552069957,16700.521578749736
forecast_7797,2025-11-21 21:00:00,16608.024995643726,17971.91968119526,16315.921044179273
forecast_7798,2025-11-21 22:00:00,16636.838103224476,17946.12377693227,16315.921044179273
forecast_7799,2025-11-21 23:00:00,16636.838103224476,17946.12377693227,16342.101965767662
forecast_7800,2025-11-22 00:00:00,17241.556403706403,18198.84141348865,16347.080956436366
forecast_7801,2025-11-22 01:00:00,17365.31687438689,18352.756040310393,15184.33260374214
forecast_7802,2025-11-22 02:00:00,17351.88547779913,18384.679420685326,15280.459261216147
forecast_7803,2025-11-22 03:00:00,17351.88547779913,18641.80885879124,15393.053494105567
forecast_7804,2025-11-22 04:00:00,18130.673431094947,18868.736181152915,15930.222875319183
forecast_7805,2025-11-22 05:00:00,18692.115420116184,19007.93144295853,16217.94166920763
forecast_7806,2025-11-22 06:00:00,18914.589770058265,19007.93144295853,16217.94166920763
forecast_7807,2025-11-22 07:00:00,18961.340183395543,18807.377820557893,15523.228170939523
forecast_7808,2025-11-22 08:00:00,18914.589770058265,18315.925589864353,15279.087377652852
forecast_7809,2025-11-22 09:00:00,17120.269152607558,17467.279079520486,13596.920159565754
forecast_7810,2025-11-22 10:00:00,13779.378838389084,16173.511614166917,12410.541337217648
forecast_7811,2025-11-22 11:00:00,12284.766800043286,14889.60935406416,11718.451691017803
forecast_7812,2025-11-22 12:00:00,10969.266325505796,13512.392605900543,10700.067325339045
forecast_7813,2025-11-22 13:00:00,10969.266325505796,12352.783014553568,10666.896560678719
forecast_7814,2025-11-22 14:00:00,12623.186802848822,12352.783014553568,10666.896560678719
forecast_7815,2025-11-22 15:00:00,13831.571458715003,12965.871822198813,11955.188746059684
forecast_7816,2025-11-22 16:00:00,14655.558840383306,14121.032113507576,12500.947167319671
forecast_7817,2025-11-22 17:00:00,15810.353667123709,15878.003187130851,13996.135948008956
forecast_7818,2025-11-22 18:00:00,18084.088818232278,16935.019079578924,15601.585418108216
forecast_7819,2025-11-22 19:00:00,18766.22268088757,17812.761392847045,16839.659664019775
forecast_7820,2025-11-22 20:00:00,19636.556289240467,18844.129994300067,17747.944272382243
forecast_7821,2025-11-22 21:00:00,20252.977668307423,19233.95245749609,18195.59521091637
forecast_7822,2025-11-22 22:00:00,20770.419809262297,19538.620521172685,18375.165218299917
forecast_7823,2025-11-22 23:00:00,20770.419809262297,19489.236370550534,18566.922765707837
forecast_7824,2025-11-23 00:00:00,20551.290305882103,19513.92844586161,18713.23063317348
forecast_7825,2025-11-23 01:00:00,20450.96904368228,20076.46183748988,18727.012763386836
forecast_7826,2025-11-23 02:00:00,20447.830259621154,20038.341359232443,18679.26147854321
forecast_7827,2025-11-23 03:00:00,20447.830259621154,20038.341359232443,18525.58972331172
forecast_7828,2025-11-23 04:00:00,20423.474437405086,20349.52455550509,18411.16807422507
forecast_7829,2025-11-23 05:00:00,20442.079942740085,20424.215337392325,18411.16807422507
forecast_7830,2025-11-23 06:00:00,20442.079942740085,20424.215337392325,18620.466401858157
forecast_7831,2025-11-23 07:00:00,20937.392545731145,20189.39931043295,18620.466401858157
forecast_7832,2025-11-23 08:00:00,20937.392545731145,19821.54786066348,18064.308041647324
forecast_7833,2025-11-23 09:00:00,20175.739792708635,18696.494169128928,17034.624921541275
forecast_7834,2025-11-23 10:00:00,19650.401317241667,18505.481632762658,16972.811826470228
forecast_7835,2025-11-23 11:00:00,18706.809578876426,17749.311542425316,15906.943602006766
forecast_7836,2025-11-23 12:00:00,17968.092462918394,17666.095935628233,15635.982898842829
forecast_7837,2025-11-23 13:00:00,16467.659611580693,15717.07827619161,14581.257928416739
forecast_7838,2025-11-23 14:00:00,15552.04419149459,14575.600450672235,13663.076886922907
forecast_7839,2025-11-23 15:00:00,13537.695708512363,12921.969396048351,12024.430398435741
forecast_7840,2025-11-23 16:00:00,13537.695708512363,12921.969396048351,12024.430398435741
forecast_7841,2025-11-23 17:00:00,15075.567484426307,15187.44287904055,13819.558113932551
forecast_7842,2025-11-23 18:00:00,18099.363565905012,17092.562285643606,15612.752928933827
forecast_7843,2025-11-23 19:00:00,18189.551218282537,18121.912977718515,16481.88123472527
forecast_7844,2025-11-23 20:00:00,18189.551218282537,18121.912977718515,16481.88123472527
forecast_7845,2025-11-23 21:00:00,17756.368865939956,17937.05994650495,16214.106947696453
forecast_7846,2025-11-23 22:00:00,17056.918987219782,17329.21378195845,16185.988100942015
forecast_7847,2025-11-23 23:00:00,15770.855584942261,16253.17008974065,15388.856231480928
forecast_7848,2025-11-24 00:00:00,15138.876998699448,15897.780387547307,14716.184168819505
forecast_7849,2025-11-24 01:00:00,14912.223966449612,15437.178059254504,12753.029481489708
forecast_7850,2025-11-24 02:00:00,14796.063391560669,15194.800410793938,12365.20028401686
forecast_7851,2025-11-24 03:00:00,13682.60557793036,14565.369711031517,11451.112645009829
forecast_7852,2025-11-24 04:00:00,13323.707332759053,14496.905652626965,11265.841754471845
forecast_7853,2025-11-24 05:00:00,12055.958777380441,13923.341084903066,10091.692926755863
forecast_7854,2025-11-24 06:00:00,12055.958777380441,13923.341084903066,10091.692926755863
forecast_7855,2025-11-24 07:00:00,12930.842705530948,14965.147489906594,11385.64658673527
forecast_7856,2025-11-24 08:00:00,12930.842705530948,14965.147489906594,11385.64658673527
forecast_7857,2025-11-24 09:00:00,11984.00519892593,13819.838524451456,10146.068628964003
forecast_7858,2025-11-24 10:00:00,10732.995888839083,12002.097035110246,9462.21967972069
forecast_7859,2025-11-24 11:00:00,10732.995888839083,11675.095179746979,9462.21967972069
forecast_7860,2025-11-24 12:00:00,10915.372063488769,11346.774974157746,9520.476550651943
forecast_7861,2025-11-24 13:00:00,11037.120097092147,11675.095179746979,10256.278352139616
forecast_7862,2025-11-24 14:00:00,12403.305658077234,12203.888541846793,11641.987658158158
forecast_7863,2025-11-24 15:00:00,12667.63859230703,12203.888541846793,11641.987658158158
forecast_7864,2025-11-24 16:00:00,12667.63859230703,12302.699957031844,11763.18161041775
forecast_7865,2025-11-24 17:00:00,12652.24769322087,11981.706594479803,11223.788704730212
forecast_7866,2025-11-24 18:00:00,12429.736936149013,12302.699957031844,10869.867697239413
forecast_7867,2025-11-24 19:00:00,12429.736936149013,12483.634939317959,10869.867697239413
forecast_7868,2025-11-24 20:00:00,12472.342581745232,12674.49958833017,11255.9078554395
forecast_7869,2025-11-24 21:00:00,12489.252756127682,13009.33393173623,11362.011147949981
forecast_7870,2025-11-24 22:00:00,12874.925727077429,14054.468106831137,11362.011147949981
forecast_7871,2025-11-24 23:00:00,12895.354461585202,14054.468106831137,11068.774306143401
forecast_7872,2025-11-25 00:00:00,12939.888187970257,13780.389876232206,11019.248007652559
forecast_7873,2025-11-25 01:00:00,13682.063842129804,13757.036744846544,11724.891577473694
forecast_7874,2025-11-25 02:00:00,13681.063081476925,13855.540710669418,11680.488076156606
forecast_7875,2025-11-25 03:00:00,13288.912366568891,13855.540710669418,11966.420769055476
forecast_7876,2025-11-25 04:00:00,13058.90187584373,13965.936995676024,12027.684804730516
forecast_7877,2025-11-25 05:00:00,13038.447948734183,14627.267728771889,12188.232955139345
forecast_7878,2025-11-25 06:00:00,12871.622449409413,14994.882161031734,12257.659461451101
forecast_7879,2025-11-25 07:00:00,12871.622449409413,15125.903406840775,12257.659461451101
forecast_7880,2025-11-25 08:00:00,12706.317626416441,14994.882161031734,12051.816628177343
forecast_7881,2025-11-25 09:00:00,10743.315032158016,12637.579024189992,10092.819079825185
forecast_7882,2025-11-25 10:00:00,9032.178118287557,11530.646619682195,9346.986395603513
forecast_7883,2025-11-25 11:00:00,7764.19205309616,10882.263230751387,8475.639524566539
forecast_7884,2025-11-25 12:00:00,7764.19205309616,8727.780207453194,7455.378042342864
forecast_7885,2025-11-25 13:00:00,8531.631534272306,8727.780207453194,7455.378042342864
forecast_7886,2025-11-25 14:00:00,9702.939262876307,10392.186291204749,8416.38864699398
forecast_7887,2025-11-25 15:00:00,11117.631658513737,12304.37900930087,10212.368287070636
forecast_7888,2025-11-25 16:00:00,11811.856896765134,12304.37900930087,10212.368287070636
forecast_7889,2025-11-25 17:00:00,12075.177899045819,11724.285049148777,10212.368287070636
forecast_7890,2025-11-25 18:00:00,12075.177899045819,11440.181225944274,10209.411099020985
forecast_7891,2025-11-25 19:00:00,10917.150109098959,10678.129221246234,9305.48594619115
forecast_7892,2025-11-25 20:00:00,10512.521096715496,9897.826449007753,8323.735601282342
forecast_7893,2025-11-25 21:00:00,8008.818604688531,8774.89576830712,6389.504913344184
forecast_7894,2025-11-25 22:00:00,7838.816010072347,8354.855011824646,6180.195998944689
forecast_7895,2025-11-25 23:00:00,7335.660597223812,8327.376412209116,6137.935033837751
forecast_7896,2025-11-26 00:00:00,7034.365348481651,7957.932627515629,5825.7710431921605
forecast_7897,2025-11-26 01:00:00,4827.16697835545,5171.840507985086,4025.405790834818
forecast_7898,2025-11-26 02:00:00,4683.81192227984,5020.266899110511,3926.3734968591825
forecast_7899,2025-11-26 03:00:00,4163.381822305621,4538.260762554297,3513.9764099898284
forecast_7900,2025-11-26 04:00:00,4163.381822305621,4538.260762554297,3513.9764099898284
forecast_7901,2025-11-26 05:00:00,4559.736504735802,4556.3645429101225,3851.300562901672
forecast_7902,2025-11-26 06:00:00,5326.631128028303,5283.705945164687,4107.413514978541
forecast_7903,2025-11-26 07:00:00,5624.517607611053,5326.744101170352,4220.564028674073
forecast_7904,2025-11-26 08:00:00,5769.1175217551945,5345.506613652062,4220.564028674073
forecast_7905,2025-11-26 09:00:00,5769.1175217551945,5345.506613652062,4037.0293212038355
forecast_7906,2025-11-26 10:00:00,5666.374874094471,5292.250490266239,3968.429640304586
forecast_7907,2025-11-26 11:00:00,4532.804870644735,3835.0661450904176,2932.3359923691833
forecast_7908,2025-11-26 12:00:00,4487.339363843395,3835.0661450904176,2932.3359923691833
forecast_7909,2025-11-26 13:00:00,4487.339363843395,4123.907194747659,3027.94319133806
forecast_7910,2025-11-26 14:00:00,5256.445755737987,4652.8714538420845,3370.6228356597467
forecast_7911,2025-11-26 15:00:00,6039.500004316294,4771.684662727975,3931.0923894392267
forecast_7912,2025-11-26 16:00:00,6316.585697562164,5296.240163134838,4479.531867067804
forecast_7913,2025-11-26 17:00:00,8856.933414821135,6931.745941196057,5723.775207369485
forecast_7914,2025-11-26 18:00:00,10905.543330969691,8758.381696945715,6811.908364484358
forecast_7915,2025-11-26 19:00:00,11592.29244441532,11563.291406916316,9285.809798670443
forecast_7916,2025-11-26 20:00:00,12867.390302939137,12353.688853913776,10619.66347356154
forecast_7917,2025-11-26 21:00:00,13484.425370491614,13719.148613231306,11243.977110308864
forecast_7918,2025-11-26 22:00:00,13641.311665387077,13719.148613231306,11243.977110308864
forecast_7919,2025-11-26 23:00:00,14078.01074852204,14216.821150923992,11356.610805687917
forecast_7920,2025-11-27 00:00:00,14283.890063524235,14524.177254418646,12490.81345991783
forecast_7921,2025-11-27 01:00:00,15120.751318461103,17046.791551134043,15025.512816553748
forecast_7922,2025-11-27 02:00:00,15387.901919323815,17173.564761525202,15083.940842262284
forecast_7923,2025-11-27 03:00:00,15906.726990543437,16920.018340742885,14967.084790845212
forecast_7924,2025-11-27 04:00:00,15906.726990543437,16214.03305863199,14520.63490471496
forecast_7925,2025-11-27 05:00:00,15906.726990543437,16214.03305863199,14520.63490471496
forecast_7926,2025-11-27 06:00:00,14607.471739158465,16130.844125423551,14520.63490471496
forecast_7927,2025-11-27 07:00:00,14507.865431617553,16249.603787247528,14998.217708401611
forecast_7928,2025-11-27 08:00:00,14507.865431617553,17103.31445472891,15095.29176059007
forecast_7929,2025-11-27 09:00:00,14646.57563826779,17583.721532867297,15317.340824401437
forecast_7930,2025-11-27 10:00:00,14691.7731414838,17583.721532867297,15498.42462176423
forecast_7931,2025-11-27 11:00:00,14759.653715660927,17140.399578477824,16181.701612667475
forecast_7932,2025-11-27 12:00:00,15209.705494318996,17140.399578477824,16266.615736656055
forecast_7933,2025-11-27 13:00:00,15371.6154646676,18910.577040586817,17137.954748511114
forecast_7934,2025-11-27 14:00:00,15859.357165178977,18910.577040586817,17353.276362325978
forecast_7935,2025-11-27 15:00:00,16603.4206617863,18910.577040586817,17765.7110685379
forecast_7936,2025-11-27 16:00:00,18008.76350386793,18614.070534601648,17765.7110685379
forecast_7937,2025-11-27 17:00:00,18066.828930913496,18923.56015567947,18147.719118384983
forecast_7938,2025-11-27 18:00:00,18066.828930913496,18845.32700735312,17708.317434512912
forecast_7939,2025-11-27 19:00:00,17750.301682367273,18998.09130143266,17628.968537988905
forecast_7940,2025-11-27 20:00:00,17654.67042125832,18981.50005884655,17110.7068640835
forecast_7941,2025-11-27 21:00:00,17720.62221618521,18981.50005884655,16931.338252378333
forecast_7942,2025-11-27 22:00:00,17654.67042125832,18190.887334236108,16221.047519179749
forecast_7943,2025-11-27 23:00:00,17668.897842912887,18129.208044568106,16221.047519179749
forecast_7944,2025-11-28 00:00:00,17594.341418984404,18114.198362601914,16545.04350358187
forecast_7945,2025-11-28 01:00:00,17978.677700866105,17325.806508137422,16651.828515998845
forecast_7946,2025-11-28 02:00:00,17358.95955685624,16962.268309973828,16271.357114957322
forecast_7947,2025-11-28 03:00:00,17358.95955685624,16962.268309973828,16271.357114957322
forecast_7948,2025-11-28 04:00:00,17166.25408965693,17642.067506618583,16111.83454731493
forecast_7949,2025-11-28 05:00:00,16516.249618556198,17642.067506618583,15533.989284424111
forecast_7950,2025-11-28 06:00:00,15805.041977727615,16722.757430446516,14035.649275984935
forecast_7951,2025-11-28 07:00:00,15805.041977727615,16668.044308291403,13263.26497416473
forecast_7952,2025-11-28 08:00:00,15210.020959838952,16582.399676288827,13035.677564625566
forecast_7953,2025-11-28 09:00:00,13328.942741553936,14482.51816186017,10678.24813768894
forecast_7954,2025-11-28 10:00:00,10757.598418744588,10187.373375417814,8471.754349021885
forecast_7955,2025-11-28 11:00:00,9116.343978051087,10053.332139682383,7160.971818305954
forecast_7956,2025-11-28 12:00:00,8213.26764089833,9012.334897312308,6339.347995164687
forecast_7957,2025-11-28 13:00:00,8178.501777622048,8615.736545316748,6234.701202063338
forecast_7958,2025-11-28 14:00:00,7873.623852618558,7363.58593874611,5692.203374025393
forecast_7959,2025-11-28 15:00:00,7500.048678764954,6692.266038832039,5177.585419705235
forecast_7960,2025-11-28 16:00:00,7500.048678764954,6692.266038832039,5177.585419705235
forecast_7961,2025-11-28 17:00:00,8489.698403247829,6934.974123709983,5318.653179936262
forecast_7962,2025-11-28 18:00:00,8489.698403247829,7146.363090993642,5318.653179936262
forecast_7963,2025-11-28 19:00:00,8667.23735073307,7146.363090993642,5252.800209637913
forecast_7964,2025-11-28 20:00:00,8618.134652045735,7020.564876229166,5002.314798220563
forecast_7965,2025-11-28 21:00:00,8721.555116786438,6409.717782151868,5252.800209637913
forecast_7966,2025-11-28 22:00:00,8721.555116786438,6409.717782151868,5659.301227810211
forecast_7967,2025-11-28 23:00:00,9036.988599279637,6499.660322963706,5674.13761337567
forecast_7968,2025-11-29 00:00:00,9067.527408269958,6691.882291084012,5682.480538169744
forecast_7969,2025-11-29 01:00:00,7609.972825365312,6060.213289800598,4920.413540422874
forecast_7970,2025-11-29 02:00:00,8088.707702229524,6499.175777957473,5183.859318377942
forecast_7971,2025-11-29 03:00:00,9986.622647204833,8491.432913900488,6256.39292737894
forecast_7972,2025-11-29 04:00:00,11301.04722718064,11079.717220294213,7783.331777771729
forecast_7973,2025-11-29 05:00:00,12323.900173789432,13930.882963510541,9524.149916521817
forecast_7974,2025-11-29 06:00:00,12323.900173789432,14445.287367453502,10006.155346310556
forecast_7975,2025-11-29 07:00:00,11862.318918167724,14454.16319263513,10006.155346310556
forecast_7976,2025-11-29 08:00:00,11794.65708960731,14503.241224501358,9824.9800623451
forecast_7977,2025-11-29 09:00:00,10902.076202290453,14503.241224501358,9674.8312786558
forecast_7978,2025-11-29 10:00:00,9837.695858025862,12399.89434905387,8648.640705004509
forecast_7979,2025-11-29 11:00:00,9837.695858025862,12399.89434905387,8648.640705004509
forecast_7980,2025-11-29 12:00:00,10862.672995469704,13429.607843384321,11427.02405093983
forecast_7981,2025-11-29 13:00:00,12333.470248282918,14747.8572342858,12833.162611950462
forecast_7982,2025-11-29 14:00:00,13687.593731399207,15062.694011523927,13093.938853189076
forecast_7983,2025-11-29 15:00:00,15614.486050012643,16401.22641156971,15082.115333596808
forecast_7984,2025-11-29 16:00:00,17169.92762374895,17154.38520869845,15942.534833911039
forecast_7985,2025-11-29 17:00:00,18704.86810690348,19423.8074812553,18320.086210016052
forecast_7986,2025-11-29 18:00:00,19265.393651104554,19825.766003374265,19118.103498205506
forecast_7987,2025-11-29 19:00:00,19656.03541623781,19990.739531766172,19447.411536463725
forecast_7988,2025-11-29 20:00:00,19819.371415635742,19990.739531766172,19838.95980978186
forecast_7989,2025-11-29 21:00:00,20199.31432607181,20004.03988532564,19838.95980978186
forecast_7990,2025-11-29 22:00:00,20199.31432607181,19968.400281836515,19531.132197660714
forecast_7991,2025-11-29 23:00:00,19938.049415548136,19968.400281836515,19479.96109732694
forecast_7992,2025-11-30 00:00:00,19866.937041448407,19914.74549804067,19375.459321195456
forecast_7993,2025-11-30 01:00:00,19992.751609283267,19625.42092182947,18948.12330450073
forecast_7994,2025-11-30 02:00:00,19970.0976067246,19606.70090272079,18818.840906036123
forecast_7995,2025-11-30 03:00:00,19717.33737267622,18979.812268217494,18308.527136397155
forecast_7996,2025-11-30 04:00:00,19187.4533543546,18900.974103673863,18133.137538966617
forecast_7997,2025-11-30 05:00:00,17918.156533022808,17725.950020067958,16996.630009147782
forecast_7998,2025-11-30 06:00:00,16819.770512974013,16819.78157132447,15585.715099690486
forecast_7999,2025-11-30 07:00:00,15430.244709928967,16021.510727717226,14301.872764243508
forecast_8000,2025-11-30 08:00:00,14932.11816944457,15405.487279304496,13735.18021067958
forecast_8001,2025-11-30 09:00:00,14583.942560044321,15208.827824799013,13374.899198385707
forecast_8002,2025-11-30 10:00:00,14301.42130758873,14112.630939231578,12817.108176013924
forecast_8003,2025-11-30 11:00:00,13633.287000800648,13646.083605112366,12377.29522421542
forecast_8004,2025-11-30 12:00:00,13160.966877208484,13030.01963518624,11580.693859307223
forecast_8005,2025-11-30 13:00:00,12262.310122837076,10789.600133971939,10049.02802132328
forecast_8006,2025-11-30 14:00:00,12262.310122837076,10789.600133971939,10049.02802132328
forecast_8007,2025-11-30 15:00:00,12677.734114861902,12784.37659611554,11592.193273270623
forecast_8008,2025-11-30 16:00:00,12984.88046927742,13019.088818571243,11638.901602838505
forecast_8009,2025-11-30 17:00:00,12984.88046927742,13785.731383589136,13203.316745268263
forecast_8010,2025-11-30 18:00:00,15561.703716599062,17900.49729935307,16196.383198527252
forecast_8011,2025-11-30 19:00:00,18011.37235050085,19366.272148312193,18542.416116505665
forecast_8012,2025-11-30 20:00:00,19271.74633148663,19773.820226506334,19257.644361512834
forecast_8013,2025-11-30 21:00:00,19646.706665224316,20204.062976092544,19879.51708010997
forecast_8014,2025-11-30 22:00:00,19646.706665224316,20234.271377097735,19879.51708010997
forecast_8015,2025-11-30 23:00:00,19253.97326383103,20234.271377097735,19843.070469280938
forecast_8016,2025-12-01 00:00:00,19059.9618824397,20179.4152344675,19280.72834411884
forecast_8017,2025-12-01 01:00:00,19145.390866297414,19952.17815661681,18564.136493686987
forecast_8018,2025-12-01 02:00:00,19048.08641508443,19889.083172530947,18463.010031092243
forecast_8019,2025-12-01 03:00:00,18885.329986641274,19819.01478763606,18346.484025217556
forecast_8020,2025-12-01 04:00:00,18850.957182293314,19747.63830051471,18275.695537074058
forecast_8021,2025-12-01 05:00:00,18850.957182293314,19598.690583406224,18275.695537074058
forecast_8022,2025-12-01 06:00:00,19024.87281744145,19598.690583406224,18275.695537074058
forecast_8023,2025-12-01 07:00:00,19024.87281744145,19598.690583406224,17861.842878784526
forecast_8024,2025-12-01 08:00:00,18830.083893490475,19509.630334940455,17221.67325428781
forecast_8025,2025-12-01 09:00:00,15897.33341149431,17093.83592133483,14600.66858041124
forecast_8026,2025-12-01 10:00:00,13690.68576254283,13863.178996133787,11281.66450967681
forecast_8027,2025-12-01 11:00:00,10923.481205255726,10389.149072976472,7397.761257679976
forecast_8028,2025-12-01 12:00:00,7337.084218923675,6478.698036679565,4681.356347402481
forecast_8029,2025-12-01 13:00:00,7152.67455681282,5575.247003203851,4109.486269048959
forecast_8030,2025-12-01 14:00:00,6411.542608781057,4850.4123079215515,3371.5553874817515
forecast_8031,2025-12-01 15:00:00,5364.031275934298,4022.6310824234083,2721.8045871113636
forecast_8032,2025-12-01 16:00:00,5353.417906571697,4022.6310824234083,2721.8045871113636
forecast_8033,2025-12-01 17:00:00,5353.417906571697,5092.391738295044,3532.9573734779324
forecast_8034,2025-12-01 18:00:00,7030.513565752536,6142.832645599761,3888.1141290579108
forecast_8035,2025-12-01 19:00:00,7714.561704436736,7021.439758469361,4199.245146090033
forecast_8036,2025-12-01 20:00:00,9866.696072278652,10356.710253258734,6934.599034557456
forecast_8037,2025-12-01 21:00:00,10823.098100785504,10697.882874941202,7254.91045336346
forecast_8038,2025-12-01 22:00:00,12554.779233510131,13197.457625527657,10166.345336752725
forecast_8039,2025-12-01 23:00:00,13900.781799619075,15058.765644359519,12007.36833782375
forecast_8040,2025-12-02 00:00:00,13901.0319267644,15407.753741628232,12100.685690274524
forecast_8041,2025-12-02 01:00:00,14815.653903891754,15657.098216981958,12474.925073999406
forecast_8042,2025-12-02 02:00:00,15003.832113175502,15720.789378762725,12476.165364452956
forecast_8043,2025-12-02 03:00:00,16371.307640956078,17010.497864880093,14012.705405483624
forecast_8044,2025-12-02 04:00:00,16371.307640956078,17010.497864880093,14012.705405483624
forecast_8045,2025-12-02 05:00:00,15856.316832905217,16920.024775506674,13392.316748775385
forecast_8046,2025-12-02 06:00:00,15322.705225706839,16219.881274421805,12874.066580525314
forecast_8047,2025-12-02 07:00:00,13893.521057853315,14963.035314851255,10967.099120709569
forecast_8048,2025-12-02 08:00:00,11133.007482467274,12403.62435285459,8387.47767775574
forecast_8049,2025-12-02 09:00:00,9148.739818989892,12036.022319809632,7122.554096484104
forecast_8050,2025-12-02 10:00:00,8307.024428445473,9171.076953029702,6142.91863044054
forecast_8051,2025-12-02 11:00:00,8286.983625321123,8762.344548641706,5931.48317691743
forecast_8052,2025-12-02 12:00:00,8286.983625321123,8762.344548641706,5931.48317691743
forecast_8053,2025-12-02 13:00:00,8690.276586450045,9910.972848486617,6795.224755522041
forecast_8054,2025-12-02 14:00:00,9799.635720122043,10834.053199060083,8252.263703105684
forecast_8055,2025-12-02 15:00:00,10919.287928951919,11812.392611688225,8934.53753500154
forecast_8056,2025-12-02 16:00:00,11988.906504789797,13089.773557075228,10029.996623822934
forecast_8057,2025-12-02 17:00:00,12636.132872511485,13936.791768124871,10867.81285246785
forecast_8058,2025-12-02 18:00:00,14269.747079008463,15346.709601484772,13146.931480382147
forecast_8059,2025-12-02 19:00:00,14327.395886201552,15400.339523003688,13365.815803958172
forecast_8060,2025-12-02 20:00:00,14509.765938354796,16262.32393838604,14262.797584921316
forecast_8061,2025-12-02 21:00:00,14509.765938354796,16262.32393838604,14382.76492651911
forecast_8062,2025-12-02 22:00:00,14343.637779087841,16033.185153196318,14407.651894995124
forecast_8063,2025-12-02 23:00:00,14274.417025791548,16033.185153196318,14382.76492651911
forecast_8064,2025-12-03 00:00:00,14207.109272137277,16027.549576975878,14382.977509864173
forecast_8065,2025-12-03 01:00:00,15130.093186594064,17300.729479127956,15919.848494728116
forecast_8066,2025-12-03 02:00:00,15074.099197266823,17236.333943643946,15894.688935265072
forecast_8067,2025-12-03 03:00:00,14973.272112348557,17236.333943643946,15216.11473206805
forecast_8068,2025-12-03 04:00:00,14468.886695869845,16754.45455614687,14754.537995801093
forecast_8069,2025-12-03 05:00:00,12809.544364381321,16754.45455614687,13874.453233258382
forecast_8070,2025-12-03 06:00:00,12719.63974784243,16945.88241896024,13865.269293967018
forecast_8071,2025-12-03 07:00:00,12719.63974784243,16945.88241896024,13797.91761760446
forecast_8072,2025-12-03 08:00:00,13092.177282062159,16863.071466808527,13865.269293967018
forecast_8073,2025-12-03 09:00:00,13567.867391150745,16863.071466808527,13967.433265250995
forecast_8074,2025-12-03 10:00:00,14247.841276990566,17379.543687612302,14212.289861028028
forecast_8075,2025-12-03 11:00:00,14550.39663017802,17653.567480240996,14268.438367810671
forecast_8076,2025-12-03 12:00:00,14567.177247746984,17722.89046776038,14373.583261009513
forecast_8077,2025-12-03 13:00:00,14630.292788284953,17722.89046776038,14417.752396520382
forecast_8078,2025-12-03 14:00:00,14630.292788284953,17672.816451487954,14576.4529514772
forecast_8079,2025-12-03 15:00:00,14406.00007919367,17620.747229674576,14616.703138945642
forecast_8080,2025-12-03 16:00:00,14213.491128267942,17585.199668004872,14599.31588718301
forecast_8081,2025-12-03 17:00:00,14206.877101514954,17154.634441608585,14599.31588718301
forecast_8082,2025-12-03 18:00:00,13869.204858223977,16070.105784942503,14332.53318346266
forecast_8083,2025-12-03 19:00:00,13566.16192954635,16070.105784942503,14294.12142129112
forecast_8084,2025-12-03 20:00:00,13421.743940482305,15616.107657123648,13874.968972415581
forecast_8085,2025-12-03 21:00:00,13421.743940482305,16309.90872981567,13874.968972415581
forecast_8086,2025-12-03 22:00:00,13662.895145600156,16309.90872981567,14113.713315554534
forecast_8087,2025-12-03 23:00:00,14091.345934344125,16309.90872981567,14113.713315554534
forecast_8088,2025-12-04 00:00:00,14151.720466850285,16284.669437059658,14214.867417248852
forecast_8089,2025-12-04 01:00:00,13931.656320411836,16776.766833131547,14133.18208257445
forecast_8090,2025-12-04 02:00:00,14097.805269903072,17421.18872075891,14671.541299795845
forecast_8091,2025-12-04 03:00:00,16033.481104829165,17649.789113874926,15213.69462495285
forecast_8092,2025-12-04 04:00:00,16219.426383829257,18044.479685466817,16039.639850846821
forecast_8093,2025-12-04 05:00:00,17079.0284315112,18533.5291177665,17542.683001460064
forecast_8094,2025-12-04 06:00:00,17326.224087226292,18646.668421285973,17733.65438370582
forecast_8095,2025-12-04 07:00:00,17326.224087226292,18533.5291177665,18005.11574053202
forecast_8096,2025-12-04 08:00:00,16915.20916809384,18845.233006000864,18005.11574053202
forecast_8097,2025-12-04 09:00:00,16398.399469921882,18511.73270957646,17702.306666885102
forecast_8098,2025-12-04 10:00:00,13041.11011773458,17537.61242611252,14565.268296456401
forecast_8099,2025-12-04 11:00:00,12470.38738642183,15948.219675738292,13132.318932574082
forecast_8100,2025-12-04 12:00:00,11599.086608821568,14361.807485928186,11273.542585435871
forecast_8101,2025-12-04 13:00:00,11468.072451393135,14092.905375933766,10647.393914070253
forecast_8102,2025-12-04 14:00:00,11468.072451393135,14092.905375933766,10647.393914070253
forecast_8103,2025-12-04 15:00:00,12044.160786900093,13880.90980436681,11117.907016226649
forecast_8104,2025-12-04 16:00:00,12130.30285930603,14468.951308491884,11655.569944457022
forecast_8105,2025-12-04 17:00:00,12435.522713945064,14583.615076316715,11873.57929319089
forecast_8106,2025-12-04 18:00:00,12718.632147734219,16430.47502864615,14245.511653916654
forecast_8107,2025-12-04 19:00:00,13621.26503223521,16960.380920728603,15017.678750510462
forecast_8108,2025-12-04 20:00:00,13902.943473131516,17146.758517534785,15021.10271395086
forecast_8109,2025-12-04 21:00:00,14470.120761335482,16960.380920728603,15017.678750510462
forecast_8110,2025-12-04 22:00:00,14516.928046603465,16076.123447366761,14531.921196126039
forecast_8111,2025-12-04 23:00:00,14470.120761335482,15953.642747962553,14406.40959575409
forecast_8112,2025-12-05 00:00:00,14378.182415728865,15871.389610603506,14142.247505402387
forecast_8113,2025-12-05 01:00:00,14500.961100554105,16457.279233612095,14059.882707101853
forecast_8114,2025-12-05 02:00:00,14443.262236304037,16625.98158900746,14444.965397067068
forecast_8115,2025-12-05 03:00:00,14440.344900702015,16625.98158900746,14444.965397067068
forecast_8116,2025-12-05 04:00:00,14430.741201561066,16223.551791904636,13972.571273815953
forecast_8117,2025-12-05 05:00:00,14440.344900702015,16223.551791904636,13972.571273815953
forecast_8118,2025-12-05 06:00:00,15522.984779115208,16860.83709233732,14379.987329578085
forecast_8119,2025-12-05 07:00:00,15809.466421586787,17880.739016732907,14820.983868276666
forecast_8120,2025-12-05 08:00:00,17148.950855975672,17945.898477454808,14820.983868276666
forecast_8121,2025-12-05 09:00:00,17148.950855975672,17945.898477454808,14567.848441774444
forecast_8122,2025-12-05 10:00:00,15745.820083621866,15974.927536382365,12685.63115099167
forecast_8123,2025-12-05 11:00:00,13223.292581837315,15424.762774598634,11503.627574658318
forecast_8124,2025-12-05 12:00:00,11813.04387963515,14551.738455083585,10663.58081985157
forecast_8125,2025-12-05 13:00:00,11411.428611479696,13641.108465720836,10522.491453850918
forecast_8126,2025-12-05 14:00:00,11411.428611479696,13641.108465720836,10522.491453850918
forecast_8127,2025-12-05 15:00:00,12660.663453310164,15770.781911607137,12452.982543352051
forecast_8128,2025-12-05 16:00:00,14080.491393649098,16244.434575644938,13053.340510902664
forecast_8129,2025-12-05 17:00:00,15626.524077931443,17016.997973765276,13986.756507114227
forecast_8130,2025-12-05 18:00:00,16877.790654591234,17175.121852488934,14055.235811941118
forecast_8131,2025-12-05 19:00:00,16988.708188048702,17175.121852488934,14055.235811941118
forecast_8132,2025-12-05 20:00:00,17717.283236196956,17556.286869212294,14495.371376889514
forecast_8133,2025-12-05 21:00:00,18719.790907996743,19029.580196588908,15783.925676687752
forecast_8134,2025-12-05 22:00:00,18854.790550742036,19308.383718828067,15931.533973439833
forecast_8135,2025-12-05 23:00:00,19360.526101649873,19338.58050428664,15995.83056409508
forecast_8136,2025-12-06 00:00:00,19567.074512187544,19761.360798781185,16342.007012219932
forecast_8137,2025-12-06 01:00:00,20056.329423272855,19515.06281048477,16932.81903163636
forecast_8138,2025-12-06 02:00:00,20599.23007479511,19783.487712805974,17886.145683069124
forecast_8139,2025-12-06 03:00:00,20618.931224771997,19938.585289033257,18078.483501581337
forecast_8140,2025-12-06 04:00:00,20846.926774103333,20525.24052709985,18078.483501581337
forecast_8141,2025-12-06 05:00:00,20846.926774103333,20525.24052709985,17782.956829322626
forecast_8142,2025-12-06 06:00:00,20413.742540861604,20316.340142074205,17219.43704005147
forecast_8143,2025-12-06 07:00:00,20257.33996812847,20193.616349275962,16945.684216621157
forecast_8144,2025-12-06 08:00:00,19595.45920926771,19699.5584280902,15820.78544135268
forecast_8145,2025-12-06 09:00:00,18534.079611017758,19492.543203256515,15628.513069722569
forecast_8146,2025-12-06 10:00:00,16961.273394735017,18369.038298445634,14885.949555011965
forecast_8147,2025-12-06 11:00:00,16181.05561300779,18007.37105369296,14885.949555011965
forecast_8148,2025-12-06 12:00:00,16006.161564022532,17400.832689573806,14847.21385182394
forecast_8149,2025-12-06 13:00:00,16181.05561300779,17400.832689573806,15184.310226165597
forecast_8150,2025-12-06 14:00:00,17343.639085276933,18535.309142200487,16882.188603817543
forecast_8151,2025-12-06 15:00:00,17821.68840681454,19183.825259846413,17501.638290675386
forecast_8152,2025-12-06 16:00:00,17821.68840681454,19183.825259846413,17501.638290675386
forecast_8153,2025-12-06 17:00:00,16523.52546366435,18306.91211915011,16823.607387820048
forecast_8154,2025-12-06 18:00:00,16326.701930280577,18070.73817558149,16772.713842768724
forecast_8155,2025-12-06 19:00:00,16326.701930280577,18070.73817558149,16772.713842768724
forecast_8156,2025-12-06 20:00:00,17779.71275379055,18562.72513107569,17255.64897015392
forecast_8157,2025-12-06 21:00:00,18336.58396904376,19019.568936053518,17760.364754778093
forecast_8158,2025-12-06 22:00:00,18786.581192376107,19378.04962719495,18125.86250975774
forecast_8159,2025-12-06 23:00:00,18795.267448947954,19669.88809915864,18227.8904397776
forecast_8160,2025-12-07 00:00:00,18853.83940028247,19730.853067464843,18249.739021416433
forecast_8161,2025-12-07 01:00:00,17889.849207514406,18623.596748519358,17259.400214874448
forecast_8162,2025-12-07 02:00:00,17839.986173294146,18558.57022779338,17268.39737243527
forecast_8163,2025-12-07 03:00:00,17839.986173294146,18558.57022779338,17268.39737243527
forecast_8164,2025-12-07 04:00:00,18267.427580620748,18802.239630076896,17410.312189295575
forecast_8165,2025-12-07 05:00:00,18407.63153584617,18871.560384519973,17410.312189295575
forecast_8166,2025-12-07 06:00:00,18470.04320445485,18871.560384519973,17410.312189295575
forecast_8167,2025-12-07 07:00:00,18847.300076648775,18871.560384519973,17546.85340591275
forecast_8168,2025-12-07 08:00:00,18847.300076648775,19084.682650478044,17630.39747212857
forecast_8169,2025-12-07 09:00:00,18495.19487220634,19084.682650478044,17546.85340591275
forecast_8170,2025-12-07 10:00:00,17565.65689206418,18945.337306015474,16929.443390163076
forecast_8171,2025-12-07 11:00:00,17344.498734325556,18720.498742869182,16821.8894846923
forecast_8172,2025-12-07 12:00:00,17344.498734325556,18499.02163381702,16476.646020694418
forecast_8173,2025-12-07 13:00:00,17410.423213447764,18499.02163381702,16476.646020694418
forecast_8174,2025-12-07 14:00:00,17567.71025513726,18773.445987902625,17152.10465836695
forecast_8175,2025-12-07 15:00:00,17695.12185256073,19028.00381465366,17493.39693823903
forecast_8176,2025-12-07 16:00:00,17645.57929863854,19294.140579104987,18038.48316178951
forecast_8177,2025-12-07 17:00:00,17645.57929863854,19580.508287287194,18279.578261065
forecast_8178,2025-12-07 18:00:00,17553.400888847595,19580.508287287194,18279.578261065
forecast_8179,2025-12-07 19:00:00,17455.142172261072,19436.5840594949,18107.19886381007
forecast_8180,2025-12-07 20:00:00,17389.808822740113,19251.482910005354,17957.963171852818
forecast_8181,2025-12-07 21:00:00,17455.142172261072,18770.3627269701,17576.456973202155
forecast_8182,2025-12-07 22:00:00,17519.118205870313,18770.3627269701,17450.147673118518
forecast_8183,2025-12-07 23:00:00,17519.118205870313,18648.28012896142,17325.528521226934
forecast_8184,2025-12-08 00:00:00,17263.30968978079,18756.343034837882,16717.627829898545
forecast_8185,2025-12-08 01:00:00,17387.631650417203,18414.17958624982,16492.250122809404
forecast_8186,2025-12-08 02:00:00,16960.312807629896,18415.841527420205,16203.75680299519
forecast_8187,2025-12-08 03:00:00,16841.82721646448,18318.52044957371,15512.418403858484
forecast_8188,2025-12-08 04:00:00,16066.990613500999,17474.818593668337,14759.20051614913
forecast_8189,2025-12-08 05:00:00,14571.376083178175,16409.806629784147,12659.68702919684
forecast_8190,2025-12-08 06:00:00,13245.611530459108,14526.084675668919,11399.636793691941
forecast_8191,2025-12-08 07:00:00,12540.41512201499,14251.519974884242,10480.45829803672
forecast_8192,2025-12-08 08:00:00,11199.186502400047,14081.854045471231,9664.454807984426
forecast_8193,2025-12-08 09:00:00,9984.942586882007,12873.53605481828,8696.630948786207
forecast_8194,2025-12-08 10:00:00,9166.559038322122,11380.636709234848,8158.572755341811
forecast_8195,2025-12-08 11:00:00,6813.461298482539,6344.852683093219,4598.654977386508
forecast_8196,2025-12-08 12:00:00,5359.865313476522,4783.068028555012,3675.3160229939226
forecast_8197,2025-12-08 13:00:00,4141.572394266145,3960.168194436529,3072.4706292215774
forecast_8198,2025-12-08 14:00:00,4141.572394266145,3960.168194436529,3072.4706292215774
forecast_8199,2025-12-08 15:00:00,4838.651345941192,4514.4556644259155,3389.4337588716057
forecast_8200,2025-12-08 16:00:00,5954.747897865189,6113.436123107039,4437.021512564315
forecast_8201,2025-12-08 17:00:00,8000.451664484334,7985.212569569505,6037.365648020494
forecast_8202,2025-12-08 18:00:00,10386.175032759606,10722.619588972932,8305.341642648104
forecast_8203,2025-12-08 19:00:00,11823.073214140348,13273.068561393335,10466.354183083144
forecast_8204,2025-12-08 20:00:00,13266.9410692461,14336.33146301575,11109.89781807953
forecast_8205,2025-12-08 21:00:00,14650.157077743872,15472.884597945478,12796.35443244873
forecast_8206,2025-12-08 22:00:00,16046.57139959289,16894.900012038102,14327.49781594437
forecast_8207,2025-12-08 23:00:00,16046.57139959289,17012.490920544842,14327.49781594437
forecast_8208,2025-12-09 00:00:00,15858.954053949568,17086.978970863667,14164.931376715786
forecast_8209,2025-12-09 01:00:00,15310.050986639864,16440.590752904696,12664.695507833538
forecast_8210,2025-12-09 02:00:00,16274.666047538925,17158.005206149992,13433.652264344597
forecast_8211,2025-12-09 03:00:00,17255.953069790274,17675.119003604363,13557.50316089089
forecast_8212,2025-12-09 04:00:00,17462.814845909736,18387.535291094297,13970.961355981872
forecast_8213,2025-12-09 05:00:00,17673.101424543995,18825.48684272104,14622.213104942482
forecast_8214,2025-12-09 06:00:00,17934.824690626676,19194.863419581638,15006.169476925244
forecast_8215,2025-12-09 07:00:00,18192.73014483577,19208.960347329532,15246.285126716393
forecast_8216,2025-12-09 08:00:00,18192.73014483577,19208.960347329532,15441.153609826939
forecast_8217,2025-12-09 09:00:00,17047.93205810759,19168.00283786596,15441.153609826939
forecast_8218,2025-12-09 10:00:00,14662.280991240794,18376.698841340087,14470.000684878838
forecast_8219,2025-12-09 11:00:00,14496.076228532173,18331.457502140904,13925.067956022005
forecast_8220,2025-12-09 12:00:00,14072.436022776872,17659.34644099562,13568.626658542013
forecast_8221,2025-12-09 13:00:00,13682.027119252083,16560.06135716242,12259.635848442977
forecast_8222,2025-12-09 14:00:00,13329.29621293989,16026.090781732051,12093.016427452752
forecast_8223,2025-12-09 15:00:00,13329.29621293989,14658.356899909588,11261.9846914759
forecast_8224,2025-12-09 16:00:00,13148.952114405945,14635.962397792802,11142.787505636898
forecast_8225,2025-12-09 17:00:00,13148.952114405945,14635.962397792802,11261.9846914759
forecast_8226,2025-12-09 18:00:00,13748.203385116896,14823.319516431697,11328.083142262036
forecast_8227,2025-12-09 19:00:00,13779.668560209382,15962.117115632404,11740.547062050964
forecast_8228,2025-12-09 20:00:00,13779.668560209382,15962.117115632404,11740.547062050964
forecast_8229,2025-12-09 21:00:00,13752.656596960685,15962.117115632404,11740.547062050964
forecast_8230,2025-12-09 22:00:00,13523.964082410565,15516.614164246497,11661.639811909576
forecast_8231,2025-12-09 23:00:00,13523.964082410565,15516.614164246497,11661.639811909576
forecast_8232,2025-12-10 00:00:00,13182.683010269426,15347.46861096062,11353.207196831669
forecast_8233,2025-12-10 01:00:00,11863.858048212222,14307.931971690334,9788.702054100666
forecast_8234,2025-12-10 02:00:00,12183.148532774427,14369.24356694552,9941.402106763655
forecast_8235,2025-12-10 03:00:00,14180.653811073547,16346.66197845084,12255.990757763251
forecast_8236,2025-12-10 04:00:00,14307.228200958925,16846.517285003014,12255.990757763251
forecast_8237,2025-12-10 05:00:00,14307.228200958925,16846.517285003014,12199.07357923136
forecast_8238,2025-12-10 06:00:00,13773.767543921009,16690.510528602044,12199.07357923136
forecast_8239,2025-12-10 07:00:00,13588.656714999413,16622.593422304817,11912.244752438308
forecast_8240,2025-12-10 08:00:00,13204.744334765497,16557.69448216704,11912.244752438308
forecast_8241,2025-12-10 09:00:00,13063.128199491013,16282.560825390861,11708.429979810477
forecast_8242,2025-12-10 10:00:00,12914.815336612442,16038.525020022169,11707.462779425307
forecast_8243,2025-12-10 11:00:00,11908.520898357712,14932.651125865403,11185.732692060988
forecast_8244,2025-12-10 12:00:00,11182.12045558213,14821.602436212965,10738.995827352315
forecast_8245,2025-12-10 13:00:00,10170.798384601572,13435.702140808606,9488.524680955941
forecast_8246,2025-12-10 14:00:00,10145.817158182228,13012.000750452578,9121.061316174748
forecast_8247,2025-12-10 15:00:00,10137.679273904816,11432.279707146196,8017.3143199462165
forecast_8248,2025-12-10 16:00:00,7857.288372463014,9466.07655924109,6338.024380156577
forecast_8249,2025-12-10 17:00:00,7857.288372463014,9466.07655924109,6338.024380156577
forecast_8250,2025-12-10 18:00:00,8258.299681285138,10186.39572713521,6600.415456780375
forecast_8251,2025-12-10 19:00:00,8977.804548641345,11607.458925437208,7992.830404823803
forecast_8252,2025-12-10 20:00:00,9005.289897840823,12010.979932322869,8421.57761555522
forecast_8253,2025-12-10 21:00:00,10742.953744395014,13382.593948048578,9417.429848677977
forecast_8254,2025-12-10 22:00:00,12775.399919174703,16429.287999977118,12867.1489024429
forecast_8255,2025-12-10 23:00:00,13984.43665502067,16683.55237669235,13528.193828613768
forecast_8256,2025-12-11 00:00:00,14006.83162226043,16695.960672238238,13701.847806904125
forecast_8257,2025-12-11 01:00:00,17762.210519323922,19417.553826338564,17088.153165719377
forecast_8258,2025-12-11 02:00:00,17818.447318666986,19493.455288584973,17381.65246634456
forecast_8259,2025-12-11 03:00:00,17818.447318666986,19493.455288584973,17745.96366995888
forecast_8260,2025-12-11 04:00:00,19184.493566794295,20142.16756817972,18455.836058849218
forecast_8261,2025-12-11 05:00:00,19184.493566794295,20142.16756817972,18544.046935983024
forecast_8262,2025-12-11 06:00:00,18846.011490346886,20142.16756817972,18544.046935983024
forecast_8263,2025-12-11 07:00:00,18590.663566991636,20030.89900536547,18544.046935983024
forecast_8264,2025-12-11 08:00:00,17607.223258231345,18841.445766902827,17212.30973567231
forecast_8265,2025-12-11 09:00:00,17607.223258231345,18841.445766902827,17212.30973567231
forecast_8266,2025-12-11 10:00:00,17607.07749126507,18841.445766902827,17212.30973567231
forecast_8267,2025-12-11 11:00:00,15635.79909828684,17984.20063566631,15329.900511149239
forecast_8268,2025-12-11 12:00:00,14863.94703202734,17384.943504920902,15161.61089352979
forecast_8269,2025-12-11 13:00:00,12963.046425024431,15797.24787414593,12391.550083782588
forecast_8270,2025-12-11 14:00:00,12641.1561003451,13633.906363453778,10615.444952619713
forecast_8271,2025-12-11 15:00:00,12641.1561003451,13627.975305078176,10429.069085832705
forecast_8272,2025-12-11 16:00:00,12641.1561003451,13627.975305078176,10615.444952619713
forecast_8273,2025-12-11 17:00:00,12497.443364911222,14538.581643721558,10933.770921927358
forecast_8274,2025-12-11 18:00:00,12109.642099565099,14538.581643721558,10933.770921927358
forecast_8275,2025-12-11 19:00:00,11046.648117630471,12619.027912156065,9897.812698580768
forecast_8276,2025-12-11 20:00:00,9566.1100434141,11285.328056576856,8406.868654584994
forecast_8277,2025-12-11 21:00:00,5201.589809054937,5581.179149860761,3814.307073491681
forecast_8278,2025-12-11 22:00:00,4233.523198035045,4538.691384973936,3268.588578034533
forecast_8279,2025-12-11 23:00:00,4198.662279724436,4538.691384973936,3268.588578034533
forecast_8280,2025-12-12 00:00:00,4216.092738879741,4571.924264247881,3454.9210322502972
forecast_8281,2025-12-12 01:00:00,2753.931446727909,3359.030443582691,2755.3098225885096
forecast_8282,2025-12-12 02:00:00,2561.106997513164,3139.181209765295,2580.9893376032087
forecast_8283,2025-12-12 03:00:00,2517.224461475903,2821.5788821800857,2293.057518475137
forecast_8284,2025-12-12 04:00:00,2517.224461475903,2821.5788821800857,2293.057518475137
forecast_8285,2025-12-12 05:00:00,2495.8843207946943,2812.5066607956373,2258.2403452586473
forecast_8286,2025-12-12 06:00:00,2533.8161214039733,2812.5066607956373,2295.054535728196
forecast_8287,2025-12-12 07:00:00,2533.8161214039733,2561.0403575701575,2295.054535728196
forecast_8288,2025-12-12 08:00:00,2614.2580273836147,2561.0403575701575,2392.771897519616
forecast_8289,2025-12-12 09:00:00,2658.0593775847137,2539.763861294676,2392.771897519616
forecast_8290,2025-12-12 10:00:00,2658.0593775847137,2524.874417068937,2322.4242942797982
forecast_8291,2025-12-12 11:00:00,2725.078016951778,2524.874417068937,2322.4242942797982
forecast_8292,2025-12-12 12:00:00,2920.2261123882954,2533.220933308786,2386.3896518899824
forecast_8293,2025-12-12 13:00:00,2945.475125116914,2619.7744965980405,2386.3896518899824
forecast_8294,2025-12-12 14:00:00,3023.23269149238,2619.7744965980405,2341.8263026911964
forecast_8295,2025-12-12 15:00:00,3051.257833464724,2635.0927034600054,2321.30691009472
forecast_8296,2025-12-12 16:00:00,3098.7521965468063,2635.0927034600054,2341.8263026911964
forecast_8297,2025-12-12 17:00:00,3098.7521965468063,2734.2899371163185,2349.2442938828817
forecast_8298,2025-12-12 18:00:00,3011.368216326905,2747.945299302086,2349.2442938828817
forecast_8299,2025-12-12 19:00:00,3011.368216326905,2811.4867959551416,2349.2442938828817
forecast_8300,2025-12-12 20:00:00,3243.4984733551346,2971.71171699918,2457.3325353965997
forecast_8301,2025-12-12 21:00:00,3781.7986384877054,3478.8688458873135,2673.7434903495896
forecast_8302,2025-12-12 22:00:00,3981.6005173319536,4192.952153411786,3131.662932833383
forecast_8303,2025-12-12 23:00:00,4178.489951008049,4684.828072948016,3239.310804054338
forecast_8304,2025-12-13 00:00:00,4203.325712222491,4746.498655466823,3248.255326284834
forecast_8305,2025-12-13 01:00:00,4753.333548479135,5235.910782561474,3800.1077926480184
forecast_8306,2025-12-13 02:00:00,4918.659256019375,5365.31915362563,3720.263286974731
forecast_8307,2025-12-13 03:00:00,5165.888421305882,5466.496183148551,3509.1722319745736
forecast_8308,2025-12-13 04:00:00,5207.983192862467,5733.747591001939,3442.2807464926373
forecast_8309,2025-12-13 05:00:00,5432.5177352995615,6027.813525483848,3509.1722319745736
forecast_8310,2025-12-13 06:00:00,5432.5177352995615,6562.40667665296,3554.701063482176
forecast_8311,2025-12-13 07:00:00,6065.109785666141,6562.40667665296,3708.70657809548
forecast_8312,2025-12-13 08:00:00,6065.109785666141,6397.99832791785,3708.70657809548
forecast_8313,2025-12-13 09:00:00,5468.100685327158,5686.570342245819,3683.281321309469
forecast_8314,2025-12-13 10:00:00,4090.356809688252,4035.7766838873686,2910.5681530204465
forecast_8315,2025-12-13 11:00:00,3343.248862295196,3333.9382089639885,2429.141060342722
forecast_8316,2025-12-13 12:00:00,3110.9361088807486,3250.94328427792,2314.1527148914356
forecast_8317,2025-12-13 13:00:00,3096.0768037625326,2950.2146779255772,2232.0745871213912
forecast_8318,2025-12-13 14:00:00,3096.0768037625326,2950.2146779255772,2232.0745871213912
forecast_8319,2025-12-13 15:00:00,3365.158710516537,3183.351704508232,2525.448646141749
forecast_8320,2025-12-13 16:00:00,3464.538392385703,3299.455722443659,2544.0819655156724
forecast_8321,2025-12-13 17:00:00,3833.618001788028,3717.3651564657657,3022.215501468602
forecast_8322,2025-12-13 18:00:00,4463.292767768323,5558.533585901021,4073.642293791951
forecast_8323,2025-12-13 19:00:00,5250.731257343205,6351.736414623638,4382.885511481223
forecast_8324,2025-12-13 20:00:00,5250.731257343205,6351.736414623638,4382.885511481223
forecast_8325,2025-12-13 21:00:00,5487.1528249828825,6504.722772365845,4472.062708394036
forecast_8326,2025-12-13 22:00:00,7068.139601945385,8287.928959205252,6446.1557503599715
forecast_8327,2025-12-13 23:00:00,8522.70574695479,11394.176129068486,8720.853631638307
forecast_8328,2025-12-14 00:00:00,9295.615273596402,11865.6500859607,8736.471479165448
forecast_8329,2025-12-14 01:00:00,14574.633528392093,16474.691736997185,13547.447928925885
forecast_8330,2025-12-14 02:00:00,14588.588104991624,16747.572570528944,13345.528325104897
forecast_8331,2025-12-14 03:00:00,14588.588104991624,16928.843530911974,13345.528325104897
forecast_8332,2025-12-14 04:00:00,15144.055373528352,17526.59099609401,13520.38464055707
forecast_8333,2025-12-14 05:00:00,15658.01712105447,17526.59099609401,13570.656971211982
forecast_8334,2025-12-14 06:00:00,15748.704908387861,17672.648558533667,14173.445842646155
forecast_8335,2025-12-14 07:00:00,15748.704908387861,18011.149380943712,14558.171484370163
forecast_8336,2025-12-14 08:00:00,15778.493264131863,18547.726817709736,14794.592466947079
forecast_8337,2025-12-14 09:00:00,15778.493264131863,18547.726817709736,14794.592466947079
forecast_8338,2025-12-14 10:00:00,15541.743563254378,17236.589856008493,13986.207212359059
forecast_8339,2025-12-14 11:00:00,14916.633782006946,16398.690646159765,12980.578056626966
forecast_8340,2025-12-14 12:00:00,14575.030982891558,16185.209975639023,12920.154609652636
forecast_8341,2025-12-14 13:00:00,13496.090122565383,15092.114075506222,11807.253601485616
forecast_8342,2025-12-14 14:00:00,13160.701950425628,13280.732891858026,10597.067447021009
forecast_8343,2025-12-14 15:00:00,12382.731448855868,12718.689481343463,10222.369892554649
forecast_8344,2025-12-14 16:00:00,12382.731448855868,12718.689481343463,10222.369892554649
forecast_8345,2025-12-14 17:00:00,13053.209110995134,14767.407763981648,11645.142007290717
forecast_8346,2025-12-14 18:00:00,13491.643354526555,16094.748236697507,12241.256664648863
forecast_8347,2025-12-14 19:00:00,14537.122975336946,16989.09128339975,13026.82788696235
forecast_8348,2025-12-14 20:00:00,15064.428483544845,17184.986398527188,13929.858183528471
forecast_8349,2025-12-14 21:00:00,15601.101085606007,18039.639198685916,14611.722663138344
forecast_8350,2025-12-14 22:00:00,15692.993696052808,18140.551545304294,14714.34844379327
forecast_8351,2025-12-14 23:00:00,16153.122345258607,18221.70492487325,14975.260369253714
forecast_8352,2025-12-15 00:00:00,16274.973606764896,18451.676516200372,15228.866071223483
forecast_8353,2025-12-15 01:00:00,17357.893659837588,19227.861311153538,15787.778874520656
forecast_8354,2025-12-15 02:00:00,18166.45295785382,19784.81072988784,16443.43278805723
forecast_8355,2025-12-15 03:00:00,18166.45295785382,19935.86746250403,16443.43278805723
forecast_8356,2025-12-15 04:00:00,18169.408585242632,19935.86746250403,16344.956251932996
forecast_8357,2025-12-15 05:00:00,18169.408585242632,19742.189261826028,15780.651197701902
forecast_8358,2025-12-15 06:00:00,18327.824406470456,19267.829170136632,15467.306824970485
forecast_8359,2025-12-15 07:00:00,18845.672995036974,19267.829170136632,15109.962622482824
forecast_8360,2025-12-15 08:00:00,18845.672995036974,19267.829170136632,14986.840774125347
forecast_8361,2025-12-15 09:00:00,16853.82892802171,18377.05628284445,13607.349572444922
forecast_8362,2025-12-15 10:00:00,16311.29566054296,17296.57106269871,13205.403521187958
forecast_8363,2025-12-15 11:00:00,15794.751343060041,16782.946577755432,12746.429182751795
forecast_8364,2025-12-15 12:00:00,13452.315527959401,15771.955302516217,11938.066546992288
forecast_8365,2025-12-15 13:00:00,13452.315527959401,14735.771360029994,11556.343911855944
forecast_8366,2025-12-15 14:00:00,13802.555419068278,14735.771360029994,11556.343911855944
forecast_8367,2025-12-15 15:00:00,14583.018744101413,16030.138936091545,12802.36404644977
forecast_8368,2025-12-15 16:00:00,14972.064743220224,16271.489012480926,13041.9487484222
forecast_8369,2025-12-15 17:00:00,17992.331710846287,18394.742611773054,15384.572977874297
forecast_8370,2025-12-15 18:00:00,19030.950811575916,19862.426435691665,17660.855845585273
forecast_8371,2025-12-15 19:00:00,19400.962670518453,20216.6826786794,17789.982562820132
forecast_8372,2025-12-15 20:00:00,19400.962670518453,20216.6826786794,17789.982562820132
forecast_8373,2025-12-15 21:00:00,19346.596200552573,20056.23330103653,17558.30723830254
forecast_8374,2025-12-15 22:00:00,19273.794935497113,19911.70558130534,17456.98903048309
forecast_8375,2025-12-15 23:00:00,18840.211926771204,19166.713975120285,16762.056526539214
forecast_8376,2025-12-16 00:00:00,18381.850992008025,18803.212294838588,16191.196179394268
forecast_8377,2025-12-16 01:00:00,16463.97570708085,18205.497208474175,14426.324741355491
forecast_8378,2025-12-16 02:00:00,16077.2579126968,17964.547892896808,13907.23170504851
forecast_8379,2025-12-16 03:00:00,15800.169783548447,17652.72572199708,13636.873792383358
forecast_8380,2025-12-16 04:00:00,13911.79614833477,17103.605967140436,11621.73716863331
forecast_8381,2025-12-16 05:00:00,13479.769575836626,15888.878404829618,11553.039166139113
forecast_8382,2025-12-16 06:00:00,13013.656126165111,14627.801085748559,9890.79534003403
forecast_8383,2025-12-16 07:00:00,12470.595432254557,13546.299830100772,9635.505696140655
forecast_8384,2025-12-16 08:00:00,12100.92950755051,13361.674947059815,9615.152730908467
forecast_8385,2025-12-16 09:00:00,11805.022156325738,12741.271663801195,9541.683958601385
forecast_8386,2025-12-16 10:00:00,10183.776647735107,11370.13778302276,8954.986465168075
forecast_8387,2025-12-16 11:00:00,10144.525595214243,11350.659937322805,8568.508116796474
forecast_8388,2025-12-16 12:00:00,10183.776647735107,11236.655453131025,8634.699279514762
forecast_8389,2025-12-16 13:00:00,10348.012501337083,10864.632105203858,8475.774281406211
forecast_8390,2025-12-16 14:00:00,10348.012501337083,10864.632105203858,8475.774281406211
forecast_8391,2025-12-16 15:00:00,9696.46185044715,10323.592299980326,7848.863628996163
forecast_8392,2025-12-16 16:00:00,9668.765989628855,9929.541577764347,7691.2447226373215
forecast_8393,2025-12-16 17:00:00,9094.229430971764,9651.7484581876,7483.148579336567
forecast_8394,2025-12-16 18:00:00,8382.661517253397,9651.7484581876,7427.254719386151
forecast_8395,2025-12-16 19:00:00,8382.661517253397,9836.159185643086,7312.90738528054
forecast_8396,2025-12-16 20:00:00,8505.190818859302,9941.732042745669,7041.47600203842
forecast_8397,2025-12-16 21:00:00,8505.190818859302,9941.732042745669,7041.47600203842
forecast_8398,2025-12-16 22:00:00,7702.876214069988,9724.573362698853,7041.47600203842
forecast_8399,2025-12-16 23:00:00,7343.03572327396,9670.131929531628,6813.472777231387
forecast_8400,2025-12-17 00:00:00,7229.603212831102,9337.437856933873,6447.842697979353
forecast_8401,2025-12-17 01:00:00,8500.068925642336,10463.183057942933,7877.859536343271
forecast_8402,2025-12-17 02:00:00,8592.111678219606,10394.264118945188,7964.410106565403
forecast_8403,2025-12-17 03:00:00,8592.111678219606,10371.984688512932,7964.410106565403
forecast_8404,2025-12-17 04:00:00,7567.828870310043,9405.560719331077,6992.54340197414
forecast_8405,2025-12-17 05:00:00,7466.873963963265,9208.703203300025,6361.6407484219735
forecast_8406,2025-12-17 06:00:00,7301.144813081555,8927.83753016998,5914.350328929776
forecast_8407,2025-12-17 07:00:00,7074.581814433188,8790.04347625579,5610.17696871088
forecast_8408,2025-12-17 08:00:00,6916.2599423262745,8526.008007847435,5289.952455604896
forecast_8409,2025-12-17 09:00:00,6678.290083122696,7900.416265489292,4941.069030644824
forecast_8410,2025-12-17 10:00:00,6244.205302168732,6821.775151649579,4354.559388070222
forecast_8411,2025-12-17 11:00:00,6244.205302168732,6235.122523326502,4254.959761779795
forecast_8412,2025-12-17 12:00:00,6244.205302168732,5995.518762694768,4247.316892193661
forecast_8413,2025-12-17 13:00:00,6219.071524319304,5431.774028539161,3768.2118524838465
forecast_8414,2025-12-17 14:00:00,5535.459568507792,4132.36902210027,3102.1214411475976
forecast_8415,2025-12-17 15:00:00,4177.7087847251805,3500.153962761109,2753.171780116608
forecast_8416,2025-12-17 16:00:00,4177.7087847251805,3500.153962761109,2753.171780116608
forecast_8417,2025-12-17 17:00:00,4729.20009575678,4130.4191669616275,3423.2768934213955
forecast_8418,2025-12-17 18:00:00,5127.490915911709,4325.289104478113,3550.7741247069634
forecast_8419,2025-12-17 19:00:00,6266.3017737396485,5948.412863018932,4639.678172976423
forecast_8420,2025-12-17 20:00:00,7475.43513247328,6431.7270078717165,4739.5668384478795
forecast_8421,2025-12-17 21:00:00,7922.024251996263,7327.447595577022,5242.137851824053
forecast_8422,2025-12-17 22:00:00,8806.064504555525,8700.893014883619,6253.609195248357
forecast_8423,2025-12-17 23:00:00,9471.864092712942,9404.702728820092,7880.12680437296
forecast_8424,2025-12-18 00:00:00,9862.763107420684,10049.444773784156,8173.076490969984
forecast_8425,2025-12-18 01:00:00,13029.513960549779,14829.625997982675,11156.79015260935
forecast_8426,2025-12-18 02:00:00,12946.166542075583,14935.072664236137,11131.84012785456
forecast_8427,2025-12-18 03:00:00,12946.166542075583,15289.339048603335,11022.963144655372
forecast_8428,2025-12-18 04:00:00,13009.207390010259,15397.81244891425,10788.720894847964
forecast_8429,2025-12-18 05:00:00,13009.207390010259,15397.81244891425,10744.296097073018
forecast_8430,2025-12-18 06:00:00,13009.207390010259,14999.709354261044,10687.542343792958
forecast_8431,2025-12-18 07:00:00,12947.0937786319,14001.13903028692,10490.808110916254
forecast_8432,2025-12-18 08:00:00,12197.650957879665,12845.005257713352,9217.224610059118
forecast_8433,2025-12-18 09:00:00,10178.830795654276,10628.095481056724,7349.167462426543
forecast_8434,2025-12-18 10:00:00,8647.151582361357,8483.772012748985,6179.6989039831415
forecast_8435,2025-12-18 11:00:00,7088.901300773548,7589.170366313296,4977.353150988296
forecast_8436,2025-12-18 12:00:00,5589.145832477246,6214.930417576099,4353.378237556744
forecast_8437,2025-12-18 13:00:00,5331.366163379104,6058.475039673543,4327.878221158548
forecast_8438,2025-12-18 14:00:00,5331.366163379104,6018.22620588973,4327.878221158548
forecast_8439,2025-12-18 15:00:00,5443.581245896161,6058.475039673543,4327.878221158548
forecast_8440,2025-12-18 16:00:00,5649.729362536804,6184.311570808299,4399.8929733626965
forecast_8441,2025-12-18 17:00:00,6475.6642239289995,6940.364277371856,4829.666198655386
forecast_8442,2025-12-18 18:00:00,7576.529627013593,8084.55634851055,6167.020939064993
forecast_8443,2025-12-18 19:00:00,8624.285108241358,8949.790628616913,6541.8316014995235
forecast_8444,2025-12-18 20:00:00,9840.921100016703,9720.478018628231,6966.499975875258
forecast_8445,2025-12-18 21:00:00,10040.167009801746,10521.931589381575,7028.116216392899
forecast_8446,2025-12-18 22:00:00,10388.417597294589,12099.874212599705,8034.315723402254
forecast_8447,2025-12-18 23:00:00,11271.188772946593,13908.546962990833,9552.429357476713
forecast_8448,2025-12-19 00:00:00,11640.51966635356,14068.55236719081,9571.321330159833
forecast_8449,2025-12-19 01:00:00,14764.417774877427,17149.336193743053,13672.79071909858
forecast_8450,2025-12-19 02:00:00,14989.979011301577,17228.851229458225,13823.815743081572
forecast_8451,2025-12-19 03:00:00,15343.620784093935,17228.851229458225,13845.074577213269
forecast_8452,2025-12-19 04:00:00,15343.620784093935,17228.851229458225,13845.074577213269
forecast_8453,2025-12-19 05:00:00,15547.390165688485,17028.677983537047,13485.241953059198
forecast_8454,2025-12-19 06:00:00,15319.619878180853,17028.677983537047,13485.241953059198
forecast_8455,2025-12-19 07:00:00,15547.390165688485,17826.72791163651,14242.43878739726
forecast_8456,2025-12-19 08:00:00,15908.584498988843,17826.72791163651,14566.824119050147
forecast_8457,2025-12-19 09:00:00,16887.26291050786,17857.138633056464,15159.74877013918
forecast_8458,2025-12-19 10:00:00,17638.3483373449,18299.909985634462,15539.506839785643
forecast_8459,2025-12-19 11:00:00,18468.727275475307,18707.36243119356,16806.84788872457
forecast_8460,2025-12-19 12:00:00,18468.727275475307,18910.263030001228,16806.84788872457
forecast_8461,2025-12-19 13:00:00,17777.708172164894,19128.469724826908,16806.84788872457
forecast_8462,2025-12-19 14:00:00,17777.708172164894,19128.469724826908,16905.565743070452
forecast_8463,2025-12-19 15:00:00,17801.66290853582,19128.469724826908,16958.090934381173
forecast_8464,2025-12-19 16:00:00,17801.66290853582,18915.376879472024,16958.090934381173
forecast_8465,2025-12-19 17:00:00,16908.90956089687,18463.08793896769,16310.084158791247
forecast_8466,2025-12-19 18:00:00,16759.927129072184,18340.523002099006,16124.273254619227
forecast_8467,2025-12-19 19:00:00,16644.02832102107,18386.234160947013,15896.073777118794
forecast_8468,2025-12-19 20:00:00,16759.927129072184,18386.234160947013,15896.073777118794
forecast_8469,2025-12-19 21:00:00,17066.2359186247,18873.96752569623,16232.113918365509
forecast_8470,2025-12-19 22:00:00,17066.2359186247,18873.96752569623,16305.104133288643
forecast_8471,2025-12-19 23:00:00,17004.64666115259,18858.863986995402,16232.113918365509
forecast_8472,2025-12-20 00:00:00,16069.17562204652,18620.340127251206,15724.420994025113
forecast_8473,2025-12-20 01:00:00,13384.806170694384,16614.760625283998,12566.02743498411
forecast_8474,2025-12-20 02:00:00,13091.877880448756,16516.034275258415,12522.169119588976
forecast_8475,2025-12-20 03:00:00,13091.877880448756,16713.486975309577,12609.885750379244
forecast_8476,2025-12-20 04:00:00,13513.058159705735,16637.970776644408,13217.98052190629
forecast_8477,2025-12-20 05:00:00,13513.058159705735,16687.030753671686,13217.98052190629
forecast_8478,2025-12-20 06:00:00,13505.587802216358,16637.970776644408,13149.148267168921
forecast_8479,2025-12-20 07:00:00,13505.587802216358,16687.030753671686,13149.148267168921
forecast_8480,2025-12-20 08:00:00,13869.532116361263,16810.34756575619,13687.848377021093
forecast_8481,2025-12-20 09:00:00,13869.532116361263,16844.838435321424,13813.00220159075
forecast_8482,2025-12-20 10:00:00,13804.49627442448,16810.34756575619,13852.415639686194
forecast_8483,2025-12-20 11:00:00,13804.49627442448,17182.92521369863,14091.470908940997
forecast_8484,2025-12-20 12:00:00,14299.62941333083,17731.685840188315,14933.095516239493
forecast_8485,2025-12-20 13:00:00,14299.62941333083,17731.685840188315,14933.095516239493
forecast_8486,2025-12-20 14:00:00,13711.941990453746,16979.370714141507,14234.386317253284
forecast_8487,2025-12-20 15:00:00,12864.166647700067,15191.716288388148,13054.411739347448
forecast_8488,2025-12-20 16:00:00,12489.433943499274,14383.573634038028,12450.813947948698
forecast_8489,2025-12-20 17:00:00,12045.729822267458,14313.27151031584,11764.747944170296
forecast_8490,2025-12-20 18:00:00,11591.656398954085,13215.055271597008,11074.176157971326
forecast_8491,2025-12-20 19:00:00,11106.465827112906,12960.098711624447,11007.25221556678
forecast_8492,2025-12-20 20:00:00,10885.006295811692,12960.098711624447,10596.17901424417
forecast_8493,2025-12-20 21:00:00,11106.465827112906,12960.098711624447,10596.17901424417
forecast_8494,2025-12-20 22:00:00,12406.922638187245,13088.754567949614,10799.649525339046
forecast_8495,2025-12-20 23:00:00,13458.736596629964,14720.128447595163,12056.256602130714
forecast_8496,2025-12-21 00:00:00,14338.669985597759,15661.93794607275,12961.328118049989
forecast_8497,2025-12-21 01:00:00,19046.828442384453,19333.554533627015,17169.866215116203
forecast_8498,2025-12-21 02:00:00,19043.825757909097,19411.394014067293,17124.633317984262
forecast_8499,2025-12-21 03:00:00,18684.08807234231,19411.394014067293,17082.285373230676
forecast_8500,2025-12-21 04:00:00,18187.364233890115,19329.63339484324,16604.186467100993
forecast_8501,2025-12-21 05:00:00,17821.341241805992,19082.673505577906,16012.328605027104
forecast_8502,2025-12-21 06:00:00,17221.94729043407,18817.701476836857,15640.285339241193
forecast_8503,2025-12-21 07:00:00,16703.33587105681,18810.202834730208,14709.951504940025
forecast_8504,2025-12-21 08:00:00,16138.629363034026,17286.1430660972,13455.939133017484
forecast_8505,2025-12-21 09:00:00,14578.442402920438,16783.10429808709,13068.485955938295
forecast_8506,2025-12-21 10:00:00,13868.734721941171,16001.513807473322,12368.094532693844
forecast_8507,2025-12-21 11:00:00,12655.065251996804,15158.754341038813,11108.84683292636
forecast_8508,2025-12-21 12:00:00,11421.953035748133,13819.673355155255,9561.589448873747
forecast_8509,2025-12-21 13:00:00,9731.971867344033,12462.174924730416,8146.095984344596
forecast_8510,2025-12-21 14:00:00,8591.096493487157,9384.344253875597,6108.228993866122
forecast_8511,2025-12-21 15:00:00,6273.828868499508,5776.796200707204,3719.4428081512206
forecast_8512,2025-12-21 16:00:00,5755.765319238011,5174.354064869667,3448.1920796485306
forecast_8513,2025-12-21 17:00:00,5644.228154412687,5090.020848798401,3448.1920796485306
forecast_8514,2025-12-21 18:00:00,5644.228154412687,4699.142273458482,3448.1920796485306
forecast_8515,2025-12-21 19:00:00,5644.228154412687,4506.415631027808,3492.275737135928
forecast_8516,2025-12-21 20:00:00,5335.603170176834,4369.458382632642,3222.293252138332
forecast_8517,2025-12-21 21:00:00,5050.048424148378,3960.620607689257,3519.4622639951476
forecast_8518,2025-12-21 22:00:00,4775.092398168971,3526.6326722086137,3258.366788651211
forecast_8519,2025-12-21 23:00:00,4440.38980476572,3520.44106207467,3258.366788651211
forecast_8520,2025-12-22 00:00:00,4323.994252239856,3418.6378138845203,3155.119503429717
forecast_8521,2025-12-22 01:00:00,4193.603361720538,3254.9327758295267,2842.3535608632033
forecast_8522,2025-12-22 02:00:00,3910.7953805715283,3010.910608047268,2676.5846555424455
forecast_8523,2025-12-22 03:00:00,3181.232157149302,2808.9689784522907,2383.268258732542
forecast_8524,2025-12-22 04:00:00,3161.0315155072617,2733.10538618421,2230.2809766714367
forecast_8525,2025-12-22 05:00:00,2643.4024799446165,2381.4791140972534,2001.5005207939307
forecast_8526,2025-12-22 06:00:00,2633.909161841755,2321.6903650996824,1997.3103594430486
forecast_8527,2025-12-22 07:00:00,2643.4024799446165,2199.1718531789047,1936.3142233434799
forecast_8528,2025-12-22 08:00:00,2805.6946166576868,2199.1718531789047,1936.3142233434799
forecast_8529,2025-12-22 09:00:00,2975.7961989463265,2294.6982662554537,2076.785407300448
forecast_8530,2025-12-22 10:00:00,3096.913239024018,2454.517474739535,2130.170709379293
forecast_8531,2025-12-22 11:00:00,3096.913239024018,2672.459372482443,2130.170709379293
forecast_8532,2025-12-22 12:00:00,3121.684939545681,2717.2629158739946,2156.441451911453
forecast_8533,2025-12-22 13:00:00,3292.4613126809504,2717.2629158739946,2168.00195646391
forecast_8534,2025-12-22 14:00:00,3242.4164278491603,2717.2629158739946,2156.441451911453
forecast_8535,2025-12-22 15:00:00,3242.4164278491603,2752.122188175069,2134.5529726384216
forecast_8536,2025-12-22 16:00:00,3178.1735592973855,2846.8723363355957,2134.5529726384216
forecast_8537,2025-12-22 17:00:00,3178.1735592973855,3049.9143303998108,2317.6514319206935
forecast_8538,2025-12-22 18:00:00,3635.9959802464664,3330.1701170687074,2525.963416978669
forecast_8539,2025-12-22 19:00:00,3766.8662044095154,3501.6975544573993,2889.971165299076
forecast_8540,2025-12-22 20:00:00,4294.860332091737,4119.422754176955,3181.886541801477
forecast_8541,2025-12-22 21:00:00,4434.963464749135,4250.953134293376,3279.1597832040657
forecast_8542,2025-12-22 22:00:00,5121.760289554276,4428.254858200903,3698.881316105965
forecast_8543,2025-12-22 23:00:00,5121.760289554276,4599.000685203151,3698.881316105965
forecast_8544,2025-12-23 00:00:00,5104.89642021247,4678.563962194872,3688.486236949842
forecast_8545,2025-12-23 01:00:00,6397.533131270884,6258.984598374535,4240.169074259552
forecast_8546,2025-12-23 02:00:00,6432.079481979012,6377.87314449304,4270.1370538049005
forecast_8547,2025-12-23 03:00:00,6432.079481979012,6377.87314449304,4270.1370538049005
forecast_8548,2025-12-23 04:00:00,6406.775399321117,5995.1775806727,3919.953248669178
forecast_8549,2025-12-23 05:00:00,5991.618158510092,5801.3650558018135,3742.127659350539
forecast_8550,2025-12-23 06:00:00,5661.9142944332125,5537.036200647165,3535.661609877762
forecast_8551,2025-12-23 07:00:00,5592.994818211523,5282.796885585021,3529.3333061618314
forecast_8552,2025-12-23 08:00:00,5264.481794891424,5201.105556330864,3529.3333061618314
forecast_8553,2025-12-23 09:00:00,5264.481794891424,5201.105556330864,3743.5795093024126
forecast_8554,2025-12-23 10:00:00,5841.9790900664175,6786.306494809236,4661.8290292292895
forecast_8555,2025-12-23 11:00:00,6641.50341857516,9225.581565180715,5549.8188565785795
forecast_8556,2025-12-23 12:00:00,6641.50341857516,9444.62030463332,5646.720754856611
forecast_8557,2025-12-23 13:00:00,6241.181355935912,9225.581565180715,5549.8188565785795
forecast_8558,2025-12-23 14:00:00,5898.086496334794,6964.930185615727,4447.943396389829
forecast_8559,2025-12-23 15:00:00,5898.086496334794,6964.930185615727,4447.943396389829
forecast_8560,2025-12-23 16:00:00,6437.292027915595,7909.980498409555,5366.871059319057
forecast_8561,2025-12-23 17:00:00,7833.38096497294,9323.538394522748,6702.830609892811
forecast_8562,2025-12-23 18:00:00,8473.085567703558,10531.703038544689,6888.213092738444
forecast_8563,2025-12-23 19:00:00,8719.859365117922,11403.914290069351,7861.258482306434
forecast_8564,2025-12-23 20:00:00,9026.705494613805,12344.485888697467,8452.759487109057
forecast_8565,2025-12-23 21:00:00,9152.66619755782,12454.350855963852,8592.301871631094
forecast_8566,2025-12-23 22:00:00,9979.346766226543,12344.485888697467,8999.068540025135
forecast_8567,2025-12-23 23:00:00,9979.346766226543,12086.36536482317,8999.068540025135
forecast_8568,2025-12-24 00:00:00,9750.70869823513,11988.730101075915,8757.538001282082
forecast_8569,2025-12-24 01:00:00,7031.116212157971,8507.568343918685,6051.5997735451565
forecast_8570,2025-12-24 02:00:00,6724.520540247776,7914.461369367901,5663.150323315192
forecast_8571,2025-12-24 03:00:00,5953.8120909263425,6869.157452047189,4811.49629666329
forecast_8572,2025-12-24 04:00:00,5912.2194012287055,6052.951595175911,4365.268960772302
forecast_8573,2025-12-24 05:00:00,5867.772235581937,5742.5593351762045,4206.906050423244
forecast_8574,2025-12-24 06:00:00,4258.456144182171,3886.5786790438315,3144.01068476545
forecast_8575,2025-12-24 07:00:00,4185.561544394392,3733.4019964827394,2971.881469354375
forecast_8576,2025-12-24 08:00:00,3887.493296725156,3394.060123331133,2814.7164510996136
forecast_8577,2025-12-24 09:00:00,3213.052639205892,2959.9157617209603,2603.3321868894063
forecast_8578,2025-12-24 10:00:00,3023.4285308141366,2621.8235765467734,2230.7930436966135
forecast_8579,2025-12-24 11:00:00,2808.099018399581,2619.707735183003,2230.7930436966135
forecast_8580,2025-12-24 12:00:00,2728.3392713814696,2595.32441263637,2135.8608060827946
forecast_8581,2025-12-24 13:00:00,2700.5342138845613,2488.9505343990922,2135.8608060827946
forecast_8582,2025-12-24 14:00:00,2700.5342138845613,2488.9505343990922,2135.8608060827946
forecast_8583,2025-12-24 15:00:00,2774.8023254573195,2533.9708231510876,2156.5812160713635
forecast_8584,2025-12-24 16:00:00,2774.8023254573195,2533.9708231510876,2156.5812160713635
forecast_8585,2025-12-24 17:00:00,2611.6034071171384,2322.086980985271,2034.8722264488192
forecast_8586,2025-12-24 18:00:00,2611.6034071171384,2322.086980985271,2034.8722264488192
forecast_8587,2025-12-24 19:00:00,2707.2548700313023,2365.8381123532004,2201.821206871778
forecast_8588,2025-12-24 20:00:00,2922.3749924354292,2372.8816688752404,2374.242666241238
forecast_8589,2025-12-24 21:00:00,3132.381786065972,2931.0721535734074,2664.614393179498
forecast_8590,2025-12-24 22:00:00,4080.5528813577207,3531.6703178288103,3444.607154703549
forecast_8591,2025-12-24 23:00:00,4182.279547541685,3618.040019429238,3538.890315303004
forecast_8592,2025-12-25 00:00:00,4443.688358044388,3876.059459359858,3530.2847241987556
forecast_8593,2025-12-25 01:00:00,5136.997007943452,4672.850694586053,3591.59809044721
forecast_8594,2025-12-25 02:00:00,5806.932961326946,5162.802046828946,3933.797449065626
forecast_8595,2025-12-25 03:00:00,6366.396703335923,6150.308774098051,4446.101877083407
forecast_8596,2025-12-25 04:00:00,7805.934396677386,8309.04623586671,6177.088165064377
forecast_8597,2025-12-25 05:00:00,9031.24621935928,9411.877135708846,6459.636746194496
forecast_8598,2025-12-25 06:00:00,10422.520377397243,10941.296867521043,8324.8461267281
forecast_8599,2025-12-25 07:00:00,11341.26970132162,12463.350439605529,9085.618790927616
forecast_8600,2025-12-25 08:00:00,12670.97453816134,15578.73796201116,11707.846757004463
forecast_8601,2025-12-25 09:00:00,14140.720501968244,16319.66106523849,12821.116236632679
forecast_8602,2025-12-25 10:00:00,14181.387814685299,16319.66106523849,12821.116236632679
forecast_8603,2025-12-25 11:00:00,14271.801308612059,16002.800356366462,11654.448165501717
forecast_8604,2025-12-25 12:00:00,14308.533897399559,15204.861248572493,11401.056630384266
forecast_8605,2025-12-25 13:00:00,14679.886383402005,15086.048618795865,11401.056630384266
forecast_8606,2025-12-25 14:00:00,14744.25408395328,15098.623674498225,11426.238195106524
forecast_8607,2025-12-25 15:00:00,15015.588835632807,15003.58786253619,11932.803087621836
forecast_8608,2025-12-25 16:00:00,15071.816311675215,15098.623674498225,12223.669075688551
forecast_8609,2025-12-25 17:00:00,15244.600417435238,15504.12230759879,12663.384505939222
forecast_8610,2025-12-25 18:00:00,15258.10453169952,15988.514713252656,13089.271633300186
forecast_8611,2025-12-25 19:00:00,15258.10453169952,16278.177573670295,13146.505587426533
forecast_8612,2025-12-25 20:00:00,15205.529883673933,17070.627249590787,13838.859255992438
forecast_8613,2025-12-25 21:00:00,15065.952179411304,17079.906665199785,13888.682389276859
forecast_8614,2025-12-25 22:00:00,15065.952179411304,17079.906665199785,13888.682389276859
forecast_8615,2025-12-25 23:00:00,15386.243073927888,17434.871607790872,14240.785526002419
forecast_8616,2025-12-26 00:00:00,16099.378305221475,18079.188800639116,14926.068943127757
forecast_8617,2025-12-26 01:00:00,16319.036601275784,18124.58380898315,14941.666902303943
forecast_8618,2025-12-26 02:00:00,16128.017569732572,17795.86692719601,14706.887369864102
forecast_8619,2025-12-26 03:00:00,15346.668734145569,17795.86692719601,14206.93702151798
forecast_8620,2025-12-26 04:00:00,15301.625918097623,18058.604049495658,13872.423770333122
forecast_8621,2025-12-26 05:00:00,15346.668734145569,18058.604049495658,14171.878372146079
forecast_8622,2025-12-26 06:00:00,15659.19766424785,18058.604049495658,14171.878372146079
forecast_8623,2025-12-26 07:00:00,16561.928328008584,18544.23233768661,14171.878372146079
forecast_8624,2025-12-26 08:00:00,16561.928328008584,18544.23233768661,14152.68404896172
forecast_8625,2025-12-26 09:00:00,16164.811591847549,17260.875231409736,13242.825319649288
forecast_8626,2025-12-26 10:00:00,13670.938574403475,16584.44483583726,12330.422373047006
forecast_8627,2025-12-26 11:00:00,12209.59221470487,15670.224566978013,11749.368023585566
forecast_8628,2025-12-26 12:00:00,11517.989910502918,13029.68063315211,10278.384433310604
forecast_8629,2025-12-26 13:00:00,10850.13322024377,10823.42883223029,9297.077799477405
forecast_8630,2025-12-26 14:00:00,10563.018736103932,10470.833498204363,8594.92156975927
forecast_8631,2025-12-26 15:00:00,10563.018736103932,10496.975269464305,8594.92156975927
forecast_8632,2025-12-26 16:00:00,11262.071448843042,10496.975269464305,8594.92156975927
forecast_8633,2025-12-26 17:00:00,12255.321184789525,12349.845708819925,9294.252625574727
forecast_8634,2025-12-26 18:00:00,12841.434655781657,14181.111410516154,10741.62750556316
forecast_8635,2025-12-26 19:00:00,12898.801740869532,14638.292037343446,11623.008812327496
forecast_8636,2025-12-26 20:00:00,14385.897470479158,16121.105908215588,13432.280726636154
forecast_8637,2025-12-26 21:00:00,16182.667971463781,17904.62322225797,14720.897503361693
forecast_8638,2025-12-26 22:00:00,16945.988392965348,18939.08886171614,16020.702129958107
forecast_8639,2025-12-26 23:00:00,17837.676908952475,18939.08886171614,16020.702129958107
forecast_8640,2025-12-27 00:00:00,18009.621503166578,18792.304145192073,16047.656695851461
forecast_8641,2025-12-27 01:00:00,19215.055377454246,19047.743637280357,15900.883066305234
forecast_8642,2025-12-27 02:00:00,18967.055776569192,19020.15074657967,15686.205942955596
forecast_8643,2025-12-27 03:00:00,17377.04514829743,18730.9544186719,14785.271767131202
forecast_8644,2025-12-27 04:00:00,16948.559456128252,17821.18574354812,13832.487903209283
forecast_8645,2025-12-27 05:00:00,16644.533420771193,17701.480800587167,13543.902118782958
forecast_8646,2025-12-27 06:00:00,16230.812713131647,17233.73377874071,13512.127787480544
forecast_8647,2025-12-27 07:00:00,15251.201801383073,17180.349361567747,13543.902118782958
forecast_8648,2025-12-27 08:00:00,15240.941717655724,17180.349361567747,13508.941407139577
forecast_8649,2025-12-27 09:00:00,14587.83222111547,16946.39193334578,12874.217347665628
forecast_8650,2025-12-27 10:00:00,12863.08764040822,15276.745163490996,12193.61855409369
forecast_8651,2025-12-27 11:00:00,12863.08764040822,15276.745163490996,12193.61855409369
forecast_8652,2025-12-27 12:00:00,14496.29478169883,15994.560279544658,13145.203941049398
forecast_8653,2025-12-27 13:00:00,15466.709683158286,16618.658062250328,13653.67651840181
forecast_8654,2025-12-27 14:00:00,15865.705405697378,16956.168696781973,14181.94075229339
forecast_8655,2025-12-27 15:00:00,16254.015913352516,17118.55404785426,14506.114963178663
forecast_8656,2025-12-27 16:00:00,16391.780037781096,17397.415938883765,15066.376684835122
forecast_8657,2025-12-27 17:00:00,16523.001641787392,18198.223213367124,15837.921110624075
forecast_8658,2025-12-27 18:00:00,17590.096042962403,18844.598803713365,16657.884734231207
forecast_8659,2025-12-27 19:00:00,17901.72563768914,18844.598803713365,16657.884734231207
forecast_8660,2025-12-27 20:00:00,17901.72563768914,18433.585160052866,15733.216948652782
forecast_8661,2025-12-27 21:00:00,17573.03867603037,18300.697486097408,15733.216948652782
forecast_8662,2025-12-27 22:00:00,17359.76841113685,18130.996015094675,16159.341875768292
forecast_8663,2025-12-27 23:00:00,16762.780636474556,18124.13480334893,16159.341875768292
forecast_8664,2025-12-28 00:00:00,16607.627129913242,18006.228935331106,16046.869334248968
forecast_8665,2025-12-28 01:00:00,18575.941382385456,19318.200026020095,17058.307004969938
forecast_8666,2025-12-28 02:00:00,19273.62517683796,19816.491276900495,17608.061261450875
forecast_8667,2025-12-28 03:00:00,20011.835350570855,20312.06826431781,18443.69880054135
forecast_8668,2025-12-28 04:00:00,20066.72071094995,20312.06826431781,18443.69880054135
forecast_8669,2025-12-28 05:00:00,20178.24006951144,20117.781833525154,18295.224282584502
forecast_8670,2025-12-28 06:00:00,20200.36059100526,19990.448766378053,18245.067347890996
forecast_8671,2025-12-28 07:00:00,20213.39716474574,19990.448766378053,18295.224282584502
forecast_8672,2025-12-28 08:00:00,20213.39716474574,19976.834814331294,18245.067347890996
forecast_8673,2025-12-28 09:00:00,18086.251291372704,19022.678273660596,16148.317844106834
forecast_8674,2025-12-28 10:00:00,17326.467371560182,18032.819914512267,15758.55015117679
forecast_8675,2025-12-28 11:00:00,17326.467371560182,18018.20578145356,15758.55015117679
forecast_8676,2025-12-28 12:00:00,17326.467371560182,18018.20578145356,15758.55015117679
forecast_8677,2025-12-28 13:00:00,16887.882096081416,16488.30985804171,14383.35846557069
forecast_8678,2025-12-28 14:00:00,15370.950420108944,15342.714520889253,13430.384327180862
forecast_8679,2025-12-28 15:00:00,15277.631128970312,15191.573338286693,13430.384327180862
forecast_8680,2025-12-28 16:00:00,14951.342034088735,15173.23326578617,13430.384327180862
forecast_8681,2025-12-28 17:00:00,14951.342034088735,15173.23326578617,13833.366454919247
forecast_8682,2025-12-28 18:00:00,15008.264133067332,15154.209334093457,13879.222240416682
forecast_8683,2025-12-28 19:00:00,15198.520489383718,15154.209334093457,13879.222240416682
forecast_8684,2025-12-28 20:00:00,15401.886956545719,15154.209334093457,13879.222240416682
forecast_8685,2025-12-28 21:00:00,15401.886956545719,15331.57269723855,14507.873151196476
forecast_8686,2025-12-28 22:00:00,15401.886956545719,16414.864111526495,15073.758519564464
forecast_8687,2025-12-28 23:00:00,15766.195334714861,17515.132230958003,15464.06538987089
forecast_8688,2025-12-29 00:00:00,16315.872654994804,17816.675439003156,15579.374440280939
forecast_8689,2025-12-29 01:00:00,18284.446846004204,18832.43179727051,17008.856860461485
forecast_8690,2025-12-29 02:00:00,18492.187550506867,18944.81453584935,17208.294397934565
forecast_8691,2025-12-29 03:00:00,19181.28397370665,19063.80306950268,17587.046120898627
forecast_8692,2025-12-29 04:00:00,19276.353084066694,19106.11948819187,17749.382180020213
forecast_8693,2025-12-29 05:00:00,19276.353084066694,19254.833290727674,17749.382180020213
forecast_8694,2025-12-29 06:00:00,19249.87982158935,19417.567363271577,17468.803084123814
forecast_8695,2025-12-29 07:00:00,19249.87982158935,19311.236905746082,17468.803084123814
forecast_8696,2025-12-29 08:00:00,19270.62678007334,19311.236905746082,17468.803084123814
forecast_8697,2025-12-29 09:00:00,19270.62678007334,18940.210318369256,17303.134764362894
forecast_8698,2025-12-29 10:00:00,18574.15134459576,18479.3890525086,16663.07942154137
forecast_8699,2025-12-29 11:00:00,18445.786426651124,18479.3890525086,16539.721060156666
forecast_8700,2025-12-29 12:00:00,18313.951908577303,18436.260493480546,16500.572906808637
forecast_8701,2025-12-29 13:00:00,18050.801174145876,18243.90566920025,16029.392529556484
forecast_8702,2025-12-29 14:00:00,16864.89913111817,17996.55783722837,15660.81854074055
forecast_8703,2025-12-29 15:00:00,16517.841841501875,17574.363252313316,15318.295084465644
forecast_8704,2025-12-29 16:00:00,16517.841841501875,16951.182203449083,15318.295084465644
forecast_8705,2025-12-29 17:00:00,17037.19844608675,17288.195945560932,15392.8206629362
forecast_8706,2025-12-29 18:00:00,17037.19844608675,16951.182203449083,15392.8206629362
forecast_8707,2025-12-29 19:00:00,16366.489191240991,15764.740996557599,14380.735556805119
forecast_8708,2025-12-29 20:00:00,15747.729142753222,15764.740996557599,14380.735556805119
forecast_8709,2025-12-29 21:00:00,14984.13660627112,15866.609186608906,14475.713429957153
forecast_8710,2025-12-29 22:00:00,14753.790346644324,16120.308774332918,14475.713429957153
forecast_8711,2025-12-29 23:00:00,13449.038867455241,16120.308774332918,14436.752762385478
forecast_8712,2025-12-30 00:00:00,13350.982774819357,16195.69746537814,14076.754476037298
forecast_8713,2025-12-30 01:00:00,10818.507472561345,12729.25053084422,8994.365348542964
forecast_8714,2025-12-30 02:00:00,11201.496618072815,12754.688606788819,9054.081114035384
forecast_8715,2025-12-30 03:00:00,11640.228236972625,12797.787983547303,9309.454710207545
forecast_8716,2025-12-30 04:00:00,12148.404902505983,13034.602214945726,9486.647462896
forecast_8717,2025-12-30 05:00:00,12148.404902505983,13034.602214945726,9486.647462896
forecast_8718,2025-12-30 06:00:00,11965.083436390443,12376.53708773701,8737.582150136508
forecast_8719,2025-12-30 07:00:00,10567.069377257012,11897.539673634135,8059.2590198247635
forecast_8720,2025-12-30 08:00:00,9532.558516961717,11715.582711420651,8005.02314753805
forecast_8721,2025-12-30 09:00:00,9294.037706221137,11658.519505181266,7908.419405506026
forecast_8722,2025-12-30 10:00:00,9140.365480669572,10713.212789136702,7825.726710976907
forecast_8723,2025-12-30 11:00:00,9294.037706221137,10060.148286614784,7669.6621538860245
forecast_8724,2025-12-30 12:00:00,9695.644983996392,10060.148286614784,7669.6621538860245
forecast_8725,2025-12-30 13:00:00,10208.680347637786,10973.816082838788,8295.544497732011
forecast_8726,2025-12-30 14:00:00,10904.082878981873,11254.691628208599,8432.171267473363
forecast_8727,2025-12-30 15:00:00,11394.854550152038,11434.936697502297,8857.751529978153
forecast_8728,2025-12-30 16:00:00,12096.4811219845,12046.267248091235,9295.50419649576
forecast_8729,2025-12-30 17:00:00,12307.563977673763,12046.267248091235,9301.088531198977
forecast_8730,2025-12-30 18:00:00,12576.1907363514,12144.817934011942,9551.297091043709
forecast_8731,2025-12-30 19:00:00,13269.505269062025,12951.254206742746,10562.649208886764
forecast_8732,2025-12-30 20:00:00,13358.129768919087,14741.657970539038,11776.993710993522
forecast_8733,2025-12-30 21:00:00,13627.46163402131,14805.194745024555,12092.983666061005
forecast_8734,2025-12-30 22:00:00,13627.46163402131,14943.456549023927,12615.906742409552
forecast_8735,2025-12-30 23:00:00,13593.279108269588,15545.320355634502,13109.287030013173
forecast_8736,2025-12-31 00:00:00,13569.641979909946,15746.022633362836,13226.441864965196
forecast_8737,2025-12-31 01:00:00,15803.280135851488,17157.71196086648,14474.82060839179
forecast_8738,2025-12-31 02:00:00,15632.163570201626,17024.30374789019,14346.813172888436
forecast_8739,2025-12-31 03:00:00,15632.163570201626,17024.30374789019,14195.96142907981
forecast_8740,2025-12-31 04:00:00,14831.763775269856,16325.111275578063,13219.73520088934
forecast_8741,2025-12-31 05:00:00,14514.611131841239,16152.131656023364,13177.717414381044
forecast_8742,2025-12-31 06:00:00,14433.850789943357,16093.257279856236,13072.26951689836
forecast_8743,2025-12-31 07:00:00,13835.80469217996,15783.072218021814,12823.48541625936
forecast_8744,2025-12-31 08:00:00,13760.46034702773,15627.41496075296,12239.100973943217
forecast_8745,2025-12-31 09:00:00,12885.202010723337,14837.17425951591,11548.982275686201
forecast_8746,2025-12-31 10:00:00,11858.290828124227,14589.389908208905,11334.14558983954
forecast_8747,2025-12-31 11:00:00,11045.133870109981,13647.95750942786,11125.869718954445
forecast_8748,2025-12-31 12:00:00,10185.96236200223,12439.983231559028,10079.314228896586
forecast_8749,2025-12-31 13:00:00,10043.701728462613,12205.017874254734,9993.32998174569
forecast_8750,2025-12-31 14:00:00,9710.030892672778,9974.938587164319,8303.889663374652
forecast_8751,2025-12-31 15:00:00,9710.030892672778,9974.938587164319,8134.409518599542
forecast_8752,2025-12-31 16:00:00,9851.488410488184,9555.699819164396,7757.6819802898535
forecast_8753,2025-12-31 17:00:00,10361.590923645035,10042.16646789965,8051.819376367484
forecast_8754,2025-12-31 18:00:00,10469.34612466333,10169.309748191103,8051.819376367484
forecast_8755,2025-12-31 19:00:00,10707.73466787572,11454.770556467902,8872.69888637803
forecast_8756,2025-12-31 20:00:00,10815.220109521219,12212.239863445331,9510.71525224901
forecast_8757,2025-12-31 21:00:00,10930.481436567343,13381.996469374155,9669.775984799157
forecast_8758,2025-12-31 22:00:00,12312.74349435444,15104.869675237187,11877.306032278948
forecast_8759,2025-12-31 23:00:00,12336.147332651739,15395.227774021861,12483.670147122859
forecast_8760,2026-01-01 00:00:00,12728.21519124589,15456.77340112743,12714.10380907665
