forecast_id,forecast_kst_dtm,kpx_group_1,kpx_group_2,kpx_group_3
forecast_0001,2025-01-01 01:00:00,19573.057877953775,18671.54247575273,17044.191006791716
forecast_0002,2025-01-01 02:00:00,19531.550119599146,18906.651999623515,17101.54959536602
forecast_0003,2025-01-01 03:00:00,19498.375172195785,18906.651999623515,17101.54959536602
forecast_0004,2025-01-01 04:00:00,18617.22436710718,18351.793906951396,16670.523069853625
forecast_0005,2025-01-01 05:00:00,18442.667167210544,18031.426875796045,16089.808259125442
forecast_0006,2025-01-01 06:00:00,18318.165213779757,17719.777093640037,15743.53824177478
forecast_0007,2025-01-01 07:00:00,17775.166719263947,17635.343025084614,15406.690763207556
forecast_0008,2025-01-01 08:00:00,17015.740487613744,17389.151926549017,14997.825025118755
forecast_0009,2025-01-01 09:00:00,15519.588889260822,16303.14225835852,13603.181213441634
forecast_0010,2025-01-01 10:00:00,15519.588889260822,16264.427221698488,13465.950405007854
forecast_0011,2025-01-01 11:00:00,15744.161107036492,16251.858948326499,13465.950405007854
forecast_0012,2025-01-01 12:00:00,15753.097722034043,16251.858948326499,13465.950405007854
forecast_0013,2025-01-01 13:00:00,15753.097722034043,15512.374647343164,12847.218583660706
forecast_0014,2025-01-01 14:00:00,15691.85948086579,15307.941009708811,12658.219963193733
forecast_0015,2025-01-01 15:00:00,14890.79534653814,14701.952520701401,12321.110343341414
forecast_0016,2025-01-01 16:00:00,14718.388814557196,14701.952520701401,12321.110343341414
forecast_0017,2025-01-01 17:00:00,14675.477341663182,14740.121872091308,12653.869950367061
forecast_0018,2025-01-01 18:00:00,14706.553202904888,14821.272659639413,12858.58238554356
forecast_0019,2025-01-01 19:00:00,14706.553202904888,16110.614668776934,13484.557589638414
forecast_0020,2025-01-01 20:00:00,16520.99645564176,17138.315104637975,14367.712570296337
forecast_0021,2025-01-01 21:00:00,16665.917512717588,17649.801630555645,14781.054554135948
forecast_0022,2025-01-01 22:00:00,16812.452982287414,17780.076911826527,15326.432766345646
forecast_0023,2025-01-01 23:00:00,16665.917512717588,17780.076911826527,15326.432766345646
forecast_0024,2025-01-02 00:00:00,16640.043565045624,17616.807820111284,15224.874475569584
forecast_0025,2025-01-02 01:00:00,13930.58720603599,16191.787696423393,11878.284679442397
forecast_0026,2025-01-02 02:00:00,13801.29431127386,15933.11441018977,11437.670038690572
forecast_0027,2025-01-02 03:00:00,12209.300836588222,14586.813532268552,9949.480978296391
forecast_0028,2025-01-02 04:00:00,10895.348553702148,13259.744957029938,8986.037780318125
forecast_0029,2025-01-02 05:00:00,9719.282407109793,12010.025434235595,7850.971902179046
forecast_0030,2025-01-02 06:00:00,8727.796213824287,10846.292795889913,7098.09578781805
forecast_0031,2025-01-02 07:00:00,8647.417153245568,9983.164248400477,6800.492126917448
forecast_0032,2025-01-02 08:00:00,8460.881210946254,9410.557771578298,6735.414003434501
forecast_0033,2025-01-02 09:00:00,7545.41526365487,8739.57073629117,5936.406093072617
forecast_0034,2025-01-02 10:00:00,6033.576799236305,7165.520098437914,4548.075776601362
forecast_0035,2025-01-02 11:00:00,4838.924062863854,5391.06510695661,3284.3469301158784
forecast_0036,2025-01-02 12:00:00,4802.713906386411,5009.078249802844,3006.7787634482315
forecast_0037,2025-01-02 13:00:00,4838.924062863854,4377.174593419871,3006.7787634482315
forecast_0038,2025-01-02 14:00:00,5250.339646030003,4377.174593419871,3365.0556487794775
forecast_0039,2025-01-02 15:00:00,6627.126444796291,5123.179004476808,3811.2953778441765
forecast_0040,2025-01-02 16:00:00,8918.580865098196,7262.423255043142,5797.901109981575
forecast_0041,2025-01-02 17:00:00,9932.943141899581,8789.056461688711,7501.919167260066
forecast_0042,2025-01-02 18:00:00,10509.256500753478,10045.765244834822,8670.186312629072
forecast_0043,2025-01-02 19:00:00,10734.108545753063,10445.975355089115,8740.063525305239
forecast_0044,2025-01-02 20:00:00,10774.686419873118,11291.839015530157,8915.572723537385
forecast_0045,2025-01-02 21:00:00,11181.862395411907,11955.338617995096,9495.257995317232
forecast_0046,2025-01-02 22:00:00,12334.997882776997,12631.775866980086,10508.985831288823
forecast_0047,2025-01-02 23:00:00,12334.997882776997,13372.86990788556,10990.015295109246
forecast_0048,2025-01-03 00:00:00,12307.709500735687,13721.455716963166,11103.33273930515
forecast_0049,2025-01-03 01:00:00,13056.57109267399,13759.152469053717,11273.89962333232
forecast_0050,2025-01-03 02:00:00,13110.804312011722,13979.557420982044,11355.409932272978
forecast_0051,2025-01-03 03:00:00,13125.29052174214,13979.557420982044,11385.5800866524
forecast_0052,2025-01-03 04:00:00,13328.925850132056,13731.964688389546,11636.379039934032
forecast_0053,2025-01-03 05:00:00,13328.925850132056,13589.27442972329,11636.379039934032
forecast_0054,2025-01-03 06:00:00,13324.448122809015,13207.683221399653,11408.832039570998
forecast_0055,2025-01-03 07:00:00,13225.511894001611,13069.94978029164,10840.773139886567
forecast_0056,2025-01-03 08:00:00,13225.511894001611,12982.556109655681,10840.773139886567
forecast_0057,2025-01-03 09:00:00,13225.511894001611,12982.556109655681,10840.773139886567
forecast_0058,2025-01-03 10:00:00,12752.797598966445,11699.228409600397,10223.130502356013
forecast_0059,2025-01-03 11:00:00,12752.797598966445,11459.184750026798,10071.333669493377
forecast_0060,2025-01-03 12:00:00,12888.585062009926,10479.367713006663,9215.789439050412
forecast_0061,2025-01-03 13:00:00,13095.42395260925,10479.367713006663,9215.789439050412
forecast_0062,2025-01-03 14:00:00,13297.162175501515,10661.101250783875,9332.272159363969
forecast_0063,2025-01-03 15:00:00,13614.481722852464,10885.35845305743,9383.357343253974
forecast_0064,2025-01-03 16:00:00,13614.481722852464,11048.58575369845,9383.357343253974
forecast_0065,2025-01-03 17:00:00,13355.688222459767,11048.58575369845,9383.357343253974
forecast_0066,2025-01-03 18:00:00,13175.71860125999,11244.563761952166,9714.956763179029
forecast_0067,2025-01-03 19:00:00,13175.71860125999,12053.211896253557,10376.379712293605
forecast_0068,2025-01-03 20:00:00,14523.302073980249,14148.304991667597,11995.461375082341
forecast_0069,2025-01-03 21:00:00,14523.302073980249,15118.519472095337,12555.356143029217
forecast_0070,2025-01-03 22:00:00,14248.310490692058,15118.519472095337,12835.881812037682
forecast_0071,2025-01-03 23:00:00,14229.322321725896,15031.524301095125,12835.881812037682
forecast_0072,2025-01-04 00:00:00,14184.27716463698,15018.32263688383,12769.319684825854
forecast_0073,2025-01-04 01:00:00,15323.325363155654,15426.643901697742,13242.830452065813
forecast_0074,2025-01-04 02:00:00,15618.234093721376,15649.243841619675,13509.298143602235
forecast_0075,2025-01-04 03:00:00,15618.234093721376,15649.243841619675,13509.298143602235
forecast_0076,2025-01-04 04:00:00,15675.30091836272,15606.43650596771,13079.081799921343
forecast_0077,2025-01-04 05:00:00,16101.707764568408,15593.927408571544,12842.685094274375
forecast_0078,2025-01-04 06:00:00,16236.9621834157,15593.927408571544,12575.39495725973
forecast_0079,2025-01-04 07:00:00,16236.9621834157,15593.927408571544,12568.588281199865
forecast_0080,2025-01-04 08:00:00,15786.375172748254,15525.183023699576,12057.124792962875
forecast_0081,2025-01-04 09:00:00,13598.351338292312,14824.091829902787,11728.562507144237
forecast_0082,2025-01-04 10:00:00,11010.298191343256,12847.223362579562,9898.303108600845
forecast_0083,2025-01-04 11:00:00,10796.532447819702,11707.0618007203,9394.252004089274
forecast_0084,2025-01-04 12:00:00,10660.723046472716,11408.691667408077,9094.552656979764
forecast_0085,2025-01-04 13:00:00,10660.723046472716,11599.85001620807,9394.252004089274
forecast_0086,2025-01-04 14:00:00,11871.606614058404,11408.691667408077,9167.605115894577
forecast_0087,2025-01-04 15:00:00,12521.750375154665,11599.85001620807,9550.546592929022
forecast_0088,2025-01-04 16:00:00,13449.114393778844,11626.36308232577,9989.337734880773
forecast_0089,2025-01-04 17:00:00,13756.162314163048,11667.18267212645,10095.607199172164
forecast_0090,2025-01-04 18:00:00,14892.167962107582,13787.369367003415,12088.055208033744
forecast_0091,2025-01-04 19:00:00,14991.311964132161,14993.9284266488,12152.65753312838
forecast_0092,2025-01-04 20:00:00,15599.747711419901,15566.611785459336,13148.639751702154
forecast_0093,2025-01-04 21:00:00,16199.678650282569,16486.059079403305,14065.71511771069
forecast_0094,2025-01-04 22:00:00,17772.02342575262,16709.833530480857,14962.76338465616
forecast_0095,2025-01-04 23:00:00,19077.336252892972,17257.946363373732,15750.148131182603
forecast_0096,2025-01-05 00:00:00,19237.8511152902,17314.52678372011,16025.644564447899
forecast_0097,2025-01-05 01:00:00,17084.79282720171,16343.21582496541,13130.056323175082
forecast_0098,2025-01-05 02:00:00,17170.81024998622,16302.897756517556,12646.975754255569
forecast_0099,2025-01-05 03:00:00,16812.21719333448,16221.70669755345,12623.318670962828
forecast_0100,2025-01-05 04:00:00,16812.21719333448,16221.70669755345,12510.013682791005
forecast_0101,2025-01-05 05:00:00,14796.551952078673,15798.829764358983,11785.317267371178
forecast_0102,2025-01-05 06:00:00,12719.142047712718,15472.874062211004,11314.438054257675
forecast_0103,2025-01-05 07:00:00,12719.142047712718,15472.874062211004,11314.438054257675
forecast_0104,2025-01-05 08:00:00,13505.015087492917,16597.277563312826,13113.495894943597
forecast_0105,2025-01-05 09:00:00,14359.613853408095,17339.524425662297,14003.828186555202
forecast_0106,2025-01-05 10:00:00,14792.534179784614,17492.94554496935,14861.278596253462
forecast_0107,2025-01-05 11:00:00,17505.4645794228,18140.385495230057,16171.70887374607
forecast_0108,2025-01-05 12:00:00,17505.4645794228,18140.385495230057,16194.83908302818
forecast_0109,2025-01-05 13:00:00,17309.658727888327,17364.49698372533,16194.83908302818
forecast_0110,2025-01-05 14:00:00,14676.976885666289,16334.551581733354,14819.10439963338
forecast_0111,2025-01-05 15:00:00,13748.484143444086,14993.592938149273,13259.464942221595
forecast_0112,2025-01-05 16:00:00,13094.826973137287,14801.112491080356,12528.793794535755
forecast_0113,2025-01-05 17:00:00,12275.426244306995,14175.18553273303,11751.978577018086
forecast_0114,2025-01-05 18:00:00,12275.426244306995,14175.18553273303,11751.978577018086
forecast_0115,2025-01-05 19:00:00,13052.884501342596,13994.912641550287,12306.920159191555
forecast_0116,2025-01-05 20:00:00,13592.252204350376,14100.381445081748,12431.2179702359
forecast_0117,2025-01-05 21:00:00,13592.252204350376,14039.41768275321,12761.033143906167
forecast_0118,2025-01-05 22:00:00,13291.691531308601,14039.41768275321,12761.033143906167
forecast_0119,2025-01-05 23:00:00,12607.30980218528,13035.968402037262,11964.076942707492
forecast_0120,2025-01-06 00:00:00,12306.563359894855,12649.789919843428,11449.67545514123
forecast_0121,2025-01-06 01:00:00,11692.489676139172,11154.522134648138,9336.232256072093
forecast_0122,2025-01-06 02:00:00,11314.068732804937,11139.945049104226,9044.555377926115
forecast_0123,2025-01-06 03:00:00,10620.630321531546,10679.099250244457,8668.3051716687
forecast_0124,2025-01-06 04:00:00,9155.686926486263,10069.308588069514,7798.63047777763
forecast_0125,2025-01-06 05:00:00,7213.014881096711,8197.316360146799,5669.457610923198
forecast_0126,2025-01-06 06:00:00,6208.359675250616,8144.253387590594,5262.834852301993
forecast_0127,2025-01-06 07:00:00,5780.766192884468,7489.142052152111,5134.8634121673895
forecast_0128,2025-01-06 08:00:00,5780.766192884468,6560.70126693137,5079.2395195813
forecast_0129,2025-01-06 09:00:00,5651.508260499802,6560.70126693137,5079.2395195813
forecast_0130,2025-01-06 10:00:00,5651.508260499802,6560.70126693137,5079.2395195813
forecast_0131,2025-01-06 11:00:00,5456.339853935465,6221.533280428555,4654.602727686919
forecast_0132,2025-01-06 12:00:00,5449.475906819191,6091.051345693976,4654.602727686919
forecast_0133,2025-01-06 13:00:00,5449.475906819191,5858.349817335773,4624.911886654474
forecast_0134,2025-01-06 14:00:00,5449.475906819191,6091.051345693976,4904.688470791904
forecast_0135,2025-01-06 15:00:00,6910.233931225601,6221.774939301852,5092.308889594607
forecast_0136,2025-01-06 16:00:00,8547.459242385175,7884.127993090367,6788.313235565451
forecast_0137,2025-01-06 17:00:00,10049.984967921197,9431.901121159804,8162.891898080021
forecast_0138,2025-01-06 18:00:00,12718.398848351131,11167.67656382521,10226.040167028306
forecast_0139,2025-01-06 19:00:00,13791.915262592956,14057.917497549657,11945.93015910644
forecast_0140,2025-01-06 20:00:00,14046.041559412442,14334.031267266386,12436.905202279378
forecast_0141,2025-01-06 21:00:00,14104.607926687098,14336.330606139756,12555.310666725542
forecast_0142,2025-01-06 22:00:00,14726.290802920174,14906.083961280085,13353.20843212153
forecast_0143,2025-01-06 23:00:00,15367.593167306339,15502.130333007062,14027.817115679369
forecast_0144,2025-01-07 00:00:00,15863.433269233643,16267.064443671301,14415.014817952866
forecast_0145,2025-01-07 01:00:00,17786.000179795938,18121.070646184544,16210.3932935985
forecast_0146,2025-01-07 02:00:00,18023.837722411165,18295.330947777988,16350.815997458318
forecast_0147,2025-01-07 03:00:00,18023.837722411165,18295.330947777988,16350.815997458318
forecast_0148,2025-01-07 04:00:00,17465.651535649482,17913.163563760514,15869.21252686522
forecast_0149,2025-01-07 05:00:00,17340.933024358914,17711.03769877719,15513.561470080327
forecast_0150,2025-01-07 06:00:00,17086.524175749095,17494.22817434098,15256.44257917965
forecast_0151,2025-01-07 07:00:00,16748.10405271087,17494.22817434098,14970.844958553065
forecast_0152,2025-01-07 08:00:00,16647.921037030246,17977.71192302116,14839.061055439142
forecast_0153,2025-01-07 09:00:00,16647.921037030246,18235.761514137175,14739.859457792792
forecast_0154,2025-01-07 10:00:00,16898.97340537837,18444.01748715596,14714.909627510866
forecast_0155,2025-01-07 11:00:00,16925.448658983172,18444.01748715596,14503.485129487332
forecast_0156,2025-01-07 12:00:00,16926.279900810958,18349.03898024872,14432.722849178375
forecast_0157,2025-01-07 13:00:00,16925.448658983172,17969.867164315976,14333.994482537084
forecast_0158,2025-01-07 14:00:00,16950.30166756092,17492.76206425504,14120.111139108885
forecast_0159,2025-01-07 15:00:00,16834.76577848587,17036.138713761702,14120.111139108885
forecast_0160,2025-01-07 16:00:00,16882.69007511278,17036.138713761702,14127.283332339579
forecast_0161,2025-01-07 17:00:00,16882.69007511278,17047.23011641433,14333.803569498166
forecast_0162,2025-01-07 18:00:00,17327.7856454297,17827.661348470123,15128.40685054706
forecast_0163,2025-01-07 19:00:00,17524.155357817875,18589.482314766014,15719.23845739075
forecast_0164,2025-01-07 20:00:00,18388.089424143785,18813.364789233514,16506.830639531392
forecast_0165,2025-01-07 21:00:00,18438.087311486142,18894.84252024776,16506.830639531392
forecast_0166,2025-01-07 22:00:00,18438.087311486142,18897.635388970615,16574.055977385957
forecast_0167,2025-01-07 23:00:00,18315.32205096596,18894.84252024776,16501.677131415927
forecast_0168,2025-01-08 00:00:00,17688.76274692113,18693.165527239486,16282.768295201553
forecast_0169,2025-01-08 01:00:00,15834.971251824301,17769.626859485055,15436.621524906011
forecast_0170,2025-01-08 02:00:00,15701.145747167257,17628.10009324661,15265.537588289275
forecast_0171,2025-01-08 03:00:00,15641.736621149084,17233.17260321643,15019.396220760314
forecast_0172,2025-01-08 04:00:00,14900.457992688218,16689.960399907628,14682.772024216178
forecast_0173,2025-01-08 05:00:00,14727.935541881523,16689.960399907628,14216.974393659799
forecast_0174,2025-01-08 06:00:00,14399.138514651833,16782.44183469146,14216.974393659799
forecast_0175,2025-01-08 07:00:00,14399.138514651833,17018.257019738136,14461.37640446897
forecast_0176,2025-01-08 08:00:00,14681.076710635178,17291.498772081868,14863.89522076811
forecast_0177,2025-01-08 09:00:00,14819.693575204383,17291.498772081868,14863.89522076811
forecast_0178,2025-01-08 10:00:00,14875.017053423928,17235.703851204737,14771.11289282484
forecast_0179,2025-01-08 11:00:00,15449.755277114167,17235.703851204737,14771.11289282484
forecast_0180,2025-01-08 12:00:00,15787.791913672356,17200.30430339385,14951.964987548967
forecast_0181,2025-01-08 13:00:00,15787.791913672356,17054.386238381,15131.585565813983
forecast_0182,2025-01-08 14:00:00,15781.013969842024,17054.386238381,14951.964987548967
forecast_0183,2025-01-08 15:00:00,15570.574121374171,17058.24189622924,14864.717631495225
forecast_0184,2025-01-08 16:00:00,15570.574121374171,17058.24189622924,14810.508493507654
forecast_0185,2025-01-08 17:00:00,16180.531438567203,16592.319201357997,14464.170014476296
forecast_0186,2025-01-08 18:00:00,16227.555405178819,15680.828713704599,14464.170014476296
forecast_0187,2025-01-08 19:00:00,16375.662112983577,15680.828713704599,14540.89151523092
forecast_0188,2025-01-08 20:00:00,16375.662112983577,15945.585289176244,14816.990397831234
forecast_0189,2025-01-08 21:00:00,16316.125763806296,16733.003777306956,15190.625710602737
forecast_0190,2025-01-08 22:00:00,16316.125763806296,17121.978026028162,15352.258584073195
forecast_0191,2025-01-08 23:00:00,16316.125763806296,17323.532178049216,15352.258584073195
forecast_0192,2025-01-09 00:00:00,16106.934052113473,17452.58219020992,15390.712741304334
forecast_0193,2025-01-09 01:00:00,15198.661908401915,16946.30347587035,14410.638044542444
forecast_0194,2025-01-09 02:00:00,15201.972952908813,16941.42989463169,14648.02216569331
forecast_0195,2025-01-09 03:00:00,15201.972952908813,16904.367690113624,14648.02216569331
forecast_0196,2025-01-09 04:00:00,14749.093483389988,16904.367690113624,14222.307515655004
forecast_0197,2025-01-09 05:00:00,14462.88382525664,17132.833003500702,13857.263686521293
forecast_0198,2025-01-09 06:00:00,14462.88382525664,17132.833003500702,13728.162189059482
forecast_0199,2025-01-09 07:00:00,14602.415920327272,15584.064133245469,13728.162189059482
forecast_0200,2025-01-09 08:00:00,14728.604894794189,15584.064133245469,13943.302925222086
forecast_0201,2025-01-09 09:00:00,14728.604894794189,16287.319858115969,13943.302925222086
forecast_0202,2025-01-09 10:00:00,14686.835373711761,16457.328145239313,14009.897418105942
forecast_0203,2025-01-09 11:00:00,14656.575489726029,17063.427881165437,13903.6904748157
forecast_0204,2025-01-09 12:00:00,14686.835373711761,17063.427881165437,13903.6904748157
forecast_0205,2025-01-09 13:00:00,14937.312161518375,17149.531881209903,13651.28683440015
forecast_0206,2025-01-09 14:00:00,14937.516525474275,17292.100486440922,13651.28683440015
forecast_0207,2025-01-09 15:00:00,15272.559925498821,17292.100486440922,13581.637302713005
forecast_0208,2025-01-09 16:00:00,15657.482311674228,15934.09229848985,12808.210073776077
forecast_0209,2025-01-09 17:00:00,15657.482311674228,15934.09229848985,12714.79779778021
forecast_0210,2025-01-09 18:00:00,15075.665787519963,15934.09229848985,12590.030905073381
forecast_0211,2025-01-09 19:00:00,13982.341638285248,15575.13681521239,12311.088628268106
forecast_0212,2025-01-09 20:00:00,13982.341638285248,15575.13681521239,12311.088628268106
forecast_0213,2025-01-09 21:00:00,16098.93483674646,17212.92059368544,14389.784887019929
forecast_0214,2025-01-09 22:00:00,18477.006405466575,19642.391555709597,16224.539191478147
forecast_0215,2025-01-09 23:00:00,20653.426898439702,19899.157833552214,17659.431428655123
forecast_0216,2025-01-10 00:00:00,20858.227951926296,20088.335978146628,18126.076267531156
forecast_0217,2025-01-10 01:00:00,14815.95752781951,13039.254040290223,11671.207309774549
forecast_0218,2025-01-10 02:00:00,15324.680516290411,13814.446489247573,12212.744916734542
forecast_0219,2025-01-10 03:00:00,17662.21767469139,16458.502841773836,14088.646064557692
forecast_0220,2025-01-10 04:00:00,18675.934157000822,18125.483935592292,14885.247656754997
forecast_0221,2025-01-10 05:00:00,18675.934157000822,18125.483935592292,14885.247656754997
forecast_0222,2025-01-10 06:00:00,18588.48042206734,17511.962478031324,14509.03958131661
forecast_0223,2025-01-10 07:00:00,16731.221235793575,15745.292326574934,13397.242511245311
forecast_0224,2025-01-10 08:00:00,13707.771613119945,10959.44594504803,9742.881764787546
forecast_0225,2025-01-10 09:00:00,11895.80199701506,8675.787105550868,7873.227591296085
forecast_0226,2025-01-10 10:00:00,7820.340438527666,6447.652551110246,5815.0280166250395
forecast_0227,2025-01-10 11:00:00,5345.984556942233,4081.6288722852187,3848.942537001536
forecast_0228,2025-01-10 12:00:00,4163.875417203591,3844.496382983599,3173.7614760010183
forecast_0229,2025-01-10 13:00:00,3948.492225625304,3844.496382983599,2928.3236209470274
forecast_0230,2025-01-10 14:00:00,3948.492225625304,3920.2676123063675,2928.3236209470274
forecast_0231,2025-01-10 15:00:00,4593.856083724284,4516.991038414364,3864.9429122281826
forecast_0232,2025-01-10 16:00:00,5028.8818529202035,5022.499121550941,4395.427660292451
forecast_0233,2025-01-10 17:00:00,5985.415509607124,5233.760358092322,4697.833963700772
forecast_0234,2025-01-10 18:00:00,7786.291352391257,7005.194341113196,5811.596433177628
forecast_0235,2025-01-10 19:00:00,8763.65656455794,7780.763382745163,6384.944191700306
forecast_0236,2025-01-10 20:00:00,9156.36777767882,8121.642053772234,6778.012696807642
forecast_0237,2025-01-10 21:00:00,9156.36777767882,8347.116834224524,6807.868066174522
forecast_0238,2025-01-10 22:00:00,9236.513240375722,8461.127716870165,7023.005534292466
forecast_0239,2025-01-10 23:00:00,9356.157760700391,8461.194074202056,7420.104666753684
forecast_0240,2025-01-11 00:00:00,9551.851291526793,8681.574756984133,7543.585356453594
forecast_0241,2025-01-11 01:00:00,9352.214306178925,8171.716943405889,7712.877048409522
forecast_0242,2025-01-11 02:00:00,9323.50550826154,8108.3544759839,7597.66121637009
forecast_0243,2025-01-11 03:00:00,9380.92310409631,8235.079410827879,7597.66121637009
forecast_0244,2025-01-11 04:00:00,10174.023884637281,8504.464659842102,7906.1709424269875
forecast_0245,2025-01-11 05:00:00,10174.023884637281,8504.464659842102,7906.1709424269875
forecast_0246,2025-01-11 06:00:00,8715.19394178585,7837.59536833847,6939.419111174508
forecast_0247,2025-01-11 07:00:00,8715.19394178585,7700.971805888294,6727.256370243411
forecast_0248,2025-01-11 08:00:00,8377.62494279618,7452.439695756017,6579.153973715814
forecast_0249,2025-01-11 09:00:00,7977.748337601544,7013.319203161631,6043.088305752641
forecast_0250,2025-01-11 10:00:00,5723.5559363821885,5589.870595857285,4460.254110287708
forecast_0251,2025-01-11 11:00:00,4795.130938866682,4456.107898185379,3584.258116438721
forecast_0252,2025-01-11 12:00:00,3860.8884997194955,3616.370928328753,2658.0766700261156
forecast_0253,2025-01-11 13:00:00,3850.766717993708,3465.126571503396,2625.44516719895
forecast_0254,2025-01-11 14:00:00,3850.766717993708,3465.126571503396,2625.44516719895
forecast_0255,2025-01-11 15:00:00,3949.2119468733763,3610.6218098896425,2799.4521886396637
forecast_0256,2025-01-11 16:00:00,4124.0123985660075,3630.9237252182375,3099.2368866718452
forecast_0257,2025-01-11 17:00:00,4619.635945741906,3823.2421196009,3334.7646250387484
forecast_0258,2025-01-11 18:00:00,6616.050196924338,5817.733412016316,4864.752880515279
forecast_0259,2025-01-11 19:00:00,8701.76338576862,8051.586035978001,6488.559769441163
forecast_0260,2025-01-11 20:00:00,9169.158514397788,8316.85294344218,6998.668729292492
forecast_0261,2025-01-11 21:00:00,9275.925404852489,8430.889270226293,7262.218160764268
forecast_0262,2025-01-11 22:00:00,10303.052677015796,9084.818678681257,8106.459950424953
forecast_0263,2025-01-11 23:00:00,12992.603594690352,11382.43157952886,10176.312663112876
forecast_0264,2025-01-12 00:00:00,13491.114211227157,12083.976042208838,10426.535033963986
forecast_0265,2025-01-12 01:00:00,10028.966355547616,9273.648604646252,7750.226118132372
forecast_0266,2025-01-12 02:00:00,10415.617981311827,10294.08932345749,8009.38097800212
forecast_0267,2025-01-12 03:00:00,12114.621530721979,12011.68295668163,9433.118393687815
forecast_0268,2025-01-12 04:00:00,13185.912226257444,13225.334307058693,9988.631987974508
forecast_0269,2025-01-12 05:00:00,14931.138678543684,14816.252605393805,11512.040796724239
forecast_0270,2025-01-12 06:00:00,15593.22578324054,15757.15291467065,12182.003517503235
forecast_0271,2025-01-12 07:00:00,15605.794114039283,16022.91589865763,12197.297763211785
forecast_0272,2025-01-12 08:00:00,16351.38813341239,16174.454959214387,12279.420533502554
forecast_0273,2025-01-12 09:00:00,16351.38813341239,16174.454959214387,12279.420533502554
forecast_0274,2025-01-12 10:00:00,13500.170816455808,14049.663264657296,10408.397140126574
forecast_0275,2025-01-12 11:00:00,11732.845736859002,13266.106943166964,9797.828526506953
forecast_0276,2025-01-12 12:00:00,9706.706386556876,11332.15773046419,8111.943344146461
forecast_0277,2025-01-12 13:00:00,9706.706386556876,11332.15773046419,8111.943344146461
forecast_0278,2025-01-12 14:00:00,10575.541239411477,12962.39494743415,9965.331115855703
forecast_0279,2025-01-12 15:00:00,10858.898578343953,13018.52704623351,10224.613976946726
forecast_0280,2025-01-12 16:00:00,11772.856680826599,13216.349982125914,10705.666603785321
forecast_0281,2025-01-12 17:00:00,12470.81104612242,14005.449590695374,11409.300375945795
forecast_0282,2025-01-12 18:00:00,13388.353187075794,14571.719134447732,11611.137628030036
forecast_0283,2025-01-12 19:00:00,13840.552095163494,14968.299808709186,11709.02791479179
forecast_0284,2025-01-12 20:00:00,14840.644988376978,16155.373050504859,12467.979189739843
forecast_0285,2025-01-12 21:00:00,15837.131568249879,17566.382239987328,13382.968053512217
forecast_0286,2025-01-12 22:00:00,15837.131568249879,17566.382239987328,13382.968053512217
forecast_0287,2025-01-12 23:00:00,15956.2209586082,17682.127487231723,13603.91828466123
forecast_0288,2025-01-13 00:00:00,16143.810528408181,17420.11246113442,13636.991230374657
forecast_0289,2025-01-13 01:00:00,19253.504671162926,19197.343874151244,16634.93142314494
forecast_0290,2025-01-13 02:00:00,19932.30706317572,19831.456919577417,17397.149622298435
forecast_0291,2025-01-13 03:00:00,20826.99397095895,20561.226529871008,18484.905548664516
forecast_0292,2025-01-13 04:00:00,21218.42042536378,20845.9720339399,19243.26000147445
forecast_0293,2025-01-13 05:00:00,21246.656572273125,20979.03529220044,19339.550415153237
forecast_0294,2025-01-13 06:00:00,21218.42042536378,21071.499537317697,19553.663572666454
forecast_0295,2025-01-13 07:00:00,21191.53589638813,21071.499537317697,19553.663572666454
forecast_0296,2025-01-13 08:00:00,20815.150497086273,20935.122725920726,18963.34306831019
forecast_0297,2025-01-13 09:00:00,19350.61669167763,19955.917717972545,17609.64582946945
forecast_0298,2025-01-13 10:00:00,19350.61669167763,19852.80315933699,17583.06731142925
forecast_0299,2025-01-13 11:00:00,18831.477661634395,19694.828385688998,17537.919341266308
forecast_0300,2025-01-13 12:00:00,15705.564309940146,18045.26179465013,14727.582493515958
forecast_0301,2025-01-13 13:00:00,14447.556867707326,16045.095322647645,13248.25142215902
forecast_0302,2025-01-13 14:00:00,14139.086878290756,15123.290508783883,12395.443771151757
forecast_0303,2025-01-13 15:00:00,14139.086878290756,15123.290508783883,12395.443771151757
forecast_0304,2025-01-13 16:00:00,14337.19178124893,15012.068959549906,12757.783796491762
forecast_0305,2025-01-13 17:00:00,14337.19178124893,14862.864248123333,12757.783796491762
forecast_0306,2025-01-13 18:00:00,14180.236166601355,14486.70094633301,12611.339603308028
forecast_0307,2025-01-13 19:00:00,14180.236166601355,14486.70094633301,12611.339603308028
forecast_0308,2025-01-13 20:00:00,15653.769391567734,16873.21137013337,15038.602430498091
forecast_0309,2025-01-13 21:00:00,15681.807467131763,17830.134240585605,15659.59001010966
forecast_0310,2025-01-13 22:00:00,16698.5777531129,18147.769770896506,16327.884377652163
forecast_0311,2025-01-13 23:00:00,17504.226360163237,18644.051717245457,17182.624270747838
forecast_0312,2025-01-14 00:00:00,18056.891796193613,18806.68514287169,17488.5976687391
forecast_0313,2025-01-14 01:00:00,17756.010381371674,18701.066008076185,17230.82904701735
forecast_0314,2025-01-14 02:00:00,17769.56158008032,18680.278475824074,17336.464557259722
forecast_0315,2025-01-14 03:00:00,17842.80010397963,18349.806503763644,17446.40513080843
forecast_0316,2025-01-14 04:00:00,17941.974391076503,18349.806503763644,17670.30211384127
forecast_0317,2025-01-14 05:00:00,18148.185042178327,18887.20145478502,18098.17293011619
forecast_0318,2025-01-14 06:00:00,18148.185042178327,19032.971141763668,18220.547463810995
forecast_0319,2025-01-14 07:00:00,18145.71746970129,18965.527174767696,18098.17293011619
forecast_0320,2025-01-14 08:00:00,18144.75616171489,18965.527174767696,17662.448502003863
forecast_0321,2025-01-14 09:00:00,17294.185320294837,18366.888348860535,16880.332875024273
forecast_0322,2025-01-14 10:00:00,16714.629003582224,18262.214786556993,16521.937989644255
forecast_0323,2025-01-14 11:00:00,15285.406288780256,16115.188809354537,14939.789813460873
forecast_0324,2025-01-14 12:00:00,14657.817809124012,15325.61914951103,13961.581888006996
forecast_0325,2025-01-14 13:00:00,13988.045887203063,14392.713451399992,12383.981087471373
forecast_0326,2025-01-14 14:00:00,13763.999026230125,13838.277277928917,11932.165539469572
forecast_0327,2025-01-14 15:00:00,13219.976964526522,12782.200066305137,11201.928330699346
forecast_0328,2025-01-14 16:00:00,12977.163140010456,12527.518287878995,10977.751913320644
forecast_0329,2025-01-14 17:00:00,12738.21799807795,12527.518287878995,10977.751913320644
forecast_0330,2025-01-14 18:00:00,12738.21799807795,12543.128176336952,11380.822114216988
forecast_0331,2025-01-14 19:00:00,12748.282363776296,12614.997256593473,11380.822114216988
forecast_0332,2025-01-14 20:00:00,12748.282363776296,12933.635854596796,11292.149979652415
forecast_0333,2025-01-14 21:00:00,12783.37366201416,13138.958003662045,11292.149979652415
forecast_0334,2025-01-14 22:00:00,13653.377489250142,13700.874452046146,12540.460963438207
forecast_0335,2025-01-14 23:00:00,14126.24438263457,14710.555367275052,12540.460963438207
forecast_0336,2025-01-15 00:00:00,14272.070050437447,14737.313971870182,12539.956324001141
forecast_0337,2025-01-15 01:00:00,14142.608477913278,13708.783959653972,11382.634923852327
forecast_0338,2025-01-15 02:00:00,13792.035397146825,13174.256408539934,10877.57897548371
forecast_0339,2025-01-15 03:00:00,13231.100986916168,12326.366574562955,10375.85093304501
forecast_0340,2025-01-15 04:00:00,13231.100986916168,11899.261429989936,9765.553218314255
forecast_0341,2025-01-15 05:00:00,13240.094783918916,11899.261429989936,9765.553218314255
forecast_0342,2025-01-15 06:00:00,13763.885635929048,12560.652569801137,10543.279680244665
forecast_0343,2025-01-15 07:00:00,13846.055863947471,14038.37416842766,11722.351051264674
forecast_0344,2025-01-15 08:00:00,13890.436610822235,14413.938261963602,12151.915567824322
forecast_0345,2025-01-15 09:00:00,13846.055863947471,14413.938261963602,12151.915567824322
forecast_0346,2025-01-15 10:00:00,13890.436610822235,14588.218158309228,12210.162954369971
forecast_0347,2025-01-15 11:00:00,13831.281111954382,13686.128860828483,11904.20029649942
forecast_0348,2025-01-15 12:00:00,13638.885852514451,13635.715845639987,10816.583816765306
forecast_0349,2025-01-15 13:00:00,12460.06011066658,11235.308121253476,9634.324347607315
forecast_0350,2025-01-15 14:00:00,11542.903393703053,10923.51744778137,8936.379040192487
forecast_0351,2025-01-15 15:00:00,11542.903393703053,10923.51744778137,8936.379040192487
forecast_0352,2025-01-15 16:00:00,12411.850920229337,11858.935060929256,9566.001181726644
forecast_0353,2025-01-15 17:00:00,12835.053191602618,12812.935353496754,10466.091324446836
forecast_0354,2025-01-15 18:00:00,13749.14528062737,14692.685435598702,11940.492158627487
forecast_0355,2025-01-15 19:00:00,14122.754106565968,15812.196350629998,13502.175461166002
forecast_0356,2025-01-15 20:00:00,14919.440330137199,16268.46868555597,14236.760757471637
forecast_0357,2025-01-15 21:00:00,16014.180114541732,17519.55331589615,15012.82208146837
forecast_0358,2025-01-15 22:00:00,17628.010648304044,19141.04700097273,16308.173688577399
forecast_0359,2025-01-15 23:00:00,18986.00783048977,20267.981844987586,17814.3456618824
forecast_0360,2025-01-16 00:00:00,19061.47580956739,20290.582258859657,17869.080512675024
forecast_0361,2025-01-16 01:00:00,18383.927593429304,19219.96855824774,16392.65392187186
forecast_0362,2025-01-16 02:00:00,18712.266842103178,19285.060981974657,16792.400494819405
forecast_0363,2025-01-16 03:00:00,19555.739358341365,20315.479313880234,18315.461592158463
forecast_0364,2025-01-16 04:00:00,19573.542559483423,20531.46398792419,18362.74849176929
forecast_0365,2025-01-16 05:00:00,20042.537664630014,20590.859216129953,18478.272129328245
forecast_0366,2025-01-16 06:00:00,20097.914932187865,20801.64173328974,18643.623895485114
forecast_0367,2025-01-16 07:00:00,20285.238361688193,20760.561168753462,18679.180728562955
forecast_0368,2025-01-16 08:00:00,20285.238361688193,20760.561168753462,18679.180728562955
forecast_0369,2025-01-16 09:00:00,20227.719239861864,20564.621210112662,18435.544276975234
forecast_0370,2025-01-16 10:00:00,19852.674403217876,20216.70577351588,18018.20177044959
forecast_0371,2025-01-16 11:00:00,19717.096492923807,19906.757117329267,17647.687645995684
forecast_0372,2025-01-16 12:00:00,19255.87295955536,19339.049225425963,16700.568602071275
forecast_0373,2025-01-16 13:00:00,17998.780442949013,18986.915737988515,15624.777079593101
forecast_0374,2025-01-16 14:00:00,17029.70586454616,18062.341396916036,14791.515191635317
forecast_0375,2025-01-16 15:00:00,17029.70586454616,17707.89650115404,14791.515191635317
forecast_0376,2025-01-16 16:00:00,17102.308784648434,17707.89650115404,14827.720312204285
forecast_0377,2025-01-16 17:00:00,17149.548114722133,17767.99945115171,15573.37502793978
forecast_0378,2025-01-16 18:00:00,17149.548114722133,17767.99945115171,15573.37502793978
forecast_0379,2025-01-16 19:00:00,16919.185109382724,17101.35668003522,14924.600805948272
forecast_0380,2025-01-16 20:00:00,13509.002981142174,14152.104404271926,11931.23755669475
forecast_0381,2025-01-16 21:00:00,11571.508638962863,13160.512271836935,10135.609050323312
forecast_0382,2025-01-16 22:00:00,10577.042698120626,12186.33925826265,9874.19968585396
forecast_0383,2025-01-16 23:00:00,8239.626874029826,9279.299625567442,7475.655414173663
forecast_0384,2025-01-17 00:00:00,7361.870523545806,8431.10747543112,6798.981253181583
forecast_0385,2025-01-17 01:00:00,4307.711439641483,4693.216644532368,3863.7311899513993
forecast_0386,2025-01-17 02:00:00,4112.348793822664,4143.269765673811,3631.158913850977
forecast_0387,2025-01-17 03:00:00,3826.305578506426,3806.51250809995,3123.1172201472955
forecast_0388,2025-01-17 04:00:00,3749.338186777275,3708.3890356695338,3123.1172201472955
forecast_0389,2025-01-17 05:00:00,3688.238004396012,3701.475129221131,3059.05620492656
forecast_0390,2025-01-17 06:00:00,3589.348036398127,3542.6165663841257,2989.4490785411404
forecast_0391,2025-01-17 07:00:00,3589.348036398127,3542.6165663841257,2989.4490785411404
forecast_0392,2025-01-17 08:00:00,4048.0286234349737,4248.117592499895,3382.516457066966
forecast_0393,2025-01-17 09:00:00,4048.0286234349737,4248.117592499895,3382.516457066966
forecast_0394,2025-01-17 10:00:00,3895.985300328522,4056.159481349935,3248.076774028411
forecast_0395,2025-01-17 11:00:00,3895.985300328522,3876.4868250304125,3099.0925941210635
forecast_0396,2025-01-17 12:00:00,3883.431591153272,3494.1313755168717,2946.2160049716176
forecast_0397,2025-01-17 13:00:00,3904.226844505365,3494.1313755168717,2946.2160049716176
forecast_0398,2025-01-17 14:00:00,4123.811422318303,3723.884615560752,2939.8429748374465
forecast_0399,2025-01-17 15:00:00,4242.391765627075,3796.6536500728116,3069.0163055553267
forecast_0400,2025-01-17 16:00:00,4774.5261317189825,4737.547311697972,3731.51273543959
forecast_0401,2025-01-17 17:00:00,5288.126760612288,6148.390373875881,4936.462522294646
forecast_0402,2025-01-17 18:00:00,7743.309043266429,8086.40728025192,6335.315892306794
forecast_0403,2025-01-17 19:00:00,9383.135337901693,9683.911328690281,7630.51837433923
forecast_0404,2025-01-17 20:00:00,11676.018213260435,11013.186767662968,8967.63693381517
forecast_0405,2025-01-17 21:00:00,13327.8817289358,12797.817936508887,10184.280839841926
forecast_0406,2025-01-17 22:00:00,14105.694679070684,13634.219270515208,11466.39983938219
forecast_0407,2025-01-17 23:00:00,14628.481204371397,13939.633330262932,11497.621951259352
forecast_0408,2025-01-18 00:00:00,15288.642290700483,13786.92630038907,12085.539829726244
forecast_0409,2025-01-18 01:00:00,14286.198143640542,13313.933342200222,10741.316384764836
forecast_0410,2025-01-18 02:00:00,14709.952961555795,13416.264133314271,10967.211492609802
forecast_0411,2025-01-18 03:00:00,16081.765574362105,14820.963286950011,11659.725609163334
forecast_0412,2025-01-18 04:00:00,17552.593115552496,15419.557959929703,12984.455263928427
forecast_0413,2025-01-18 05:00:00,17552.593115552496,15419.557959929703,12984.455263928427
forecast_0414,2025-01-18 06:00:00,16047.495073341615,14277.605434120951,11677.730329804976
forecast_0415,2025-01-18 07:00:00,15543.667060601694,13414.186860704514,11145.17949526288
forecast_0416,2025-01-18 08:00:00,12854.727857912603,9580.73621812688,7541.819844673102
forecast_0417,2025-01-18 09:00:00,6923.585393943368,5309.266381387096,4513.940441997547
forecast_0418,2025-01-18 10:00:00,5286.273653378072,4266.85435229191,3520.016909832661
forecast_0419,2025-01-18 11:00:00,5286.273653378072,4266.85435229191,3520.016909832661
forecast_0420,2025-01-18 12:00:00,4944.88013434876,4266.85435229191,3152.6444811409065
forecast_0421,2025-01-18 13:00:00,4944.88013434876,4124.396196809773,3152.6444811409065
forecast_0422,2025-01-18 14:00:00,4631.655794252777,3756.5358196799975,3114.961228111688
forecast_0423,2025-01-18 15:00:00,4631.655794252777,3756.5358196799975,3114.961228111688
forecast_0424,2025-01-18 16:00:00,5277.664028818807,4401.379978855807,3371.3102575524463
forecast_0425,2025-01-18 17:00:00,8274.824155652028,8387.642916143917,6195.659592703403
forecast_0426,2025-01-18 18:00:00,14937.511027572953,13248.465362030383,11062.35770648082
forecast_0427,2025-01-18 19:00:00,17161.192241882025,15732.754009907312,13566.503533879819
forecast_0428,2025-01-18 20:00:00,18270.022163449335,17084.02655901799,14613.914136286327
forecast_0429,2025-01-18 21:00:00,18907.04031619128,18140.671696954516,15497.344100468019
forecast_0430,2025-01-18 22:00:00,18907.04031619128,18234.051581013853,15729.363846392525
forecast_0431,2025-01-18 23:00:00,18613.142531439356,18234.051581013853,15729.363846392525
forecast_0432,2025-01-19 00:00:00,18525.138379657714,17847.640717259932,15456.09498551882
forecast_0433,2025-01-19 01:00:00,18207.563842441574,16948.56618289722,14922.265111588036
forecast_0434,2025-01-19 02:00:00,18347.678593295037,16989.90201441634,14997.102646483127
forecast_0435,2025-01-19 03:00:00,19800.03777404596,18766.936084930487,15767.412560577406
forecast_0436,2025-01-19 04:00:00,20889.35722142907,19455.970856023596,16689.62980647698
forecast_0437,2025-01-19 05:00:00,20889.35722142907,19517.684141607348,16689.62980647698
forecast_0438,2025-01-19 06:00:00,20889.35722142907,19517.684141607348,16516.060974807668
forecast_0439,2025-01-19 07:00:00,20807.14673670148,19506.24295370241,16501.578988613386
forecast_0440,2025-01-19 08:00:00,20786.573341062933,18844.661489903534,16120.274800666413
forecast_0441,2025-01-19 09:00:00,19554.59385702665,18247.802854522375,14817.14735783532
forecast_0442,2025-01-19 10:00:00,16198.79717963749,16872.105932653776,12876.225691180312
forecast_0443,2025-01-19 11:00:00,13147.959338964742,14945.205920939905,11318.512228900105
forecast_0444,2025-01-19 12:00:00,10633.499940743803,12135.27173949493,8190.416522454989
forecast_0445,2025-01-19 13:00:00,10089.903797592748,10628.231646036013,7889.298094607091
forecast_0446,2025-01-19 14:00:00,8992.064502925316,8815.274912906854,6187.6665236201225
forecast_0447,2025-01-19 15:00:00,8178.577531164812,7841.649021369351,5882.258457297807
forecast_0448,2025-01-19 16:00:00,8178.577531164812,7841.649021369351,5882.258457297807
forecast_0449,2025-01-19 17:00:00,9311.24951794965,8398.122510447025,6560.381130806258
forecast_0450,2025-01-19 18:00:00,11403.04739201234,9280.853642295613,7155.719513328739
forecast_0451,2025-01-19 19:00:00,12139.070441228638,10583.269620348266,8064.286694353842
forecast_0452,2025-01-19 20:00:00,12470.66126200677,10882.715537541002,8339.378657164878
forecast_0453,2025-01-19 21:00:00,12470.66126200677,11187.961219835282,8364.424433565404
forecast_0454,2025-01-19 22:00:00,13213.051359232368,13364.495978124813,10196.617250073195
forecast_0455,2025-01-19 23:00:00,13213.051359232368,13364.495978124813,10196.617250073195
forecast_0456,2025-01-20 00:00:00,12725.593393273248,13607.458188328645,10376.7967490203
forecast_0457,2025-01-20 01:00:00,9990.43706263673,9344.599248403347,6974.815695523161
forecast_0458,2025-01-20 02:00:00,9296.970186058255,8966.97029889376,6696.271055972088
forecast_0459,2025-01-20 03:00:00,7287.95018092519,6884.065021354533,5510.987306741905
forecast_0460,2025-01-20 04:00:00,5523.366950939802,5678.194282556057,4567.481755784385
forecast_0461,2025-01-20 05:00:00,4726.127566122304,4770.023528039336,3885.5699901395924
forecast_0462,2025-01-20 06:00:00,4100.283383552181,3902.987550236453,3356.986964507772
forecast_0463,2025-01-20 07:00:00,3320.8373809502036,3658.1457078979233,2938.4827648186183
forecast_0464,2025-01-20 08:00:00,3235.8400812252785,3412.3224086354976,2915.420576435367
forecast_0465,2025-01-20 09:00:00,3057.58636203432,3284.103868089899,2619.7468142868165
forecast_0466,2025-01-20 10:00:00,2724.384012078832,3121.4849896614787,2399.9989905905254
forecast_0467,2025-01-20 11:00:00,2724.384012078832,3049.3540795798817,2399.9989905905254
forecast_0468,2025-01-20 12:00:00,2973.8438348982363,3049.3540795798817,2455.742602606913
forecast_0469,2025-01-20 13:00:00,2973.8438348982363,3049.3540795798817,2455.742602606913
forecast_0470,2025-01-20 14:00:00,2916.894870392175,2716.908756119088,2352.567921388603
forecast_0471,2025-01-20 15:00:00,2889.939685824961,2688.019057342453,2244.5927003407555
forecast_0472,2025-01-20 16:00:00,2877.3844081329235,2673.461338170392,2244.5927003407555
forecast_0473,2025-01-20 17:00:00,2746.878463090293,2673.461338170392,2399.147079255527
forecast_0474,2025-01-20 18:00:00,2746.878463090293,2779.632834674825,2468.477776365552
forecast_0475,2025-01-20 19:00:00,2866.773821316029,2798.609194168705,2660.03775505211
forecast_0476,2025-01-20 20:00:00,3614.4744268929753,3898.258643970743,3273.1039776744574
forecast_0477,2025-01-20 21:00:00,3831.8422575504987,3927.5437347539373,3274.1381922558203
forecast_0478,2025-01-20 22:00:00,4324.047733716233,4156.660970351087,3800.577574096341
forecast_0479,2025-01-20 23:00:00,4324.047733716233,4230.974925037894,3800.577574096341
forecast_0480,2025-01-21 00:00:00,4143.712114343196,4193.81794769449,3574.7388692252775
forecast_0481,2025-01-21 01:00:00,4419.286465893534,4279.209674892632,3473.130829898417
forecast_0482,2025-01-21 02:00:00,4426.3852339646555,4455.220418975083,3479.2129277916615
forecast_0483,2025-01-21 03:00:00,4511.774832239783,4315.266959778969,3482.7828224004616
forecast_0484,2025-01-21 04:00:00,4629.562151302789,4315.266959778969,3550.648056660877
forecast_0485,2025-01-21 05:00:00,4648.2093311323815,4315.266959778969,3550.648056660877
forecast_0486,2025-01-21 06:00:00,4648.2093311323815,4321.692197545775,3823.20948875265
forecast_0487,2025-01-21 07:00:00,4589.535997827121,4321.692197545775,3823.20948875265
forecast_0488,2025-01-21 08:00:00,4388.557231226285,4071.3061527245045,3494.204164052332
forecast_0489,2025-01-21 09:00:00,4304.221471462423,3983.320883448526,3468.621057700172
forecast_0490,2025-01-21 10:00:00,4239.323090395805,3983.320883448526,3158.133022187918
forecast_0491,2025-01-21 11:00:00,4207.107121392162,3857.6590172767374,3048.693485064553
forecast_0492,2025-01-21 12:00:00,4105.70072417732,3821.7821196972195,2723.4653375104435
forecast_0493,2025-01-21 13:00:00,4105.70072417732,3821.7821196972195,2723.4653375104435
forecast_0494,2025-01-21 14:00:00,4109.187286243178,3907.220379568605,2755.314646011207
forecast_0495,2025-01-21 15:00:00,4803.628141800338,4842.40732469342,3391.040406133239
forecast_0496,2025-01-21 16:00:00,5005.844182553537,5124.920173571634,3622.773645159774
forecast_0497,2025-01-21 17:00:00,5137.402250659951,5818.89125428165,4227.57751443012
forecast_0498,2025-01-21 18:00:00,6192.71497159127,7806.856109747372,5697.648386412032
forecast_0499,2025-01-21 19:00:00,10119.251411160303,11929.37372759292,8603.299976863143
forecast_0500,2025-01-21 20:00:00,11157.995685073442,13464.714852264035,9377.604041603088
forecast_0501,2025-01-21 21:00:00,12836.235716318584,14511.149970464781,10314.267683398757
forecast_0502,2025-01-21 22:00:00,13030.06987739323,14881.871739950153,11106.136406093465
forecast_0503,2025-01-21 23:00:00,13030.06987739323,14881.871739950153,11106.136406093465
forecast_0504,2025-01-22 00:00:00,12786.574606294826,15146.033119097508,11000.551130010304
forecast_0505,2025-01-22 01:00:00,10778.091229914224,13641.276230484484,9691.144854362617
forecast_0506,2025-01-22 02:00:00,11811.253862911179,14623.476892464114,10390.010224546199
forecast_0507,2025-01-22 03:00:00,12358.51473285816,14966.09019219329,10778.547981058635
forecast_0508,2025-01-22 04:00:00,12561.922897551245,14996.089880172447,11713.993926879437
forecast_0509,2025-01-22 05:00:00,13218.005594653365,15035.251614268365,11933.866218852969
forecast_0510,2025-01-22 06:00:00,13521.105243896087,15728.546549610348,12376.975978220104
forecast_0511,2025-01-22 07:00:00,14642.350368083098,16200.560717310484,13567.462288077564
forecast_0512,2025-01-22 08:00:00,14642.350368083098,16200.560717310484,13567.462288077564
forecast_0513,2025-01-22 09:00:00,13240.160224024863,15479.597492515148,12306.325725216157
forecast_0514,2025-01-22 10:00:00,13155.630307239202,14189.526453077167,11225.451918050534
forecast_0515,2025-01-22 11:00:00,12804.21836302982,13413.58653671977,10604.038857394651
forecast_0516,2025-01-22 12:00:00,10702.015363633735,10736.752378535115,8532.341301924567
forecast_0517,2025-01-22 13:00:00,8281.429699526172,9654.613444395767,7151.505556330316
forecast_0518,2025-01-22 14:00:00,7433.548708153066,7001.037124373496,5742.565213478828
forecast_0519,2025-01-22 15:00:00,6386.064799636823,6623.1126207710095,5020.486282595964
forecast_0520,2025-01-22 16:00:00,6386.064799636823,6623.1126207710095,5020.486282595964
forecast_0521,2025-01-22 17:00:00,6775.968105861129,9137.152190000961,6294.017638557322
forecast_0522,2025-01-22 18:00:00,8127.576603355519,10066.36419605528,6929.635396824484
forecast_0523,2025-01-22 19:00:00,9508.059969465718,11406.450703488978,7695.32422354306
forecast_0524,2025-01-22 20:00:00,9561.37358015996,12122.182619844127,7743.502807536706
forecast_0525,2025-01-22 21:00:00,9561.37358015996,12543.898774302557,7764.764073148906
forecast_0526,2025-01-22 22:00:00,10616.644459113713,12943.368733673917,8429.467989520905
forecast_0527,2025-01-22 23:00:00,10675.871321870405,13063.16814399517,8475.712597535903
forecast_0528,2025-01-23 00:00:00,10783.446075074196,13195.328578536055,8587.653725292676
forecast_0529,2025-01-23 01:00:00,13577.633529365212,15542.455618649195,11099.073013221336
forecast_0530,2025-01-23 02:00:00,13444.156628292802,15348.086654193668,11006.266248223918
forecast_0531,2025-01-23 03:00:00,13283.858107934282,15346.390775303047,10927.817433965412
forecast_0532,2025-01-23 04:00:00,12583.065205233364,14966.218481039154,10015.105116585997
forecast_0533,2025-01-23 05:00:00,11825.894977023348,14071.36167557729,8935.939773432307
forecast_0534,2025-01-23 06:00:00,10529.775063549903,13352.488691474218,8282.228679869311
forecast_0535,2025-01-23 07:00:00,10057.203208425055,12676.515422273245,8151.849403481316
forecast_0536,2025-01-23 08:00:00,8986.41187347725,11847.713189419264,7039.78549775349
forecast_0537,2025-01-23 09:00:00,7157.0989489521735,9541.772740428543,5813.180827993348
forecast_0538,2025-01-23 10:00:00,5718.0224628660235,8006.00071534529,5292.053210142145
forecast_0539,2025-01-23 11:00:00,4943.684315287858,6086.670116016945,4410.809756807464
forecast_0540,2025-01-23 12:00:00,4008.6764948274104,4077.2565920818342,2821.055265642307
forecast_0541,2025-01-23 13:00:00,3971.767462517345,3854.2890622615123,2765.37974591648
forecast_0542,2025-01-23 14:00:00,3787.5117483156346,3402.1396981086277,2541.221910030775
forecast_0543,2025-01-23 15:00:00,3686.3121589577813,3237.3641090890987,2541.221910030775
forecast_0544,2025-01-23 16:00:00,3656.2776254266946,3175.2251128538883,2541.221910030775
forecast_0545,2025-01-23 17:00:00,3686.3121589577813,3049.1878725982606,2640.771312271675
forecast_0546,2025-01-23 18:00:00,3686.328314765381,3049.1878725982606,2661.0907779120444
forecast_0547,2025-01-23 19:00:00,4344.175696550511,3790.493040745202,3093.480252170471
forecast_0548,2025-01-23 20:00:00,4472.423781812542,4481.550709295187,3347.626202078658
forecast_0549,2025-01-23 21:00:00,4665.787844308047,4481.550709295187,3471.218426164106
forecast_0550,2025-01-23 22:00:00,4777.810033980828,4522.333522159914,3629.698381925028
forecast_0551,2025-01-23 23:00:00,4777.810033980828,4477.984730467554,3629.698381925028
forecast_0552,2025-01-24 00:00:00,4574.002663058481,4573.049259907117,3476.374366149613
forecast_0553,2025-01-24 01:00:00,3448.1265738714064,3225.3150397436975,2557.7516302893378
forecast_0554,2025-01-24 02:00:00,3337.9552890151263,3051.031559287782,2413.5135250169706
forecast_0555,2025-01-24 03:00:00,3308.9819249179036,2613.809777336528,2087.8400352029303
forecast_0556,2025-01-24 04:00:00,2866.6713324329257,2427.799731069446,1920.2932859423872
forecast_0557,2025-01-24 05:00:00,2518.343867925244,2405.7820052261604,1820.8660557813782
forecast_0558,2025-01-24 06:00:00,2349.87649223044,2273.453792856347,1820.8660557813782
forecast_0559,2025-01-24 07:00:00,2349.87649223044,2251.6891839103164,1805.935300832205
forecast_0560,2025-01-24 08:00:00,2417.001495344837,2251.6891839103164,1892.517067267956
forecast_0561,2025-01-24 09:00:00,2417.001495344837,2307.4029237299474,1847.0474656761646
forecast_0562,2025-01-24 10:00:00,2288.6870429143974,2307.4029237299474,1851.0386155961135
forecast_0563,2025-01-24 11:00:00,2288.6870429143974,2331.3205092728385,1847.0474656761646
forecast_0564,2025-01-24 12:00:00,2399.4486873776277,2331.47794116573,1851.0386155961135
forecast_0565,2025-01-24 13:00:00,2434.130729648049,2464.2500885206473,1857.9712653402712
forecast_0566,2025-01-24 14:00:00,2515.155721614714,2571.018765032768,2031.6804070162216
forecast_0567,2025-01-24 15:00:00,2797.8349916126463,2636.9205277442243,2092.22429328047
forecast_0568,2025-01-24 16:00:00,2797.8349916126463,2949.5261308795807,2268.0678264270746
forecast_0569,2025-01-24 17:00:00,2951.4110082438556,3084.0646674997397,2410.4526296199715
forecast_0570,2025-01-24 18:00:00,2951.4110082438556,3420.5618751864513,2777.891615844078
forecast_0571,2025-01-24 19:00:00,3241.4648568001885,3834.308366175379,3093.7286892991224
forecast_0572,2025-01-24 20:00:00,3807.020862999694,4288.296992909938,3495.141635204738
forecast_0573,2025-01-24 21:00:00,3813.1731462075427,4830.602390253343,3848.8252730758604
forecast_0574,2025-01-24 22:00:00,4169.277836023084,5082.423255788306,4095.7972044350327
forecast_0575,2025-01-24 23:00:00,4351.839164985117,5687.014345467078,4258.008910111613
forecast_0576,2025-01-25 00:00:00,4612.8173327744635,6382.53492875517,4699.062463116366
forecast_0577,2025-01-25 01:00:00,4322.79606578026,5889.822444408081,4422.898986013891
forecast_0578,2025-01-25 02:00:00,4535.304942966651,6796.569646770235,5090.37227767591
forecast_0579,2025-01-25 03:00:00,4535.304942966651,7360.0929172661345,5127.206099209509
forecast_0580,2025-01-25 04:00:00,4535.304942966651,7469.367047163689,5396.691268474324
forecast_0581,2025-01-25 05:00:00,4438.182652590462,7469.367047163689,5396.691268474324
forecast_0582,2025-01-25 06:00:00,4544.379204595694,6676.740417223395,4903.924580989102
forecast_0583,2025-01-25 07:00:00,4654.005863547226,6676.740417223395,4903.924580989102
forecast_0584,2025-01-25 08:00:00,4654.005863547226,6676.740417223395,4903.924580989102
forecast_0585,2025-01-25 09:00:00,4227.849151029605,6359.374928042571,4346.2157251329845
forecast_0586,2025-01-25 10:00:00,4227.849151029605,5561.655132861819,4113.414666113602
forecast_0587,2025-01-25 11:00:00,4227.664742675501,5162.353071841345,4086.7459205853415
forecast_0588,2025-01-25 12:00:00,4033.993280567769,4667.830328506377,3960.6525107957486
forecast_0589,2025-01-25 13:00:00,3531.7999453197326,4316.023042256571,3601.2341594448662
forecast_0590,2025-01-25 14:00:00,3525.991135002744,4093.0970719819597,3544.5478524953405
forecast_0591,2025-01-25 15:00:00,3425.350236140801,3871.3584063789003,3201.5461819997718
forecast_0592,2025-01-25 16:00:00,3425.350236140801,3871.3584063789003,3201.5461819997718
forecast_0593,2025-01-25 17:00:00,3629.2549966468396,4437.948502565259,3264.407858314329
forecast_0594,2025-01-25 18:00:00,3933.7929152318884,4710.026001803745,3398.529674999534
forecast_0595,2025-01-25 19:00:00,4029.3466942975797,5021.98664863687,3453.6338346442835
forecast_0596,2025-01-25 20:00:00,4301.825503918331,5199.032300940736,3557.797398341706
forecast_0597,2025-01-25 21:00:00,4587.7580665599,6638.845655280456,4782.94376638589
forecast_0598,2025-01-25 22:00:00,5677.762410326829,8096.744018754169,6242.84767203344
forecast_0599,2025-01-25 23:00:00,5782.842918163709,8101.455012192511,6554.059349195712
forecast_0600,2025-01-26 00:00:00,5826.750835302813,8629.328946753385,6896.283274946736
forecast_0601,2025-01-26 01:00:00,5445.289463880208,8359.352618896126,6323.106328259199
forecast_0602,2025-01-26 02:00:00,5248.92475700451,8201.68024758111,6203.090610207968
forecast_0603,2025-01-26 03:00:00,4800.973239698102,7055.10653010585,5341.575330075004
forecast_0604,2025-01-26 04:00:00,4179.688799238809,4942.780116569519,3804.1157723214897
forecast_0605,2025-01-26 05:00:00,3918.3397866858113,4618.210189571073,3281.2188370873664
forecast_0606,2025-01-26 06:00:00,3681.8353438255854,4024.957571116747,3095.9778465410855
forecast_0607,2025-01-26 07:00:00,3491.1760689701105,3741.5911128397956,3028.86377918828
forecast_0608,2025-01-26 08:00:00,3331.286217019472,3740.111850649907,3012.981937710283
forecast_0609,2025-01-26 09:00:00,2908.902957078735,3565.2101694335797,2709.3453209122263
forecast_0610,2025-01-26 10:00:00,2542.7693652740054,3109.3213864653003,2403.8246869000277
forecast_0611,2025-01-26 11:00:00,2385.00632860099,2719.684121254417,2220.7104537641226
forecast_0612,2025-01-26 12:00:00,2341.567505686813,2657.100082716547,2200.5348649922717
forecast_0613,2025-01-26 13:00:00,2293.272789968245,2562.413959282155,2200.5348649922717
forecast_0614,2025-01-26 14:00:00,2293.272789968245,2430.9150368475803,2200.5348649922717
forecast_0615,2025-01-26 15:00:00,2366.1473391379404,2273.383009704664,2188.236857246852
forecast_0616,2025-01-26 16:00:00,2394.8672586168495,2087.700705842344,2249.6677505031716
forecast_0617,2025-01-26 17:00:00,2455.0841790786662,2087.700705842344,2249.6677505031716
forecast_0618,2025-01-26 18:00:00,2504.468609954144,2328.694181219217,2355.7216844899417
forecast_0619,2025-01-26 19:00:00,2682.8839569489583,2328.694181219217,2355.7216844899417
forecast_0620,2025-01-26 20:00:00,2739.911590741176,2509.791147904969,2370.451790733095
forecast_0621,2025-01-26 21:00:00,3413.473539606419,3067.6229535504854,2683.492040170453
forecast_0622,2025-01-26 22:00:00,3692.563513967487,3508.3250037868756,2774.5870097073293
forecast_0623,2025-01-26 23:00:00,3692.563513967487,3550.7826716636514,2774.5870097073293
forecast_0624,2025-01-27 00:00:00,3677.4640504989266,3529.5538377252633,2740.9079622860036
forecast_0625,2025-01-27 01:00:00,3426.860997464867,3173.4541402552004,2513.7069202741204
forecast_0626,2025-01-27 02:00:00,3422.2852199702675,3285.6749582367347,2531.6580499690526
forecast_0627,2025-01-27 03:00:00,3422.2852199702675,3478.804284975082,2531.6580499690526
forecast_0628,2025-01-27 04:00:00,3480.866283718132,3511.6717573133124,2531.6580499690526
forecast_0629,2025-01-27 05:00:00,3686.6526760695515,3511.6717573133124,2534.043969829785
forecast_0630,2025-01-27 06:00:00,3955.5772595063786,4045.4102344861585,3006.1621063379134
forecast_0631,2025-01-27 07:00:00,4105.3752215435325,4509.30846344163,3295.1506430013233
forecast_0632,2025-01-27 08:00:00,4388.6838356827875,5003.414272199942,3908.5349732143586
forecast_0633,2025-01-27 09:00:00,4422.048338064851,5003.414272199942,3908.5349732143586
forecast_0634,2025-01-27 10:00:00,4422.048338064851,5003.414272199942,3908.5349732143586
forecast_0635,2025-01-27 11:00:00,5138.795834489295,7273.100414221107,5165.31608053532
forecast_0636,2025-01-27 12:00:00,7901.903806528958,10026.480289034958,7895.275756624986
forecast_0637,2025-01-27 13:00:00,12135.745331274087,12833.2629605614,11443.79638301424
forecast_0638,2025-01-27 14:00:00,14354.088508445735,15583.756254190415,13862.576159548227
forecast_0639,2025-01-27 15:00:00,17972.991035202904,18661.586699406922,17624.519804877164
forecast_0640,2025-01-27 16:00:00,18573.33601400465,19147.320781340455,18078.506091860312
forecast_0641,2025-01-27 17:00:00,18772.698518087927,19147.320781340455,18078.506091860312
forecast_0642,2025-01-27 18:00:00,18573.33601400465,18134.808900095046,17082.852684696656
forecast_0643,2025-01-27 19:00:00,18496.665550860285,17994.87528447579,16722.813563302832
forecast_0644,2025-01-27 20:00:00,18496.665550860285,17397.09267528413,16521.086022482927
forecast_0645,2025-01-27 21:00:00,18510.03598849496,17377.329371460517,16521.086022482927
forecast_0646,2025-01-27 22:00:00,18510.03598849496,17265.133708149726,16521.086022482927
forecast_0647,2025-01-27 23:00:00,18171.176753432926,17265.133708149726,16498.063158350673
forecast_0648,2025-01-28 00:00:00,18146.249166257734,17338.98126089373,16452.510655601327
forecast_0649,2025-01-28 01:00:00,18256.94428087382,17030.780617708333,16563.171963810568
forecast_0650,2025-01-28 02:00:00,18222.352654711995,17026.534812115427,16648.95742563198
forecast_0651,2025-01-28 03:00:00,18084.493903502313,17162.757543796026,16648.95742563198
forecast_0652,2025-01-28 04:00:00,17451.510006321132,17170.05737700812,16015.29058211356
forecast_0653,2025-01-28 05:00:00,17312.237140475965,17170.05737700812,16015.29058211356
forecast_0654,2025-01-28 06:00:00,17312.237140475965,17230.016409017484,16104.071713829644
forecast_0655,2025-01-28 07:00:00,17403.027320554305,16851.074493356035,16104.071713829644
forecast_0656,2025-01-28 08:00:00,17403.027320554305,16909.194811973393,16109.923014472464
forecast_0657,2025-01-28 09:00:00,17409.366400821666,16909.194811973393,16109.923014472464
forecast_0658,2025-01-28 10:00:00,17350.070189077655,16909.194811973393,16109.923014472464
forecast_0659,2025-01-28 11:00:00,17038.00549816514,16788.294022411388,16010.7556914359
forecast_0660,2025-01-28 12:00:00,16730.097918284104,16615.471738165852,15490.36083849117
forecast_0661,2025-01-28 13:00:00,16517.941218780576,16528.42233231543,15369.200112807692
forecast_0662,2025-01-28 14:00:00,15704.85527988488,15915.39129182019,14984.800609528249
forecast_0663,2025-01-28 15:00:00,15298.530741031675,15886.87434508864,14980.716885415726
forecast_0664,2025-01-28 16:00:00,15153.145155258222,15886.87434508864,14899.568361015903
forecast_0665,2025-01-28 17:00:00,15153.145155258222,15934.817091346968,14890.82964001584
forecast_0666,2025-01-28 18:00:00,15153.145155258222,16224.01501415403,14899.568361015903
forecast_0667,2025-01-28 19:00:00,16074.762695462461,16301.624013907145,15074.002258315344
forecast_0668,2025-01-28 20:00:00,16666.86334959557,16811.666767384784,15907.129117324226
forecast_0669,2025-01-28 21:00:00,16969.344916170026,17292.718558810993,15989.585827410328
forecast_0670,2025-01-28 22:00:00,17301.482667379794,17379.283488416324,16700.414073681113
forecast_0671,2025-01-28 23:00:00,17311.728675941416,17379.283488416324,16700.414073681113
forecast_0672,2025-01-29 00:00:00,17306.605671660604,17274.88393742093,16575.5384430189
forecast_0673,2025-01-29 01:00:00,17421.226429443763,17291.641509020912,16129.229675083045
forecast_0674,2025-01-29 02:00:00,17744.967928459842,17506.519236064465,16381.707857744383
forecast_0675,2025-01-29 03:00:00,17840.836426867554,17749.103281773227,16396.690954887723
forecast_0676,2025-01-29 04:00:00,17840.836426867554,17867.20667607725,16695.776787571114
forecast_0677,2025-01-29 05:00:00,18137.65826360442,18260.836101818906,16960.102075302817
forecast_0678,2025-01-29 06:00:00,18137.65826360442,18260.836101818906,16960.102075302817
forecast_0679,2025-01-29 07:00:00,18078.654116100963,18209.25427210617,16785.29597209046
forecast_0680,2025-01-29 08:00:00,18051.909986026836,18036.36348228593,16716.661401131176
forecast_0681,2025-01-29 09:00:00,17976.66221743846,17953.67231369745,16623.07122247416
forecast_0682,2025-01-29 10:00:00,17601.282659410736,17765.968117675366,16153.260965700614
forecast_0683,2025-01-29 11:00:00,17477.809874187722,17565.73959412033,15359.794762774869
forecast_0684,2025-01-29 12:00:00,17477.809874187722,16661.44792668646,15333.080243358374
forecast_0685,2025-01-29 13:00:00,17477.809874187722,16351.620104045172,15108.140776135751
forecast_0686,2025-01-29 14:00:00,17063.214079345336,16070.782062345701,14819.7261669626
forecast_0687,2025-01-29 15:00:00,16347.347955209954,16070.782062345701,14643.323231732995
forecast_0688,2025-01-29 16:00:00,15530.679987697287,15998.105783378309,14533.17831874308
forecast_0689,2025-01-29 17:00:00,14891.259803974075,15908.692319116653,14284.640482920699
forecast_0690,2025-01-29 18:00:00,14690.549637112126,15908.692319116653,14284.640482920699
forecast_0691,2025-01-29 19:00:00,14524.622469558077,16368.040345085377,14816.64630608634
forecast_0692,2025-01-29 20:00:00,14417.216828587265,16880.972766709332,15062.978855621412
forecast_0693,2025-01-29 21:00:00,14246.43112920036,16880.972766709332,15062.978855621412
forecast_0694,2025-01-29 22:00:00,14196.433539991951,16431.154133022443,14976.379962157305
forecast_0695,2025-01-29 23:00:00,14196.433539991951,15206.812682779931,14878.94608808379
forecast_0696,2025-01-30 00:00:00,14397.765023021082,15112.380326662347,14783.643013529825
forecast_0697,2025-01-30 01:00:00,14680.310378553046,16761.226818457344,14556.269451856431
forecast_0698,2025-01-30 02:00:00,14587.618307585684,16776.54710883235,14529.580117092839
forecast_0699,2025-01-30 03:00:00,14579.457469352947,16847.93302191082,14566.287662467641
forecast_0700,2025-01-30 04:00:00,13961.005451638634,16847.93302191082,14529.580117092839
forecast_0701,2025-01-30 05:00:00,13827.603821544022,16605.209352961956,14075.607368412308
forecast_0702,2025-01-30 06:00:00,13827.603821544022,16605.209352961956,14054.069917012766
forecast_0703,2025-01-30 07:00:00,13832.71699721398,16659.396337784478,14054.069917012766
forecast_0704,2025-01-30 08:00:00,14466.734840543093,17022.320351811948,14196.660201640218
forecast_0705,2025-01-30 09:00:00,14466.734840543093,17022.320351811948,14196.660201640218
forecast_0706,2025-01-30 10:00:00,14413.05011693689,16893.734032160097,13572.868437942452
forecast_0707,2025-01-30 11:00:00,14251.64410614283,15738.705874482817,13026.94171301629
forecast_0708,2025-01-30 12:00:00,14361.056280113495,14425.631295827498,11813.495408086832
forecast_0709,2025-01-30 13:00:00,14351.531028528309,14425.631295827498,11745.331903825943
forecast_0710,2025-01-30 14:00:00,14351.531028528309,14598.68098919087,11745.331903825943
forecast_0711,2025-01-30 15:00:00,14335.53024850676,15223.798337845497,12258.812609430213
forecast_0712,2025-01-30 16:00:00,13949.63713068048,15223.798337845497,12745.59739678183
forecast_0713,2025-01-30 17:00:00,13949.63713068048,15102.003159543588,12954.41112211729
forecast_0714,2025-01-30 18:00:00,14194.240908220878,14430.288550537318,13136.321843564845
forecast_0715,2025-01-30 19:00:00,14378.102246119888,14430.288550537318,13225.316108442737
forecast_0716,2025-01-30 20:00:00,15675.40440389729,16182.196966163405,15144.617849291022
forecast_0717,2025-01-30 21:00:00,16161.00121236451,16656.156853373184,15878.396042708233
forecast_0718,2025-01-30 22:00:00,16191.79451617494,16656.156853373184,15878.396042708233
forecast_0719,2025-01-30 23:00:00,16191.79451617494,16213.357511046368,15690.73561632283
forecast_0720,2025-01-31 00:00:00,15367.643969779054,15998.303259411385,15134.994018609585
forecast_0721,2025-01-31 01:00:00,15167.47647974731,16507.287091799477,14357.49557912536
forecast_0722,2025-01-31 02:00:00,14833.16545631275,16480.023333344194,14148.598701593364
forecast_0723,2025-01-31 03:00:00,14658.509843616719,16283.51649050194,13880.462553441823
forecast_0724,2025-01-31 04:00:00,14479.223120728751,15507.840807568544,13648.133916924617
forecast_0725,2025-01-31 05:00:00,14658.509843616719,16281.670203379817,13880.462553441823
forecast_0726,2025-01-31 06:00:00,14795.059914635372,15729.74401059327,14169.125596028549
forecast_0727,2025-01-31 07:00:00,14973.857365324093,16043.987951473435,14698.351949893677
forecast_0728,2025-01-31 08:00:00,14795.059914635372,15741.835007865078,14169.125596028549
forecast_0729,2025-01-31 09:00:00,14103.406043204592,15741.835007865078,13374.437846435729
forecast_0730,2025-01-31 10:00:00,12522.443454276634,14715.721260591896,12314.066922327725
forecast_0731,2025-01-31 11:00:00,10468.870396872288,12205.654267252638,10384.05887776782
forecast_0732,2025-01-31 12:00:00,10100.374330587956,10801.627324828216,9202.781868899136
forecast_0733,2025-01-31 13:00:00,8210.674048357381,9045.048787452011,6563.51860173645
forecast_0734,2025-01-31 14:00:00,5826.390832442674,6775.798040725636,4423.7754997718275
forecast_0735,2025-01-31 15:00:00,4808.941728511267,5975.910986621367,4168.027759210438
forecast_0736,2025-01-31 16:00:00,4432.187343294131,5056.116966413116,3934.620443879455
forecast_0737,2025-01-31 17:00:00,4432.187343294131,5056.116966413116,3934.620443879455
forecast_0738,2025-01-31 18:00:00,4865.758641481537,6198.581417885182,4686.726949434809
forecast_0739,2025-01-31 19:00:00,5188.641456295436,7633.973485867756,5314.678625970617
forecast_0740,2025-01-31 20:00:00,5244.260939767623,7715.874467235781,5501.8262999814415
forecast_0741,2025-01-31 21:00:00,5244.260939767623,7633.973485867756,5501.8262999814415
forecast_0742,2025-01-31 22:00:00,5265.639419425057,7555.790069522217,5200.9969337633975
forecast_0743,2025-01-31 23:00:00,5215.310157107618,6796.533129087466,4908.961331322062
forecast_0744,2025-02-01 00:00:00,5039.321058640939,6356.869471747684,4617.724854233958
forecast_0745,2025-02-01 01:00:00,5024.999826926829,6860.6254596301005,3794.092979826316
forecast_0746,2025-02-01 02:00:00,4912.226248709563,6599.009582812743,3946.3302243668045
forecast_0747,2025-02-01 03:00:00,4846.305206816699,6265.493359577755,3543.6737822754617
forecast_0748,2025-02-01 04:00:00,4236.05780342982,4822.735206948414,3460.7448552543133
forecast_0749,2025-02-01 05:00:00,3950.2784063034974,3632.080218238337,2835.756985268519
forecast_0750,2025-02-01 06:00:00,3209.0369131785756,3229.336555610321,2528.9404301780833
forecast_0751,2025-02-01 07:00:00,2957.2968455528044,3226.783606559417,2416.2236402313447
forecast_0752,2025-02-01 08:00:00,2809.847240567312,2904.9191535354103,2304.2766926956856
forecast_0753,2025-02-01 09:00:00,2729.529427789558,2759.6350883044142,2272.308906566176
forecast_0754,2025-02-01 10:00:00,2656.622630903933,2759.6350883044142,2227.503603118862
forecast_0755,2025-02-01 11:00:00,2656.622630903933,2732.746134066003,2195.706551208692
forecast_0756,2025-02-01 12:00:00,2748.466975987163,2699.3265837228982,2138.440496573509
forecast_0757,2025-02-01 13:00:00,2748.466975987163,2672.1132070752847,2138.440496573509
forecast_0758,2025-02-01 14:00:00,2691.475891631817,2662.94001603416,2266.580370261034
forecast_0759,2025-02-01 15:00:00,2609.162106114314,2522.740030934224,2285.27723411398
forecast_0760,2025-02-01 16:00:00,2603.882310011185,2520.0988937348743,2285.27723411398
forecast_0761,2025-02-01 17:00:00,2502.111052093731,2520.0988937348743,2330.390160848844
forecast_0762,2025-02-01 18:00:00,2449.0769563883105,2551.4733115787076,2401.001138823988
forecast_0763,2025-02-01 19:00:00,2449.0769563883105,2642.355491103829,2401.001138823988
forecast_0764,2025-02-01 20:00:00,2681.6350893516346,2803.2311856532588,2597.534925576825
forecast_0765,2025-02-01 21:00:00,2775.3269522305727,2949.9532470328722,2606.0366387081403
forecast_0766,2025-02-01 22:00:00,3331.9754170803126,3274.841645942158,2965.287538903829
forecast_0767,2025-02-01 23:00:00,3331.9754170803126,3274.841645942158,2965.287538903829
forecast_0768,2025-02-02 00:00:00,3254.9894925627923,3264.5107298520775,2850.0341905787445
forecast_0769,2025-02-02 01:00:00,3053.6669912368534,3055.467349881994,2500.5423818364306
forecast_0770,2025-02-02 02:00:00,2993.171788515506,2903.9402123611326,2414.9997515038385
forecast_0771,2025-02-02 03:00:00,2827.098449598123,2903.9402123611326,2414.9997515038385
forecast_0772,2025-02-02 04:00:00,2751.898917231989,2862.7665485678563,2353.084857109281
forecast_0773,2025-02-02 05:00:00,2745.5724101064316,2911.948614376969,2439.0785439684932
forecast_0774,2025-02-02 06:00:00,2745.5724101064316,3046.981981854179,2489.563398745658
forecast_0775,2025-02-02 07:00:00,3019.37582302007,3178.0157603122443,2706.6684746627598
forecast_0776,2025-02-02 08:00:00,3071.447188402717,3201.922345645743,2720.416315384806
forecast_0777,2025-02-02 09:00:00,3309.651995439509,3201.922345645743,2720.416315384806
forecast_0778,2025-02-02 10:00:00,3309.651995439509,3136.6043918810406,2672.1141614513435
forecast_0779,2025-02-02 11:00:00,3194.594530091814,3013.0421702630993,2589.189485684391
forecast_0780,2025-02-02 12:00:00,3187.7510330298846,3008.850637372828,2496.3655668737365
forecast_0781,2025-02-02 13:00:00,3187.7510330298846,2894.7335071903094,2236.0476725838394
forecast_0782,2025-02-02 14:00:00,3187.7510330298846,2894.7335071903094,2236.0476725838394
forecast_0783,2025-02-02 15:00:00,3246.0033908015785,3312.831022474389,2175.9430118853543
forecast_0784,2025-02-02 16:00:00,3370.841267374084,3421.7187256493708,2282.724424363898
forecast_0785,2025-02-02 17:00:00,3746.5852641407246,3496.7420229816353,2434.0746388736125
forecast_0786,2025-02-02 18:00:00,4343.276319553212,4082.7240154685774,3176.9218041865443
forecast_0787,2025-02-02 19:00:00,5305.323966836852,6620.103109278714,4704.080291283353
forecast_0788,2025-02-02 20:00:00,7856.552295356778,8299.948706557052,6534.447102571932
forecast_0789,2025-02-02 21:00:00,9915.307994692039,10643.974112359294,8116.189076284473
forecast_0790,2025-02-02 22:00:00,12517.516843841562,12288.617875550162,10350.338328948084
forecast_0791,2025-02-02 23:00:00,13616.777283153966,13537.35419537765,12213.90144609338
forecast_0792,2025-02-03 00:00:00,13982.22454738405,13891.049513272672,12310.180558497568
forecast_0793,2025-02-03 01:00:00,17293.632426661694,17734.971486763257,16019.713259505987
forecast_0794,2025-02-03 02:00:00,17110.665590408636,17626.13630202837,16005.294831282052
forecast_0795,2025-02-03 03:00:00,16430.14930637301,16351.629821929484,15264.328914570939
forecast_0796,2025-02-03 04:00:00,15976.48004187675,15963.914277655085,15141.742263612568
forecast_0797,2025-02-03 05:00:00,14908.01337025697,15880.894518919707,14688.878575233333
forecast_0798,2025-02-03 06:00:00,14908.01337025697,15450.430370336346,14398.428893901671
forecast_0799,2025-02-03 07:00:00,15153.501527779928,15450.430370336346,14398.428893901671
forecast_0800,2025-02-03 08:00:00,15153.501527779928,15528.531014716393,14180.269496159694
forecast_0801,2025-02-03 09:00:00,14918.49020640657,15528.531014716393,13756.09988518013
forecast_0802,2025-02-03 10:00:00,14806.56403169896,15142.45584386872,12781.530977488663
forecast_0803,2025-02-03 11:00:00,14806.56403169896,14901.826996950143,12710.451777366661
forecast_0804,2025-02-03 12:00:00,14806.56403169896,14415.781218428932,12092.147624523608
forecast_0805,2025-02-03 13:00:00,14921.4675605926,14203.67505814689,11889.141184327382
forecast_0806,2025-02-03 14:00:00,14921.4675605926,14009.102064746414,11834.303587278144
forecast_0807,2025-02-03 15:00:00,14701.21084337317,13877.668341969478,11825.95284497866
forecast_0808,2025-02-03 16:00:00,14701.21084337317,13877.668341969478,11834.303587278144
forecast_0809,2025-02-03 17:00:00,14891.185860709376,14063.10741544651,12607.590989327018
forecast_0810,2025-02-03 18:00:00,14918.683982864763,14228.885597956882,13308.143904477756
forecast_0811,2025-02-03 19:00:00,15457.147019895086,14753.144538245633,13688.466346357884
forecast_0812,2025-02-03 20:00:00,15655.208317578377,14886.063205103275,13923.255612782596
forecast_0813,2025-02-03 21:00:00,15667.093274112016,14886.063205103275,13934.831795655176
forecast_0814,2025-02-03 22:00:00,15709.561809690984,14886.063205103275,13934.831795655176
forecast_0815,2025-02-03 23:00:00,15667.093274112016,14924.794457890417,14085.010366205393
forecast_0816,2025-02-04 00:00:00,15634.499153309644,14964.838202130446,14109.287310230397
forecast_0817,2025-02-04 01:00:00,15295.747884677396,14884.9296727088,13419.924695369235
forecast_0818,2025-02-04 02:00:00,15274.608227199675,15181.284986230943,13546.717064605551
forecast_0819,2025-02-04 03:00:00,15176.994821590124,15181.284986230943,13622.351676626711
forecast_0820,2025-02-04 04:00:00,15176.994821590124,15354.308667876732,13671.239682989415
forecast_0821,2025-02-04 05:00:00,15540.026118412696,15619.294921815363,13701.29244022024
forecast_0822,2025-02-04 06:00:00,15970.058703712337,16553.278087946215,14712.42276532754
forecast_0823,2025-02-04 07:00:00,15970.058703712337,16553.278087946215,14712.42276532754
forecast_0824,2025-02-04 08:00:00,15451.29077071519,15717.676121876359,14288.428565872508
forecast_0825,2025-02-04 09:00:00,14651.13157022223,14364.80280642999,13224.700281518246
forecast_0826,2025-02-04 10:00:00,14651.13157022223,14364.80280642999,13224.700281518246
forecast_0827,2025-02-04 11:00:00,14951.745421347963,14812.172427757265,13680.14772446287
forecast_0828,2025-02-04 12:00:00,14951.745421347963,14812.172427757265,13680.14772446287
forecast_0829,2025-02-04 13:00:00,14847.368614234343,14022.934379084432,12918.41961063346
forecast_0830,2025-02-04 14:00:00,14603.003735016475,13489.601432863543,11914.386275136618
forecast_0831,2025-02-04 15:00:00,14603.003735016475,13489.601432863543,11914.386275136618
forecast_0832,2025-02-04 16:00:00,14891.33978205164,14193.114978175247,12509.571055588727
forecast_0833,2025-02-04 17:00:00,14891.33978205164,14840.899404563073,13320.796098577
forecast_0834,2025-02-04 18:00:00,14820.440929710303,14991.873810623292,13739.902106631616
forecast_0835,2025-02-04 19:00:00,14820.440929710303,15279.07626509713,13870.77679423874
forecast_0836,2025-02-04 20:00:00,14918.91876931678,15529.52639392671,14330.600835757345
forecast_0837,2025-02-04 21:00:00,14994.969020228365,15873.546403552902,14505.707672887022
forecast_0838,2025-02-04 22:00:00,14943.64613538834,15873.546403552902,14505.707672887022
forecast_0839,2025-02-04 23:00:00,14943.64613538834,15544.83622867302,14381.46090914058
forecast_0840,2025-02-05 00:00:00,14941.77844676874,15394.052373275455,14147.616667427614
forecast_0841,2025-02-05 01:00:00,15033.95746657657,15573.029126003275,14353.030019401001
forecast_0842,2025-02-05 02:00:00,15108.74820680529,15869.78239182142,14522.725438285664
forecast_0843,2025-02-05 03:00:00,15108.74820680529,15957.75816930105,14756.10502882061
forecast_0844,2025-02-05 04:00:00,14869.953763870442,16661.586004250756,14756.10502882061
forecast_0845,2025-02-05 05:00:00,14269.66420211086,16661.586004250756,14140.53106886453
forecast_0846,2025-02-05 06:00:00,13957.122833532265,16170.298633555218,13814.601684987934
forecast_0847,2025-02-05 07:00:00,13801.554995148657,15794.224458951736,13589.906810578832
forecast_0848,2025-02-05 08:00:00,13801.554995148657,15673.5857610846,13308.513286038904
forecast_0849,2025-02-05 09:00:00,14075.086113694266,15422.587722569726,12900.537058314421
forecast_0850,2025-02-05 10:00:00,14075.086113694266,15366.043400874918,12565.247909492538
forecast_0851,2025-02-05 11:00:00,13992.59803868873,15255.1338019044,12565.247909492538
forecast_0852,2025-02-05 12:00:00,13992.59803868873,15366.043400874918,12605.826991351318
forecast_0853,2025-02-05 13:00:00,14580.47508211238,15150.987918162238,13048.788108454304
forecast_0854,2025-02-05 14:00:00,14596.717194527202,15170.969360234529,13054.633790508076
forecast_0855,2025-02-05 15:00:00,14580.47508211238,15150.987918162238,13048.788108454304
forecast_0856,2025-02-05 16:00:00,14465.091620643903,15027.226414609455,12972.984023201981
forecast_0857,2025-02-05 17:00:00,14443.223048509479,13871.399152749733,12743.043542847929
forecast_0858,2025-02-05 18:00:00,14465.091620643903,13621.758844967944,12743.043542847929
forecast_0859,2025-02-05 19:00:00,14468.417241045672,13621.758844967944,12835.655810899378
forecast_0860,2025-02-05 20:00:00,14468.747927667497,14269.339754535798,13002.160883941477
forecast_0861,2025-02-05 21:00:00,14523.67780235024,14698.828453706137,13674.642125801958
forecast_0862,2025-02-05 22:00:00,14808.855406220964,14978.119838228642,13878.348851954455
forecast_0863,2025-02-05 23:00:00,14808.855406220964,15102.433428082313,14094.29577879677
forecast_0864,2025-02-06 00:00:00,14719.521545291429,15196.844720808735,14111.481660850988
forecast_0865,2025-02-06 01:00:00,16131.031711765207,16125.854071449497,14449.81758701336
forecast_0866,2025-02-06 02:00:00,16226.584208829023,16159.873916267603,14478.241930069953
forecast_0867,2025-02-06 03:00:00,16653.389564707064,16462.013734132903,14642.407558934372
forecast_0868,2025-02-06 04:00:00,17059.733076360666,17221.623675811526,15430.93619446251
forecast_0869,2025-02-06 05:00:00,17059.733076360666,17221.623675811526,15430.93619446251
forecast_0870,2025-02-06 06:00:00,16144.352756271704,16497.334516071052,14737.390520183519
forecast_0871,2025-02-06 07:00:00,15565.235105680531,15271.836558399726,13701.164156224067
forecast_0872,2025-02-06 08:00:00,15097.83506609703,15271.836558399726,13306.151947703704
forecast_0873,2025-02-06 09:00:00,14309.913991643198,15271.836558399726,12844.43226982353
forecast_0874,2025-02-06 10:00:00,13532.820569265488,14102.408102949461,11348.55557490392
forecast_0875,2025-02-06 11:00:00,13532.820569265488,12388.524995922962,10519.599121000167
forecast_0876,2025-02-06 12:00:00,13708.345065485744,12388.524995922962,10519.599121000167
forecast_0877,2025-02-06 13:00:00,13916.535551494724,12674.335491143447,11257.533312639616
forecast_0878,2025-02-06 14:00:00,13916.535551494724,12701.330782188981,11918.006671188796
forecast_0879,2025-02-06 15:00:00,13598.399749568332,12701.330782188981,11936.989585059338
forecast_0880,2025-02-06 16:00:00,13598.399749568332,13211.510999070197,12222.289923284532
forecast_0881,2025-02-06 17:00:00,13882.31114611291,13211.510999070197,12382.218084560456
forecast_0882,2025-02-06 18:00:00,13882.31114611291,13756.434460654873,12843.605472002982
forecast_0883,2025-02-06 19:00:00,13868.209799135731,13927.54286143431,12843.605472002982
forecast_0884,2025-02-06 20:00:00,13868.209799135731,14021.010612107037,13249.659300438336
forecast_0885,2025-02-06 21:00:00,14190.498033480078,14021.010612107037,13249.659300438336
forecast_0886,2025-02-06 22:00:00,14190.498033480078,13634.996807762214,12219.2642028138
forecast_0887,2025-02-06 23:00:00,14165.842751720918,13238.864788102397,11956.087433576275
forecast_0888,2025-02-07 00:00:00,13908.822791325721,12905.88717469775,11705.086810302326
forecast_0889,2025-02-07 01:00:00,6886.495181690608,8488.5980960969,6825.928346676043
forecast_0890,2025-02-07 02:00:00,6872.408396221025,8340.272864080533,6599.383619308126
forecast_0891,2025-02-07 03:00:00,6621.2724206250805,8273.056549261735,6125.612670482046
forecast_0892,2025-02-07 04:00:00,6621.2724206250805,8273.056549261735,6125.612670482046
forecast_0893,2025-02-07 05:00:00,6041.306964114149,8273.056549261735,6125.612670482046
forecast_0894,2025-02-07 06:00:00,5866.492294187059,8165.063613302643,5260.214790708462
forecast_0895,2025-02-07 07:00:00,5283.457745667713,7433.317270930917,4654.057863420845
forecast_0896,2025-02-07 08:00:00,5283.457745667713,7433.317270930917,4654.057863420845
forecast_0897,2025-02-07 09:00:00,6544.466479811329,7905.187716392674,5910.447486897952
forecast_0898,2025-02-07 10:00:00,9368.89420955546,10235.490678376766,8049.989940065605
forecast_0899,2025-02-07 11:00:00,11216.887403680239,10750.645335476582,8785.160381392561
forecast_0900,2025-02-07 12:00:00,12642.141218894216,12560.604543803154,10861.38380627853
forecast_0901,2025-02-07 13:00:00,13737.344828707302,13296.787181071864,12021.19767610004
forecast_0902,2025-02-07 14:00:00,13737.344828707302,13296.787181071864,12025.418838101323
forecast_0903,2025-02-07 15:00:00,13741.476710645455,13178.1451763591,12021.19767610004
forecast_0904,2025-02-07 16:00:00,13741.476710645455,13107.89618333388,11984.958080744884
forecast_0905,2025-02-07 17:00:00,13874.546734066766,13052.543318993463,10965.272397384666
forecast_0906,2025-02-07 18:00:00,13874.546734066766,12560.374760214569,10965.272397384666
forecast_0907,2025-02-07 19:00:00,13874.546734066766,12560.374760214569,11185.529697407468
forecast_0908,2025-02-07 20:00:00,14318.283731759806,14112.003129226576,12694.389027103001
forecast_0909,2025-02-07 21:00:00,14363.237692790479,14436.928197654888,13011.936404724831
forecast_0910,2025-02-07 22:00:00,14486.749355410571,15651.036297637782,13470.13970585334
forecast_0911,2025-02-07 23:00:00,15821.271117327542,16380.357060143519,14732.898034047523
forecast_0912,2025-02-08 00:00:00,16433.67317389677,16812.200056485854,15079.581019242887
forecast_0913,2025-02-08 01:00:00,17343.41086221405,17276.41362429678,15570.279152493797
forecast_0914,2025-02-08 02:00:00,18418.232185947865,17764.418615516228,16389.311587174074
forecast_0915,2025-02-08 03:00:00,18549.01656265279,17764.418615516228,16666.47818715492
forecast_0916,2025-02-08 04:00:00,18569.497491919225,17921.26714581419,16737.53524380683
forecast_0917,2025-02-08 05:00:00,18659.29937337504,17783.433911303277,16666.47818715492
forecast_0918,2025-02-08 06:00:00,18659.29937337504,17783.433911303277,16233.68322910153
forecast_0919,2025-02-08 07:00:00,18098.748058311146,17451.339754347893,15358.43731164388
forecast_0920,2025-02-08 08:00:00,17718.91798179248,17145.037682871396,14912.094881846273
forecast_0921,2025-02-08 09:00:00,16887.32203846635,15753.468309546257,13397.638021921382
forecast_0922,2025-02-08 10:00:00,13700.11454623527,13017.470760493965,11200.73560625608
forecast_0923,2025-02-08 11:00:00,10069.795175206738,8720.5246093965,6853.1714133272735
forecast_0924,2025-02-08 12:00:00,7916.4523521960255,7277.342346242733,5938.740529525316
forecast_0925,2025-02-08 13:00:00,6754.188904323277,5647.965988153408,4948.36210182934
forecast_0926,2025-02-08 14:00:00,4958.101551432461,4465.352634517512,3720.603508760587
forecast_0927,2025-02-08 15:00:00,4532.005300428035,4435.606577540659,3517.5896315329383
forecast_0928,2025-02-08 16:00:00,4532.005300428035,4435.606577540659,3517.5896315329383
forecast_0929,2025-02-08 17:00:00,4902.837048090099,4822.1287068401525,4099.234864926103
forecast_0930,2025-02-08 18:00:00,6034.622198308664,5286.131405425915,4338.011986029132
forecast_0931,2025-02-08 19:00:00,8208.305873291352,6942.929039001995,5957.567371799662
forecast_0932,2025-02-08 20:00:00,10668.4207832135,8350.554686841557,7836.102317182577
forecast_0933,2025-02-08 21:00:00,13126.843636200796,10534.984991819889,9683.968244018797
forecast_0934,2025-02-08 22:00:00,15313.861568533124,13203.97487932941,12344.941729131153
forecast_0935,2025-02-08 23:00:00,17877.69527618082,16358.389815448823,14812.201000286188
forecast_0936,2025-02-09 00:00:00,18257.893432932113,16680.97601467488,15142.063580255373
forecast_0937,2025-02-09 01:00:00,18247.078123103158,16027.94304118805,14980.190127678768
forecast_0938,2025-02-09 02:00:00,19002.73506809146,16472.769729322492,15474.808908102399
forecast_0939,2025-02-09 03:00:00,19117.79457434208,16585.335393080408,15560.308916602906
forecast_0940,2025-02-09 04:00:00,19388.240640254095,17463.57640996191,15947.383486697227
forecast_0941,2025-02-09 05:00:00,19857.97978195252,18044.674665996805,16819.301912936535
forecast_0942,2025-02-09 06:00:00,19857.97978195252,18044.674665996805,16819.301912936535
forecast_0943,2025-02-09 07:00:00,19529.942331326423,17630.930553458056,15949.528648509871
forecast_0944,2025-02-09 08:00:00,19311.84767383206,17414.747777530356,15258.238339804753
forecast_0945,2025-02-09 09:00:00,18887.931914060206,16746.530789839053,13912.139803883469
forecast_0946,2025-02-09 10:00:00,16260.372648384919,15773.934631183085,12603.745947775484
forecast_0947,2025-02-09 11:00:00,13439.877823105508,13148.09690777595,10326.649579932426
forecast_0948,2025-02-09 12:00:00,10624.631657137927,11664.026662163973,9221.172555129897
forecast_0949,2025-02-09 13:00:00,9889.428353981131,10513.087013844593,8202.130704561638
forecast_0950,2025-02-09 14:00:00,9687.154502845098,9966.675962424968,8202.130704561638
forecast_0951,2025-02-09 15:00:00,9687.154502845098,9966.675962424968,8693.491514920972
forecast_0952,2025-02-09 16:00:00,11035.250087501247,10041.785610251198,9341.621452424257
forecast_0953,2025-02-09 17:00:00,13466.662954971887,12624.641042439369,11262.52371363379
forecast_0954,2025-02-09 18:00:00,15028.29887048782,14968.350953754374,13087.154143914253
forecast_0955,2025-02-09 19:00:00,15880.125720845212,15531.167661578107,13241.485140222243
forecast_0956,2025-02-09 20:00:00,15880.125720845212,15531.167661578107,13241.485140222243
forecast_0957,2025-02-09 21:00:00,15880.125720845212,15829.787278332493,13759.333342515267
forecast_0958,2025-02-09 22:00:00,16231.695078035513,17035.306390461315,14532.011870020904
forecast_0959,2025-02-09 23:00:00,17543.87402618198,18262.41256882513,15815.908204775815
forecast_0960,2025-02-10 00:00:00,17965.369631458354,18344.565967673014,15962.36765241105
forecast_0961,2025-02-10 01:00:00,18452.60746181896,18514.855897860194,16097.979799371722
forecast_0962,2025-02-10 02:00:00,18462.80604596131,18637.709053814615,16099.78373655369
forecast_0963,2025-02-10 03:00:00,18694.508867896642,18698.097316796484,16281.631001462349
forecast_0964,2025-02-10 04:00:00,19235.36722817567,19517.02025980928,17487.139800073208
forecast_0965,2025-02-10 05:00:00,19790.17353836559,19727.91010193235,18180.66872728393
forecast_0966,2025-02-10 06:00:00,20109.27277690516,19768.623770834092,18180.66872728393
forecast_0967,2025-02-10 07:00:00,19790.17353836559,19727.91010193235,18162.8739437241
forecast_0968,2025-02-10 08:00:00,19151.58129585378,19378.646970403897,17360.163721738725
forecast_0969,2025-02-10 09:00:00,18033.504664799675,18940.36153358753,16304.509256869369
forecast_0970,2025-02-10 10:00:00,16270.34004140943,17026.354109905944,14521.422713972206
forecast_0971,2025-02-10 11:00:00,14625.76114462967,14651.169210948327,13060.103230698696
forecast_0972,2025-02-10 12:00:00,14010.110455595857,13521.323976980442,12015.62412828446
forecast_0973,2025-02-10 13:00:00,12992.630844665724,11453.33857233706,10391.636319858953
forecast_0974,2025-02-10 14:00:00,12692.289818602261,11453.33857233706,10116.76027049186
forecast_0975,2025-02-10 15:00:00,12519.337256866558,11187.882620435543,9930.565546221394
forecast_0976,2025-02-10 16:00:00,11783.725747684968,10143.111706912568,9065.01109300444
forecast_0977,2025-02-10 17:00:00,11783.725747684968,10143.111706912568,9065.01109300444
forecast_0978,2025-02-10 18:00:00,12412.702320255405,11234.288516452632,9565.219126197268
forecast_0979,2025-02-10 19:00:00,12412.702320255405,11234.288516452632,9565.219126197268
forecast_0980,2025-02-10 20:00:00,11697.785802652865,10853.300132141514,8866.401602278367
forecast_0981,2025-02-10 21:00:00,11185.244097669352,10853.300132141514,8837.13172670018
forecast_0982,2025-02-10 22:00:00,10753.035418805823,11171.238251271123,8837.13172670018
forecast_0983,2025-02-10 23:00:00,10753.035418805823,12087.615893554299,9303.568927503231
forecast_0984,2025-02-11 00:00:00,10597.462495590062,12278.033517116932,9318.788083014384
forecast_0985,2025-02-11 01:00:00,10282.184456723937,11131.765449837289,8563.876310075962
forecast_0986,2025-02-11 02:00:00,10364.553745734556,11221.706206738687,8685.393779170434
forecast_0987,2025-02-11 03:00:00,10904.498636408793,11647.655239265232,8850.473426017601
forecast_0988,2025-02-11 04:00:00,10904.498636408793,11647.655239265232,8850.473426017601
forecast_0989,2025-02-11 05:00:00,9947.551974646958,11200.080130155222,7897.693093845372
forecast_0990,2025-02-11 06:00:00,8650.555877910641,9805.565889520418,6956.393009096195
forecast_0991,2025-02-11 07:00:00,8279.419565369513,9214.626378617468,6677.422994568787
forecast_0992,2025-02-11 08:00:00,8279.419565369513,9095.220935992176,6409.857314478808
forecast_0993,2025-02-11 09:00:00,7855.461579390117,8403.613266526314,5898.612351165864
forecast_0994,2025-02-11 10:00:00,5663.275708141828,5103.437643139979,3818.2741649765126
forecast_0995,2025-02-11 11:00:00,4283.114309891222,3875.756200315416,3194.440276292389
forecast_0996,2025-02-11 12:00:00,4276.855164473366,3813.791379364838,3131.9370016980865
forecast_0997,2025-02-11 13:00:00,4011.454166739341,3666.3077161463416,2901.41202869957
forecast_0998,2025-02-11 14:00:00,3804.836411390602,3624.704789930525,2770.8867744375934
forecast_0999,2025-02-11 15:00:00,3804.836411390602,3286.2833967324486,2559.8287935039957
forecast_1000,2025-02-11 16:00:00,3847.2551828704204,3286.2833967324486,2559.8287935039957
forecast_1001,2025-02-11 17:00:00,3944.1521719779066,4037.8067825423796,2766.845730541557
forecast_1002,2025-02-11 18:00:00,4455.452701730183,4675.723654618045,3219.8647581320392
forecast_1003,2025-02-11 19:00:00,6985.650597799859,7659.290263941475,5749.1366274414395
forecast_1004,2025-02-11 20:00:00,9337.524793649725,9999.140535232607,7511.559795662765
forecast_1005,2025-02-11 21:00:00,10242.591490200784,10540.243135211316,7542.389309279236
forecast_1006,2025-02-11 22:00:00,11611.618424721271,12046.527180500074,9051.769532137087
forecast_1007,2025-02-11 23:00:00,15143.139647194877,15393.569335931217,13852.674015483994
forecast_1008,2025-02-12 00:00:00,16545.88462615774,16508.977355165927,14652.808303782058
forecast_1009,2025-02-12 01:00:00,13824.034284723832,14056.671642047164,11263.6975873275
forecast_1010,2025-02-12 02:00:00,14314.475413458047,14573.987230211374,11734.449196480411
forecast_1011,2025-02-12 03:00:00,15185.995459689879,16420.951195304355,13261.76843382962
forecast_1012,2025-02-12 04:00:00,15185.995459689879,16420.951195304355,13261.76843382962
forecast_1013,2025-02-12 05:00:00,14583.17274845657,15249.220177888288,12562.75398836892
forecast_1014,2025-02-12 06:00:00,12063.27339736511,12809.486702948168,10351.424312877833
forecast_1015,2025-02-12 07:00:00,8993.527489898677,10609.07126287511,7266.239042060087
forecast_1016,2025-02-12 08:00:00,6813.169268022842,10097.8399988597,7219.376591591061
forecast_1017,2025-02-12 09:00:00,6813.169268022842,9929.670840324437,7206.397157774417
forecast_1018,2025-02-12 10:00:00,6918.69596045801,10097.8399988597,7219.376591591061
forecast_1019,2025-02-12 11:00:00,8152.004447326287,11526.251497397927,8759.148441360183
forecast_1020,2025-02-12 12:00:00,10651.85425083285,12951.264253678291,10396.880795545345
forecast_1021,2025-02-12 13:00:00,12047.784397834264,14328.533783930381,12440.125831911151
forecast_1022,2025-02-12 14:00:00,13460.02574919284,14341.063783941576,13449.05477299759
forecast_1023,2025-02-12 15:00:00,15042.231435654174,15129.122104135113,14432.601863069327
forecast_1024,2025-02-12 16:00:00,16352.99465537064,16319.014539559812,15902.46612529111
forecast_1025,2025-02-12 17:00:00,17055.65338197894,16643.043757576957,16454.021414328952
forecast_1026,2025-02-12 18:00:00,17693.200370923812,17343.17197238909,16583.144529314555
forecast_1027,2025-02-12 19:00:00,17693.200370923812,17343.17197238909,16583.144529314555
forecast_1028,2025-02-12 20:00:00,16925.848108264865,16667.592822904666,15300.24668399772
forecast_1029,2025-02-12 21:00:00,15901.423859812348,16012.695954135863,14416.678038602673
forecast_1030,2025-02-12 22:00:00,15899.588242291802,16011.294363395087,14079.15146217826
forecast_1031,2025-02-12 23:00:00,15827.779862757005,15610.580937410004,14079.15146217826
forecast_1032,2025-02-13 00:00:00,15534.028254797357,15438.195805202642,13974.061581386233
forecast_1033,2025-02-13 01:00:00,13770.495499338267,13293.358164329562,11465.285257784959
forecast_1034,2025-02-13 02:00:00,13869.22772563766,13316.90199012759,11468.569902088626
forecast_1035,2025-02-13 03:00:00,13931.154159035725,13382.082104151445,11468.569902088626
forecast_1036,2025-02-13 04:00:00,13931.154159035725,13382.082104151445,11690.77119316224
forecast_1037,2025-02-13 05:00:00,13931.154159035725,13832.945900679162,12053.99731119673
forecast_1038,2025-02-13 06:00:00,14741.414910370055,15393.205638345637,13495.612965394987
forecast_1039,2025-02-13 07:00:00,16637.521176764512,17034.248952056943,14762.748651027472
forecast_1040,2025-02-13 08:00:00,17862.38209552136,17892.000031516713,16233.300993516381
forecast_1041,2025-02-13 09:00:00,17862.38209552136,17892.000031516713,16233.300993516381
forecast_1042,2025-02-13 10:00:00,15451.405710920326,16826.309195279464,14553.146750212134
forecast_1043,2025-02-13 11:00:00,14506.93805969592,14537.46035649939,13011.706489889948
forecast_1044,2025-02-13 12:00:00,14500.693376860372,14074.575760020356,12409.830234902962
forecast_1045,2025-02-13 13:00:00,14500.693376860372,14074.575760020356,12409.830234902962
forecast_1046,2025-02-13 14:00:00,15679.052586663369,15505.763658472604,13608.003715707382
forecast_1047,2025-02-13 15:00:00,15848.60636506526,15526.67944567074,13907.711972507
forecast_1048,2025-02-13 16:00:00,16069.126532939432,15720.314839225959,14239.157476597637
forecast_1049,2025-02-13 17:00:00,16691.454745671414,17039.049918551325,15369.111077181356
forecast_1050,2025-02-13 18:00:00,18364.463694367965,18397.151773675487,17177.63878174979
forecast_1051,2025-02-13 19:00:00,18605.69248480336,18903.13159466689,17199.84180460718
forecast_1052,2025-02-13 20:00:00,18733.985968331617,19107.78607724562,17597.572928206926
forecast_1053,2025-02-13 21:00:00,19269.681289524873,19355.981152576554,18465.63387799001
forecast_1054,2025-02-13 22:00:00,19466.37421407261,19389.173242331108,18503.45336223832
forecast_1055,2025-02-13 23:00:00,19466.37421407261,19382.978757715005,18465.63387799001
forecast_1056,2025-02-14 00:00:00,19446.801744639357,19395.079736861037,18436.971117997105
forecast_1057,2025-02-14 01:00:00,19860.961186212528,19656.059655069257,17958.426687396524
forecast_1058,2025-02-14 02:00:00,19914.106466792375,19645.309060497984,18027.205746715896
forecast_1059,2025-02-14 03:00:00,19914.106466792375,19645.309060497984,17774.471501189873
forecast_1060,2025-02-14 04:00:00,19651.68465203607,19693.425986082213,17911.456414723132
forecast_1061,2025-02-14 05:00:00,19651.68465203607,19733.186661652715,17911.456414723132
forecast_1062,2025-02-14 06:00:00,19767.750866040536,19847.934132007846,18205.90017102313
forecast_1063,2025-02-14 07:00:00,19851.337726653182,19847.934132007846,18205.90017102313
forecast_1064,2025-02-14 08:00:00,19851.337726653182,19085.22576942126,17134.4034495017
forecast_1065,2025-02-14 09:00:00,18574.06135858725,18215.164947816702,15381.02422013981
forecast_1066,2025-02-14 10:00:00,13898.878060823086,14495.214913367648,12273.301637967594
forecast_1067,2025-02-14 11:00:00,11806.704181686127,12467.468391066912,9976.419566057957
forecast_1068,2025-02-14 12:00:00,10242.912787635563,10888.101403804201,8721.819780386868
forecast_1069,2025-02-14 13:00:00,8659.729183588805,9202.44419514977,7575.456931857701
forecast_1070,2025-02-14 14:00:00,8429.90190035609,8826.51020516374,7451.877687080698
forecast_1071,2025-02-14 15:00:00,8429.90190035609,8826.51020516374,7451.877687080698
forecast_1072,2025-02-14 16:00:00,9873.658368759754,9525.689951341916,7862.5704223483
forecast_1073,2025-02-14 17:00:00,10722.869842728482,11956.520194985922,9523.678977151692
forecast_1074,2025-02-14 18:00:00,12742.433609381467,13080.791604499143,11048.511563385411
forecast_1075,2025-02-14 19:00:00,14507.032095863922,15096.227302133957,12325.727659686967
forecast_1076,2025-02-14 20:00:00,17142.658896403293,16611.407632593488,13881.548407252709
forecast_1077,2025-02-14 21:00:00,17804.563677573988,17901.52285180098,14865.708575967597
forecast_1078,2025-02-14 22:00:00,18531.436175235656,17901.52285180098,15253.568571409376
forecast_1079,2025-02-14 23:00:00,18558.926075697596,17938.298742135892,15458.034651826196
forecast_1080,2025-02-15 00:00:00,18950.06390370684,17780.12876362798,15446.963201229915
forecast_1081,2025-02-15 01:00:00,18576.648741032932,16773.48322094449,14197.502962534854
forecast_1082,2025-02-15 02:00:00,18613.892262558533,16778.94345924896,14125.702427161315
forecast_1083,2025-02-15 03:00:00,18705.797226060342,16778.94345924896,14065.007726125967
forecast_1084,2025-02-15 04:00:00,18767.94789908064,16702.35174529878,13763.928626962956
forecast_1085,2025-02-15 05:00:00,18810.083796095892,16543.876060757095,13738.35522525926
forecast_1086,2025-02-15 06:00:00,18767.94789908064,16021.426575330472,13345.453278516417
forecast_1087,2025-02-15 07:00:00,17181.53706144261,13629.433232071631,11439.16528092835
forecast_1088,2025-02-15 08:00:00,14004.112693427589,12788.778906654063,9643.366549644645
forecast_1089,2025-02-15 09:00:00,13227.31318644965,12767.154840608324,9368.222149921516
forecast_1090,2025-02-15 10:00:00,11470.469376866346,10947.494983617918,8151.696697648249
forecast_1091,2025-02-15 11:00:00,10807.00984817736,10947.494983617918,8151.696697648249
forecast_1092,2025-02-15 12:00:00,10578.314605197445,10502.161729140826,8356.829924455951
forecast_1093,2025-02-15 13:00:00,10578.314605197445,11705.428332375808,8833.048330124613
forecast_1094,2025-02-15 14:00:00,12550.73029070781,12265.380789169601,10919.996494890533
forecast_1095,2025-02-15 15:00:00,14214.872849922305,13504.311065638698,12137.686366782022
forecast_1096,2025-02-15 16:00:00,14230.793875859268,13683.1925879832,12202.412704084934
forecast_1097,2025-02-15 17:00:00,15042.113419130894,14257.69229177244,12908.932671893992
forecast_1098,2025-02-15 18:00:00,16442.493101783217,15816.171030808091,14645.755787936352
forecast_1099,2025-02-15 19:00:00,18780.58106952859,17135.70549094249,16379.843486677786
forecast_1100,2025-02-15 20:00:00,19625.225920918812,18506.009989405677,17368.607603428798
forecast_1101,2025-02-15 21:00:00,19625.225920918812,18506.009989405677,17368.607603428798
forecast_1102,2025-02-15 22:00:00,18977.340183256383,18548.862944164233,16975.486683264324
forecast_1103,2025-02-15 23:00:00,18977.340183256383,18681.2090712672,16975.486683264324
forecast_1104,2025-02-16 00:00:00,19188.12892239974,18944.692973037883,17326.841345744335
forecast_1105,2025-02-16 01:00:00,19959.391817513897,19146.424872833988,17001.123413114914
forecast_1106,2025-02-16 02:00:00,19951.61400234214,19056.151493851416,16571.003396982247
forecast_1107,2025-02-16 03:00:00,19657.861825137647,18776.246976436465,16223.711166832038
forecast_1108,2025-02-16 04:00:00,19251.657603810017,18338.24457795622,15612.68191190557
forecast_1109,2025-02-16 05:00:00,18500.43036994452,17878.72885379363,14887.821986441671
forecast_1110,2025-02-16 06:00:00,17909.184423570183,16725.47925394128,13776.945613613974
forecast_1111,2025-02-16 07:00:00,15998.662638082093,16435.894671036833,12797.52536349257
forecast_1112,2025-02-16 08:00:00,14763.671431926608,14927.5510157742,11434.07254150392
forecast_1113,2025-02-16 09:00:00,13932.65983859804,14814.226494269005,11364.086744677092
forecast_1114,2025-02-16 10:00:00,11159.391308678267,13388.364425030768,9218.481982822988
forecast_1115,2025-02-16 11:00:00,8492.54622292154,10122.522298609812,7318.587253851081
forecast_1116,2025-02-16 12:00:00,8492.54622292154,9518.523184783387,7318.587253851081
forecast_1117,2025-02-16 13:00:00,9827.567664203769,9518.523184783387,8141.455322607616
forecast_1118,2025-02-16 14:00:00,12684.42088963948,11957.161136121696,11065.862599089418
forecast_1119,2025-02-16 15:00:00,13732.117571657593,13726.26647952833,12335.97360535945
forecast_1120,2025-02-16 16:00:00,14832.662906613346,14751.766371190824,13342.60541912741
forecast_1121,2025-02-16 17:00:00,17142.20590887584,16951.300671040324,15777.172978715738
forecast_1122,2025-02-16 18:00:00,17316.80910195105,17161.90983537645,16392.42428252076
forecast_1123,2025-02-16 19:00:00,17316.80910195105,17161.90983537645,16392.42428252076
forecast_1124,2025-02-16 20:00:00,17316.80910195105,17486.68973561113,16385.12212043294
forecast_1125,2025-02-16 21:00:00,17436.197686724106,17795.990503911817,16385.12212043294
forecast_1126,2025-02-16 22:00:00,17436.197686724106,17795.990503911817,16385.12212043294
forecast_1127,2025-02-16 23:00:00,16779.914873200134,16445.580766864085,14882.673532693283
forecast_1128,2025-02-17 00:00:00,16394.5796133794,15822.441616278355,14289.240634525904
forecast_1129,2025-02-17 01:00:00,14533.970523219152,13038.870590588762,11175.368094172089
forecast_1130,2025-02-17 02:00:00,14295.983289031035,13258.031476793021,11292.86072402351
forecast_1131,2025-02-17 03:00:00,14049.218195108711,13258.031476793021,11292.86072402351
forecast_1132,2025-02-17 04:00:00,13238.146673976076,12782.788485177709,11115.381927256298
forecast_1133,2025-02-17 05:00:00,12880.641145251306,11823.608235197577,10153.489130074762
forecast_1134,2025-02-17 06:00:00,12880.641145251306,11800.823248078928,10120.658425706573
forecast_1135,2025-02-17 07:00:00,12957.56563519797,11800.823248078928,10120.658425706573
forecast_1136,2025-02-17 08:00:00,12957.56563519797,11700.917027703614,10120.658425706573
forecast_1137,2025-02-17 09:00:00,12860.587763148178,11520.811791020074,9469.516882404318
forecast_1138,2025-02-17 10:00:00,12860.587763148178,11422.721825237768,9441.399354271787
forecast_1139,2025-02-17 11:00:00,13135.327400434806,11422.721825237768,9441.399354271787
forecast_1140,2025-02-17 12:00:00,13347.436327588493,11711.657456328227,9735.425878424732
forecast_1141,2025-02-17 13:00:00,13421.01583425946,11711.657456328227,9735.425878424732
forecast_1142,2025-02-17 14:00:00,13421.01583425946,11609.372957193678,9540.978029365582
forecast_1143,2025-02-17 15:00:00,12837.776910124561,11013.657717050404,9283.64223014803
forecast_1144,2025-02-17 16:00:00,10616.499872498418,8937.680059751492,7459.116960236577
forecast_1145,2025-02-17 17:00:00,9348.521941570449,8270.860506776002,6991.702384998534
forecast_1146,2025-02-17 18:00:00,8736.044359865387,7328.417033845414,6013.353490579577
forecast_1147,2025-02-17 19:00:00,7796.243882850347,6626.362549324223,5295.494115622892
forecast_1148,2025-02-17 20:00:00,7711.587715684736,6595.2495125784935,4837.486862615409
forecast_1149,2025-02-17 21:00:00,6658.499758441081,6626.362549324223,4837.486862615409
forecast_1150,2025-02-17 22:00:00,6155.72639640673,6644.52571318793,5102.599575853583
forecast_1151,2025-02-17 23:00:00,6142.075255233903,7027.846639031457,5130.460153471229
forecast_1152,2025-02-18 00:00:00,6148.900825820316,7170.09891831465,5190.356055235401
forecast_1153,2025-02-18 01:00:00,8582.764160050636,8801.087218796318,7278.936155992507
forecast_1154,2025-02-18 02:00:00,10598.157573046166,9949.63843792623,8663.680712173793
forecast_1155,2025-02-18 03:00:00,11171.400891297217,10049.587948584403,8807.643372562992
forecast_1156,2025-02-18 04:00:00,11698.394670833832,10720.417342145021,9095.141755930339
forecast_1157,2025-02-18 05:00:00,12293.925346620556,10915.655267548029,9408.066449858743
forecast_1158,2025-02-18 06:00:00,12542.915608449597,12244.472501782553,10168.099527834047
forecast_1159,2025-02-18 07:00:00,12542.915608449597,12244.472501782553,10168.099527834047
forecast_1160,2025-02-18 08:00:00,12066.968935412235,12123.181091006321,9976.486328663561
forecast_1161,2025-02-18 09:00:00,11759.545347309295,10845.88522562787,9238.927943055987
forecast_1162,2025-02-18 10:00:00,11207.150092189862,10760.324127596032,9029.171869939779
forecast_1163,2025-02-18 11:00:00,11207.150092189862,10733.733074292266,9029.171869939779
forecast_1164,2025-02-18 12:00:00,11478.631341348104,10733.733074292266,9059.671374910868
forecast_1165,2025-02-18 13:00:00,12618.082629653587,11322.122679457225,9066.475477889018
forecast_1166,2025-02-18 14:00:00,12938.039516852135,11435.01674878105,9364.323178094985
forecast_1167,2025-02-18 15:00:00,13180.34967219906,11435.01674878105,9364.323178094985
forecast_1168,2025-02-18 16:00:00,13180.34967219906,10789.296087910596,8970.58481386725
forecast_1169,2025-02-18 17:00:00,12687.491508950896,10313.142922540366,8599.190338490884
forecast_1170,2025-02-18 18:00:00,12456.572993113192,10104.992142450858,8599.190338490884
forecast_1171,2025-02-18 19:00:00,11847.011614379924,10104.992142450858,8462.211864766046
forecast_1172,2025-02-18 20:00:00,11137.033935093677,10193.529215039249,7777.41021232211
forecast_1173,2025-02-18 21:00:00,11137.033935093677,10264.469635810918,7777.41021232211
forecast_1174,2025-02-18 22:00:00,11199.462824780217,11602.925268345301,8829.523619820282
forecast_1175,2025-02-18 23:00:00,11222.462140603386,11698.500079742744,9058.634109292345
forecast_1176,2025-02-19 00:00:00,11261.957793366295,11650.712674044022,8984.466169932577
forecast_1177,2025-02-19 01:00:00,11011.611230733724,11207.531415680432,8938.080040868199
forecast_1178,2025-02-19 02:00:00,12278.140396441619,12711.059144415118,10106.673635139476
forecast_1179,2025-02-19 03:00:00,12629.403352115754,13479.996846108334,10217.423135973217
forecast_1180,2025-02-19 04:00:00,13099.452300588402,13616.776084222383,10518.663259743282
forecast_1181,2025-02-19 05:00:00,13260.838107321115,13838.510169197643,10759.97515903984
forecast_1182,2025-02-19 06:00:00,13295.168982506708,13838.510169197643,10869.032927357912
forecast_1183,2025-02-19 07:00:00,13295.168982506708,13764.993489608678,10759.97515903984
forecast_1184,2025-02-19 08:00:00,13295.168982506708,13751.221866377744,10450.208988188344
forecast_1185,2025-02-19 09:00:00,10569.309546550938,11530.637676924645,8861.46084872535
forecast_1186,2025-02-19 10:00:00,8115.272907854339,8363.270474261555,6337.836409232848
forecast_1187,2025-02-19 11:00:00,6791.959301800199,6464.695262792116,4888.7381293155295
forecast_1188,2025-02-19 12:00:00,6269.854117310728,5540.414956209447,4554.823996310599
forecast_1189,2025-02-19 13:00:00,4902.852585023086,4590.880523749368,3496.1155720953493
forecast_1190,2025-02-19 14:00:00,4902.852585023086,4590.880523749368,3495.64365367311
forecast_1191,2025-02-19 15:00:00,5047.705111690144,4600.808518482982,3480.599810942978
forecast_1192,2025-02-19 16:00:00,5098.375653428167,4600.808518482982,3480.599810942978
forecast_1193,2025-02-19 17:00:00,5156.086574475839,4642.836046689921,3667.9330019066692
forecast_1194,2025-02-19 18:00:00,5289.997709597475,5350.683451306239,4098.781805779894
forecast_1195,2025-02-19 19:00:00,5983.343691627428,6361.449164067925,4889.311971060182
forecast_1196,2025-02-19 20:00:00,7017.676483116142,6965.562570194659,5467.123110394189
forecast_1197,2025-02-19 21:00:00,7955.758097058224,8233.963938729165,6333.7933585480205
forecast_1198,2025-02-19 22:00:00,9472.430480332874,10841.979944099246,7685.341319460057
forecast_1199,2025-02-19 23:00:00,10135.391710398,11512.210083065349,8331.163845108495
forecast_1200,2025-02-20 00:00:00,10439.118645799517,11736.441190402216,8340.89953464736
forecast_1201,2025-02-20 01:00:00,8210.800881974847,8841.24502044206,6756.7512007603755
forecast_1202,2025-02-20 02:00:00,8215.159325882447,9002.590446882901,6824.205226550335
forecast_1203,2025-02-20 03:00:00,8436.618967620909,9186.804940389271,6824.205226550335
forecast_1204,2025-02-20 04:00:00,8602.132443120776,9201.335958004987,6882.743937209915
forecast_1205,2025-02-20 05:00:00,8998.598942684106,9931.075662561354,7648.71894989354
forecast_1206,2025-02-20 06:00:00,9604.031679156928,10202.399870889934,7784.03122014654
forecast_1207,2025-02-20 07:00:00,10931.256225897045,11448.225601312075,9004.529220668543
forecast_1208,2025-02-20 08:00:00,12175.40198027102,13014.324253493638,10628.010839543662
forecast_1209,2025-02-20 09:00:00,12175.40198027102,13014.324253493638,10628.010839543662
forecast_1210,2025-02-20 10:00:00,10811.049919851259,11727.747414745802,9835.673372005513
forecast_1211,2025-02-20 11:00:00,10308.669578587951,10941.858195181405,9590.595929095243
forecast_1212,2025-02-20 12:00:00,9352.460077877533,9327.878086309682,7715.994494586232
forecast_1213,2025-02-20 13:00:00,8901.704731466514,8464.039061133095,6824.092477866257
forecast_1214,2025-02-20 14:00:00,8901.704731466514,8464.039061133095,6824.092477866257
forecast_1215,2025-02-20 15:00:00,8901.704731466514,8464.039061133095,6824.092477866257
forecast_1216,2025-02-20 16:00:00,8959.889477506904,7583.4450643881155,6424.935756665365
forecast_1217,2025-02-20 17:00:00,8959.889477506904,7583.4450643881155,6424.935756665365
forecast_1218,2025-02-20 18:00:00,9633.204708360265,8328.64629199107,6792.011680443886
forecast_1219,2025-02-20 19:00:00,9659.22816314969,9502.904248960846,8253.595467777392
forecast_1220,2025-02-20 20:00:00,9659.22816314969,9502.904248960846,8253.595467777392
forecast_1221,2025-02-20 21:00:00,7608.971534931257,8982.069642562867,6670.515564944259
forecast_1222,2025-02-20 22:00:00,7552.07634772519,8982.069642562867,6670.515564944259
forecast_1223,2025-02-20 23:00:00,7552.07634772519,9419.041742913281,6980.169368837819
forecast_1224,2025-02-21 00:00:00,8153.356359082827,10080.959410443178,7483.237428361452
forecast_1225,2025-02-21 01:00:00,10127.584430143539,10678.63391258333,7953.264310457281
forecast_1226,2025-02-21 02:00:00,10261.536702928384,10957.544225733192,8433.704111120658
forecast_1227,2025-02-21 03:00:00,10261.536702928384,10957.544225733192,8433.704111120658
forecast_1228,2025-02-21 04:00:00,8765.357949345127,9966.886494607774,7316.914083278236
forecast_1229,2025-02-21 05:00:00,8765.357949345127,9966.886494607774,7316.914083278236
forecast_1230,2025-02-21 06:00:00,9036.36892143793,10216.225071869092,7704.858483368533
forecast_1231,2025-02-21 07:00:00,9712.166227464055,10702.938765590914,8329.568131255823
forecast_1232,2025-02-21 08:00:00,9712.166227464055,10702.938765590914,8329.568131255823
forecast_1233,2025-02-21 09:00:00,9049.171274040778,10106.335556389593,7522.255389289503
forecast_1234,2025-02-21 10:00:00,6835.120159535393,6980.9167705839545,5511.547205908411
forecast_1235,2025-02-21 11:00:00,5375.006314291261,5635.279715960951,4572.608359478554
forecast_1236,2025-02-21 12:00:00,5090.342701846097,5142.685807178023,3871.859245749235
forecast_1237,2025-02-21 13:00:00,5090.342701846097,5142.685807178023,3871.859245749235
forecast_1238,2025-02-21 14:00:00,5833.989720252896,5276.399710824835,4193.1664329841915
forecast_1239,2025-02-21 15:00:00,5836.1560400042035,5943.371513873708,4738.166812356769
forecast_1240,2025-02-21 16:00:00,6038.777858945025,6132.380780909159,5049.1687216423425
forecast_1241,2025-02-21 17:00:00,6038.777858945025,6872.7254180337895,5473.5804119133845
forecast_1242,2025-02-21 18:00:00,10213.730379907705,9380.69810413052,7809.51624965342
forecast_1243,2025-02-21 19:00:00,11067.863521925477,9620.77885640287,8845.835751438906
forecast_1244,2025-02-21 20:00:00,11747.26573563775,10128.506357341605,9077.09613028952
forecast_1245,2025-02-21 21:00:00,12201.884725292311,10688.127797443774,9587.509019496414
forecast_1246,2025-02-21 22:00:00,12231.191669598604,11160.058392015215,10188.080346017769
forecast_1247,2025-02-21 23:00:00,12576.41438038851,11839.343374820412,10786.547065872322
forecast_1248,2025-02-22 00:00:00,12579.553538723121,12076.362131413207,10863.753993029226
forecast_1249,2025-02-22 01:00:00,13971.678706068597,12438.461998197827,11005.552252512887
forecast_1250,2025-02-22 02:00:00,14049.175904531674,12816.406586988864,11294.290838410408
forecast_1251,2025-02-22 03:00:00,14049.175904531674,12816.406586988864,11606.094226386545
forecast_1252,2025-02-22 04:00:00,13883.289956822642,12645.510540351414,11606.094226386545
forecast_1253,2025-02-22 05:00:00,12797.73866653265,12312.77085913021,10917.290557951606
forecast_1254,2025-02-22 06:00:00,12099.717846901805,12312.77085913021,9774.59634879874
forecast_1255,2025-02-22 07:00:00,11631.083117010807,12401.227608406942,9772.953637842782
forecast_1256,2025-02-22 08:00:00,11401.950606896266,12401.227608406942,9181.629712918799
forecast_1257,2025-02-22 09:00:00,8376.624865861182,9132.35229147871,7020.418571063475
forecast_1258,2025-02-22 10:00:00,5372.2714928224905,5646.871067184438,4133.019181583388
forecast_1259,2025-02-22 11:00:00,4772.069101647752,4774.557713745299,3647.4041445500343
forecast_1260,2025-02-22 12:00:00,4772.069101647752,4774.557713745299,3647.4041445500343
forecast_1261,2025-02-22 13:00:00,5496.0961815913815,5400.757027376111,4515.522760124932
forecast_1262,2025-02-22 14:00:00,5911.298739902872,6106.644194386027,5008.812366070844
forecast_1263,2025-02-22 15:00:00,6260.492847319992,6581.000568356646,5044.7742824157085
forecast_1264,2025-02-22 16:00:00,6739.39403972103,6799.201294377458,5542.386697451944
forecast_1265,2025-02-22 17:00:00,7430.462752163784,7152.930352597056,6498.084362260303
forecast_1266,2025-02-22 18:00:00,10047.062893474178,10147.485874276405,8646.73932475178
forecast_1267,2025-02-22 19:00:00,11702.360546358228,11898.560314051167,11024.134776542967
forecast_1268,2025-02-22 20:00:00,12851.614579955025,12573.661522324812,11738.104545857435
forecast_1269,2025-02-22 21:00:00,13579.47188962417,13617.31201134355,12950.370426764239
forecast_1270,2025-02-22 22:00:00,14499.961209179677,15289.380353578816,14766.302511043676
forecast_1271,2025-02-22 23:00:00,15010.881546131073,15908.620421580716,15342.981929967282
forecast_1272,2025-02-23 00:00:00,15057.738687733126,16190.131619389238,15533.005593655093
forecast_1273,2025-02-23 01:00:00,14274.772836793645,15744.231404964203,14872.30881370391
forecast_1274,2025-02-23 02:00:00,14287.269685680716,15849.684635672838,14918.799122366452
forecast_1275,2025-02-23 03:00:00,14661.899380273397,15912.427617783947,15088.293723730723
forecast_1276,2025-02-23 04:00:00,15289.861648524979,16118.893469114912,15160.424883973756
forecast_1277,2025-02-23 05:00:00,15495.875237701137,16174.951352502942,15220.895397763905
forecast_1278,2025-02-23 06:00:00,16479.606043599262,16999.13472046383,15725.408724308361
forecast_1279,2025-02-23 07:00:00,17270.7607710682,17435.20192952047,16407.858282961417
forecast_1280,2025-02-23 08:00:00,17270.7607710682,17435.20192952047,16407.858282961417
forecast_1281,2025-02-23 09:00:00,16502.339827891545,17434.56929836864,15302.959862633212
forecast_1282,2025-02-23 10:00:00,15072.649426592727,15841.456669862331,13900.216091104185
forecast_1283,2025-02-23 11:00:00,14135.717414744528,14144.387223740876,12635.401159595534
forecast_1284,2025-02-23 12:00:00,14019.96565942132,13455.36445265811,11769.44919877241
forecast_1285,2025-02-23 13:00:00,13894.345671649555,13261.85622249246,11056.393635904267
forecast_1286,2025-02-23 14:00:00,13760.659959315502,12834.354418046143,11010.095853377421
forecast_1287,2025-02-23 15:00:00,13760.659959315502,12443.520686209678,10485.246902242276
forecast_1288,2025-02-23 16:00:00,13384.204832915962,11903.403209078886,10301.998015548903
forecast_1289,2025-02-23 17:00:00,12688.077171080682,9830.99810571094,8862.752787582054
forecast_1290,2025-02-23 18:00:00,11847.148230610099,9563.495398409576,8353.790411109501
forecast_1291,2025-02-23 19:00:00,10847.603369825074,9372.78282736211,8328.486547745775
forecast_1292,2025-02-23 20:00:00,10473.749684288572,9563.495398409576,8242.410430919133
forecast_1293,2025-02-23 21:00:00,10473.749684288572,10034.762449853934,8242.410430919133
forecast_1294,2025-02-23 22:00:00,10830.560620262058,10564.361064984645,8489.466602975397
forecast_1295,2025-02-23 23:00:00,11080.506688512829,11198.304905563933,9696.277826783678
forecast_1296,2025-02-24 00:00:00,11519.30803166839,11827.374895677327,10309.15876072572
forecast_1297,2025-02-24 01:00:00,15128.003732688654,15483.140628913317,13847.908383634396
forecast_1298,2025-02-24 02:00:00,16139.812033594608,16562.014494592346,14599.790172422681
forecast_1299,2025-02-24 03:00:00,17824.69478952437,17304.256386215646,14722.074311551405
forecast_1300,2025-02-24 04:00:00,17824.69478952437,17304.256386215646,14722.074311551405
forecast_1301,2025-02-24 05:00:00,17466.268665319163,17207.8999748891,14609.834170457223
forecast_1302,2025-02-24 06:00:00,17233.690973418048,16990.78045662029,14229.159314023296
forecast_1303,2025-02-24 07:00:00,16853.87913774452,15942.072089747011,13814.67763824733
forecast_1304,2025-02-24 08:00:00,15887.553824582737,15082.627884861591,13200.457631504789
forecast_1305,2025-02-24 09:00:00,14103.434562666482,13627.446653916984,11585.819974002046
forecast_1306,2025-02-24 10:00:00,10065.039676445444,9548.829287522605,7906.586561367734
forecast_1307,2025-02-24 11:00:00,8589.350133531116,9340.14373243402,7799.771969386895
forecast_1308,2025-02-24 12:00:00,8221.436034874312,9147.933583719561,7611.7795794930025
forecast_1309,2025-02-24 13:00:00,7947.161923732571,8955.581361825985,7444.358797146392
forecast_1310,2025-02-24 14:00:00,7947.161923732571,8843.339098776727,7373.087498631285
forecast_1311,2025-02-24 15:00:00,7987.700450892417,8955.581361825985,7373.087498631285
forecast_1312,2025-02-24 16:00:00,9069.486361411778,10083.21907766647,8667.898070190371
forecast_1313,2025-02-24 17:00:00,9788.921276394765,10195.650677700809,8861.456709886217
forecast_1314,2025-02-24 18:00:00,12060.527767160966,13278.239283408579,11359.154064715192
forecast_1315,2025-02-24 19:00:00,13706.280914196679,14730.862097919318,13190.483592414646
forecast_1316,2025-02-24 20:00:00,15734.026218569812,16790.0160550222,15378.23505200057
forecast_1317,2025-02-24 21:00:00,17677.468178066258,18225.51063652359,16591.31678599125
forecast_1318,2025-02-24 22:00:00,19320.884395068253,19327.896959773316,17788.119351573376
forecast_1319,2025-02-24 23:00:00,19611.41878033078,19610.062912934714,17973.923939492597
forecast_1320,2025-02-25 00:00:00,20010.483348966787,19901.717330313913,18557.208593184292
forecast_1321,2025-02-25 01:00:00,20384.77796791341,20131.750416117233,19113.653327925145
forecast_1322,2025-02-25 02:00:00,20495.834948614316,20401.448248323155,19145.246513805898
forecast_1323,2025-02-25 03:00:00,20824.318630324153,20455.73572016928,19419.10260931653
forecast_1324,2025-02-25 04:00:00,20824.318630324153,20581.67895726026,19442.86170695143
forecast_1325,2025-02-25 05:00:00,20847.140800185967,20841.540084950928,19768.566360195786
forecast_1326,2025-02-25 06:00:00,21075.793737655014,20984.98054936574,20008.423955179216
forecast_1327,2025-02-25 07:00:00,21075.793737655014,21066.29605358393,20008.423955179216
forecast_1328,2025-02-25 08:00:00,21119.44873667732,21092.51051383002,19781.843814958178
forecast_1329,2025-02-25 09:00:00,20865.481340182603,21066.29605358393,19541.1758649168
forecast_1330,2025-02-25 10:00:00,19915.134083703277,20392.577096165696,19203.749343402123
forecast_1331,2025-02-25 11:00:00,18327.17338508816,19552.30238322077,17789.082140948023
forecast_1332,2025-02-25 12:00:00,16323.933817227966,17546.034668838078,15815.959207220138
forecast_1333,2025-02-25 13:00:00,15608.94635302152,16676.989358948,15153.43479720905
forecast_1334,2025-02-25 14:00:00,15608.94635302152,16676.989358948,15153.43479720905
forecast_1335,2025-02-25 15:00:00,16988.002371168594,17464.273283004935,16206.57360794256
forecast_1336,2025-02-25 16:00:00,17902.569924937576,18178.193358158434,16991.5418876522
forecast_1337,2025-02-25 17:00:00,18352.963087163233,18984.86216492582,17859.31273206707
forecast_1338,2025-02-25 18:00:00,19033.943739314782,19488.48164539714,18297.841083886004
forecast_1339,2025-02-25 19:00:00,19563.521594202917,19767.470285294585,18729.73175867965
forecast_1340,2025-02-25 20:00:00,19741.36267537986,19767.470285294585,18827.018330493054
forecast_1341,2025-02-25 21:00:00,19824.411872924105,19649.43778356861,18827.018330493054
forecast_1342,2025-02-25 22:00:00,19741.36267537986,19578.672094692396,18810.823787399953
forecast_1343,2025-02-25 23:00:00,19392.033331028124,19341.669369983247,18694.77433209953
forecast_1344,2025-02-26 00:00:00,19349.788030812848,19208.00120553838,18553.820677301694
forecast_1345,2025-02-26 01:00:00,19360.4890691264,18546.74427306553,18266.032670583325
forecast_1346,2025-02-26 02:00:00,19289.771225938,18475.43495627226,18264.091344989596
forecast_1347,2025-02-26 03:00:00,19094.08343287038,18409.490862416795,18191.07189585358
forecast_1348,2025-02-26 04:00:00,18906.70020304973,18255.42777069933,17749.750733978224
forecast_1349,2025-02-26 05:00:00,18429.323153330013,18255.42777069933,17283.08641793856
forecast_1350,2025-02-26 06:00:00,17940.922165802032,18255.42777069933,17225.118871244937
forecast_1351,2025-02-26 07:00:00,17123.28997700903,18229.437316469786,17050.159962954513
forecast_1352,2025-02-26 08:00:00,16387.93847192588,17941.31547350149,16066.120434924129
forecast_1353,2025-02-26 09:00:00,15481.224317155593,17274.90065574419,14445.240939961395
forecast_1354,2025-02-26 10:00:00,13689.022104232146,15517.140320354692,12728.191458678393
forecast_1355,2025-02-26 11:00:00,12930.326370841896,13594.030976179076,11294.927524052518
forecast_1356,2025-02-26 12:00:00,12649.679871888411,12787.895224581232,10606.906607107343
forecast_1357,2025-02-26 13:00:00,12649.679871888411,12590.958580374438,10177.074783498218
forecast_1358,2025-02-26 14:00:00,12806.410511023281,12590.958580374438,10177.074783498218
forecast_1359,2025-02-26 15:00:00,13109.3052112303,12733.142044367301,10349.681046309644
forecast_1360,2025-02-26 16:00:00,13290.330555456805,13541.68661664987,11152.69757081028
forecast_1361,2025-02-26 17:00:00,13365.41062942237,13982.082883910598,11802.164422215483
forecast_1362,2025-02-26 18:00:00,13705.219745524459,14142.82886581658,12607.364748882093
forecast_1363,2025-02-26 19:00:00,14876.029924863575,16469.453858834153,14270.75760969449
forecast_1364,2025-02-26 20:00:00,16997.085191927064,18125.362381347033,16447.55782116741
forecast_1365,2025-02-26 21:00:00,17430.036929011356,19023.62800659285,17164.888779598907
forecast_1366,2025-02-26 22:00:00,17430.036929011356,19036.156017317255,17164.888779598907
forecast_1367,2025-02-26 23:00:00,17430.036929011356,19100.482889011815,17164.888779598907
forecast_1368,2025-02-27 00:00:00,17240.71630111182,19453.661058437385,17363.43502462395
forecast_1369,2025-02-27 01:00:00,19106.35520023948,19886.496903318737,18081.230269478387
forecast_1370,2025-02-27 02:00:00,19181.872191799273,20250.42627104319,18374.957065168757
forecast_1371,2025-02-27 03:00:00,19638.50475928545,20394.16489316748,18584.857588932493
forecast_1372,2025-02-27 04:00:00,19657.863737485037,20394.16489316748,18632.296846698257
forecast_1373,2025-02-27 05:00:00,19638.50475928545,20333.897835320604,18584.857588932493
forecast_1374,2025-02-27 06:00:00,19657.863737485037,20110.024792025128,18247.621007497914
forecast_1375,2025-02-27 07:00:00,19304.516928175704,20063.579339970172,18220.683598730793
forecast_1376,2025-02-27 08:00:00,18946.646668988258,19077.998470337036,16936.707536648923
forecast_1377,2025-02-27 09:00:00,18348.025103929765,18272.353483121864,16124.67710749067
forecast_1378,2025-02-27 10:00:00,16703.383983373467,17854.16508239109,15854.907961200846
forecast_1379,2025-02-27 11:00:00,15098.48839445762,16647.971531573923,14560.442617493547
forecast_1380,2025-02-27 12:00:00,15098.48839445762,16090.586118794325,13899.841020741665
forecast_1381,2025-02-27 13:00:00,15098.48839445762,15816.706018746372,13494.581988178605
forecast_1382,2025-02-27 14:00:00,12424.327306959229,11989.251088915462,9524.301834928187
forecast_1383,2025-02-27 15:00:00,8832.45877834663,9360.246024540356,7861.78701636102
forecast_1384,2025-02-27 16:00:00,8457.30694795322,8868.447696295589,6952.114283929222
forecast_1385,2025-02-27 17:00:00,8251.1561172328,8868.447696295589,6482.384146105042
forecast_1386,2025-02-27 18:00:00,8251.1561172328,9018.298850005267,6482.384146105042
forecast_1387,2025-02-27 19:00:00,10234.826360750894,12275.248949827474,9068.73740950246
forecast_1388,2025-02-27 20:00:00,12198.518076777144,13483.968078222304,10432.985670320068
forecast_1389,2025-02-27 21:00:00,12217.398130996778,13711.356820040783,10867.15315111243
forecast_1390,2025-02-27 22:00:00,12901.177186518524,15573.478795583133,12588.514953379125
forecast_1391,2025-02-27 23:00:00,12901.177186518524,15573.478795583133,12588.514953379125
forecast_1392,2025-02-28 00:00:00,12272.697852013165,14948.778562842032,11733.07099791887
forecast_1393,2025-02-28 01:00:00,13316.060633407857,14801.915806556306,12961.435737366872
forecast_1394,2025-02-28 02:00:00,13767.124425289325,15326.429151596163,13826.175866943306
forecast_1395,2025-02-28 03:00:00,15734.985829383577,15706.267930748963,14508.216000738288
forecast_1396,2025-02-28 04:00:00,17358.063858499172,16538.099290986658,15193.996346889435
forecast_1397,2025-02-28 05:00:00,17358.063858499172,17249.62507064252,15564.652301064512
forecast_1398,2025-02-28 06:00:00,17516.985349991373,17369.489166812124,15774.335984601732
forecast_1399,2025-02-28 07:00:00,19133.32192850962,18404.9376125524,17027.281678490264
forecast_1400,2025-02-28 08:00:00,19133.32192850962,18577.835236968414,17032.51126431694
forecast_1401,2025-02-28 09:00:00,18790.423331806443,18577.835236968414,17032.51126431694
forecast_1402,2025-02-28 10:00:00,17551.388450960323,18195.578236652378,16005.398721165871
forecast_1403,2025-02-28 11:00:00,15602.441375437273,17312.077436791966,14370.540012581692
forecast_1404,2025-02-28 12:00:00,13541.313911947209,15259.154563881531,12351.64735782332
forecast_1405,2025-02-28 13:00:00,11481.564890997555,12708.643421107456,11167.270064857199
forecast_1406,2025-02-28 14:00:00,11481.564890997555,12674.901025985295,10820.523615320837
forecast_1407,2025-02-28 15:00:00,11640.615971256719,12708.643421107456,11167.270064857199
forecast_1408,2025-02-28 16:00:00,11883.165187568446,12862.361311642944,11197.952173379002
forecast_1409,2025-02-28 17:00:00,12706.46488042063,13366.189553786708,11512.279150007504
forecast_1410,2025-02-28 18:00:00,14068.891411857228,15095.439256507869,12204.031213736142
forecast_1411,2025-02-28 19:00:00,14936.161791300387,15291.006406539045,12204.031213736142
forecast_1412,2025-02-28 20:00:00,14936.161791300387,15291.006406539045,11867.229288569335
forecast_1413,2025-02-28 21:00:00,14484.200664591515,12987.021449977743,10514.319688653915
forecast_1414,2025-02-28 22:00:00,13698.737520250295,12771.817809592852,10514.319688653915
forecast_1415,2025-02-28 23:00:00,13519.549270966889,11881.565373312376,10110.334298734972
forecast_1416,2025-03-01 00:00:00,11975.541364146975,10324.412027491868,8931.906540722957
forecast_1417,2025-03-01 01:00:00,11333.573061261255,8884.210067254066,7289.390080724892
forecast_1418,2025-03-01 02:00:00,8869.02594376813,7155.7110200532825,5673.313374147888
forecast_1419,2025-03-01 03:00:00,6444.887011303148,5476.700839991064,4356.749773398642
forecast_1420,2025-03-01 04:00:00,5026.351127449332,4236.851049554697,3327.9362419282666
forecast_1421,2025-03-01 05:00:00,4296.011007788217,4040.487531494132,2770.307813435754
forecast_1422,2025-03-01 06:00:00,4296.011007788217,3837.4826877184605,2750.3691811518283
forecast_1423,2025-03-01 07:00:00,4272.628901790908,3837.4826877184605,2650.4052438761937
forecast_1424,2025-03-01 08:00:00,4213.314894992546,3636.8792225050584,2199.371868797308
forecast_1425,2025-03-01 09:00:00,3980.7994423408836,3170.7892578030087,2096.880997074143
forecast_1426,2025-03-01 10:00:00,3858.9595897370345,3170.7892578030087,2096.880997074143
forecast_1427,2025-03-01 11:00:00,3858.9595897370345,3705.5981309634417,2146.112572512793
forecast_1428,2025-03-01 12:00:00,3876.112455684366,3903.527614440534,2325.8668436627
forecast_1429,2025-03-01 13:00:00,4036.457299027472,3993.767964207629,2625.8302030868235
forecast_1430,2025-03-01 14:00:00,4128.02915546301,3993.767964207629,2625.8302030868235
forecast_1431,2025-03-01 15:00:00,4243.027591998835,3993.767964207629,2631.3746362409447
forecast_1432,2025-03-01 16:00:00,4278.253623321605,4395.1855957247335,2414.1985573241536
forecast_1433,2025-03-01 17:00:00,4321.705222199602,4456.448059634704,2552.7906264915
forecast_1434,2025-03-01 18:00:00,4278.253623321605,4456.448059634704,2552.7906264915
forecast_1435,2025-03-01 19:00:00,4367.644262142774,5121.683891926431,2567.052146148456
forecast_1436,2025-03-01 20:00:00,4086.844088087584,5121.683891926431,3436.105822301634
forecast_1437,2025-03-01 21:00:00,4367.644262142774,5030.99472675299,3505.9386235509614
forecast_1438,2025-03-01 22:00:00,4444.366272262971,5030.99472675299,4346.283748396068
forecast_1439,2025-03-01 23:00:00,4444.366272262971,5171.367162279021,4346.283748396068
forecast_1440,2025-03-02 00:00:00,4450.8549902507,5641.156939439745,4238.220669956737
forecast_1441,2025-03-02 01:00:00,5161.308185172069,6268.167628321551,4083.7671753371696
forecast_1442,2025-03-02 02:00:00,5130.243484210544,6181.829490667666,3911.085108053044
forecast_1443,2025-03-02 03:00:00,5117.2061969648685,5967.578206586259,3835.390733082303
forecast_1444,2025-03-02 04:00:00,4973.753267435787,5464.811760882635,3590.111040890655
forecast_1445,2025-03-02 05:00:00,4900.256065921324,5259.5402976924,3556.0370016249076
forecast_1446,2025-03-02 06:00:00,3834.463297445509,3951.465007903445,3101.937507457761
forecast_1447,2025-03-02 07:00:00,3298.542969067379,3374.1006104674057,2799.971566755728
forecast_1448,2025-03-02 08:00:00,3211.096207585426,3314.5355033322603,2760.6722841315104
forecast_1449,2025-03-02 09:00:00,3211.096207585426,3314.5355033322603,2453.941687679728
forecast_1450,2025-03-02 10:00:00,3211.096207585426,3582.5193157216845,2453.941687679728
forecast_1451,2025-03-02 11:00:00,3757.16380128153,4953.34170429633,3052.8109795278865
forecast_1452,2025-03-02 12:00:00,4079.0743801329936,6052.496928731525,3968.91972624194
forecast_1453,2025-03-02 13:00:00,4491.562279676994,6367.728215095916,4346.781506657934
forecast_1454,2025-03-02 14:00:00,4507.092067543442,6444.237940290923,4801.462518625667
forecast_1455,2025-03-02 15:00:00,5002.25533886203,6651.319479105923,5326.989278025844
forecast_1456,2025-03-02 16:00:00,7536.790559792798,9060.683953764637,7376.939900236117
forecast_1457,2025-03-02 17:00:00,9230.925978201525,10491.181508532982,8974.693180230592
forecast_1458,2025-03-02 18:00:00,10661.837987142168,12156.558414672723,10294.013013319982
forecast_1459,2025-03-02 19:00:00,11777.685503596362,13236.312053475101,11864.294620566716
forecast_1460,2025-03-02 20:00:00,11799.606554118043,13911.078582162874,11864.294620566716
forecast_1461,2025-03-02 21:00:00,11799.606554118043,13911.078582162874,11864.294620566716
forecast_1462,2025-03-02 22:00:00,12775.076944567201,14626.92828250138,12277.082979126344
forecast_1463,2025-03-02 23:00:00,12775.076944567201,14626.92828250138,12277.082979126344
forecast_1464,2025-03-03 00:00:00,12726.732581016566,14639.932005829392,12246.490322923572
forecast_1465,2025-03-03 01:00:00,14665.5429295293,16629.768071744038,14550.85444423222
forecast_1466,2025-03-03 02:00:00,14536.148038179366,16555.746031714978,14226.745632236729
forecast_1467,2025-03-03 03:00:00,14011.789658879308,16169.726712603073,13982.98531530832
forecast_1468,2025-03-03 04:00:00,14011.789658879308,16169.726712603073,13982.98531530832
forecast_1469,2025-03-03 05:00:00,14438.753699859397,16440.13315048001,14354.942096676019
forecast_1470,2025-03-03 06:00:00,15122.779289197573,17995.74011829397,15436.623822671003
forecast_1471,2025-03-03 07:00:00,15354.042194343929,17995.74011829397,15622.090274738206
forecast_1472,2025-03-03 08:00:00,15362.379059445555,17931.834007331636,15622.090274738206
forecast_1473,2025-03-03 09:00:00,15354.042194343929,17790.076172913967,15426.414032637756
forecast_1474,2025-03-03 10:00:00,14981.942406325368,17456.480628672136,14967.469675962468
forecast_1475,2025-03-03 11:00:00,14767.060820074841,17095.098667334278,14810.937324252105
forecast_1476,2025-03-03 12:00:00,13938.630836281554,16379.391968964097,14335.229022436391
forecast_1477,2025-03-03 13:00:00,13881.930612581895,16265.60484219924,14099.253780114494
forecast_1478,2025-03-03 14:00:00,13788.193368816708,16210.63470652229,13971.04641232389
forecast_1479,2025-03-03 15:00:00,13429.07733568595,16111.174670334078,13798.846792147
forecast_1480,2025-03-03 16:00:00,13407.340994732742,16111.174670334078,13748.932572821792
forecast_1481,2025-03-03 17:00:00,13407.340994732742,16111.174670334078,13692.904367097599
forecast_1482,2025-03-03 18:00:00,13198.542295140685,16084.500185085612,13668.207961586071
forecast_1483,2025-03-03 19:00:00,12999.664604548068,15702.958041780079,13128.497277693381
forecast_1484,2025-03-03 20:00:00,12999.664604548068,15702.958041780079,13128.497277693381
forecast_1485,2025-03-03 21:00:00,13097.891443217482,15806.75898081667,13147.938607590484
forecast_1486,2025-03-03 22:00:00,13540.877692593056,16096.157602973935,13676.435915234719
forecast_1487,2025-03-03 23:00:00,13757.726808936693,16249.8748568868,13676.435915234719
forecast_1488,2025-03-04 00:00:00,13840.77982975403,16558.35198423201,13903.93511245631
forecast_1489,2025-03-04 01:00:00,14071.30567810838,16167.64108517568,13874.046014588313
forecast_1490,2025-03-04 02:00:00,14151.824058710465,15971.87700729543,13911.044204552387
forecast_1491,2025-03-04 03:00:00,14151.824058710465,15971.87700729543,13911.044204552387
forecast_1492,2025-03-04 04:00:00,14210.60992115068,16750.660297427094,14143.777302436734
forecast_1493,2025-03-04 05:00:00,14339.18492703108,16965.558207626702,14164.338848896348
forecast_1494,2025-03-04 06:00:00,14968.573690054058,17079.189985701938,14566.541090976541
forecast_1495,2025-03-04 07:00:00,15110.896658609416,17266.937917104056,14650.377747995039
forecast_1496,2025-03-04 08:00:00,15334.06520643934,17266.937917104056,14650.377747995039
forecast_1497,2025-03-04 09:00:00,15334.06520643934,16965.35827156264,14647.43945818849
forecast_1498,2025-03-04 10:00:00,15227.107968297832,16965.35827156264,14583.403401964495
forecast_1499,2025-03-04 11:00:00,15227.107968297832,17095.767063161955,14583.403401964495
forecast_1500,2025-03-04 12:00:00,15321.550745528088,17178.06517415603,14624.48523864028
forecast_1501,2025-03-04 13:00:00,15321.550745528088,17516.260107801354,14823.024794480865
forecast_1502,2025-03-04 14:00:00,15277.346646120632,17749.05761442239,15017.408541552346
forecast_1503,2025-03-04 15:00:00,14675.36018144284,18028.880204105048,15157.59734663705
forecast_1504,2025-03-04 16:00:00,14603.99209171056,18028.880204105048,15157.59734663705
forecast_1505,2025-03-04 17:00:00,14533.4272959864,18177.008762100333,15157.59734663705
forecast_1506,2025-03-04 18:00:00,14011.567495059093,18096.538039488445,15011.744241420214
forecast_1507,2025-03-04 19:00:00,13977.426946197786,18096.538039488445,15011.744241420214
forecast_1508,2025-03-04 20:00:00,13977.426946197786,17972.26434549737,15011.744241420214
forecast_1509,2025-03-04 21:00:00,14298.826015057133,17826.480301708038,14866.261111856531
forecast_1510,2025-03-04 22:00:00,14298.826015057133,17826.480301708038,14916.510756938847
forecast_1511,2025-03-04 23:00:00,14084.082550522986,17665.134685105357,14866.261111856531
forecast_1512,2025-03-05 00:00:00,13191.474798109388,16475.16907034671,13776.142498307372
forecast_1513,2025-03-05 01:00:00,5708.753927985225,8673.175771338694,6223.330927803985
forecast_1514,2025-03-05 02:00:00,6084.180511350293,8423.429147812612,6200.881262386443
forecast_1515,2025-03-05 03:00:00,5421.820499889842,8351.15038997476,5795.213245249253
forecast_1516,2025-03-05 04:00:00,5226.270575227057,7340.350786042317,5137.094208717377
forecast_1517,2025-03-05 05:00:00,4594.624846955199,7320.867949995436,4769.897276209118
forecast_1518,2025-03-05 06:00:00,4594.624846955199,6724.504823843922,4626.403259428247
forecast_1519,2025-03-05 07:00:00,4614.413393271123,6724.504823843922,4626.403259428247
forecast_1520,2025-03-05 08:00:00,4614.413393271123,5682.439925135506,3718.8430787989537
forecast_1521,2025-03-05 09:00:00,3812.0619038524856,4592.346292553622,3069.373630674838
forecast_1522,2025-03-05 10:00:00,3660.5762113339742,4139.186956136219,3021.82852616966
forecast_1523,2025-03-05 11:00:00,3372.745514006415,3650.6638672295276,2737.0939672233158
forecast_1524,2025-03-05 12:00:00,3097.885756113824,3338.4178781197056,2528.4515651027154
forecast_1525,2025-03-05 13:00:00,2985.9360203069373,3313.497832884548,2514.6577079415974
forecast_1526,2025-03-05 14:00:00,2934.045070848678,3273.000854969253,2397.3075197089333
forecast_1527,2025-03-05 15:00:00,2985.9360203069373,3313.497832884548,2490.757198595188
forecast_1528,2025-03-05 16:00:00,2908.7178716989292,3282.255061214637,2413.1967185015874
forecast_1529,2025-03-05 17:00:00,2716.3536749119967,3282.255061214637,2413.1967185015874
forecast_1530,2025-03-05 18:00:00,2716.3536749119967,3233.302864694334,2413.1967185015874
forecast_1531,2025-03-05 19:00:00,2898.5521229404703,3233.302864694334,2444.716564357709
forecast_1532,2025-03-05 20:00:00,3252.0035949164976,3372.4871614619437,2641.622951708123
forecast_1533,2025-03-05 21:00:00,3315.162696601272,3450.8031615532227,2712.9323688544364
forecast_1534,2025-03-05 22:00:00,3516.2043090860134,3623.758593464407,3159.193656180275
forecast_1535,2025-03-05 23:00:00,3516.2043090860134,3623.758593464407,3179.037554823083
forecast_1536,2025-03-06 00:00:00,3387.297078582392,3595.092965228133,3181.58780646808
forecast_1537,2025-03-06 01:00:00,3117.4000837433587,3153.7155896599097,2605.1456533360683
forecast_1538,2025-03-06 02:00:00,3057.658654818966,3113.2810948258466,2583.503848108836
forecast_1539,2025-03-06 03:00:00,2825.116280843895,3046.0978839646677,2549.5085558336764
forecast_1540,2025-03-06 04:00:00,2779.9856780814152,2938.4198715383604,2443.1446162803186
forecast_1541,2025-03-06 05:00:00,2682.6737620703625,2913.067149009071,2352.0384086610434
forecast_1542,2025-03-06 06:00:00,2597.8281187318926,2913.067149009071,2312.5448471657114
forecast_1543,2025-03-06 07:00:00,2577.757559725187,2913.067149009071,2312.5448471657114
forecast_1544,2025-03-06 08:00:00,2386.0520866497927,2894.4718054473656,2312.5448471657114
forecast_1545,2025-03-06 09:00:00,2318.6651328725648,2515.1442203818438,2201.383370752539
forecast_1546,2025-03-06 10:00:00,2297.3123834699736,2393.3329096791977,2143.631288617802
forecast_1547,2025-03-06 11:00:00,2318.6651328725648,2357.0756471127484,2123.6691825431303
forecast_1548,2025-03-06 12:00:00,2383.1021717202293,2353.294448728135,2123.6691825431303
forecast_1549,2025-03-06 13:00:00,2600.323004832566,2353.294448728135,2123.6691825431303
forecast_1550,2025-03-06 14:00:00,2707.739705102138,2746.7582132813122,2439.7555293776836
forecast_1551,2025-03-06 15:00:00,2707.739705102138,2851.8263371836783,2496.9697008852936
forecast_1552,2025-03-06 16:00:00,2633.531965678243,2857.6424262588876,2496.9697008852936
forecast_1553,2025-03-06 17:00:00,2606.645126612094,2857.6424262588876,2457.076256035616
forecast_1554,2025-03-06 18:00:00,2606.645126612094,2802.1757072825467,2457.076256035616
forecast_1555,2025-03-06 19:00:00,2701.5825892180355,2802.1757072825467,2462.2258020012405
forecast_1556,2025-03-06 20:00:00,2862.5657158655877,2995.914010355201,2855.814106244854
forecast_1557,2025-03-06 21:00:00,3678.027383214261,3775.7133627291037,3347.4178721363396
forecast_1558,2025-03-06 22:00:00,3994.403542844856,3853.465366135438,3789.4566376581456
forecast_1559,2025-03-06 23:00:00,3994.403542844856,4079.916206140863,3789.4566376581456
forecast_1560,2025-03-07 00:00:00,3955.159626319296,4155.199471283153,3774.705958185108
forecast_1561,2025-03-07 01:00:00,3295.065016694064,2995.406550735146,2707.9212617642897
forecast_1562,2025-03-07 02:00:00,3213.9452587526985,2892.571084422255,2680.354139559623
forecast_1563,2025-03-07 03:00:00,3289.206947869142,3113.6193687476784,2735.4883839689564
forecast_1564,2025-03-07 04:00:00,3223.7559821546947,3569.7409881919357,3075.247849164395
forecast_1565,2025-03-07 05:00:00,3285.897340678739,3615.275304619413,3075.247849164395
forecast_1566,2025-03-07 06:00:00,3223.7559821546947,3615.275304619413,3060.4741071973817
forecast_1567,2025-03-07 07:00:00,2892.7113591267926,3035.417874359402,2383.260409206757
forecast_1568,2025-03-07 08:00:00,2854.2593049036695,2760.8084371895666,2383.260409206757
forecast_1569,2025-03-07 09:00:00,2892.7113591267926,2760.8084371895666,2472.366837399685
forecast_1570,2025-03-07 10:00:00,2779.347114459815,2911.2284189082134,2472.366837399685
forecast_1571,2025-03-07 11:00:00,2802.6723067285147,3137.4960877473122,2472.366837399685
forecast_1572,2025-03-07 12:00:00,2707.6573421417206,3137.4960877473122,2528.2280032844046
forecast_1573,2025-03-07 13:00:00,2695.4642746953014,3137.4960877473122,2567.5940753863542
forecast_1574,2025-03-07 14:00:00,2695.4642746953014,3132.861784098761,2659.994891481368
forecast_1575,2025-03-07 15:00:00,2809.8574500870054,3037.8094545809945,2659.994891481368
forecast_1576,2025-03-07 16:00:00,2852.7318845737864,3037.8094545809945,2617.951319638364
forecast_1577,2025-03-07 17:00:00,2893.022401937259,3104.482283574776,2617.951319638364
forecast_1578,2025-03-07 18:00:00,3073.663592542607,3223.4284901776346,2665.407700883066
forecast_1579,2025-03-07 19:00:00,3166.1629317300713,3293.395968107784,2665.407700883066
forecast_1580,2025-03-07 20:00:00,3166.1629317300713,3293.395968107784,2499.4534472347145
forecast_1581,2025-03-07 21:00:00,3181.8118993535163,3293.395968107784,2499.4534472347145
forecast_1582,2025-03-07 22:00:00,3686.205714873866,3776.653998483912,2788.2398542903948
forecast_1583,2025-03-07 23:00:00,3691.691638053171,3831.4985600839746,2789.907433692254
forecast_1584,2025-03-08 00:00:00,3741.1669362778357,4186.410600075946,2967.6269976490566
forecast_1585,2025-03-08 01:00:00,3933.313792401564,5039.140350622043,3572.088954353501
forecast_1586,2025-03-08 02:00:00,4111.373873177481,5483.336999664851,3642.273621893123
forecast_1587,2025-03-08 03:00:00,4213.572631332733,5574.117431151001,3656.8177279554484
forecast_1588,2025-03-08 04:00:00,4450.694730220933,5991.536996026069,3656.8177279554484
forecast_1589,2025-03-08 05:00:00,4530.0382184952305,6152.173770234247,3718.913186938764
forecast_1590,2025-03-08 06:00:00,4693.563822060069,7365.978534794374,4369.102919878136
forecast_1591,2025-03-08 07:00:00,4877.169835903984,7365.978534794374,4497.862898950063
forecast_1592,2025-03-08 08:00:00,4877.169835903984,7262.8289492466265,4497.862898950063
forecast_1593,2025-03-08 09:00:00,4676.140172435973,6230.864465148263,3731.3217611287723
forecast_1594,2025-03-08 10:00:00,4676.140172435973,5288.773766640579,3731.3217611287723
forecast_1595,2025-03-08 11:00:00,4705.706204468186,5245.797018518375,3785.0507523093706
forecast_1596,2025-03-08 12:00:00,4797.247437473324,5133.514214490008,3881.8137334259573
forecast_1597,2025-03-08 13:00:00,4912.8993974541845,5133.514214490008,3881.8137334259573
forecast_1598,2025-03-08 14:00:00,5487.809333011658,5944.359874203389,4868.620082550396
forecast_1599,2025-03-08 15:00:00,6686.671898632396,6916.591231156672,6020.46194283606
forecast_1600,2025-03-08 16:00:00,6746.259103365454,6916.591231156672,6020.46194283606
forecast_1601,2025-03-08 17:00:00,6785.627353323501,7239.249558241002,6363.540436700236
forecast_1602,2025-03-08 18:00:00,10360.210347427756,8570.283560788657,7322.264311345461
forecast_1603,2025-03-08 19:00:00,10360.210347427756,9403.782490954996,7637.17776276923
forecast_1604,2025-03-08 20:00:00,9516.338781358421,9728.294507469302,7637.17776276923
forecast_1605,2025-03-08 21:00:00,9516.338781358421,9967.106056178605,7637.17776276923
forecast_1606,2025-03-08 22:00:00,10719.983792615052,11631.288536399483,8784.928686490166
forecast_1607,2025-03-08 23:00:00,10955.719248454348,11987.371951590156,9757.806750389225
forecast_1608,2025-03-09 00:00:00,11196.589696489835,12618.680344179373,10156.480231837639
forecast_1609,2025-03-09 01:00:00,8033.861773808159,8551.0674618815,6463.936109765937
forecast_1610,2025-03-09 02:00:00,7798.402260945597,8199.783409642016,6063.233605379057
forecast_1611,2025-03-09 03:00:00,7714.627900172089,7887.539119745316,5903.974374472502
forecast_1612,2025-03-09 04:00:00,6666.598791065776,6782.703670522964,5451.445401922678
forecast_1613,2025-03-09 05:00:00,5402.965829166133,5633.181206312474,4828.201194697804
forecast_1614,2025-03-09 06:00:00,5058.961646181807,5238.309527432899,4551.17900046151
forecast_1615,2025-03-09 07:00:00,4694.081310870883,4911.609754219818,3956.8925549466935
forecast_1616,2025-03-09 08:00:00,3967.8203178204276,3788.7602887697526,3190.1880074859505
forecast_1617,2025-03-09 09:00:00,3294.6742215165104,3457.7442678180564,2770.7212056661047
forecast_1618,2025-03-09 10:00:00,2767.285397243305,2781.67466683541,2349.724689931976
forecast_1619,2025-03-09 11:00:00,2681.115132955404,2594.4403810655303,2269.264320131105
forecast_1620,2025-03-09 12:00:00,2471.4964214249303,2356.2288835704558,1991.7347865153454
forecast_1621,2025-03-09 13:00:00,2471.4964214249303,2356.2288835704558,1991.7347865153454
forecast_1622,2025-03-09 14:00:00,2546.978258291998,2582.7759301666056,2139.317074781933
forecast_1623,2025-03-09 15:00:00,2546.978258291998,2594.3698694141954,2204.2084680282187
forecast_1624,2025-03-09 16:00:00,2542.7310575062074,2582.7759301666056,2139.317074781933
forecast_1625,2025-03-09 17:00:00,2531.565314963679,2554.29443468264,2127.8191759025103
forecast_1626,2025-03-09 18:00:00,2542.7310575062074,2554.29443468264,2127.8191759025103
forecast_1627,2025-03-09 19:00:00,2887.4980770318007,2912.4074413292774,2393.962849265922
forecast_1628,2025-03-09 20:00:00,3139.782974344381,3182.9170490534693,2798.8098365887226
forecast_1629,2025-03-09 21:00:00,3187.323372065629,3328.8868819224163,2836.6171269720608
forecast_1630,2025-03-09 22:00:00,3702.2489130572185,3815.227272434566,3344.8399502313023
forecast_1631,2025-03-09 23:00:00,3900.218801834327,4220.915314753158,3551.039520109761
forecast_1632,2025-03-10 00:00:00,3984.9718838380904,4381.758770998719,3681.718684149887
forecast_1633,2025-03-10 01:00:00,5530.325047363269,6595.511951783599,4691.955270731676
forecast_1634,2025-03-10 02:00:00,6424.645515282738,6998.4543843624615,4897.700762191849
forecast_1635,2025-03-10 03:00:00,6854.164338394018,7046.351734720791,5030.936470241275
forecast_1636,2025-03-10 04:00:00,6854.164338394018,6998.4543843624615,5030.936470241275
forecast_1637,2025-03-10 05:00:00,6397.564083968543,6788.453836958417,4538.743859153386
forecast_1638,2025-03-10 06:00:00,6397.564083968543,6788.453836958417,4538.743859153386
forecast_1639,2025-03-10 07:00:00,6719.289302541169,6468.080551551869,4599.511929765455
forecast_1640,2025-03-10 08:00:00,6719.289302541169,6423.826468980895,4599.511929765455
forecast_1641,2025-03-10 09:00:00,5325.068904571912,5441.772145745556,3773.32436346099
forecast_1642,2025-03-10 10:00:00,4214.3505235433295,4527.356071758138,3355.3525756771314
forecast_1643,2025-03-10 11:00:00,3942.4468975148798,4493.494433268815,3299.837665539604
forecast_1644,2025-03-10 12:00:00,3824.2526918110398,4408.047349565879,3235.4194346847466
forecast_1645,2025-03-10 13:00:00,3824.2526918110398,4408.047349565879,3235.4194346847466
forecast_1646,2025-03-10 14:00:00,4541.389564615262,5390.209359886281,4188.531388841484
forecast_1647,2025-03-10 15:00:00,5076.228289094522,6078.015354574561,4818.6398883629845
forecast_1648,2025-03-10 16:00:00,5754.657894830427,6718.503636963855,5011.608906823498
forecast_1649,2025-03-10 17:00:00,5754.657894830427,7680.868637410295,5744.498662904369
forecast_1650,2025-03-10 18:00:00,6140.6314352360905,8068.479339289097,5758.083587087211
forecast_1651,2025-03-10 19:00:00,6140.6314352360905,8935.928365292026,6180.114833550874
forecast_1652,2025-03-10 20:00:00,7199.06736637036,9522.311420756214,6822.053817648819
forecast_1653,2025-03-10 21:00:00,8724.045255045528,10650.49251226461,8070.266105015417
forecast_1654,2025-03-10 22:00:00,11437.096716224745,12661.974331466852,10376.242942925492
forecast_1655,2025-03-10 23:00:00,14120.646456069235,14461.44934902041,12621.713509806215
forecast_1656,2025-03-11 00:00:00,14864.087979068037,15528.034644973879,14019.25840440877
forecast_1657,2025-03-11 01:00:00,17908.438893683742,17890.486184191213,15090.992491582765
forecast_1658,2025-03-11 02:00:00,18153.710017714693,17956.002111924914,15147.779456152044
forecast_1659,2025-03-11 03:00:00,18163.759123500877,17986.151266280183,15388.663516350945
forecast_1660,2025-03-11 04:00:00,18163.759123500877,17956.002111924914,15388.663516350945
forecast_1661,2025-03-11 05:00:00,17206.951384059972,17613.812588761946,14532.516086588807
forecast_1662,2025-03-11 06:00:00,17161.813889911653,16590.81530208257,13694.415755063616
forecast_1663,2025-03-11 07:00:00,14853.73413624615,13277.587790420785,10300.147900483827
forecast_1664,2025-03-11 08:00:00,9580.437573398534,8464.839211241007,7011.766892567084
forecast_1665,2025-03-11 09:00:00,5789.2488748833675,5450.363430963355,4475.866308207
forecast_1666,2025-03-11 10:00:00,4516.3626292719855,4251.123135793885,3255.640766095288
forecast_1667,2025-03-11 11:00:00,4077.1258676332095,4099.604782682767,2856.628059250941
forecast_1668,2025-03-11 12:00:00,3236.7622407175295,3140.206535765932,2661.6227240654193
forecast_1669,2025-03-11 13:00:00,3131.4559315976103,3140.206535765932,2661.6227240654193
forecast_1670,2025-03-11 14:00:00,3175.0422654043314,3219.867095954224,2662.891985234952
forecast_1671,2025-03-11 15:00:00,3175.0422654043314,3331.05911399873,2669.5247420274018
forecast_1672,2025-03-11 16:00:00,3175.0422654043314,3331.05911399873,2669.5247420274018
forecast_1673,2025-03-11 17:00:00,3417.748534546903,3394.3721610938073,2669.5247420274018
forecast_1674,2025-03-11 18:00:00,3919.661042953535,3849.09565564106,2839.0800346798105
forecast_1675,2025-03-11 19:00:00,4644.623013339417,5514.06456818694,3819.904262326679
forecast_1676,2025-03-11 20:00:00,5816.685377983503,6731.652629529544,4477.059105741185
forecast_1677,2025-03-11 21:00:00,8583.243914347331,8068.003838561721,6387.28001575238
forecast_1678,2025-03-11 22:00:00,10361.944753179218,9935.538980828293,7892.503022810925
forecast_1679,2025-03-11 23:00:00,15210.63257552369,15075.691913445316,12988.644602971026
forecast_1680,2025-03-12 00:00:00,16331.020905154308,16416.932840438352,14504.891989585409
forecast_1681,2025-03-12 01:00:00,16195.22299541433,16377.528488223204,14017.650162725371
forecast_1682,2025-03-12 02:00:00,15914.939995787814,16335.789917066915,13856.437762033755
forecast_1683,2025-03-12 03:00:00,14546.98609998012,15961.261716203511,12610.45479827797
forecast_1684,2025-03-12 04:00:00,14546.98609998012,15177.5502817239,12610.45479827797
forecast_1685,2025-03-12 05:00:00,15340.664153412916,15961.261716203511,13718.306822036451
forecast_1686,2025-03-12 06:00:00,17841.126971023852,17067.197080333797,15452.760094738875
forecast_1687,2025-03-12 07:00:00,19277.531340751884,18742.418554906988,17042.91559094157
forecast_1688,2025-03-12 08:00:00,19279.928948241268,19334.8128323684,17755.67299697033
forecast_1689,2025-03-12 09:00:00,19371.457837199465,19334.8128323684,17821.405612462062
forecast_1690,2025-03-12 10:00:00,19371.457837199465,19224.926313081996,17821.405612462062
forecast_1691,2025-03-12 11:00:00,18142.99503051873,17794.61428536816,16233.411281360915
forecast_1692,2025-03-12 12:00:00,18142.99503051873,17794.61428536816,16233.411281360915
forecast_1693,2025-03-12 13:00:00,18188.283231151057,18684.340808050092,17078.441496919444
forecast_1694,2025-03-12 14:00:00,18471.342339570037,18808.116700163522,17184.042882511916
forecast_1695,2025-03-12 15:00:00,18939.272369695864,18869.068604972803,17600.990722293645
forecast_1696,2025-03-12 16:00:00,19396.524502799606,18869.068604972803,18098.131489841333
forecast_1697,2025-03-12 17:00:00,19396.524502799606,18856.988920282514,18098.131489841333
forecast_1698,2025-03-12 18:00:00,19269.141001285698,18599.980478959522,17404.34929121351
forecast_1699,2025-03-12 19:00:00,17588.972208529023,17195.73021004578,16021.988009735467
forecast_1700,2025-03-12 20:00:00,15064.525394978824,15660.542797944323,14212.054636365161
forecast_1701,2025-03-12 21:00:00,13929.839925722226,14165.63692352287,12633.346710609654
forecast_1702,2025-03-12 22:00:00,12879.44630222348,13173.552816904037,10899.288993442526
forecast_1703,2025-03-12 23:00:00,12879.44630222348,13173.552816904037,10899.288993442526
forecast_1704,2025-03-13 00:00:00,12862.998891723073,13382.71085509591,11130.509362745679
forecast_1705,2025-03-13 01:00:00,14377.564254433179,15166.981252334044,12033.62162440474
forecast_1706,2025-03-13 02:00:00,14809.360529115447,15365.2392235762,12122.011718759291
forecast_1707,2025-03-13 03:00:00,14809.360529115447,15365.2392235762,12122.011718759291
forecast_1708,2025-03-13 04:00:00,14839.026798787905,15365.2392235762,11996.041946021642
forecast_1709,2025-03-13 05:00:00,14702.953724657926,15357.564729246666,11675.718360416868
forecast_1710,2025-03-13 06:00:00,13860.354825094802,15357.564729246666,11387.70388434926
forecast_1711,2025-03-13 07:00:00,12219.469164099768,14679.113769231839,10821.715735331378
forecast_1712,2025-03-13 08:00:00,12219.469164099768,14455.147733193371,9446.03817497311
forecast_1713,2025-03-13 09:00:00,12219.469164099768,13443.401423354251,9355.306573660735
forecast_1714,2025-03-13 10:00:00,9597.988953521039,10074.221035259912,7189.438517559015
forecast_1715,2025-03-13 11:00:00,5745.944275596057,5427.758405937153,3918.6592811617274
forecast_1716,2025-03-13 12:00:00,4067.3300558776978,4055.170940615944,2674.6470048660667
forecast_1717,2025-03-13 13:00:00,3884.149259932106,3330.848945151668,2333.3329054845512
forecast_1718,2025-03-13 14:00:00,3179.787377526817,2951.570914009888,2288.5202934570143
forecast_1719,2025-03-13 15:00:00,2687.546197464515,2829.1574092175956,2069.091036593837
forecast_1720,2025-03-13 16:00:00,2440.7433894086616,2440.204670132603,1931.3101312635888
forecast_1721,2025-03-13 17:00:00,2440.7433894086616,2440.204670132603,1931.3101312635888
forecast_1722,2025-03-13 18:00:00,3028.8441385348215,2821.9826068379107,2390.1996534789746
forecast_1723,2025-03-13 19:00:00,3263.951843653248,2853.1359671959262,2453.967003038806
forecast_1724,2025-03-13 20:00:00,3592.9054853147636,3228.5644661124916,2598.381296426289
forecast_1725,2025-03-13 21:00:00,3870.6073778036507,3650.4327120355183,2811.4971251363395
forecast_1726,2025-03-13 22:00:00,4440.783120759706,4883.094240098382,3500.0655703659013
forecast_1727,2025-03-13 23:00:00,4440.783120759706,4883.094240098382,3500.0655703659013
forecast_1728,2025-03-14 00:00:00,4448.902938242163,4715.646942999266,3441.167757933233
forecast_1729,2025-03-14 01:00:00,3565.2429692309197,3511.7041930936634,2371.3228012044897
forecast_1730,2025-03-14 02:00:00,3178.0162221212795,3199.7930882103033,2009.8774403207874
forecast_1731,2025-03-14 03:00:00,3167.4279762017068,3199.7930882103033,2009.8774403207874
forecast_1732,2025-03-14 04:00:00,2979.0393088955216,2914.314160583096,2108.6433604778067
forecast_1733,2025-03-14 05:00:00,2843.8562605660327,2914.314160583096,2108.6433604778067
forecast_1734,2025-03-14 06:00:00,2515.588871362109,2273.002174378905,1803.4940491416314
forecast_1735,2025-03-14 07:00:00,2515.588871362109,2273.002174378905,1803.4940491416314
forecast_1736,2025-03-14 08:00:00,2515.588871362109,2364.4942415828236,1991.3321905112368
forecast_1737,2025-03-14 09:00:00,2358.9174741035804,2367.3220227183892,1991.3321905112368
forecast_1738,2025-03-14 10:00:00,2351.1243373063026,2367.3220227183892,1918.0028207499442
forecast_1739,2025-03-14 11:00:00,2351.1243373063026,2517.3480253244406,1918.0028207499442
forecast_1740,2025-03-14 12:00:00,2478.9584470681157,2688.8108096682645,1986.0157102658286
forecast_1741,2025-03-14 13:00:00,2507.460826019337,2734.1744545770216,1988.4113129319326
forecast_1742,2025-03-14 14:00:00,2765.8966685094874,2751.041383466433,2208.238951628438
forecast_1743,2025-03-14 15:00:00,2841.067809511331,2751.041383466433,2208.238951628438
forecast_1744,2025-03-14 16:00:00,2841.067809511331,2501.9154595918453,2145.9077912002904
forecast_1745,2025-03-14 17:00:00,2455.489613413032,2420.5132355278165,1909.4644566501565
forecast_1746,2025-03-14 18:00:00,2455.489613413032,2420.5132355278165,1909.4644566501565
forecast_1747,2025-03-14 19:00:00,2763.2040813047715,2840.2915113290555,2235.9164753819664
forecast_1748,2025-03-14 20:00:00,2988.872437612814,2856.024808662625,2418.192219828755
forecast_1749,2025-03-14 21:00:00,3138.3989920439217,2903.9786964805717,2468.3574103317783
forecast_1750,2025-03-14 22:00:00,3307.990914408929,3462.623760488629,2863.4451651552627
forecast_1751,2025-03-14 23:00:00,3493.3803133011743,3563.4957069645907,2995.572987738653
forecast_1752,2025-03-15 00:00:00,3520.212711142084,3573.4828118276246,3014.179907350383
forecast_1753,2025-03-15 01:00:00,3970.518765618158,3998.219612957482,3348.035726330974
forecast_1754,2025-03-15 02:00:00,4015.956786576529,4165.022885787785,3406.7313148486264
forecast_1755,2025-03-15 03:00:00,4269.079541202175,4605.354136599071,3973.8978518994113
forecast_1756,2025-03-15 04:00:00,4592.667448525971,5288.679573855516,4122.919817164389
forecast_1757,2025-03-15 05:00:00,4875.096418320171,7439.9720034830925,5409.541579758588
forecast_1758,2025-03-15 06:00:00,4906.829362658098,8676.833143738311,5583.101204940887
forecast_1759,2025-03-15 07:00:00,5908.371852923926,9125.855592424046,6283.805437974217
forecast_1760,2025-03-15 08:00:00,5969.544626453228,9559.64472156431,6652.890859655733
forecast_1761,2025-03-15 09:00:00,7031.07924395458,10991.349826852242,7984.969825102611
forecast_1762,2025-03-15 10:00:00,7648.513972948634,10991.349826852242,8360.985864321929
forecast_1763,2025-03-15 11:00:00,7648.513972948634,10744.581468750432,8360.985864321929
forecast_1764,2025-03-15 12:00:00,6002.604312017072,8981.776696974832,6760.827772810288
forecast_1765,2025-03-15 13:00:00,5315.100971739215,7956.110689144054,6137.924439607847
forecast_1766,2025-03-15 14:00:00,4638.9107130219545,5264.093600316843,4234.699053055421
forecast_1767,2025-03-15 15:00:00,3628.689140036343,3830.7010983829764,3298.3157849611644
forecast_1768,2025-03-15 16:00:00,3578.7722621957273,3830.7010983829764,3297.413542291014
forecast_1769,2025-03-15 17:00:00,3429.7200312759223,3896.776096287502,3298.3157849611644
forecast_1770,2025-03-15 18:00:00,3154.933350123815,3896.776096287502,3297.413542291014
forecast_1771,2025-03-15 19:00:00,3036.7624583967563,3889.476573565574,2929.4736353050216
forecast_1772,2025-03-15 20:00:00,2871.993014300034,3746.145709091527,2914.8623342689043
forecast_1773,2025-03-15 21:00:00,2871.993014300034,3889.476573565574,2929.4736353050216
forecast_1774,2025-03-15 22:00:00,3258.164476084021,3638.395131339589,2850.45000639305
forecast_1775,2025-03-15 23:00:00,3258.164476084021,3638.395131339589,2850.45000639305
forecast_1776,2025-03-16 00:00:00,3155.1596115384746,3568.0786425852957,2826.8958588801906
forecast_1777,2025-03-16 01:00:00,2878.0293204994077,2857.0789714898465,2387.7765396600416
forecast_1778,2025-03-16 02:00:00,2871.954288467635,2836.5867958613217,2289.9542487144327
forecast_1779,2025-03-16 03:00:00,2682.5836664064855,2630.2414176562597,2156.329583562868
forecast_1780,2025-03-16 04:00:00,2535.3809646847485,2610.3133238463847,2156.329583562868
forecast_1781,2025-03-16 05:00:00,2432.0631357109532,2610.3133238463847,2154.9124697200205
forecast_1782,2025-03-16 06:00:00,2432.0631357109532,2610.3133238463847,2149.174719045851
forecast_1783,2025-03-16 07:00:00,2432.0631357109532,2632.385056852309,2149.174719045851
forecast_1784,2025-03-16 08:00:00,2447.576929365903,2703.954772144374,2293.7608807408974
forecast_1785,2025-03-16 09:00:00,2609.0484024197176,2699.243986576632,2385.7465153056
forecast_1786,2025-03-16 10:00:00,2716.578226373281,2988.0240662956903,2415.368290250917
forecast_1787,2025-03-16 11:00:00,2716.578226373281,3046.3444513962313,2729.927741665036
forecast_1788,2025-03-16 12:00:00,2962.1263391884568,3366.408188555891,2903.449266685006
forecast_1789,2025-03-16 13:00:00,3116.665777875992,3606.403970848681,2933.3327892860234
forecast_1790,2025-03-16 14:00:00,3713.597449828566,5119.637706282849,3982.8540958536455
forecast_1791,2025-03-16 15:00:00,5068.622806475529,8419.933015872371,6223.255140393827
forecast_1792,2025-03-16 16:00:00,6857.975560943529,8643.335494803701,7433.957067099292
forecast_1793,2025-03-16 17:00:00,8303.09850385769,9482.431181369264,7861.042272750589
forecast_1794,2025-03-16 18:00:00,9286.213214097002,10852.208947240968,8735.695841272762
forecast_1795,2025-03-16 19:00:00,9397.090910588067,10999.17119665848,8754.756761850967
forecast_1796,2025-03-16 20:00:00,12523.610266538928,11051.592803325988,10319.100299404834
forecast_1797,2025-03-16 21:00:00,12523.610266538928,11486.890164614193,10413.08706939271
forecast_1798,2025-03-16 22:00:00,12077.15933925734,11675.89781131758,10413.08706939271
forecast_1799,2025-03-16 23:00:00,9459.738436868241,11675.89781131758,9590.674341556147
forecast_1800,2025-03-17 00:00:00,8702.715283567593,10898.854993590874,9019.072908598968
forecast_1801,2025-03-17 01:00:00,12440.326423014372,12858.391781501117,10963.196366655695
forecast_1802,2025-03-17 02:00:00,12271.604863133316,12326.90219293195,10397.705309890587
forecast_1803,2025-03-17 03:00:00,12058.905388836558,11209.914185512012,9692.211847017908
forecast_1804,2025-03-17 04:00:00,10158.35712265812,9572.831541203941,7942.584708909787
forecast_1805,2025-03-17 05:00:00,9596.616968078499,8200.125532069082,6461.849827966389
forecast_1806,2025-03-17 06:00:00,7625.188381541211,7047.002423543454,6015.695743003427
forecast_1807,2025-03-17 07:00:00,4947.621886205481,5075.201124632065,3394.9259133711785
forecast_1808,2025-03-17 08:00:00,4210.501957131864,4172.713442297178,3381.655364854163
forecast_1809,2025-03-17 09:00:00,4210.501957131864,4172.713442297178,3381.655364854163
forecast_1810,2025-03-17 10:00:00,4445.388088400072,4714.595325155657,3846.7164634746564
forecast_1811,2025-03-17 11:00:00,4713.442425210889,5191.757168713526,4163.426349175459
forecast_1812,2025-03-17 12:00:00,5864.400800257883,6954.4817445069075,5850.830837767023
forecast_1813,2025-03-17 13:00:00,7975.248373475659,7953.83797661671,6796.030753650307
forecast_1814,2025-03-17 14:00:00,8450.961840044914,8313.162238216712,7219.61381101305
forecast_1815,2025-03-17 15:00:00,9045.491823458055,8404.19264524047,7219.61381101305
forecast_1816,2025-03-17 16:00:00,9271.598616390898,8404.19264524047,7133.114061554397
forecast_1817,2025-03-17 17:00:00,9271.598616390898,8389.645890840944,6775.710026840483
forecast_1818,2025-03-17 18:00:00,7811.326605222621,8389.645890840944,6775.710026840483
forecast_1819,2025-03-17 19:00:00,7811.326605222621,8641.722171227684,6956.600547924948
forecast_1820,2025-03-17 20:00:00,9914.451858719134,9789.896800862862,8439.556319652891
forecast_1821,2025-03-17 21:00:00,11673.453567483746,12287.115785168051,10253.742350582095
forecast_1822,2025-03-17 22:00:00,11673.453567483746,12666.305874921663,10253.742350582095
forecast_1823,2025-03-17 23:00:00,10492.861030673355,12666.305874921663,10112.522570544355
forecast_1824,2025-03-18 00:00:00,9713.450183470302,11884.448492338208,8878.708275274847
forecast_1825,2025-03-18 01:00:00,5477.547790212339,9298.911824685967,6384.229031957717
forecast_1826,2025-03-18 02:00:00,5153.089988954235,8440.652246677622,5897.101625590416
forecast_1827,2025-03-18 03:00:00,4501.384927537614,6460.262937640195,4345.084420299723
forecast_1828,2025-03-18 04:00:00,4120.237197519323,5472.98794497841,3935.498067975205
forecast_1829,2025-03-18 05:00:00,3982.3396579296905,5012.020294194033,3597.8674995957012
forecast_1830,2025-03-18 06:00:00,3962.558970271547,4299.86200173301,2707.449289654721
forecast_1831,2025-03-18 07:00:00,3945.029523490939,4256.268628953212,2681.55823663101
forecast_1832,2025-03-18 08:00:00,3945.029523490939,4299.86200173301,2707.449289654721
forecast_1833,2025-03-18 09:00:00,3945.029523490939,4256.268628953212,2723.706273730097
forecast_1834,2025-03-18 10:00:00,3261.5805694602523,3540.426325415941,2723.706273730097
forecast_1835,2025-03-18 11:00:00,3232.4535811746273,3012.497734911082,2464.362250683688
forecast_1836,2025-03-18 12:00:00,3232.4535811746273,3012.497734911082,2464.362250683688
forecast_1837,2025-03-18 13:00:00,3722.3039199365894,3839.666661307375,2978.8335706567827
forecast_1838,2025-03-18 14:00:00,4766.247054011653,5382.78847108119,3872.57441985032
forecast_1839,2025-03-18 15:00:00,7411.308778064856,7470.059627786343,5769.613869908218
forecast_1840,2025-03-18 16:00:00,10422.100575301745,9785.541528785358,7747.052679961537
forecast_1841,2025-03-18 17:00:00,11882.76846216047,11461.451070122499,9491.884645188096
forecast_1842,2025-03-18 18:00:00,12036.741392891048,12184.276174121242,10139.126464520148
forecast_1843,2025-03-18 19:00:00,12891.07066580232,13510.029039186722,11570.52821222324
forecast_1844,2025-03-18 20:00:00,12891.07066580232,13510.029039186722,11570.52821222324
forecast_1845,2025-03-18 21:00:00,10942.523163482187,11453.24095375869,9624.60764400718
forecast_1846,2025-03-18 22:00:00,9181.708059377856,9945.242722149935,7697.763651581125
forecast_1847,2025-03-18 23:00:00,6925.386300294453,8669.485558941284,6519.433904271305
forecast_1848,2025-03-19 00:00:00,6061.755349437781,7315.295476270741,5413.047534494067
forecast_1849,2025-03-19 01:00:00,3428.0946925647395,3474.2333034392605,2833.650025799784
forecast_1850,2025-03-19 02:00:00,3448.0503350068675,3468.586584645737,2855.744160419643
forecast_1851,2025-03-19 03:00:00,3448.0503350068675,3514.342694078415,2901.493659734758
forecast_1852,2025-03-19 04:00:00,3907.703939469023,4034.383949225857,3249.079758326102
forecast_1853,2025-03-19 05:00:00,3954.5796126411933,4212.385565589183,3249.079758326102
forecast_1854,2025-03-19 06:00:00,4164.9605070663265,4476.200524418307,3249.079758326102
forecast_1855,2025-03-19 07:00:00,4910.6542486174085,5465.015684576843,3635.156822928191
forecast_1856,2025-03-19 08:00:00,5426.40738133714,6535.325666386909,4770.13068066967
forecast_1857,2025-03-19 09:00:00,5571.146339780698,6535.325666386909,4804.453265284621
forecast_1858,2025-03-19 10:00:00,5800.877243743164,6535.325666386909,5315.597152795391
forecast_1859,2025-03-19 11:00:00,6188.459900988528,6890.471212601033,5781.273150301331
forecast_1860,2025-03-19 12:00:00,6853.338770365576,7277.811989847505,5887.5100720900255
forecast_1861,2025-03-19 13:00:00,7100.768984295264,7277.811989847505,5929.716240232145
forecast_1862,2025-03-19 14:00:00,7855.165847552121,7842.161004368834,6765.502798094674
forecast_1863,2025-03-19 15:00:00,8807.275713277344,8476.761071593162,7378.690401058307
forecast_1864,2025-03-19 16:00:00,10403.895955107126,9511.759382619852,8763.034645509306
forecast_1865,2025-03-19 17:00:00,11014.277355989849,10337.699823501793,8915.727443518761
forecast_1866,2025-03-19 18:00:00,12777.452691285946,12203.463197667254,10533.046406645508
forecast_1867,2025-03-19 19:00:00,12953.182805553524,12490.04957141636,10904.708355430814
forecast_1868,2025-03-19 20:00:00,13213.828494104682,12888.155390046766,11578.856662607768
forecast_1869,2025-03-19 21:00:00,13367.33099935788,14386.939916250329,12679.77965991279
forecast_1870,2025-03-19 22:00:00,13966.294134670752,16948.563747036125,13928.518046000881
forecast_1871,2025-03-19 23:00:00,14644.475899023639,17204.51583489831,14306.082016491198
forecast_1872,2025-03-20 00:00:00,14627.217757636152,17127.278568906415,14271.661478781005
forecast_1873,2025-03-20 01:00:00,17010.77787945185,18544.211656922547,15689.135894271887
forecast_1874,2025-03-20 02:00:00,17204.382939823085,18614.170741755817,15766.030660391934
forecast_1875,2025-03-20 03:00:00,17700.22281353009,18657.5139988035,16042.947521646754
forecast_1876,2025-03-20 04:00:00,17700.22281353009,18717.577012275833,16405.767170156298
forecast_1877,2025-03-20 05:00:00,17701.926534402653,18732.583236135608,16632.88106652043
forecast_1878,2025-03-20 06:00:00,17901.414284470986,19455.0496300025,17620.96787149683
forecast_1879,2025-03-20 07:00:00,18619.083690016243,19455.0496300025,17825.152825455254
forecast_1880,2025-03-20 08:00:00,18619.083690016243,19056.34846697335,17825.152825455254
forecast_1881,2025-03-20 09:00:00,18284.5778539285,18845.260924121016,17341.480296288486
forecast_1882,2025-03-20 10:00:00,16790.82721446801,18351.272936736612,16655.848992634466
forecast_1883,2025-03-20 11:00:00,16109.541593617665,18061.64824025423,15808.845643187045
forecast_1884,2025-03-20 12:00:00,16109.541593617665,17515.382271857285,15808.845643187045
forecast_1885,2025-03-20 13:00:00,17473.730112037258,17515.382271857285,16268.049808724174
forecast_1886,2025-03-20 14:00:00,18287.063446748107,18239.1883746351,17089.381886020285
forecast_1887,2025-03-20 15:00:00,18623.106847640083,18394.072198225873,17824.215545670115
forecast_1888,2025-03-20 16:00:00,18994.247966388695,18632.702145758758,18067.10517367596
forecast_1889,2025-03-20 17:00:00,19444.986897448864,18733.81366283542,18706.88136828022
forecast_1890,2025-03-20 18:00:00,19485.348948114388,18938.487815396806,18729.98045296094
forecast_1891,2025-03-20 19:00:00,19931.903171769434,19508.73796940133,18756.26996884608
forecast_1892,2025-03-20 20:00:00,19931.903171769434,19508.73796940133,18840.60592283566
forecast_1893,2025-03-20 21:00:00,19843.327430194473,19561.319891174833,19021.38144355191
forecast_1894,2025-03-20 22:00:00,19789.328877290263,19564.672640594472,19021.38144355191
forecast_1895,2025-03-20 23:00:00,19405.513139615778,19564.672640594472,18689.644231967584
forecast_1896,2025-03-21 00:00:00,19012.16944995193,19173.00869776063,18345.72047782748
forecast_1897,2025-03-21 01:00:00,19195.17440163042,19450.581729322155,18804.493059750337
forecast_1898,2025-03-21 02:00:00,19352.490119012924,19429.263637523363,18867.301830847144
forecast_1899,2025-03-21 03:00:00,19382.904165317475,19517.962596285914,19001.498019597013
forecast_1900,2025-03-21 04:00:00,19515.98265411741,19517.962596285914,19193.376779776532
forecast_1901,2025-03-21 05:00:00,19681.57746918381,19716.819951959253,19425.520225855435
forecast_1902,2025-03-21 06:00:00,19701.193393105663,19716.819951959253,19425.520225855435
forecast_1903,2025-03-21 07:00:00,20104.312002580118,19650.61373456126,19332.996695953545
forecast_1904,2025-03-21 08:00:00,20104.312002580118,19650.61373456126,19275.637857287657
forecast_1905,2025-03-21 09:00:00,19922.818241452205,19659.863223611057,19264.750887358037
forecast_1906,2025-03-21 10:00:00,19199.590238421253,19659.863223611057,19106.011735901895
forecast_1907,2025-03-21 11:00:00,18907.440358138683,19400.851945289087,18675.180692591635
forecast_1908,2025-03-21 12:00:00,18668.700451198394,19231.050792689923,18129.167179586133
forecast_1909,2025-03-21 13:00:00,18667.625681363315,19010.90673121596,17783.46905539884
forecast_1910,2025-03-21 14:00:00,18508.903363639958,18978.501842705526,17744.804252136713
forecast_1911,2025-03-21 15:00:00,18012.25598080638,18751.621200297843,17155.41794744117
forecast_1912,2025-03-21 16:00:00,18012.25598080638,18751.621200297843,17068.04127783414
forecast_1913,2025-03-21 17:00:00,18040.148571966907,18824.707518278774,17068.04127783414
forecast_1914,2025-03-21 18:00:00,18342.79946307111,18998.241939282125,17730.788165156868
forecast_1915,2025-03-21 19:00:00,18342.79946307111,18998.241939282125,18036.276055525566
forecast_1916,2025-03-21 20:00:00,18416.671599653717,19181.16432744544,18052.92366535142
forecast_1917,2025-03-21 21:00:00,18230.83284677888,18981.20080822984,18246.107973578924
forecast_1918,2025-03-21 22:00:00,18416.671599653717,19079.003291284214,18249.732979206667
forecast_1919,2025-03-21 23:00:00,18431.584740187005,19079.003291284214,18453.46946774009
forecast_1920,2025-03-22 00:00:00,18611.876089869653,19242.662659700036,18580.055095159383
forecast_1921,2025-03-22 01:00:00,19078.88255762519,19726.35656930659,18423.248971190853
forecast_1922,2025-03-22 02:00:00,19054.605163274915,19580.055053617936,18320.78817786884
forecast_1923,2025-03-22 03:00:00,18770.92884046997,18825.22801961197,17511.589813158946
forecast_1924,2025-03-22 04:00:00,18770.92884046997,18805.33125958759,17446.473801931174
forecast_1925,2025-03-22 05:00:00,18780.505511126434,18805.33125958759,17446.473801931174
forecast_1926,2025-03-22 06:00:00,19209.73121113245,18827.902398683444,17540.92722981005
forecast_1927,2025-03-22 07:00:00,19555.96654622929,18840.420778184925,17711.667143282277
forecast_1928,2025-03-22 08:00:00,19555.96654622929,18941.130459645665,17815.238901356526
forecast_1929,2025-03-22 09:00:00,19133.55203559352,19364.287981815778,18332.944048963775
forecast_1930,2025-03-22 10:00:00,18539.57923087337,19456.4075486026,18332.944048963775
forecast_1931,2025-03-22 11:00:00,18458.590892374224,19456.4075486026,18096.041564557054
forecast_1932,2025-03-22 12:00:00,18296.896430094373,18957.585256204347,17759.98829272452
forecast_1933,2025-03-22 13:00:00,18095.590656724915,18284.23366308135,17697.893426829127
forecast_1934,2025-03-22 14:00:00,17946.908920418267,18245.503195648762,17410.375681619964
forecast_1935,2025-03-22 15:00:00,16910.5574125982,17721.42168802198,17080.857009999323
forecast_1936,2025-03-22 16:00:00,16097.504558558669,17150.376625673154,16299.398359517261
forecast_1937,2025-03-22 17:00:00,16047.779420413153,16688.941307716967,15985.668373721452
forecast_1938,2025-03-22 18:00:00,16047.779420413153,16688.941307716967,15985.668373721452
forecast_1939,2025-03-22 19:00:00,17458.330118534304,18702.480180128114,17351.79446992688
forecast_1940,2025-03-22 20:00:00,17670.94880989137,18702.480180128114,17965.71420669301
forecast_1941,2025-03-22 21:00:00,17862.96240604895,18849.52186289889,18001.868651379118
forecast_1942,2025-03-22 22:00:00,18523.438997084646,18982.060257080913,18001.868651379118
forecast_1943,2025-03-22 23:00:00,18578.068740800394,19001.78137686047,17955.646115458236
forecast_1944,2025-03-23 00:00:00,18718.212317908088,18991.92081697069,17941.35258105218
forecast_1945,2025-03-23 01:00:00,15822.93801985852,17014.483936788478,15190.653403137549
forecast_1946,2025-03-23 02:00:00,15840.362894089147,17098.567477584682,15228.146421751911
forecast_1947,2025-03-23 03:00:00,15815.506252289073,16832.808055186797,15083.861120094734
forecast_1948,2025-03-23 04:00:00,15815.506252289073,16832.808055186797,15083.861120094734
forecast_1949,2025-03-23 05:00:00,15246.67389220134,16303.513625328322,13984.206161306318
forecast_1950,2025-03-23 06:00:00,13483.815065784764,14837.318152427224,11321.04027603265
forecast_1951,2025-03-23 07:00:00,9937.678071721322,11127.85758828464,7753.6896910312435
forecast_1952,2025-03-23 08:00:00,5073.1397150117355,7061.319137397773,4786.127688561217
forecast_1953,2025-03-23 09:00:00,4517.982142007073,4800.312655795668,3619.773849582023
forecast_1954,2025-03-23 10:00:00,3652.166235051236,3711.717553906481,2811.8685169970554
forecast_1955,2025-03-23 11:00:00,3416.655865000843,3618.794945674174,2727.435505477936
forecast_1956,2025-03-23 12:00:00,3177.132272201421,3496.37153318321,2727.435505477936
forecast_1957,2025-03-23 13:00:00,3103.165113537236,3456.1374724158472,2551.0161136398697
forecast_1958,2025-03-23 14:00:00,3103.165113537236,3496.37153318321,2733.3879687079184
forecast_1959,2025-03-23 15:00:00,3550.6527480725854,3915.755455506425,3107.551671397317
forecast_1960,2025-03-23 16:00:00,4087.3542304033303,6281.856823461692,4411.478278976761
forecast_1961,2025-03-23 17:00:00,4261.261508079561,6554.262007791705,4479.308390864968
forecast_1962,2025-03-23 18:00:00,4261.261508079561,6963.42315274493,4599.108519329338
forecast_1963,2025-03-23 19:00:00,4851.35898943577,7613.8401541338635,4991.849680898595
forecast_1964,2025-03-23 20:00:00,5276.179451052276,8629.106007567387,5787.5619992653355
forecast_1965,2025-03-23 21:00:00,7283.397528635502,10721.939109093897,7370.960891701308
forecast_1966,2025-03-23 22:00:00,8872.513062531054,13029.821587470904,9097.231018963761
forecast_1967,2025-03-23 23:00:00,11204.378382725885,14777.680232236835,11533.273607013547
forecast_1968,2025-03-24 00:00:00,12027.754590412696,15341.398624432626,12186.396751146147
forecast_1969,2025-03-24 01:00:00,12681.84702959578,14692.025342499976,11564.447045776637
forecast_1970,2025-03-24 02:00:00,12539.063933773392,14883.120688836156,11809.794908032369
forecast_1971,2025-03-24 03:00:00,12539.063933773392,14883.120688836156,11809.794908032369
forecast_1972,2025-03-24 04:00:00,10685.865850218413,13999.101418501541,11028.847591152524
forecast_1973,2025-03-24 05:00:00,10685.865850218413,13999.101418501541,11028.847591152524
forecast_1974,2025-03-24 06:00:00,13108.042119178008,15702.105611849449,12717.291977105131
forecast_1975,2025-03-24 07:00:00,13374.312053357233,15702.105611849449,13250.89608882022
forecast_1976,2025-03-24 08:00:00,13374.312053357233,15975.966288378422,14248.416644046563
forecast_1977,2025-03-24 09:00:00,13374.312053357233,15486.196441829949,13599.09393107479
forecast_1978,2025-03-24 10:00:00,14030.888112422377,15466.615237495318,13599.09393107479
forecast_1979,2025-03-24 11:00:00,14395.237985349253,15466.615237495318,13599.09393107479
forecast_1980,2025-03-24 12:00:00,14436.483667647235,15806.623096626237,13712.142671692165
forecast_1981,2025-03-24 13:00:00,15149.721465018001,15806.623096626237,14288.984413365153
forecast_1982,2025-03-24 14:00:00,14436.483667647235,15711.700989600564,13712.142671692165
forecast_1983,2025-03-24 15:00:00,14725.816447483281,15495.298667550802,13928.142123431571
forecast_1984,2025-03-24 16:00:00,14434.471886761836,15245.20495913094,13488.298312291223
forecast_1985,2025-03-24 17:00:00,13573.95956032115,14740.46294006238,13488.298312291223
forecast_1986,2025-03-24 18:00:00,13413.885148764117,14740.46294006238,13488.298312291223
forecast_1987,2025-03-24 19:00:00,13413.885148764117,14448.644490042425,13569.449437704032
forecast_1988,2025-03-24 20:00:00,13422.91804520607,14955.901758663696,13728.499195262175
forecast_1989,2025-03-24 21:00:00,13889.525423752708,15221.176885555678,14171.73990209662
forecast_1990,2025-03-24 22:00:00,14349.97415310672,15746.577010158493,14660.625894937555
forecast_1991,2025-03-24 23:00:00,16543.2550473298,17994.055124790502,16587.915614672456
forecast_1992,2025-03-25 00:00:00,16572.76512912324,18049.110215523026,16725.965821786383
forecast_1993,2025-03-25 01:00:00,17409.698041209333,18498.36726361212,16845.85209651194
forecast_1994,2025-03-25 02:00:00,17393.799060311012,18169.27040410708,16381.54246323916
forecast_1995,2025-03-25 03:00:00,15761.059307384137,17071.010586642915,14721.570300597574
forecast_1996,2025-03-25 04:00:00,13142.617062065303,13560.34375076332,11074.186368427625
forecast_1997,2025-03-25 05:00:00,8456.508607097789,10458.161383273131,7564.689514713702
forecast_1998,2025-03-25 06:00:00,6850.088638056347,9682.512943113477,6126.995055513754
forecast_1999,2025-03-25 07:00:00,6850.088638056347,9682.512943113477,6126.995055513754
forecast_2000,2025-03-25 08:00:00,6850.088638056347,10728.36867760251,7177.327149406908
forecast_2001,2025-03-25 09:00:00,7155.755180488256,10844.410369913214,7337.7737737382295
forecast_2002,2025-03-25 10:00:00,7502.01237521696,11296.681070414717,8276.06979204448
forecast_2003,2025-03-25 11:00:00,8372.0959389302,11485.561325748411,8397.678226676078
forecast_2004,2025-03-25 12:00:00,10233.070216718805,13985.958454989326,10921.60202263868
forecast_2005,2025-03-25 13:00:00,11630.243396877177,14550.332638004867,12235.389836844644
forecast_2006,2025-03-25 14:00:00,13316.950030344933,16301.692347704728,14729.67588778522
forecast_2007,2025-03-25 15:00:00,14422.596081803591,17661.721459209963,16602.159660857928
forecast_2008,2025-03-25 16:00:00,15561.582489430766,17661.721459209963,17163.934826077853
forecast_2009,2025-03-25 17:00:00,16892.141064987405,17615.988444462466,17179.283974991864
forecast_2010,2025-03-25 18:00:00,17381.09395958768,17466.672686327078,17670.025493768564
forecast_2011,2025-03-25 19:00:00,17381.09395958768,17483.57569372048,17670.025493768564
forecast_2012,2025-03-25 20:00:00,17381.09395958768,17483.57569372048,17670.025493768564
forecast_2013,2025-03-25 21:00:00,17816.289910247982,18146.14699562313,18162.023492491433
forecast_2014,2025-03-25 22:00:00,17816.289910247982,18422.298228735926,18162.023492491433
forecast_2015,2025-03-25 23:00:00,17791.71335209116,18660.225069441294,17694.42601337439
forecast_2016,2025-03-26 00:00:00,17740.755643677043,18709.235451015076,17600.411505970093
forecast_2017,2025-03-26 01:00:00,17095.566283563683,18290.67979328519,16987.97441620515
forecast_2018,2025-03-26 02:00:00,16779.088263370842,18215.360685931708,16917.34594737344
forecast_2019,2025-03-26 03:00:00,16542.046848272254,17705.033317677913,16115.993370499069
forecast_2020,2025-03-26 04:00:00,15010.147907375309,15713.441487396616,13931.494971627402
forecast_2021,2025-03-26 05:00:00,14199.341633412363,15683.004358688253,12556.176372504298
forecast_2022,2025-03-26 06:00:00,10894.513869074823,12431.862625890477,8539.974934472519
forecast_2023,2025-03-26 07:00:00,7491.549873319067,9191.58333178191,6053.600276440424
forecast_2024,2025-03-26 08:00:00,4036.4097909819543,5024.94785117374,2838.6258810253094
forecast_2025,2025-03-26 09:00:00,3856.2191334785452,4105.577090316965,2550.4627666973643
forecast_2026,2025-03-26 10:00:00,3134.049378970856,4077.7884997745728,2550.4627666973643
forecast_2027,2025-03-26 11:00:00,3128.097709523433,3916.774402152711,2631.8864137206792
forecast_2028,2025-03-26 12:00:00,3016.2857389106784,3916.774402152711,2631.8864137206792
forecast_2029,2025-03-26 13:00:00,3016.2857389106784,3916.774402152711,2607.540189131818
forecast_2030,2025-03-26 14:00:00,3130.30412702609,4117.669488240805,2607.540189131818
forecast_2031,2025-03-26 15:00:00,3647.0482572894753,5347.3369852654805,3565.6511657349515
forecast_2032,2025-03-26 16:00:00,3926.991681001104,5546.905550873201,3565.6511657349515
forecast_2033,2025-03-26 17:00:00,4034.285707032168,5903.8108215243865,3565.6511657349515
forecast_2034,2025-03-26 18:00:00,5121.869613096995,7552.687705348273,4911.447010652276
forecast_2035,2025-03-26 19:00:00,6975.839958815565,9212.659318289947,6186.771852152999
forecast_2036,2025-03-26 20:00:00,8697.65812446363,10572.396462508514,7719.217148146731
forecast_2037,2025-03-26 21:00:00,9609.967490669991,11612.259826294638,8840.025667519103
forecast_2038,2025-03-26 22:00:00,11778.45606022021,14463.932931795884,10644.92336392755
forecast_2039,2025-03-26 23:00:00,13686.03127746922,16683.110429249766,14503.372706599359
forecast_2040,2025-03-27 00:00:00,14233.112486595426,17156.666199978,15011.812939727237
forecast_2041,2025-03-27 01:00:00,16129.989292237244,18715.003951535524,16104.775609185537
forecast_2042,2025-03-27 02:00:00,16307.396771540192,18821.995837113456,16407.532656957024
forecast_2043,2025-03-27 03:00:00,16375.958621517662,18886.030888818346,16879.72213659062
forecast_2044,2025-03-27 04:00:00,16307.396771540192,18886.030888818346,16879.72213659062
forecast_2045,2025-03-27 05:00:00,14686.109060192857,17054.44745418251,15151.16309027963
forecast_2046,2025-03-27 06:00:00,13246.93809992043,15592.444699433918,13497.293150416288
forecast_2047,2025-03-27 07:00:00,13246.93809992043,15592.444699433918,13497.293150416288
forecast_2048,2025-03-27 08:00:00,13246.93809992043,15796.322998057638,13818.044278247762
forecast_2049,2025-03-27 09:00:00,12903.078281881455,15796.322998057638,13818.044278247762
forecast_2050,2025-03-27 10:00:00,10159.377867866022,13615.525095344481,11632.646811180039
forecast_2051,2025-03-27 11:00:00,10148.087478239007,13090.404077679159,11413.942300091363
forecast_2052,2025-03-27 12:00:00,9889.807196504164,11967.069941974467,9993.40081354678
forecast_2053,2025-03-27 13:00:00,8575.47677381727,11050.796304799635,8615.076258087822
forecast_2054,2025-03-27 14:00:00,8575.47677381727,11050.796304799635,8615.076258087822
forecast_2055,2025-03-27 15:00:00,8433.637431031895,9378.930302687095,7617.194450039529
forecast_2056,2025-03-27 16:00:00,6686.498668235719,7680.70483606882,5842.109479821054
forecast_2057,2025-03-27 17:00:00,6686.498668235719,7680.70483606882,5842.109479821054
forecast_2058,2025-03-27 18:00:00,8595.704839030035,9100.258387263475,7044.875122763212
forecast_2059,2025-03-27 19:00:00,9355.67952534839,9358.292078293598,7567.3004114440855
forecast_2060,2025-03-27 20:00:00,9584.899410242364,9568.488986585506,7567.3004114440855
forecast_2061,2025-03-27 21:00:00,11009.206247338469,10990.8167843269,9394.328424076797
forecast_2062,2025-03-27 22:00:00,11009.206247338469,11968.718947749165,9790.373211195725
forecast_2063,2025-03-27 23:00:00,10680.918548546686,11994.70935564607,9790.373211195725
forecast_2064,2025-03-28 00:00:00,10485.66451464539,11981.714151697617,9544.871421649219
forecast_2065,2025-03-28 01:00:00,3736.92385739195,4549.689524983259,2800.0949412463447
forecast_2066,2025-03-28 02:00:00,3498.274871501405,3962.3572100478723,2448.169783728593
forecast_2067,2025-03-28 03:00:00,3498.274871501405,3962.3572100478723,2448.169783728593
forecast_2068,2025-03-28 04:00:00,3138.746426685171,3850.410234484843,2339.3829584507585
forecast_2069,2025-03-28 05:00:00,3099.2873058933083,3545.640936011491,2339.3829584507585
forecast_2070,2025-03-28 06:00:00,2596.2312498742767,3167.9406248233295,1968.041509999999
forecast_2071,2025-03-28 07:00:00,2426.364629766659,3061.9070530608465,1968.041509999999
forecast_2072,2025-03-28 08:00:00,2394.43228856757,2985.209614442776,1795.7446849526027
forecast_2073,2025-03-28 09:00:00,2394.43228856757,2891.053470534527,2154.7011029403093
forecast_2074,2025-03-28 10:00:00,2506.3526805911424,2891.053470534527,2010.64018877032
forecast_2075,2025-03-28 11:00:00,2621.356958317757,2960.7499807709573,2010.64018877032
forecast_2076,2025-03-28 12:00:00,2621.356958317757,2989.9799394797174,2010.64018877032
forecast_2077,2025-03-28 13:00:00,2621.356958317757,3307.1409240177804,1950.373556679163
forecast_2078,2025-03-28 14:00:00,2628.941226740125,3359.625480417929,2118.580923147161
forecast_2079,2025-03-28 15:00:00,2628.941226740125,3307.1409240177804,2060.723367872145
forecast_2080,2025-03-28 16:00:00,2760.636393291862,3359.625480417929,2118.580923147161
forecast_2081,2025-03-28 17:00:00,2828.973375677041,3479.2588701445657,2128.9154939264
forecast_2082,2025-03-28 18:00:00,3889.367247963994,5683.682142168854,4188.147466471003
forecast_2083,2025-03-28 19:00:00,4314.802863726608,6400.5905701910415,4425.735041653363
forecast_2084,2025-03-28 20:00:00,4642.352820848896,6765.637303441735,4575.8816845611655
forecast_2085,2025-03-28 21:00:00,4804.077368711711,6510.184046880795,4425.735041653363
forecast_2086,2025-03-28 22:00:00,4903.982491902305,6510.184046880795,4585.03703711408
forecast_2087,2025-03-28 23:00:00,5006.1745498807595,6091.561958889601,4399.635828511615
forecast_2088,2025-03-29 00:00:00,5011.033810037652,5987.775528023663,4377.83231861035
forecast_2089,2025-03-29 01:00:00,2549.233752058368,2793.888963649699,1947.3928052155595
forecast_2090,2025-03-29 02:00:00,2575.587892267011,2874.3557505684557,1951.705012133383
forecast_2091,2025-03-29 03:00:00,2588.122486233242,3698.69499709639,1951.705012133383
forecast_2092,2025-03-29 04:00:00,3916.930825179185,4285.948898223995,2579.51912621272
forecast_2093,2025-03-29 05:00:00,5526.170615761322,7636.3346424267675,5256.450656549095
forecast_2094,2025-03-29 06:00:00,6695.320620324426,9125.830606565098,6623.902066971589
forecast_2095,2025-03-29 07:00:00,6862.273612019942,9125.830606565098,6623.902066971589
forecast_2096,2025-03-29 08:00:00,6862.273612019942,8779.560419650556,6553.483368896821
forecast_2097,2025-03-29 09:00:00,6862.273612019942,7794.200117380407,6133.531199449437
forecast_2098,2025-03-29 10:00:00,6868.53147920063,7794.200117380407,6133.531199449437
forecast_2099,2025-03-29 11:00:00,8685.90240028131,8490.705880557827,7126.664982332501
forecast_2100,2025-03-29 12:00:00,10422.009910968736,10646.597652052376,9320.572297242006
forecast_2101,2025-03-29 13:00:00,11620.296428591926,12236.307483699304,9812.637115083944
forecast_2102,2025-03-29 14:00:00,12500.769502717823,12832.268021157359,10716.769754950068
forecast_2103,2025-03-29 15:00:00,13522.355081039923,13720.285989392753,11318.922732780318
forecast_2104,2025-03-29 16:00:00,14004.784362192533,13720.285989392753,11432.784986114591
forecast_2105,2025-03-29 17:00:00,14004.784362192533,13601.54532617842,11432.784986114591
forecast_2106,2025-03-29 18:00:00,13934.928761399491,13569.353095054354,11195.18990650158
forecast_2107,2025-03-29 19:00:00,13404.910418754847,12407.345073163562,10440.875432440822
forecast_2108,2025-03-29 20:00:00,13404.910418754847,12407.345073163562,10440.875432440822
forecast_2109,2025-03-29 21:00:00,13644.419218865456,12613.960134070661,10509.549758041201
forecast_2110,2025-03-29 22:00:00,13644.419218865456,12613.960134070661,10509.549758041201
forecast_2111,2025-03-29 23:00:00,12856.405772286724,12485.413402656312,10183.941823918554
forecast_2112,2025-03-30 00:00:00,12709.158716509635,12094.928516336036,10088.05106544152
forecast_2113,2025-03-30 01:00:00,12839.255367098385,10920.729751152287,9290.415242141104
forecast_2114,2025-03-30 02:00:00,12603.803360237103,10742.661275769955,9096.107092894981
forecast_2115,2025-03-30 03:00:00,11593.450408677749,9469.97701240261,8353.254533521587
forecast_2116,2025-03-30 04:00:00,10758.719264069729,9011.775445244433,7946.3870074942015
forecast_2117,2025-03-30 05:00:00,9748.315244266354,8272.461140640715,7522.625243748731
forecast_2118,2025-03-30 06:00:00,9406.311266132512,7930.273470581225,7101.21712162746
forecast_2119,2025-03-30 07:00:00,8589.021895786078,7409.281000204542,6010.454694232103
forecast_2120,2025-03-30 08:00:00,8225.115623924,6583.809478943351,5562.015934287229
forecast_2121,2025-03-30 09:00:00,8123.137209437589,6583.809478943351,5562.015934287229
forecast_2122,2025-03-30 10:00:00,8225.115623924,6594.959976244272,5877.709259242934
forecast_2123,2025-03-30 11:00:00,8198.973284321602,6738.316115063423,6121.968768612525
forecast_2124,2025-03-30 12:00:00,8198.973284321602,6808.459614076758,6318.093432133395
forecast_2125,2025-03-30 13:00:00,8041.766658114159,7093.14344794426,6318.093432133395
forecast_2126,2025-03-30 14:00:00,7832.25987025578,7093.14344794426,6279.992076736029
forecast_2127,2025-03-30 15:00:00,6790.918157954216,6919.65648800782,5797.760148023724
forecast_2128,2025-03-30 16:00:00,6173.315128816701,5554.68507818762,4563.070211600932
forecast_2129,2025-03-30 17:00:00,6161.413282240721,5554.68507818762,4563.070211600932
forecast_2130,2025-03-30 18:00:00,6069.358216652974,5822.189730618329,4942.598957076432
forecast_2131,2025-03-30 19:00:00,6029.427100295285,6426.799560247378,5027.21038106284
forecast_2132,2025-03-30 20:00:00,5372.540268107587,6501.543184424358,5027.21038106284
forecast_2133,2025-03-30 21:00:00,5372.540268107587,6704.833724643595,5027.21038106284
forecast_2134,2025-03-30 22:00:00,7355.781549747184,8151.2612135160925,6847.678455956508
forecast_2135,2025-03-30 23:00:00,8957.341007565146,9448.96791640243,8237.990405168115
forecast_2136,2025-03-31 00:00:00,9015.711702606244,9861.17934558931,8306.144879861007
forecast_2137,2025-03-31 01:00:00,14250.403329575784,15550.37491338296,14112.75530581751
forecast_2138,2025-03-31 02:00:00,14141.298142667132,15083.04421043955,13852.106236154712
forecast_2139,2025-03-31 03:00:00,14141.298142667132,15083.04421043955,13060.872096733072
forecast_2140,2025-03-31 04:00:00,13732.086638590099,15230.033397293413,12717.456211400724
forecast_2141,2025-03-31 05:00:00,14103.259935593049,15230.033397293413,12423.289015322567
forecast_2142,2025-03-31 06:00:00,13428.394677740862,15160.705500977838,11955.74146702921
forecast_2143,2025-03-31 07:00:00,9633.529768749448,11506.469837244953,7775.950929997125
forecast_2144,2025-03-31 08:00:00,7369.948431141163,8720.80892944759,5980.807934073755
forecast_2145,2025-03-31 09:00:00,4992.224581934833,6647.946547504567,4395.780219996503
forecast_2146,2025-03-31 10:00:00,3948.0258328139425,4049.9489145806874,2954.9778274278024
forecast_2147,2025-03-31 11:00:00,3304.3550784070385,3317.7122276223026,2897.786881519821
forecast_2148,2025-03-31 12:00:00,3304.3550784070385,3317.7122276223026,2897.786881519821
forecast_2149,2025-03-31 13:00:00,4118.088570201927,3691.915962178071,3234.6890552070254
forecast_2150,2025-03-31 14:00:00,4270.203305596227,4050.3402972806994,3483.6154390043785
forecast_2151,2025-03-31 15:00:00,4177.1245935881125,3943.625850128028,3303.506480042084
forecast_2152,2025-03-31 16:00:00,4270.203305596227,4050.3402972806994,3530.3024944286117
forecast_2153,2025-03-31 17:00:00,4949.635946000661,4992.200730927298,3966.64081850029
forecast_2154,2025-03-31 18:00:00,5053.236443252128,6229.359008835492,4734.299264483012
forecast_2155,2025-03-31 19:00:00,7583.049725144821,8759.79761375145,6821.4884282949315
forecast_2156,2025-03-31 20:00:00,10028.271808476415,10606.72124263889,8212.796963655772
forecast_2157,2025-03-31 21:00:00,10982.321878384138,11982.218042342261,9377.92646212937
forecast_2158,2025-03-31 22:00:00,13632.039453773854,13701.989607176272,11324.150919912281
forecast_2159,2025-03-31 23:00:00,14154.91642004717,15411.308669166785,12841.952813047425
forecast_2160,2025-04-01 00:00:00,14327.419159680368,15430.627885423604,12995.083100743337
forecast_2161,2025-04-01 01:00:00,7550.263393635957,7438.95459756643,5161.043765074038
forecast_2162,2025-04-01 02:00:00,7679.922373173133,7230.610073112373,5281.5453943308175
forecast_2163,2025-04-01 03:00:00,7764.692115067421,7647.299122020485,5335.414656150921
forecast_2164,2025-04-01 04:00:00,7764.692115067421,7453.1973928416755,5281.5453943308175
forecast_2165,2025-04-01 05:00:00,6843.459031272784,7453.1973928416755,4990.893423912971
forecast_2166,2025-04-01 06:00:00,6247.39103761113,6354.525213625289,4552.059616060242
forecast_2167,2025-04-01 07:00:00,5562.641894150276,5688.794922720377,4243.987073864164
forecast_2168,2025-04-01 08:00:00,4369.045035876006,4306.452789725507,3604.7394371447494
forecast_2169,2025-04-01 09:00:00,3527.3843879487868,3698.1283594175534,2926.91049165369
forecast_2170,2025-04-01 10:00:00,2941.741018666934,3006.364040829061,2589.0821514998715
forecast_2171,2025-04-01 11:00:00,2800.423588307938,2770.605396606157,2457.5898163119573
forecast_2172,2025-04-01 12:00:00,2423.311402909342,2591.8598910557585,1959.1410012879899
forecast_2173,2025-04-01 13:00:00,2423.311402909342,2591.8598910557585,1959.1410012879899
forecast_2174,2025-04-01 14:00:00,2524.864791235015,2977.6561040067472,2153.087888091496
forecast_2175,2025-04-01 15:00:00,2833.064639414163,3081.998044131093,2325.66093508001
forecast_2176,2025-04-01 16:00:00,2833.064639414163,3081.998044131093,2325.66093508001
forecast_2177,2025-04-01 17:00:00,2760.6253381679307,2921.2765995565983,2171.027281555275
forecast_2178,2025-04-01 18:00:00,2644.4485818667317,2842.2799474833882,2030.9172592827747
forecast_2179,2025-04-01 19:00:00,2644.4485818667317,2842.2799474833882,2030.9172592827747
forecast_2180,2025-04-01 20:00:00,2989.077563333397,2970.90471528174,2186.234545986141
forecast_2181,2025-04-01 21:00:00,3016.4499217725906,3106.819411701261,2319.173408291263
forecast_2182,2025-04-01 22:00:00,3345.602672321841,3451.4829402680843,2543.5807145960825
forecast_2183,2025-04-01 23:00:00,3398.754318533157,3531.1330445061,2560.743960067365
forecast_2184,2025-04-02 00:00:00,3406.0366172419454,3491.307992387092,2613.221402104126
forecast_2185,2025-04-02 01:00:00,2854.168437375949,3075.686048743243,2107.0883543130326
forecast_2186,2025-04-02 02:00:00,2750.622634685985,3086.113159085008,2014.5312021995333
forecast_2187,2025-04-02 03:00:00,2750.622634685985,3149.1863608085905,2014.5312021995333
forecast_2188,2025-04-02 04:00:00,2657.853350682204,3149.1863608085905,2060.7953254457375
forecast_2189,2025-04-02 05:00:00,2657.853350682204,3030.363867722886,2160.491294481481
forecast_2190,2025-04-02 06:00:00,2657.853350682204,2919.6733094897,2215.1203796621435
forecast_2191,2025-04-02 07:00:00,2621.722563880242,2959.9524726941686,2215.1203796621435
forecast_2192,2025-04-02 08:00:00,2605.5043191029245,2919.6733094897,2173.7865980738757
forecast_2193,2025-04-02 09:00:00,2282.003737474128,2425.860618056437,1996.0127593382967
forecast_2194,2025-04-02 10:00:00,2282.003737474128,2425.860618056437,1996.0127593382967
forecast_2195,2025-04-02 11:00:00,2379.2004396232214,2557.8703930815686,1996.0127593382967
forecast_2196,2025-04-02 12:00:00,2394.8352388928015,2572.3281787470346,2001.1856394146525
forecast_2197,2025-04-02 13:00:00,2428.8232338618864,2801.8001058066952,2194.301701161861
forecast_2198,2025-04-02 14:00:00,2468.4127029601614,2890.547381659349,2203.020431257159
forecast_2199,2025-04-02 15:00:00,2626.8852313448397,2890.547381659349,2258.100947975904
forecast_2200,2025-04-02 16:00:00,2626.8852313448397,2745.030713373738,2258.100947975904
forecast_2201,2025-04-02 17:00:00,2583.890461171861,2654.116227648011,1946.0696068060774
forecast_2202,2025-04-02 18:00:00,2583.890461171861,2654.116227648011,1946.0696068060774
forecast_2203,2025-04-02 19:00:00,2645.2808048712923,3016.645538623963,2476.20487043973
forecast_2204,2025-04-02 20:00:00,2697.912823034375,3058.4770384346307,2476.20487043973
forecast_2205,2025-04-02 21:00:00,2878.782605274261,3077.292841597451,2559.710077088591
forecast_2206,2025-04-02 22:00:00,2799.2639620844348,3228.7836701390142,2517.8145340273077
forecast_2207,2025-04-02 23:00:00,2896.483109864572,3252.5816407947314,2517.8145340273077
forecast_2208,2025-04-03 00:00:00,2847.8735359745033,3298.0319283964195,2517.5820169887193
forecast_2209,2025-04-03 01:00:00,2915.052855596996,3474.608343541529,2613.595767685923
forecast_2210,2025-04-03 02:00:00,2910.89314500406,3456.1224129856673,2536.0148661909307
forecast_2211,2025-04-03 03:00:00,2789.0881467653808,3414.195713939672,2454.576651711556
forecast_2212,2025-04-03 04:00:00,2789.0881467653808,3413.4420903010896,2343.7784652280425
forecast_2213,2025-04-03 05:00:00,2815.3943038352654,3320.4713905472718,2320.512433222857
forecast_2214,2025-04-03 06:00:00,2815.3943038352654,3269.09665092674,2291.2083840073383
forecast_2215,2025-04-03 07:00:00,2794.1610539690264,2985.3380092732978,2161.1424155194873
forecast_2216,2025-04-03 08:00:00,2578.083687625476,2975.3676559302125,2161.1424155194873
forecast_2217,2025-04-03 09:00:00,2511.1372940542196,2968.3395831350317,2168.985969460262
forecast_2218,2025-04-03 10:00:00,2348.9443850364332,2703.0503288735763,2168.985969460262
forecast_2219,2025-04-03 11:00:00,2341.5431804581285,2380.713653920665,1949.3745377692987
forecast_2220,2025-04-03 12:00:00,2268.936972364524,2345.9926132625233,1921.3049456889796
forecast_2221,2025-04-03 13:00:00,2268.936972364524,2345.9926132625233,1921.3049456889796
forecast_2222,2025-04-03 14:00:00,2321.0773380533547,2426.348944424103,2117.316317211799
forecast_2223,2025-04-03 15:00:00,2462.2633047667323,2483.504527349456,2166.4101434998497
forecast_2224,2025-04-03 16:00:00,2572.1893036639203,2522.8296523344015,2238.0215195709334
forecast_2225,2025-04-03 17:00:00,2720.093922452402,2662.7904189479077,2238.0215195709334
forecast_2226,2025-04-03 18:00:00,2943.7320485048376,2911.5080728731587,2248.952104139449
forecast_2227,2025-04-03 19:00:00,2959.8986196544365,2964.678176531499,2321.1672116092004
forecast_2228,2025-04-03 20:00:00,3502.5880269653553,3378.447043002011,2932.1520414382335
forecast_2229,2025-04-03 21:00:00,3553.597468400225,3685.156874577269,3080.260981332691
forecast_2230,2025-04-03 22:00:00,4159.0401622645295,5124.567499149198,3805.6380437418106
forecast_2231,2025-04-03 23:00:00,4512.741406989093,5726.660703109217,4401.31596950541
forecast_2232,2025-04-04 00:00:00,4670.395243154484,5902.235882824758,4403.621407867684
forecast_2233,2025-04-04 01:00:00,5386.691899422175,6030.518922867772,4466.620103257298
forecast_2234,2025-04-04 02:00:00,6307.626316600466,6460.8653740524205,4931.715871204596
forecast_2235,2025-04-04 03:00:00,7231.2258120847755,7489.2004354532455,5839.855256709516
forecast_2236,2025-04-04 04:00:00,9053.037164159206,8685.295513121526,6797.677613437337
forecast_2237,2025-04-04 05:00:00,9053.037164159206,9190.460528889944,7491.646638141165
forecast_2238,2025-04-04 06:00:00,9039.298816648408,9190.460528889944,7491.646638141165
forecast_2239,2025-04-04 07:00:00,8792.60232422641,9105.786127439225,6676.841918495673
forecast_2240,2025-04-04 08:00:00,6980.383161592302,7575.7324926146275,5098.665343617111
forecast_2241,2025-04-04 09:00:00,4892.696267031528,5336.006012510069,4157.849278542404
forecast_2242,2025-04-04 10:00:00,3632.560565397377,3710.4805378875217,2871.2881108861966
forecast_2243,2025-04-04 11:00:00,2965.1559702634786,3226.319781614644,2871.2881108861966
forecast_2244,2025-04-04 12:00:00,2841.6325264734996,3186.5822606685524,2887.126764407502
forecast_2245,2025-04-04 13:00:00,2808.72446777845,3186.5822606685524,2887.126764407502
forecast_2246,2025-04-04 14:00:00,2808.72446777845,3097.7581089089704,2654.7815088352945
forecast_2247,2025-04-04 15:00:00,2900.7175500068342,3025.183609674551,2654.7815088352945
forecast_2248,2025-04-04 16:00:00,2980.363456957846,3097.7581089089704,2753.5676197241028
forecast_2249,2025-04-04 17:00:00,3172.247001831105,3148.342986671598,2795.819698057448
forecast_2250,2025-04-04 18:00:00,3276.0439462193463,3359.758692359965,2836.083170025604
forecast_2251,2025-04-04 19:00:00,3706.521524849384,3642.353408754156,2950.3520265661164
forecast_2252,2025-04-04 20:00:00,4363.750383003499,5139.7570489535065,3997.999452368704
forecast_2253,2025-04-04 21:00:00,4476.031413170294,5507.76645254926,4031.4217361080127
forecast_2254,2025-04-04 22:00:00,4677.148345935389,5881.355670525369,4092.116281504642
forecast_2255,2025-04-04 23:00:00,4876.179055193795,5898.427939852612,4229.860147251922
forecast_2256,2025-04-05 00:00:00,4892.781379767462,6568.321480206352,4544.575412405359
forecast_2257,2025-04-05 01:00:00,7908.914070144593,10429.748703867232,6947.35125123561
forecast_2258,2025-04-05 02:00:00,9110.445660386202,10679.821795927537,7457.852505967543
forecast_2259,2025-04-05 03:00:00,9319.152664518559,11403.869374785818,7513.812931425948
forecast_2260,2025-04-05 04:00:00,9319.152664518559,10905.728280322424,7457.852505967543
forecast_2261,2025-04-05 05:00:00,8119.070689462174,11403.869374785818,7365.9960595127395
forecast_2262,2025-04-05 06:00:00,7674.860445213337,10905.728280322424,7240.8745772642105
forecast_2263,2025-04-05 07:00:00,5933.07470015437,9457.89974018046,5400.420748175211
forecast_2264,2025-04-05 08:00:00,5714.631134614896,8775.13742333329,5203.6154445885495
forecast_2265,2025-04-05 09:00:00,5442.496927052185,7211.451763767503,5106.902649615563
forecast_2266,2025-04-05 10:00:00,5420.088780232953,6673.777214452139,5106.902649615563
forecast_2267,2025-04-05 11:00:00,5420.088780232953,6673.777214452139,6057.857973534859
forecast_2268,2025-04-05 12:00:00,6819.213137978565,8595.239271117935,7278.099544626016
forecast_2269,2025-04-05 13:00:00,8907.562475342345,9889.32648852473,8706.020299961314
forecast_2270,2025-04-05 14:00:00,10303.615787586303,11466.449988806937,10275.921512226916
forecast_2271,2025-04-05 15:00:00,10478.11409831313,11914.637589885511,10301.346197216682
forecast_2272,2025-04-05 16:00:00,11816.193468274736,13059.901849927592,11403.941514877872
forecast_2273,2025-04-05 17:00:00,12921.18337169074,13418.523335493534,12098.424570562136
forecast_2274,2025-04-05 18:00:00,14563.785098018972,14029.062888121856,13175.614594539742
forecast_2275,2025-04-05 19:00:00,14736.954612682573,15131.544328281361,14055.40240730834
forecast_2276,2025-04-05 20:00:00,14736.954612682573,15131.544328281361,14659.36793844687
forecast_2277,2025-04-05 21:00:00,14354.20355472142,15131.544328281361,14659.36793844687
forecast_2278,2025-04-05 22:00:00,14354.20355472142,15271.13677905302,14770.424070125138
forecast_2279,2025-04-05 23:00:00,14300.943041083956,15305.675405193564,14708.056025245256
forecast_2280,2025-04-06 00:00:00,14353.947929221087,15935.414502952537,15194.298058931681
forecast_2281,2025-04-06 01:00:00,14274.42565129693,15071.414944079705,14330.46638660151
forecast_2282,2025-04-06 02:00:00,14433.607565250719,15353.969997539885,14498.096393463395
forecast_2283,2025-04-06 03:00:00,14745.271955794498,15478.13410056799,14233.51601852919
forecast_2284,2025-04-06 04:00:00,14745.271955794498,15539.15032451949,14498.096393463395
forecast_2285,2025-04-06 05:00:00,14593.797476827656,15497.500474730092,14424.245244987434
forecast_2286,2025-04-06 06:00:00,14593.797476827656,15497.500474730092,14424.245244987434
forecast_2287,2025-04-06 07:00:00,14873.70513006445,15497.500474730092,14007.761200058827
forecast_2288,2025-04-06 08:00:00,14873.70513006445,15252.067820403327,13979.198734266787
forecast_2289,2025-04-06 09:00:00,14515.577019131128,15155.08762158251,12919.1827838371
forecast_2290,2025-04-06 10:00:00,14034.270010751348,13202.491874850617,11450.672330101748
forecast_2291,2025-04-06 11:00:00,13467.543743919357,11909.7089268483,10466.773374788727
forecast_2292,2025-04-06 12:00:00,13467.543743919357,11909.7089268483,10466.773374788727
forecast_2293,2025-04-06 13:00:00,13428.66737724495,13077.145779819606,11415.909929211552
forecast_2294,2025-04-06 14:00:00,13741.30516041012,13291.22768255015,11576.313986277743
forecast_2295,2025-04-06 15:00:00,13526.685255361872,13366.082180938163,11584.76335549984
forecast_2296,2025-04-06 16:00:00,13923.951752175062,13366.082180938163,11693.961527807447
forecast_2297,2025-04-06 17:00:00,13875.029913954693,13289.243925185845,11693.961527807447
forecast_2298,2025-04-06 18:00:00,13875.029913954693,13289.243925185845,11713.774187223871
forecast_2299,2025-04-06 19:00:00,13671.28013769726,13652.493264493069,12125.4300662989
forecast_2300,2025-04-06 20:00:00,13283.517307922331,13783.925093524871,12388.969792775097
forecast_2301,2025-04-06 21:00:00,13283.517307922331,14445.027854071172,13094.775594739825
forecast_2302,2025-04-06 22:00:00,13769.902895044494,15468.376647584137,14086.087853329387
forecast_2303,2025-04-06 23:00:00,13769.902895044494,15468.376647584137,14086.087853329387
forecast_2304,2025-04-07 00:00:00,13709.243812555656,15325.766740289444,14163.224327084929
forecast_2305,2025-04-07 01:00:00,14341.157438912069,15622.955619197633,14188.132582277449
forecast_2306,2025-04-07 02:00:00,14325.15625195395,15463.955583541392,13972.58192414617
forecast_2307,2025-04-07 03:00:00,13803.353907997189,15069.559664961042,13275.526029180608
forecast_2308,2025-04-07 04:00:00,13580.104256513154,14876.837641683183,12642.478204752133
forecast_2309,2025-04-07 05:00:00,13432.935432417458,14876.837641683183,12355.119245635076
forecast_2310,2025-04-07 06:00:00,13330.91445165983,15131.076273268143,12355.119245635076
forecast_2311,2025-04-07 07:00:00,13330.91445165983,15131.076273268143,12355.119245635076
forecast_2312,2025-04-07 08:00:00,13184.11167409313,14729.634775145216,11458.77198116119
forecast_2313,2025-04-07 09:00:00,11807.867972988173,13855.359997624135,11250.39524478637
forecast_2314,2025-04-07 10:00:00,10510.396292480087,12279.125260677829,9905.229989465926
forecast_2315,2025-04-07 11:00:00,9524.798245697684,10752.005419834713,8912.541636791339
forecast_2316,2025-04-07 12:00:00,9524.798245697684,10505.124867364026,8871.554963844832
forecast_2317,2025-04-07 13:00:00,9589.621300338109,10505.124867364026,8871.554963844832
forecast_2318,2025-04-07 14:00:00,10500.87666063992,11354.582177555185,10272.455168244127
forecast_2319,2025-04-07 15:00:00,12946.622525607307,13023.029209121527,11697.148906600185
forecast_2320,2025-04-07 16:00:00,14245.028512189705,14870.533357325128,13824.021258261066
forecast_2321,2025-04-07 17:00:00,14613.863587766991,16313.736388790376,14791.863763327736
forecast_2322,2025-04-07 18:00:00,14830.675652313319,16519.460131943983,15041.913581501803
forecast_2323,2025-04-07 19:00:00,16186.461992213946,17221.42074718902,16513.33252418661
forecast_2324,2025-04-07 20:00:00,17677.939907317967,19135.065298232475,18210.490596278876
forecast_2325,2025-04-07 21:00:00,17922.231030526407,19314.106954061353,18473.330440536047
forecast_2326,2025-04-07 22:00:00,18112.051229908084,19668.27159735302,18882.166315150993
forecast_2327,2025-04-07 23:00:00,18792.83206519125,19668.27159735302,18917.804420004253
forecast_2328,2025-04-08 00:00:00,18805.97789500771,19644.056192939643,18974.75566796164
forecast_2329,2025-04-08 01:00:00,18910.328861397196,19292.670882762737,18913.26773830795
forecast_2330,2025-04-08 02:00:00,19099.26679980817,19181.651221400432,18895.123159725434
forecast_2331,2025-04-08 03:00:00,19726.320886359972,19181.651221400432,18891.656562883276
forecast_2332,2025-04-08 04:00:00,19726.320886359972,19459.653164912208,18891.656562883276
forecast_2333,2025-04-08 05:00:00,19333.959758164718,19459.653164912208,18533.716139235854
forecast_2334,2025-04-08 06:00:00,18285.04147540105,18217.657739196853,17076.53923378926
forecast_2335,2025-04-08 07:00:00,17321.960859657473,17826.511235832644,16085.66775851939
forecast_2336,2025-04-08 08:00:00,16995.009476484178,17696.699615098965,16059.860869800119
forecast_2337,2025-04-08 09:00:00,15080.765400305021,15949.143885442012,13994.55810981451
forecast_2338,2025-04-08 10:00:00,13864.925099763062,13073.465109290977,11391.13449782868
forecast_2339,2025-04-08 11:00:00,13723.874921570992,13064.495602311421,10786.123738257622
forecast_2340,2025-04-08 12:00:00,13419.542122459947,12561.157581658903,10512.138590257857
forecast_2341,2025-04-08 13:00:00,13084.441678787169,12457.621930082303,10456.060615810133
forecast_2342,2025-04-08 14:00:00,12363.007773979043,10766.762507369944,8872.10482905689
forecast_2343,2025-04-08 15:00:00,9783.511014839558,8446.24869506102,6885.759114422359
forecast_2344,2025-04-08 16:00:00,6344.185389009554,5978.299595901209,4516.422144471373
forecast_2345,2025-04-08 17:00:00,4437.288918240101,4101.878948366291,3437.3798830991527
forecast_2346,2025-04-08 18:00:00,3473.5803740410674,3291.3473921281866,2411.9578051577437
forecast_2347,2025-04-08 19:00:00,3310.2521196252255,3291.3473921281866,2411.9578051577437
forecast_2348,2025-04-08 20:00:00,3253.1485987891065,3338.985251563722,2598.383891462926
forecast_2349,2025-04-08 21:00:00,3253.1485987891065,3553.9828502621363,2743.0539303033183
forecast_2350,2025-04-08 22:00:00,3581.403430417816,3974.7487299796308,3114.996286523892
forecast_2351,2025-04-08 23:00:00,3581.403430417816,3974.7487299796308,3114.996286523892
forecast_2352,2025-04-09 00:00:00,3507.1772206127735,3962.676557359927,3055.6475919311993
forecast_2353,2025-04-09 01:00:00,3157.8126104380663,3458.9780553301534,2552.6378197870163
forecast_2354,2025-04-09 02:00:00,3170.985362803399,3431.747116451748,2583.230317616616
forecast_2355,2025-04-09 03:00:00,3170.985362803399,3431.747116451748,2644.642696853885
forecast_2356,2025-04-09 04:00:00,3385.676241284191,3563.158571877062,2726.041181201026
forecast_2357,2025-04-09 05:00:00,3398.428488210012,3814.5811633311223,2887.8993096848326
forecast_2358,2025-04-09 06:00:00,3411.766999085925,3832.7791565851185,2903.747953484499
forecast_2359,2025-04-09 07:00:00,3797.392867841405,4209.62873558643,3034.8154205958876
forecast_2360,2025-04-09 08:00:00,3797.392867841405,4209.62873558643,3034.8154205958876
forecast_2361,2025-04-09 09:00:00,3421.180346744257,3959.7100660527108,2636.1733737230275
forecast_2362,2025-04-09 10:00:00,3226.9075147701515,3945.493544099765,2545.520962925
forecast_2363,2025-04-09 11:00:00,3111.912665325992,3945.493544099765,2545.520962925
forecast_2364,2025-04-09 12:00:00,3111.912665325992,4229.577144337518,2792.689275769372
forecast_2365,2025-04-09 13:00:00,3426.5665175765043,4400.791389420871,3185.887767357962
forecast_2366,2025-04-09 14:00:00,3732.0980020796524,4699.472404690957,3323.1960053317825
forecast_2367,2025-04-09 15:00:00,4451.171754103118,5517.592272941348,4143.248808197912
forecast_2368,2025-04-09 16:00:00,6323.9300600609195,8968.774026159019,6762.052277956416
forecast_2369,2025-04-09 17:00:00,7209.215667111006,9371.307847854918,7168.4909539845785
forecast_2370,2025-04-09 18:00:00,7209.215667111006,9371.307847854918,7168.4909539845785
forecast_2371,2025-04-09 19:00:00,5664.466470240934,7878.026968244605,5393.133704620504
forecast_2372,2025-04-09 20:00:00,5075.155656129935,7878.026968244605,5393.133704620504
forecast_2373,2025-04-09 21:00:00,5331.842801641844,8317.447617339816,5410.050368291648
forecast_2374,2025-04-09 22:00:00,5331.842801641844,9315.621368782502,5835.821021974395
forecast_2375,2025-04-09 23:00:00,6684.89684701034,10788.997825412567,7732.829345244365
forecast_2376,2025-04-10 00:00:00,7300.396275887974,11193.159810076599,8015.3810338753065
forecast_2377,2025-04-10 01:00:00,7283.642641145491,9618.447358031572,6961.429034445666
forecast_2378,2025-04-10 02:00:00,8295.007922392499,9668.572925340872,7558.286516608247
forecast_2379,2025-04-10 03:00:00,8461.913073563604,10432.920631956804,7558.286516608247
forecast_2380,2025-04-10 04:00:00,8461.913073563604,10432.920631956804,6677.647288522385
forecast_2381,2025-04-10 05:00:00,7817.615703098297,9039.40624090132,6348.020864476337
forecast_2382,2025-04-10 06:00:00,6688.8804132134255,7128.663684860147,5025.310255520124
forecast_2383,2025-04-10 07:00:00,5302.5391748521115,5439.172396370319,3778.1429346427453
forecast_2384,2025-04-10 08:00:00,4671.788948635969,5293.705151740154,3777.9255884779136
forecast_2385,2025-04-10 09:00:00,4379.799476592554,4774.736689258954,3677.776952538964
forecast_2386,2025-04-10 10:00:00,3965.4232854382813,4012.941646579181,3192.505849500631
forecast_2387,2025-04-10 11:00:00,3732.714749292928,3684.2045307895937,2970.4577450120137
forecast_2388,2025-04-10 12:00:00,3716.378417486222,3371.6902196055976,2831.7603263202745
forecast_2389,2025-04-10 13:00:00,3598.4239462682726,3371.6902196055976,2831.7603263202745
forecast_2390,2025-04-10 14:00:00,3598.4239462682726,3497.8827495914884,2831.7603263202745
forecast_2391,2025-04-10 15:00:00,3879.444071063152,3748.74565928408,2949.0974463364973
forecast_2392,2025-04-10 16:00:00,4087.559670160276,3829.516368660248,3155.8001377015034
forecast_2393,2025-04-10 17:00:00,4087.559670160276,3829.516368660248,3155.8001377015034
forecast_2394,2025-04-10 18:00:00,4045.8037113285136,3835.6583081031586,2993.7042632212656
forecast_2395,2025-04-10 19:00:00,4028.0949263726034,3662.11210814769,2993.7042632212656
forecast_2396,2025-04-10 20:00:00,4045.8037113285136,3835.6583081031586,3156.0085515013607
forecast_2397,2025-04-10 21:00:00,4181.441846588917,4221.642077819512,3309.668988156757
forecast_2398,2025-04-10 22:00:00,4771.318253677462,4876.093029054184,4150.892552238772
forecast_2399,2025-04-10 23:00:00,4771.318253677462,4974.276776184064,4150.892552238772
forecast_2400,2025-04-11 00:00:00,4600.984081826602,4925.184902619124,4077.266301265655
forecast_2401,2025-04-11 01:00:00,3467.854219409822,3406.1995994830118,2519.6965943081163
forecast_2402,2025-04-11 02:00:00,3559.555508780536,3411.6385321922708,2461.0235690453983
forecast_2403,2025-04-11 03:00:00,3559.555508780536,3534.312786939448,2461.0235690453983
forecast_2404,2025-04-11 04:00:00,3300.339635971596,3411.6385321922708,2431.725272093101
forecast_2405,2025-04-11 05:00:00,3128.6364662306096,3256.736733788817,2311.2874333127284
forecast_2406,2025-04-11 06:00:00,3089.9441909983743,3218.2815534499946,2311.0942995517153
forecast_2407,2025-04-11 07:00:00,2998.4252567463054,3218.2815534499946,2311.2874333127284
forecast_2408,2025-04-11 08:00:00,2971.8283573042563,3218.2815534499946,2311.0942995517153
forecast_2409,2025-04-11 09:00:00,2665.1230765984665,2826.7540806106103,2015.6639059720133
forecast_2410,2025-04-11 10:00:00,2256.906263109794,2728.7076645636744,1944.826369991893
forecast_2411,2025-04-11 11:00:00,2046.2939771929066,2395.1896368326743,1623.4455165307222
forecast_2412,2025-04-11 12:00:00,2046.2939771929066,2395.1896368326743,1623.4455165307222
forecast_2413,2025-04-11 13:00:00,2112.8851343154074,2487.3160072656283,1745.5780213894247
forecast_2414,2025-04-11 14:00:00,2322.569352906976,2640.4562732464155,2109.8689168301203
forecast_2415,2025-04-11 15:00:00,2673.9695207543737,2640.4562732464155,2351.01857955194
forecast_2416,2025-04-11 16:00:00,2703.912151331996,2606.3278555061597,2351.01857955194
forecast_2417,2025-04-11 17:00:00,2850.318083879263,2606.3278555061597,2234.9855431960555
forecast_2418,2025-04-11 18:00:00,2850.318083879263,2853.976854475335,2222.876387937721
forecast_2419,2025-04-11 19:00:00,2980.124714905647,3283.182634097587,2222.876387937721
forecast_2420,2025-04-11 20:00:00,4188.900967139099,4609.52742501686,3320.359532484998
forecast_2421,2025-04-11 21:00:00,4352.6510806724855,5157.965095717721,3766.998710612912
forecast_2422,2025-04-11 22:00:00,4352.6510806724855,5710.668949055927,3938.223579613703
forecast_2423,2025-04-11 23:00:00,4250.82226862942,5710.668949055927,3938.223579613703
forecast_2424,2025-04-12 00:00:00,4143.083857539179,5540.81953808006,3836.523011029886
forecast_2425,2025-04-12 01:00:00,3462.3001460562673,3786.425279640045,2783.275103934013
forecast_2426,2025-04-12 02:00:00,3569.673054633624,3817.986958781662,2763.906479367452
forecast_2427,2025-04-12 03:00:00,3594.2202975018436,3849.8740435644677,2802.643728500574
forecast_2428,2025-04-12 04:00:00,4195.225874754224,5676.459136326641,3970.49052771077
forecast_2429,2025-04-12 05:00:00,4488.167542510323,6610.7047672982235,4219.906702665232
forecast_2430,2025-04-12 06:00:00,4506.082727260024,7035.191132862804,4393.512179219084
forecast_2431,2025-04-12 07:00:00,5276.475771431734,9014.833704060145,6107.24641318614
forecast_2432,2025-04-12 08:00:00,5449.186358363418,9061.07497569847,6229.670998142581
forecast_2433,2025-04-12 09:00:00,6932.251114772573,9657.38501506339,7358.71513592588
forecast_2434,2025-04-12 10:00:00,7413.392489176279,10698.325416884536,7988.62573515489
forecast_2435,2025-04-12 11:00:00,7413.392489176279,10698.325416884536,7988.62573515489
forecast_2436,2025-04-12 12:00:00,9811.653993791382,12430.10428014243,10227.199872756413
forecast_2437,2025-04-12 13:00:00,11458.877812333129,13210.416301960347,10972.273660938567
forecast_2438,2025-04-12 14:00:00,11458.877812333129,13210.416301960347,10972.273660938567
forecast_2439,2025-04-12 15:00:00,10564.208768197186,12286.72361203924,10713.219874413473
forecast_2440,2025-04-12 16:00:00,10029.274367785467,12286.72361203924,10713.029205419005
forecast_2441,2025-04-12 17:00:00,10564.208768197186,12348.265520191717,10713.219874413473
forecast_2442,2025-04-12 18:00:00,11944.700820606231,12486.191686789782,11211.437828954353
forecast_2443,2025-04-12 19:00:00,12177.40870233881,13698.40866758326,11852.832489874383
forecast_2444,2025-04-12 20:00:00,14115.181897269133,15136.999778092615,13877.62761978887
forecast_2445,2025-04-12 21:00:00,14786.949705054461,15603.564763695147,14598.484294517611
forecast_2446,2025-04-12 22:00:00,15449.425567248787,16437.752473422996,14917.887736291726
forecast_2447,2025-04-12 23:00:00,16957.149858405362,17652.823700752186,16474.851575550732
forecast_2448,2025-04-13 00:00:00,17107.558852275506,17695.310679548507,16542.17746603444
forecast_2449,2025-04-13 01:00:00,15152.323000517117,16704.9938372344,15011.800231393054
forecast_2450,2025-04-13 02:00:00,14932.707782776853,16665.187450077523,14953.367980952458
forecast_2451,2025-04-13 03:00:00,14932.707782776853,16665.187450077523,15070.23248183365
forecast_2452,2025-04-13 04:00:00,17539.227474859043,18534.395756393584,16246.897723611159
forecast_2453,2025-04-13 05:00:00,17888.956316608073,19112.28439847188,16936.042509468985
forecast_2454,2025-04-13 06:00:00,18450.735192380223,19112.28439847188,17159.90787804494
forecast_2455,2025-04-13 07:00:00,19167.089150560416,19119.50961626476,18102.96206114225
forecast_2456,2025-04-13 08:00:00,19237.162654000847,19119.50961626476,18329.599563606127
forecast_2457,2025-04-13 09:00:00,19237.162654000847,18536.652650519958,18329.599563606127
forecast_2458,2025-04-13 10:00:00,18227.962746607765,18441.539460114484,17910.273808566228
forecast_2459,2025-04-13 11:00:00,17596.989946141115,18217.07122463755,17286.397121302405
forecast_2460,2025-04-13 12:00:00,16862.912379719884,18215.428379995814,17270.48468751475
forecast_2461,2025-04-13 13:00:00,16862.912379719884,18115.738180363776,17091.88703604215
forecast_2462,2025-04-13 14:00:00,16783.314931643603,18064.393966446944,17019.033990159733
forecast_2463,2025-04-13 15:00:00,16374.299254523547,17987.92390124935,16634.870844157074
forecast_2464,2025-04-13 16:00:00,16374.299254523547,17987.92390124935,16634.870844157074
forecast_2465,2025-04-13 17:00:00,18852.934778522835,19156.942548822542,18325.175883629116
forecast_2466,2025-04-13 18:00:00,18911.77658389546,19260.773410957532,18611.712105676248
forecast_2467,2025-04-13 19:00:00,18974.25746334531,19260.773410957532,18711.18457797523
forecast_2468,2025-04-13 20:00:00,18911.77658389546,19260.773410957532,18611.712105676248
forecast_2469,2025-04-13 21:00:00,18829.781235048693,19272.345248144895,18711.18457797523
forecast_2470,2025-04-13 22:00:00,18440.645085542994,19272.345248144895,18588.17502829858
forecast_2471,2025-04-13 23:00:00,16164.893230547392,18333.27996300529,17267.29934525448
forecast_2472,2025-04-14 00:00:00,15615.543756810037,18081.348796195925,16952.97224019098
forecast_2473,2025-04-14 01:00:00,12569.781833109808,15501.843922183507,13595.243961277883
forecast_2474,2025-04-14 02:00:00,11382.188546916419,14754.77871433257,12350.841103834473
forecast_2475,2025-04-14 03:00:00,10212.94057737138,12817.223249257253,10097.746254431668
forecast_2476,2025-04-14 04:00:00,9674.5173603683,10863.663914508666,9989.349519932644
forecast_2477,2025-04-14 05:00:00,6684.724166704735,8839.230375545054,7570.426540874627
forecast_2478,2025-04-14 06:00:00,5499.296816616248,7306.233964239839,4975.32460082505
forecast_2479,2025-04-14 07:00:00,4445.468849592896,5521.245361001204,4229.779738960904
forecast_2480,2025-04-14 08:00:00,4386.281668606624,5241.372949276611,3857.222210777621
forecast_2481,2025-04-14 09:00:00,4270.339010921312,5153.085322288942,3834.7252366026137
forecast_2482,2025-04-14 10:00:00,3993.586033061287,5241.372949276611,3857.222210777621
forecast_2483,2025-04-14 11:00:00,3993.586033061287,5486.047358037986,3963.6714969074046
forecast_2484,2025-04-14 12:00:00,3931.370198536316,5486.047358037986,3963.6714969074046
forecast_2485,2025-04-14 13:00:00,3735.1305232614313,4734.280865364548,3822.084107704835
forecast_2486,2025-04-14 14:00:00,3624.7770885933396,4168.498244074662,3429.526692023865
forecast_2487,2025-04-14 15:00:00,3559.4712004815774,3964.462286587165,3224.02290538426
forecast_2488,2025-04-14 16:00:00,3420.2221130676216,3843.869930896102,3123.1788480182877
forecast_2489,2025-04-14 17:00:00,3289.401286874482,3843.869930896102,3123.1788480182877
forecast_2490,2025-04-14 18:00:00,3289.401286874482,4318.286479676159,3429.3170036731353
forecast_2491,2025-04-14 19:00:00,3815.759857790828,4941.786440667409,3859.2553998803073
forecast_2492,2025-04-14 20:00:00,4394.265379591824,4969.979492280932,4071.885360599241
forecast_2493,2025-04-14 21:00:00,5434.646821326286,5323.069030350856,4160.519245280509
forecast_2494,2025-04-14 22:00:00,5964.8426037435565,6522.595065582189,4960.3282471757775
forecast_2495,2025-04-14 23:00:00,6009.437171260617,6926.060697227139,5770.796697720703
forecast_2496,2025-04-15 00:00:00,6267.715171940666,7267.6120147152415,5787.938812869869
forecast_2497,2025-04-15 01:00:00,7963.468284827105,8067.218812347122,6163.611181019442
forecast_2498,2025-04-15 02:00:00,7766.330135018669,7668.658018358264,5663.029027854385
forecast_2499,2025-04-15 03:00:00,7648.51390215343,7395.01963041801,5591.890669129185
forecast_2500,2025-04-15 04:00:00,6392.410553654812,6702.626822139662,5299.576404107818
forecast_2501,2025-04-15 05:00:00,5242.2069575414125,6702.626822139662,5050.41817892214
forecast_2502,2025-04-15 06:00:00,5242.2069575414125,6927.1622536814275,5050.41817892214
forecast_2503,2025-04-15 07:00:00,5773.655594786921,7760.606649694582,5849.315885784611
forecast_2504,2025-04-15 08:00:00,6094.644039424404,7760.606649694582,5849.315885784611
forecast_2505,2025-04-15 09:00:00,6094.644039424404,7758.627136983344,5849.315885784611
forecast_2506,2025-04-15 10:00:00,8003.2016704771595,7698.824359935008,6476.650727814491
forecast_2507,2025-04-15 11:00:00,8070.255347791089,7046.13150063577,6796.975559624044
forecast_2508,2025-04-15 12:00:00,8155.4337854414935,7046.13150063577,6476.650727814491
forecast_2509,2025-04-15 13:00:00,8235.43483916414,7327.465030040986,6796.975559624044
forecast_2510,2025-04-15 14:00:00,10319.856250819383,9256.416220689925,8358.638382688338
forecast_2511,2025-04-15 15:00:00,11405.099685801139,9772.371845620839,8878.640462471249
forecast_2512,2025-04-15 16:00:00,11956.692099654807,10519.399888546079,9626.678437114717
forecast_2513,2025-04-15 17:00:00,12168.873207384042,10611.687341877567,9829.991678008022
forecast_2514,2025-04-15 18:00:00,13120.448196593257,11480.39187725668,10940.82357003091
forecast_2515,2025-04-15 19:00:00,13556.628677508426,12200.412622370222,11898.304879621115
forecast_2516,2025-04-15 20:00:00,13820.118323768884,13906.403430956581,12974.390152960012
forecast_2517,2025-04-15 21:00:00,13902.301949824136,14334.182335899452,13628.158430579877
forecast_2518,2025-04-15 22:00:00,14240.723075015343,15447.437617078427,14537.788719520026
forecast_2519,2025-04-15 23:00:00,14612.997278597208,15650.930160055908,14993.990217940416
forecast_2520,2025-04-16 00:00:00,14837.209141201984,16202.316930217772,15379.33239591925
forecast_2521,2025-04-16 01:00:00,16921.204232081054,17961.825838869183,15498.508181803274
forecast_2522,2025-04-16 02:00:00,16871.669228829633,17803.049296044024,15306.256385297713
forecast_2523,2025-04-16 03:00:00,16659.825605027065,17681.85478521717,15266.568101033345
forecast_2524,2025-04-16 04:00:00,15710.508397814325,17271.708330732974,14756.92536065682
forecast_2525,2025-04-16 05:00:00,15710.508397814325,17266.44503227908,14532.52683677197
forecast_2526,2025-04-16 06:00:00,15619.209809235685,17129.50273304979,14341.477097137524
forecast_2527,2025-04-16 07:00:00,14944.125239356137,16093.391008689907,12720.289569112309
forecast_2528,2025-04-16 08:00:00,13015.966601995748,15652.755656242382,11905.094631102767
forecast_2529,2025-04-16 09:00:00,10724.998575465966,13630.282250485767,10266.17494833587
forecast_2530,2025-04-16 10:00:00,10221.730039133152,12547.891905603461,9895.260926054209
forecast_2531,2025-04-16 11:00:00,10221.730039133152,11763.698819524077,9895.260926054209
forecast_2532,2025-04-16 12:00:00,11909.684495026779,11763.698819524077,10256.78717984743
forecast_2533,2025-04-16 13:00:00,12708.925043182568,13124.69520538413,11431.987848032126
forecast_2534,2025-04-16 14:00:00,14798.888430587891,14951.71139260338,14016.272841679467
forecast_2535,2025-04-16 15:00:00,14990.72230196384,15937.346066952952,14696.419898221639
forecast_2536,2025-04-16 16:00:00,16237.127472412027,17225.212686168466,16362.635798597052
forecast_2537,2025-04-16 17:00:00,17615.74935921628,18149.302371878362,17397.43193774736
forecast_2538,2025-04-16 18:00:00,18205.28376963435,19083.622483434294,18200.970756182127
forecast_2539,2025-04-16 19:00:00,18239.229590756873,19312.568961175268,18543.975392661436
forecast_2540,2025-04-16 20:00:00,18205.28376963435,19490.188656768532,18543.975392661436
forecast_2541,2025-04-16 21:00:00,18105.312051591867,19312.568961175268,18528.55903149461
forecast_2542,2025-04-16 22:00:00,18105.312051591867,19285.901135706776,18528.55903149461
forecast_2543,2025-04-16 23:00:00,18584.207472192174,19285.901135706776,18777.52114907287
forecast_2544,2025-04-17 00:00:00,18967.70399062263,19399.247943449744,18828.93162295022
forecast_2545,2025-04-17 01:00:00,17071.961281955082,18309.665084448712,16986.698202801592
forecast_2546,2025-04-17 02:00:00,17443.560180357374,18682.782388730368,17479.82702990879
forecast_2547,2025-04-17 03:00:00,17198.82243947987,17936.547780167057,16493.007478867
forecast_2548,2025-04-17 04:00:00,17198.82243947987,17803.361846141288,16195.395021148679
forecast_2549,2025-04-17 05:00:00,16880.224220478805,17652.702676135945,15832.388821261531
forecast_2550,2025-04-17 06:00:00,16467.423710056344,17652.702676135945,15832.388821261531
forecast_2551,2025-04-17 07:00:00,16132.969161576559,17652.702676135945,15660.60583728032
forecast_2552,2025-04-17 08:00:00,15946.057731277908,17381.526285922868,15448.982967765758
forecast_2553,2025-04-17 09:00:00,10862.717381034377,13273.035675217387,11567.605916519922
forecast_2554,2025-04-17 10:00:00,8678.370454684593,12572.791770488919,10327.923362380174
forecast_2555,2025-04-17 11:00:00,8280.348869893121,12472.420655790822,9762.900493242016
forecast_2556,2025-04-17 12:00:00,7737.379663821831,10939.03536680074,8988.154954222231
forecast_2557,2025-04-17 13:00:00,7737.379663821831,10939.03536680074,8988.154954222231
forecast_2558,2025-04-17 14:00:00,8743.851318430547,12518.866331980638,10305.173351087105
forecast_2559,2025-04-17 15:00:00,9496.534762895966,12714.649970763956,10332.513884987486
forecast_2560,2025-04-17 16:00:00,10187.197762336229,12988.755875549785,11177.704829827075
forecast_2561,2025-04-17 17:00:00,10530.965064903783,13413.695749771767,11611.087766736247
forecast_2562,2025-04-17 18:00:00,11051.49976239618,13559.969597320047,11803.30100173935
forecast_2563,2025-04-17 19:00:00,12421.26638798759,13559.969597320047,11875.907505440631
forecast_2564,2025-04-17 20:00:00,12421.26638798759,13634.004243937086,11921.723187391995
forecast_2565,2025-04-17 21:00:00,12521.879610713324,13985.02010520314,12137.11093675036
forecast_2566,2025-04-17 22:00:00,12426.248137290811,14469.772820233575,12406.859315751197
forecast_2567,2025-04-17 23:00:00,12521.879610713324,15290.524326565144,12567.512486298474
forecast_2568,2025-04-18 00:00:00,14134.767979647866,16663.826148812906,14472.535318688098
forecast_2569,2025-04-18 01:00:00,16849.374212551586,19205.952720741916,17638.428748970557
forecast_2570,2025-04-18 02:00:00,16907.36762155105,19239.21508525827,17645.61052606844
forecast_2571,2025-04-18 03:00:00,18523.850177060558,19457.969777524562,18103.362518754275
forecast_2572,2025-04-18 04:00:00,18523.850177060558,19457.969777524562,18103.362518754275
forecast_2573,2025-04-18 05:00:00,18501.17788740979,19325.901821261898,17890.094049693602
forecast_2574,2025-04-18 06:00:00,15587.276094766263,15970.44182006644,14492.352992055008
forecast_2575,2025-04-18 07:00:00,14879.848000768026,14738.7355287697,13548.397885607352
forecast_2576,2025-04-18 08:00:00,13627.084919223873,14485.02129928637,12442.923964611378
forecast_2577,2025-04-18 09:00:00,11596.920770349281,13147.969615105505,11130.151469595912
forecast_2578,2025-04-18 10:00:00,10349.570814162065,12470.87014113137,10485.416046830382
forecast_2579,2025-04-18 11:00:00,9867.787669336049,11686.991757477112,9762.644162860603
forecast_2580,2025-04-18 12:00:00,9243.237112189869,10587.168284882668,9335.548215663248
forecast_2581,2025-04-18 13:00:00,7403.284952859411,8635.179803747007,7627.8167291045
forecast_2582,2025-04-18 14:00:00,7237.583993492013,8132.089393318795,7277.148584395892
forecast_2583,2025-04-18 15:00:00,6803.403632018416,7548.007681898572,6265.793224824721
forecast_2584,2025-04-18 16:00:00,6399.78256568222,7498.598626694147,6056.6433633509205
forecast_2585,2025-04-18 17:00:00,6803.403632018416,7498.598626694147,6056.6433633509205
forecast_2586,2025-04-18 18:00:00,8262.753634641454,8416.89478699105,6521.205996474298
forecast_2587,2025-04-18 19:00:00,8409.574056887588,10297.861719262975,7354.76674653927
forecast_2588,2025-04-18 20:00:00,10456.338127302222,11913.902309513516,9252.416230072467
forecast_2589,2025-04-18 21:00:00,10943.401743573184,12240.892728925424,9416.327220266197
forecast_2590,2025-04-18 22:00:00,10456.338127302222,13489.77177153058,10445.066133385044
forecast_2591,2025-04-18 23:00:00,10621.502606322303,13489.77177153058,10445.066133385044
forecast_2592,2025-04-19 00:00:00,10375.259732961893,13581.154009878766,10415.816478382454
forecast_2593,2025-04-19 01:00:00,11469.080225802849,14731.35284794158,11933.873696492232
forecast_2594,2025-04-19 02:00:00,12773.860023499888,15408.749041221286,13036.614678791204
forecast_2595,2025-04-19 03:00:00,14344.20928137745,15733.287140449285,14075.539103984129
forecast_2596,2025-04-19 04:00:00,14344.20928137745,15733.287140449285,14075.539103984129
forecast_2597,2025-04-19 05:00:00,13727.0100769944,15588.409053627858,14004.007278044272
forecast_2598,2025-04-19 06:00:00,13026.707484593877,15026.189452116421,13624.765844562537
forecast_2599,2025-04-19 07:00:00,10895.403642288278,14428.837032449881,11644.367012126244
forecast_2600,2025-04-19 08:00:00,10895.403642288278,14428.837032449881,11644.367012126244
forecast_2601,2025-04-19 09:00:00,10822.091655017986,14428.837032449881,11644.367012126244
forecast_2602,2025-04-19 10:00:00,11970.398224444689,14366.21352693251,12546.595290651076
forecast_2603,2025-04-19 11:00:00,11970.398224444689,14366.21352693251,12800.635739117448
forecast_2604,2025-04-19 12:00:00,13153.534706073686,15826.383416574452,13198.819903388066
forecast_2605,2025-04-19 13:00:00,14349.515903423542,17599.926808286677,15194.173057054591
forecast_2606,2025-04-19 14:00:00,15564.214292773204,17919.623561713128,16291.022602134988
forecast_2607,2025-04-19 15:00:00,15981.80320897329,18144.218965319596,16402.130343488658
forecast_2608,2025-04-19 16:00:00,16770.574870186847,18216.93532229439,16692.73671198719
forecast_2609,2025-04-19 17:00:00,17747.148760734846,18225.313056759383,17344.751855436705
forecast_2610,2025-04-19 18:00:00,18547.43892478398,18862.983959383615,17359.520913629793
forecast_2611,2025-04-19 19:00:00,18547.43892478398,18862.983959383615,17359.520913629793
forecast_2612,2025-04-19 20:00:00,16811.55575410232,16284.463050605886,15441.57887393842
forecast_2613,2025-04-19 21:00:00,15415.714403923039,15958.85658499723,14701.862114564725
forecast_2614,2025-04-19 22:00:00,13407.63101210925,14415.682593016534,12886.257238769758
forecast_2615,2025-04-19 23:00:00,10770.860454590162,11467.180205618732,10078.15940803562
forecast_2616,2025-04-20 00:00:00,10356.103179735153,11116.114458991688,9854.995571936666
forecast_2617,2025-04-20 01:00:00,8353.497256524133,8876.230459358903,7582.97513145743
forecast_2618,2025-04-20 02:00:00,7891.9887365462855,8242.23525644104,6982.350937785032
forecast_2619,2025-04-20 03:00:00,5311.298770757248,6101.435744517963,4876.8179299705225
forecast_2620,2025-04-20 04:00:00,4333.5946700844515,4803.0335864050985,3453.6565647261577
forecast_2621,2025-04-20 05:00:00,3522.9953341951195,3549.6246353077727,2964.092669220747
forecast_2622,2025-04-20 06:00:00,3361.604104293071,3549.6246353077727,2864.088932378003
forecast_2623,2025-04-20 07:00:00,3143.4780253544823,3305.6481944778093,2763.586241054888
forecast_2624,2025-04-20 08:00:00,2909.8540460920412,3221.21047623637,2502.9582199354977
forecast_2625,2025-04-20 09:00:00,2803.738837929088,3017.423938233814,2450.9263436246883
forecast_2626,2025-04-20 10:00:00,2803.738837929088,3014.5490426628903,2323.5527311420715
forecast_2627,2025-04-20 11:00:00,2846.18200389667,2996.8913513997804,2317.0878803945748
forecast_2628,2025-04-20 12:00:00,2846.18200389667,2965.8647931086934,2261.3459435629484
forecast_2629,2025-04-20 13:00:00,2606.406230829639,2701.107060655547,2147.9238590533487
forecast_2630,2025-04-20 14:00:00,2606.406230829639,2661.480921475925,2147.9238590533487
forecast_2631,2025-04-20 15:00:00,2606.406230829639,2584.720799346308,2124.813860756136
forecast_2632,2025-04-20 16:00:00,2551.171485208185,2648.320394602222,2195.7350825647554
forecast_2633,2025-04-20 17:00:00,2551.171485208185,2595.8927426502305,2195.7350825647554
forecast_2634,2025-04-20 18:00:00,2737.8589887638072,2648.320394602222,2250.4663054670864
forecast_2635,2025-04-20 19:00:00,3054.204496904419,2704.1698606412183,2564.4629989944606
forecast_2636,2025-04-20 20:00:00,3183.173487030658,3019.416849844991,2795.326884146968
forecast_2637,2025-04-20 21:00:00,3238.546911403353,3288.627157283723,2840.743105885527
forecast_2638,2025-04-20 22:00:00,3823.3233014791863,3718.610988350194,3252.684648632359
forecast_2639,2025-04-20 23:00:00,3823.3233014791863,3718.610988350194,3252.684648632359
forecast_2640,2025-04-21 00:00:00,3795.8879994914278,3610.0464991674335,3182.4750064683303
forecast_2641,2025-04-21 01:00:00,3505.7457314309067,3361.394698602064,2827.8036437177516
forecast_2642,2025-04-21 02:00:00,3467.4779736109676,3202.0745742260724,2820.876104704092
forecast_2643,2025-04-21 03:00:00,3467.4779736109676,3331.4870091560215,2820.975652705868
forecast_2644,2025-04-21 04:00:00,3640.203645997991,3331.4870091560215,2820.975652705868
forecast_2645,2025-04-21 05:00:00,3829.0051171532286,3583.283202694562,3081.976239439191
forecast_2646,2025-04-21 06:00:00,3898.833506788996,3674.121278803761,3092.7330110673624
forecast_2647,2025-04-21 07:00:00,3934.0086183270223,3832.162818782088,3190.1874722051807
forecast_2648,2025-04-21 08:00:00,3934.0086183270223,4084.0331592048115,3190.1874722051807
forecast_2649,2025-04-21 09:00:00,3822.3957702999114,4084.0331592048115,3174.146012566238
forecast_2650,2025-04-21 10:00:00,3261.6524432132983,3880.55448839181,2683.019090999508
forecast_2651,2025-04-21 11:00:00,3185.8154474111543,3775.6271496167506,2576.7277700989785
forecast_2652,2025-04-21 12:00:00,3149.1521074315424,3515.772730116718,2521.1628810834836
forecast_2653,2025-04-21 13:00:00,3002.1564520869106,3418.050628848525,2348.1312208653094
forecast_2654,2025-04-21 14:00:00,2698.425404589878,3329.4417977323556,2340.29897678833
forecast_2655,2025-04-21 15:00:00,2698.425404589878,3076.7755118188184,2067.701041131019
forecast_2656,2025-04-21 16:00:00,3069.961049843593,2863.686734219937,2067.701041131019
forecast_2657,2025-04-21 17:00:00,3069.961049843593,2708.4867729315074,1997.3074428112625
forecast_2658,2025-04-21 18:00:00,3076.3678671520847,2863.686734219937,2225.9216968574865
forecast_2659,2025-04-21 19:00:00,4058.008273368993,3662.079121778252,2563.517261652044
forecast_2660,2025-04-21 20:00:00,4508.852002885822,5870.269083822753,3399.875968784781
forecast_2661,2025-04-21 21:00:00,4823.288581850958,7843.219017779776,4748.2354053180425
forecast_2662,2025-04-21 22:00:00,5175.303828737543,8847.581236850388,5387.383739374021
forecast_2663,2025-04-21 23:00:00,5371.950634191962,9429.825643670107,6003.16537724104
forecast_2664,2025-04-22 00:00:00,5423.254318079717,9714.06974597073,6016.892148384282
forecast_2665,2025-04-22 01:00:00,7148.637244833805,10300.307406280615,6842.738709756526
forecast_2666,2025-04-22 02:00:00,6962.418614112667,9982.322985343537,6615.1041312855505
forecast_2667,2025-04-22 03:00:00,6331.380162498015,8468.380100402148,5478.302984505948
forecast_2668,2025-04-22 04:00:00,6091.356949984127,8451.279820390557,5255.8994084988235
forecast_2669,2025-04-22 05:00:00,5353.423885457022,7112.362088866888,4821.536690956384
forecast_2670,2025-04-22 06:00:00,5172.556808832876,7058.859356376333,4742.947340199493
forecast_2671,2025-04-22 07:00:00,4886.580058357072,6662.534316727117,4821.536690956384
forecast_2672,2025-04-22 08:00:00,4886.580058357072,6662.534316727117,5224.701275350933
forecast_2673,2025-04-22 09:00:00,5606.068019207713,8529.52794630855,5883.777460192225
forecast_2674,2025-04-22 10:00:00,6717.570683638153,9297.30771097137,6922.749495119055
forecast_2675,2025-04-22 11:00:00,8304.875315671847,11541.212570879328,8678.99322224351
forecast_2676,2025-04-22 12:00:00,9818.072462724387,11809.559022896547,9000.853449631104
forecast_2677,2025-04-22 13:00:00,9818.072462724387,11809.559022896547,9000.853449631104
forecast_2678,2025-04-22 14:00:00,8153.407820371401,10697.241946535793,7537.844660013072
forecast_2679,2025-04-22 15:00:00,6107.73066866286,7406.366413618694,4575.737915344174
forecast_2680,2025-04-22 16:00:00,4921.055347415691,6224.520380167394,4575.737915344174
forecast_2681,2025-04-22 17:00:00,4891.621364418852,5857.04656913617,4423.097838021772
forecast_2682,2025-04-22 18:00:00,4571.758711342214,5295.3917956283585,3420.579355799155
forecast_2683,2025-04-22 19:00:00,4571.758711342214,5295.3917956283585,3420.579355799155
forecast_2684,2025-04-22 20:00:00,4715.203838108157,5295.3917956283585,3420.579355799155
forecast_2685,2025-04-22 21:00:00,4781.159601889319,4884.275100147426,3633.31877045975
forecast_2686,2025-04-22 22:00:00,5133.151923665117,4884.275100147426,4196.864442743309
forecast_2687,2025-04-22 23:00:00,5427.042302867222,7142.44223134048,5306.986331811952
forecast_2688,2025-04-23 00:00:00,5454.906754198055,7526.472274515596,5473.083570724299
forecast_2689,2025-04-23 01:00:00,6762.723576053582,7881.733043623273,5914.288312013302
forecast_2690,2025-04-23 02:00:00,6422.090990506514,7777.550741366537,5614.425943282604
forecast_2691,2025-04-23 03:00:00,6020.002426605939,7137.245543195591,5464.736845848868
forecast_2692,2025-04-23 04:00:00,5634.244162905702,6080.65761041812,4531.457452475437
forecast_2693,2025-04-23 05:00:00,5314.500269954935,5666.383691958932,4115.366229237134
forecast_2694,2025-04-23 06:00:00,5022.035173333048,4818.004092297042,3663.6260004788583
forecast_2695,2025-04-23 07:00:00,4345.113369953454,4478.620935118717,3245.844281843855
forecast_2696,2025-04-23 08:00:00,3659.653333065532,3981.362489965577,2848.3646307048866
forecast_2697,2025-04-23 09:00:00,3384.9051211539418,3558.991546310083,2613.574348260713
forecast_2698,2025-04-23 10:00:00,3132.631681467198,3143.0795058558433,2382.2503781181595
forecast_2699,2025-04-23 11:00:00,3007.5422098070485,3064.1247151057814,2368.959940482152
forecast_2700,2025-04-23 12:00:00,2690.4962112045723,2756.136343480326,2118.388503181154
forecast_2701,2025-04-23 13:00:00,2690.4962112045723,2720.082996951615,2079.6317394963
forecast_2702,2025-04-23 14:00:00,2737.1474425219394,2720.082996951615,2079.6317394963
forecast_2703,2025-04-23 15:00:00,2966.2957211521016,3057.101086859339,2281.5549785272115
forecast_2704,2025-04-23 16:00:00,3177.2951420719237,3428.2265184274065,2664.4656463579754
forecast_2705,2025-04-23 17:00:00,3444.6075433102096,3943.5080014774558,2752.782542688159
forecast_2706,2025-04-23 18:00:00,4099.009408816727,4781.320823862425,3313.8223401922905
forecast_2707,2025-04-23 19:00:00,4355.5816606117605,4878.598047236853,3879.067094966429
forecast_2708,2025-04-23 20:00:00,5023.478092671638,5785.553214957117,4903.600582685784
forecast_2709,2025-04-23 21:00:00,5438.565369985461,6839.053887854758,5552.930972512038
forecast_2710,2025-04-23 22:00:00,7370.1338227817405,9164.116949879543,7338.0826097251465
forecast_2711,2025-04-23 23:00:00,8979.305609348727,10784.657483672001,8680.159914090822
forecast_2712,2025-04-24 00:00:00,11028.144416353738,12581.867379607042,10465.270079574419
forecast_2713,2025-04-24 01:00:00,14819.213813437284,15348.577899354335,13208.124396932231
forecast_2714,2025-04-24 02:00:00,14897.789915896912,15510.715410388095,13263.515641087355
forecast_2715,2025-04-24 03:00:00,15518.109575449123,16534.85760328859,14434.038983385233
forecast_2716,2025-04-24 04:00:00,15667.7084574792,16534.85760328859,14434.038983385233
forecast_2717,2025-04-24 05:00:00,15667.7084574792,16595.058866342322,14342.787585727516
forecast_2718,2025-04-24 06:00:00,15667.7084574792,16503.740244185676,13693.503438448844
forecast_2719,2025-04-24 07:00:00,15565.848127904545,16119.484177576285,13365.524737855538
forecast_2720,2025-04-24 08:00:00,13597.197986751658,14391.43686391643,12412.482300129983
forecast_2721,2025-04-24 09:00:00,10261.746146607298,11294.58125353682,9016.1884161389
forecast_2722,2025-04-24 10:00:00,8429.23753569813,9900.452299011466,8084.747469081681
forecast_2723,2025-04-24 11:00:00,8429.23753569813,9900.452299011466,8084.747469081681
forecast_2724,2025-04-24 12:00:00,10208.342353206688,11782.151574394644,9632.923041980175
forecast_2725,2025-04-24 13:00:00,11181.421639874012,11846.964306187434,10188.573471247919
forecast_2726,2025-04-24 14:00:00,13465.976061331097,14505.703826307847,13139.386945927045
forecast_2727,2025-04-24 15:00:00,14910.340846022475,15655.47724780382,14461.67474694877
forecast_2728,2025-04-24 16:00:00,14933.057204344928,15655.47724780382,14461.67474694877
forecast_2729,2025-04-24 17:00:00,15197.273237727326,15655.47724780382,14461.67474694877
forecast_2730,2025-04-24 18:00:00,16056.494623222557,17448.691148291753,16047.823224575204
forecast_2731,2025-04-24 19:00:00,17345.65918583486,18486.411306814014,16545.081570035763
forecast_2732,2025-04-24 20:00:00,17345.65918583486,18486.411306814014,16545.081570035763
forecast_2733,2025-04-24 21:00:00,17223.158612224324,17599.87838305979,16036.946543868693
forecast_2734,2025-04-24 22:00:00,16126.853020769484,16577.809426628268,15118.272772506469
forecast_2735,2025-04-24 23:00:00,15422.21865620675,15866.552542388868,14348.672249199231
forecast_2736,2025-04-25 00:00:00,15257.71852506066,15860.065128902777,14132.70262331506
forecast_2737,2025-04-25 01:00:00,14357.668968944008,13791.016723713958,11977.362318226904
forecast_2738,2025-04-25 02:00:00,14341.133274524393,13788.571317132084,11930.11581087951
forecast_2739,2025-04-25 03:00:00,14341.133274524393,13674.525654644525,11426.375661238042
forecast_2740,2025-04-25 04:00:00,14159.817020593919,13674.525654644525,11426.375661238042
forecast_2741,2025-04-25 05:00:00,14159.817020593919,14278.693458189462,11742.2998163644
forecast_2742,2025-04-25 06:00:00,14159.817020593919,14278.693458189462,11742.2998163644
forecast_2743,2025-04-25 07:00:00,12960.975892470722,13788.05388710916,10462.241204472908
forecast_2744,2025-04-25 08:00:00,12955.987159698157,12904.27945045261,10462.241204472908
forecast_2745,2025-04-25 09:00:00,12955.987159698157,12904.27945045261,10513.111030454202
forecast_2746,2025-04-25 10:00:00,13183.766440003452,12749.43330983992,10513.111030454202
forecast_2747,2025-04-25 11:00:00,13183.766440003452,12749.43330983992,10349.21744362716
forecast_2748,2025-04-25 12:00:00,12632.844135147692,11311.297990990299,9422.637049261999
forecast_2749,2025-04-25 13:00:00,12294.693364965839,10455.935535277502,9060.484585353377
forecast_2750,2025-04-25 14:00:00,12043.635851240302,10455.935535277502,8920.345617803558
forecast_2751,2025-04-25 15:00:00,11638.135201370173,10546.548827693463,9060.484585353377
forecast_2752,2025-04-25 16:00:00,11638.135201370173,10659.198965744145,9013.813877388158
forecast_2753,2025-04-25 17:00:00,11903.084210863668,10715.779895754731,9182.514997078059
forecast_2754,2025-04-25 18:00:00,12189.966658705409,10805.243513326757,9391.00031543155
forecast_2755,2025-04-25 19:00:00,12203.276419793701,11017.31913351656,9585.1658154053
forecast_2756,2025-04-25 20:00:00,13298.570220235295,12633.681017587118,10893.497314725748
forecast_2757,2025-04-25 21:00:00,13564.818037174595,12978.146184287525,11394.669940133273
forecast_2758,2025-04-25 22:00:00,13564.818037174595,12978.146184287525,11394.669940133273
forecast_2759,2025-04-25 23:00:00,13119.742826642969,11924.194344509944,11120.888568102875
forecast_2760,2025-04-26 00:00:00,12269.103305009849,11616.833875495464,10438.588188707166
forecast_2761,2025-04-26 01:00:00,9630.957225842112,10566.904164290387,8598.940719077727
forecast_2762,2025-04-26 02:00:00,9830.735443564028,11150.169238049019,8971.682675697077
forecast_2763,2025-04-26 03:00:00,13100.34304022891,13922.554097546914,11674.349463457775
forecast_2764,2025-04-26 04:00:00,13206.749312742602,15004.795052231771,12055.476175037033
forecast_2765,2025-04-26 05:00:00,14073.650043680604,15278.649057856153,12692.833731057643
forecast_2766,2025-04-26 06:00:00,14491.116126170167,15545.840150596272,13451.105175533388
forecast_2767,2025-04-26 07:00:00,14527.559478101166,15545.840150596272,13514.80536435346
forecast_2768,2025-04-26 08:00:00,14527.559478101166,15192.766040927312,13451.105175533388
forecast_2769,2025-04-26 09:00:00,13178.111902212997,13984.69569698588,12231.050281332748
forecast_2770,2025-04-26 10:00:00,13129.834236996465,13144.47274853188,11428.384157347935
forecast_2771,2025-04-26 11:00:00,13129.834236996465,12833.954568212213,11428.384157347935
forecast_2772,2025-04-26 12:00:00,13236.162632356198,12953.127102475904,11730.395048464155
forecast_2773,2025-04-26 13:00:00,13462.464104659237,12953.127102475904,11785.12091930001
forecast_2774,2025-04-26 14:00:00,14066.569567012451,13647.292580500078,12327.534311637148
forecast_2775,2025-04-26 15:00:00,15140.10646859168,15053.508664333083,14120.121663253925
forecast_2776,2025-04-26 16:00:00,15671.214249823635,15529.785530799478,14523.441375002469
forecast_2777,2025-04-26 17:00:00,16961.841118198237,17174.81345261341,16198.522498958311
forecast_2778,2025-04-26 18:00:00,17656.18021598478,18478.87889000899,17312.980130574124
forecast_2779,2025-04-26 19:00:00,18306.371594469572,18632.857344496937,17843.777438131125
forecast_2780,2025-04-26 20:00:00,18876.519758687973,18657.266100524706,18282.058437641397
forecast_2781,2025-04-26 21:00:00,19567.458101274555,18774.07863419065,18545.931851412694
forecast_2782,2025-04-26 22:00:00,19584.657600028368,18913.50716010811,18561.082384971894
forecast_2783,2025-04-26 23:00:00,19777.618338209188,19226.84727352297,18739.838777582405
forecast_2784,2025-04-27 00:00:00,19936.19571942927,19468.054885483107,18800.372027197125
forecast_2785,2025-04-27 01:00:00,19749.174572508513,19568.50105142894,18711.649130007867
forecast_2786,2025-04-27 02:00:00,19738.086450439343,19546.005740622706,18843.87534331024
forecast_2787,2025-04-27 03:00:00,19627.20174578156,19423.132730173715,18843.87534331024
forecast_2788,2025-04-27 04:00:00,19601.16329621027,19168.191034968935,18269.230623345524
forecast_2789,2025-04-27 05:00:00,19227.270451158227,19027.002509405207,17966.49217821409
forecast_2790,2025-04-27 06:00:00,19204.672533002118,18935.29273739345,17739.219976772256
forecast_2791,2025-04-27 07:00:00,18054.31629160116,18220.60656873248,16875.59157692904
forecast_2792,2025-04-27 08:00:00,17387.529157467456,18105.881802198775,16519.373322931602
forecast_2793,2025-04-27 09:00:00,15848.940753677629,16573.200291966605,15101.778575688448
forecast_2794,2025-04-27 10:00:00,15004.353128290863,15684.52181041348,14254.65311599094
forecast_2795,2025-04-27 11:00:00,15004.353128290863,15684.52181041348,14254.65311599094
forecast_2796,2025-04-27 12:00:00,17279.941236161776,17572.824086261717,15809.843319832453
forecast_2797,2025-04-27 13:00:00,17356.5407284442,18552.222747441097,16869.06060703553
forecast_2798,2025-04-27 14:00:00,17356.5407284442,18552.222747441097,16869.06060703553
forecast_2799,2025-04-27 15:00:00,16308.440361912151,17316.24206748991,15533.043958009086
forecast_2800,2025-04-27 16:00:00,15852.241825130528,17235.253552756007,15533.043958009086
forecast_2801,2025-04-27 17:00:00,15852.241825130528,17316.24206748991,15537.533567541363
forecast_2802,2025-04-27 18:00:00,15867.781789727806,17726.271395708063,15993.492874140877
forecast_2803,2025-04-27 19:00:00,15899.165823064328,17802.73368429017,16098.724172953243
forecast_2804,2025-04-27 20:00:00,15867.781789727806,17726.271395708063,16098.724172953243
forecast_2805,2025-04-27 21:00:00,15615.095055252576,16779.115940991447,16316.859799110875
forecast_2806,2025-04-27 22:00:00,15615.095055252576,16779.115940991447,16316.859799110875
forecast_2807,2025-04-27 23:00:00,16115.986454621276,17005.757868080356,16316.859799110875
forecast_2808,2025-04-28 00:00:00,16482.20762149094,17627.180198890703,16441.59716827266
forecast_2809,2025-04-28 01:00:00,14307.440100401092,15366.246710076073,13297.228845674428
forecast_2810,2025-04-28 02:00:00,14510.226307566192,15093.700664446766,13223.621634785039
forecast_2811,2025-04-28 03:00:00,13590.739699706708,14349.523411970204,12888.79374866486
forecast_2812,2025-04-28 04:00:00,12855.293901722564,13492.855761792092,10329.48304210117
forecast_2813,2025-04-28 05:00:00,8018.142036622856,10536.892833713846,7466.4622422838
forecast_2814,2025-04-28 06:00:00,7493.745148169239,8372.101984494484,6086.144957296372
forecast_2815,2025-04-28 07:00:00,6868.791371478902,8285.563362073954,5508.700344883093
forecast_2816,2025-04-28 08:00:00,5867.98907891554,7334.016069384206,4895.409283886518
forecast_2817,2025-04-28 09:00:00,4795.669880475851,5336.925258489991,4082.253014725439
forecast_2818,2025-04-28 10:00:00,4795.669880475851,5336.925258489991,4082.253014725439
forecast_2819,2025-04-28 11:00:00,8683.915915150374,8270.382688938222,6843.984065894472
forecast_2820,2025-04-28 12:00:00,10677.954902192421,10010.74092389733,8256.422597954599
forecast_2821,2025-04-28 13:00:00,12267.064359689693,11350.99347746123,8864.389172111863
forecast_2822,2025-04-28 14:00:00,12267.064359689693,11350.99347746123,8864.389172111863
forecast_2823,2025-04-28 15:00:00,11217.67179197133,10063.765339913307,8147.004658346144
forecast_2824,2025-04-28 16:00:00,7553.965760306891,6699.6059262771005,5562.9591611529695
forecast_2825,2025-04-28 17:00:00,5376.11426218484,5365.642308676013,3961.1028318493104
forecast_2826,2025-04-28 18:00:00,4872.227139019766,4868.207713776184,3404.0619871853582
forecast_2827,2025-04-28 19:00:00,4872.227139019766,4868.207713776184,3404.0619871853582
forecast_2828,2025-04-28 20:00:00,5062.465779411226,4953.361051950013,3620.2361760496
forecast_2829,2025-04-28 21:00:00,5441.257348257805,5504.168818341598,4058.438567129279
forecast_2830,2025-04-28 22:00:00,5441.257348257805,5623.436085505862,4268.6094400365855
forecast_2831,2025-04-28 23:00:00,5263.892249179777,5644.994191090016,4268.6094400365855
forecast_2832,2025-04-29 00:00:00,5073.983594168926,5634.215138297939,4057.109251815065
forecast_2833,2025-04-29 01:00:00,3910.501230605514,2914.6638091592285,2208.6127809457153
forecast_2834,2025-04-29 02:00:00,3650.543353796532,3035.570908144842,2129.254111471896
forecast_2835,2025-04-29 03:00:00,3650.543353796532,3035.570908144842,2129.254111471896
forecast_2836,2025-04-29 04:00:00,4225.470645255566,4308.007220438232,2515.186585615039
forecast_2837,2025-04-29 05:00:00,5212.73488669855,5622.670962543894,3581.4675649696746
forecast_2838,2025-04-29 06:00:00,6293.901933198558,7472.396057990507,4885.5752753221195
forecast_2839,2025-04-29 07:00:00,6293.901933198558,8147.775819369198,5533.060793742615
forecast_2840,2025-04-29 08:00:00,5889.9663384158,8147.775819369198,5533.060793742615
forecast_2841,2025-04-29 09:00:00,5889.9663384158,7003.232933482934,5533.060793742615
forecast_2842,2025-04-29 10:00:00,5858.240940709065,6849.1446751919975,5375.0697064371525
forecast_2843,2025-04-29 11:00:00,6058.75220169975,6573.25242817971,5481.586208898141
forecast_2844,2025-04-29 12:00:00,6432.5142698842765,6565.835755092822,5371.8041101836225
forecast_2845,2025-04-29 13:00:00,6432.5142698842765,6565.835755092822,5481.586208898141
forecast_2846,2025-04-29 14:00:00,6596.515878401412,6565.835755092822,5546.601528748442
forecast_2847,2025-04-29 15:00:00,7634.030059945828,6754.087363191467,5919.811557726078
forecast_2848,2025-04-29 16:00:00,8020.6861735693665,7157.8680292105,6682.641801205875
forecast_2849,2025-04-29 17:00:00,8020.6861735693665,7263.7302264648715,6733.032242559699
forecast_2850,2025-04-29 18:00:00,8020.6861735693665,7263.7302264648715,6946.205631414325
forecast_2851,2025-04-29 19:00:00,9206.56409790881,10290.614921959546,8774.552610457169
forecast_2852,2025-04-29 20:00:00,13065.975356999654,13177.596744770322,11693.353223898093
forecast_2853,2025-04-29 21:00:00,14631.29424571191,15107.807927528702,13693.05077953256
forecast_2854,2025-04-29 22:00:00,18511.048415773475,18490.265544533184,17063.49190651202
forecast_2855,2025-04-29 23:00:00,19489.623326389657,19223.157681753604,18253.821175782454
forecast_2856,2025-04-30 00:00:00,19505.55362593007,19281.322867554743,18254.04583565917
forecast_2857,2025-04-30 01:00:00,20100.038738446307,19202.363952512205,18041.152426628436
forecast_2858,2025-04-30 02:00:00,20251.2908289177,19326.72318776955,18107.036118453245
forecast_2859,2025-04-30 03:00:00,20963.265887799353,19552.633952355434,18712.512600799746
forecast_2860,2025-04-30 04:00:00,20963.265887799353,19552.633952355434,18712.512600799746
forecast_2861,2025-04-30 05:00:00,20360.654163685515,19538.260194952694,18335.97746648112
forecast_2862,2025-04-30 06:00:00,19724.91289793304,19507.225106307145,18075.458649529508
forecast_2863,2025-04-30 07:00:00,18456.82981356218,18872.960718899783,17321.447273571284
forecast_2864,2025-04-30 08:00:00,15829.146407514221,16959.22547292,15315.189554744236
forecast_2865,2025-04-30 09:00:00,15098.105248583468,16666.22663710293,14998.434069718094
forecast_2866,2025-04-30 10:00:00,13617.187610335788,16188.747051767567,13665.417384404087
forecast_2867,2025-04-30 11:00:00,12808.000420179316,15069.435745837625,13246.574310295922
forecast_2868,2025-04-30 12:00:00,12308.721722001475,14503.796023594394,13043.050572462933
forecast_2869,2025-04-30 13:00:00,11253.4361898041,13244.76857629533,11280.008659660438
forecast_2870,2025-04-30 14:00:00,9115.788842973938,11027.979607026627,9827.321746095367
forecast_2871,2025-04-30 15:00:00,8818.13454379039,10498.172280022685,9303.02829986658
forecast_2872,2025-04-30 16:00:00,7444.375438444172,8848.670491007517,7798.465865823217
forecast_2873,2025-04-30 17:00:00,6161.530144730368,7842.478459781722,6377.485010897122
forecast_2874,2025-04-30 18:00:00,5732.029134136204,7599.387039513305,6039.755276925132
forecast_2875,2025-04-30 19:00:00,5732.029134136204,7599.387039513305,5851.348803405978
forecast_2876,2025-04-30 20:00:00,5830.708735572142,8196.430199520619,5851.348803405978
forecast_2877,2025-04-30 21:00:00,7492.215494259427,9148.246181917257,6501.731800356941
forecast_2878,2025-04-30 22:00:00,8520.73269344037,11421.591166844522,7626.77518646533
forecast_2879,2025-04-30 23:00:00,9608.226292691546,12129.171062671989,8302.238179151671
forecast_2880,2025-05-01 00:00:00,10092.800273119745,12435.308456408286,8571.077089764907
forecast_2881,2025-05-01 01:00:00,13980.36159804839,15312.234936915085,13725.373802088381
forecast_2882,2025-05-01 02:00:00,14122.525889306908,15469.478844259937,13809.75282082981
forecast_2883,2025-05-01 03:00:00,15725.147900786782,15975.122938589204,14757.721110597859
forecast_2884,2025-05-01 04:00:00,16200.296993700076,16840.94595915854,15098.622951468591
forecast_2885,2025-05-01 05:00:00,16279.61655521462,17277.922623373892,15614.640815590807
forecast_2886,2025-05-01 06:00:00,16607.217660412734,17315.15466681615,15669.871094100827
forecast_2887,2025-05-01 07:00:00,16646.539957262088,17819.35173343088,16310.960418744435
forecast_2888,2025-05-01 08:00:00,16646.539957262088,17819.35173343088,16310.960418744435
forecast_2889,2025-05-01 09:00:00,16235.01927630365,16771.74503887205,15632.266433128305
forecast_2890,2025-05-01 10:00:00,14840.14410193026,15010.146175672133,13501.743352472291
forecast_2891,2025-05-01 11:00:00,14840.14410193026,15010.146175672133,13501.743352472291
forecast_2892,2025-05-01 12:00:00,15176.764242461813,15561.999811814874,13909.6607843967
forecast_2893,2025-05-01 13:00:00,15269.311063453402,16000.309281984182,14734.367510000027
forecast_2894,2025-05-01 14:00:00,16030.82347330996,17282.388760211652,16111.098144239426
forecast_2895,2025-05-01 15:00:00,16066.339462705846,17282.388760211652,16369.104697336621
forecast_2896,2025-05-01 16:00:00,16066.339462705846,16873.32954172593,16369.104697336621
forecast_2897,2025-05-01 17:00:00,14352.309167710062,15137.84564932921,14755.204171816024
forecast_2898,2025-05-01 18:00:00,12475.513540166132,13892.827217276168,12438.585439159142
forecast_2899,2025-05-01 19:00:00,12475.513540166132,13892.827217276168,12438.585439159142
forecast_2900,2025-05-01 20:00:00,12475.513540166132,13445.682169914311,12438.585439159142
forecast_2901,2025-05-01 21:00:00,12523.327308617247,12550.583727008301,11885.363508264527
forecast_2902,2025-05-01 22:00:00,12523.327308617247,12550.583727008301,11885.363508264527
forecast_2903,2025-05-01 23:00:00,14324.150312506397,14718.824627409094,14405.081966252186
forecast_2904,2025-05-02 00:00:00,15454.086012975404,16020.721585498522,15304.016396562532
forecast_2905,2025-05-02 01:00:00,16116.421991794079,16678.028560233128,15469.329190616092
forecast_2906,2025-05-02 02:00:00,15743.857001095621,16303.011528737303,14865.916534762127
forecast_2907,2025-05-02 03:00:00,15080.549681946539,15630.043067612656,14090.551066193297
forecast_2908,2025-05-02 04:00:00,15080.549681946539,15630.043067612656,14090.551066193297
forecast_2909,2025-05-02 05:00:00,15084.620796457975,15630.043067612656,14723.584542537326
forecast_2910,2025-05-02 06:00:00,15084.620796457975,15600.521751335535,14723.584542537326
forecast_2911,2025-05-02 07:00:00,14424.904663505498,14812.001614787223,13528.992522963987
forecast_2912,2025-05-02 08:00:00,13188.63376898839,13964.263738412867,12328.731262446783
forecast_2913,2025-05-02 09:00:00,13019.155799387721,12742.253490128605,11172.823741112417
forecast_2914,2025-05-02 10:00:00,11795.307195017112,11301.402178359396,9773.6651917088
forecast_2915,2025-05-02 11:00:00,11663.663143944304,10585.358094562962,9247.922831820873
forecast_2916,2025-05-02 12:00:00,10521.434583722412,10078.111187601713,8609.87916321947
forecast_2917,2025-05-02 13:00:00,10316.38925559719,9435.725176350032,8019.368769331359
forecast_2918,2025-05-02 14:00:00,8810.850930782122,8338.128087380055,6626.85746032651
forecast_2919,2025-05-02 15:00:00,7095.512648284344,6846.589813940589,5355.093293972055
forecast_2920,2025-05-02 16:00:00,7018.639705984804,6700.3056213515665,5355.093293972055
forecast_2921,2025-05-02 17:00:00,7018.639705984804,6700.3056213515665,6006.296186475966
forecast_2922,2025-05-02 18:00:00,8089.289496363102,8457.167440621866,7611.072568142999
forecast_2923,2025-05-02 19:00:00,8513.037642794781,8863.116930688488,8145.48587855694
forecast_2924,2025-05-02 20:00:00,10280.652068379655,10422.881313563561,9667.575493276847
forecast_2925,2025-05-02 21:00:00,11213.081072480525,12253.503378990546,10436.6315460078
forecast_2926,2025-05-02 22:00:00,11213.081072480525,12619.500713088088,10550.098744574389
forecast_2927,2025-05-02 23:00:00,11553.673588652115,13052.037278474838,10597.992156083135
forecast_2928,2025-05-03 00:00:00,11141.810403725665,13553.040984852543,11042.168101526277
forecast_2929,2025-05-03 01:00:00,11872.964576266439,12555.656860335339,10367.84687390927
forecast_2930,2025-05-03 02:00:00,11212.38583039971,12129.726066860167,9359.069104356473
forecast_2931,2025-05-03 03:00:00,9088.096576740512,11842.191580209244,9323.640857195729
forecast_2932,2025-05-03 04:00:00,8323.05856865025,9181.597154706287,6975.051738315326
forecast_2933,2025-05-03 05:00:00,7307.443853775972,7988.196312666668,5895.865107686291
forecast_2934,2025-05-03 06:00:00,4913.71835369971,5410.9411191789695,3703.2572387819164
forecast_2935,2025-05-03 07:00:00,4895.030766590531,5410.9411191789695,3703.2572387819164
forecast_2936,2025-05-03 08:00:00,4895.030766590531,5658.675038460815,4538.565760127529
forecast_2937,2025-05-03 09:00:00,5547.819545154075,6802.446037682553,5479.706037292401
forecast_2938,2025-05-03 10:00:00,6392.657872498423,8111.193287874387,7143.525121356019
forecast_2939,2025-05-03 11:00:00,10133.87419446451,12947.371499982582,11134.78471653262
forecast_2940,2025-05-03 12:00:00,12259.64333973858,14307.327987415589,12833.392595616428
forecast_2941,2025-05-03 13:00:00,12259.64333973858,14307.327987415589,12833.392595616428
forecast_2942,2025-05-03 14:00:00,12036.889661691457,12239.249965582818,11665.175456515382
forecast_2943,2025-05-03 15:00:00,12036.889661691457,12239.249965582818,11665.175456515382
forecast_2944,2025-05-03 16:00:00,12882.059635917298,13096.377376165769,11665.175456515382
forecast_2945,2025-05-03 17:00:00,12882.059635917298,13096.377376165769,11660.099056850053
forecast_2946,2025-05-03 18:00:00,12882.059635917298,13096.377376165769,11660.099056850053
forecast_2947,2025-05-03 19:00:00,13740.307314094956,13522.059087235693,12229.376097937024
forecast_2948,2025-05-03 20:00:00,14134.946862549557,14399.431191942509,12854.364228632232
forecast_2949,2025-05-03 21:00:00,14535.400424999443,14912.227848654264,13646.866584899222
forecast_2950,2025-05-03 22:00:00,15205.61154246149,15899.312727219389,14189.820375723519
forecast_2951,2025-05-03 23:00:00,15305.356992232024,16617.94668007853,14995.4676200254
forecast_2952,2025-05-04 00:00:00,15361.341510213779,16754.97361768732,15006.629345211013
forecast_2953,2025-05-04 01:00:00,15451.404813236688,16917.62990030237,15175.406035483098
forecast_2954,2025-05-04 02:00:00,15440.231108135633,16210.104614699181,14759.522638991806
forecast_2955,2025-05-04 03:00:00,15440.231108135633,15937.134079224059,14201.357029480765
forecast_2956,2025-05-04 04:00:00,15498.44335970436,15937.134079224059,14201.357029480765
forecast_2957,2025-05-04 05:00:00,15594.55577309929,17125.180706903055,14435.081819150902
forecast_2958,2025-05-04 06:00:00,15513.040707170532,17125.180706903055,14435.081819150902
forecast_2959,2025-05-04 07:00:00,15513.040707170532,16476.34434125286,13884.144144708273
forecast_2960,2025-05-04 08:00:00,14420.907725043397,14334.4729340958,12094.627914775032
forecast_2961,2025-05-04 09:00:00,13834.454812447177,13654.729757788236,11157.119100282787
forecast_2962,2025-05-04 10:00:00,13476.764226282996,13223.743916890842,10757.656503590126
forecast_2963,2025-05-04 11:00:00,13476.764226282996,13223.743916890842,10757.656503590126
forecast_2964,2025-05-04 12:00:00,14211.82824200255,13820.80931395978,12261.055413041475
forecast_2965,2025-05-04 13:00:00,15410.812021970514,15546.927739734172,14519.28666948045
forecast_2966,2025-05-04 14:00:00,17057.713279197647,16926.601659275766,16369.639829166881
forecast_2967,2025-05-04 15:00:00,17057.713279197647,17297.32251754526,16369.639829166881
forecast_2968,2025-05-04 16:00:00,16771.79277939825,17297.32251754526,15948.229813211381
forecast_2969,2025-05-04 17:00:00,16735.91146274543,16950.584652733196,15247.128644712771
forecast_2970,2025-05-04 18:00:00,15844.263949550881,15530.446251734076,13688.88478955521
forecast_2971,2025-05-04 19:00:00,15556.449946553366,15035.8556646507,13000.95898449689
forecast_2972,2025-05-04 20:00:00,14702.37322944489,14623.334510099727,12666.982879233918
forecast_2973,2025-05-04 21:00:00,12136.188042315123,10636.677101517054,9100.438229437583
forecast_2974,2025-05-04 22:00:00,9572.45789397954,10053.68462003502,7568.885527968426
forecast_2975,2025-05-04 23:00:00,6942.941144480477,7568.1457889973535,5489.518680258924
forecast_2976,2025-05-05 00:00:00,6372.121237575464,7524.608821320434,4900.050988187628
forecast_2977,2025-05-05 01:00:00,6113.973251456128,6503.3705814440655,4661.1754649179975
forecast_2978,2025-05-05 02:00:00,6387.040721261355,5832.137142018511,4407.0832137294565
forecast_2979,2025-05-05 03:00:00,5776.81636490628,5568.451507717922,4193.365280766921
forecast_2980,2025-05-05 04:00:00,5667.513363784458,5568.451507717922,3846.075387855426
forecast_2981,2025-05-05 05:00:00,4888.435269631001,4390.292308206367,3383.4921065727594
forecast_2982,2025-05-05 06:00:00,3978.4882418962025,3827.458583562192,3076.3041120822913
forecast_2983,2025-05-05 07:00:00,3940.1787454846126,3728.2689558002303,2742.7115771790354
forecast_2984,2025-05-05 08:00:00,3491.123083407154,3388.3091559746244,2497.65258458696
forecast_2985,2025-05-05 09:00:00,3208.8554863544396,3301.61891304922,2378.2392182468707
forecast_2986,2025-05-05 10:00:00,2544.0826409993115,2545.31047064752,1818.3525717754014
forecast_2987,2025-05-05 11:00:00,2376.865170121944,2482.320540816835,1818.3525717754014
forecast_2988,2025-05-05 12:00:00,2024.001171497316,2482.320540816835,1908.185212945001
forecast_2989,2025-05-05 13:00:00,2024.001171497316,2482.320540816835,1908.185212945001
forecast_2990,2025-05-05 14:00:00,2024.001171497316,2380.403470742316,1770.882704751231
forecast_2991,2025-05-05 15:00:00,2219.263630487073,2380.403470742316,1770.882704751231
forecast_2992,2025-05-05 16:00:00,2767.637887060856,3046.568409751574,2068.183012543239
forecast_2993,2025-05-05 17:00:00,2902.227499605746,3098.770716309983,2295.9444836439743
forecast_2994,2025-05-05 18:00:00,3257.4166113063347,3098.770716309983,2295.9444836439743
forecast_2995,2025-05-05 19:00:00,3868.671901098042,4749.626643800004,3297.200049743181
forecast_2996,2025-05-05 20:00:00,3955.4579610249334,4769.489834755101,3393.9967669401963
forecast_2997,2025-05-05 21:00:00,4267.896597819146,4990.518221781551,3512.2632144123463
forecast_2998,2025-05-05 22:00:00,4345.127172387189,4990.518221781551,3512.2632144123463
forecast_2999,2025-05-05 23:00:00,4363.794014335326,4938.897776762666,3529.096533373945
forecast_3000,2025-05-06 00:00:00,4354.460593361257,4738.231968435427,3502.823605600751
forecast_3001,2025-05-06 01:00:00,3330.102803149277,2965.1663597056395,2348.625465018586
forecast_3002,2025-05-06 02:00:00,3235.4614032413047,3030.9884635628173,2404.1411611905696
forecast_3003,2025-05-06 03:00:00,3142.3047297611693,3094.2591459166824,2304.645300046272
forecast_3004,2025-05-06 04:00:00,3122.1339346691857,3094.2591459166824,2392.3847274957498
forecast_3005,2025-05-06 05:00:00,3117.233456344442,3036.0406466858517,2392.3847274957498
forecast_3006,2025-05-06 06:00:00,3117.233456344442,3036.0406466858517,2392.3847274957498
forecast_3007,2025-05-06 07:00:00,3141.128678211213,3160.5790982175213,2437.1019607556764
forecast_3008,2025-05-06 08:00:00,3141.128678211213,3207.0427908341844,2437.1019607556764
forecast_3009,2025-05-06 09:00:00,3074.315767105397,3207.0427908341844,2437.1019607556764
forecast_3010,2025-05-06 10:00:00,2744.62608317789,2742.095426222455,2248.6965161600783
forecast_3011,2025-05-06 11:00:00,2581.8321719214355,2645.621363362676,2196.7239327890766
forecast_3012,2025-05-06 12:00:00,2581.8321719214355,2645.621363362676,2196.6923604624963
forecast_3013,2025-05-06 13:00:00,2725.936271547883,2662.808072606251,2196.6923604624963
forecast_3014,2025-05-06 14:00:00,2982.6949413011616,2748.253457660898,2413.7196879947023
forecast_3015,2025-05-06 15:00:00,2982.6949413011616,2877.9444444620954,2444.3963642603385
forecast_3016,2025-05-06 16:00:00,2592.4971838449883,2877.9444444620954,2444.3963642603385
forecast_3017,2025-05-06 17:00:00,2592.4971838449883,2785.4562290131717,2254.020705681102
forecast_3018,2025-05-06 18:00:00,2676.538860115128,2785.4562290131717,2254.020705681102
forecast_3019,2025-05-06 19:00:00,2911.3429579103386,3116.7397776821635,2682.926628584848
forecast_3020,2025-05-06 20:00:00,3123.9193131177535,3356.125759221387,2775.702075282875
forecast_3021,2025-05-06 21:00:00,3716.447870730989,3721.2881181542134,3231.2305110280877
forecast_3022,2025-05-06 22:00:00,4061.4660394925168,4387.986167067248,4011.1080880771997
forecast_3023,2025-05-06 23:00:00,4287.020094030804,4987.639135817118,4040.900950337012
forecast_3024,2025-05-07 00:00:00,4466.72555302349,5059.102224968385,4161.789351591859
forecast_3025,2025-05-07 01:00:00,4191.739445366349,4615.599933700147,3294.4408092715676
forecast_3026,2025-05-07 02:00:00,4191.541045686077,4410.723416954956,3221.950002116256
forecast_3027,2025-05-07 03:00:00,4191.541045686077,4521.847433366471,3348.1569617558625
forecast_3028,2025-05-07 04:00:00,4191.541045686077,4521.847433366471,3348.1569617558625
forecast_3029,2025-05-07 05:00:00,4930.555108093886,5818.63948298313,4091.7214147138907
forecast_3030,2025-05-07 06:00:00,5064.847818401231,5818.63948298313,4158.965433995476
forecast_3031,2025-05-07 07:00:00,5064.847818401231,5498.776992390886,4091.7214147138907
forecast_3032,2025-05-07 08:00:00,4612.215423728651,4784.650209099957,3536.020852979462
forecast_3033,2025-05-07 09:00:00,3845.8117335981424,3939.7499530693144,2994.3349151987077
forecast_3034,2025-05-07 10:00:00,3482.933424101867,3499.1577762036586,2701.291212043653
forecast_3035,2025-05-07 11:00:00,3313.6666322170404,3315.3411250166273,2701.228963739614
forecast_3036,2025-05-07 12:00:00,3313.6666322170404,3191.830735205394,2612.245645151701
forecast_3037,2025-05-07 13:00:00,3527.5057650454573,3278.3420671769118,2612.245645151701
forecast_3038,2025-05-07 14:00:00,3815.6568477614055,3278.3420671769118,2536.1662230245656
forecast_3039,2025-05-07 15:00:00,3816.478081466593,3316.8890016493115,2522.1130760802725
forecast_3040,2025-05-07 16:00:00,3816.478081466593,3316.8890016493115,2514.1412573353355
forecast_3041,2025-05-07 17:00:00,3841.587104908947,3092.0063555692204,2522.1130760802725
forecast_3042,2025-05-07 18:00:00,3841.587104908947,3092.0063555692204,2701.830579125145
forecast_3043,2025-05-07 19:00:00,3924.4424443944295,3734.0625007918534,2911.8922941556784
forecast_3044,2025-05-07 20:00:00,4045.2348475423196,3935.906894057169,3223.669753328852
forecast_3045,2025-05-07 21:00:00,4450.115035495579,4688.272140038889,3719.070017755799
forecast_3046,2025-05-07 22:00:00,5559.815942393047,6204.619945367489,4548.504025111503
forecast_3047,2025-05-07 23:00:00,6239.461490195682,7128.284751113152,5467.696080980061
forecast_3048,2025-05-08 00:00:00,6363.515127736073,7164.992357116771,5524.018346990606
forecast_3049,2025-05-08 01:00:00,6069.596134621211,6888.7996590959065,5052.110662020805
forecast_3050,2025-05-08 02:00:00,6552.539964343185,7039.539905918318,5142.914578106693
forecast_3051,2025-05-08 03:00:00,8880.931818481395,8791.590770219338,6456.810302281538
forecast_3052,2025-05-08 04:00:00,10841.4823935423,10699.90095064439,7985.882852548526
forecast_3053,2025-05-08 05:00:00,10841.4823935423,10699.90095064439,7985.882852548526
forecast_3054,2025-05-08 06:00:00,10191.50586023031,9017.510811083634,6373.246052864291
forecast_3055,2025-05-08 07:00:00,5898.362008000629,6114.798992073978,4097.094735267221
forecast_3056,2025-05-08 08:00:00,4833.003145501265,4790.442439431274,3447.0636178722716
forecast_3057,2025-05-08 09:00:00,3780.6898799930423,3475.038770870627,2746.2649483717205
forecast_3058,2025-05-08 10:00:00,2923.527146814202,2943.7465501640336,2350.676579912951
forecast_3059,2025-05-08 11:00:00,2812.0665623080213,2943.7465501640336,2350.676579912951
forecast_3060,2025-05-08 12:00:00,2607.0404089469866,3134.602627806057,2350.676579912951
forecast_3061,2025-05-08 13:00:00,2566.3017718988112,3134.602627806057,2093.9609628492626
forecast_3062,2025-05-08 14:00:00,2566.3017718988112,3046.22117175886,2087.836205987929
forecast_3063,2025-05-08 15:00:00,2645.0405294871643,2945.2423045539454,2042.4926667623206
forecast_3064,2025-05-08 16:00:00,2772.1522208880288,2853.393862736276,2030.4568540483697
forecast_3065,2025-05-08 17:00:00,2871.660138069754,2945.2423045539454,2030.4568540483697
forecast_3066,2025-05-08 18:00:00,3489.4406816444416,3827.607087429361,2812.7579766876656
forecast_3067,2025-05-08 19:00:00,3794.7679858495185,3951.357405536877,2812.7579766876656
forecast_3068,2025-05-08 20:00:00,3904.7116734899314,4011.583699790841,2748.29088100444
forecast_3069,2025-05-08 21:00:00,3951.102824657005,4013.18126560975,2748.29088100444
forecast_3070,2025-05-08 22:00:00,4548.828162318227,4284.853367601841,3564.862778314619
forecast_3071,2025-05-08 23:00:00,4653.0928660022055,4596.592128009349,3706.765489683958
forecast_3072,2025-05-09 00:00:00,4677.09898470391,5140.909191498342,3992.8490680693285
forecast_3073,2025-05-09 01:00:00,4729.875635082428,7364.339046856325,3812.624147636107
forecast_3074,2025-05-09 02:00:00,4710.031609084155,6889.336838424001,3735.1826682097026
forecast_3075,2025-05-09 03:00:00,4749.719661080701,6986.204397776592,3890.0656270625113
forecast_3076,2025-05-09 04:00:00,4226.67189086972,6150.523995248212,3656.954441982646
forecast_3077,2025-05-09 05:00:00,4169.3705859286165,5019.8091314494795,3375.598240078418
forecast_3078,2025-05-09 06:00:00,3939.634096204177,4716.106686791341,3107.1023534358583
forecast_3079,2025-05-09 07:00:00,3514.2756377790793,4003.471142377034,2821.7544162066415
forecast_3080,2025-05-09 08:00:00,3432.245626085376,3932.3311019642642,2821.7544162066415
forecast_3081,2025-05-09 09:00:00,3432.245626085376,4003.471142377034,2902.000182589823
forecast_3082,2025-05-09 10:00:00,4379.014941967521,5197.0558482265915,4687.726638819371
forecast_3083,2025-05-09 11:00:00,6065.90043067023,6128.43898756252,5872.034052002236
forecast_3084,2025-05-09 12:00:00,7633.948702113473,7638.483832539541,7288.391483399948
forecast_3085,2025-05-09 13:00:00,8243.703349611646,9530.283487811057,8380.333833816467
forecast_3086,2025-05-09 14:00:00,11760.342702894059,12886.310130184564,11037.540012252144
forecast_3087,2025-05-09 15:00:00,12405.598439879182,14387.633514280295,12543.124945244332
forecast_3088,2025-05-09 16:00:00,13145.639804507331,14753.236718538898,13360.443415888794
forecast_3089,2025-05-09 17:00:00,13145.639804507331,14753.236718538898,13360.443415888794
forecast_3090,2025-05-09 18:00:00,12833.769555619807,13295.701543794235,11651.474260053104
forecast_3091,2025-05-09 19:00:00,9797.718303510917,10788.64813504848,8420.98888059495
forecast_3092,2025-05-09 20:00:00,5689.18173274296,7186.573760177802,5446.469099065311
forecast_3093,2025-05-09 21:00:00,4529.992425046021,4924.428637195104,3759.218417235592
forecast_3094,2025-05-09 22:00:00,4529.992425046021,4924.428637195104,3759.218417235592
forecast_3095,2025-05-09 23:00:00,4751.799717582914,5926.919697046389,4563.098838923341
forecast_3096,2025-05-10 00:00:00,5853.7430483800545,7396.98870143472,5737.607711919401
forecast_3097,2025-05-10 01:00:00,14511.852834925352,16281.139837933642,14488.690731714254
forecast_3098,2025-05-10 02:00:00,15017.418336254743,16996.60970394119,15060.778466646878
forecast_3099,2025-05-10 03:00:00,15158.062123388692,16996.60970394119,15832.517953249353
forecast_3100,2025-05-10 04:00:00,15918.147674390302,17194.03043466996,15964.698585731196
forecast_3101,2025-05-10 05:00:00,16025.596514628975,17194.03043466996,16063.056615163712
forecast_3102,2025-05-10 06:00:00,17596.494571213567,17910.383474305665,17302.518270337343
forecast_3103,2025-05-10 07:00:00,18614.998531440146,18229.31192575742,17669.80996585227
forecast_3104,2025-05-10 08:00:00,19708.394861646142,19300.90532650562,18775.449689127083
forecast_3105,2025-05-10 09:00:00,20019.75985012489,19300.90532650562,18965.736687307293
forecast_3106,2025-05-10 10:00:00,20019.75985012489,19111.133441307014,18965.736687307293
forecast_3107,2025-05-10 11:00:00,19859.876069553502,18877.483194769484,18616.1020341748
forecast_3108,2025-05-10 12:00:00,19859.876069553502,18666.189049739638,18533.3164160752
forecast_3109,2025-05-10 13:00:00,19859.876069553502,18468.416533979143,18431.1637082667
forecast_3110,2025-05-10 14:00:00,19669.795940166092,18440.032873181673,18365.482932975225
forecast_3111,2025-05-10 15:00:00,18904.755348593,18440.032873181673,18021.41061647777
forecast_3112,2025-05-10 16:00:00,18110.553367991735,17178.732803879393,16978.22581705038
forecast_3113,2025-05-10 17:00:00,16381.259726645912,15942.310611969238,15302.591299542419
forecast_3114,2025-05-10 18:00:00,14194.867136999155,13361.534287915056,12648.53003628102
forecast_3115,2025-05-10 19:00:00,12791.187672204016,12125.624515962008,11168.332327451208
forecast_3116,2025-05-10 20:00:00,12528.678887399374,12087.965411866411,11040.563997199539
forecast_3117,2025-05-10 21:00:00,9493.251514784124,10873.119287504773,9133.871604085134
forecast_3118,2025-05-10 22:00:00,9493.251514784124,10873.119287504773,9133.871604085134
forecast_3119,2025-05-10 23:00:00,8793.903313905133,10873.119287504773,9133.871604085134
forecast_3120,2025-05-11 00:00:00,8816.667498447678,10640.889222255515,8964.93948177579
forecast_3121,2025-05-11 01:00:00,9104.63491379033,9619.84536516706,7540.296083715488
forecast_3122,2025-05-11 02:00:00,8927.618350451912,9595.838801128515,7318.491239608484
forecast_3123,2025-05-11 03:00:00,7182.300903362873,8482.81942764076,6207.188203526937
forecast_3124,2025-05-11 04:00:00,7182.300903362873,8190.141955204604,6200.2443967643785
forecast_3125,2025-05-11 05:00:00,7182.300903362873,8112.498458167924,5997.477572892866
forecast_3126,2025-05-11 06:00:00,6626.679214079768,6466.793072555778,4639.757897327785
forecast_3127,2025-05-11 07:00:00,4990.120189432912,5198.209035955417,3657.38470669104
forecast_3128,2025-05-11 08:00:00,4711.174138491632,5059.103453260158,3513.1406344130437
forecast_3129,2025-05-11 09:00:00,4139.049217053611,4270.564967867965,3186.9463880746493
forecast_3130,2025-05-11 10:00:00,3599.034990165882,3138.3641946611247,2731.690297696801
forecast_3131,2025-05-11 11:00:00,3355.527448919166,3138.3641946611247,2321.5127037711777
forecast_3132,2025-05-11 12:00:00,3355.527448919166,3353.266414510081,2321.5127037711777
forecast_3133,2025-05-11 13:00:00,3544.693703814013,3837.8125206455256,2501.142526671325
forecast_3134,2025-05-11 14:00:00,4303.947858543748,3935.3160903044372,2775.467483344826
forecast_3135,2025-05-11 15:00:00,4303.947858543748,3935.3160903044372,2775.467483344826
forecast_3136,2025-05-11 16:00:00,3899.8567379041624,3935.3160903044372,2775.467483344826
forecast_3137,2025-05-11 17:00:00,3899.8567379041624,3959.1772357080044,2785.8040102863015
forecast_3138,2025-05-11 18:00:00,4016.1290900114027,4122.6166178115,3167.0392286479228
forecast_3139,2025-05-11 19:00:00,5206.311498411563,6726.327278111276,4824.352320966399
forecast_3140,2025-05-11 20:00:00,5676.895433702189,7565.873033236793,5422.183232440219
forecast_3141,2025-05-11 21:00:00,7723.624051416081,9163.683643545282,6903.049317740967
forecast_3142,2025-05-11 22:00:00,11231.726495591249,11089.419482311234,10008.023018809236
forecast_3143,2025-05-11 23:00:00,12836.572105618137,13563.3921481172,11614.377386518068
forecast_3144,2025-05-12 00:00:00,13152.016510022426,14210.787086523336,12278.713260799279
forecast_3145,2025-05-12 01:00:00,13889.756475019229,15357.475268985178,12609.555932936104
forecast_3146,2025-05-12 02:00:00,14159.691673101941,15669.25943582949,12952.42115441442
forecast_3147,2025-05-12 03:00:00,14159.691673101941,15669.25943582949,13408.737058611314
forecast_3148,2025-05-12 04:00:00,13920.386347925349,15294.887597698731,13408.737058611314
forecast_3149,2025-05-12 05:00:00,13920.386347925349,14766.97292487295,13315.856825368155
forecast_3150,2025-05-12 06:00:00,13885.797122542945,14661.724250560974,13221.737041868986
forecast_3151,2025-05-12 07:00:00,12788.315777542226,13649.300080608167,11870.889994976093
forecast_3152,2025-05-12 08:00:00,11256.92664878894,12533.305736944301,10346.441621779286
forecast_3153,2025-05-12 09:00:00,10937.773482045739,11593.767338033998,9475.50402415916
forecast_3154,2025-05-12 10:00:00,9891.290304252121,10340.735164124388,8871.790829230878
forecast_3155,2025-05-12 11:00:00,8450.537705408231,9002.513470241101,7664.968486431472
forecast_3156,2025-05-12 12:00:00,7994.334077903531,8275.17930797401,6789.354144917073
forecast_3157,2025-05-12 13:00:00,7908.164341854265,8148.564828714842,6738.878743514169
forecast_3158,2025-05-12 14:00:00,7455.054400253941,7299.028759421201,6292.5234492550535
forecast_3159,2025-05-12 15:00:00,7455.054400253941,7299.028759421201,6159.582842297361
forecast_3160,2025-05-12 16:00:00,7610.904240847898,7566.228501598622,6159.582842297361
forecast_3161,2025-05-12 17:00:00,8006.732605719984,7756.536719871092,6465.01347475673
forecast_3162,2025-05-12 18:00:00,8465.10132726865,8735.088663910545,7295.899553680585
forecast_3163,2025-05-12 19:00:00,11408.232696187455,11922.310318541327,10774.491023848543
forecast_3164,2025-05-12 20:00:00,13893.868011104414,13864.248690247106,12548.167862698545
forecast_3165,2025-05-12 21:00:00,14794.21867437535,14994.79756922967,13201.316767351265
forecast_3166,2025-05-12 22:00:00,17646.49508703317,17206.60034522235,15522.986493565159
forecast_3167,2025-05-12 23:00:00,17957.014348429242,17406.00413496717,16204.740167348005
forecast_3168,2025-05-13 00:00:00,18262.028304557556,17408.005773341283,16280.81658189276
forecast_3169,2025-05-13 01:00:00,20906.177184833396,19064.060140916372,18457.265998626135
forecast_3170,2025-05-13 02:00:00,20895.29233833924,18945.275441908747,18387.903461191898
forecast_3171,2025-05-13 03:00:00,20112.87629326763,18891.185607835258,18010.046444868174
forecast_3172,2025-05-13 04:00:00,19958.28740978991,18750.252226267192,17668.88641189639
forecast_3173,2025-05-13 05:00:00,19926.995806350213,18574.21789671202,17355.835951413654
forecast_3174,2025-05-13 06:00:00,18724.14149106142,18191.580024072027,16964.128351469317
forecast_3175,2025-05-13 07:00:00,17837.67539423202,17349.84855801839,16418.96497847171
forecast_3176,2025-05-13 08:00:00,17152.08631123244,17256.25475053033,16167.690352942845
forecast_3177,2025-05-13 09:00:00,14874.173359483824,16378.879249270378,15403.473032109938
forecast_3178,2025-05-13 10:00:00,13772.605276599965,15926.195260886718,14329.3709902962
forecast_3179,2025-05-13 11:00:00,13772.605276599965,15641.87006638776,14265.748033830863
forecast_3180,2025-05-13 12:00:00,13740.701871521444,15604.229602508274,13891.912800540036
forecast_3181,2025-05-13 13:00:00,13526.970608591582,15036.651783905452,13878.990476244444
forecast_3182,2025-05-13 14:00:00,13300.096172200749,14784.655761365855,13731.028429026252
forecast_3183,2025-05-13 15:00:00,13300.096172200749,14655.55030216291,13731.028429026252
forecast_3184,2025-05-13 16:00:00,13444.461617684072,14630.286103111634,13801.74375851169
forecast_3185,2025-05-13 17:00:00,13590.784331336186,14630.286103111634,14607.350242537046
forecast_3186,2025-05-13 18:00:00,13989.130694524194,15217.383019033172,14645.49391185492
forecast_3187,2025-05-13 19:00:00,15895.058122987864,16263.349122596548,15603.662580907241
forecast_3188,2025-05-13 20:00:00,18436.888147966103,17477.71414910577,16921.327607160805
forecast_3189,2025-05-13 21:00:00,19283.878095258435,18345.858964825184,17646.815613253813
forecast_3190,2025-05-13 22:00:00,19356.17501335835,18345.858964825184,17796.45838774012
forecast_3191,2025-05-13 23:00:00,19356.17501335835,18477.161605985144,17829.02023164882
forecast_3192,2025-05-14 00:00:00,19518.934996541535,18447.308180734733,17883.28150320618
forecast_3193,2025-05-14 01:00:00,20115.835230524586,18625.398811193136,17971.907536822557
forecast_3194,2025-05-14 02:00:00,20153.975047652704,18784.82480863332,18058.607943031013
forecast_3195,2025-05-14 03:00:00,20967.728683109774,18877.06342084329,18437.052891467654
forecast_3196,2025-05-14 04:00:00,21282.49580578624,19123.013723750155,18437.052891467654
forecast_3197,2025-05-14 05:00:00,21548.302553762103,19130.246325172622,18373.169977457546
forecast_3198,2025-05-14 06:00:00,21548.302553762103,19123.013723750155,17884.47163658574
forecast_3199,2025-05-14 07:00:00,19620.272115406653,17965.730980036136,15865.41206279744
forecast_3200,2025-05-14 08:00:00,16649.55607533435,16296.749155231008,13763.361780032003
forecast_3201,2025-05-14 09:00:00,11963.626639155773,13274.074088538651,10324.203142293176
forecast_3202,2025-05-14 10:00:00,9105.297457141336,10386.61787843532,8105.859256504107
forecast_3203,2025-05-14 11:00:00,5666.78183838226,6779.843725051602,4840.0712605399385
forecast_3204,2025-05-14 12:00:00,4563.7300780554515,4856.4878338239405,3659.1009004042053
forecast_3205,2025-05-14 13:00:00,4519.711762412316,4493.528056369803,3457.9369713605047
forecast_3206,2025-05-14 14:00:00,4518.87468107632,4248.742338266191,3659.1009004042053
forecast_3207,2025-05-14 15:00:00,4518.87468107632,4248.742338266191,3767.2120129849086
forecast_3208,2025-05-14 16:00:00,4518.87468107632,5030.470072610831,4043.9777078059815
forecast_3209,2025-05-14 17:00:00,4678.887159132498,5155.679821372359,4395.266153305009
forecast_3210,2025-05-14 18:00:00,4833.264410085147,6250.465214177801,4561.840812017064
forecast_3211,2025-05-14 19:00:00,6498.957108045949,8285.218304588672,5951.920894297031
forecast_3212,2025-05-14 20:00:00,7833.014705663369,9696.048102257375,7117.684353800467
forecast_3213,2025-05-14 21:00:00,9236.953210988851,10565.295311202139,8045.418822850095
forecast_3214,2025-05-14 22:00:00,9311.345763000576,11875.383873903287,8884.260788787433
forecast_3215,2025-05-14 23:00:00,9311.345763000576,11905.719951766761,9160.22578318913
forecast_3216,2025-05-15 00:00:00,9310.085295603763,11890.551912835024,9022.243285988281
forecast_3217,2025-05-15 01:00:00,11617.127356498648,13635.092238119676,10884.921329271623
forecast_3218,2025-05-15 02:00:00,11723.382781474565,14747.431723435982,11717.62689830815
forecast_3219,2025-05-15 03:00:00,12624.226209777886,14838.616960022726,12253.119159986476
forecast_3220,2025-05-15 04:00:00,12624.226209777886,14838.616960022726,12253.119159986476
forecast_3221,2025-05-15 05:00:00,13108.582948137253,15737.521639484017,13633.74291291081
forecast_3222,2025-05-15 06:00:00,14042.266291042619,16321.92915850386,14258.115770709574
forecast_3223,2025-05-15 07:00:00,15582.098573906822,17158.333066647338,16106.382398941714
forecast_3224,2025-05-15 08:00:00,15827.381328435697,17158.333066647338,16348.898205824593
forecast_3225,2025-05-15 09:00:00,15827.381328435697,17142.76451917173,16348.898205824593
forecast_3226,2025-05-15 10:00:00,14478.47524772804,15607.271642589856,15150.02699564023
forecast_3227,2025-05-15 11:00:00,13905.494158760228,14958.667529165274,13947.415360998371
forecast_3228,2025-05-15 12:00:00,13905.494158760228,14958.667529165274,13947.415360998371
forecast_3229,2025-05-15 13:00:00,15781.513560678652,16818.434650893818,16074.881844539308
forecast_3230,2025-05-15 14:00:00,17928.278627429023,18412.999502314808,17728.974501357046
forecast_3231,2025-05-15 15:00:00,17928.278627429023,18412.999502314808,17728.974501357046
forecast_3232,2025-05-15 16:00:00,17406.650421719238,18056.843561193004,17524.99339479154
forecast_3233,2025-05-15 17:00:00,17406.650421719238,18003.00071069244,17340.898459874043
forecast_3234,2025-05-15 18:00:00,17519.04118377905,18010.16621901178,17340.898459874043
forecast_3235,2025-05-15 19:00:00,17519.04118377905,17965.664195481157,17122.7837397604
forecast_3236,2025-05-15 20:00:00,17519.04118377905,17986.082468386554,17122.7837397604
forecast_3237,2025-05-15 21:00:00,17679.08718419235,17986.082468386554,17989.09896501095
forecast_3238,2025-05-15 22:00:00,17679.08718419235,17986.082468386554,17989.09896501095
forecast_3239,2025-05-15 23:00:00,17020.571471474923,17416.160806658503,17306.140532658188
forecast_3240,2025-05-16 00:00:00,16793.98421750444,17319.390835356,16970.3992740272
forecast_3241,2025-05-16 01:00:00,16888.566456458717,17472.519485882003,16961.159269601707
forecast_3242,2025-05-16 02:00:00,16978.93576072001,17574.917591495432,17019.393210002214
forecast_3243,2025-05-16 03:00:00,17339.95011034699,17574.917591495432,17019.393210002214
forecast_3244,2025-05-16 04:00:00,17339.95011034699,17356.221672511787,16850.58009296925
forecast_3245,2025-05-16 05:00:00,16693.912579512744,16839.10956466198,16215.958224531547
forecast_3246,2025-05-16 06:00:00,16689.871117074967,16430.70282100106,16116.729466980381
forecast_3247,2025-05-16 07:00:00,14442.284804288873,15687.030236580764,13872.799684561744
forecast_3248,2025-05-16 08:00:00,14100.575855290863,15148.188038692211,13504.550065255058
forecast_3249,2025-05-16 09:00:00,13468.718914287052,13945.78228608624,12958.274962165066
forecast_3250,2025-05-16 10:00:00,11439.440756110582,12936.172774309975,11743.021575037837
forecast_3251,2025-05-16 11:00:00,8347.343069400004,10024.959597535326,8411.606584518855
forecast_3252,2025-05-16 12:00:00,7764.268981764269,9138.218658934318,7664.88645182718
forecast_3253,2025-05-16 13:00:00,7470.602695354006,8256.024560978029,6830.459965700404
forecast_3254,2025-05-16 14:00:00,7255.015848662277,7597.368200749799,6719.852061149359
forecast_3255,2025-05-16 15:00:00,6135.738008797023,6995.301430480553,5106.245080399887
forecast_3256,2025-05-16 16:00:00,4923.975050503303,6536.092041996543,4421.906432789539
forecast_3257,2025-05-16 17:00:00,4587.344392907611,6070.138041144959,4404.569406387316
forecast_3258,2025-05-16 18:00:00,4587.344392907611,5812.125808795587,4175.135633139332
forecast_3259,2025-05-16 19:00:00,4853.8619944779475,5479.294026049165,4059.2803038629067
forecast_3260,2025-05-16 20:00:00,5342.393413147419,5532.614592580554,4049.8343915945466
forecast_3261,2025-05-16 21:00:00,5342.393413147419,5479.294026049165,3899.2513553129697
forecast_3262,2025-05-16 22:00:00,4051.856915508517,4534.104914997569,3706.5325979333716
forecast_3263,2025-05-16 23:00:00,3950.5306234882823,4534.104914997569,3597.7132770947173
forecast_3264,2025-05-17 00:00:00,3807.605566645875,4612.658484338663,3652.1229375140447
forecast_3265,2025-05-17 01:00:00,5557.508930434725,6280.451599790049,5404.40778758114
forecast_3266,2025-05-17 02:00:00,5589.450999064352,6282.4062062184885,5667.580267191279
forecast_3267,2025-05-17 03:00:00,5589.450999064352,6282.4062062184885,5667.580267191279
forecast_3268,2025-05-17 04:00:00,4601.413983734218,5963.127806284175,4512.797605078972
forecast_3269,2025-05-17 05:00:00,3789.8478378865093,4810.126020651094,3667.657340177255
forecast_3270,2025-05-17 06:00:00,3524.8483833065957,3994.3306554936466,2949.0999519579
forecast_3271,2025-05-17 07:00:00,3524.8483833065957,3994.3306554936466,2949.0999519579
forecast_3272,2025-05-17 08:00:00,4245.790518225471,5010.003913693252,3549.553076341869
forecast_3273,2025-05-17 09:00:00,4671.3997473120135,5995.979596223695,4065.5867111828884
forecast_3274,2025-05-17 10:00:00,4671.3997473120135,5995.979596223695,4065.5867111828884
forecast_3275,2025-05-17 11:00:00,4671.3997473120135,5995.979596223695,4065.5867111828884
forecast_3276,2025-05-17 12:00:00,5544.503222374222,6253.245989029043,4941.356240494322
forecast_3277,2025-05-17 13:00:00,7509.103751026847,7827.360990677487,6682.989443723371
forecast_3278,2025-05-17 14:00:00,9091.47010985886,10225.453260177874,8575.5524276097
forecast_3279,2025-05-17 15:00:00,10794.04397658675,12362.494131322488,10866.093982324921
forecast_3280,2025-05-17 16:00:00,14000.792065393196,15655.310068327562,14687.138692269575
forecast_3281,2025-05-17 17:00:00,15892.246232420035,17094.495628343775,16172.60032508641
forecast_3282,2025-05-17 18:00:00,17312.663289835247,18146.29969867643,17410.19427897508
forecast_3283,2025-05-17 19:00:00,19130.405638806085,18636.610476117006,18390.779359391694
forecast_3284,2025-05-17 20:00:00,19354.38029523722,18803.2298813726,18390.779359391694
forecast_3285,2025-05-17 21:00:00,19461.534576090395,18803.2298813726,18390.779359391694
forecast_3286,2025-05-17 22:00:00,19971.74702698554,18947.709792650472,18572.111284631043
forecast_3287,2025-05-17 23:00:00,19971.74702698554,19045.383257338333,18572.111284631043
forecast_3288,2025-05-18 00:00:00,19825.520002575257,19229.147861907488,18122.143754731063
forecast_3289,2025-05-18 01:00:00,18172.670523934772,18162.896986961285,16410.496905379587
forecast_3290,2025-05-18 02:00:00,17743.361386779092,18014.599724938715,15915.19938118399
forecast_3291,2025-05-18 03:00:00,16246.059600134035,17034.48273741163,14410.531902943503
forecast_3292,2025-05-18 04:00:00,13256.79049324441,13406.05704228803,10635.390147195485
forecast_3293,2025-05-18 05:00:00,11714.85540208513,11504.333114219971,9340.124016436266
forecast_3294,2025-05-18 06:00:00,7242.710142891977,8766.906619697356,4790.985933687587
forecast_3295,2025-05-18 07:00:00,4102.187603551966,4644.698429497657,2571.177671082382
forecast_3296,2025-05-18 08:00:00,3171.3615971576364,3267.926315683801,1906.5672556972447
forecast_3297,2025-05-18 09:00:00,2831.27422281293,2689.3054321914233,1812.6594130467552
forecast_3298,2025-05-18 10:00:00,2481.302317539319,2566.3601913972016,1641.482753937098
forecast_3299,2025-05-18 11:00:00,2425.1043477874437,2477.151226706363,1455.296676225755
forecast_3300,2025-05-18 12:00:00,2425.1043477874437,2477.151226706363,1455.296676225755
forecast_3301,2025-05-18 13:00:00,2996.4670576152776,2965.224218973255,2122.510053352049
forecast_3302,2025-05-18 14:00:00,3639.7770438585303,3096.7545271303115,2246.3115498000225
forecast_3303,2025-05-18 15:00:00,4534.800227675605,3923.1741929776163,2960.942423347759
forecast_3304,2025-05-18 16:00:00,4616.702996746513,4421.113696812664,3138.8279650374952
forecast_3305,2025-05-18 17:00:00,6302.676469294691,6096.863207327566,4680.5399521089885
forecast_3306,2025-05-18 18:00:00,6660.900409577396,6281.059107253934,5223.362961622746
forecast_3307,2025-05-18 19:00:00,9017.089662396498,9182.390342183044,7677.800631316977
forecast_3308,2025-05-18 20:00:00,11407.869789638073,11836.440196786205,10430.538683187362
forecast_3309,2025-05-18 21:00:00,12657.673110901667,12910.931964815769,10785.553414751634
forecast_3310,2025-05-18 22:00:00,12891.773643826591,13333.785461867465,11169.738585219045
forecast_3311,2025-05-18 23:00:00,12967.894798681757,13428.44775528866,11398.133151972892
forecast_3312,2025-05-19 00:00:00,13054.435638871197,13766.557028720039,11698.171519513045
forecast_3313,2025-05-19 01:00:00,9998.401756229068,12785.53014812714,8635.867895903037
forecast_3314,2025-05-19 02:00:00,9634.556755135367,12270.410945887508,7882.04200383965
forecast_3315,2025-05-19 03:00:00,9634.556755135367,12270.410945887508,7882.04200383965
forecast_3316,2025-05-19 04:00:00,9634.556755135367,12521.69076079367,8070.06451379397
forecast_3317,2025-05-19 05:00:00,8818.74779790047,12967.464216639673,8209.755908540843
forecast_3318,2025-05-19 06:00:00,8818.74779790047,13079.000828485408,8448.0170814585
forecast_3319,2025-05-19 07:00:00,8940.882431554051,13301.945757968193,8625.833637181535
forecast_3320,2025-05-19 08:00:00,10135.007966302377,13532.028736021533,9414.302842890338
forecast_3321,2025-05-19 09:00:00,10686.124879984933,13532.028736021533,10781.163681540569
forecast_3322,2025-05-19 10:00:00,11007.03791196541,13664.986050139792,11134.50912391885
forecast_3323,2025-05-19 11:00:00,13163.368898654786,15073.21250387238,12879.357887849343
forecast_3324,2025-05-19 12:00:00,14562.335388766804,16592.417381081683,14734.04930001142
forecast_3325,2025-05-19 13:00:00,15450.97752078508,16883.746136530368,16074.15016623944
forecast_3326,2025-05-19 14:00:00,15592.405839351492,16943.554144356407,16378.94271560759
forecast_3327,2025-05-19 15:00:00,16415.576103710868,17328.25510001827,16842.68906162364
forecast_3328,2025-05-19 16:00:00,16543.185154170365,17375.069266092654,16942.68524911914
forecast_3329,2025-05-19 17:00:00,17312.37952296602,17328.25510001827,17139.84591687088
forecast_3330,2025-05-19 18:00:00,17859.703864270727,17375.069266092654,17502.58308417682
forecast_3331,2025-05-19 19:00:00,18472.19998557301,18102.81081481449,18123.997857054004
forecast_3332,2025-05-19 20:00:00,18603.360179559982,18302.468119307763,18123.997857054004
forecast_3333,2025-05-19 21:00:00,18603.360179559982,18302.468119307763,18120.96946294745
forecast_3334,2025-05-19 22:00:00,18279.968476736685,17255.020535240947,16961.40455661533
forecast_3335,2025-05-19 23:00:00,17968.123934412906,17255.020535240947,16961.40455661533
forecast_3336,2025-05-20 00:00:00,17878.13738204785,17100.68659865549,17109.134864267344
forecast_3337,2025-05-20 01:00:00,17376.157092896254,17720.11953964762,17700.534827450385
forecast_3338,2025-05-20 02:00:00,17578.431579709875,17683.968217891874,17685.97611501737
forecast_3339,2025-05-20 03:00:00,17578.431579709875,17546.429825047733,17253.885039311634
forecast_3340,2025-05-20 04:00:00,17652.25321904367,17546.429825047733,17253.885039311634
forecast_3341,2025-05-20 05:00:00,18359.313327752578,17883.51719917498,17666.52356621474
forecast_3342,2025-05-20 06:00:00,18359.313327752578,17883.51719917498,17666.52356621474
forecast_3343,2025-05-20 07:00:00,18107.536430305463,17376.263916588337,17385.319300498442
forecast_3344,2025-05-20 08:00:00,16841.055045462293,16900.714072035196,17055.315965998463
forecast_3345,2025-05-20 09:00:00,15433.475888062407,16327.21730995538,15931.713934027617
forecast_3346,2025-05-20 10:00:00,13925.919662366428,14420.680762342083,14059.76707785805
forecast_3347,2025-05-20 11:00:00,12999.945181609766,13385.315132574779,12957.144431234203
forecast_3348,2025-05-20 12:00:00,12986.958661884257,13146.797902951876,12606.719222427713
forecast_3349,2025-05-20 13:00:00,12986.958661884257,13146.797902951876,12606.719222427713
forecast_3350,2025-05-20 14:00:00,13038.960981951688,13692.989849265574,12796.928349998037
forecast_3351,2025-05-20 15:00:00,13999.704765053826,14975.596746187439,14636.110313267885
forecast_3352,2025-05-20 16:00:00,14682.660111949435,15416.897195445845,15667.58396305807
forecast_3353,2025-05-20 17:00:00,15156.772126340506,15416.897195445845,15872.336970334753
forecast_3354,2025-05-20 18:00:00,15156.772126340506,15416.897195445845,16190.126925304327
forecast_3355,2025-05-20 19:00:00,15705.619990682997,16282.56235912678,16765.17026178472
forecast_3356,2025-05-20 20:00:00,16030.149911329358,16844.558044631172,16874.053478073583
forecast_3357,2025-05-20 21:00:00,16030.149911329358,17126.888371132205,17260.888936289615
forecast_3358,2025-05-20 22:00:00,16030.149911329358,17126.33078745067,17256.679687185693
forecast_3359,2025-05-20 23:00:00,16922.873686150404,17126.33078745067,17256.679687185693
forecast_3360,2025-05-21 00:00:00,17464.04632842149,17017.013644577386,17006.786777916637
forecast_3361,2025-05-21 01:00:00,16860.54711319517,16807.841122130754,16206.201185729238
forecast_3362,2025-05-21 02:00:00,16302.570764774291,16582.864060749896,16087.511748050269
forecast_3363,2025-05-21 03:00:00,16292.68859148485,16582.864060749896,15941.517601547837
forecast_3364,2025-05-21 04:00:00,15692.87038344969,16436.532279475112,15308.530344502346
forecast_3365,2025-05-21 05:00:00,14508.366598915309,15554.88383773074,13187.353669369442
forecast_3366,2025-05-21 06:00:00,12345.933648583821,13388.257358018487,10979.199305229322
forecast_3367,2025-05-21 07:00:00,8005.310948588465,8911.45841075408,6563.217099210292
forecast_3368,2025-05-21 08:00:00,7162.261428762362,7039.1754032816025,5327.592809819589
forecast_3369,2025-05-21 09:00:00,4462.178098744083,4965.058545453622,4023.271720309558
forecast_3370,2025-05-21 10:00:00,3345.770108228281,3276.484387771724,2808.5830228875475
forecast_3371,2025-05-21 11:00:00,3074.5590533233317,2920.7278135991114,2460.0675151352507
forecast_3372,2025-05-21 12:00:00,3074.5590533233317,2920.7278135991114,2460.0675151352507
forecast_3373,2025-05-21 13:00:00,3157.6636646347497,3009.898722117713,2515.3135835854587
forecast_3374,2025-05-21 14:00:00,3157.6636646347497,3009.898722117713,2518.4237556157877
forecast_3375,2025-05-21 15:00:00,3166.212418226043,3003.4399539528386,2670.5787765682985
forecast_3376,2025-05-21 16:00:00,3096.239288735361,2946.715708852901,2670.5787765682985
forecast_3377,2025-05-21 17:00:00,2968.2682372211257,2946.715708852901,2633.2558272661795
forecast_3378,2025-05-21 18:00:00,2968.2682372211257,3127.8756529828315,2633.2558272661795
forecast_3379,2025-05-21 19:00:00,3058.8387424511593,3444.1246816540756,2830.6602038469373
forecast_3380,2025-05-21 20:00:00,3110.078382481708,3452.2947214466385,3011.9317527181424
forecast_3381,2025-05-21 21:00:00,3165.44526123757,3592.5254336100234,3045.7719361484797
forecast_3382,2025-05-21 22:00:00,3670.926324120177,3629.7327290155818,3255.057860007506
forecast_3383,2025-05-21 23:00:00,3768.9131668943655,3821.01473813359,3357.3397463731035
forecast_3384,2025-05-22 00:00:00,3823.923086397761,3789.028516241642,3306.1988031903047
forecast_3385,2025-05-22 01:00:00,3817.699520694093,3616.824995259597,2923.7029929823802
forecast_3386,2025-05-22 02:00:00,3861.7053798642887,3635.8222722702467,2984.052753878114
forecast_3387,2025-05-22 03:00:00,3861.7053798642887,3844.602851126995,3007.249526051077
forecast_3388,2025-05-22 04:00:00,3807.1908561875025,3844.602851126995,2984.052753878114
forecast_3389,2025-05-22 05:00:00,3548.858464256773,3844.602851126995,3049.356407608875
forecast_3390,2025-05-22 06:00:00,3522.5761134408804,3880.742868055395,3090.788404779809
forecast_3391,2025-05-22 07:00:00,3534.451102897554,3955.0922467875093,3241.080037214676
forecast_3392,2025-05-22 08:00:00,3534.451102897554,4082.3826260329283,3203.3045647423714
forecast_3393,2025-05-22 09:00:00,3803.3205941841725,4550.89974297476,3203.3045647423714
forecast_3394,2025-05-22 10:00:00,3803.3205941841725,4550.89974297476,3121.969417523579
forecast_3395,2025-05-22 11:00:00,3613.857490471786,4366.701995587551,2967.2357100044405
forecast_3396,2025-05-22 12:00:00,3421.2614708573765,4158.626098412851,2956.589614772305
forecast_3397,2025-05-22 13:00:00,3371.833627890005,3953.271866844387,2955.4673192816135
forecast_3398,2025-05-22 14:00:00,3352.117582228476,3615.1676864049377,2956.589614772305
forecast_3399,2025-05-22 15:00:00,3335.4261319733405,3609.821181599742,2955.4673192816135
forecast_3400,2025-05-22 16:00:00,2987.555099216969,3021.6519194629514,2683.103641698317
forecast_3401,2025-05-22 17:00:00,2724.574873783391,2802.300481464425,2603.262195834824
forecast_3402,2025-05-22 18:00:00,2724.574873783391,2802.300481464425,2433.01394071504
forecast_3403,2025-05-22 19:00:00,3151.175986722814,2846.867553360823,2433.01394071504
forecast_3404,2025-05-22 20:00:00,3374.200614321697,3109.0281510601726,2572.669123658253
forecast_3405,2025-05-22 21:00:00,3672.763178748465,3261.469028409451,2639.3068865902524
forecast_3406,2025-05-22 22:00:00,3822.988337664624,3861.774528658385,2979.0555454873743
forecast_3407,2025-05-22 23:00:00,3822.988337664624,3936.1149880079524,2979.0555454873743
forecast_3408,2025-05-23 00:00:00,3732.6948049119255,3898.9447583331685,2923.812041646247
forecast_3409,2025-05-23 01:00:00,3805.277235031772,3392.3809419666413,2484.9011234806094
forecast_3410,2025-05-23 02:00:00,3664.2886899110326,3428.895192582298,2494.3020803661107
forecast_3411,2025-05-23 03:00:00,3910.076040479084,3866.361217955516,2625.985432503183
forecast_3412,2025-05-23 04:00:00,3859.375500590204,3866.361217955516,2652.3219118329766
forecast_3413,2025-05-23 05:00:00,3886.1925825610106,3750.3722946823277,2678.5116135155754
forecast_3414,2025-05-23 06:00:00,3859.375500590204,3709.2012116341066,2652.3219118329766
forecast_3415,2025-05-23 07:00:00,3847.564908452111,3709.2012116341066,2570.537186409469
forecast_3416,2025-05-23 08:00:00,3577.201407634014,3699.8937950336494,2523.0668606254467
forecast_3417,2025-05-23 09:00:00,3455.799114037828,3489.0515834655166,2384.1461930511414
forecast_3418,2025-05-23 10:00:00,3429.3515994352365,3269.7721228703354,2384.1461930511414
forecast_3419,2025-05-23 11:00:00,3324.200107623258,3218.113099718372,2310.9742302326213
forecast_3420,2025-05-23 12:00:00,3149.075249192443,3062.4267438045035,2306.1499639771605
forecast_3421,2025-05-23 13:00:00,3014.8546668015015,3056.141843235554,2170.19778076528
forecast_3422,2025-05-23 14:00:00,2872.9691420094277,2874.206414899443,2163.1526828614296
forecast_3423,2025-05-23 15:00:00,2724.729715892964,2874.206414899443,2163.1526828614296
forecast_3424,2025-05-23 16:00:00,2701.7378369884555,3053.8747500882923,2170.8088894427965
forecast_3425,2025-05-23 17:00:00,2701.7378369884555,3084.6264973151183,2234.742017786535
forecast_3426,2025-05-23 18:00:00,3221.636175549983,3446.1660432722606,2541.963038798511
forecast_3427,2025-05-23 19:00:00,3240.1455607198113,3487.466236050438,2627.1873037285936
forecast_3428,2025-05-23 20:00:00,3579.4784216178605,3691.4229708562466,2746.536597433744
forecast_3429,2025-05-23 21:00:00,3939.475588514596,4520.093542239643,3260.469276270298
forecast_3430,2025-05-23 22:00:00,3991.2847579485115,4520.093542239643,3260.469276270298
forecast_3431,2025-05-23 23:00:00,3991.2847579485115,4065.3604083564387,3047.686977372969
forecast_3432,2025-05-24 00:00:00,3954.5736718940443,4034.984895743535,2974.904029930636
forecast_3433,2025-05-24 01:00:00,5255.521411854809,7051.622927093995,5067.552042244801
forecast_3434,2025-05-24 02:00:00,5264.3560983069,6860.582889553501,4873.824370026237
forecast_3435,2025-05-24 03:00:00,5129.956121821311,6704.958385094327,4636.595522833806
forecast_3436,2025-05-24 04:00:00,4903.2441113772,6396.623835822715,4210.5731384834435
forecast_3437,2025-05-24 05:00:00,4811.950062932194,6389.430758138758,4210.5731384834435
forecast_3438,2025-05-24 06:00:00,4706.302561352099,6296.88015688707,4276.856407760337
forecast_3439,2025-05-24 07:00:00,4632.932052995116,6296.88015688707,4325.887769349257
forecast_3440,2025-05-24 08:00:00,4631.257897659365,6173.535596528413,4513.5786586787135
forecast_3441,2025-05-24 09:00:00,4293.660447122391,6173.535596528413,4513.5786586787135
forecast_3442,2025-05-24 10:00:00,4170.628400147915,5065.178992566563,3617.027176362021
forecast_3443,2025-05-24 11:00:00,3983.9421754770106,4927.854443554856,3606.8292406752694
forecast_3444,2025-05-24 12:00:00,3889.1074055691097,4715.228733334277,3617.027176362021
forecast_3445,2025-05-24 13:00:00,3871.166151444129,4715.228733334277,3768.5450772601225
forecast_3446,2025-05-24 14:00:00,3871.166151444129,5103.66638170359,3959.778879382935
forecast_3447,2025-05-24 15:00:00,4120.008624917078,6077.327243931042,4428.900701877035
forecast_3448,2025-05-24 16:00:00,4753.227403896562,6660.085503311497,4641.94009140739
forecast_3449,2025-05-24 17:00:00,5110.906336532328,6903.6996625647425,4911.700566531572
forecast_3450,2025-05-24 18:00:00,5217.314681243508,7370.958448928023,5192.310686421728
forecast_3451,2025-05-24 19:00:00,5217.314681243508,7370.958448928023,5192.310686421728
forecast_3452,2025-05-24 20:00:00,5082.839079363641,7368.6292670148605,5131.846734375522
forecast_3453,2025-05-24 21:00:00,5082.839079363641,6879.757742619873,5038.959812429748
forecast_3454,2025-05-24 22:00:00,5203.137060838537,6408.426715303136,5038.959812429748
forecast_3455,2025-05-24 23:00:00,5203.137060838537,6328.291357250915,5038.959812429748
forecast_3456,2025-05-25 00:00:00,5133.320611860085,6141.794487908144,5187.860758700972
forecast_3457,2025-05-25 01:00:00,3667.2555179063347,4003.8528767090297,2737.889863891413
forecast_3458,2025-05-25 02:00:00,3507.0641264145297,3918.9525922665753,2873.907263826667
forecast_3459,2025-05-25 03:00:00,3507.0641264145297,3735.8003674471393,2940.1464616120356
forecast_3460,2025-05-25 04:00:00,3697.141295317683,3838.157351821144,3019.533583782332
forecast_3461,2025-05-25 05:00:00,3757.1899176332945,3838.157351821144,3129.176075530788
forecast_3462,2025-05-25 06:00:00,3912.1287316355515,4149.782484063049,3485.7520516525447
forecast_3463,2025-05-25 07:00:00,4041.921164875675,4231.597354141957,3485.7520516525447
forecast_3464,2025-05-25 08:00:00,3912.1287316355515,4231.597354141957,3466.671877470104
forecast_3465,2025-05-25 09:00:00,3528.949479686802,3561.2113033450605,2763.823649697133
forecast_3466,2025-05-25 10:00:00,3038.5943619251757,3279.58328261917,2514.266904084231
forecast_3467,2025-05-25 11:00:00,3038.5943619251757,3279.58328261917,2457.6255838274346
forecast_3468,2025-05-25 12:00:00,3272.737861042152,3414.175936082129,2457.6255838274346
forecast_3469,2025-05-25 13:00:00,3746.6634410388633,4116.593934045654,2935.6222275171313
forecast_3470,2025-05-25 14:00:00,4142.73532433876,4405.396374429076,3009.175385304569
forecast_3471,2025-05-25 15:00:00,4142.73532433876,4405.396374429076,3249.0237931595557
forecast_3472,2025-05-25 16:00:00,4142.73532433876,4405.396374429076,3374.0109181406124
forecast_3473,2025-05-25 17:00:00,4193.003957459161,4904.466005359005,3578.2055442947076
forecast_3474,2025-05-25 18:00:00,4372.045154225949,4905.161815875559,3705.4651471389175
forecast_3475,2025-05-25 19:00:00,4630.991085408013,5449.65848397286,4390.085347774982
forecast_3476,2025-05-25 20:00:00,4911.081903456061,6046.892911591314,4606.831552417313
forecast_3477,2025-05-25 21:00:00,5265.891625210608,6059.427549730122,4606.831552417313
forecast_3478,2025-05-25 22:00:00,6513.891920999799,7742.247866242544,5804.536606372389
forecast_3479,2025-05-25 23:00:00,6809.871726820846,7914.813808880786,5875.593917045721
forecast_3480,2025-05-26 00:00:00,7139.9116214213855,7996.159407666417,5911.656770237128
forecast_3481,2025-05-26 01:00:00,8486.060534073504,8706.166369496726,6766.050597042136
forecast_3482,2025-05-26 02:00:00,7987.746465031997,8532.593457100123,6528.064582860946
forecast_3483,2025-05-26 03:00:00,6899.689185602711,7667.770813449878,5447.460241851149
forecast_3484,2025-05-26 04:00:00,5822.8516082205815,6908.31788756273,4948.405032473538
forecast_3485,2025-05-26 05:00:00,4750.331654053164,5377.657175027847,3853.806509572808
forecast_3486,2025-05-26 06:00:00,4309.483938475377,4309.86457098233,3412.6456018942235
forecast_3487,2025-05-26 07:00:00,3488.1396417611822,3724.4466650049,2869.1641648771947
forecast_3488,2025-05-26 08:00:00,3319.2541708850467,3622.8849462470166,2724.1018275253027
forecast_3489,2025-05-26 09:00:00,3026.512894540333,2946.965986012621,2455.3439393702133
forecast_3490,2025-05-26 10:00:00,2634.525857632151,2876.5452236623005,2231.895575915357
forecast_3491,2025-05-26 11:00:00,2356.385035906328,2700.30978247083,2082.9356013131746
forecast_3492,2025-05-26 12:00:00,2356.385035906328,2700.30978247083,2082.9356013131746
forecast_3493,2025-05-26 13:00:00,2339.1176728793425,2499.734283127459,2055.989406210094
forecast_3494,2025-05-26 14:00:00,2460.48006922703,2576.1018114075187,2001.841785172976
forecast_3495,2025-05-26 15:00:00,2460.48006922703,2576.1018114075187,2001.841785172976
forecast_3496,2025-05-26 16:00:00,2670.220154936693,2637.1233973186004,2139.7532239573634
forecast_3497,2025-05-26 17:00:00,2950.184739346424,3122.538264904184,2395.09127847031
forecast_3498,2025-05-26 18:00:00,3042.3634552945077,3259.153358656874,2507.9377927574556
forecast_3499,2025-05-26 19:00:00,3127.5337270303216,3486.778518578525,2605.110695323054
forecast_3500,2025-05-26 20:00:00,3519.442078862924,3698.2116398437133,2657.003041539516
forecast_3501,2025-05-26 21:00:00,3575.8861936119065,3847.493754315356,2673.407752954009
forecast_3502,2025-05-26 22:00:00,3913.5042859900227,4449.6781096296545,3121.0114924531294
forecast_3503,2025-05-26 23:00:00,4484.994790602794,5494.728817473425,3792.9752679653993
forecast_3504,2025-05-27 00:00:00,4807.912582735813,5961.751532940848,4120.208880609193
forecast_3505,2025-05-27 01:00:00,6458.99509219523,6496.109556364823,4247.181503534035
forecast_3506,2025-05-27 02:00:00,6716.450580925602,6569.101833375153,4382.593432236934
forecast_3507,2025-05-27 03:00:00,7035.764528445145,6803.06325726879,4794.769131894478
forecast_3508,2025-05-27 04:00:00,7035.764528445145,6803.06325726879,4794.769131894478
forecast_3509,2025-05-27 05:00:00,6164.540019644422,5825.381135358925,4630.701772068512
forecast_3510,2025-05-27 06:00:00,5020.14704944747,5085.051861760876,3948.8228276604577
forecast_3511,2025-05-27 07:00:00,3578.881364214374,3909.955585602486,2997.955866186813
forecast_3512,2025-05-27 08:00:00,3304.0481926533766,3529.1267491537965,2666.0298034169327
forecast_3513,2025-05-27 09:00:00,3046.1043840745297,3349.26628943348,2522.623150464763
forecast_3514,2025-05-27 10:00:00,2608.692378533271,3216.8409506404587,2112.303808137749
forecast_3515,2025-05-27 11:00:00,2358.9995396044114,2791.7473085754573,2055.4930671572565
forecast_3516,2025-05-27 12:00:00,2358.9995396044114,2791.7473085754573,2055.4930671572565
forecast_3517,2025-05-27 13:00:00,2416.9588122520163,2780.918956553302,2376.352800994626
forecast_3518,2025-05-27 14:00:00,2500.880857053922,2902.9577913097496,2409.557491005126
forecast_3519,2025-05-27 15:00:00,2751.0970177383397,3160.8269590030395,2409.557491005126
forecast_3520,2025-05-27 16:00:00,2751.0970177383397,3160.8269590030395,2409.557491005126
forecast_3521,2025-05-27 17:00:00,2769.418406695313,2992.635873661545,2370.77321570626
forecast_3522,2025-05-27 18:00:00,2745.8055463486226,2992.635873661545,2370.77321570626
forecast_3523,2025-05-27 19:00:00,2773.30018348645,3074.2871332946065,2716.6168735450156
forecast_3524,2025-05-27 20:00:00,2965.9603547856404,3608.906854335137,2776.3266859598484
forecast_3525,2025-05-27 21:00:00,3138.06670230311,4070.9634650530934,2876.239242471531
forecast_3526,2025-05-27 22:00:00,3809.9922720700797,4428.229255875718,3362.8162361508375
forecast_3527,2025-05-27 23:00:00,3827.079571124973,4453.21908339234,3457.246671029071
forecast_3528,2025-05-28 00:00:00,3884.209287000851,4483.248423277113,3466.176557016064
forecast_3529,2025-05-28 01:00:00,4646.031227253453,5261.060895512295,3341.0796398042726
forecast_3530,2025-05-28 02:00:00,4987.534650351205,6230.41507484788,3770.6629550897046
forecast_3531,2025-05-28 03:00:00,4987.534650351205,6230.41507484788,3770.6629550897046
forecast_3532,2025-05-28 04:00:00,4650.959788154883,5477.61956897162,3466.184590701984
forecast_3533,2025-05-28 05:00:00,4546.174384460252,5214.0602245894115,3456.3678449812965
forecast_3534,2025-05-28 06:00:00,4037.1866714303824,4578.079368011013,3057.73966475595
forecast_3535,2025-05-28 07:00:00,3104.8211884043812,3507.650433321156,2696.785839220756
forecast_3536,2025-05-28 08:00:00,3020.494083876092,3420.3974014469686,2646.371839580367
forecast_3537,2025-05-28 09:00:00,2707.1677070027145,3122.090963465508,2174.208295536568
forecast_3538,2025-05-28 10:00:00,2386.762351727709,2377.1121015978692,1952.6417963140193
forecast_3539,2025-05-28 11:00:00,2386.762351727709,2377.1121015978692,1952.6417963140193
forecast_3540,2025-05-28 12:00:00,2407.815484820945,2746.9023036243107,2013.4961219660136
forecast_3541,2025-05-28 13:00:00,2438.4258275182783,2929.3244134361726,2113.5380094693155
forecast_3542,2025-05-28 14:00:00,2438.4258275182783,2929.3244134361726,2013.4961219660136
forecast_3543,2025-05-28 15:00:00,2501.9027772935624,2891.1569787056314,2247.6690647433497
forecast_3544,2025-05-28 16:00:00,2625.4479091933445,2891.1569787056314,2459.26047402292
forecast_3545,2025-05-28 17:00:00,2869.900738216741,3363.596556059505,2854.395278339486
forecast_3546,2025-05-28 18:00:00,2869.900738216741,3363.596556059505,2854.395278339486
forecast_3547,2025-05-28 19:00:00,2869.900738216741,3363.596556059505,2854.395278339486
forecast_3548,2025-05-28 20:00:00,3128.814959017719,3393.4827739652883,2638.1410510735577
forecast_3549,2025-05-28 21:00:00,3565.802790162207,3731.7181678237903,2964.9086293866744
forecast_3550,2025-05-28 22:00:00,4045.8720183635514,3955.9861513529668,3473.1432930311585
forecast_3551,2025-05-28 23:00:00,4045.8720183635514,3955.9861513529668,3473.1432930311585
forecast_3552,2025-05-29 00:00:00,3649.974869332511,3557.8765460047193,3079.7487061003003
forecast_3553,2025-05-29 01:00:00,3305.2777090855952,3167.0956536469903,2504.3460160137865
forecast_3554,2025-05-29 02:00:00,3296.914109623046,3163.481362461097,2413.3828226840515
forecast_3555,2025-05-29 03:00:00,3163.014164270883,3150.5181887543895,2406.159244961311
forecast_3556,2025-05-29 04:00:00,2898.598028870596,2944.4718415192374,2304.2588387912774
forecast_3557,2025-05-29 05:00:00,2884.4653749856325,2944.4718415192374,2304.2588387912774
forecast_3558,2025-05-29 06:00:00,2647.08833679448,2978.304807626519,2355.920261078735
forecast_3559,2025-05-29 07:00:00,2613.2424381900037,2978.304807626519,2355.920261078735
forecast_3560,2025-05-29 08:00:00,2470.115377187072,2655.469500529675,2141.127122244625
forecast_3561,2025-05-29 09:00:00,2239.96170384816,2655.469500529675,1963.040137938682
forecast_3562,2025-05-29 10:00:00,2239.96170384816,2571.6048353386645,1963.040137938682
forecast_3563,2025-05-29 11:00:00,2165.4865079948313,2571.6048353386645,2024.5616475792074
forecast_3564,2025-05-29 12:00:00,2253.054082774035,2552.528614913963,2024.5616475792074
forecast_3565,2025-05-29 13:00:00,2301.9697380766265,2552.528614913963,2024.5616475792074
forecast_3566,2025-05-29 14:00:00,2301.9697380766265,2700.1889165593398,2109.017147597568
forecast_3567,2025-05-29 15:00:00,2527.7009051359482,2764.178673013731,2185.098914379975
forecast_3568,2025-05-29 16:00:00,2379.3519852610207,2700.1889165593398,2109.017147597568
forecast_3569,2025-05-29 17:00:00,2393.0037350184384,2703.6981410893777,2018.898904196778
forecast_3570,2025-05-29 18:00:00,2393.0037350184384,2703.6981410893777,2018.898904196778
forecast_3571,2025-05-29 19:00:00,2860.212181334148,2998.988668669106,2460.314271583691
forecast_3572,2025-05-29 20:00:00,3097.8060369475334,3033.979391894394,2460.314271583691
forecast_3573,2025-05-29 21:00:00,3214.1391620871473,3047.1779163372103,2493.7925753510226
forecast_3574,2025-05-29 22:00:00,3794.261691115784,3357.968440409189,2742.800591927534
forecast_3575,2025-05-29 23:00:00,3794.261691115784,3386.61279687109,2742.800591927534
forecast_3576,2025-05-30 00:00:00,3820.1015321682185,3391.9854238002213,2747.407894076451
forecast_3577,2025-05-30 01:00:00,3440.7595865448393,3302.2396438969677,2946.3712120186865
forecast_3578,2025-05-30 02:00:00,3609.8454040524275,3472.5340501710543,2994.3592203299013
forecast_3579,2025-05-30 03:00:00,3623.6752887859375,3582.6215917687928,3102.4325696420833
forecast_3580,2025-05-30 04:00:00,3784.785139058392,3683.020383098242,3103.090356074839
forecast_3581,2025-05-30 05:00:00,3784.785139058392,3708.8971075373506,3103.090356074839
forecast_3582,2025-05-30 06:00:00,3652.8113845784374,3716.7759015732454,2951.963080344312
forecast_3583,2025-05-30 07:00:00,3569.6884895782605,3716.7759015732454,2905.3439600684706
forecast_3584,2025-05-30 08:00:00,2957.192535016221,3349.3712965655195,2326.7967577486797
forecast_3585,2025-05-30 09:00:00,2820.8422556085134,2897.91098557207,2227.110463426703
forecast_3586,2025-05-30 10:00:00,2703.705994701905,2654.295888798819,2139.209248110724
forecast_3587,2025-05-30 11:00:00,2307.240836193596,2399.673069696134,2031.4443020634073
forecast_3588,2025-05-30 12:00:00,2307.240836193596,2399.673069696134,2031.4443020634073
forecast_3589,2025-05-30 13:00:00,2511.126865180803,2522.7434512304308,2224.6658620048183
forecast_3590,2025-05-30 14:00:00,2511.126865180803,2522.7434512304308,2224.6658620048183
forecast_3591,2025-05-30 15:00:00,2495.329012091439,2557.928017029476,2136.924253642678
forecast_3592,2025-05-30 16:00:00,2495.329012091439,2598.8048649970215,2136.924253642678
forecast_3593,2025-05-30 17:00:00,2594.1751781165776,2598.8048649970215,2035.9113560645485
forecast_3594,2025-05-30 18:00:00,2648.0912540554045,2660.2209755028944,2222.7171959632633
forecast_3595,2025-05-30 19:00:00,2748.096063494938,2660.2209755028944,2223.6582106267424
forecast_3596,2025-05-30 20:00:00,3063.403750036392,3104.415346166851,2416.005507029764
forecast_3597,2025-05-30 21:00:00,3076.6338635424345,3127.6875954415946,2426.9028263816067
forecast_3598,2025-05-30 22:00:00,3816.141192528717,3379.786580689456,2881.776608032837
forecast_3599,2025-05-30 23:00:00,3816.141192528717,3379.786580689456,2881.776608032837
forecast_3600,2025-05-31 00:00:00,3781.2442954862654,3449.4302198431615,2893.614910327259
forecast_3601,2025-05-31 01:00:00,3094.7910096953156,3106.267842109184,2287.765609619493
forecast_3602,2025-05-31 02:00:00,3061.1804653262216,2851.725340207181,2168.6236969283373
forecast_3603,2025-05-31 03:00:00,3140.2872343482695,2826.598505208359,2105.178942117073
forecast_3604,2025-05-31 04:00:00,3061.1804653262216,2789.9197446795574,1982.4740867234057
forecast_3605,2025-05-31 05:00:00,2978.267221520732,2789.9197446795574,2013.1475812358597
forecast_3606,2025-05-31 06:00:00,2967.6652449062713,2789.9197446795574,1982.4740867234057
forecast_3607,2025-05-31 07:00:00,2858.352742806632,2849.0978004646436,1845.0674722307836
forecast_3608,2025-05-31 08:00:00,2853.668107842357,2849.0978004646436,1802.737723339902
forecast_3609,2025-05-31 09:00:00,2645.543740282378,2779.510704997287,1802.737723339902
forecast_3610,2025-05-31 10:00:00,2645.543740282378,2739.047003946991,1860.7130123666464
forecast_3611,2025-05-31 11:00:00,2807.811569329061,2739.047003946991,2084.701579447831
forecast_3612,2025-05-31 12:00:00,2807.811569329061,2739.047003946991,2084.701579447831
forecast_3613,2025-05-31 13:00:00,2663.635652468972,2508.510832623854,1979.4919279763697
forecast_3614,2025-05-31 14:00:00,2663.635652468972,2362.4856596268987,1979.4919279763697
forecast_3615,2025-05-31 15:00:00,2725.2608615028075,2306.843477304299,1979.4919279763697
forecast_3616,2025-05-31 16:00:00,2750.1643881012487,2320.3792202643026,1960.0412247629172
forecast_3617,2025-05-31 17:00:00,2750.1643881012487,2320.3792202643026,1891.6026372813217
forecast_3618,2025-05-31 18:00:00,2901.6363635550388,2528.5176905194676,1891.6026372813217
forecast_3619,2025-05-31 19:00:00,3093.846753753918,2707.050130314814,2105.9147869264725
forecast_3620,2025-05-31 20:00:00,3375.2774752675496,2969.5169710045247,2228.4004421996246
forecast_3621,2025-05-31 21:00:00,3424.8133180965806,2993.9903851713543,2243.852872176196
forecast_3622,2025-05-31 22:00:00,3487.595724373654,3197.190480078799,2530.7186474136506
forecast_3623,2025-05-31 23:00:00,3487.595724373654,3197.190480078799,2574.335279268318
forecast_3624,2025-06-01 00:00:00,3602.1593750294296,3136.8111903135878,2683.606508731509
forecast_3625,2025-06-01 01:00:00,2992.1657773246443,2769.2185566936255,2146.526004726829
forecast_3626,2025-06-01 02:00:00,2931.2981057283378,2816.2460529509226,2150.5602782052724
forecast_3627,2025-06-01 03:00:00,2931.2981057283378,3137.1715890018572,2150.5602782052724
forecast_3628,2025-06-01 04:00:00,2931.2981057283378,3137.1715890018572,2150.5602782052724
forecast_3629,2025-06-01 05:00:00,2739.579285246662,2992.3837165751065,1994.9103494477108
forecast_3630,2025-06-01 06:00:00,2555.147990212631,2676.2323077689343,1958.396274754777
forecast_3631,2025-06-01 07:00:00,2395.87695005961,2646.8297778905094,1787.0473845009562
forecast_3632,2025-06-01 08:00:00,2395.87695005961,2600.4365807260283,1787.0473845009562
forecast_3633,2025-06-01 09:00:00,2430.012490491533,2573.566522366107,1955.121107339902
forecast_3634,2025-06-01 10:00:00,2430.012490491533,2366.723268737249,1955.121107339902
forecast_3635,2025-06-01 11:00:00,2430.012490491533,2293.7152219703603,1955.121107339902
forecast_3636,2025-06-01 12:00:00,2527.9236854885066,2293.7152219703603,2094.084648651413
forecast_3637,2025-06-01 13:00:00,2596.678311658832,2390.16562570923,2094.084648651413
forecast_3638,2025-06-01 14:00:00,2596.678311658832,2425.840828923331,2126.0486469250836
forecast_3639,2025-06-01 15:00:00,2536.291568952898,2568.755149192748,2066.6965095838104
forecast_3640,2025-06-01 16:00:00,2536.291568952898,2582.530159580603,2126.8253328370815
forecast_3641,2025-06-01 17:00:00,2588.4281015431716,2705.812996431004,2137.852075180437
forecast_3642,2025-06-01 18:00:00,3179.933420840419,3127.1624063950703,2446.1034481222196
forecast_3643,2025-06-01 19:00:00,3811.8937387378173,4168.971021145784,3414.306695514676
forecast_3644,2025-06-01 20:00:00,4086.9173212732676,4958.8413250996755,3904.9628554091823
forecast_3645,2025-06-01 21:00:00,4439.266294565166,5443.458944437225,3945.0775256141214
forecast_3646,2025-06-01 22:00:00,4946.210140226406,5857.132494367783,4294.988977184427
forecast_3647,2025-06-01 23:00:00,5187.462586961103,5982.060556199724,4294.988977184427
forecast_3648,2025-06-02 00:00:00,5196.957673745626,5919.596525283753,4241.083594150092
forecast_3649,2025-06-02 01:00:00,4727.547154407887,5179.773160346929,3308.4818542679272
forecast_3650,2025-06-02 02:00:00,4950.06151168767,5192.088435750598,3285.056294045712
forecast_3651,2025-06-02 03:00:00,4493.656995830494,4745.476941914408,3032.8183545559
forecast_3652,2025-06-02 04:00:00,3962.7739127985797,4112.199703018106,2699.14495510316
forecast_3653,2025-06-02 05:00:00,3745.7680870379854,3688.233484175231,2699.14495510316
forecast_3654,2025-06-02 06:00:00,3565.1622184334155,3553.1017443351684,2699.14495510316
forecast_3655,2025-06-02 07:00:00,3142.210155453541,3549.781441850103,2631.754753975958
forecast_3656,2025-06-02 08:00:00,3142.210155453541,3549.781441850103,2501.8727501284375
forecast_3657,2025-06-02 09:00:00,3100.6128668713864,3549.781441850103,2501.8727501284375
forecast_3658,2025-06-02 10:00:00,3071.6117542725233,3412.978040978541,2401.964545164059
forecast_3659,2025-06-02 11:00:00,2943.0029543062583,3172.508028660246,2401.964545164059
forecast_3660,2025-06-02 12:00:00,2943.0029543062583,3172.508028660246,2458.392036357388
forecast_3661,2025-06-02 13:00:00,2930.484912739036,3187.386797282787,2458.392036357388
forecast_3662,2025-06-02 14:00:00,3038.8972997758065,3364.0098708608875,2554.070312974019
forecast_3663,2025-06-02 15:00:00,4231.220741149803,4943.115630395726,3603.9092852190934
forecast_3664,2025-06-02 16:00:00,5206.6036779977,5847.004426570105,4240.0979806109135
forecast_3665,2025-06-02 17:00:00,5206.6036779977,5847.004426570105,4456.248517997748
forecast_3666,2025-06-02 18:00:00,5156.353976901493,5796.354686474685,4456.248517997748
forecast_3667,2025-06-02 19:00:00,5075.083970897488,5079.942709222301,4449.131434143885
forecast_3668,2025-06-02 20:00:00,4443.636402648502,3946.928887726595,3530.1016728871555
forecast_3669,2025-06-02 21:00:00,4208.918025703124,3946.928887726595,3530.1016728871555
forecast_3670,2025-06-02 22:00:00,4208.918025703124,4120.085409374705,3955.6666996828776
forecast_3671,2025-06-02 23:00:00,4208.918025703124,4473.945217811645,3955.6666996828776
forecast_3672,2025-06-03 00:00:00,4175.414700073871,4549.846642020824,4032.702141715043
forecast_3673,2025-06-03 01:00:00,3949.186506130042,4070.428670400718,2914.3156854583185
forecast_3674,2025-06-03 02:00:00,3951.3356196401073,4264.8041661366115,2939.1035531386533
forecast_3675,2025-06-03 03:00:00,4155.50476922224,4791.3448808857,3406.676571354208
forecast_3676,2025-06-03 04:00:00,4474.285723696344,5280.844228058077,4157.792704893962
forecast_3677,2025-06-03 05:00:00,4474.285723696344,5280.844228058077,4157.792704893962
forecast_3678,2025-06-03 06:00:00,4110.195973217648,4926.455391892247,3545.9946359550795
forecast_3679,2025-06-03 07:00:00,4110.195973217648,4926.455391892247,3545.9946359550795
forecast_3680,2025-06-03 08:00:00,4032.449584072525,4959.836890185115,3545.9946359550795
forecast_3681,2025-06-03 09:00:00,3959.7529609344347,4959.836890185115,3478.5306222959116
forecast_3682,2025-06-03 10:00:00,3959.7529609344347,4296.315840717477,3252.573894713789
forecast_3683,2025-06-03 11:00:00,4076.9788835360046,4296.315840717477,3252.573894713789
forecast_3684,2025-06-03 12:00:00,5070.294365919365,5256.710322028523,4226.0711668420445
forecast_3685,2025-06-03 13:00:00,7146.361979950695,7560.005548718343,6170.849475893858
forecast_3686,2025-06-03 14:00:00,9998.699245052516,9058.950337596136,8220.28985093753
forecast_3687,2025-06-03 15:00:00,10855.454591321435,10210.299975190763,9115.994422363803
forecast_3688,2025-06-03 16:00:00,11504.69362565211,10294.901653323159,9236.936273611354
forecast_3689,2025-06-03 17:00:00,12209.819030484754,10671.910541134857,9539.752563397398
forecast_3690,2025-06-03 18:00:00,13527.631591065528,11609.48789252921,10770.273670263137
forecast_3691,2025-06-03 19:00:00,13775.573795243727,12234.878091885854,11467.414329697578
forecast_3692,2025-06-03 20:00:00,14779.372914445143,14581.93174706084,13775.032190375412
forecast_3693,2025-06-03 21:00:00,16733.20351085678,16990.119912402246,15549.753894791504
forecast_3694,2025-06-03 22:00:00,16733.20351085678,16990.119912402246,15549.753894791504
forecast_3695,2025-06-03 23:00:00,15894.426047983086,15203.54860943787,14379.59575684823
forecast_3696,2025-06-04 00:00:00,15339.517391412153,14991.64731376201,14158.932301738205
forecast_3697,2025-06-04 01:00:00,14413.47690937185,13959.428870129985,12905.80018909384
forecast_3698,2025-06-04 02:00:00,14563.595806913798,14693.926079018798,13261.140500613204
forecast_3699,2025-06-04 03:00:00,14858.58582755802,14693.926079018798,14212.889061145583
forecast_3700,2025-06-04 04:00:00,15626.448119485074,16259.903530964195,15622.027364472711
forecast_3701,2025-06-04 05:00:00,16425.915321338314,16283.744247833789,15781.773347834516
forecast_3702,2025-06-04 06:00:00,17559.575451268334,17087.68945715305,16902.377897148202
forecast_3703,2025-06-04 07:00:00,17923.670135202534,17087.68945715305,17216.453270234873
forecast_3704,2025-06-04 08:00:00,18226.13355647264,17062.659395871164,17216.453270234873
forecast_3705,2025-06-04 09:00:00,18226.13355647264,17041.01976943711,16939.954315037656
forecast_3706,2025-06-04 10:00:00,17231.329951895244,16983.264388951386,16620.97071801326
forecast_3707,2025-06-04 11:00:00,16661.906978301613,16582.934134359333,16007.061813389928
forecast_3708,2025-06-04 12:00:00,16181.001402964259,16015.969573438975,15670.93787584282
forecast_3709,2025-06-04 13:00:00,15192.61689607555,15350.335254871754,14692.075292891
forecast_3710,2025-06-04 14:00:00,15041.014238597543,14500.435379457802,13717.108610092786
forecast_3711,2025-06-04 15:00:00,14649.073075691336,13417.962080821715,12268.709185412386
forecast_3712,2025-06-04 16:00:00,13839.318505506697,12489.654490229823,10924.47356233879
forecast_3713,2025-06-04 17:00:00,13034.026703573512,11406.68231125364,10260.753913155018
forecast_3714,2025-06-04 18:00:00,12936.761885876715,11374.157324064914,9978.536932676077
forecast_3715,2025-06-04 19:00:00,12936.761885876715,11406.68231125364,10260.753913155018
forecast_3716,2025-06-04 20:00:00,12898.937760056273,11627.230625445416,10336.05983916609
forecast_3717,2025-06-04 21:00:00,12733.126477879201,11844.139863810846,10549.065766786445
forecast_3718,2025-06-04 22:00:00,12733.126477879201,12021.831526006408,11267.701116854216
forecast_3719,2025-06-04 23:00:00,13117.564258315417,13722.403933984884,12649.991526698988
forecast_3720,2025-06-05 00:00:00,13245.720083641274,14101.572889848409,12876.168287514454
forecast_3721,2025-06-05 01:00:00,13394.470645140073,13053.24385886437,10977.482007958184
forecast_3722,2025-06-05 02:00:00,13697.88838669557,13744.5858134242,11650.709480219275
forecast_3723,2025-06-05 03:00:00,14858.438419872115,14622.67438449347,12497.94161611897
forecast_3724,2025-06-05 04:00:00,14858.438419872115,15299.993365576029,12652.00346448501
forecast_3725,2025-06-05 05:00:00,14852.133562720712,15299.993365576029,12497.94161611897
forecast_3726,2025-06-05 06:00:00,14002.438163822786,15184.214222107319,12210.023701152832
forecast_3727,2025-06-05 07:00:00,13769.28156691276,14824.20802199068,12206.819845728804
forecast_3728,2025-06-05 08:00:00,11859.043097460444,12898.554967103344,10040.592314958307
forecast_3729,2025-06-05 09:00:00,9630.550955607974,11285.756161716366,8554.109126464242
forecast_3730,2025-06-05 10:00:00,6795.168906654173,7536.284874316632,5669.188128361888
forecast_3731,2025-06-05 11:00:00,5748.03316179689,5987.562037414904,4587.488848672698
forecast_3732,2025-06-05 12:00:00,5356.891966131708,5698.252627608566,4339.990348390462
forecast_3733,2025-06-05 13:00:00,5356.891966131708,5987.562037414904,4587.488848672698
forecast_3734,2025-06-05 14:00:00,5989.89968574895,6360.030966985222,5168.538590879834
forecast_3735,2025-06-05 15:00:00,6042.330267503426,6459.0172263808345,5405.261701380905
forecast_3736,2025-06-05 16:00:00,7791.196965719688,8669.220726723343,7397.6894640589135
forecast_3737,2025-06-05 17:00:00,9727.591966175134,9855.744136031402,9235.016023501918
forecast_3738,2025-06-05 18:00:00,11882.784844225913,11034.648889390975,11178.114534813183
forecast_3739,2025-06-05 19:00:00,14406.862546053613,13590.783360850874,13822.790164748601
forecast_3740,2025-06-05 20:00:00,16345.951495766894,14880.696920907578,14848.878098253837
forecast_3741,2025-06-05 21:00:00,17184.727635034207,15481.116995605773,15359.088900818535
forecast_3742,2025-06-05 22:00:00,18552.71622571124,16858.915720130193,16758.94870755343
forecast_3743,2025-06-05 23:00:00,19004.525101777494,17030.068059320347,17079.527525367506
forecast_3744,2025-06-06 00:00:00,19069.796967609476,17122.84973148792,17166.886415605943
forecast_3745,2025-06-06 01:00:00,19560.826051247488,17428.349856257024,17249.08189284809
forecast_3746,2025-06-06 02:00:00,19644.446432257002,17679.124890465937,17533.389271547872
forecast_3747,2025-06-06 03:00:00,19644.446432257002,18080.048317230365,17841.72464389135
forecast_3748,2025-06-06 04:00:00,19404.178919146485,18080.048317230365,17841.72464389135
forecast_3749,2025-06-06 05:00:00,19404.178919146485,17939.717514658525,17524.575354554843
forecast_3750,2025-06-06 06:00:00,19117.368385188583,17840.037986111154,17506.463989600117
forecast_3751,2025-06-06 07:00:00,18662.611701125672,17840.037986111154,17506.463989600117
forecast_3752,2025-06-06 08:00:00,16933.03025863706,17134.2252356929,16473.064548769587
forecast_3753,2025-06-06 09:00:00,14388.407148777651,13582.84443674167,14558.903454297908
forecast_3754,2025-06-06 10:00:00,13446.315786424084,13582.84443674167,13818.859763115994
forecast_3755,2025-06-06 11:00:00,13446.315786424084,14405.848528193408,13818.859763115994
forecast_3756,2025-06-06 12:00:00,13581.145186557005,14548.531677237335,13996.6110178998
forecast_3757,2025-06-06 13:00:00,13697.232612774775,14561.490684931243,14465.304098973149
forecast_3758,2025-06-06 14:00:00,13973.569707229864,14816.686241042958,14704.10916809206
forecast_3759,2025-06-06 15:00:00,14358.381087340427,15155.802970409377,15299.660521406066
forecast_3760,2025-06-06 16:00:00,14911.189292990452,15237.71644318113,15489.258983816664
forecast_3761,2025-06-06 17:00:00,14911.189292990452,15237.71644318113,15489.258983816664
forecast_3762,2025-06-06 18:00:00,14911.189292990452,15237.71644318113,15489.258983816664
forecast_3763,2025-06-06 19:00:00,15731.91039874941,16286.857558174066,16113.054599578116
forecast_3764,2025-06-06 20:00:00,17247.326142465194,16456.636590599424,17155.01580468654
forecast_3765,2025-06-06 21:00:00,18045.276131183815,17352.266735346308,17944.462505902622
forecast_3766,2025-06-06 22:00:00,18378.06371875549,17614.494741609822,18130.453924609235
forecast_3767,2025-06-06 23:00:00,18378.06371875549,17664.362681845647,18130.453924609235
forecast_3768,2025-06-07 00:00:00,18180.879587181065,17682.588444121575,18032.394879974912
forecast_3769,2025-06-07 01:00:00,18793.88159852426,17636.88842615835,17852.164204569064
forecast_3770,2025-06-07 02:00:00,18558.773814537803,17623.024797827067,17625.047465872543
forecast_3771,2025-06-07 03:00:00,18558.773814537803,17601.178312854667,17625.047465872543
forecast_3772,2025-06-07 04:00:00,19256.87543006541,17601.178312854667,17710.076224876946
forecast_3773,2025-06-07 05:00:00,19416.03234342853,17897.277661616437,17977.063279512146
forecast_3774,2025-06-07 06:00:00,19416.03234342853,17897.277661616437,17977.063279512146
forecast_3775,2025-06-07 07:00:00,19405.48446467085,17716.09277561838,17804.168543177453
forecast_3776,2025-06-07 08:00:00,17637.1495323024,16745.851785203213,16235.657634325084
forecast_3777,2025-06-07 09:00:00,14218.68308129946,15095.931191007,13658.669103779754
forecast_3778,2025-06-07 10:00:00,10268.436916135233,10145.154847847658,8928.518890596239
forecast_3779,2025-06-07 11:00:00,9662.975284048112,9858.591741707693,8811.361175503429
forecast_3780,2025-06-07 12:00:00,7759.722509132803,7749.869401060892,6784.468749403662
forecast_3781,2025-06-07 13:00:00,5046.637422008123,5899.908566587756,5203.486821266663
forecast_3782,2025-06-07 14:00:00,5003.264599742346,5728.903276612735,4953.564051425543
forecast_3783,2025-06-07 15:00:00,4830.378898473889,5753.961477158725,4729.753878748085
forecast_3784,2025-06-07 16:00:00,4827.496683975807,5753.961477158725,4685.707751908234
forecast_3785,2025-06-07 17:00:00,4830.378898473889,5965.079693598125,4729.753878748085
forecast_3786,2025-06-07 18:00:00,5005.064927973578,6609.822809356507,5239.992928899052
forecast_3787,2025-06-07 19:00:00,7110.352010729084,9026.562037855078,6931.225836128366
forecast_3788,2025-06-07 20:00:00,8842.229997430028,11040.58990559572,8563.969261372764
forecast_3789,2025-06-07 21:00:00,12715.993014060474,13782.469512797985,11727.051297606198
forecast_3790,2025-06-07 22:00:00,12715.993014060474,13782.469512797985,11727.051297606198
forecast_3791,2025-06-07 23:00:00,13391.749597093212,13874.343656660072,11968.641407455372
forecast_3792,2025-06-08 00:00:00,13047.431832435248,13451.956642271703,11670.393695042643
forecast_3793,2025-06-08 01:00:00,10386.443101889163,11488.497441573978,8507.259299283138
forecast_3794,2025-06-08 02:00:00,10182.736346380389,11357.004055291709,8309.944867737218
forecast_3795,2025-06-08 03:00:00,9592.629735210498,10346.006337227029,7455.915229075122
forecast_3796,2025-06-08 04:00:00,9119.118514459818,10306.752856307989,7397.098495649474
forecast_3797,2025-06-08 05:00:00,7617.457099871234,9236.648243313797,6271.860195501309
forecast_3798,2025-06-08 06:00:00,6331.124214785617,7671.892217600331,5192.677207228109
forecast_3799,2025-06-08 07:00:00,4325.187757099133,5447.0279512058505,3675.514012189373
forecast_3800,2025-06-08 08:00:00,4295.590122082559,4505.459857055252,3283.8937084935483
forecast_3801,2025-06-08 09:00:00,3408.7553823305716,3394.7761748436346,2510.2568123221886
forecast_3802,2025-06-08 10:00:00,2808.057178017568,2909.49614811008,2335.8384588238637
forecast_3803,2025-06-08 11:00:00,2673.3338237819025,2909.49614811008,2144.0290312470206
forecast_3804,2025-06-08 12:00:00,2497.4813540265877,2909.49614811008,2144.0290312470206
forecast_3805,2025-06-08 13:00:00,2497.4813540265877,2812.3726657170346,2144.0290312470206
forecast_3806,2025-06-08 14:00:00,2656.207478803548,2728.331682416303,2260.7999428501316
forecast_3807,2025-06-08 15:00:00,2702.8397627520444,2728.331682416303,2260.7999428501316
forecast_3808,2025-06-08 16:00:00,2753.563600196787,2728.331682416303,2209.299376836183
forecast_3809,2025-06-08 17:00:00,2777.0526044293165,2736.2749176499083,2177.4409535022555
forecast_3810,2025-06-08 18:00:00,2905.1124197149893,2761.1757842898874,2177.4409535022555
forecast_3811,2025-06-08 19:00:00,3129.0021248762496,3325.7884497022515,2435.5223893493594
forecast_3812,2025-06-08 20:00:00,3620.667002492086,3723.465571563092,3086.885206431912
forecast_3813,2025-06-08 21:00:00,3722.4606149409183,4318.043106282068,3283.8224973152555
forecast_3814,2025-06-08 22:00:00,4892.7060701982155,5651.519111235684,4291.1220989602325
forecast_3815,2025-06-08 23:00:00,6414.0105235117835,7404.772394245433,5694.760288579632
forecast_3816,2025-06-09 00:00:00,7655.0349153813495,8027.386326723341,6326.5607049263745
forecast_3817,2025-06-09 01:00:00,9938.970958998714,10320.799538545614,8079.7992897011345
forecast_3818,2025-06-09 02:00:00,9771.491605993675,10230.998754594866,7930.9547246288475
forecast_3819,2025-06-09 03:00:00,9771.491605993675,10230.998754594866,7072.935801067408
forecast_3820,2025-06-09 04:00:00,8283.477000738203,9014.980547211895,6116.832547985907
forecast_3821,2025-06-09 05:00:00,7319.924329273563,7374.137319295674,5249.092551866392
forecast_3822,2025-06-09 06:00:00,5232.744682476503,5659.95806266107,4007.944305217433
forecast_3823,2025-06-09 07:00:00,4292.740331131168,4116.193826672439,3414.3659891141297
forecast_3824,2025-06-09 08:00:00,4065.3749586520516,4116.083792150538,3249.895232070571
forecast_3825,2025-06-09 09:00:00,3696.8036884990197,3630.28881008743,2912.5188607041027
forecast_3826,2025-06-09 10:00:00,3062.1982312586315,3435.58494073728,2698.915288598622
forecast_3827,2025-06-09 11:00:00,2983.0455952330967,3435.018278563505,2545.3521371530596
forecast_3828,2025-06-09 12:00:00,2808.2869578240743,3334.231505766551,2535.286495718001
forecast_3829,2025-06-09 13:00:00,2808.2869578240743,3333.0515051914936,2489.820560437907
forecast_3830,2025-06-09 14:00:00,2919.8810464574935,3166.4540930497533,2366.7777029137073
forecast_3831,2025-06-09 15:00:00,3263.8648298454527,3333.0515051914936,2489.820560437907
forecast_3832,2025-06-09 16:00:00,3263.8648298454527,3296.8641793989486,2366.7777029137073
forecast_3833,2025-06-09 17:00:00,3212.2387005197997,3552.621276777039,2302.9097559278234
forecast_3834,2025-06-09 18:00:00,3212.2387005197997,3552.621276777039,2302.9097559278234
forecast_3835,2025-06-09 19:00:00,3645.2426590642453,3919.414373692645,2518.494993062731
forecast_3836,2025-06-09 20:00:00,4016.793875367878,4515.079836329154,3156.0503890663326
forecast_3837,2025-06-09 21:00:00,5022.061715570404,6532.95503894317,4583.002220797375
forecast_3838,2025-06-09 22:00:00,8123.318111819321,9490.353374604894,7197.627984998305
forecast_3839,2025-06-09 23:00:00,9421.538263693277,10210.472509475134,8035.766028559341
forecast_3840,2025-06-10 00:00:00,9758.08113532605,10531.58453774546,8248.436371121194
forecast_3841,2025-06-10 01:00:00,14407.304479497901,14589.08931951582,13232.522555699219
forecast_3842,2025-06-10 02:00:00,14824.262191861812,14986.174827145287,13765.648533407411
forecast_3843,2025-06-10 03:00:00,15797.403174728575,16220.053145026624,15085.095346142423
forecast_3844,2025-06-10 04:00:00,16644.6411058014,16276.043668133048,15349.379235971945
forecast_3845,2025-06-10 05:00:00,17978.838014521134,16590.477330712056,15085.095346142423
forecast_3846,2025-06-10 06:00:00,17978.838014521134,16590.477330712056,14926.760110895233
forecast_3847,2025-06-10 07:00:00,15282.14658817781,15297.377118706154,12794.15456436395
forecast_3848,2025-06-10 08:00:00,14048.677577391334,14243.72200430639,11324.732498673187
forecast_3849,2025-06-10 09:00:00,8978.752951640105,8737.290591954108,7097.2938110871755
forecast_3850,2025-06-10 10:00:00,5236.56246489316,5021.508479102197,3684.66875668344
forecast_3851,2025-06-10 11:00:00,4838.931670646645,5021.508479102197,3684.66875668344
forecast_3852,2025-06-10 12:00:00,4838.931670646645,5657.22272759813,4554.802631329861
forecast_3853,2025-06-10 13:00:00,5360.061854547568,5938.711968431615,4725.582938719557
forecast_3854,2025-06-10 14:00:00,6224.886576641053,6777.405661103368,5233.622452774321
forecast_3855,2025-06-10 15:00:00,6548.846291718687,7155.113120694185,5809.0254453331345
forecast_3856,2025-06-10 16:00:00,7348.317700938145,7887.4443119316875,6778.2116705026165
forecast_3857,2025-06-10 17:00:00,7773.018312387338,8036.704165414489,6920.132923144777
forecast_3858,2025-06-10 18:00:00,9516.18118587896,9560.374175667062,8186.5755304596605
forecast_3859,2025-06-10 19:00:00,10765.651198939382,10179.021895214966,8946.728932498969
forecast_3860,2025-06-10 20:00:00,11775.927817246407,11022.309643119144,9968.90900448052
forecast_3861,2025-06-10 21:00:00,12602.020467269365,12845.660737821345,11940.129993148792
forecast_3862,2025-06-10 22:00:00,13594.216590022677,13948.36496389061,13424.450137358323
forecast_3863,2025-06-10 23:00:00,14370.132851511471,14420.738209715924,14153.200537282326
forecast_3864,2025-06-11 00:00:00,14394.323183366369,14423.29308987507,14205.394931521208
forecast_3865,2025-06-11 01:00:00,13014.084828768222,12950.710684024829,11577.404465571126
forecast_3866,2025-06-11 02:00:00,13023.858261671021,13336.96866088143,11499.313094023364
forecast_3867,2025-06-11 03:00:00,13343.866082778015,14037.74554627871,11552.459515086877
forecast_3868,2025-06-11 04:00:00,14503.105336866027,14037.74554627871,11465.04476752493
forecast_3869,2025-06-11 05:00:00,14503.105336866027,14024.25895160315,11419.771872183806
forecast_3870,2025-06-11 06:00:00,14396.227200301497,13967.272246040971,11004.831982473635
forecast_3871,2025-06-11 07:00:00,13538.239271909355,13967.272246040971,10844.97566942852
forecast_3872,2025-06-11 08:00:00,11266.086082540849,11007.699955947815,8224.613427808901
forecast_3873,2025-06-11 09:00:00,8421.541515008359,9623.743532374072,7282.30536215991
forecast_3874,2025-06-11 10:00:00,7196.736621008363,7344.571637005991,5830.512901841425
forecast_3875,2025-06-11 11:00:00,5763.838834016224,6019.931897930141,4931.17234857701
forecast_3876,2025-06-11 12:00:00,5283.7305876411165,5503.414342826475,4197.8624374378305
forecast_3877,2025-06-11 13:00:00,5283.7305876411165,5503.414342826475,4197.8624374378305
forecast_3878,2025-06-11 14:00:00,5471.389781263673,6111.889549066091,4809.793697661777
forecast_3879,2025-06-11 15:00:00,6000.3155266536605,6111.889549066091,4809.793697661777
forecast_3880,2025-06-11 16:00:00,6054.7293363106655,7061.589253655101,5753.670081403639
forecast_3881,2025-06-11 17:00:00,6000.3155266536605,5851.754923063761,4594.752491009702
forecast_3882,2025-06-11 18:00:00,4522.122492581839,4927.2335674887345,3564.9702101916064
forecast_3883,2025-06-11 19:00:00,4522.122492581839,4927.2335674887345,3564.9702101916064
forecast_3884,2025-06-11 20:00:00,4757.98458924729,5489.447352114388,4053.301510201289
forecast_3885,2025-06-11 21:00:00,4801.374768441784,6295.804505406379,4459.671936043482
forecast_3886,2025-06-11 22:00:00,6470.33476868731,7728.049783498398,5546.958829861258
forecast_3887,2025-06-11 23:00:00,7554.099288451074,7806.691992524309,6072.481580812234
forecast_3888,2025-06-12 00:00:00,7644.700213338527,7873.250196227973,6203.733042976579
forecast_3889,2025-06-12 01:00:00,4430.324722072648,4424.561594872734,3345.3684563921634
forecast_3890,2025-06-12 02:00:00,4161.798110925048,4357.71742095334,3259.924150112658
forecast_3891,2025-06-12 03:00:00,3564.1213886336627,3600.6839842565405,2654.5217419811374
forecast_3892,2025-06-12 04:00:00,3026.1088179114686,3348.457498161937,2533.7568795141624
forecast_3893,2025-06-12 05:00:00,2886.669998203367,3348.457498161937,2533.7568795141624
forecast_3894,2025-06-12 06:00:00,2862.810648281865,3348.457498161937,2533.7568795141624
forecast_3895,2025-06-12 07:00:00,2534.4050213604387,3264.475935388222,2470.7476548941
forecast_3896,2025-06-12 08:00:00,2476.0845070842724,2847.022376176938,2267.5759828109403
forecast_3897,2025-06-12 09:00:00,2534.4050213604387,2472.993286014339,2149.87614048712
forecast_3898,2025-06-12 10:00:00,2354.3397346961337,2425.6806057944696,2103.225479950378
forecast_3899,2025-06-12 11:00:00,2434.241012964556,2425.6806057944696,2149.87614048712
forecast_3900,2025-06-12 12:00:00,2434.241012964556,2427.1051564892423,2157.6982242363424
forecast_3901,2025-06-12 13:00:00,2471.853463302963,2581.535950443994,2168.354003543228
forecast_3902,2025-06-12 14:00:00,2481.2062026208796,2588.7278127857167,2262.9136190137283
forecast_3903,2025-06-12 15:00:00,2523.629034966478,2601.9024012333093,2287.6592622891176
forecast_3904,2025-06-12 16:00:00,2710.1834019363123,2601.9024012333093,2403.219209792356
forecast_3905,2025-06-12 17:00:00,2735.25928534009,2645.155410696154,2507.908034219235
forecast_3906,2025-06-12 18:00:00,2956.4328662064845,3108.0306462905573,2522.7256751759696
forecast_3907,2025-06-12 19:00:00,3135.900203786362,3382.558622154877,2809.636089620688
forecast_3908,2025-06-12 20:00:00,3537.2051384512442,3771.0503776415553,3147.993609230351
forecast_3909,2025-06-12 21:00:00,3666.429615748929,4178.573295321882,3311.9050879792103
forecast_3910,2025-06-12 22:00:00,4344.020285474328,4808.492279102344,3681.0927573433046
forecast_3911,2025-06-12 23:00:00,4543.781286798146,4832.188226205177,3984.0558287666327
forecast_3912,2025-06-13 00:00:00,4581.964526468332,4860.546499786389,4034.4852656446924
forecast_3913,2025-06-13 01:00:00,5197.450430158345,5616.893277274101,4069.5545773139074
forecast_3914,2025-06-13 02:00:00,5814.4459370387385,5722.999407354066,4483.861953578904
forecast_3915,2025-06-13 03:00:00,5814.4459370387385,5722.999407354066,4483.861953578904
forecast_3916,2025-06-13 04:00:00,5253.0477699287585,5181.956123535323,3709.8197589102997
forecast_3917,2025-06-13 05:00:00,4107.863243168612,3783.3174879597095,2764.513988665019
forecast_3918,2025-06-13 06:00:00,3929.1600990883762,3754.2976494470117,2742.4954533934606
forecast_3919,2025-06-13 07:00:00,3188.432091964155,3347.418813037656,2742.4954533934606
forecast_3920,2025-06-13 08:00:00,2916.4326904341187,3271.136698483806,2535.9575326799686
forecast_3921,2025-06-13 09:00:00,2807.5650049828655,2881.9209542977005,2293.5079590777923
forecast_3922,2025-06-13 10:00:00,2713.6058340159107,2766.9828221517555,2271.4740670315123
forecast_3923,2025-06-13 11:00:00,2617.678912494216,2766.9828221517555,2271.4740670315123
forecast_3924,2025-06-13 12:00:00,2540.707048439447,2992.9322087597748,2363.951254789774
forecast_3925,2025-06-13 13:00:00,2491.0771604993906,2992.9322087597748,2363.951254789774
forecast_3926,2025-06-13 14:00:00,2491.0771604993906,2992.9322087597748,2363.951254789774
forecast_3927,2025-06-13 15:00:00,2574.6810626322513,3086.9388068291537,2464.2992873266257
forecast_3928,2025-06-13 16:00:00,2730.788968747738,3137.175747097326,2483.137968363585
forecast_3929,2025-06-13 17:00:00,3144.8599962652024,3500.1914859494855,2513.364481295855
forecast_3930,2025-06-13 18:00:00,3339.4380042203984,3566.369748849078,2816.5760180240686
forecast_3931,2025-06-13 19:00:00,3392.645569639524,3780.719655959797,3336.3249602474966
forecast_3932,2025-06-13 20:00:00,4123.329625051389,3866.8379577742653,3711.0064426590707
forecast_3933,2025-06-13 21:00:00,4987.746676486658,5183.430262533914,4605.982043080496
forecast_3934,2025-06-13 22:00:00,5286.836632392438,5617.288823027817,4872.718871618836
forecast_3935,2025-06-13 23:00:00,5438.441973901535,5780.125690989933,4872.718871618836
forecast_3936,2025-06-14 00:00:00,5499.808689042636,5698.707257008875,4782.873332022811
forecast_3937,2025-06-14 01:00:00,7648.415364921644,9426.458933402197,7086.986875463526
forecast_3938,2025-06-14 02:00:00,7798.321448731499,9699.441605948181,7155.463145178783
forecast_3939,2025-06-14 03:00:00,7798.321448731499,9153.476260856212,7018.510605748269
forecast_3940,2025-06-14 04:00:00,5495.969467135434,8565.822726994,5840.241967641046
forecast_3941,2025-06-14 05:00:00,5427.0826378012935,7687.471677150048,4821.7600079228705
forecast_3942,2025-06-14 06:00:00,4164.130292145578,5502.079816721343,3346.1011088162372
forecast_3943,2025-06-14 07:00:00,3286.6414728623904,3779.6821190006995,2866.6918440964773
forecast_3944,2025-06-14 08:00:00,2955.4369700503257,3363.4536616391483,2351.503504109485
forecast_3945,2025-06-14 09:00:00,2977.2744554052742,3301.2046809812937,2562.418242913889
forecast_3946,2025-06-14 10:00:00,2955.4369700503257,3215.4338683998494,2464.667614647889
forecast_3947,2025-06-14 11:00:00,2948.2788609317367,3215.4338683998494,2562.418242913889
forecast_3948,2025-06-14 12:00:00,2928.2281005306195,3502.1645222858133,2720.6027419006823
forecast_3949,2025-06-14 13:00:00,2934.196493299137,3502.1645222858133,2757.2498084950676
forecast_3950,2025-06-14 14:00:00,2928.2281005306195,3332.3967103989808,2757.2498084950676
forecast_3951,2025-06-14 15:00:00,2934.196493299137,3332.3967103989808,2757.2498084950676
forecast_3952,2025-06-14 16:00:00,3363.432827348898,3573.4376732458522,2923.512359659938
forecast_3953,2025-06-14 17:00:00,3363.432827348898,3573.4376732458522,2923.512359659938
forecast_3954,2025-06-14 18:00:00,3363.432827348898,3573.4376732458522,2917.1973395164596
forecast_3955,2025-06-14 19:00:00,3234.3039602533154,3440.361941434402,2797.288640002823
forecast_3956,2025-06-14 20:00:00,3234.3039602533154,3522.150326484333,2793.826255387976
forecast_3957,2025-06-14 21:00:00,3234.3039602533154,3522.150326484333,2793.826255387976
forecast_3958,2025-06-14 22:00:00,4009.1023779570273,4004.476086408591,3568.7918118397088
forecast_3959,2025-06-14 23:00:00,4009.1023779570273,4004.476086408591,3568.7918118397088
forecast_3960,2025-06-15 00:00:00,3926.1585759591867,4005.7613010985724,3423.9629886565895
forecast_3961,2025-06-15 01:00:00,4840.01723702467,5942.236647929839,4341.913602682187
forecast_3962,2025-06-15 02:00:00,5057.026093704788,6184.678092305168,4352.673111965247
forecast_3963,2025-06-15 03:00:00,5078.265699339389,6184.678092305168,4497.223833401578
forecast_3964,2025-06-15 04:00:00,5078.265699339389,5573.262268800972,4488.717599023531
forecast_3965,2025-06-15 05:00:00,5101.95583130536,5573.262268800972,4488.717599023531
forecast_3966,2025-06-15 06:00:00,5101.95583130536,5372.700687982986,4319.580065152817
forecast_3967,2025-06-15 07:00:00,4279.341256646881,3896.2007117040316,3393.382401466506
forecast_3968,2025-06-15 08:00:00,3619.15098094903,3342.115059122052,3063.5841617282845
forecast_3969,2025-06-15 09:00:00,3466.7910159576804,3257.977003513612,3063.5841617282845
forecast_3970,2025-06-15 10:00:00,3347.272538380803,3257.977003513612,3075.2225396151903
forecast_3971,2025-06-15 11:00:00,3345.1864083813334,3317.6728335032967,3075.2225396151903
forecast_3972,2025-06-15 12:00:00,3126.0918940962238,3769.503339332475,3076.622461577125
forecast_3973,2025-06-15 13:00:00,3009.6713262348094,3923.976683510681,3107.161629685261
forecast_3974,2025-06-15 14:00:00,3126.0918940962238,4318.926530875316,3318.2654252119964
forecast_3975,2025-06-15 15:00:00,3321.541953239508,4548.739631127991,3542.045654570105
forecast_3976,2025-06-15 16:00:00,3604.6774329929067,4662.941928968812,3585.7989283275156
forecast_3977,2025-06-15 17:00:00,3938.09682828466,5353.9212929074,4171.396219835554
forecast_3978,2025-06-15 18:00:00,4348.559417650084,5853.037666300935,4276.154010152946
forecast_3979,2025-06-15 19:00:00,5437.8558543727395,8398.980015432357,6734.595319850444
forecast_3980,2025-06-15 20:00:00,6912.953291556481,9602.128216738118,7644.786437464609
forecast_3981,2025-06-15 21:00:00,7713.526262480332,10876.487800390445,8786.997186026972
forecast_3982,2025-06-15 22:00:00,10303.401999139642,13099.48952691998,10417.0905343765
forecast_3983,2025-06-15 23:00:00,10856.94697986161,14568.414572597678,11716.791464497353
forecast_3984,2025-06-16 00:00:00,11128.430770826324,14644.757022915506,11809.459896356195
forecast_3985,2025-06-16 01:00:00,9168.870440181252,11577.82737920612,8840.804435963011
forecast_3986,2025-06-16 02:00:00,9473.87832805468,11979.064814850119,9215.976123078935
forecast_3987,2025-06-16 03:00:00,9473.87832805468,11979.064814850119,9215.976123078935
forecast_3988,2025-06-16 04:00:00,8374.582028484841,11342.589845443705,8833.850895660045
forecast_3989,2025-06-16 05:00:00,7651.331305413695,10404.595525065848,8179.980486133621
forecast_3990,2025-06-16 06:00:00,7554.989569338794,10404.595525065848,8179.980486133621
forecast_3991,2025-06-16 07:00:00,7554.989569338794,10648.619707553185,7956.027484485554
forecast_3992,2025-06-16 08:00:00,8379.428396175434,10657.404985417688,8109.305047779556
forecast_3993,2025-06-16 09:00:00,8379.428396175434,10648.619707553185,7888.064345335138
forecast_3994,2025-06-16 10:00:00,7974.191388931155,10657.404985417688,8109.305047779556
forecast_3995,2025-06-16 11:00:00,7872.695497293077,10532.741217770297,8432.159897148611
forecast_3996,2025-06-16 12:00:00,7872.695497293077,10909.985042859116,8718.73014774757
forecast_3997,2025-06-16 13:00:00,8519.809777555989,10909.985042859116,8752.143331638663
forecast_3998,2025-06-16 14:00:00,10741.983226921664,13456.149483745034,12006.462055607522
forecast_3999,2025-06-16 15:00:00,12348.835826724866,13702.722193920297,12348.625114900207
forecast_4000,2025-06-16 16:00:00,13125.15942372889,13702.722193920297,12578.236701482727
forecast_4001,2025-06-16 17:00:00,13728.238264697728,14417.865122570973,13218.29183126447
forecast_4002,2025-06-16 18:00:00,13728.238264697728,14417.865122570973,13218.29183126447
forecast_4003,2025-06-16 19:00:00,13726.3366866755,13689.45066372362,12946.955397170164
forecast_4004,2025-06-16 20:00:00,13726.3366866755,13689.45066372362,12946.955397170164
forecast_4005,2025-06-16 21:00:00,14475.29702649381,15300.001269224555,14314.247457524445
forecast_4006,2025-06-16 22:00:00,15319.320557113982,17000.312551776962,16030.533483554882
forecast_4007,2025-06-16 23:00:00,16140.91778701833,17547.57241663202,16311.985802268766
forecast_4008,2025-06-17 00:00:00,16476.018104900726,18074.081066999363,17000.724751612557
forecast_4009,2025-06-17 01:00:00,16700.38187074674,17447.189517086765,17141.848491720702
forecast_4010,2025-06-17 02:00:00,17047.564165447406,17521.2493593815,17340.23532604954
forecast_4011,2025-06-17 03:00:00,17840.753286929958,17707.390837851002,17465.147800593797
forecast_4012,2025-06-17 04:00:00,17840.753286929958,17746.167013792805,17465.147800593797
forecast_4013,2025-06-17 05:00:00,17038.343934390683,17707.390837851002,17182.63480410615
forecast_4014,2025-06-17 06:00:00,16407.54348804411,17406.570558247226,16820.93785039291
forecast_4015,2025-06-17 07:00:00,15925.426578758443,17208.773062017677,16483.840384439987
forecast_4016,2025-06-17 08:00:00,14025.59130080356,15533.089300054213,14376.478971727152
forecast_4017,2025-06-17 09:00:00,12638.475397718967,14836.632870347168,13227.429102317441
forecast_4018,2025-06-17 10:00:00,11706.912327415834,13658.859637386005,11893.344184477368
forecast_4019,2025-06-17 11:00:00,11345.776433241102,12961.107878491559,11159.93242170063
forecast_4020,2025-06-17 12:00:00,11222.32252516587,12422.027252514628,10538.18208980568
forecast_4021,2025-06-17 13:00:00,10937.503161455881,11955.611746459352,10261.120091432953
forecast_4022,2025-06-17 14:00:00,10148.187580150909,11347.39462137562,10068.283416180539
forecast_4023,2025-06-17 15:00:00,8394.775416351196,9968.018937098386,8602.492513142039
forecast_4024,2025-06-17 16:00:00,8354.003014453103,9318.360732431554,8478.801175194663
forecast_4025,2025-06-17 17:00:00,5627.412666478697,7869.844720207489,6228.312308382876
forecast_4026,2025-06-17 18:00:00,5360.321662669552,7869.844720207489,6142.390832908692
forecast_4027,2025-06-17 19:00:00,5360.321662669552,8316.89781598048,6034.985527640366
forecast_4028,2025-06-17 20:00:00,5448.163327205852,8338.289876185381,6034.985527640366
forecast_4029,2025-06-17 21:00:00,6242.072121831499,8868.610085397557,6807.24147927718
forecast_4030,2025-06-17 22:00:00,7039.206989469498,10115.484880921415,7370.918293480858
forecast_4031,2025-06-17 23:00:00,8400.231564310017,10948.56629123382,8396.328610937016
forecast_4032,2025-06-18 00:00:00,8777.94280203492,11059.014486865297,8547.297301916147
forecast_4033,2025-06-18 01:00:00,8200.88281432885,9830.945639294676,7127.6206334066555
forecast_4034,2025-06-18 02:00:00,8519.300967253715,9919.313705998811,7223.572012114213
forecast_4035,2025-06-18 03:00:00,9646.643435293849,10265.04807038227,7623.764437990249
forecast_4036,2025-06-18 04:00:00,9988.872561578544,10341.315121656771,8161.32853535058
forecast_4037,2025-06-18 05:00:00,9988.872561578544,10584.0331258142,8161.32853535058
forecast_4038,2025-06-18 06:00:00,8278.179632581721,10584.0331258142,7480.759426117391
forecast_4039,2025-06-18 07:00:00,7402.985227725716,9730.63595480535,6790.833774409106
forecast_4040,2025-06-18 08:00:00,5915.030980017894,8039.761085387464,5758.076126814885
forecast_4041,2025-06-18 09:00:00,4776.833092193019,6494.286499120448,4421.329592103912
forecast_4042,2025-06-18 10:00:00,4589.981023901037,5672.60030825557,3869.48105018477
forecast_4043,2025-06-18 11:00:00,4085.061716035216,4173.013376675977,3256.134609399165
forecast_4044,2025-06-18 12:00:00,3847.609476883838,3888.880116310518,3079.5968312058967
forecast_4045,2025-06-18 13:00:00,3821.386863143608,4092.206517589203,3216.384255755029
forecast_4046,2025-06-18 14:00:00,3821.386863143608,4092.206517589203,3216.384255755029
forecast_4047,2025-06-18 15:00:00,4440.609987616586,4117.9901459209195,3340.5890166834724
forecast_4048,2025-06-18 16:00:00,4440.609987616586,4133.498007565973,3343.4428159068666
forecast_4049,2025-06-18 17:00:00,4422.99325290368,4133.498007565973,3343.4428159068666
forecast_4050,2025-06-18 18:00:00,4422.99325290368,4218.615471529238,3533.4867643541284
forecast_4051,2025-06-18 19:00:00,4895.583797467058,5084.034166249919,4126.516364464881
forecast_4052,2025-06-18 20:00:00,6402.711189312513,8166.571335047916,6651.582674717047
forecast_4053,2025-06-18 21:00:00,8205.123512031516,9863.624819799585,7655.4565642748685
forecast_4054,2025-06-18 22:00:00,9398.418634473088,12075.618093149991,9028.548065543058
forecast_4055,2025-06-18 23:00:00,11972.199504188035,13660.996065351863,10774.725978994658
forecast_4056,2025-06-19 00:00:00,12340.592146876608,14083.205418733662,11116.835820114768
forecast_4057,2025-06-19 01:00:00,12577.075566280564,13317.879733502308,10586.466151999957
forecast_4058,2025-06-19 02:00:00,12758.415094760263,13038.447631790728,10356.68472713773
forecast_4059,2025-06-19 03:00:00,12758.415094760263,13038.447631790728,10232.895883751073
forecast_4060,2025-06-19 04:00:00,11559.349068576661,13038.447631790728,10118.534261913703
forecast_4061,2025-06-19 05:00:00,11418.486998361543,12659.896664564341,9123.824627871181
forecast_4062,2025-06-19 06:00:00,9496.724182024951,10495.478749693466,7908.983240997158
forecast_4063,2025-06-19 07:00:00,7730.229417000841,8046.144344784179,5549.390392768581
forecast_4064,2025-06-19 08:00:00,6136.69306877786,6400.317728105059,4310.574016245982
forecast_4065,2025-06-19 09:00:00,3861.554251767661,3628.11638291541,2811.539376773247
forecast_4066,2025-06-19 10:00:00,2946.3202940072033,2518.617649403884,2387.2088823345553
forecast_4067,2025-06-19 11:00:00,2687.261523589683,2490.865279367938,2299.694013051435
forecast_4068,2025-06-19 12:00:00,2480.7045705483124,2359.110394973988,2198.8334262477633
forecast_4069,2025-06-19 13:00:00,2413.695962649047,2305.5759281136916,2198.8334262477633
forecast_4070,2025-06-19 14:00:00,2480.7045705483124,2173.5445716281274,2198.8334262477633
forecast_4071,2025-06-19 15:00:00,2611.3480170783823,2173.5445716281274,2176.490308645666
forecast_4072,2025-06-19 16:00:00,2616.011693958141,2185.9036495213595,2176.490308645666
forecast_4073,2025-06-19 17:00:00,2616.011693958141,3006.319386719042,2285.330067071738
forecast_4074,2025-06-19 18:00:00,3356.8782000263045,4139.379302567836,2984.047853736757
forecast_4075,2025-06-19 19:00:00,4152.272654608684,4372.647406403597,3053.026145890314
forecast_4076,2025-06-19 20:00:00,4293.922060943704,4569.643855239092,3162.8218256875016
forecast_4077,2025-06-19 21:00:00,5139.395536115942,5293.944531500966,3826.4537634576845
forecast_4078,2025-06-19 22:00:00,7264.115343198331,8621.47158923895,6285.924558244637
forecast_4079,2025-06-19 23:00:00,7772.948354628134,10147.946227122877,7243.384413250706
forecast_4080,2025-06-20 00:00:00,7786.093435461086,10388.014182144523,7427.443855052601
forecast_4081,2025-06-20 01:00:00,9668.54933182143,11934.008684841177,8679.457819786963
forecast_4082,2025-06-20 02:00:00,10486.92285858246,12319.921960591071,8958.023998592394
forecast_4083,2025-06-20 03:00:00,10502.843744626298,12363.575237077095,9574.023995632022
forecast_4084,2025-06-20 04:00:00,11563.992502549434,12707.535264943483,10037.077553210725
forecast_4085,2025-06-20 05:00:00,11563.992502549434,12707.535264943483,10037.077553210725
forecast_4086,2025-06-20 06:00:00,10512.84764004523,11916.544324680952,9596.348092264485
forecast_4087,2025-06-20 07:00:00,9450.33455528756,11796.352345345995,9092.372748731796
forecast_4088,2025-06-20 08:00:00,7869.129777170161,11514.933026890518,8548.86527227029
forecast_4089,2025-06-20 09:00:00,7861.442904631044,11375.322131957246,8548.86527227029
forecast_4090,2025-06-20 10:00:00,7861.442904631044,11375.322131957246,9314.416961616058
forecast_4091,2025-06-20 11:00:00,9791.570274775304,13636.836566922873,11256.743041451731
forecast_4092,2025-06-20 12:00:00,11992.608421584695,15180.030636798385,13509.735313244364
forecast_4093,2025-06-20 13:00:00,13420.80168073324,15620.591691499547,15219.706104872552
forecast_4094,2025-06-20 14:00:00,14035.577196868153,15781.15241979178,15282.345609410417
forecast_4095,2025-06-20 15:00:00,15065.79546805247,16523.77943128216,16300.668078981005
forecast_4096,2025-06-20 16:00:00,17334.869019747952,17305.139967000243,17454.012622875467
forecast_4097,2025-06-20 17:00:00,18677.389851344116,17305.139967000243,18180.062847979385
forecast_4098,2025-06-20 18:00:00,18694.785282244135,17262.32174730659,18262.36128942846
forecast_4099,2025-06-20 19:00:00,18677.389851344116,17222.32559895527,18180.062847979385
forecast_4100,2025-06-20 20:00:00,18538.69705724237,16775.69322184329,18025.26443755542
forecast_4101,2025-06-20 21:00:00,18502.92442018924,16647.85838167902,17742.940276491427
forecast_4102,2025-06-20 22:00:00,18502.92442018924,16647.85838167902,17742.940276491427
forecast_4103,2025-06-20 23:00:00,18492.90265845124,17591.813507578154,18180.21982121186
forecast_4104,2025-06-21 00:00:00,18596.338022848813,17659.580326195144,18224.466497784648
forecast_4105,2025-06-21 01:00:00,17824.928331813364,17683.713600516065,18331.447806798224
forecast_4106,2025-06-21 02:00:00,17738.008319528428,17533.941175863903,18261.211262852215
forecast_4107,2025-06-21 03:00:00,17571.23953176606,17463.631063495337,17809.656260831107
forecast_4108,2025-06-21 04:00:00,15637.95638393084,17461.57986223667,17331.566284196975
forecast_4109,2025-06-21 05:00:00,15057.67567949155,16337.355034161694,16960.886695077585
forecast_4110,2025-06-21 06:00:00,14612.763960344515,15877.248341104594,16158.369712764266
forecast_4111,2025-06-21 07:00:00,14428.002989860914,15190.104081387757,14679.335271694952
forecast_4112,2025-06-21 08:00:00,13635.437912266148,14137.880982731082,13499.339328502188
forecast_4113,2025-06-21 09:00:00,13026.886526584001,13761.75001055086,12336.637489062261
forecast_4114,2025-06-21 10:00:00,10391.504900141881,11175.6919843841,9660.830876539283
forecast_4115,2025-06-21 11:00:00,7653.397417526704,9878.285809307603,8759.972792393073
forecast_4116,2025-06-21 12:00:00,7653.397417526704,9878.285809307603,8339.883543301567
forecast_4117,2025-06-21 13:00:00,7653.397417526704,9878.285809307603,8339.883543301567
forecast_4118,2025-06-21 14:00:00,8160.6523091011895,10119.808945813535,8339.883543301567
forecast_4119,2025-06-21 15:00:00,8430.289406071995,10119.808945813535,8347.735079782371
forecast_4120,2025-06-21 16:00:00,10239.255623333986,11064.669096260583,9560.084844455743
forecast_4121,2025-06-21 17:00:00,10239.255623333986,11064.669096260583,9560.084844455743
forecast_4122,2025-06-21 18:00:00,10239.255623333986,11064.669096260583,9560.084844455743
forecast_4123,2025-06-21 19:00:00,11211.289864037471,12173.389247790059,10179.70187547664
forecast_4124,2025-06-21 20:00:00,11211.289864037471,13254.13665785217,10786.158160114912
forecast_4125,2025-06-21 21:00:00,11211.289864037471,13594.26736404417,11102.678344917096
forecast_4126,2025-06-21 22:00:00,12797.65607268584,13594.26736404417,12675.988126605656
forecast_4127,2025-06-21 23:00:00,13131.073087489951,14555.57697700546,13151.184764056059
forecast_4128,2025-06-22 00:00:00,14164.660579583862,14421.144446035596,13634.906335332998
forecast_4129,2025-06-22 01:00:00,14250.053167237269,14648.98245106218,12700.526124875361
forecast_4130,2025-06-22 02:00:00,13642.243680992306,14527.012663482821,12628.223495841674
forecast_4131,2025-06-22 03:00:00,14008.069943069035,14101.56990760969,11268.718240382583
forecast_4132,2025-06-22 04:00:00,13112.33811871986,13564.420564415974,11198.497067327498
forecast_4133,2025-06-22 05:00:00,12345.944706603588,12024.492707133988,9453.567418541843
forecast_4134,2025-06-22 06:00:00,10860.892094886827,11243.248914626534,8694.42416018686
forecast_4135,2025-06-22 07:00:00,10206.361768695628,9848.805173626133,7705.635020303402
forecast_4136,2025-06-22 08:00:00,8169.391529218063,9219.334185678836,7087.798834146753
forecast_4137,2025-06-22 09:00:00,6058.005326130951,7583.620280796189,5508.533830395425
forecast_4138,2025-06-22 10:00:00,5259.503500010666,6048.47404937515,4348.017639207033
forecast_4139,2025-06-22 11:00:00,5259.503500010666,5606.080078250487,4142.089299951876
forecast_4140,2025-06-22 12:00:00,5436.5438355370725,5606.080078250487,4115.066941738923
forecast_4141,2025-06-22 13:00:00,5436.5438355370725,5606.080078250487,4029.2236599471653
forecast_4142,2025-06-22 14:00:00,4515.396542467893,3924.1792868638304,3239.4484151096995
forecast_4143,2025-06-22 15:00:00,4280.085012890071,3735.3763027637715,2989.8205827844017
forecast_4144,2025-06-22 16:00:00,4174.50977070259,3723.2835025297027,2989.8205827844017
forecast_4145,2025-06-22 17:00:00,4174.50977070259,3723.2835025297027,3189.6473781121413
forecast_4146,2025-06-22 18:00:00,4699.393038308566,4666.0778360790355,3566.885882854386
forecast_4147,2025-06-22 19:00:00,4717.380145317766,5267.892033271937,4114.286205016726
forecast_4148,2025-06-22 20:00:00,4890.478147311305,5612.46405058631,4114.286205016726
forecast_4149,2025-06-22 21:00:00,5368.4162907202635,6354.066347857574,4584.058865087216
forecast_4150,2025-06-22 22:00:00,7157.832942924145,7442.373366030962,5679.564528004466
forecast_4151,2025-06-22 23:00:00,7516.091774241389,7532.298923910367,6055.68766670994
forecast_4152,2025-06-23 00:00:00,7569.518524712404,7772.417564157626,6178.207415823934
forecast_4153,2025-06-23 01:00:00,6707.68228561333,5940.21899146871,4872.101846182986
forecast_4154,2025-06-23 02:00:00,6319.373071186092,5578.2704832945465,4619.957847319976
forecast_4155,2025-06-23 03:00:00,5984.3652820221505,5454.409731361384,4496.465329713929
forecast_4156,2025-06-23 04:00:00,5930.881683185513,5430.674980979432,4289.075494515142
forecast_4157,2025-06-23 05:00:00,5101.25849631759,4994.927013688494,3849.2358838129057
forecast_4158,2025-06-23 06:00:00,4124.081287958476,4336.550555716707,3425.565169205432
forecast_4159,2025-06-23 07:00:00,3224.3975615113077,3448.7119239761946,2638.066877370444
forecast_4160,2025-06-23 08:00:00,2594.1140689056892,3329.492760509424,2263.354393453722
forecast_4161,2025-06-23 09:00:00,2527.8920651027547,2720.0163652488295,2036.571856077719
forecast_4162,2025-06-23 10:00:00,2527.8920651027547,2599.4404432364513,2036.571856077719
forecast_4163,2025-06-23 11:00:00,2551.8805835573294,2587.1892076130957,2139.3965240358193
forecast_4164,2025-06-23 12:00:00,2651.545756914874,2505.5277909141278,2139.3965240358193
forecast_4165,2025-06-23 13:00:00,2719.533808141853,2438.903013940062,2172.3065534681464
forecast_4166,2025-06-23 14:00:00,2651.545756914874,2323.943758122151,2133.9273709681042
forecast_4167,2025-06-23 15:00:00,2637.0769657180927,2302.020859440543,2015.5320663786142
forecast_4168,2025-06-23 16:00:00,2472.810099191124,2302.020859440543,1937.7757735648736
forecast_4169,2025-06-23 17:00:00,2472.810099191124,2293.288883156738,1937.7757735648736
forecast_4170,2025-06-23 18:00:00,2514.0939092575127,2410.208683355443,2061.7489189371267
forecast_4171,2025-06-23 19:00:00,2676.4757473246536,2559.335271512497,2389.7041747836515
forecast_4172,2025-06-23 20:00:00,2827.909385387291,2783.997246553233,2572.335254264044
forecast_4173,2025-06-23 21:00:00,2877.1353464545273,2898.4254306927355,2610.7768945731987
forecast_4174,2025-06-23 22:00:00,3320.1053603655446,3242.357074948837,2958.0966395621026
forecast_4175,2025-06-23 23:00:00,3320.1053603655446,3242.357074948837,2958.0966395621026
forecast_4176,2025-06-24 00:00:00,3224.7734658512436,3113.9873524172435,2935.657472152908
forecast_4177,2025-06-24 01:00:00,2865.273676842253,3157.0061651692863,2346.1123865651475
forecast_4178,2025-06-24 02:00:00,2829.003639812715,3039.0395618446873,2336.035638831043
forecast_4179,2025-06-24 03:00:00,2644.0822827285565,3069.5394590794303,2356.189134299252
forecast_4180,2025-06-24 04:00:00,2644.0822827285565,3069.5394590794303,2461.4085729731682
forecast_4181,2025-06-24 05:00:00,2816.495656797443,3111.798503133577,2461.4085729731682
forecast_4182,2025-06-24 06:00:00,2886.4631587484264,3285.1773704660627,2429.564904649659
forecast_4183,2025-06-24 07:00:00,2930.9530125789397,3285.1773704660627,2361.83982794456
forecast_4184,2025-06-24 08:00:00,2934.986334367549,3299.0158869070074,2429.564904649659
forecast_4185,2025-06-24 09:00:00,2952.6892172620337,3267.428930081829,2340.5648556440756
forecast_4186,2025-06-24 10:00:00,2952.6892172620337,3131.2045959800107,2340.5648556440756
forecast_4187,2025-06-24 11:00:00,2998.3380108965875,3071.211649795893,2340.5648556440756
forecast_4188,2025-06-24 12:00:00,2828.4169131926255,3071.211649795893,2362.372491934918
forecast_4189,2025-06-24 13:00:00,2828.4169131926255,3118.1619832767674,2362.372491934918
forecast_4190,2025-06-24 14:00:00,2739.099968060771,3118.1619832767674,2137.4968271517373
forecast_4191,2025-06-24 15:00:00,2739.099968060771,2941.2922784437915,2099.9257205617578
forecast_4192,2025-06-24 16:00:00,2770.9189993410628,2941.2922784437915,2099.9257205617578
forecast_4193,2025-06-24 17:00:00,2914.1889439455363,3188.0357218584804,2164.3517902949206
forecast_4194,2025-06-24 18:00:00,3045.1704611483765,3519.487603178402,2323.2843141626104
forecast_4195,2025-06-24 19:00:00,3668.766888412284,4550.205404146122,2725.669742415407
forecast_4196,2025-06-24 20:00:00,4287.89903918182,5523.003662511073,3641.328541831179
forecast_4197,2025-06-24 21:00:00,4962.200543872886,7317.926240350822,4873.795806081171
forecast_4198,2025-06-24 22:00:00,5397.298801497466,7827.6873056300265,5703.9854505422245
forecast_4199,2025-06-24 23:00:00,5814.09128975272,8221.31145190667,6182.56299072269
forecast_4200,2025-06-25 00:00:00,5821.159965769842,8230.279878541125,6198.136914198065
forecast_4201,2025-06-25 01:00:00,4410.624237803555,5954.605134366891,3797.7703094454614
forecast_4202,2025-06-25 02:00:00,4437.68101256886,5565.699697020557,3620.5852249231884
forecast_4203,2025-06-25 03:00:00,4444.683533412378,4846.007236163683,3551.5005953433038
forecast_4204,2025-06-25 04:00:00,4446.843939846884,4499.12763945237,3246.7243978770475
forecast_4205,2025-06-25 05:00:00,4446.843939846884,4212.478811668214,3246.7243978770475
forecast_4206,2025-06-25 06:00:00,4090.9843223182947,3811.1869380381795,2704.1526189179704
forecast_4207,2025-06-25 07:00:00,3636.5152298659305,3621.3518306270544,2414.652958036167
forecast_4208,2025-06-25 08:00:00,3475.8302696857263,3587.7161592634716,2322.7763696629527
forecast_4209,2025-06-25 09:00:00,3405.4823376140303,3295.105698647166,2386.670451551995
forecast_4210,2025-06-25 10:00:00,3155.758219292403,3295.105698647166,2314.975662999045
forecast_4211,2025-06-25 11:00:00,2988.6246142816453,3302.2307734303376,2386.670451551995
forecast_4212,2025-06-25 12:00:00,2896.4706483077016,3343.3927341744993,2214.9209242167635
forecast_4213,2025-06-25 13:00:00,2860.8896308169014,3343.3927341744993,2214.9209242167635
forecast_4214,2025-06-25 14:00:00,2732.8268142118595,2932.359446046364,2214.9209242167635
forecast_4215,2025-06-25 15:00:00,2675.232462051934,2932.359446046364,2164.2058558781855
forecast_4216,2025-06-25 16:00:00,2732.8268142118595,2941.4312604687384,2215.8165199489513
forecast_4217,2025-06-25 17:00:00,2797.7704483971256,3190.3474210201894,2344.613885608026
forecast_4218,2025-06-25 18:00:00,3057.509350277179,3266.973587564761,2359.2402468656455
forecast_4219,2025-06-25 19:00:00,3541.9446620987483,3971.84694641901,2501.7356941242774
forecast_4220,2025-06-25 20:00:00,4146.162757317844,4674.8974075187225,3598.874111788761
forecast_4221,2025-06-25 21:00:00,4537.062391740361,5574.554339812841,4065.591896697094
forecast_4222,2025-06-25 22:00:00,5510.447191329911,7389.260122768467,5725.503930341324
forecast_4223,2025-06-25 23:00:00,5897.22058231266,8025.840415475355,6019.149416868126
forecast_4224,2025-06-26 00:00:00,6003.832231991706,8119.089643763945,6228.817788185848
forecast_4225,2025-06-26 01:00:00,10081.933019383116,12061.599467604106,9853.066303298801
forecast_4226,2025-06-26 02:00:00,10844.165061187308,12286.123962743346,10125.78266130686
forecast_4227,2025-06-26 03:00:00,11605.036755412546,12773.578656262696,10275.401721549846
forecast_4228,2025-06-26 04:00:00,11821.292713884857,12897.43278319071,10757.674223278547
forecast_4229,2025-06-26 05:00:00,11605.036755412546,12773.578656262696,10275.401721549846
forecast_4230,2025-06-26 06:00:00,10942.058549175827,11693.961051044162,9658.327132895487
forecast_4231,2025-06-26 07:00:00,9148.774759163496,10513.906642105308,8004.3768910113795
forecast_4232,2025-06-26 08:00:00,9148.774759163496,10513.906642105308,8004.3768910113795
forecast_4233,2025-06-26 09:00:00,8731.34207354466,10513.906642105308,7761.890840898809
forecast_4234,2025-06-26 10:00:00,5479.375870441924,8115.5951116148735,6174.105871708163
forecast_4235,2025-06-26 11:00:00,5385.941207716321,8115.5951116148735,5640.5499945746615
forecast_4236,2025-06-26 12:00:00,5276.6917261691915,7835.319795344721,5393.009403137981
forecast_4237,2025-06-26 13:00:00,5095.462207052062,7342.625035375167,5227.0794594233985
forecast_4238,2025-06-26 14:00:00,5095.462207052062,6145.874189616839,4822.98964010006
forecast_4239,2025-06-26 15:00:00,5125.421299668711,6119.169549839875,4684.282153845428
forecast_4240,2025-06-26 16:00:00,5145.92465355651,5901.031961501074,4565.572578221807
forecast_4241,2025-06-26 17:00:00,5145.92465355651,5717.655537454566,4544.913023425477
forecast_4242,2025-06-26 18:00:00,4895.096472773486,5717.655537454566,4480.915664937371
forecast_4243,2025-06-26 19:00:00,4895.096472773486,5721.63661358865,4480.915664937371
forecast_4244,2025-06-26 20:00:00,5114.036529428051,5784.634478164171,4656.297377770779
forecast_4245,2025-06-26 21:00:00,5578.514798022277,6058.747757128914,4845.003950867271
forecast_4246,2025-06-26 22:00:00,6899.744552320429,7259.579284176993,5915.7430370628335
forecast_4247,2025-06-26 23:00:00,7043.876821348126,7352.943179685031,5915.7430370628335
forecast_4248,2025-06-27 00:00:00,7080.202266294115,7545.555296297092,5987.73650436626
forecast_4249,2025-06-27 01:00:00,4583.738397386012,5519.71548542876,3922.619380421911
forecast_4250,2025-06-27 02:00:00,4761.306250114066,5521.367810914176,3965.843727557825
forecast_4251,2025-06-27 03:00:00,5616.256330384825,6378.24318518439,5041.35137373149
forecast_4252,2025-06-27 04:00:00,5616.256330384825,6378.24318518439,5041.35137373149
forecast_4253,2025-06-27 05:00:00,5223.944663250708,5860.61078446487,4406.975782131807
forecast_4254,2025-06-27 06:00:00,4428.735269197426,4905.6183968097575,3671.9587557632776
forecast_4255,2025-06-27 07:00:00,3948.2297563285765,4412.885887605171,3332.531546307118
forecast_4256,2025-06-27 08:00:00,3755.607380922901,3882.361017967318,3083.5076337790842
forecast_4257,2025-06-27 09:00:00,3433.9166220053803,3389.392879685844,2898.4446239638105
forecast_4258,2025-06-27 10:00:00,3041.5555767243513,3043.8261555096224,2539.3520699056007
forecast_4259,2025-06-27 11:00:00,2835.198311727915,2923.294158311979,2427.8229922007804
forecast_4260,2025-06-27 12:00:00,2835.198311727915,2923.294158311979,2427.8229922007804
forecast_4261,2025-06-27 13:00:00,3228.7087728419065,3147.5863343926894,2510.456971211403
forecast_4262,2025-06-27 14:00:00,3230.1550914920317,3147.5863343926894,2510.456971211403
forecast_4263,2025-06-27 15:00:00,3236.0390126320162,2994.9614921715747,2340.0983521575536
forecast_4264,2025-06-27 16:00:00,3230.1550914920317,2994.9614921715747,2340.0983521575536
forecast_4265,2025-06-27 17:00:00,3108.333534199667,3133.9915676638375,2416.646205212879
forecast_4266,2025-06-27 18:00:00,3108.333534199667,3206.6460658564597,2680.8805663650805
forecast_4267,2025-06-27 19:00:00,3332.8580456963127,3730.0830686198647,3007.00042287779
forecast_4268,2025-06-27 20:00:00,4156.41408086288,4369.012280271758,3748.730814854962
forecast_4269,2025-06-27 21:00:00,4850.90276894199,5926.398742054963,4339.418698991479
forecast_4270,2025-06-27 22:00:00,5275.0812409641785,6710.2936542154985,4677.772307473904
forecast_4271,2025-06-27 23:00:00,5275.0812409641785,6862.623463614695,4677.772307473904
forecast_4272,2025-06-28 00:00:00,5366.778818518018,7079.740944515774,4610.891923704487
forecast_4273,2025-06-28 01:00:00,8437.67154560845,8923.214927884157,6466.283407305136
forecast_4274,2025-06-28 02:00:00,8915.05974829546,9356.894760195526,6849.633481204046
forecast_4275,2025-06-28 03:00:00,9252.459229288106,11002.670654555783,7776.91618015135
forecast_4276,2025-06-28 04:00:00,9778.872270812242,11799.819410788248,7971.295722833372
forecast_4277,2025-06-28 05:00:00,9778.872270812242,11799.819410788248,7971.295722833372
forecast_4278,2025-06-28 06:00:00,9367.183548463918,11177.360947692883,7559.714949357841
forecast_4279,2025-06-28 07:00:00,8690.890403545804,10629.867854497123,7513.035237021267
forecast_4280,2025-06-28 08:00:00,6102.0202568430595,8038.078026123955,5840.925960812797
forecast_4281,2025-06-28 09:00:00,5247.726019975637,7326.9054333611,4939.395611213133
forecast_4282,2025-06-28 10:00:00,4433.717579511917,5197.783580708644,3415.574698020251
forecast_4283,2025-06-28 11:00:00,3648.7019210546914,3720.147364815339,2491.5202478060737
forecast_4284,2025-06-28 12:00:00,3372.2078587877977,3213.520756962769,2403.7638986154993
forecast_4285,2025-06-28 13:00:00,3291.637418709385,3100.8838197242203,2257.857704046775
forecast_4286,2025-06-28 14:00:00,3203.3305883082385,3100.8838197242203,2403.7638986154993
forecast_4287,2025-06-28 15:00:00,3203.3305883082385,3160.931002795196,2633.9392210838514
forecast_4288,2025-06-28 16:00:00,3522.7133373475945,3730.386044168731,2837.135549739943
forecast_4289,2025-06-28 17:00:00,3522.7133373475945,3730.386044168731,2837.135549739943
forecast_4290,2025-06-28 18:00:00,3522.7133373475945,3730.386044168731,2837.135549739943
forecast_4291,2025-06-28 19:00:00,3604.939202250731,4239.356883311726,3095.6768212066327
forecast_4292,2025-06-28 20:00:00,4833.890070831914,6584.3854228993405,4996.591788935535
forecast_4293,2025-06-28 21:00:00,5379.2208889508265,8242.112456813062,6442.323855042287
forecast_4294,2025-06-28 22:00:00,7110.594197845258,10195.202678854026,7594.805765989422
forecast_4295,2025-06-28 23:00:00,7604.264486078383,10270.322872693821,8044.496435625066
forecast_4296,2025-06-29 00:00:00,7649.868547465714,10250.147778636518,8125.493476280987
forecast_4297,2025-06-29 01:00:00,9732.708026631679,11098.153920682898,8480.54472602795
forecast_4298,2025-06-29 02:00:00,10282.796474298017,11523.951258506644,9109.105585707155
forecast_4299,2025-06-29 03:00:00,10462.899690315646,11923.754057151466,9525.291432552265
forecast_4300,2025-06-29 04:00:00,12716.259659060397,12489.555146835672,10324.557818852914
forecast_4301,2025-06-29 05:00:00,12770.914610071042,12493.100815688567,10542.043737907403
forecast_4302,2025-06-29 06:00:00,12770.914610071042,12493.100815688567,10542.043737907403
forecast_4303,2025-06-29 07:00:00,11421.068023891654,11781.856717760396,9837.898628080302
forecast_4304,2025-06-29 08:00:00,10080.16381125081,11327.317767852666,9094.967186523252
forecast_4305,2025-06-29 09:00:00,7820.915759870412,8733.433102447945,7006.489018686543
forecast_4306,2025-06-29 10:00:00,4944.676485169361,5150.767185468656,4093.472006730485
forecast_4307,2025-06-29 11:00:00,4309.056498801778,4097.425928892805,3462.899967981426
forecast_4308,2025-06-29 12:00:00,4113.936144214206,4013.767233490521,3363.2375259308274
forecast_4309,2025-06-29 13:00:00,3750.7515094288556,3799.405587627655,3329.991920499605
forecast_4310,2025-06-29 14:00:00,3496.1875275462226,3608.234056794612,2706.06542467696
forecast_4311,2025-06-29 15:00:00,3496.1875275462226,3608.234056794612,2706.06542467696
forecast_4312,2025-06-29 16:00:00,3647.983405403831,3638.0193786882346,2897.3729623383624
forecast_4313,2025-06-29 17:00:00,3997.5255169205047,3638.0193786882346,3075.747808334994
forecast_4314,2025-06-29 18:00:00,4253.2823443548405,3842.888954977663,3089.1476262356177
forecast_4315,2025-06-29 19:00:00,5162.267639757005,4593.081756591568,4282.403533257149
forecast_4316,2025-06-29 20:00:00,5498.741864861726,5296.616855308328,4738.644059707602
forecast_4317,2025-06-29 21:00:00,6328.859144211492,7622.29392434278,5555.051816624319
forecast_4318,2025-06-29 22:00:00,10687.883190169418,12012.40310770832,9398.852121017233
forecast_4319,2025-06-29 23:00:00,13042.351320196709,12900.098553914602,11211.273729069126
forecast_4320,2025-06-30 00:00:00,13124.682755403715,13084.709163455975,11319.478728288668
forecast_4321,2025-06-30 01:00:00,9005.720953207458,10286.796966993594,8181.198560896912
forecast_4322,2025-06-30 02:00:00,9047.628026118176,10353.041681733514,8214.554667858454
forecast_4323,2025-06-30 03:00:00,9776.915659683134,11040.216889297351,8844.832067143654
forecast_4324,2025-06-30 04:00:00,10316.96020866488,11249.634127209196,8844.832067143654
forecast_4325,2025-06-30 05:00:00,11123.88030494535,11465.614551244948,8884.9126405392
forecast_4326,2025-06-30 06:00:00,11123.88030494535,11465.614551244948,8574.526700496193
forecast_4327,2025-06-30 07:00:00,10597.688759098946,10405.70024121985,8442.262417121972
forecast_4328,2025-06-30 08:00:00,7824.067365653697,8930.87010560754,7289.250149864387
forecast_4329,2025-06-30 09:00:00,6442.821899131057,7244.584353100533,5686.909462199141
forecast_4330,2025-06-30 10:00:00,4590.406816812515,4628.180959484684,3566.7986861553586
forecast_4331,2025-06-30 11:00:00,3968.3122695062802,3893.4227076830575,3046.0763830287324
forecast_4332,2025-06-30 12:00:00,3968.3122695062802,3893.4227076830575,3046.0763830287324
forecast_4333,2025-06-30 13:00:00,4355.076651258233,4701.601913036223,4055.213386821767
forecast_4334,2025-06-30 14:00:00,4675.644359865687,5984.06087162121,4672.99251340402
forecast_4335,2025-06-30 15:00:00,5218.4890585386065,5984.06087162121,4807.919788074561
forecast_4336,2025-06-30 16:00:00,5341.516105199521,6282.335526108711,4941.4494365737
forecast_4337,2025-06-30 17:00:00,6087.672598477588,6948.412047059723,5872.704407518967
forecast_4338,2025-06-30 18:00:00,7563.508904639773,7012.185698240697,6076.258831410185
forecast_4339,2025-06-30 19:00:00,9256.858244951065,9269.751000921446,7392.010161743836
forecast_4340,2025-06-30 20:00:00,9666.982131131967,10465.253399018326,8219.535067521669
forecast_4341,2025-06-30 21:00:00,10175.240194206834,11410.10740739752,9137.622217334701
forecast_4342,2025-06-30 22:00:00,13514.447404195398,14015.864030279286,11915.740235231897
forecast_4343,2025-06-30 23:00:00,13730.07544126408,14387.989203107481,12485.425149231585
forecast_4344,2025-07-01 00:00:00,13946.291280342333,14443.854873587741,12733.988828043188
forecast_4345,2025-07-01 01:00:00,10400.06478467487,11291.332755302545,9034.657849055333
forecast_4346,2025-07-01 02:00:00,10317.741751887772,11362.508429521751,8899.560315374927
forecast_4347,2025-07-01 03:00:00,10257.510561054509,11362.508429521751,8844.26472023783
forecast_4348,2025-07-01 04:00:00,10257.510561054509,11362.508429521751,8844.26472023783
forecast_4349,2025-07-01 05:00:00,12521.945992303336,12289.756139054023,9874.625400019051
forecast_4350,2025-07-01 06:00:00,12521.945992303336,12289.756139054023,9874.625400019051
forecast_4351,2025-07-01 07:00:00,10862.630132102438,11048.764117628081,9195.273260071717
forecast_4352,2025-07-01 08:00:00,8348.625573402873,9027.944794517261,7074.854636988316
forecast_4353,2025-07-01 09:00:00,7905.975057070985,8340.251677707982,6235.15966379213
forecast_4354,2025-07-01 10:00:00,6756.0474992495365,6287.080392135227,5290.643095706595
forecast_4355,2025-07-01 11:00:00,6239.972740933588,6121.73418417756,5262.925258315776
forecast_4356,2025-07-01 12:00:00,5767.500010077205,5594.114994951823,4797.136050667808
forecast_4357,2025-07-01 13:00:00,5665.055143863962,5107.736787712019,4473.350281742445
forecast_4358,2025-07-01 14:00:00,4947.244356505861,4663.80707566272,4311.057739260716
forecast_4359,2025-07-01 15:00:00,4947.244356505861,4663.80707566272,4311.057739260716
forecast_4360,2025-07-01 16:00:00,4920.444324668929,4779.771133412343,4254.701467223091
forecast_4361,2025-07-01 17:00:00,5123.468668555212,5035.688377740269,4352.872943837375
forecast_4362,2025-07-01 18:00:00,5247.952543839398,5524.805764640962,4410.85216855822
forecast_4363,2025-07-01 19:00:00,5528.872934760124,6752.175777092458,5535.414120705108
forecast_4364,2025-07-01 20:00:00,6640.55055281473,8412.566157848338,6676.8605898052265
forecast_4365,2025-07-01 21:00:00,8590.70347240797,9932.083301405528,8479.688888648003
forecast_4366,2025-07-01 22:00:00,11388.317396159197,12245.218307856294,10278.56461061923
forecast_4367,2025-07-01 23:00:00,12792.77050323654,12803.82169577912,11314.246557849672
forecast_4368,2025-07-02 00:00:00,13726.958942194558,13864.836909642894,12722.35780419291
forecast_4369,2025-07-02 01:00:00,15226.890214512758,14594.684403080435,14210.078732147676
forecast_4370,2025-07-02 02:00:00,15884.405126123223,15133.771142329666,14820.4557528172
forecast_4371,2025-07-02 03:00:00,16306.673512019024,16123.684359811015,15001.362828965253
forecast_4372,2025-07-02 04:00:00,16664.28681939958,16502.814891250433,15400.393553527754
forecast_4373,2025-07-02 05:00:00,16664.28681939958,16502.814891250433,15400.393553527754
forecast_4374,2025-07-02 06:00:00,15140.021781524341,15735.60414274341,14378.542578964363
forecast_4375,2025-07-02 07:00:00,15129.274727454971,15729.326990465317,13605.143380479865
forecast_4376,2025-07-02 08:00:00,12749.130962657297,13736.904327623011,11924.845509407314
forecast_4377,2025-07-02 09:00:00,11893.012527530182,12618.74059043797,10954.04608490509
forecast_4378,2025-07-02 10:00:00,9598.191123876666,9950.890978651818,8168.423326240302
forecast_4379,2025-07-02 11:00:00,7654.8301318077965,7512.949321003243,6097.343810774537
forecast_4380,2025-07-02 12:00:00,6794.852050454661,7136.720284287944,5773.711270287595
forecast_4381,2025-07-02 13:00:00,5631.259354010008,5739.68530230599,5110.281429738797
forecast_4382,2025-07-02 14:00:00,5174.385046740812,5270.690188668289,4471.9603192117465
forecast_4383,2025-07-02 15:00:00,5154.5411608291015,4851.528937332391,4436.484609608866
forecast_4384,2025-07-02 16:00:00,4978.121804914835,4560.204528962169,3891.57343338804
forecast_4385,2025-07-02 17:00:00,4527.09429399517,4224.590199030123,3290.2424919633154
forecast_4386,2025-07-02 18:00:00,4718.238719575283,4560.204528962169,3818.3434345910655
forecast_4387,2025-07-02 19:00:00,4718.238719575283,5339.37108232647,3818.3434345910655
forecast_4388,2025-07-02 20:00:00,5618.63180044818,7375.030019640555,5234.232614894499
forecast_4389,2025-07-02 21:00:00,6434.837096817804,8479.459609013302,6295.467994710313
forecast_4390,2025-07-02 22:00:00,8034.7982460638095,11186.121962350666,7837.378438745547
forecast_4391,2025-07-02 23:00:00,8893.476803800524,11351.676966165596,8397.945171175154
forecast_4392,2025-07-03 00:00:00,9241.773185290625,11807.847066808896,8586.570066942622
forecast_4393,2025-07-03 01:00:00,12099.456293320576,12864.639154594426,9963.38606762893
forecast_4394,2025-07-03 02:00:00,12597.34606878408,12942.407563890905,10398.798322734345
forecast_4395,2025-07-03 03:00:00,12730.587508582072,13058.926715094858,10493.378347652946
forecast_4396,2025-07-03 04:00:00,13541.90326678132,13139.910465463665,11239.706560781435
forecast_4397,2025-07-03 05:00:00,14145.528254970492,14448.370205719591,12483.014144082623
forecast_4398,2025-07-03 06:00:00,14145.528254970492,14627.688597382423,13022.757145026197
forecast_4399,2025-07-03 07:00:00,13704.12328299404,14627.688597382423,13022.757145026197
forecast_4400,2025-07-03 08:00:00,13149.743373787085,13836.326348819583,12566.003613006396
forecast_4401,2025-07-03 09:00:00,13057.076045293446,13834.669401794796,12431.082201949699
forecast_4402,2025-07-03 10:00:00,11989.033239458788,12680.885951083412,11154.196955058203
forecast_4403,2025-07-03 11:00:00,9617.647160605768,10448.931137120951,9225.015061065353
forecast_4404,2025-07-03 12:00:00,8530.868694969991,9389.709223666221,8268.2702955567
forecast_4405,2025-07-03 13:00:00,8389.652175578154,8605.923070215393,7457.673662490729
forecast_4406,2025-07-03 14:00:00,8389.652175578154,8449.651671851909,7417.228712858445
forecast_4407,2025-07-03 15:00:00,8402.723507242585,8262.474608578808,7457.673662490729
forecast_4408,2025-07-03 16:00:00,8402.723507242585,8215.57488640562,7357.790490737858
forecast_4409,2025-07-03 17:00:00,7133.599484472478,7472.671631816979,7097.763453882302
forecast_4410,2025-07-03 18:00:00,7133.599484472478,7472.671631816979,7097.763453882302
forecast_4411,2025-07-03 19:00:00,9965.694381794228,9430.084756483175,8250.829199548889
forecast_4412,2025-07-03 20:00:00,11306.182094907037,11580.977065957484,10134.945339749065
forecast_4413,2025-07-03 21:00:00,12479.788043312179,13254.48419659003,11763.355179761633
forecast_4414,2025-07-03 22:00:00,14294.690311884442,14048.86896702259,13538.252764014891
forecast_4415,2025-07-03 23:00:00,14485.633525231538,14605.857954909094,13936.959671550094
forecast_4416,2025-07-04 00:00:00,14390.16191855799,14487.149536806744,14078.127584218517
forecast_4417,2025-07-04 01:00:00,14980.163325932672,15410.859740065045,14730.933056880851
forecast_4418,2025-07-04 02:00:00,15130.578780738686,15417.35799560569,14882.560031829296
forecast_4419,2025-07-04 03:00:00,15527.543294584528,15819.734218973128,15625.582254896724
forecast_4420,2025-07-04 04:00:00,15708.132101014507,16280.774400014976,16505.742993096854
forecast_4421,2025-07-04 05:00:00,16971.169856017314,16759.835379520206,17292.198055363922
forecast_4422,2025-07-04 06:00:00,17468.23374187732,17132.633508349667,17884.491840456725
forecast_4423,2025-07-04 07:00:00,17566.644417056395,17132.633508349667,17884.491840456725
forecast_4424,2025-07-04 08:00:00,17468.23374187732,17009.897718266016,17698.783522135767
forecast_4425,2025-07-04 09:00:00,16802.963187717014,16674.15447466552,17175.81454580742
forecast_4426,2025-07-04 10:00:00,15126.331264446873,15397.828412768436,15930.386234404396
forecast_4427,2025-07-04 11:00:00,14714.10377533641,14925.90500255221,15763.33113694315
forecast_4428,2025-07-04 12:00:00,14616.33933051378,14803.0768574803,15248.601946544517
forecast_4429,2025-07-04 13:00:00,13841.274440477682,13635.985679156141,13689.136767434935
forecast_4430,2025-07-04 14:00:00,13841.274440477682,13635.985679156141,13689.136767434935
forecast_4431,2025-07-04 15:00:00,13853.60765893343,15099.137007792866,14814.339982790643
forecast_4432,2025-07-04 16:00:00,14031.958754023522,15163.124092933418,15076.144381841676
forecast_4433,2025-07-04 17:00:00,14416.273652264015,15234.249373390126,15405.26090417663
forecast_4434,2025-07-04 18:00:00,14436.201956958237,15680.989666186602,15711.858051492805
forecast_4435,2025-07-04 19:00:00,14658.25512584182,15680.989666186602,16011.404440636463
forecast_4436,2025-07-04 20:00:00,16034.549005112598,16020.395058621254,16593.494933051115
forecast_4437,2025-07-04 21:00:00,16137.415685629107,16256.115136413688,16665.973503213354
forecast_4438,2025-07-04 22:00:00,16450.075302138528,16605.295950201813,16890.315999709368
forecast_4439,2025-07-04 23:00:00,17330.063837839916,17303.784814359937,17741.159383185317
forecast_4440,2025-07-05 00:00:00,17459.451667322664,17375.355699970605,17812.632510410578
forecast_4441,2025-07-05 01:00:00,14983.16397212199,15636.990989084235,15907.839055101973
forecast_4442,2025-07-05 02:00:00,14887.476799806534,15640.619482709195,15965.856563402736
forecast_4443,2025-07-05 03:00:00,14887.476799806534,15633.362495459278,15717.00040464747
forecast_4444,2025-07-05 04:00:00,15018.540705464498,15603.657144725898,15396.293540689785
forecast_4445,2025-07-05 05:00:00,15153.180724660971,15251.924891733826,15100.48277065065
forecast_4446,2025-07-05 06:00:00,15153.180724660971,15480.509205665521,15084.820998877545
forecast_4447,2025-07-05 07:00:00,14571.13433549085,15129.95950520413,14674.433297122134
forecast_4448,2025-07-05 08:00:00,13295.820865808693,14866.943168108612,13728.342515061238
forecast_4449,2025-07-05 09:00:00,12572.365338806725,13956.223907134749,12493.063278386096
forecast_4450,2025-07-05 10:00:00,11444.438895831277,13050.256381965137,11732.634729033725
forecast_4451,2025-07-05 11:00:00,10162.267403159347,11300.293109410086,10440.409660734083
forecast_4452,2025-07-05 12:00:00,10162.267403159347,10065.804566129602,9656.110445607697
forecast_4453,2025-07-05 13:00:00,10676.23597080084,10065.804566129602,9656.110445607697
forecast_4454,2025-07-05 14:00:00,12295.17390861275,11218.549893266678,10656.97193063996
forecast_4455,2025-07-05 15:00:00,12295.17390861275,11218.549893266678,10656.97193063996
forecast_4456,2025-07-05 16:00:00,11764.14682262157,10587.542820006696,10510.401353838186
forecast_4457,2025-07-05 17:00:00,11116.00638979967,10587.542820006696,10510.401353838186
forecast_4458,2025-07-05 18:00:00,11116.00638979967,11237.816256611213,11684.675734532291
forecast_4459,2025-07-05 19:00:00,13807.894564231965,13404.162913786298,13411.752264267612
forecast_4460,2025-07-05 20:00:00,15107.626221324961,14562.622685376946,15015.548015932789
forecast_4461,2025-07-05 21:00:00,15748.253834573916,15838.720667975818,15655.521516689278
forecast_4462,2025-07-05 22:00:00,15748.253834573916,15838.720667975818,15655.521516689278
forecast_4463,2025-07-05 23:00:00,15642.602700188407,16017.195373287524,15987.371328108251
forecast_4464,2025-07-06 00:00:00,15461.603185970906,15738.139263185343,15901.150892050151
forecast_4465,2025-07-06 01:00:00,18210.033559612093,17174.896716755087,17356.444124545927
forecast_4466,2025-07-06 02:00:00,18375.53844839488,17294.986843242747,17505.127787294805
forecast_4467,2025-07-06 03:00:00,18548.74142961209,17366.30883728971,17751.415212063934
forecast_4468,2025-07-06 04:00:00,18548.74142961209,17485.82394340672,17948.315328424775
forecast_4469,2025-07-06 05:00:00,18334.205746587184,17485.82394340672,17948.315328424775
forecast_4470,2025-07-06 06:00:00,17027.339019021838,17208.977453057065,17293.99816822097
forecast_4471,2025-07-06 07:00:00,15867.184901958386,16480.989470125496,16600.724162891755
forecast_4472,2025-07-06 08:00:00,15155.568934123772,15956.08902654887,15481.456843494036
forecast_4473,2025-07-06 09:00:00,13697.539189446186,14700.179129686156,13274.336934848474
forecast_4474,2025-07-06 10:00:00,12506.896275723177,12718.089074815489,11512.578006476204
forecast_4475,2025-07-06 11:00:00,10020.909890427627,10378.454670383153,9308.202181550558
forecast_4476,2025-07-06 12:00:00,7966.186658001579,7249.6967906146365,6331.180845310641
forecast_4477,2025-07-06 13:00:00,5518.776346378375,5404.738198758148,4230.906691736373
forecast_4478,2025-07-06 14:00:00,4680.594838495703,4689.176740163368,3432.8099709773737
forecast_4479,2025-07-06 15:00:00,4016.578620410374,3980.6835708313947,3145.98150095593
forecast_4480,2025-07-06 16:00:00,3931.1867146379236,3877.794848693147,2940.524529351963
forecast_4481,2025-07-06 17:00:00,3931.1867146379236,3877.794848693147,2940.524529351963
forecast_4482,2025-07-06 18:00:00,4291.711982113401,4380.949559198936,3313.5533689949534
forecast_4483,2025-07-06 19:00:00,5459.147831978933,5354.13290835603,4285.259193140424
forecast_4484,2025-07-06 20:00:00,7517.892143035039,7669.911024722637,6241.843206283891
forecast_4485,2025-07-06 21:00:00,9384.696284408506,8896.8019768712,7243.134591913278
forecast_4486,2025-07-06 22:00:00,11037.167559018011,11230.381753700893,8901.411748453938
forecast_4487,2025-07-06 23:00:00,11565.287404328414,11329.279524113594,9501.549844297462
forecast_4488,2025-07-07 00:00:00,11903.336201412389,11821.679155526916,9865.002637307956
forecast_4489,2025-07-07 01:00:00,10292.320743544957,10430.989152484297,7813.639857686526
forecast_4490,2025-07-07 02:00:00,10254.787134026676,10264.797090559528,7774.671294012898
forecast_4491,2025-07-07 03:00:00,9926.70889597318,10264.797090559528,7493.404248347995
forecast_4492,2025-07-07 04:00:00,6915.456771942607,7412.005361694322,5032.615751957208
forecast_4493,2025-07-07 05:00:00,4903.3106600126475,5445.082231087869,3709.6297748062198
forecast_4494,2025-07-07 06:00:00,4258.981922787152,4186.167776426058,3483.716470012749
forecast_4495,2025-07-07 07:00:00,3748.3075022121657,3408.5504726801832,2952.0595315015025
forecast_4496,2025-07-07 08:00:00,3442.931337766011,3233.4733860389933,2746.5297304712967
forecast_4497,2025-07-07 09:00:00,3047.869730855695,3109.3374496908964,2602.028784859439
forecast_4498,2025-07-07 10:00:00,2650.7069816823205,2813.4837052492003,2262.3531824231354
forecast_4499,2025-07-07 11:00:00,2650.7069816823205,2787.0754642577704,2262.3531824231354
forecast_4500,2025-07-07 12:00:00,2654.747706877388,2698.811260247898,2275.381160705255
forecast_4501,2025-07-07 13:00:00,2654.747706877388,2676.3204681768975,2275.381160705255
forecast_4502,2025-07-07 14:00:00,2654.747706877388,2676.3204681768975,2244.0991288511823
forecast_4503,2025-07-07 15:00:00,2691.917655525688,2622.8420459606255,2238.781298125403
forecast_4504,2025-07-07 16:00:00,2691.917655525688,2466.5446847733274,2236.8416011654645
forecast_4505,2025-07-07 17:00:00,2680.1463263999585,2466.5446847733274,2236.8416011654645
forecast_4506,2025-07-07 18:00:00,2680.1463263999585,2504.0017672115973,2299.7439441370193
forecast_4507,2025-07-07 19:00:00,2649.5048452546016,2647.8948103355547,2329.4194903843154
forecast_4508,2025-07-07 20:00:00,2649.5048452546016,2647.8948103355547,2356.316762143646
forecast_4509,2025-07-07 21:00:00,2649.5048452546016,2707.955989575361,2356.316762143646
forecast_4510,2025-07-07 22:00:00,3151.857378040081,3151.276164852415,2926.145051999608
forecast_4511,2025-07-07 23:00:00,3151.857378040081,3151.276164852415,2926.145051999608
forecast_4512,2025-07-08 00:00:00,3130.3279109750392,3100.7814348911215,2923.435323274306
forecast_4513,2025-07-08 01:00:00,2614.637844874662,2820.006530850168,2476.5107766679876
forecast_4514,2025-07-08 02:00:00,2608.367620562878,2733.4078470623854,2400.5096428504016
forecast_4515,2025-07-08 03:00:00,2539.8628751770693,2687.9595729910347,2506.235043891663
forecast_4516,2025-07-08 04:00:00,2539.8628751770693,2687.9595729910347,2506.235043891663
forecast_4517,2025-07-08 05:00:00,2649.490705252887,2850.923196321486,2648.178555916853
forecast_4518,2025-07-08 06:00:00,2653.542883677311,2897.3786506526635,2648.178555916853
forecast_4519,2025-07-08 07:00:00,2657.4782517854856,2850.923196321486,2641.93639775858
forecast_4520,2025-07-08 08:00:00,2681.3649567212005,2717.7784122335715,2297.196325106573
forecast_4521,2025-07-08 09:00:00,2681.3649567212005,2605.9641515648927,2243.0325560142264
forecast_4522,2025-07-08 10:00:00,2555.42318392991,2462.228931270216,2178.9044191813946
forecast_4523,2025-07-08 11:00:00,2542.477899260498,2462.228931270216,2147.5871244233795
forecast_4524,2025-07-08 12:00:00,2542.477899260498,2625.598653905034,2178.9044191813946
forecast_4525,2025-07-08 13:00:00,2469.2917214528534,2625.598653905034,2266.3514126179275
forecast_4526,2025-07-08 14:00:00,2545.9891165876525,2545.432000953363,2274.5914012559087
forecast_4527,2025-07-08 15:00:00,2479.5975425103816,2466.601639540353,2266.3514126179275
forecast_4528,2025-07-08 16:00:00,2537.7970424163996,2545.432000953363,2274.5914012559087
forecast_4529,2025-07-08 17:00:00,2537.7970424163996,2538.706099499671,2282.2639878693
forecast_4530,2025-07-08 18:00:00,2587.992677993111,2580.5545699370514,2348.66982150058
forecast_4531,2025-07-08 19:00:00,2845.669475941094,2825.5655731895795,2533.7652704440607
forecast_4532,2025-07-08 20:00:00,2845.669475941094,2971.805037839089,2616.274354697957
forecast_4533,2025-07-08 21:00:00,2845.669475941094,3045.4617380444442,2814.652605911925
forecast_4534,2025-07-08 22:00:00,3201.1885248902654,3410.2891330955254,2872.065635078168
forecast_4535,2025-07-08 23:00:00,3201.1885248902654,3412.9605903605743,2874.6408838083357
forecast_4536,2025-07-09 00:00:00,3176.264357857366,3507.3064754816464,2957.6934217828366
forecast_4537,2025-07-09 01:00:00,2916.364508446405,3010.28074446725,2562.4776892292502
forecast_4538,2025-07-09 02:00:00,2910.993100208668,3033.0965656574544,2497.0841576211606
forecast_4539,2025-07-09 03:00:00,2792.9702275414493,3033.0965656574544,2497.0841576211606
forecast_4540,2025-07-09 04:00:00,2792.9702275414493,3384.056977411098,2649.7782430465704
forecast_4541,2025-07-09 05:00:00,2853.0012922482956,3389.6947143707494,2649.7782430465704
forecast_4542,2025-07-09 06:00:00,2900.357993507546,3390.2504571150093,2697.4871899325453
forecast_4543,2025-07-09 07:00:00,2905.6026712616613,3389.6947143707494,2646.130883597445
forecast_4544,2025-07-09 08:00:00,2905.6026712616613,3182.57041751289,2609.3316074091426
forecast_4545,2025-07-09 09:00:00,2772.0873363825376,3043.9762277451982,2492.476730914291
forecast_4546,2025-07-09 10:00:00,2706.1894064402477,2728.513360564745,2328.7681645440825
forecast_4547,2025-07-09 11:00:00,2706.1894064402477,2622.7911008771653,2299.2722912696254
forecast_4548,2025-07-09 12:00:00,2664.7592836929016,2622.7911008771653,2309.189598918554
forecast_4549,2025-07-09 13:00:00,2710.1982187707135,2622.7911008771653,2305.3037182702087
forecast_4550,2025-07-09 14:00:00,2710.1982187707135,2657.2859227973904,2309.189598918554
forecast_4551,2025-07-09 15:00:00,2710.1982187707135,2601.527609476154,2305.3037182702087
forecast_4552,2025-07-09 16:00:00,2616.121799145498,2525.338860109554,2150.8390145368517
forecast_4553,2025-07-09 17:00:00,2616.121799145498,2525.338860109554,2099.741987016661
forecast_4554,2025-07-09 18:00:00,2698.530094795775,2565.6680449535233,2099.741987016661
forecast_4555,2025-07-09 19:00:00,2992.763126303612,3008.201777152284,2388.0046121080004
forecast_4556,2025-07-09 20:00:00,3241.8143902002703,3385.596918761609,2550.352144776566
forecast_4557,2025-07-09 21:00:00,3262.158441919478,3577.704725087479,2726.5238665720585
forecast_4558,2025-07-09 22:00:00,3752.5250770570647,4135.69469960429,3099.139446587735
forecast_4559,2025-07-09 23:00:00,3764.0392330054137,4135.69469960429,3099.139446587735
forecast_4560,2025-07-10 00:00:00,3789.4191560779946,4129.3646584985345,3115.3428573809547
forecast_4561,2025-07-10 01:00:00,3463.7590002691977,3930.352797208307,2898.056276970477
forecast_4562,2025-07-10 02:00:00,3379.986655004759,3972.744520374421,2864.607160014896
forecast_4563,2025-07-10 03:00:00,3280.599818368495,3935.9512820538453,2826.5758944357267
forecast_4564,2025-07-10 04:00:00,3280.599818368495,3972.744520374421,2864.607160014896
forecast_4565,2025-07-10 05:00:00,3553.084576605286,4839.591372927598,3275.122786061619
forecast_4566,2025-07-10 06:00:00,4014.310915017209,5485.954431631633,3854.5727687258845
forecast_4567,2025-07-10 07:00:00,4335.554436839389,5685.393056988427,4031.582100292545
forecast_4568,2025-07-10 08:00:00,4348.880229485941,6028.596823208602,4033.2873584987033
forecast_4569,2025-07-10 09:00:00,4335.554436839389,6593.531902639097,4763.4574395994105
forecast_4570,2025-07-10 10:00:00,4292.586545187818,6593.531902639097,4763.4574395994105
forecast_4571,2025-07-10 11:00:00,4264.4171237587125,5289.998995661499,3768.2733927536483
forecast_4572,2025-07-10 12:00:00,4015.9693092552393,4644.8939991453435,3586.9363961301087
forecast_4573,2025-07-10 13:00:00,3900.610923893151,4341.852482021641,3476.2461754254305
forecast_4574,2025-07-10 14:00:00,3891.4874939509077,4304.823243516414,3445.2488358162846
forecast_4575,2025-07-10 15:00:00,3891.4874939509077,4266.048554142288,3369.667906204433
forecast_4576,2025-07-10 16:00:00,3846.374385986289,3946.5993945214436,3129.9603316230196
forecast_4577,2025-07-10 17:00:00,3846.374385986289,3946.5993945214436,3129.9603316230196
forecast_4578,2025-07-10 18:00:00,3949.4794890538496,4378.382266792822,3657.195243688911
forecast_4579,2025-07-10 19:00:00,4007.544228117151,5121.131233458322,3802.128624655597
forecast_4580,2025-07-10 20:00:00,4483.696541112991,5808.391857252429,4216.032403120129
forecast_4581,2025-07-10 21:00:00,4774.487569678469,6907.6326587555295,4972.234650521604
forecast_4582,2025-07-10 22:00:00,5312.316472932102,7648.832012364511,5480.03592819441
forecast_4583,2025-07-10 23:00:00,5347.5017893841305,7735.452343972185,5661.662487902071
forecast_4584,2025-07-11 00:00:00,5342.150725934329,8182.644154398278,5855.4744799383425
forecast_4585,2025-07-11 01:00:00,5414.741297776075,8454.43818083574,6307.095775007524
forecast_4586,2025-07-11 02:00:00,5337.072643330277,8358.543300543586,6071.67612782556
forecast_4587,2025-07-11 03:00:00,5322.256491945387,8176.333978452344,6028.394614456707
forecast_4588,2025-07-11 04:00:00,5322.256491945387,8176.333978452344,6028.394614456707
forecast_4589,2025-07-11 05:00:00,5824.99501061447,8551.285209383055,6473.891963529764
forecast_4590,2025-07-11 06:00:00,5901.535002069182,8673.066527750343,6703.521034573803
forecast_4591,2025-07-11 07:00:00,5933.187326705238,8986.394860105222,6818.774975746019
forecast_4592,2025-07-11 08:00:00,5933.187326705238,8986.394860105222,6818.774975746019
forecast_4593,2025-07-11 09:00:00,5718.7385012570885,8930.695036816154,6679.720703602175
forecast_4594,2025-07-11 10:00:00,4970.233932642344,7255.5297225424365,4965.139890321065
forecast_4595,2025-07-11 11:00:00,4970.233932642344,6876.000927484968,4965.139890321065
forecast_4596,2025-07-11 12:00:00,5254.405329010915,6553.202822032205,4915.825889109485
forecast_4597,2025-07-11 13:00:00,5254.405329010915,6553.202822032205,4915.825889109485
forecast_4598,2025-07-11 14:00:00,4722.775940194949,4596.201531270392,4063.7243988522755
forecast_4599,2025-07-11 15:00:00,3892.619020885889,3737.9567297149483,3317.3720417893446
forecast_4600,2025-07-11 16:00:00,3892.619020885889,3642.7681332663224,3280.0015991803743
forecast_4601,2025-07-11 17:00:00,3938.936397908678,3642.7681332663224,3280.0015991803743
forecast_4602,2025-07-11 18:00:00,4161.787166973938,4793.160886505544,3921.967795288078
forecast_4603,2025-07-11 19:00:00,4504.224730334757,5544.909097457554,3972.076442806907
forecast_4604,2025-07-11 20:00:00,5223.506684977496,6278.019448154986,4598.308817790086
forecast_4605,2025-07-11 21:00:00,5390.435060296389,6512.585891744722,4694.814390824737
forecast_4606,2025-07-11 22:00:00,5637.366268869799,6711.484536911867,5027.560440881925
forecast_4607,2025-07-11 23:00:00,5452.958719835939,6711.484536911867,4956.090884681193
forecast_4608,2025-07-12 00:00:00,5531.02591552506,6785.541375795758,4991.825662781559
forecast_4609,2025-07-12 01:00:00,5168.018896544849,6685.208740067732,5062.443272666034
forecast_4610,2025-07-12 02:00:00,4636.613176748003,5436.37563201473,4214.67540265169
forecast_4611,2025-07-12 03:00:00,4178.7021991065185,4873.504394884791,3686.040146068911
forecast_4612,2025-07-12 04:00:00,3970.684726395432,4323.774857643155,3305.4487178268278
forecast_4613,2025-07-12 05:00:00,3969.4705427186086,4212.203472168265,3244.9739956796366
forecast_4614,2025-07-12 06:00:00,3871.7288818991706,3906.0629786782415,3152.8540331439813
forecast_4615,2025-07-12 07:00:00,3502.1175913518164,3734.9126322697603,3043.4217655004904
forecast_4616,2025-07-12 08:00:00,3153.5039438775157,3244.696288700806,2626.7044123203304
forecast_4617,2025-07-12 09:00:00,3138.5921970212585,3019.3935263655903,2432.982315021379
forecast_4618,2025-07-12 10:00:00,2787.114442778492,2708.7126385928796,2402.3823218549287
forecast_4619,2025-07-12 11:00:00,2556.0495642376964,2698.7803863061313,2261.6373569804255
forecast_4620,2025-07-12 12:00:00,2531.555030855772,2598.3055238661054,2238.285068425697
forecast_4621,2025-07-12 13:00:00,2531.555030855772,2499.798892800378,2227.0613763927295
forecast_4622,2025-07-12 14:00:00,2589.4986763143725,2472.939181328924,2227.0613763927295
forecast_4623,2025-07-12 15:00:00,2646.926544618408,2347.6977493826867,2227.0613763927295
forecast_4624,2025-07-12 16:00:00,2589.4986763143725,2296.204814330251,2133.373793342289
forecast_4625,2025-07-12 17:00:00,2646.926544618408,2296.204814330251,2133.373793342289
forecast_4626,2025-07-12 18:00:00,2855.4909809598894,2539.671842538406,2215.6519584920984
forecast_4627,2025-07-12 19:00:00,3121.4278960587053,2725.902262071358,2592.545477108786
forecast_4628,2025-07-12 20:00:00,3478.910039702212,3075.0682919179,2859.8394160418206
forecast_4629,2025-07-12 21:00:00,3835.7948640353366,3337.7511799844915,3290.9215869058544
forecast_4630,2025-07-12 22:00:00,4525.3791932026525,4025.727033719247,3844.5819245549883
forecast_4631,2025-07-12 23:00:00,4543.845010838341,4025.727033719247,3844.5819245549883
forecast_4632,2025-07-13 00:00:00,4648.882418597486,3958.0613529817965,3820.3098942129836
forecast_4633,2025-07-13 01:00:00,3775.306802666085,3785.18789350289,3023.8300981814155
forecast_4634,2025-07-13 02:00:00,3547.8863278735307,3676.9657006754514,2766.4513136057176
forecast_4635,2025-07-13 03:00:00,3523.2943640250724,3415.631765874706,2658.264236265604
forecast_4636,2025-07-13 04:00:00,2939.4445026459043,3020.7019539083153,2333.683814626005
forecast_4637,2025-07-13 05:00:00,2924.3908779795674,2861.4135245292637,2333.683814626005
forecast_4638,2025-07-13 06:00:00,2939.4445026459043,2773.1282043148976,2339.0021781972537
forecast_4639,2025-07-13 07:00:00,2862.3732140891743,2709.2254097025843,2384.7282406289733
forecast_4640,2025-07-13 08:00:00,3101.227359578512,2773.1282043148976,2502.7391437616548
forecast_4641,2025-07-13 09:00:00,2862.3732140891743,2788.848790722963,2394.260990661219
forecast_4642,2025-07-13 10:00:00,2849.730931477112,2788.848790722963,2394.260990661219
forecast_4643,2025-07-13 11:00:00,2685.749561922971,2573.3097541854063,2369.9251552510827
forecast_4644,2025-07-13 12:00:00,2587.659746511078,2569.958447748295,2369.9251552510827
forecast_4645,2025-07-13 13:00:00,2582.2843110494914,2569.958447748295,2369.9251552510827
forecast_4646,2025-07-13 14:00:00,2582.2843110494914,2583.395628699617,2287.40946453147
forecast_4647,2025-07-13 15:00:00,2602.6437717294984,2703.7319383459208,2287.40946453147
forecast_4648,2025-07-13 16:00:00,2863.6606649781443,2967.4092883492485,2428.201344588528
forecast_4649,2025-07-13 17:00:00,3186.2962041017,3649.772786388059,2929.9344987012632
forecast_4650,2025-07-13 18:00:00,3528.199844764593,4011.927680281712,3207.906302773511
forecast_4651,2025-07-13 19:00:00,3528.199844764593,4098.615780960606,3207.906302773511
forecast_4652,2025-07-13 20:00:00,3478.3060048349107,4230.666027714862,3193.523512326881
forecast_4653,2025-07-13 21:00:00,3478.3060048349107,4230.666027714862,3193.523512326881
forecast_4654,2025-07-13 22:00:00,4083.4141352054476,4483.867798522315,3842.0416027470474
forecast_4655,2025-07-13 23:00:00,4501.639610053752,5524.243245768164,4326.5776784644095
forecast_4656,2025-07-14 00:00:00,4595.103059577399,5597.456345115356,4417.241524913819
forecast_4657,2025-07-14 01:00:00,4803.2074917692535,5547.956803453846,4477.91058960042
forecast_4658,2025-07-14 02:00:00,4903.0906851866675,5769.3960246258375,4741.806088917381
forecast_4659,2025-07-14 03:00:00,5466.501444948205,6087.577478332291,4762.9418107072315
forecast_4660,2025-07-14 04:00:00,5473.514203346901,6087.577478332291,4762.9418107072315
forecast_4661,2025-07-14 05:00:00,5578.230058980457,6087.577478332291,4659.091647100098
forecast_4662,2025-07-14 06:00:00,5991.092090538157,6126.894180303032,4253.290043027906
forecast_4663,2025-07-14 07:00:00,5991.092090538157,6276.94220069714,4253.290043027906
forecast_4664,2025-07-14 08:00:00,5387.679594574502,6126.894180303032,4039.6434784691414
forecast_4665,2025-07-14 09:00:00,5379.130930564225,5605.773310151515,3821.7830448485724
forecast_4666,2025-07-14 10:00:00,5379.130930564225,5605.773310151515,3821.7830448485724
forecast_4667,2025-07-14 11:00:00,5312.594948060398,5588.639619438755,3945.5810278437
forecast_4668,2025-07-14 12:00:00,5387.00730371123,6059.813181250996,4097.4012338738685
forecast_4669,2025-07-14 13:00:00,5416.258508478145,5693.763078398,4097.4012338738685
forecast_4670,2025-07-14 14:00:00,5549.4544748055505,6059.813181250996,4183.920416881603
forecast_4671,2025-07-14 15:00:00,6362.240762647611,6542.07513735103,4565.86524050995
forecast_4672,2025-07-14 16:00:00,6413.208563970768,6797.207158683803,5074.96806166111
forecast_4673,2025-07-14 17:00:00,6968.200518078987,6846.272624217408,5143.039562231949
forecast_4674,2025-07-14 18:00:00,7400.045676670746,7203.21257095122,5398.13634255352
forecast_4675,2025-07-14 19:00:00,7400.045676670746,7456.932629775361,5766.497397723515
forecast_4676,2025-07-14 20:00:00,6868.637550489924,7942.593935392594,5766.497397723515
forecast_4677,2025-07-14 21:00:00,6729.737341071188,7942.593935392594,5789.7572054132015
forecast_4678,2025-07-14 22:00:00,6729.737341071188,7955.163045242794,6085.897402903862
forecast_4679,2025-07-14 23:00:00,8466.106356372798,8665.482231784656,7626.257699995323
forecast_4680,2025-07-15 00:00:00,8844.365216040698,9075.96914858931,7760.16500987656
forecast_4681,2025-07-15 01:00:00,12475.622927683082,12947.010589528996,11439.424004437335
forecast_4682,2025-07-15 02:00:00,12190.59510320451,12766.13254937829,11045.499372775474
forecast_4683,2025-07-15 03:00:00,11195.237616836675,11425.562725714946,10094.72053134051
forecast_4684,2025-07-15 04:00:00,10750.01749578466,11180.057336841946,9937.154825092744
forecast_4685,2025-07-15 05:00:00,10140.836333655414,9924.056286279414,8566.727107613831
forecast_4686,2025-07-15 06:00:00,9600.55774218075,9918.232685361618,8070.958618835926
forecast_4687,2025-07-15 07:00:00,9519.783822469566,8998.913919335402,7008.058356360706
forecast_4688,2025-07-15 08:00:00,6877.024514580966,7730.383576686265,6411.501143790554
forecast_4689,2025-07-15 09:00:00,6244.608319796814,6859.146411533247,5351.3538974410885
forecast_4690,2025-07-15 10:00:00,5462.435112200783,6274.330733546141,4557.781915578769
forecast_4691,2025-07-15 11:00:00,4693.012665485413,4931.553933579844,3884.8929981631986
forecast_4692,2025-07-15 12:00:00,4435.692987661694,4843.893713254404,3664.8641743160056
forecast_4693,2025-07-15 13:00:00,4435.692987661694,4843.893713254404,3664.8641743160056
forecast_4694,2025-07-15 14:00:00,4653.985511955165,5468.721413185417,4288.0607126829855
forecast_4695,2025-07-15 15:00:00,5047.239341564701,6073.255999040549,4288.0607126829855
forecast_4696,2025-07-15 16:00:00,5047.239341564701,6073.255999040549,4220.0434627790055
forecast_4697,2025-07-15 17:00:00,4562.705199740956,5508.514129498493,4130.402263974449
forecast_4698,2025-07-15 18:00:00,4458.9533159366965,5508.514129498493,4220.0434627790055
forecast_4699,2025-07-15 19:00:00,4458.9533159366965,5749.087851912109,4318.664513317431
forecast_4700,2025-07-15 20:00:00,4704.629344855799,6382.139612991375,4451.809215661438
forecast_4701,2025-07-15 21:00:00,5260.3255121441825,6672.278116347847,4733.805029577416
forecast_4702,2025-07-15 22:00:00,5744.228459810567,7818.249154471887,5238.189821963535
forecast_4703,2025-07-15 23:00:00,6054.3197040087025,7971.161067225266,5318.365326867073
forecast_4704,2025-07-16 00:00:00,5958.371566486012,8609.794058233325,5750.472163485077
forecast_4705,2025-07-16 01:00:00,12897.990352920095,13443.237139387875,11342.94567485823
forecast_4706,2025-07-16 02:00:00,13223.230543893735,13746.124781245851,11542.703787222932
forecast_4707,2025-07-16 03:00:00,13903.014753275427,14696.073650785627,13195.478014492583
forecast_4708,2025-07-16 04:00:00,13903.014753275427,14696.073650785627,13195.478014492583
forecast_4709,2025-07-16 05:00:00,13810.436055811018,14401.77969780445,12871.64385516219
forecast_4710,2025-07-16 06:00:00,13021.219441232653,12891.818602700623,11485.639482178565
forecast_4711,2025-07-16 07:00:00,10619.679229489424,11927.973665185222,9860.821395408264
forecast_4712,2025-07-16 08:00:00,10350.134179191398,11339.333845895793,9254.63707656171
forecast_4713,2025-07-16 09:00:00,7006.143964187248,7190.9163605616795,6017.511062159537
forecast_4714,2025-07-16 10:00:00,5699.975642052616,5773.559856781242,4926.996022854575
forecast_4715,2025-07-16 11:00:00,4821.317063195207,5632.677834145984,4594.767619332991
forecast_4716,2025-07-16 12:00:00,4821.317063195207,5315.784320250183,4260.9638061297255
forecast_4717,2025-07-16 13:00:00,4578.530658521807,5315.784320250183,4260.9638061297255
forecast_4718,2025-07-16 14:00:00,4578.530658521807,6192.291055634883,4317.279823350231
forecast_4719,2025-07-16 15:00:00,4068.249605664853,6387.747294667197,4317.279823350231
forecast_4720,2025-07-16 16:00:00,4068.249605664853,6387.747294667197,4317.279823350231
forecast_4721,2025-07-16 17:00:00,4126.76470203694,6410.628772609562,4341.897083433083
forecast_4722,2025-07-16 18:00:00,4610.4791857570435,6502.466125956295,4618.6459934133
forecast_4723,2025-07-16 19:00:00,4780.225571860845,6502.466125956295,4618.6459934133
forecast_4724,2025-07-16 20:00:00,5307.8883894676665,6502.466125956295,4805.945175268604
forecast_4725,2025-07-16 21:00:00,5382.780055669396,7955.527418464418,5935.1041401016555
forecast_4726,2025-07-16 22:00:00,7797.149853035789,9260.180707518606,7290.903964343651
forecast_4727,2025-07-16 23:00:00,9626.044362688925,11724.010344797134,9395.489480845667
forecast_4728,2025-07-17 00:00:00,9683.335210429941,12313.445187554911,9901.95593302933
forecast_4729,2025-07-17 01:00:00,13052.077121243534,14148.58365831116,13170.551719830317
forecast_4730,2025-07-17 02:00:00,12875.850861105431,14206.211212183327,13004.121643351735
forecast_4731,2025-07-17 03:00:00,12552.521521903112,14239.53647037103,13004.121643351735
forecast_4732,2025-07-17 04:00:00,12191.912345234148,14239.53647037103,12803.83810165486
forecast_4733,2025-07-17 05:00:00,11885.902591716165,14143.595058159979,12359.742162379542
forecast_4734,2025-07-17 06:00:00,11885.902591716165,13732.284183033737,11716.993148469606
forecast_4735,2025-07-17 07:00:00,12171.08341556437,13732.284183033737,11716.993148469606
forecast_4736,2025-07-17 08:00:00,12193.634450954554,13689.207949853964,12367.400702173612
forecast_4737,2025-07-17 09:00:00,12482.044943946079,13735.619851690588,12659.529736811952
forecast_4738,2025-07-17 10:00:00,12482.044943946079,13723.204250772622,12883.171608937113
forecast_4739,2025-07-17 11:00:00,12482.044943946079,13723.204250772622,12883.171608937113
forecast_4740,2025-07-17 12:00:00,11199.38767251026,11647.116387020611,10407.170166086318
forecast_4741,2025-07-17 13:00:00,10502.949594991022,11633.338479951522,9748.385536288752
forecast_4742,2025-07-17 14:00:00,10326.332796897246,11327.429918224952,9376.727120810527
forecast_4743,2025-07-17 15:00:00,9652.582391742711,10977.696841766603,9082.790481959863
forecast_4744,2025-07-17 16:00:00,8763.236178776653,10607.63504551084,7918.520710280552
forecast_4745,2025-07-17 17:00:00,7623.036834674872,9206.19559485443,6907.977801453841
forecast_4746,2025-07-17 18:00:00,7623.036834674872,9206.19559485443,6907.977801453841
forecast_4747,2025-07-17 19:00:00,7550.812497129589,9786.505604437083,7184.253772015206
forecast_4748,2025-07-17 20:00:00,7669.8768033640745,10224.091144917635,7214.346729494462
forecast_4749,2025-07-17 21:00:00,8074.155228278836,11923.021334902929,8424.36627304344
forecast_4750,2025-07-17 22:00:00,8422.331755265597,11979.270644863216,8424.36627304344
forecast_4751,2025-07-17 23:00:00,8470.370636605006,12356.262496844516,8424.36627304344
forecast_4752,2025-07-18 00:00:00,9020.208547852617,12443.519255983867,8992.631415205453
forecast_4753,2025-07-18 01:00:00,11463.714977283851,13359.260882038416,11588.846015690278
forecast_4754,2025-07-18 02:00:00,11582.04505904905,13052.294137764751,11546.213502122626
forecast_4755,2025-07-18 03:00:00,11067.294666213438,13051.819325852206,10524.900519838235
forecast_4756,2025-07-18 04:00:00,10115.571929629492,13051.819325852206,10492.859048883318
forecast_4757,2025-07-18 05:00:00,9624.957713628484,12256.556415356277,9252.414444151858
forecast_4758,2025-07-18 06:00:00,9618.029732779676,12256.556415356277,9252.414444151858
forecast_4759,2025-07-18 07:00:00,8815.590573798107,11436.757492310095,8516.114844425421
forecast_4760,2025-07-18 08:00:00,8138.316090042363,11285.245590123704,8275.893152843113
forecast_4761,2025-07-18 09:00:00,7591.519388195188,11118.103873640623,8190.27320715486
forecast_4762,2025-07-18 10:00:00,6925.593262215948,10279.870160952607,7558.398494205876
forecast_4763,2025-07-18 11:00:00,4653.815337660053,7179.537209871752,5107.575332234132
forecast_4764,2025-07-18 12:00:00,3882.1608798923053,5909.677282423207,3878.142123983106
forecast_4765,2025-07-18 13:00:00,3882.1608798923053,4068.5511368016155,3313.1781244865015
forecast_4766,2025-07-18 14:00:00,3926.6395025079337,4068.5511368016155,3313.1781244865015
forecast_4767,2025-07-18 15:00:00,4392.557565595259,5168.845276348297,3378.6532107317535
forecast_4768,2025-07-18 16:00:00,4872.70264801995,6430.332552871621,4795.623881259849
forecast_4769,2025-07-18 17:00:00,5114.978208167669,7228.46270547866,5219.461904286001
forecast_4770,2025-07-18 18:00:00,6049.236894124208,7995.0017097665805,5686.350654891259
forecast_4771,2025-07-18 19:00:00,6062.159418185996,8118.12432160141,5722.725497946207
forecast_4772,2025-07-18 20:00:00,6373.077782668689,9325.465443057283,6398.504418996047
forecast_4773,2025-07-18 21:00:00,6945.633819537351,9961.916674327911,6799.1548176724245
forecast_4774,2025-07-18 22:00:00,6945.633819537351,10016.700853389968,7600.0862879516135
forecast_4775,2025-07-18 23:00:00,7035.060876274306,11469.759834948803,7804.038597320374
forecast_4776,2025-07-19 00:00:00,6733.560644735109,11891.763866533662,8054.1781855400795
forecast_4777,2025-07-19 01:00:00,5730.89826377252,8600.305002290788,6370.878953965404
forecast_4778,2025-07-19 02:00:00,5474.987512670556,8241.933052790515,6096.506198059028
forecast_4779,2025-07-19 03:00:00,5193.32120418375,7612.927811611804,5247.832464133655
forecast_4780,2025-07-19 04:00:00,5184.330112416917,7506.049627498701,5227.866918005113
forecast_4781,2025-07-19 05:00:00,5080.2836903263915,6021.445333342037,4439.984278425794
forecast_4782,2025-07-19 06:00:00,5074.911179864794,6021.445333342037,4439.984278425794
forecast_4783,2025-07-19 07:00:00,4996.394556143027,7423.51468991255,5048.157807976784
forecast_4784,2025-07-19 08:00:00,4996.394556143027,7423.51468991255,5384.832177954354
forecast_4785,2025-07-19 09:00:00,5052.478003107044,7632.931272713589,5384.832177954354
forecast_4786,2025-07-19 10:00:00,5300.968215468686,8043.817697383802,5860.405630620091
forecast_4787,2025-07-19 11:00:00,7425.1002708260885,10762.829725536521,7880.600219283912
forecast_4788,2025-07-19 12:00:00,7425.1002708260885,10762.829725536521,8000.538188744245
forecast_4789,2025-07-19 13:00:00,7785.037463748434,11255.59342388019,9017.82456228137
forecast_4790,2025-07-19 14:00:00,8248.939711479237,11255.59342388019,9367.30904390943
forecast_4791,2025-07-19 15:00:00,8681.680533122677,11520.124203554555,9844.39493259248
forecast_4792,2025-07-19 16:00:00,8681.680533122677,11520.124203554555,9844.39493259248
forecast_4793,2025-07-19 17:00:00,7861.139566725546,10720.378336296846,8897.191603408708
forecast_4794,2025-07-19 18:00:00,7861.139566725546,10634.700897467237,8873.150982536165
forecast_4795,2025-07-19 19:00:00,8466.191399954443,10634.700897467237,8897.191603408708
forecast_4796,2025-07-19 20:00:00,9731.398893486486,12430.451656929752,10457.255286365802
forecast_4797,2025-07-19 21:00:00,9938.81822064214,12442.968838783852,10618.706934659967
forecast_4798,2025-07-19 22:00:00,9938.81822064214,12808.129382615929,10618.706934659967
forecast_4799,2025-07-19 23:00:00,9595.253302515599,12808.129382615929,9922.741767150439
forecast_4800,2025-07-20 00:00:00,8708.03955117071,12119.873778441419,9307.280769514695
forecast_4801,2025-07-20 01:00:00,12430.146293542535,13761.638642510608,12556.769814854873
forecast_4802,2025-07-20 02:00:00,12284.413793761238,13350.687602525068,12377.035039393437
forecast_4803,2025-07-20 03:00:00,11398.113703651106,13057.848509195548,11359.630008068794
forecast_4804,2025-07-20 04:00:00,11389.897401832823,12887.192348881443,11263.967453635058
forecast_4805,2025-07-20 05:00:00,10288.183297124766,12635.782355458225,10326.525037642048
forecast_4806,2025-07-20 06:00:00,9268.148038393063,11895.134323854072,9340.429244087696
forecast_4807,2025-07-20 07:00:00,9158.301650241166,11817.007518076389,9124.681101631104
forecast_4808,2025-07-20 08:00:00,8148.611231887366,10930.757675533343,8242.533174850118
forecast_4809,2025-07-20 09:00:00,6982.919491233877,10304.76201992053,7616.998037441139
forecast_4810,2025-07-20 10:00:00,6758.101013063516,8858.332491762661,6918.348992875688
forecast_4811,2025-07-20 11:00:00,6096.871680050141,7532.739208517748,6226.940923256258
forecast_4812,2025-07-20 12:00:00,5554.909597654938,6900.773042705011,5629.918118443647
forecast_4813,2025-07-20 13:00:00,5135.712238639347,6752.112861944501,5574.8189684801
forecast_4814,2025-07-20 14:00:00,5100.015012608876,6633.625917397612,5304.165740979322
forecast_4815,2025-07-20 15:00:00,4901.937163959212,6500.67052718829,5095.192701418721
forecast_4816,2025-07-20 16:00:00,4822.886997658404,6338.522034258962,4749.751559927308
forecast_4817,2025-07-20 17:00:00,4646.790063114729,6144.479114142436,4453.855689791406
forecast_4818,2025-07-20 18:00:00,4646.790063114729,6144.479114142436,4453.855689791406
forecast_4819,2025-07-20 19:00:00,5160.835709092903,6578.314179961455,5350.098279213513
forecast_4820,2025-07-20 20:00:00,6845.760648460751,8721.230148551726,7391.74614294521
forecast_4821,2025-07-20 21:00:00,8957.83713090896,11082.992267029837,8910.891596476988
forecast_4822,2025-07-20 22:00:00,10585.369042153688,13250.212549708438,11163.35575022915
forecast_4823,2025-07-20 23:00:00,10585.369042153688,13250.212549708438,11209.122746660154
forecast_4824,2025-07-21 00:00:00,10532.496630582034,13148.423173578434,11186.239248444652
forecast_4825,2025-07-21 01:00:00,11743.969184851465,12096.222071991859,10494.688592976814
forecast_4826,2025-07-21 02:00:00,11770.247812525147,12229.601211498135,10498.212823251095
forecast_4827,2025-07-21 03:00:00,11664.503770870348,12229.601211498135,10491.164362702531
forecast_4828,2025-07-21 04:00:00,10661.594472511062,11824.54359852504,9066.246686513368
forecast_4829,2025-07-21 05:00:00,10661.594472511062,11175.932299044118,8216.811395344816
forecast_4830,2025-07-21 06:00:00,10017.134042273654,10341.78623629361,7906.629712801694
forecast_4831,2025-07-21 07:00:00,9990.223405338578,9779.464804252513,7906.629712801694
forecast_4832,2025-07-21 08:00:00,9057.462784095726,9553.084327051027,7791.084890394947
forecast_4833,2025-07-21 09:00:00,8843.878741287388,8758.12688166546,6944.323487177272
forecast_4834,2025-07-21 10:00:00,6488.2337213474075,6670.260180637435,5644.71450464755
forecast_4835,2025-07-21 11:00:00,5596.755845119624,6019.644036132138,5373.007278654892
forecast_4836,2025-07-21 12:00:00,5082.801696337669,5683.3002390411275,4783.587701456296
forecast_4837,2025-07-21 13:00:00,4933.437904245204,5543.17039870241,4729.36861474296
forecast_4838,2025-07-21 14:00:00,4842.473566328168,5231.754754666543,4517.518364271353
forecast_4839,2025-07-21 15:00:00,4512.916212161336,5539.209079126358,4311.4442879875005
forecast_4840,2025-07-21 16:00:00,4512.916212161336,5539.209079126358,4311.4442879875005
forecast_4841,2025-07-21 17:00:00,5127.324667371036,5816.796041804331,4355.708648932847
forecast_4842,2025-07-21 18:00:00,5331.002247421269,5909.400102322324,4616.9268891012725
forecast_4843,2025-07-21 19:00:00,7947.90469093322,8050.107327699159,6645.746953409812
forecast_4844,2025-07-21 20:00:00,10861.199741374674,11192.590600472326,9641.009438267836
forecast_4845,2025-07-21 21:00:00,12562.397429311948,12049.544250420753,10839.00768744905
forecast_4846,2025-07-21 22:00:00,14132.092590059721,13492.79050798373,12483.983160281334
forecast_4847,2025-07-21 23:00:00,14132.092590059721,13492.79050798373,12483.983160281334
forecast_4848,2025-07-22 00:00:00,13630.25721953831,13176.575454189362,12040.525195915849
forecast_4849,2025-07-22 01:00:00,13919.862147072434,13255.633465035578,12371.030187582457
forecast_4850,2025-07-22 02:00:00,14110.99578775668,13277.010622693193,12954.723895887295
forecast_4851,2025-07-22 03:00:00,14110.99578775668,13277.010622693193,12954.723895887295
forecast_4852,2025-07-22 04:00:00,13555.798038439678,13550.265166071129,12364.764742611047
forecast_4853,2025-07-22 05:00:00,13555.798038439678,13721.23312628983,12088.744325568165
forecast_4854,2025-07-22 06:00:00,13555.798038439678,13721.23312628983,12023.177567381497
forecast_4855,2025-07-22 07:00:00,12399.56879883425,12517.069817492578,10102.622071929218
forecast_4856,2025-07-22 08:00:00,10355.05512864886,10921.29393850041,8738.688321459296
forecast_4857,2025-07-22 09:00:00,8036.0662012022185,9148.236670667739,7174.585876840183
forecast_4858,2025-07-22 10:00:00,5165.089032414128,5522.800252036589,4051.4928603527687
forecast_4859,2025-07-22 11:00:00,4202.260017807335,4804.989779411922,3190.0461135864603
forecast_4860,2025-07-22 12:00:00,3754.404337867274,3815.7296917078293,2954.7826720470953
forecast_4861,2025-07-22 13:00:00,3374.1351576058514,3522.786769094245,2888.6150205108947
forecast_4862,2025-07-22 14:00:00,3374.1351576058514,3291.4990931009224,2614.0269940657727
forecast_4863,2025-07-22 15:00:00,3722.497368071191,3522.786769094245,2888.6150205108947
forecast_4864,2025-07-22 16:00:00,3722.497368071191,3302.7217671939156,2881.010352362378
forecast_4865,2025-07-22 17:00:00,3838.854009107809,3381.403552679508,2969.015446791135
forecast_4866,2025-07-22 18:00:00,3838.854009107809,3381.403552679508,2969.015446791135
forecast_4867,2025-07-22 19:00:00,3923.231260845807,3992.685575777521,3451.5849914676373
forecast_4868,2025-07-22 20:00:00,4875.722787762829,5268.430543193497,4356.466971892303
forecast_4869,2025-07-22 21:00:00,5287.6605845068,6106.643109813174,4511.3040645652545
forecast_4870,2025-07-22 22:00:00,7735.877488834112,7736.618326691503,6011.212426928157
forecast_4871,2025-07-22 23:00:00,8981.650842298324,8603.018128322507,6820.410002140187
forecast_4872,2025-07-23 00:00:00,9096.896407855906,8623.953936896785,6844.208039470865
forecast_4873,2025-07-23 01:00:00,8969.686344541453,8593.061881647696,6861.669325406974
forecast_4874,2025-07-23 02:00:00,9045.918966318706,9020.391951010413,7176.117236225295
forecast_4875,2025-07-23 03:00:00,10342.678032907097,10151.545078378893,7463.559151399756
forecast_4876,2025-07-23 04:00:00,10342.678032907097,10151.545078378893,7463.559151399756
forecast_4877,2025-07-23 05:00:00,7973.336027675863,9045.072230393189,6423.076470792837
forecast_4878,2025-07-23 06:00:00,6685.535333342793,7156.9649052235545,5374.4695138256175
forecast_4879,2025-07-23 07:00:00,5136.36347047836,5201.47188270598,3919.3114440129484
forecast_4880,2025-07-23 08:00:00,4312.429781178454,4152.218069193961,3372.7083039663753
forecast_4881,2025-07-23 09:00:00,3170.296096302879,3085.5818741326866,2659.517012107274
forecast_4882,2025-07-23 10:00:00,2661.3414036796185,2621.1731733546444,2197.6456719131374
forecast_4883,2025-07-23 11:00:00,2439.0000517516974,2375.40130087777,2017.2434878289816
forecast_4884,2025-07-23 12:00:00,2439.0000517516974,2373.1183567975386,1966.3780384204251
forecast_4885,2025-07-23 13:00:00,2439.0000517516974,2373.1183567975386,1966.3780384204251
forecast_4886,2025-07-23 14:00:00,2448.613382207315,2364.2709529338235,2098.973045096278
forecast_4887,2025-07-23 15:00:00,2469.2869471670683,2414.70524366094,2136.7859939822824
forecast_4888,2025-07-23 16:00:00,2483.1726326312382,2414.70524366094,2136.7859939822824
forecast_4889,2025-07-23 17:00:00,2789.49476389345,2880.1873120943687,2404.036690370206
forecast_4890,2025-07-23 18:00:00,2866.8383212088593,3014.71675724314,2602.432314351288
forecast_4891,2025-07-23 19:00:00,3404.332579568516,3293.9136590278263,2855.73819036654
forecast_4892,2025-07-23 20:00:00,3708.044675191538,4306.232499413966,3236.4557048191673
forecast_4893,2025-07-23 21:00:00,3749.4408913752395,4397.211958052244,3450.1356816517773
forecast_4894,2025-07-23 22:00:00,5094.27272461232,5274.444300713378,4161.140764550843
forecast_4895,2025-07-23 23:00:00,5311.266892441303,5749.929197070804,4597.4176347973735
forecast_4896,2025-07-24 00:00:00,5356.099741831294,5864.318002772546,4724.451869888217
forecast_4897,2025-07-24 01:00:00,6284.448744843777,6898.482230887344,4731.62103789764
forecast_4898,2025-07-24 02:00:00,7167.032752410879,7352.065772599074,5147.570598568448
forecast_4899,2025-07-24 03:00:00,7672.298733288112,8631.244281748828,5361.212851023215
forecast_4900,2025-07-24 04:00:00,8107.204123996579,8631.244281748828,5589.25864296283
forecast_4901,2025-07-24 05:00:00,8107.204123996579,8522.677781495897,5589.25864296283
forecast_4902,2025-07-24 06:00:00,6897.082483162769,6752.892336518109,4756.247701412287
forecast_4903,2025-07-24 07:00:00,4688.306652189552,5074.788050394264,3693.482973462477
forecast_4904,2025-07-24 08:00:00,3870.2901185183773,3894.1692758455674,3129.519152836431
forecast_4905,2025-07-24 09:00:00,3510.959408167785,3371.8860748817833,2796.736470305764
forecast_4906,2025-07-24 10:00:00,2802.44351730174,3046.594805868165,2412.5738379999184
forecast_4907,2025-07-24 11:00:00,2435.6765748291537,2940.895810257258,2300.864636544231
forecast_4908,2025-07-24 12:00:00,2435.6765748291537,2892.3992409815023,2300.864636544231
forecast_4909,2025-07-24 13:00:00,2435.6765748291537,2892.3992409815023,2300.864636544231
forecast_4910,2025-07-24 14:00:00,2488.161654156296,2892.3992409815023,2325.5230703890975
forecast_4911,2025-07-24 15:00:00,2661.6617447542594,2601.451681414107,2186.7784655455084
forecast_4912,2025-07-24 16:00:00,2832.888006951219,3024.054734922656,2285.0468502954413
forecast_4913,2025-07-24 17:00:00,2805.257887230393,3024.054734922656,2285.0468502954413
forecast_4914,2025-07-24 18:00:00,2832.888006951219,3083.9156000237435,2379.3416595845756
forecast_4915,2025-07-24 19:00:00,3045.0481894990517,3230.3718497317896,2616.9951017020385
forecast_4916,2025-07-24 20:00:00,3105.9149612082447,3422.89060851409,2812.5587994590946
forecast_4917,2025-07-24 21:00:00,3318.319936849425,3483.054456098679,2812.5587994590946
forecast_4918,2025-07-24 22:00:00,4063.078748965967,4182.891993136477,3554.1362299879756
forecast_4919,2025-07-24 23:00:00,4063.078748965967,4221.481772962179,3584.72564173533
forecast_4920,2025-07-25 00:00:00,3962.302808517775,4269.202352153059,3597.067739253415
forecast_4921,2025-07-25 01:00:00,4106.234134604565,4120.0935972173265,3215.132280584289
forecast_4922,2025-07-25 02:00:00,4404.670055129451,4470.370472000825,3451.336884598989
forecast_4923,2025-07-25 03:00:00,4463.536458389159,4722.445939471896,3546.161258211671
forecast_4924,2025-07-25 04:00:00,4566.90667781163,4895.250375087585,3757.518686081664
forecast_4925,2025-07-25 05:00:00,4713.375992461929,4895.250375087585,3934.8998165718604
forecast_4926,2025-07-25 06:00:00,4566.90667781163,4769.967428713476,3757.518686081664
forecast_4927,2025-07-25 07:00:00,4128.996281078697,3898.277627259217,3587.274463646707
forecast_4928,2025-07-25 08:00:00,3722.728089435571,3509.024069433808,3000.3152567139978
forecast_4929,2025-07-25 09:00:00,3278.86243644796,3164.735802587196,2847.95381004632
forecast_4930,2025-07-25 10:00:00,3064.311032315095,3164.735802587196,2700.251031381752
forecast_4931,2025-07-25 11:00:00,2968.053662942646,3142.0225943471874,2591.0829336186116
forecast_4932,2025-07-25 12:00:00,2900.9387518130834,3142.0225943471874,2452.463029863299
forecast_4933,2025-07-25 13:00:00,2900.9387518130834,3126.002995375351,2452.463029863299
forecast_4934,2025-07-25 14:00:00,3103.174017002654,3045.4504763750856,2498.5992982275966
forecast_4935,2025-07-25 15:00:00,3103.174017002654,3126.002995375351,2524.930459513969
forecast_4936,2025-07-25 16:00:00,3038.258368298355,3045.4504763750856,2524.930459513969
forecast_4937,2025-07-25 17:00:00,3032.0285718423584,2887.1316205882204,2188.2326274324923
forecast_4938,2025-07-25 18:00:00,3032.0285718423584,2887.1316205882204,2188.2326274324923
forecast_4939,2025-07-25 19:00:00,3386.5852566688145,3086.7205605911577,2408.807420064096
forecast_4940,2025-07-25 20:00:00,3898.729892961614,3679.373119392097,3046.4481476548635
forecast_4941,2025-07-25 21:00:00,4366.934158193973,4371.447664182761,3492.992770367473
forecast_4942,2025-07-25 22:00:00,4927.6947651038445,4905.080663574823,4494.427339753907
forecast_4943,2025-07-25 23:00:00,5535.403117694349,5528.121190712751,5070.759373902774
forecast_4944,2025-07-26 00:00:00,5739.567716892308,5574.543746747227,5087.042627697223
forecast_4945,2025-07-26 01:00:00,8361.256713773888,6985.5748413882175,6021.953231684658
forecast_4946,2025-07-26 02:00:00,8285.931978653463,6891.565224600771,6006.406051944329
forecast_4947,2025-07-26 03:00:00,7567.677638132389,6587.992409848631,5518.921836651317
forecast_4948,2025-07-26 04:00:00,6818.528997718376,6489.611022444168,5017.645545380739
forecast_4949,2025-07-26 05:00:00,4746.5945526411315,4655.732665124165,3611.4816893452307
forecast_4950,2025-07-26 06:00:00,4155.117092129908,4042.8876624349946,3534.9284909778285
forecast_4951,2025-07-26 07:00:00,4102.438897571269,3866.456598560565,3496.7471701501054
forecast_4952,2025-07-26 08:00:00,3993.727174926564,3756.9750200771546,3217.8148658912655
forecast_4953,2025-07-26 09:00:00,3443.9688675209454,3505.255670436715,2957.357297773852
forecast_4954,2025-07-26 10:00:00,3003.652568335944,3431.4956378194697,2794.093744074259
forecast_4955,2025-07-26 11:00:00,2874.287976463288,3372.132041663606,2652.8422035390877
forecast_4956,2025-07-26 12:00:00,2828.464534228906,3170.5482314679643,2652.8422035390877
forecast_4957,2025-07-26 13:00:00,2759.4592569459455,3170.5482314679643,2639.182627775822
forecast_4958,2025-07-26 14:00:00,2753.7223825927103,3093.145479347453,2465.798308580919
forecast_4959,2025-07-26 15:00:00,2759.4592569459455,2997.9048431223305,2428.106325416806
forecast_4960,2025-07-26 16:00:00,2878.254575758635,2997.9048431223305,2423.728474540436
forecast_4961,2025-07-26 17:00:00,3061.983205716917,3011.012613141779,2423.728474540436
forecast_4962,2025-07-26 18:00:00,3254.3641818809165,3011.1439643921785,2527.608023560474
forecast_4963,2025-07-26 19:00:00,3631.284475096092,3080.3904629237886,2729.895574630052
forecast_4964,2025-07-26 20:00:00,3934.3245034306956,3626.6608028809596,3276.851489561026
forecast_4965,2025-07-26 21:00:00,4123.512505426301,3683.6688349289566,3450.190631778655
forecast_4966,2025-07-26 22:00:00,4811.345984897173,5044.304890335795,4390.144207117932
forecast_4967,2025-07-26 23:00:00,6125.614878440984,6015.709863486263,5412.964731042304
forecast_4968,2025-07-27 00:00:00,6643.539298318293,6318.725130575362,5648.2671331475185
forecast_4969,2025-07-27 01:00:00,9666.367102276912,9572.366395404555,7724.52285458418
forecast_4970,2025-07-27 02:00:00,9439.183984662308,8952.068958040916,7034.780864284886
forecast_4971,2025-07-27 03:00:00,9314.386087190927,8227.616509342632,6784.474817341208
forecast_4972,2025-07-27 04:00:00,7990.422623645639,7152.414546553547,5652.579372956856
forecast_4973,2025-07-27 05:00:00,7256.010167369962,6348.720581999532,5206.60574487009
forecast_4974,2025-07-27 06:00:00,7234.885246087377,6136.943154764453,5072.919291209599
forecast_4975,2025-07-27 07:00:00,5152.317950812253,4710.172811158343,3896.6769303007686
forecast_4976,2025-07-27 08:00:00,3741.9129789383032,3574.3807951061826,2880.054673809426
forecast_4977,2025-07-27 09:00:00,3476.3532112202,3346.551384061825,2701.723412592549
forecast_4978,2025-07-27 10:00:00,3089.7909260161214,3313.2824296043536,2701.723412592549
forecast_4979,2025-07-27 11:00:00,2846.51987780311,3163.768722253172,2617.1740673705267
forecast_4980,2025-07-27 12:00:00,2709.955960215927,3163.768722253172,2620.7322203396557
forecast_4981,2025-07-27 13:00:00,2709.955960215927,3154.7287499458826,2617.1740673705267
forecast_4982,2025-07-27 14:00:00,2883.1262800226204,3189.986102156021,2620.7322203396557
forecast_4983,2025-07-27 15:00:00,3085.04554760878,3152.1513819559086,2547.2093488438295
forecast_4984,2025-07-27 16:00:00,3151.693017152945,3189.986102156021,2626.212423857571
forecast_4985,2025-07-27 17:00:00,3539.5765187751986,3522.581067297593,2626.212423857571
forecast_4986,2025-07-27 18:00:00,3927.073022811457,3893.2523833974287,2926.1872746346444
forecast_4987,2025-07-27 19:00:00,4768.8047748493,4655.376731101698,3709.845413841498
forecast_4988,2025-07-27 20:00:00,6321.5737852182865,5554.4607395161165,4379.615983768299
forecast_4989,2025-07-27 21:00:00,7120.278863383566,6273.762082211579,4992.0411098894
forecast_4990,2025-07-27 22:00:00,8451.167277024397,8033.718143855647,6519.128749221499
forecast_4991,2025-07-27 23:00:00,9896.084203855082,8792.347342766583,7244.975589374692
forecast_4992,2025-07-28 00:00:00,10357.935225121404,9597.222931493841,8019.785601733618
forecast_4993,2025-07-28 01:00:00,11863.673149111508,10096.076247581168,8602.667031748688
forecast_4994,2025-07-28 02:00:00,12202.075278963477,10002.542921346372,8571.899738074302
forecast_4995,2025-07-28 03:00:00,12202.075278963477,9285.31375109638,8203.038092102728
forecast_4996,2025-07-28 04:00:00,11160.627588002331,8560.696924035006,7402.38326515117
forecast_4997,2025-07-28 05:00:00,10388.238039494088,8535.686734857718,7008.978624593932
forecast_4998,2025-07-28 06:00:00,8963.763939985143,7552.166494362943,5958.602787205272
forecast_4999,2025-07-28 07:00:00,6337.516521446763,5544.543506514852,4483.554952995133
forecast_5000,2025-07-28 08:00:00,4426.986815426383,3931.802967881571,3163.8424166299865
forecast_5001,2025-07-28 09:00:00,3875.6429904374054,3161.5928919641415,2788.437017445474
forecast_5002,2025-07-28 10:00:00,3116.890182504724,2669.9009629383445,2346.07878018863
forecast_5003,2025-07-28 11:00:00,2834.234605843397,2595.4270748617328,2243.113560624573
forecast_5004,2025-07-28 12:00:00,2793.858740564401,2595.4270748617328,2218.6503018875023
forecast_5005,2025-07-28 13:00:00,2711.370888565215,2595.4270748617328,2143.8105279726215
forecast_5006,2025-07-28 14:00:00,2708.447852994359,2518.4110990713248,2132.924235646514
forecast_5007,2025-07-28 15:00:00,2708.447852994359,2518.4110990713248,2132.924235646514
forecast_5008,2025-07-28 16:00:00,2761.5419089512116,2708.33406669019,2202.743781672361
forecast_5009,2025-07-28 17:00:00,2804.026500918132,3111.1803453326047,2440.9677237376895
forecast_5010,2025-07-28 18:00:00,3023.9068887570247,3407.012430538574,2542.0376414207067
forecast_5011,2025-07-28 19:00:00,3204.472615953464,3797.135431915099,2826.807576270372
forecast_5012,2025-07-28 20:00:00,3429.6083684681607,3797.135431915099,2826.807576270372
forecast_5013,2025-07-28 21:00:00,3632.39306311138,3848.87679405564,2840.6348265118836
forecast_5014,2025-07-28 22:00:00,4083.7673961099367,3928.4694268738235,3203.1771342090606
forecast_5015,2025-07-28 23:00:00,4083.7673961099367,3928.4694268738235,3264.194771539269
forecast_5016,2025-07-29 00:00:00,4051.6227046608165,3873.3505898235017,3233.6859528741647
forecast_5017,2025-07-29 01:00:00,4125.568901006196,3586.017803411349,2721.61339585963
forecast_5018,2025-07-29 02:00:00,4257.262335138313,3610.2630252132058,2766.2214503432056
forecast_5019,2025-07-29 03:00:00,4257.262335138313,3561.7725816094926,2766.2214503432056
forecast_5020,2025-07-29 04:00:00,3860.844415727268,3522.1230789438428,2599.946039013761
forecast_5021,2025-07-29 05:00:00,3502.307697482096,3058.6149203561654,2549.4835517742276
forecast_5022,2025-07-29 06:00:00,3502.307697482096,3058.6149203561654,2549.4835517742276
forecast_5023,2025-07-29 07:00:00,3470.988682227715,2943.9399117132125,2470.8426071158274
forecast_5024,2025-07-29 08:00:00,3143.8615710650056,2935.5213179071916,2314.7319383759123
forecast_5025,2025-07-29 09:00:00,3041.8748049224223,2935.5213179071916,2314.7319383759123
forecast_5026,2025-07-29 10:00:00,2979.2940412661856,2844.499636754775,2314.7319383759123
forecast_5027,2025-07-29 11:00:00,2662.061089103665,2584.5378844123684,2194.237069052518
forecast_5028,2025-07-29 12:00:00,2644.316009383134,2511.7800024074113,2194.237069052518
forecast_5029,2025-07-29 13:00:00,2644.316009383134,2511.7800024074113,2246.643190355715
forecast_5030,2025-07-29 14:00:00,2686.815411610868,2564.354200529732,2415.5022801466753
forecast_5031,2025-07-29 15:00:00,2686.815411610868,2802.163067974345,2415.5022801466753
forecast_5032,2025-07-29 16:00:00,2686.815411610868,2802.163067974345,2415.2179638351818
forecast_5033,2025-07-29 17:00:00,2760.495617922168,2918.250037480041,2415.2179638351818
forecast_5034,2025-07-29 18:00:00,2965.313094587713,3120.5850072516128,2541.2418611449593
forecast_5035,2025-07-29 19:00:00,3063.355437555754,3138.7264947075682,2665.5266581070523
forecast_5036,2025-07-29 20:00:00,3342.544269437014,3193.610570044714,2758.000802095661
forecast_5037,2025-07-29 21:00:00,3650.533335721034,3474.25816617903,2971.4118451271406
forecast_5038,2025-07-29 22:00:00,4045.829860915006,3551.387688670943,2971.4118451271406
forecast_5039,2025-07-29 23:00:00,4045.829860915006,3551.387688670943,3070.567843624606
forecast_5040,2025-07-30 00:00:00,3977.1691276283154,3532.220155411189,3018.720697948468
forecast_5041,2025-07-30 01:00:00,3506.3183713157205,2979.5377406657726,2410.9151550214656
forecast_5042,2025-07-30 02:00:00,3503.44778881231,2979.0279982890956,2403.462200215621
forecast_5043,2025-07-30 03:00:00,3338.8892228365494,2980.047483042449,2403.462200215621
forecast_5044,2025-07-30 04:00:00,3246.081279097575,3051.878116885795,2679.4231143202533
forecast_5045,2025-07-30 05:00:00,3128.489172368195,3051.878116885795,2679.4231143202533
forecast_5046,2025-07-30 06:00:00,3126.939571483036,3051.878116885795,2693.595358707864
forecast_5047,2025-07-30 07:00:00,3083.3750268965414,3004.6785189223924,2594.1169491300616
forecast_5048,2025-07-30 08:00:00,2903.1636869669255,2792.6068611528453,2274.8016989656917
forecast_5049,2025-07-30 09:00:00,2790.188564357948,2518.1690325714258,2139.828974701214
forecast_5050,2025-07-30 10:00:00,2790.188564357948,2518.1690325714258,2139.828974701214
forecast_5051,2025-07-30 11:00:00,2832.3494998351816,2817.5427629975215,2300.692119726473
forecast_5052,2025-07-30 12:00:00,2832.3494998351816,2817.5427629975215,2310.1380892215466
forecast_5053,2025-07-30 13:00:00,3007.92670613877,2817.5427629975215,2346.0791392935043
forecast_5054,2025-07-30 14:00:00,3014.9823531085485,2740.685978652222,2310.1380892215466
forecast_5055,2025-07-30 15:00:00,3014.9823531085485,2740.685978652222,2298.3865583626457
forecast_5056,2025-07-30 16:00:00,2662.9778279933744,2740.685978652222,2226.5823452763316
forecast_5057,2025-07-30 17:00:00,2632.4619529869697,2688.868535150082,2187.105654941462
forecast_5058,2025-07-30 18:00:00,2662.9778279933744,2840.20831291596,2226.5823452763316
forecast_5059,2025-07-30 19:00:00,2825.953407026779,2866.3146455758874,2315.088168328146
forecast_5060,2025-07-30 20:00:00,3059.873127577309,2955.437853717629,2351.3705930821984
forecast_5061,2025-07-30 21:00:00,3233.448868530785,2972.2023532611697,2505.433614602207
forecast_5062,2025-07-30 22:00:00,3583.280641241482,3123.114768551197,2825.1140104473143
forecast_5063,2025-07-30 23:00:00,3637.2536921305773,3272.1809280102952,2825.1140104473143
forecast_5064,2025-07-31 00:00:00,3758.5367713860815,3319.960398139572,2823.93387412999
forecast_5065,2025-07-31 01:00:00,4229.604680896452,4237.691751198563,3172.173443821861
forecast_5066,2025-07-31 02:00:00,4363.057196432873,4465.720269681789,3308.416984918974
forecast_5067,2025-07-31 03:00:00,4481.895652571427,4656.884521955108,3495.8034183854097
forecast_5068,2025-07-31 04:00:00,4481.895652571427,4682.838795993672,3495.8034183854097
forecast_5069,2025-07-31 05:00:00,4208.750224876585,4682.838795993672,2994.2233975245526
forecast_5070,2025-07-31 06:00:00,4208.750224876585,4144.566378275804,2888.243547150778
forecast_5071,2025-07-31 07:00:00,4018.0994125302864,4052.642449084461,2733.612128170935
forecast_5072,2025-07-31 08:00:00,4018.0994125302864,3764.3157250920335,2733.612128170935
forecast_5073,2025-07-31 09:00:00,3298.3588211186243,3309.9929136309265,2373.6999351831837
forecast_5074,2025-07-31 10:00:00,3009.263145963124,3144.571118484424,2296.880871953762
forecast_5075,2025-07-31 11:00:00,2564.191804852755,3144.571118484424,2296.880871953762
forecast_5076,2025-07-31 12:00:00,2487.6265832141326,3144.571118484424,2275.433463243123
forecast_5077,2025-07-31 13:00:00,2487.6265832141326,3018.7510237118986,2249.7772991909824
forecast_5078,2025-07-31 14:00:00,2704.8609336795726,3018.7510237118986,2249.7772991909824
forecast_5079,2025-07-31 15:00:00,2704.8609336795726,3018.7510237118986,2249.7772991909824
forecast_5080,2025-07-31 16:00:00,2682.8670803228697,3020.8239498217918,2276.222865092446
forecast_5081,2025-07-31 17:00:00,2635.86337916466,3133.7254168715153,2270.8514250317094
forecast_5082,2025-07-31 18:00:00,2682.8670803228697,3146.0551010332288,2276.222865092446
forecast_5083,2025-07-31 19:00:00,2786.267543716829,3146.0551010332288,2361.3915295382426
forecast_5084,2025-07-31 20:00:00,2973.8582578208643,3146.0551010332288,2533.848082080757
forecast_5085,2025-07-31 21:00:00,3031.6874018509498,3188.009042534084,2550.5600121085317
forecast_5086,2025-07-31 22:00:00,3659.7236448361273,3438.4056378346904,3066.9813506999253
forecast_5087,2025-07-31 23:00:00,3659.7236448361273,3603.9218269690364,3066.9813506999253
forecast_5088,2025-08-01 00:00:00,3576.408164663767,3745.345088837279,3034.3502555825144
forecast_5089,2025-08-01 01:00:00,3694.6215384116094,3151.3183956038224,2684.2717354721162
forecast_5090,2025-08-01 02:00:00,3678.0297520261856,3089.7957571912575,2618.2375796488323
forecast_5091,2025-08-01 03:00:00,3632.7583361035768,2910.9430708134114,2484.068582559126
forecast_5092,2025-08-01 04:00:00,3466.516821583702,2878.1394820255355,2428.0838339336324
forecast_5093,2025-08-01 05:00:00,2756.1775182919746,2762.192628237949,2379.997194153863
forecast_5094,2025-08-01 06:00:00,2740.960244063501,2669.8817668611514,2300.2670938312176
forecast_5095,2025-08-01 07:00:00,2605.4856117773106,2649.881665176582,2154.5180866458395
forecast_5096,2025-08-01 08:00:00,2370.95857604955,2538.755255623226,1851.4276765867864
forecast_5097,2025-08-01 09:00:00,2267.912815482702,2396.665390981729,1845.700051078769
forecast_5098,2025-08-01 10:00:00,2267.912815482702,2438.9271996037687,1845.700051078769
forecast_5099,2025-08-01 11:00:00,2596.071081104684,2438.9271996037687,1976.296914699198
forecast_5100,2025-08-01 12:00:00,2596.071081104684,2438.9271996037687,1976.296914699198
forecast_5101,2025-08-01 13:00:00,2634.9582055860656,2224.226764167841,1879.7802315937488
forecast_5102,2025-08-01 14:00:00,2502.55735019064,2222.8023170271135,1879.7802315937488
forecast_5103,2025-08-01 15:00:00,2427.279233196052,2222.8023170271135,1887.072408352607
forecast_5104,2025-08-01 16:00:00,2427.279233196052,2352.9477755495727,1946.6244686442183
forecast_5105,2025-08-01 17:00:00,2576.7072272905298,2427.1499487261626,2043.6370966341046
forecast_5106,2025-08-01 18:00:00,3017.492627021069,2833.6208757916256,2425.8972779002574
forecast_5107,2025-08-01 19:00:00,3338.1715431678194,3278.947375270812,2718.4923087497946
forecast_5108,2025-08-01 20:00:00,3338.1715431678194,3431.0113613495064,2742.5738980316955
forecast_5109,2025-08-01 21:00:00,3338.1715431678194,3776.2007554099187,2925.426866565181
forecast_5110,2025-08-01 22:00:00,3610.7013619848312,3802.970945709338,3171.4028230034482
forecast_5111,2025-08-01 23:00:00,3630.864578814071,4300.271059893484,3247.7092283848187
forecast_5112,2025-08-02 00:00:00,3620.782970399451,4051.621002801411,3209.5560256941335
forecast_5113,2025-08-02 01:00:00,4688.458704587301,4782.250079959895,3501.224790073913
forecast_5114,2025-08-02 02:00:00,4956.86707638296,5108.779024010466,3604.3093918650247
forecast_5115,2025-08-02 03:00:00,5370.645948072233,6498.573328608658,4338.44220769168
forecast_5116,2025-08-02 04:00:00,5867.221366914338,7336.091919380241,4811.927850350373
forecast_5117,2025-08-02 05:00:00,6621.933987779483,8167.409805914662,5116.450785166879
forecast_5118,2025-08-02 06:00:00,7087.530301998115,8200.590308460109,5242.093730520044
forecast_5119,2025-08-02 07:00:00,7087.530301998115,8200.590308460109,5242.093730520044
forecast_5120,2025-08-02 08:00:00,5317.796573956813,6951.59742792157,4264.922331972344
forecast_5121,2025-08-02 09:00:00,4779.273371511913,5749.486781894408,3841.0193993079592
forecast_5122,2025-08-02 10:00:00,3374.666464024517,3668.350029740732,2581.8895055085304
forecast_5123,2025-08-02 11:00:00,2815.6960009063414,3093.974721571675,2269.4078770057326
forecast_5124,2025-08-02 12:00:00,2786.4074952851142,3093.974721571675,2194.286581205722
forecast_5125,2025-08-02 13:00:00,2614.8120939349974,3093.974721571675,2099.298211648556
forecast_5126,2025-08-02 14:00:00,2614.8120939349974,2839.5311751904374,1931.1295257121178
forecast_5127,2025-08-02 15:00:00,2747.3005762355097,2839.5311751904374,1793.1862594544396
forecast_5128,2025-08-02 16:00:00,2892.7475405425866,2839.5311751904374,1811.4927916994639
forecast_5129,2025-08-02 17:00:00,2922.9443684774715,2945.0967345637027,1811.4927916994639
forecast_5130,2025-08-02 18:00:00,2922.9443684774715,2945.0967345637027,2302.463336637432
forecast_5131,2025-08-02 19:00:00,3024.7103925582287,3266.1993230210064,2623.375947595241
forecast_5132,2025-08-02 20:00:00,3305.2845430067337,3672.267884228961,3126.2659965258435
forecast_5133,2025-08-02 21:00:00,3813.0332581624907,3804.6818767014393,3374.365172012501
forecast_5134,2025-08-02 22:00:00,4136.396208984212,4178.278473671689,3586.786641612913
forecast_5135,2025-08-02 23:00:00,4136.396208984212,4226.246324901832,3586.786641612913
forecast_5136,2025-08-03 00:00:00,4022.366866537278,4307.635971351042,3492.352541549114
forecast_5137,2025-08-03 01:00:00,4917.988711946116,4712.046671769258,3236.4361150053037
forecast_5138,2025-08-03 02:00:00,4895.621095906999,4703.308196319296,3061.0634197856516
forecast_5139,2025-08-03 03:00:00,4873.324496238977,4537.315135903616,3032.619202557098
forecast_5140,2025-08-03 04:00:00,4235.568778421552,4207.089758230555,2765.9072013827963
forecast_5141,2025-08-03 05:00:00,3882.38085281938,3723.039497335485,2765.9072013827963
forecast_5142,2025-08-03 06:00:00,3749.2957437346786,3327.056572663308,2735.150548247819
forecast_5143,2025-08-03 07:00:00,3370.38087982294,3324.8956867175875,2557.323559906684
forecast_5144,2025-08-03 08:00:00,3260.11430124657,2864.2920050518687,2373.4455513225007
forecast_5145,2025-08-03 09:00:00,2792.581054070499,2614.3000294123894,1886.4712436686286
forecast_5146,2025-08-03 10:00:00,2773.049235930266,2614.3000294123894,1886.4712436686286
forecast_5147,2025-08-03 11:00:00,2757.167713899482,2727.159057083424,2214.5200206948493
forecast_5148,2025-08-03 12:00:00,2686.2055924517617,2777.384695564654,2214.5200206948493
forecast_5149,2025-08-03 13:00:00,2686.2055924517617,2894.3042275769985,2289.7352579749822
forecast_5150,2025-08-03 14:00:00,2776.2749999087646,3347.9025343571448,2333.654886667163
forecast_5151,2025-08-03 15:00:00,3007.7204624958313,3681.1993446818988,2368.362342827566
forecast_5152,2025-08-03 16:00:00,3025.359355163181,3760.0284434140935,2703.6569885999816
forecast_5153,2025-08-03 17:00:00,3757.40256876862,4458.063554249663,2729.3223331438444
forecast_5154,2025-08-03 18:00:00,3840.6370128174894,4609.625326478396,2980.586005876577
forecast_5155,2025-08-03 19:00:00,4784.633877168783,6619.905145001261,4736.530114022575
forecast_5156,2025-08-03 20:00:00,5072.9024838709975,6619.905145001261,5109.732210913446
forecast_5157,2025-08-03 21:00:00,5337.323271031546,6800.237146529924,5339.77024419957
forecast_5158,2025-08-03 22:00:00,5952.136850637012,7977.99588055414,6030.124871473681
forecast_5159,2025-08-03 23:00:00,5953.704614382739,8002.799874234386,6255.807860179782
forecast_5160,2025-08-04 00:00:00,6258.880492918112,8284.367555685381,6471.063568148023
forecast_5161,2025-08-04 01:00:00,5187.816501410874,6680.8137316355915,5768.891904728194
forecast_5162,2025-08-04 02:00:00,5502.734250516298,7228.480450823705,6144.356746397662
forecast_5163,2025-08-04 03:00:00,5710.974376948032,7725.090330428963,6184.105557453851
forecast_5164,2025-08-04 04:00:00,6689.843517403288,9351.263801200419,6893.691695659506
forecast_5165,2025-08-04 05:00:00,6689.843517403288,9351.263801200419,6893.691695659506
forecast_5166,2025-08-04 06:00:00,6376.937628555264,8617.566208817936,6544.697719404118
forecast_5167,2025-08-04 07:00:00,6333.669446254344,8617.566208817936,6320.493324090607
forecast_5168,2025-08-04 08:00:00,6061.078375035868,8849.887523958047,5905.0063420391925
forecast_5169,2025-08-04 09:00:00,5744.052130845661,8849.887523958047,5847.061524745162
forecast_5170,2025-08-04 10:00:00,5244.5349408236625,8728.277387490232,5734.769630875367
forecast_5171,2025-08-04 11:00:00,5180.895963824063,8475.889226193161,5734.769630875367
forecast_5172,2025-08-04 12:00:00,5142.14347962021,8475.889226193161,5704.235676567841
forecast_5173,2025-08-04 13:00:00,4836.015301217876,6678.252877417633,4582.936215475793
forecast_5174,2025-08-04 14:00:00,4230.161042498501,5234.365753259046,3852.4292094116267
forecast_5175,2025-08-04 15:00:00,4007.0777837007026,5068.792014365521,3646.1702510442497
forecast_5176,2025-08-04 16:00:00,4040.4327227482163,4748.925775089392,3637.401429209519
forecast_5177,2025-08-04 17:00:00,4040.4327227482163,4748.925775089392,3637.401429209519
forecast_5178,2025-08-04 18:00:00,4820.950501365638,4978.805669674283,4194.235975807903
forecast_5179,2025-08-04 19:00:00,4820.950501365638,4978.805669674283,4194.235975807903
forecast_5180,2025-08-04 20:00:00,4912.41332265126,4978.805669674283,4501.309414232702
forecast_5181,2025-08-04 21:00:00,6143.7645581252555,6989.733159671098,5812.492947672633
forecast_5182,2025-08-04 22:00:00,6662.491699040244,7329.923685232406,6544.843282920374
forecast_5183,2025-08-04 23:00:00,7631.383231952657,9358.630159598959,7866.301002246524
forecast_5184,2025-08-05 00:00:00,8078.258430544396,10215.832804792779,8605.854360809748
forecast_5185,2025-08-05 01:00:00,5048.661193412689,4763.461862052653,3835.606715148073
forecast_5186,2025-08-05 02:00:00,5015.690613597939,4766.8800930632715,3826.6388347408683
forecast_5187,2025-08-05 03:00:00,4881.132579729171,4766.8800930632715,3826.6388347408683
forecast_5188,2025-08-05 04:00:00,4516.344976475748,4381.815396280427,3435.2322849206626
forecast_5189,2025-08-05 05:00:00,4324.048315028135,4065.53838725224,3203.3309723759885
forecast_5190,2025-08-05 06:00:00,4324.048315028135,3772.998653900444,3125.4136053811044
forecast_5191,2025-08-05 07:00:00,4494.704447129051,4012.269943311872,3125.4136053811044
forecast_5192,2025-08-05 08:00:00,4494.704447129051,3901.711057102329,3097.455937188192
forecast_5193,2025-08-05 09:00:00,3955.733705772882,3901.711057102329,3090.3438614040533
forecast_5194,2025-08-05 10:00:00,3628.8801871564,3219.882395300274,2697.2965462051156
forecast_5195,2025-08-05 11:00:00,3495.074228640183,3219.882395300274,2697.2965462051156
forecast_5196,2025-08-05 12:00:00,3495.074228640183,3547.0689642791526,2924.6085761706036
forecast_5197,2025-08-05 13:00:00,3620.423122146679,4971.936402249695,4083.2012745636166
forecast_5198,2025-08-05 14:00:00,4788.347005701744,6381.5283421675695,5106.597183730779
forecast_5199,2025-08-05 15:00:00,5568.8635590201075,6471.448565297002,5483.269285787426
forecast_5200,2025-08-05 16:00:00,5954.862144607146,6546.025181899991,5556.20429330542
forecast_5201,2025-08-05 17:00:00,5954.862144607146,6471.448565297002,5483.269285787426
forecast_5202,2025-08-05 18:00:00,5115.650982903331,5496.37564350803,4527.933160354152
forecast_5203,2025-08-05 19:00:00,5115.650982903331,5496.37564350803,4527.933160354152
forecast_5204,2025-08-05 20:00:00,5444.412418669561,6662.947332035593,5016.68993080986
forecast_5205,2025-08-05 21:00:00,7070.1728524075825,7685.988834413094,5786.773352089549
forecast_5206,2025-08-05 22:00:00,8076.54384761648,9898.151748160519,7259.182468959368
forecast_5207,2025-08-05 23:00:00,8076.54384761648,10790.097302507998,7835.027836304288
forecast_5208,2025-08-06 00:00:00,7972.672468189758,10899.35570542985,7950.7783225955845
forecast_5209,2025-08-06 01:00:00,12579.83369775939,14154.171844652981,13001.802807044882
forecast_5210,2025-08-06 02:00:00,12323.785696506035,13889.419573490111,12835.993229949123
forecast_5211,2025-08-06 03:00:00,11579.944917850584,13728.983171336806,12097.152145673212
forecast_5212,2025-08-06 04:00:00,11335.047914717266,13728.983171336806,12097.152145673212
forecast_5213,2025-08-06 05:00:00,11335.047914717266,13792.046268521124,12153.26017696569
forecast_5214,2025-08-06 06:00:00,11356.46023530308,13834.896502249921,12251.707670750195
forecast_5215,2025-08-06 07:00:00,11356.46023530308,13792.046268521124,12251.707670750195
forecast_5216,2025-08-06 08:00:00,11663.160972513415,14484.266198199135,13165.420718690384
forecast_5217,2025-08-06 09:00:00,12014.70356685717,14381.171816112605,13417.820756621315
forecast_5218,2025-08-06 10:00:00,12066.439782330797,14381.171816112605,13417.820756621315
forecast_5219,2025-08-06 11:00:00,12246.405344241542,14381.171816112605,13693.444577804563
forecast_5220,2025-08-06 12:00:00,12464.030684093424,14572.55544131633,13879.904771298792
forecast_5221,2025-08-06 13:00:00,12821.34135384159,16252.966653581974,15622.864810451643
forecast_5222,2025-08-06 14:00:00,12821.34135384159,16252.966653581974,15622.864810451643
forecast_5223,2025-08-06 15:00:00,12526.780204761508,14945.470451381609,13835.86168987741
forecast_5224,2025-08-06 16:00:00,12345.61129865601,14037.7979121903,13286.366161610487
forecast_5225,2025-08-06 17:00:00,12345.61129865601,14037.7979121903,13286.366161610487
forecast_5226,2025-08-06 18:00:00,13150.565167942264,15836.561594878018,15056.06771382085
forecast_5227,2025-08-06 19:00:00,13874.161949053474,16240.143491193865,15937.51814116344
forecast_5228,2025-08-06 20:00:00,13970.667052411176,16240.143491193865,15937.51814116344
forecast_5229,2025-08-06 21:00:00,13970.667052411176,16116.475258062017,16040.026671322432
forecast_5230,2025-08-06 22:00:00,13970.667052411176,16023.302571508815,15819.386638689024
forecast_5231,2025-08-06 23:00:00,13691.366439270369,15646.61424931833,15819.386638689024
forecast_5232,2025-08-07 00:00:00,13479.713876721264,15500.57562606492,15089.527133932634
forecast_5233,2025-08-07 01:00:00,14868.992152164712,16349.346554368682,16239.304249014647
forecast_5234,2025-08-07 02:00:00,14971.387833694323,16277.181654722013,16297.475756680458
forecast_5235,2025-08-07 03:00:00,14971.387833694323,16564.221618260366,16297.475756680458
forecast_5236,2025-08-07 04:00:00,14773.934342624276,16564.221618260366,16111.376485301262
forecast_5237,2025-08-07 05:00:00,14756.168370732206,16564.221618260366,15902.010813805713
forecast_5238,2025-08-07 06:00:00,13930.4215420006,16252.386939970296,15313.185783005869
forecast_5239,2025-08-07 07:00:00,12964.109023613695,14851.969877035706,13445.23493236809
forecast_5240,2025-08-07 08:00:00,10720.520270074008,11891.325739650032,10274.031690377647
forecast_5241,2025-08-07 09:00:00,7845.895832988363,7733.227095053633,6441.8035757378875
forecast_5242,2025-08-07 10:00:00,5141.943428051371,4805.172644707186,4023.12532189279
forecast_5243,2025-08-07 11:00:00,4064.713407806726,3532.5981306615595,3001.224503688157
forecast_5244,2025-08-07 12:00:00,3565.072101335385,3381.570566503248,2876.567786455001
forecast_5245,2025-08-07 13:00:00,3565.072101335385,3381.570566503248,2876.567786455001
forecast_5246,2025-08-07 14:00:00,3729.785307284854,3381.570566503248,2876.567786455001
forecast_5247,2025-08-07 15:00:00,3783.322517570122,3661.618140087524,2747.786099779051
forecast_5248,2025-08-07 16:00:00,3783.322517570122,3661.618140087524,2747.786099779051
forecast_5249,2025-08-07 17:00:00,3723.973810834299,3661.618140087524,2747.786099779051
forecast_5250,2025-08-07 18:00:00,3324.8594166337643,3675.4819932532496,2843.366815221413
forecast_5251,2025-08-07 19:00:00,3324.8594166337643,3675.4819932532496,2903.8477038094843
forecast_5252,2025-08-07 20:00:00,3907.827587836142,4399.542771388101,3642.2234746330423
forecast_5253,2025-08-07 21:00:00,4180.530710843485,4768.374301611643,4028.199860271981
forecast_5254,2025-08-07 22:00:00,4977.502839492088,6100.70315322048,4810.902339901913
forecast_5255,2025-08-07 23:00:00,5391.877934937062,7035.7154274764025,5693.246816264686
forecast_5256,2025-08-08 00:00:00,5578.879057597372,7391.137805889885,5988.637329394071
forecast_5257,2025-08-08 01:00:00,5347.648056027571,6847.843480798509,4760.533883273341
forecast_5258,2025-08-08 02:00:00,5491.377695664873,6907.541697135455,4668.746133229962
forecast_5259,2025-08-08 03:00:00,5491.377695664873,6907.541697135455,4546.728740518238
forecast_5260,2025-08-08 04:00:00,4951.998238376531,6228.547474737819,4208.970651072277
forecast_5261,2025-08-08 05:00:00,4104.653093945109,4797.723650818745,3620.9645119519
forecast_5262,2025-08-08 06:00:00,3386.8030288513264,3964.109734239806,3207.354735570527
forecast_5263,2025-08-08 07:00:00,2817.925807964669,3255.762733305881,2652.228195409306
forecast_5264,2025-08-08 08:00:00,2796.7383334495007,3255.762733305881,2526.9039720246055
forecast_5265,2025-08-08 09:00:00,2772.8727430972713,3255.762733305881,2474.5664220726444
forecast_5266,2025-08-08 10:00:00,2491.495358891543,3163.527129347874,2206.59438045012
forecast_5267,2025-08-08 11:00:00,2491.495358891543,2732.473998617548,2206.59438045012
forecast_5268,2025-08-08 12:00:00,2871.4800992648998,2719.621408368829,2316.019742483415
forecast_5269,2025-08-08 13:00:00,2944.3821541773395,2732.473998617548,2473.9002263408083
forecast_5270,2025-08-08 14:00:00,2944.3821541773395,2785.167574838917,2628.2685409547807
forecast_5271,2025-08-08 15:00:00,3006.5827012147083,2954.644410679923,2670.6016991261868
forecast_5272,2025-08-08 16:00:00,2841.937212040315,2785.167574838917,2628.2685409547807
forecast_5273,2025-08-08 17:00:00,2732.5329684880553,2845.084693798086,2516.1635805393885
forecast_5274,2025-08-08 18:00:00,2732.5329684880553,2845.084693798086,2516.1635805393885
forecast_5275,2025-08-08 19:00:00,2844.4410252693624,3364.5826648057187,2693.3627454373604
forecast_5276,2025-08-08 20:00:00,3015.5889786956586,3421.166570256125,2735.1677181286896
forecast_5277,2025-08-08 21:00:00,3196.749883009229,3421.166570256125,2853.741947213808
forecast_5278,2025-08-08 22:00:00,3477.8130964786415,4058.866036446484,3361.1501714931455
forecast_5279,2025-08-08 23:00:00,3829.4940102100086,4672.7541902501425,3709.0172539231653
forecast_5280,2025-08-09 00:00:00,3981.228667465226,4798.957028114506,3783.5020510807617
forecast_5281,2025-08-09 01:00:00,3213.9986825915375,3510.210197437968,2520.983050504991
forecast_5282,2025-08-09 02:00:00,3033.5573953039975,3450.5951155079397,2505.0755157583317
forecast_5283,2025-08-09 03:00:00,3394.4399698790776,3569.8252793679962,2536.89058525165
forecast_5284,2025-08-09 04:00:00,3536.7529845031922,3875.721252181896,2761.7787025134467
forecast_5285,2025-08-09 05:00:00,4214.8755420991465,4847.589779948495,3453.9215768329864
forecast_5286,2025-08-09 06:00:00,4214.8755420991465,4942.107224115574,3453.9215768329864
forecast_5287,2025-08-09 07:00:00,4121.246602120782,4847.589779948495,3119.151004261411
forecast_5288,2025-08-09 08:00:00,4121.246602120782,4592.591858633785,3119.151004261411
forecast_5289,2025-08-09 09:00:00,4121.246602120782,4453.010372803034,3119.151004261411
forecast_5290,2025-08-09 10:00:00,3930.9930515881556,4327.57369823924,2982.37560422543
forecast_5291,2025-08-09 11:00:00,3904.2634078721376,4327.57369823924,2982.37560422543
forecast_5292,2025-08-09 12:00:00,3832.3938360378716,4410.966952358075,2975.2019203722784
forecast_5293,2025-08-09 13:00:00,3487.6525048500607,4410.966952358075,2975.2019203722784
forecast_5294,2025-08-09 14:00:00,2904.3514302292333,3474.9980412270043,2744.399330243152
forecast_5295,2025-08-09 15:00:00,2699.711273539194,3140.1222255851035,2438.910511171881
forecast_5296,2025-08-09 16:00:00,2699.711273539194,3140.1222255851035,2438.910511171881
forecast_5297,2025-08-09 17:00:00,3085.7563603536873,3994.1789512573077,3024.152390343237
forecast_5298,2025-08-09 18:00:00,3085.7563603536873,3994.1789512573077,3024.152390343237
forecast_5299,2025-08-09 19:00:00,2759.5460346976934,3777.5600049736113,2575.862739961914
forecast_5300,2025-08-09 20:00:00,2759.5460346976934,3777.5600049736113,2268.940720985439
forecast_5301,2025-08-09 21:00:00,3152.794935331689,4484.5647806365805,2268.940720985439
forecast_5302,2025-08-09 22:00:00,3804.6534264452785,4484.5647806365805,3304.1929817698174
forecast_5303,2025-08-09 23:00:00,3830.2387984452134,4289.148667168112,3355.5259773959183
forecast_5304,2025-08-10 00:00:00,3818.374982105816,4232.80919799935,3424.334961384833
forecast_5305,2025-08-10 01:00:00,3079.7896925538907,3122.379299563085,2505.651769819727
forecast_5306,2025-08-10 02:00:00,3078.993096024884,3074.243010818456,2491.4667030027904
forecast_5307,2025-08-10 03:00:00,2898.3648040357675,3017.626865168779,2366.0656052192285
forecast_5308,2025-08-10 04:00:00,2798.8410165450696,3039.7925322866263,2358.0362555857123
forecast_5309,2025-08-10 05:00:00,2736.192937628177,3039.7925322866263,2358.0362555857123
forecast_5310,2025-08-10 06:00:00,2666.668641161744,3041.3856252595633,2347.013782706358
forecast_5311,2025-08-10 07:00:00,2533.666005106322,3041.3856252595633,2236.0231365131017
forecast_5312,2025-08-10 08:00:00,2531.016094861003,2813.9606591389,2181.3984788230255
forecast_5313,2025-08-10 09:00:00,2461.2415617217066,2743.26480082316,2177.612852683069
forecast_5314,2025-08-10 10:00:00,2464.43997406184,2731.5052239615698,2177.612852683069
forecast_5315,2025-08-10 11:00:00,2464.43997406184,2731.5052239615698,2221.3828046272233
forecast_5316,2025-08-10 12:00:00,2613.943787377936,2816.6238057347296,2320.286419287354
forecast_5317,2025-08-10 13:00:00,2673.8094551906606,2864.178942009192,2341.2127518068446
forecast_5318,2025-08-10 14:00:00,2865.6361523401665,2883.4173542925046,2458.235200284192
forecast_5319,2025-08-10 15:00:00,2865.6361523401665,2864.178942009192,2592.0967008705547
forecast_5320,2025-08-10 16:00:00,2791.6751314489193,2862.2376539500274,2592.0967008705547
forecast_5321,2025-08-10 17:00:00,2722.623752590819,2800.8516293874454,2524.5526116128185
forecast_5322,2025-08-10 18:00:00,2713.9806384563335,2756.7083607189234,2440.1321775904144
forecast_5323,2025-08-10 19:00:00,2722.623752590819,2756.7083607189234,2440.1321775904144
forecast_5324,2025-08-10 20:00:00,2891.0143535043535,2844.5032569860023,2537.830633953061
forecast_5325,2025-08-10 21:00:00,2922.72059683104,2964.253048606497,2578.9182623191855
forecast_5326,2025-08-10 22:00:00,3419.745378802626,3587.9022446681106,3038.3037621989506
forecast_5327,2025-08-10 23:00:00,3442.1263024889086,4108.609525994658,3130.392908787254
forecast_5328,2025-08-11 00:00:00,3558.4228710949237,4293.318619770598,3421.2042143698673
forecast_5329,2025-08-11 01:00:00,2722.79543121406,3043.5896285148465,2222.3548020413264
forecast_5330,2025-08-11 02:00:00,2742.839884401459,3310.7420823855455,2328.0380422335575
forecast_5331,2025-08-11 03:00:00,2769.7227850097315,3310.7420823855455,2413.926772402003
forecast_5332,2025-08-11 04:00:00,2742.839884401459,3158.489978640542,2479.2561758007287
forecast_5333,2025-08-11 05:00:00,2584.958419257163,3139.1712167817705,2479.2561758007287
forecast_5334,2025-08-11 06:00:00,2410.089137499879,2949.487626639184,2221.969713566456
forecast_5335,2025-08-11 07:00:00,2377.202786576824,2839.447029180729,2176.477047432116
forecast_5336,2025-08-11 08:00:00,2377.202786576824,2567.621822423357,2061.9789538178547
forecast_5337,2025-08-11 09:00:00,2439.91372124778,2539.018083348019,2059.542470940775
forecast_5338,2025-08-11 10:00:00,2439.91372124778,2314.250796455209,1982.6973127423387
forecast_5339,2025-08-11 11:00:00,2439.91372124778,2314.250796455209,1982.6973127423387
forecast_5340,2025-08-11 12:00:00,2458.9606311658317,2579.8773627619375,2106.7444810218612
forecast_5341,2025-08-11 13:00:00,2458.9606311658317,2579.8773627619375,2106.7444810218612
forecast_5342,2025-08-11 14:00:00,2371.23150923502,2623.011029136822,2106.7444810218612
forecast_5343,2025-08-11 15:00:00,2364.8821078965775,2667.763042890424,2097.4243943905676
forecast_5344,2025-08-11 16:00:00,2371.23150923502,2721.7233692324126,2169.219930377103
forecast_5345,2025-08-11 17:00:00,2475.181426584908,2721.7233692324126,2252.022453072821
forecast_5346,2025-08-11 18:00:00,2559.9320629087515,2712.330226746124,2307.8874445970364
forecast_5347,2025-08-11 19:00:00,2475.181426584908,2607.824243523769,2307.8874445970364
forecast_5348,2025-08-11 20:00:00,2612.361927317792,2607.824243523769,2323.208168085688
forecast_5349,2025-08-11 21:00:00,2859.80106777542,3099.201484796198,2443.692508983083
forecast_5350,2025-08-11 22:00:00,3104.083940298192,3286.9631375617046,2736.171885010126
forecast_5351,2025-08-11 23:00:00,3104.083940298192,3303.3140325929535,2736.171885010126
forecast_5352,2025-08-12 00:00:00,3121.324097785384,3295.138585077329,2731.4693280961055
forecast_5353,2025-08-12 01:00:00,3680.057447302418,3650.412056904792,2775.595435638845
forecast_5354,2025-08-12 02:00:00,3680.1870408902514,3689.7680004412305,2861.076531928311
forecast_5355,2025-08-12 03:00:00,3716.08152845753,4090.979955693024,2862.8729075866577
forecast_5356,2025-08-12 04:00:00,3716.08152845753,4090.979955693024,2862.8729075866577
forecast_5357,2025-08-12 05:00:00,3119.574854069243,3576.0448030121324,2625.4203084980704
forecast_5358,2025-08-12 06:00:00,2937.4943150868594,3301.811778285869,2598.6035344188704
forecast_5359,2025-08-12 07:00:00,2712.699549228737,3284.278797765148,2470.033860663607
forecast_5360,2025-08-12 08:00:00,2427.882570135045,2966.819186009362,2169.1202258340204
forecast_5361,2025-08-12 09:00:00,2427.882570135045,2477.682044858671,2156.167890881852
forecast_5362,2025-08-12 10:00:00,2396.081251035115,2477.682044858671,2156.167890881852
forecast_5363,2025-08-12 11:00:00,2396.081251035115,2689.932815210701,2230.2077591699353
forecast_5364,2025-08-12 12:00:00,2385.2710826846587,2689.932815210701,2235.10690846857
forecast_5365,2025-08-12 13:00:00,2385.2710826846587,2645.071793116112,2238.5387250709623
forecast_5366,2025-08-12 14:00:00,2408.905508521785,2561.768326699189,2238.5387250709623
forecast_5367,2025-08-12 15:00:00,2519.8664851874255,2561.768326699189,2306.353700870727
forecast_5368,2025-08-12 16:00:00,2728.103887144862,2614.2504940653544,2306.353700870727
forecast_5369,2025-08-12 17:00:00,2816.2135827831025,3013.7250694801246,2388.780621484486
forecast_5370,2025-08-12 18:00:00,2839.728274154242,3137.644945430533,2406.243654779286
forecast_5371,2025-08-12 19:00:00,3022.356301250381,3461.896197726179,2606.6795811892366
forecast_5372,2025-08-12 20:00:00,3332.2899962157226,3527.6022081918427,2853.421274498309
forecast_5373,2025-08-12 21:00:00,3569.1537174772657,4248.957400593096,3192.2018035037026
forecast_5374,2025-08-12 22:00:00,4065.84939760442,4867.4247185521635,3733.414942243629
forecast_5375,2025-08-12 23:00:00,4360.923416241061,5145.8671264208115,4231.471278106725
forecast_5376,2025-08-13 00:00:00,4366.896862793661,5504.808840498259,4257.504086574112
forecast_5377,2025-08-13 01:00:00,3600.6706829302166,3773.025548873831,2705.440771441371
forecast_5378,2025-08-13 02:00:00,3667.6051010182855,3918.997750376731,2713.018538623519
forecast_5379,2025-08-13 03:00:00,3973.4048169678044,4595.378763088297,2865.4318717468777
forecast_5380,2025-08-13 04:00:00,4012.9630068763854,5105.115288173183,3362.379160735914
forecast_5381,2025-08-13 05:00:00,4254.0251198620645,5224.3267776300545,3441.7377317439536
forecast_5382,2025-08-13 06:00:00,4469.065215827689,6019.567543326205,3673.5377729353363
forecast_5383,2025-08-13 07:00:00,4716.111033480204,6755.178387908786,4700.571265490186
forecast_5384,2025-08-13 08:00:00,5291.087303641375,8292.772285706575,5647.942705948326
forecast_5385,2025-08-13 09:00:00,5393.04815108438,9061.052955411098,6179.400839984183
forecast_5386,2025-08-13 10:00:00,5886.635042691381,9129.763890644339,6355.992219472823
forecast_5387,2025-08-13 11:00:00,5886.635042691381,9415.69615573333,7039.639206709392
forecast_5388,2025-08-13 12:00:00,5831.54053640403,9415.69615573333,7039.639206709392
forecast_5389,2025-08-13 13:00:00,5234.274564381569,9261.732898771545,6824.401111342777
forecast_5390,2025-08-13 14:00:00,5234.274564381569,9261.732898771545,6824.401111342777
forecast_5391,2025-08-13 15:00:00,5870.902964341072,10613.34228168864,7866.075100124536
forecast_5392,2025-08-13 16:00:00,6101.8296057031275,10706.635649032109,8471.567350520458
forecast_5393,2025-08-13 17:00:00,6149.855263981678,11011.556279308996,8554.45184566109
forecast_5394,2025-08-13 18:00:00,6845.638391349932,11621.597937202176,10039.13179192567
forecast_5395,2025-08-13 19:00:00,9712.16208073105,13489.976483623632,11438.743639760747
forecast_5396,2025-08-13 20:00:00,12607.679019216806,15867.414185736916,15055.166497063054
forecast_5397,2025-08-13 21:00:00,14263.984087967032,17665.81144171467,17215.321411532223
forecast_5398,2025-08-13 22:00:00,15427.398899680873,18232.059012857506,17975.521326564605
forecast_5399,2025-08-13 23:00:00,15435.039862460408,18272.85935724061,17989.3879302149
forecast_5400,2025-08-14 00:00:00,15431.21938107064,18252.459185049058,17982.45462838975
forecast_5401,2025-08-14 01:00:00,15734.217696314234,18409.732847374573,18197.57615228236
forecast_5402,2025-08-14 02:00:00,15553.165440881208,18272.55761290431,18118.605565355036
forecast_5403,2025-08-14 03:00:00,15385.708055765239,17756.080552717707,17517.79582098173
forecast_5404,2025-08-14 04:00:00,15278.317251246997,17293.27896377453,16857.49611434524
forecast_5405,2025-08-14 05:00:00,14262.238630505366,16123.234934976661,15882.851537798408
forecast_5406,2025-08-14 06:00:00,13466.472557946896,15456.88435099755,15254.859614811276
forecast_5407,2025-08-14 07:00:00,13029.927494539721,14798.6177865163,14301.479849747246
forecast_5408,2025-08-14 08:00:00,12454.150481106159,14555.336241661866,13830.331040835463
forecast_5409,2025-08-14 09:00:00,12318.237940581019,14351.948903858654,13434.179140644139
forecast_5410,2025-08-14 10:00:00,11884.09444647249,13374.5627022267,12479.307271493046
forecast_5411,2025-08-14 11:00:00,10151.855940862602,11342.476272277218,10514.276243982766
forecast_5412,2025-08-14 12:00:00,8606.755215137637,10420.719278360784,8882.071676764861
forecast_5413,2025-08-14 13:00:00,8606.755215137637,10229.236781754045,8882.071676764861
forecast_5414,2025-08-14 14:00:00,8653.446205988108,10229.236781754045,9484.232681859989
forecast_5415,2025-08-14 15:00:00,9061.238526474814,11101.702893962307,9992.994121622858
forecast_5416,2025-08-14 16:00:00,10018.630500014231,12380.153135071483,11412.744233002548
forecast_5417,2025-08-14 17:00:00,10018.630500014231,12380.153135071483,11412.744233002548
forecast_5418,2025-08-14 18:00:00,9137.534368654622,11429.571688945314,9409.970378502185
forecast_5419,2025-08-14 19:00:00,9137.534368654622,11429.571688945314,9409.970378502185
forecast_5420,2025-08-14 20:00:00,11846.072168582858,12376.670202939109,11266.771449871178
forecast_5421,2025-08-14 21:00:00,11855.784958444183,12475.254765050346,11672.970385505738
forecast_5422,2025-08-14 22:00:00,12859.411680389347,13948.986345850592,11812.797332507347
forecast_5423,2025-08-14 23:00:00,12859.411680389347,13948.986345850592,11812.797332507347
forecast_5424,2025-08-15 00:00:00,12697.354870794,13799.851984633191,11773.062261902007
forecast_5425,2025-08-15 01:00:00,12695.064994576695,13437.07717026363,10622.854191459237
forecast_5426,2025-08-15 02:00:00,12425.595126435011,13514.126357358922,10188.213611365283
forecast_5427,2025-08-15 03:00:00,12392.28989882662,13255.464797306093,10039.251699966568
forecast_5428,2025-08-15 04:00:00,12392.28989882662,13167.139075112025,9721.2356535341
forecast_5429,2025-08-15 05:00:00,11072.686692077032,11793.707922125866,8548.004397786892
forecast_5430,2025-08-15 06:00:00,9704.776696941195,10246.328008401968,7341.239888556705
forecast_5431,2025-08-15 07:00:00,7912.092861593542,8884.267756492462,6077.6056023877245
forecast_5432,2025-08-15 08:00:00,5088.382135796115,5955.755690065048,4509.732524024057
forecast_5433,2025-08-15 09:00:00,3823.8756548117303,3841.9493468075625,3140.1761179535742
forecast_5434,2025-08-15 10:00:00,3183.9850768848473,3187.1830226983147,2765.254192205798
forecast_5435,2025-08-15 11:00:00,2804.030713999002,3003.693273650969,2488.7484022884855
forecast_5436,2025-08-15 12:00:00,2804.030713999002,3003.693273650969,2488.7484022884855
forecast_5437,2025-08-15 13:00:00,2885.07302899392,3128.8510533743693,2718.438340045127
forecast_5438,2025-08-15 14:00:00,2947.47423666925,3128.8510533743693,2718.438340045127
forecast_5439,2025-08-15 15:00:00,2885.07302899392,3057.655657560409,2657.6964388358156
forecast_5440,2025-08-15 16:00:00,2857.632133625004,2926.5361307090398,2449.7404036479065
forecast_5441,2025-08-15 17:00:00,2857.632133625004,2869.933220084973,2442.0588317599686
forecast_5442,2025-08-15 18:00:00,2999.0059527917,2926.5361307090398,2449.7404036479065
forecast_5443,2025-08-15 19:00:00,3282.4345716766766,3298.7811974513243,2976.758535602049
forecast_5444,2025-08-15 20:00:00,3973.5441825836137,4074.684066032017,3614.581992824172
forecast_5445,2025-08-15 21:00:00,4214.201683458653,4704.829725247644,3936.4670669655693
forecast_5446,2025-08-15 22:00:00,4994.056151775236,6034.431618164078,4936.156920313522
forecast_5447,2025-08-15 23:00:00,5000.936089673007,6600.866122043115,4981.1216851048885
forecast_5448,2025-08-16 00:00:00,5507.187612899507,7235.010034068624,5323.532921700672
forecast_5449,2025-08-16 01:00:00,9548.346788900399,10439.773573655733,7517.483858349627
forecast_5450,2025-08-16 02:00:00,9811.010149357871,11419.095241326548,8120.713199908429
forecast_5451,2025-08-16 03:00:00,9811.010149357871,11419.095241326548,8577.262903801038
forecast_5452,2025-08-16 04:00:00,9206.151360102089,11366.560684253465,8577.262903801038
forecast_5453,2025-08-16 05:00:00,9206.151360102089,11096.372009036102,7801.3863023023305
forecast_5454,2025-08-16 06:00:00,9158.867408565062,10829.985590593842,7685.117095088721
forecast_5455,2025-08-16 07:00:00,9158.867408565062,10580.043725742153,7511.028749911821
forecast_5456,2025-08-16 08:00:00,8075.453325445577,8658.244683512425,5827.055222086452
forecast_5457,2025-08-16 09:00:00,6579.699012769915,7361.496569587069,5160.439396589649
forecast_5458,2025-08-16 10:00:00,5165.420292449144,5393.955338228142,4104.735763979832
forecast_5459,2025-08-16 11:00:00,5162.832708088252,5370.271863228392,4104.735763979832
forecast_5460,2025-08-16 12:00:00,5162.832708088252,5393.955338228142,4185.675916792036
forecast_5461,2025-08-16 13:00:00,6029.041868462578,6169.3143117763775,5287.2662636764235
forecast_5462,2025-08-16 14:00:00,6801.446497331754,7259.0128501253175,6422.054248439721
forecast_5463,2025-08-16 15:00:00,7322.225821797337,7352.410757162087,6656.559907836638
forecast_5464,2025-08-16 16:00:00,7322.225821797337,7369.051104777675,6808.033326811232
forecast_5465,2025-08-16 17:00:00,7322.225821797337,7581.098578083165,6973.079938767623
forecast_5466,2025-08-16 18:00:00,9900.19083017422,9623.178032073982,9656.494608185014
forecast_5467,2025-08-16 19:00:00,11609.048623716322,10847.456255400484,10600.981225519892
forecast_5468,2025-08-16 20:00:00,12532.697708999915,12261.330767491676,11723.918142890387
forecast_5469,2025-08-16 21:00:00,13825.821614183122,14658.714690678424,13371.29388211653
forecast_5470,2025-08-16 22:00:00,15513.19343012976,15501.68690768278,14729.778502804644
forecast_5471,2025-08-16 23:00:00,15804.167386967181,15740.06917120418,15687.438101996435
forecast_5472,2025-08-17 00:00:00,15850.92628624824,16172.686409009064,15775.666831182183
forecast_5473,2025-08-17 01:00:00,17025.88161349207,17925.81058599059,16789.22303080826
forecast_5474,2025-08-17 02:00:00,16946.182024330108,17819.64427685563,16675.392574936406
forecast_5475,2025-08-17 03:00:00,16946.182024330108,18009.211931659593,16675.392574936406
forecast_5476,2025-08-17 04:00:00,17982.147101631657,18009.211931659593,17163.001199149297
forecast_5477,2025-08-17 05:00:00,18439.70984811448,18050.98073408512,17163.001199149297
forecast_5478,2025-08-17 06:00:00,18439.70984811448,18050.98073408512,16670.34789573259
forecast_5479,2025-08-17 07:00:00,17165.440979085488,16275.126098426947,14103.37818638973
forecast_5480,2025-08-17 08:00:00,15287.764752109657,15349.829848932202,13149.424287445418
forecast_5481,2025-08-17 09:00:00,11352.618691313275,12848.95873657182,10686.768005408125
forecast_5482,2025-08-17 10:00:00,7700.89641490568,8329.814024925548,6190.909228150653
forecast_5483,2025-08-17 11:00:00,4789.218308942536,5791.907968645415,3940.1734632324356
forecast_5484,2025-08-17 12:00:00,4251.745408065343,4907.509560049333,3330.2294244940413
forecast_5485,2025-08-17 13:00:00,4251.745408065343,4318.629988518607,3194.3873744923285
forecast_5486,2025-08-17 14:00:00,4059.778986141586,4242.066010070397,3003.232229487031
forecast_5487,2025-08-17 15:00:00,4059.778986141586,4095.767840885424,2811.867940368875
forecast_5488,2025-08-17 16:00:00,3953.34778508733,4095.767840885424,2811.867940368875
forecast_5489,2025-08-17 17:00:00,3953.34778508733,4361.47596135595,3061.7288219693883
forecast_5490,2025-08-17 18:00:00,4016.8274496551744,4507.888174485425,3207.4941644104383
forecast_5491,2025-08-17 19:00:00,4928.08091656775,5136.3527312922815,3707.108345921589
forecast_5492,2025-08-17 20:00:00,5141.369391777695,6278.69048911032,4319.495264856938
forecast_5493,2025-08-17 21:00:00,5490.641839581033,6389.572713187175,4688.757739589498
forecast_5494,2025-08-17 22:00:00,5491.387706834792,6586.074581979053,4802.957309076217
forecast_5495,2025-08-17 23:00:00,5510.21257085931,6586.074581979053,5469.53252671803
forecast_5496,2025-08-18 00:00:00,5764.09462870102,7149.852322786002,5645.2893753662465
forecast_5497,2025-08-18 01:00:00,8251.06909008434,8494.706437833695,5704.324790828585
forecast_5498,2025-08-18 02:00:00,8109.29584401921,8700.382002105081,5810.126269209339
forecast_5499,2025-08-18 03:00:00,7759.174657539636,9067.451529176738,6095.696328858978
forecast_5500,2025-08-18 04:00:00,7759.174657539636,9067.451529176738,6208.60342493752
forecast_5501,2025-08-18 05:00:00,8268.965881644519,9067.451529176738,6208.60342493752
forecast_5502,2025-08-18 06:00:00,9479.438950761103,9708.050320951908,7005.244660359561
forecast_5503,2025-08-18 07:00:00,9501.51571616265,10296.1432227177,7057.214472644371
forecast_5504,2025-08-18 08:00:00,9501.51571616265,10296.1432227177,7005.244660359561
forecast_5505,2025-08-18 09:00:00,7959.753312333043,9139.787436400075,6124.272531071716
forecast_5506,2025-08-18 10:00:00,6406.281782109684,7420.084812212796,5508.669463402929
forecast_5507,2025-08-18 11:00:00,5646.024544611968,6060.619103874522,4232.798406518418
forecast_5508,2025-08-18 12:00:00,5348.085140146993,5955.847917773785,3962.0821195981116
forecast_5509,2025-08-18 13:00:00,4805.124753277983,4979.373508038528,3818.191872222447
forecast_5510,2025-08-18 14:00:00,4805.124753277983,4979.373508038528,3818.191872222447
forecast_5511,2025-08-18 15:00:00,5102.162667546814,5028.474202834617,4333.9573696878815
forecast_5512,2025-08-18 16:00:00,5143.654995736987,5241.790191395873,4621.84913265734
forecast_5513,2025-08-18 17:00:00,5143.654995736987,5241.790191395873,4621.84913265734
forecast_5514,2025-08-18 18:00:00,6485.926290422854,6881.200883915493,5790.279124653618
forecast_5515,2025-08-18 19:00:00,9415.392453233855,9460.298234840675,8423.974366431063
forecast_5516,2025-08-18 20:00:00,10477.588417346482,11196.345116696866,9789.590012140055
forecast_5517,2025-08-18 21:00:00,11675.643143661011,13396.61292033925,11418.40283389152
forecast_5518,2025-08-18 22:00:00,12870.943527558127,13402.846305647847,12230.740200953434
forecast_5519,2025-08-18 23:00:00,13363.703336839533,14182.01538493453,12979.223999032452
forecast_5520,2025-08-19 00:00:00,13854.098349472852,14623.020479429899,13509.693951779818
forecast_5521,2025-08-19 01:00:00,14497.901696867955,16114.542750859098,14823.00367712029
forecast_5522,2025-08-19 02:00:00,14481.858971266553,16466.708995031622,14815.78980023851
forecast_5523,2025-08-19 03:00:00,14481.858971266553,16615.17146408918,14815.78980023851
forecast_5524,2025-08-19 04:00:00,14481.858971266553,16615.17146408918,15197.279261771027
forecast_5525,2025-08-19 05:00:00,14569.348965502111,16587.96800958032,15335.2925738251
forecast_5526,2025-08-19 06:00:00,14786.431810696959,16580.74344170002,15197.279261771027
forecast_5527,2025-08-19 07:00:00,14886.165900784845,16587.96800958032,15335.2925738251
forecast_5528,2025-08-19 08:00:00,15116.267797153538,16750.058723541475,15468.381853060064
forecast_5529,2025-08-19 09:00:00,15116.267797153538,16750.058723541475,15468.381853060064
forecast_5530,2025-08-19 10:00:00,13365.134094408733,15008.343058055745,13998.9167087901
forecast_5531,2025-08-19 11:00:00,11884.289873182908,13246.913631765097,12240.957690936764
forecast_5532,2025-08-19 12:00:00,11362.887213220945,12581.191078631771,11504.795229116507
forecast_5533,2025-08-19 13:00:00,10539.503667546698,12085.70223132487,11096.611922845743
forecast_5534,2025-08-19 14:00:00,9208.583137308851,9647.559113052012,8960.834321483584
forecast_5535,2025-08-19 15:00:00,9208.583137308851,9647.559113052012,8960.834321483584
forecast_5536,2025-08-19 16:00:00,9913.127305767364,10736.295543514923,9760.005852546152
forecast_5537,2025-08-19 17:00:00,10130.415740012972,11207.275820849549,10341.178531482929
forecast_5538,2025-08-19 18:00:00,10691.469462953399,11663.02035350418,10718.889925991954
forecast_5539,2025-08-19 19:00:00,12554.9953460156,12675.39108187651,11681.037440775097
forecast_5540,2025-08-19 20:00:00,13189.273704283578,14315.814728736988,13147.891318296623
forecast_5541,2025-08-19 21:00:00,13202.521812411456,14845.072616175225,13607.31897734261
forecast_5542,2025-08-19 22:00:00,14073.393682944547,15985.985712950165,14847.535646857817
forecast_5543,2025-08-19 23:00:00,14471.054102637021,16716.22448763361,15722.097070269032
forecast_5544,2025-08-20 00:00:00,14800.78771203998,16973.99281354264,16391.077687482353
forecast_5545,2025-08-20 01:00:00,15370.57700463625,17446.792368981565,16885.391626459837
forecast_5546,2025-08-20 02:00:00,15599.318567779568,17664.551260687884,16895.45329932755
forecast_5547,2025-08-20 03:00:00,15705.343087283723,17820.92080015738,17101.05857436738
forecast_5548,2025-08-20 04:00:00,15934.705238758508,17820.92080015738,17046.185767987172
forecast_5549,2025-08-20 05:00:00,15934.705238758508,17636.976881343122,17046.185767987172
forecast_5550,2025-08-20 06:00:00,15609.872940666199,16795.03734147289,16153.709163921689
forecast_5551,2025-08-20 07:00:00,14560.05203532258,16137.68164837967,15481.042584841882
forecast_5552,2025-08-20 08:00:00,14057.84583858629,14956.48613115097,13873.887174969208
forecast_5553,2025-08-20 09:00:00,12270.808032073312,13165.380621463546,11984.603558341458
forecast_5554,2025-08-20 10:00:00,9213.702356785312,9711.33400924037,8103.344361708274
forecast_5555,2025-08-20 11:00:00,7418.5688008683055,8122.038765076847,6159.139646383368
forecast_5556,2025-08-20 12:00:00,5419.498202771906,5619.466023372324,5051.686012682599
forecast_5557,2025-08-20 13:00:00,4464.224510542274,4743.487946702345,4038.960939185648
forecast_5558,2025-08-20 14:00:00,4464.224510542274,4743.487946702345,3967.6147060116555
forecast_5559,2025-08-20 15:00:00,4450.8306032838755,4743.487946702345,3878.8826792233285
forecast_5560,2025-08-20 16:00:00,4521.018444996295,4348.522967530669,3400.984051424235
forecast_5561,2025-08-20 17:00:00,4409.028345190626,4217.9073746803715,3400.984051424235
forecast_5562,2025-08-20 18:00:00,4409.028345190626,4348.522967530669,3644.2336615631434
forecast_5563,2025-08-20 19:00:00,4409.028345190626,4636.975616751989,3876.9736930477857
forecast_5564,2025-08-20 20:00:00,4750.356437500093,6710.477074575343,4764.795964064777
forecast_5565,2025-08-20 21:00:00,5191.53267335137,7160.086604023358,5114.040194477904
forecast_5566,2025-08-20 22:00:00,7486.0602152984475,10186.564903353057,7712.51123904371
forecast_5567,2025-08-20 23:00:00,10019.022284499164,11259.418819713666,9027.726444454067
forecast_5568,2025-08-21 00:00:00,11124.743613441478,12295.42089345301,9824.600685755882
forecast_5569,2025-08-21 01:00:00,11505.336043840398,12669.683538094716,10420.886714953482
forecast_5570,2025-08-21 02:00:00,12854.237227225312,13992.295413992384,11584.481649362187
forecast_5571,2025-08-21 03:00:00,13676.668655446882,14395.71398681665,11594.106604532622
forecast_5572,2025-08-21 04:00:00,13676.668655446882,14395.71398681665,11594.106604532622
forecast_5573,2025-08-21 05:00:00,13262.759201455889,13415.207051693587,10945.095611310051
forecast_5574,2025-08-21 06:00:00,11505.789345165736,10283.109255879568,7833.455860898432
forecast_5575,2025-08-21 07:00:00,6966.499543813828,8097.947464098974,6103.36174556635
forecast_5576,2025-08-21 08:00:00,4783.250521995281,5504.184933791275,4174.023605770696
forecast_5577,2025-08-21 09:00:00,4265.633223931148,4168.315113341736,3101.1236158292677
forecast_5578,2025-08-21 10:00:00,3404.1047171116916,3270.459706355809,2497.1960592791365
forecast_5579,2025-08-21 11:00:00,2885.5052952233564,2765.9688679833207,2439.584256147568
forecast_5580,2025-08-21 12:00:00,2881.3689348559856,2681.122997758304,2199.7668974496323
forecast_5581,2025-08-21 13:00:00,2656.5162684772895,2505.8487182923877,2140.9861947964614
forecast_5582,2025-08-21 14:00:00,2556.5902676871574,2444.9529871055374,2105.4784189087236
forecast_5583,2025-08-21 15:00:00,2556.5902676871574,2321.4819315315995,2078.0294489194
forecast_5584,2025-08-21 16:00:00,2614.4084833325987,2321.4819315315995,1970.4562789209765
forecast_5585,2025-08-21 17:00:00,2626.126299732101,2519.190132095816,1970.4562789209765
forecast_5586,2025-08-21 18:00:00,2917.3260448569317,2714.3337073305547,2159.576054008814
forecast_5587,2025-08-21 19:00:00,3115.3639888517355,3454.0849365573886,2727.9375971474565
forecast_5588,2025-08-21 20:00:00,3702.0624638617446,3800.5460994305568,3133.6497256404673
forecast_5589,2025-08-21 21:00:00,3784.3817279190907,3846.255004282537,3186.7065394030533
forecast_5590,2025-08-21 22:00:00,4100.018204245814,4455.953637764222,3306.2307054710827
forecast_5591,2025-08-21 23:00:00,4395.697828625112,4711.989213503637,3306.2307054710827
forecast_5592,2025-08-22 00:00:00,4426.120376910727,4891.324148840314,3343.844105922163
forecast_5593,2025-08-22 01:00:00,4137.551462401147,3962.0023813918506,2983.362454690343
forecast_5594,2025-08-22 02:00:00,4328.639990897109,4141.982424510519,3139.208523802752
forecast_5595,2025-08-22 03:00:00,4928.917591121739,4467.8238181543375,3369.191574186588
forecast_5596,2025-08-22 04:00:00,6485.624807521975,6481.970602713274,4323.505726439772
forecast_5597,2025-08-22 05:00:00,7353.022840598448,7491.874817024231,5256.838168676602
forecast_5598,2025-08-22 06:00:00,10237.578559007461,9201.85144668153,7014.580154688118
forecast_5599,2025-08-22 07:00:00,10237.578559007461,9201.85144668153,7014.580154688118
forecast_5600,2025-08-22 08:00:00,8578.720580387364,7931.615213824395,5964.008010215346
forecast_5601,2025-08-22 09:00:00,6275.484380862531,5978.505401182867,4536.002677262022
forecast_5602,2025-08-22 10:00:00,4585.251516979609,4165.931007275347,3197.021536424544
forecast_5603,2025-08-22 11:00:00,3958.655612756782,3584.482781940579,3033.0792510456167
forecast_5604,2025-08-22 12:00:00,3377.1946113833865,3151.163723543528,2648.0256208867527
forecast_5605,2025-08-22 13:00:00,3106.032773158234,2891.913545731204,2417.0265358320585
forecast_5606,2025-08-22 14:00:00,3106.032773158234,2891.913545731204,2417.0265358320585
forecast_5607,2025-08-22 15:00:00,3356.1899904259108,2974.3897034930005,2504.397291548835
forecast_5608,2025-08-22 16:00:00,3764.6103399788253,3318.2749434901198,2840.6286705716134
forecast_5609,2025-08-22 17:00:00,4247.163727957204,4057.5873549097996,3218.582811824456
forecast_5610,2025-08-22 18:00:00,4482.331856332045,4104.16660654816,3545.208571693337
forecast_5611,2025-08-22 19:00:00,6203.3780453032205,6680.016662793147,5543.597763157484
forecast_5612,2025-08-22 20:00:00,8740.10081538771,8147.626733640501,6178.830529854824
forecast_5613,2025-08-22 21:00:00,11837.56862391847,10491.734379172738,8166.757647432419
forecast_5614,2025-08-22 22:00:00,15129.816657128718,13747.025902297679,12078.534820868193
forecast_5615,2025-08-22 23:00:00,16386.977699402792,15439.683710767567,13669.049461780874
forecast_5616,2025-08-23 00:00:00,16713.35629339953,15679.695672097689,14006.78615567839
forecast_5617,2025-08-23 01:00:00,15591.4196968355,14057.218630898096,12539.08429355492
forecast_5618,2025-08-23 02:00:00,15453.204554467427,14148.15388209314,12330.176192215633
forecast_5619,2025-08-23 03:00:00,15417.58373901123,13966.28337970305,11940.858135782764
forecast_5620,2025-08-23 04:00:00,14383.713026048024,13813.155298577241,11089.064107396614
forecast_5621,2025-08-23 05:00:00,13146.00688058346,12307.61590807651,9490.529587187073
forecast_5622,2025-08-23 06:00:00,11229.25678293142,10356.376440200314,7943.223943720605
forecast_5623,2025-08-23 07:00:00,7727.92126967448,7455.318912676583,5833.555089231693
forecast_5624,2025-08-23 08:00:00,5541.9263105696755,5520.284470420788,4564.065663353011
forecast_5625,2025-08-23 09:00:00,3756.6687840149007,3584.4755901356766,2891.69795191015
forecast_5626,2025-08-23 10:00:00,2888.1964140605924,2721.8438638669254,2117.100342665741
forecast_5627,2025-08-23 11:00:00,2665.409280648637,2575.490118822292,2100.0574054776826
forecast_5628,2025-08-23 12:00:00,2663.509504818853,2400.089281957499,2100.0574054776826
forecast_5629,2025-08-23 13:00:00,2556.861446269534,2384.7878731110386,2089.378900884743
forecast_5630,2025-08-23 14:00:00,2542.661383502549,2400.089281957499,2075.6527975183412
forecast_5631,2025-08-23 15:00:00,2542.661383502549,2404.995566726234,2066.17297118346
forecast_5632,2025-08-23 16:00:00,2593.7804868652647,2420.373268581782,2066.17297118346
forecast_5633,2025-08-23 17:00:00,2771.856809509959,2896.1795885522033,2156.7619359867317
forecast_5634,2025-08-23 18:00:00,2962.037732397537,3252.4151746443054,2636.709178454097
forecast_5635,2025-08-23 19:00:00,3495.6407634661,3586.9897178913207,2920.1349934330333
forecast_5636,2025-08-23 20:00:00,4084.3100608421737,3863.7498530215244,3259.214834666183
forecast_5637,2025-08-23 21:00:00,4202.721213336278,4261.80995165067,3282.0699226499455
forecast_5638,2025-08-23 22:00:00,4920.594636338075,4615.153263239373,4054.2394605913314
forecast_5639,2025-08-23 23:00:00,4920.594636338075,4628.397782605058,4054.2394605913314
forecast_5640,2025-08-24 00:00:00,4675.530952658248,4763.659637590163,3863.4197943668005
forecast_5641,2025-08-24 01:00:00,3841.796781376988,3463.6717988391,2715.7754140241386
forecast_5642,2025-08-24 02:00:00,3825.8465248831562,3351.7577724268695,2704.3052060953514
forecast_5643,2025-08-24 03:00:00,3580.4081342895843,3218.375728059625,2704.3052060953514
forecast_5644,2025-08-24 04:00:00,3417.2578128113255,3080.158326651512,2592.5613549556474
forecast_5645,2025-08-24 05:00:00,3190.5297839118175,3076.77907092527,2618.726356136529
forecast_5646,2025-08-24 06:00:00,3190.5297839118175,3076.77907092527,2618.726356136529
forecast_5647,2025-08-24 07:00:00,3218.6238881809822,3213.280067530989,2618.726356136529
forecast_5648,2025-08-24 08:00:00,3218.6238881809822,3423.2852048786167,2616.140761799649
forecast_5649,2025-08-24 09:00:00,2991.88461685709,3215.7759292377264,2541.7467928630144
forecast_5650,2025-08-24 10:00:00,2852.724715294138,3215.7759292377264,2535.951916821716
forecast_5651,2025-08-24 11:00:00,2841.6292731906815,3057.862618171056,2535.194224084067
forecast_5652,2025-08-24 12:00:00,2852.724715294138,2905.4513994219733,2525.982575180859
forecast_5653,2025-08-24 13:00:00,2856.253541513871,2693.088983316544,2477.907160915661
forecast_5654,2025-08-24 14:00:00,2891.691883087741,2744.6625163702906,2477.907160915661
forecast_5655,2025-08-24 15:00:00,3015.891459199782,2744.6625163702906,2374.1635481290477
forecast_5656,2025-08-24 16:00:00,3015.891459199782,3056.422120709119,2454.5624234184634
forecast_5657,2025-08-24 17:00:00,3015.891459199782,3112.2025753399303,2454.5624234184634
forecast_5658,2025-08-24 18:00:00,3341.5878206118387,3112.2025753399303,2756.344949576745
forecast_5659,2025-08-24 19:00:00,3428.5443362913065,3336.9431833745493,2926.0749598995335
forecast_5660,2025-08-24 20:00:00,3506.0532731512676,3489.4058475541315,2926.0749598995335
forecast_5661,2025-08-24 21:00:00,3506.0532731512676,3516.5299678106467,2965.3917678893235
forecast_5662,2025-08-24 22:00:00,4224.3083923882095,4413.888576641358,3423.373920785626
forecast_5663,2025-08-24 23:00:00,4224.3083923882095,4413.888576641358,3423.373920785626
forecast_5664,2025-08-25 00:00:00,4093.3312136548466,4567.826746336264,3405.758214590607
forecast_5665,2025-08-25 01:00:00,4048.1232324241682,4222.852729897054,3105.8497295256516
forecast_5666,2025-08-25 02:00:00,4072.9698047905117,4075.4873708510363,3063.6652793333424
forecast_5667,2025-08-25 03:00:00,4080.2769713992766,4062.393490739384,3033.3714406106124
forecast_5668,2025-08-25 04:00:00,4080.2769713992766,4061.486927551512,3033.3714406106124
forecast_5669,2025-08-25 05:00:00,4080.2769713992766,4062.393490739384,3033.3714406106124
forecast_5670,2025-08-25 06:00:00,4256.298916841922,4044.9224073628247,3131.850524758226
forecast_5671,2025-08-25 07:00:00,4256.298916841922,4044.9224073628247,3131.850524758226
forecast_5672,2025-08-25 08:00:00,3933.7435149682065,3867.5071020016053,2818.4204903927603
forecast_5673,2025-08-25 09:00:00,3574.274483141314,3296.074491664485,2677.0958645463575
forecast_5674,2025-08-25 10:00:00,3051.636143365008,2931.5688427729588,2603.5141295644216
forecast_5675,2025-08-25 11:00:00,2966.478269973586,2761.4195087995836,2405.948806263479
forecast_5676,2025-08-25 12:00:00,2966.478269973586,2761.4195087995836,2405.948806263479
forecast_5677,2025-08-25 13:00:00,3003.4738957974787,2944.333548020507,2450.1019107068214
forecast_5678,2025-08-25 14:00:00,3041.5524257001734,2990.2947626988584,2594.6151429297634
forecast_5679,2025-08-25 15:00:00,3512.8651553009076,3593.223273711704,2838.7968505622644
forecast_5680,2025-08-25 16:00:00,3558.43854136998,3706.442305487057,2838.7968505622644
forecast_5681,2025-08-25 17:00:00,3652.731478210725,3706.442305487057,2838.7968505622644
forecast_5682,2025-08-25 18:00:00,3823.6577424776906,4554.414872720099,3225.0876118772994
forecast_5683,2025-08-25 19:00:00,5288.199970180793,7648.705560038295,5772.1733400447465
forecast_5684,2025-08-25 20:00:00,8203.375846665604,10579.520918925622,8010.315354372956
forecast_5685,2025-08-25 21:00:00,9342.382847391997,11795.946449924872,9722.681064628625
forecast_5686,2025-08-25 22:00:00,12453.09235473078,13078.664659804575,11685.347103563556
forecast_5687,2025-08-25 23:00:00,13125.367195187137,14353.685527275724,13042.366669108795
forecast_5688,2025-08-26 00:00:00,13155.245821816041,14927.93732408798,13331.574475102938
forecast_5689,2025-08-26 01:00:00,13546.85397452895,16577.88864159507,15256.340443385103
forecast_5690,2025-08-26 02:00:00,13428.888393687612,17049.994370097542,15329.215224358762
forecast_5691,2025-08-26 03:00:00,13372.475145440361,17081.829392813037,15354.68748923496
forecast_5692,2025-08-26 04:00:00,13372.475145440361,17260.411118662625,15354.68748923496
forecast_5693,2025-08-26 05:00:00,14105.849680883754,17260.411118662625,15608.815626074116
forecast_5694,2025-08-26 06:00:00,14105.849680883754,17047.996735604407,15608.815626074116
forecast_5695,2025-08-26 07:00:00,13302.235641829448,15526.546065839564,14382.014764748179
forecast_5696,2025-08-26 08:00:00,12359.713264144766,14630.502332042599,13836.92870585205
forecast_5697,2025-08-26 09:00:00,11901.159774129945,14620.614303565995,13717.695225558817
forecast_5698,2025-08-26 10:00:00,10993.893022189624,14224.298671166918,13287.990188394739
forecast_5699,2025-08-26 11:00:00,10889.120029788031,13495.34504485906,13106.075706682906
forecast_5700,2025-08-26 12:00:00,10993.893022189624,13050.260640931352,12817.670104962275
forecast_5701,2025-08-26 13:00:00,11053.742131019753,13050.260640931352,12817.670104962275
forecast_5702,2025-08-26 14:00:00,11845.58931712877,13485.391498168017,13027.833662494566
forecast_5703,2025-08-26 15:00:00,12757.01795988537,13530.725137488851,13027.833662494566
forecast_5704,2025-08-26 16:00:00,11845.58931712877,13485.391498168017,12970.12579691011
forecast_5705,2025-08-26 17:00:00,11797.059413395114,11970.81297105406,11725.76944111102
forecast_5706,2025-08-26 18:00:00,9631.371577791042,10684.20654647772,9379.208357202984
forecast_5707,2025-08-26 19:00:00,9203.311059095913,10298.673573298682,8938.713640986529
forecast_5708,2025-08-26 20:00:00,8264.052327537574,9844.500609495773,7653.606671788442
forecast_5709,2025-08-26 21:00:00,8264.052327537574,9844.500609495773,7653.606671788442
forecast_5710,2025-08-26 22:00:00,10115.7642722835,11526.248183176016,9116.302606050618
forecast_5711,2025-08-26 23:00:00,10115.7642722835,11526.248183176016,9116.302606050618
forecast_5712,2025-08-27 00:00:00,10159.874355677359,11421.853718383587,8699.815622075017
forecast_5713,2025-08-27 01:00:00,8168.588693255717,8756.329312116035,6694.464683514592
forecast_5714,2025-08-27 02:00:00,8102.476139425525,8576.133961118121,6686.407826426848
forecast_5715,2025-08-27 03:00:00,5721.356368625152,6579.976851326075,5066.803006738928
forecast_5716,2025-08-27 04:00:00,4678.962921788276,5075.927776724157,3945.634264068092
forecast_5717,2025-08-27 05:00:00,3466.650543966377,3851.395535613646,3135.4571746813294
forecast_5718,2025-08-27 06:00:00,3188.9699791913154,3336.5172922116335,2665.1797979153534
forecast_5719,2025-08-27 07:00:00,2919.1492845544226,3336.5172922116335,2630.317143384087
forecast_5720,2025-08-27 08:00:00,2812.4350916757694,3336.5172922116335,2555.3780143737567
forecast_5721,2025-08-27 09:00:00,2586.518172009495,2780.0441749293313,2152.383428936566
forecast_5722,2025-08-27 10:00:00,2497.484380300595,2705.8654790315804,2152.383428936566
forecast_5723,2025-08-27 11:00:00,2586.518172009495,2705.8654790315804,2152.6943535073997
forecast_5724,2025-08-27 12:00:00,2638.4766414343358,2705.8654790315804,2227.0909610913895
forecast_5725,2025-08-27 13:00:00,2756.13861497361,2647.052328456609,2247.8847777888377
forecast_5726,2025-08-27 14:00:00,2743.4164288346,2647.052328456609,2247.8847777888377
forecast_5727,2025-08-27 15:00:00,2743.4164288346,2734.263422082101,2247.8847777888377
forecast_5728,2025-08-27 16:00:00,2499.5129800717814,2734.263422082101,2210.8434493624723
forecast_5729,2025-08-27 17:00:00,2479.22881948558,2652.672653908525,2210.8434493624723
forecast_5730,2025-08-27 18:00:00,2443.0784050714265,2550.363247059878,2243.2804953986397
forecast_5731,2025-08-27 19:00:00,2443.0784050714265,2550.363247059878,2243.2804953986397
forecast_5732,2025-08-27 20:00:00,2537.1426772867417,2654.132149893892,2313.544990113797
forecast_5733,2025-08-27 21:00:00,2639.759245613948,2801.3051820696105,2322.5618424271684
forecast_5734,2025-08-27 22:00:00,2956.170602857941,3257.351519748151,2585.5985947097843
forecast_5735,2025-08-27 23:00:00,2956.170602857941,3419.5436723417447,2739.0962478487863
forecast_5736,2025-08-28 00:00:00,2987.6263202584023,3484.6555310598114,2761.720908295213
forecast_5737,2025-08-28 01:00:00,3599.754664594735,3549.6435354783125,2953.7844591151907
forecast_5738,2025-08-28 02:00:00,3636.7018251384507,3705.306837389575,2946.3936559866515
forecast_5739,2025-08-28 03:00:00,3836.2036907467204,3838.189534935261,2989.9042749301016
forecast_5740,2025-08-28 04:00:00,4021.8476246474306,4342.167490628819,2989.9042749301016
forecast_5741,2025-08-28 05:00:00,4278.804731415212,5100.468303779552,3687.640902569481
forecast_5742,2025-08-28 06:00:00,4282.039377538477,5100.468303779552,3687.640902569481
forecast_5743,2025-08-28 07:00:00,4278.804731415212,4850.271785435936,3657.5399491732096
forecast_5744,2025-08-28 08:00:00,4058.831041841302,4565.679077057249,3554.8676916766753
forecast_5745,2025-08-28 09:00:00,4006.482461981868,4509.4626884572235,3517.50858124591
forecast_5746,2025-08-28 10:00:00,3580.9079247451245,3812.477666698713,3069.663973591998
forecast_5747,2025-08-28 11:00:00,3121.7759586442553,3252.80371220798,2799.3080498756335
forecast_5748,2025-08-28 12:00:00,3121.7759586442553,3252.80371220798,2799.3080498756335
forecast_5749,2025-08-28 13:00:00,3297.9923276891586,3947.100512817549,2985.8790332009285
forecast_5750,2025-08-28 14:00:00,3650.623709220612,4367.164422527161,3230.667846308903
forecast_5751,2025-08-28 15:00:00,3650.623709220612,4790.716325214352,3526.1207866945833
forecast_5752,2025-08-28 16:00:00,3877.6664875149595,4863.423945667518,3635.458543470804
forecast_5753,2025-08-28 17:00:00,3879.8146289258016,5517.171198430977,4205.658779092293
forecast_5754,2025-08-28 18:00:00,3965.3009692825826,5653.259751714679,4370.254429449853
forecast_5755,2025-08-28 19:00:00,4747.233407925928,7115.891018816794,5384.361313799239
forecast_5756,2025-08-28 20:00:00,6503.452876145029,9788.776463753476,6977.448304034896
forecast_5757,2025-08-28 21:00:00,7745.032442466771,11853.36108170042,8773.134147346289
forecast_5758,2025-08-28 22:00:00,11134.4139079466,14235.98760949531,11489.27874234911
forecast_5759,2025-08-28 23:00:00,12093.935339719503,15813.169645473321,13055.32918235701
forecast_5760,2025-08-29 00:00:00,12715.611997580212,15944.646701909245,13681.080433306044
forecast_5761,2025-08-29 01:00:00,15848.912555069879,17496.784776024615,16727.899388848877
forecast_5762,2025-08-29 02:00:00,16276.124807982827,17951.609424801685,17101.112689100373
forecast_5763,2025-08-29 03:00:00,16277.21618646116,18250.841277859006,17411.468358344428
forecast_5764,2025-08-29 04:00:00,16276.124807982827,18250.841277859006,17411.468358344428
forecast_5765,2025-08-29 05:00:00,16360.378591530653,18022.99042565355,17170.901278436395
forecast_5766,2025-08-29 06:00:00,16360.378591530653,18022.99042565355,17134.039892512366
forecast_5767,2025-08-29 07:00:00,16360.378591530653,18022.99042565355,16947.709042377628
forecast_5768,2025-08-29 08:00:00,15684.663563554988,17588.423869187638,16484.013103774843
forecast_5769,2025-08-29 09:00:00,14559.83687378955,16513.860359751437,15762.849009104892
forecast_5770,2025-08-29 10:00:00,14471.642124365482,16250.449456499953,15325.535968780783
forecast_5771,2025-08-29 11:00:00,13893.333123403683,15032.18080804081,14122.303393387216
forecast_5772,2025-08-29 12:00:00,13273.552799477297,13695.536884812129,12854.9747239686
forecast_5773,2025-08-29 13:00:00,12527.572263262826,11882.425830442407,11181.396313967594
forecast_5774,2025-08-29 14:00:00,11915.988830315224,11727.442981051547,11063.323516884784
forecast_5775,2025-08-29 15:00:00,11344.265463064332,11684.913086672497,10958.114707049048
forecast_5776,2025-08-29 16:00:00,10540.855242091724,11040.100129344297,10116.169098124867
forecast_5777,2025-08-29 17:00:00,10540.855242091724,10550.143950487261,9612.3181201582
forecast_5778,2025-08-29 18:00:00,11228.961794197097,10550.143950487261,9612.3181201582
forecast_5779,2025-08-29 19:00:00,12000.456217885105,10608.990010927995,10059.750970726249
forecast_5780,2025-08-29 20:00:00,12852.03749740684,12166.801984619711,11079.128076509052
forecast_5781,2025-08-29 21:00:00,13355.04813512758,13232.777313763068,11434.230319102608
forecast_5782,2025-08-29 22:00:00,14727.78174492103,14970.355808751936,13076.964480285136
forecast_5783,2025-08-29 23:00:00,14727.78174492103,15108.510261632697,13076.964480285136
forecast_5784,2025-08-30 00:00:00,14709.203535780412,15203.196754748715,12979.591412383881
forecast_5785,2025-08-30 01:00:00,14527.297205204866,14563.78416311353,12743.688844686667
forecast_5786,2025-08-30 02:00:00,14242.9838146157,14206.89133782981,12325.47503773397
forecast_5787,2025-08-30 03:00:00,13115.145399144754,13616.718282939635,11015.052320740579
forecast_5788,2025-08-30 04:00:00,11828.853882687015,11673.021474251673,9065.789955491784
forecast_5789,2025-08-30 05:00:00,10511.765258443178,11362.585376577466,8339.075847068529
forecast_5790,2025-08-30 06:00:00,9191.841429020396,9320.438075006632,6878.45964148705
forecast_5791,2025-08-30 07:00:00,7640.8922577616495,8372.219710745641,6113.6029359983095
forecast_5792,2025-08-30 08:00:00,6539.7035294104635,6961.0327265620635,5264.515208728705
forecast_5793,2025-08-30 09:00:00,5098.256159062129,4809.899005876037,4036.130731660691
forecast_5794,2025-08-30 10:00:00,3838.4480674334623,3268.40499012894,2765.7903918873913
forecast_5795,2025-08-30 11:00:00,3296.156461418771,2903.361090922972,2716.1612784169856
forecast_5796,2025-08-30 12:00:00,3123.04836737447,2740.2509032706794,2457.3705591973803
forecast_5797,2025-08-30 13:00:00,2844.5421949956935,2740.2509032706794,2415.3045502886584
forecast_5798,2025-08-30 14:00:00,2774.311973041711,2741.5249479094387,2415.3045502886584
forecast_5799,2025-08-30 15:00:00,2774.311973041711,2741.5249479094387,2415.3045502886584
forecast_5800,2025-08-30 16:00:00,2774.311973041711,2568.1772806641657,2324.2549357201033
forecast_5801,2025-08-30 17:00:00,2933.8159248659595,2568.1772806641657,2314.0375873847884
forecast_5802,2025-08-30 18:00:00,3269.8095521306777,2750.634635153522,2324.2549357201033
forecast_5803,2025-08-30 19:00:00,3878.0285327057563,3525.0844348429637,3052.464460205249
forecast_5804,2025-08-30 20:00:00,4189.867663905184,3824.6128099612074,3068.028087519073
forecast_5805,2025-08-30 21:00:00,4651.104536433532,4577.583207881246,3404.658906155079
forecast_5806,2025-08-30 22:00:00,5472.629978504152,5946.501093086803,4455.613457027079
forecast_5807,2025-08-30 23:00:00,5540.959461562892,6001.441331094326,4623.266181247153
forecast_5808,2025-08-31 00:00:00,5506.794720033522,6335.565349388749,4601.5979239795215
forecast_5809,2025-08-31 01:00:00,5670.567697910269,8785.377159642174,5857.347748471263
forecast_5810,2025-08-31 02:00:00,6364.799407100719,8454.926935129466,5746.590491697707
forecast_5811,2025-08-31 03:00:00,6364.799407100719,8423.448145950833,5633.322487422675
forecast_5812,2025-08-31 04:00:00,5559.589036173249,7493.243886233679,4492.41596574866
forecast_5813,2025-08-31 05:00:00,4898.907859688922,5885.118170009213,3460.200183532251
forecast_5814,2025-08-31 06:00:00,4813.320719128607,5346.30662348061,3354.6210744281207
forecast_5815,2025-08-31 07:00:00,4361.5193037650015,4970.885627278313,3052.015202816826
forecast_5816,2025-08-31 08:00:00,3983.2054996533743,3905.295115093282,3004.7773580611915
forecast_5817,2025-08-31 09:00:00,3568.099294901839,3554.9078259830326,2879.615171052378
forecast_5818,2025-08-31 10:00:00,3385.470569586765,3433.7790700578034,2776.438324309822
forecast_5819,2025-08-31 11:00:00,2930.2541952071406,3433.7790700578034,2776.438324309822
forecast_5820,2025-08-31 12:00:00,2743.0519685934405,3433.7790700578034,2582.8891062414227
forecast_5821,2025-08-31 13:00:00,2743.0519685934405,3555.85681652263,2582.8891062414227
forecast_5822,2025-08-31 14:00:00,3132.9978987070253,3905.4865083483874,2794.0055846603973
forecast_5823,2025-08-31 15:00:00,3185.8557504713835,4425.007994896175,3306.5587984940994
forecast_5824,2025-08-31 16:00:00,3877.2215762447527,5295.029402894164,3794.2549936800356
forecast_5825,2025-08-31 17:00:00,3969.4834958113406,5944.038859096123,3850.2622080017727
forecast_5826,2025-08-31 18:00:00,4706.455080331802,6010.448668808335,3992.169347529968
forecast_5827,2025-08-31 19:00:00,5449.402368413207,7493.7601228951335,4997.644103793144
forecast_5828,2025-08-31 20:00:00,5934.560878244277,9072.2795907212,6086.75503297439
forecast_5829,2025-08-31 21:00:00,6937.205959027762,10179.723728759662,7235.464092284517
forecast_5830,2025-08-31 22:00:00,8721.416556676219,11726.820901583204,8993.009461890371
forecast_5831,2025-08-31 23:00:00,9378.880817782698,12438.506925131309,9804.721813008891
forecast_5832,2025-09-01 00:00:00,9968.251471992186,13059.306277439307,10234.345354510073
forecast_5833,2025-09-01 01:00:00,11648.652663800394,14212.78222221477,11628.05738502323
forecast_5834,2025-09-01 02:00:00,11192.877681789858,13876.8678967008,11244.636470460227
forecast_5835,2025-09-01 03:00:00,11192.877681789858,13876.8678967008,11244.636470460227
forecast_5836,2025-09-01 04:00:00,11467.968282808279,14325.347753250453,11766.647882751537
forecast_5837,2025-09-01 05:00:00,11718.651078728713,14325.347753250453,11766.647882751537
forecast_5838,2025-09-01 06:00:00,11718.651078728713,14129.45413300617,11087.73351115745
forecast_5839,2025-09-01 07:00:00,10189.592333700299,12827.089422749601,9696.373190708196
forecast_5840,2025-09-01 08:00:00,8014.873015629792,11619.63582881722,8569.77020737914
forecast_5841,2025-09-01 09:00:00,6322.0261041072845,10107.297225235314,7400.707162863127
forecast_5842,2025-09-01 10:00:00,5138.302513887698,8437.891170084018,6206.21136232121
forecast_5843,2025-09-01 11:00:00,4983.630236340082,7743.185294810386,5984.45262419371
forecast_5844,2025-09-01 12:00:00,4894.392179225333,7409.49437997018,5440.013426051521
forecast_5845,2025-09-01 13:00:00,4894.392179225333,7469.556594055188,5807.396792776955
forecast_5846,2025-09-01 14:00:00,5372.666979924747,7269.945377129506,5734.839114942333
forecast_5847,2025-09-01 15:00:00,5486.559712865052,7469.556594055188,5807.396792776955
forecast_5848,2025-09-01 16:00:00,6582.704157591649,8641.192460705097,6627.350738029525
forecast_5849,2025-09-01 17:00:00,6867.545888117894,8641.192460705097,6649.445857812521
forecast_5850,2025-09-01 18:00:00,6867.545888117894,8348.206863350755,6627.350738029525
forecast_5851,2025-09-01 19:00:00,7236.492507664004,8348.206863350755,6355.414545577164
forecast_5852,2025-09-01 20:00:00,6690.612202644175,7894.103880038678,6235.870591007393
forecast_5853,2025-09-01 21:00:00,6603.438976915571,8493.661208317448,5957.296156182438
forecast_5854,2025-09-01 22:00:00,6603.438976915571,8943.096123402272,5957.296156182438
forecast_5855,2025-09-01 23:00:00,8768.90164582809,10562.540855713876,8380.439002776082
forecast_5856,2025-09-02 00:00:00,8934.181582253388,10671.375340150895,8422.789077558036
forecast_5857,2025-09-02 01:00:00,10656.97891172477,11737.217660284401,10050.054008162466
forecast_5858,2025-09-02 02:00:00,10062.578678511522,11220.236281441757,9240.835703449491
forecast_5859,2025-09-02 03:00:00,9667.599381970682,10651.002052376782,8841.936840417675
forecast_5860,2025-09-02 04:00:00,7264.340891477937,9446.649025042641,7139.975340358819
forecast_5861,2025-09-02 05:00:00,6320.023978825099,9090.963594949599,6545.566198434248
forecast_5862,2025-09-02 06:00:00,5821.381223938994,8852.098504432939,6124.675873655733
forecast_5863,2025-09-02 07:00:00,5259.623256838684,7734.757360413739,5031.22847406411
forecast_5864,2025-09-02 08:00:00,4933.895954534027,6487.2763718133665,4115.770307608872
forecast_5865,2025-09-02 09:00:00,4444.933708773465,5671.467889165848,3782.518249168424
forecast_5866,2025-09-02 10:00:00,3775.8881107867037,3672.8089365462497,2552.1988605206984
forecast_5867,2025-09-02 11:00:00,3298.7957739343,2998.54309232629,2386.995320711085
forecast_5868,2025-09-02 12:00:00,2975.9092022764335,2551.8985685856924,2194.5597060326636
forecast_5869,2025-09-02 13:00:00,2975.9092022764335,2551.8985685856924,2194.5597060326636
forecast_5870,2025-09-02 14:00:00,2975.9092022764335,2621.0712074714716,2241.648580172977
forecast_5871,2025-09-02 15:00:00,2676.1470280887406,2621.0712074714716,2241.648580172977
forecast_5872,2025-09-02 16:00:00,2614.592346101411,2493.7283597346686,2227.674084237378
forecast_5873,2025-09-02 17:00:00,2603.822276432139,2493.7283597346686,2227.674084237378
forecast_5874,2025-09-02 18:00:00,2570.538890753479,2601.278887356474,2260.564745547301
forecast_5875,2025-09-02 19:00:00,2603.822276432139,2835.239602173856,2447.2876413747363
forecast_5876,2025-09-02 20:00:00,2789.7928593025663,3058.1754790161785,2681.980446281509
forecast_5877,2025-09-02 21:00:00,2905.5694845976777,3399.776146781517,2859.464493919197
forecast_5878,2025-09-02 22:00:00,3626.3401642582567,4067.5604452624516,3500.2654788927207
forecast_5879,2025-09-02 23:00:00,3626.3401642582567,4067.5604452624516,3500.2654788927207
forecast_5880,2025-09-03 00:00:00,3534.066390695806,4081.5222200268145,3198.7057236817527
forecast_5881,2025-09-03 01:00:00,3209.4336253907823,3503.008825642507,2578.8691446553357
forecast_5882,2025-09-03 02:00:00,3186.777579128814,3526.30300727315,2594.0878334548293
forecast_5883,2025-09-03 03:00:00,3146.954887758244,3526.30300727315,2563.6504558558427
forecast_5884,2025-09-03 04:00:00,3081.150649591822,3536.4664912697913,2609.125402276978
forecast_5885,2025-09-03 05:00:00,3081.150649591822,3145.380413934012,2640.2233065944756
forecast_5886,2025-09-03 06:00:00,2809.857672863289,3087.1775970425815,2640.2233065944756
forecast_5887,2025-09-03 07:00:00,2488.0758446278423,3032.8142069496953,2201.206892281788
forecast_5888,2025-09-03 08:00:00,2426.4259357301817,2692.5847129797776,2126.6786090272108
forecast_5889,2025-09-03 09:00:00,2357.3012995957442,2537.668680965414,2006.8882081537636
forecast_5890,2025-09-03 10:00:00,2337.1561894062297,2421.2886936628734,2006.8882081537636
forecast_5891,2025-09-03 11:00:00,2357.3012995957442,2421.2886936628734,2063.60730484705
forecast_5892,2025-09-03 12:00:00,2381.412401320221,2528.7167988935853,2067.631728761961
forecast_5893,2025-09-03 13:00:00,2648.362793983725,2569.826172080405,2254.85919843423
forecast_5894,2025-09-03 14:00:00,2648.362793983725,2528.7167988935853,2254.85919843423
forecast_5895,2025-09-03 15:00:00,2583.2239664622366,2365.093317228057,2184.0283729268795
forecast_5896,2025-09-03 16:00:00,2489.7790043292543,2363.7899386453687,2146.028923619625
forecast_5897,2025-09-03 17:00:00,2281.0626440523356,2299.628087062526,2127.043715893107
forecast_5898,2025-09-03 18:00:00,2281.0626440523356,2299.628087062526,2127.043715893107
forecast_5899,2025-09-03 19:00:00,2453.319171851733,2335.012280380047,2127.043715893107
forecast_5900,2025-09-03 20:00:00,2460.0509632033763,2351.0187804346124,2167.8695157969846
forecast_5901,2025-09-03 21:00:00,2622.934239185771,2686.0170005738028,2286.539446456896
forecast_5902,2025-09-03 22:00:00,3117.7086301375666,3294.319390596678,2595.4885626980868
forecast_5903,2025-09-03 23:00:00,3138.46899021249,3379.0454827406047,2661.3433611936616
forecast_5904,2025-09-04 00:00:00,3193.721300216518,3336.6824366686415,2628.415961945874
forecast_5905,2025-09-04 01:00:00,2683.516760264157,2501.2998361581112,1907.3221692323582
forecast_5906,2025-09-04 02:00:00,2521.8307936837837,2505.523872313116,1828.1861697660559
forecast_5907,2025-09-04 03:00:00,2441.607884975003,2505.523872313116,1828.1861697660559
forecast_5908,2025-09-04 04:00:00,2441.607884975003,2598.955795418964,1924.4316331318596
forecast_5909,2025-09-04 05:00:00,2408.355160087437,2689.58957575341,1937.0250421852506
forecast_5910,2025-09-04 06:00:00,2456.22475616271,2803.822101510733,1949.825180070492
forecast_5911,2025-09-04 07:00:00,2625.7750075204694,2996.6757771986067,2085.058973969377
forecast_5912,2025-09-04 08:00:00,2625.7750075204694,2996.6757771986067,2085.058973969377
forecast_5913,2025-09-04 09:00:00,2582.161069984828,2768.844811667388,2018.3144776680049
forecast_5914,2025-09-04 10:00:00,2453.156938289796,2572.0942955430055,1875.6758224484474
forecast_5915,2025-09-04 11:00:00,2308.909792800505,2572.0942955430055,1875.6758224484474
forecast_5916,2025-09-04 12:00:00,2308.909792800505,2667.173811386687,2118.783112586516
forecast_5917,2025-09-04 13:00:00,2349.335715924877,2712.890710391855,2212.624183754021
forecast_5918,2025-09-04 14:00:00,2349.335715924877,2712.890710391855,2212.624183754021
forecast_5919,2025-09-04 15:00:00,2312.491622131268,2712.890710391855,2181.593314872536
forecast_5920,2025-09-04 16:00:00,2312.491622131268,2717.781234860805,2181.593314872536
forecast_5921,2025-09-04 17:00:00,2312.491622131268,2865.881639617613,2204.754738999698
forecast_5922,2025-09-04 18:00:00,2301.4307238587226,2865.9370836252942,2263.803758219893
forecast_5923,2025-09-04 19:00:00,2301.4307238587226,2881.018294033986,2263.803758219893
forecast_5924,2025-09-04 20:00:00,2414.4001883225583,2975.6719327069086,2390.735006402587
forecast_5925,2025-09-04 21:00:00,2516.0819548775644,3038.030551724203,2392.690461068108
forecast_5926,2025-09-04 22:00:00,2993.6284956071895,3621.565218166471,2723.2518876222134
forecast_5927,2025-09-04 23:00:00,3057.0916869868324,3629.3188299845583,2791.668730195136
forecast_5928,2025-09-05 00:00:00,3096.181190603138,3667.1501871021965,2847.179882435954
forecast_5929,2025-09-05 01:00:00,2944.2012407359807,3473.2125968202918,2623.03107796481
forecast_5930,2025-09-05 02:00:00,2948.0961202549815,3417.4803079648477,2620.0399739512145
forecast_5931,2025-09-05 03:00:00,2949.8332503923384,3443.040939206727,2568.2558426951887
forecast_5932,2025-09-05 04:00:00,2948.0961202549815,3443.040939206727,2568.2558426951887
forecast_5933,2025-09-05 05:00:00,2935.623935668472,3457.375430531227,2705.1809051441505
forecast_5934,2025-09-05 06:00:00,2852.8645407369568,3458.7445095379308,2705.1809051441505
forecast_5935,2025-09-05 07:00:00,2667.029171222087,3458.7445095379308,2616.691568633785
forecast_5936,2025-09-05 08:00:00,2605.141828471452,3132.3535985366157,2534.079380523271
forecast_5937,2025-09-05 09:00:00,2532.284495807282,3121.5935444759198,2495.6859067756186
forecast_5938,2025-09-05 10:00:00,2475.9024391552384,2636.4827442778933,2356.60331318218
forecast_5939,2025-09-05 11:00:00,2381.6371119016167,2568.3565522935896,2137.5797371203557
forecast_5940,2025-09-05 12:00:00,2381.6371119016167,2568.3565522935896,2137.5797371203557
forecast_5941,2025-09-05 13:00:00,2566.8233314462304,2853.342844136029,2389.244235614877
forecast_5942,2025-09-05 14:00:00,2566.8233314462304,2853.342844136029,2389.244235614877
forecast_5943,2025-09-05 15:00:00,2482.3403137402565,2755.8044403652857,2264.965800295775
forecast_5944,2025-09-05 16:00:00,2482.3403137402565,2755.8044403652857,2256.839941397241
forecast_5945,2025-09-05 17:00:00,2487.350873846365,2769.4120649020315,2256.839941397241
forecast_5946,2025-09-05 18:00:00,2925.1253475780895,3037.059470062504,2668.2061375931653
forecast_5947,2025-09-05 19:00:00,3232.4384117484797,3497.869745890765,2774.724928721786
forecast_5948,2025-09-05 20:00:00,3378.313203426509,3609.4576225282435,2967.275174006597
forecast_5949,2025-09-05 21:00:00,3743.3718713542266,4070.0717969451757,3155.331863780858
forecast_5950,2025-09-05 22:00:00,4295.952059055755,5216.949114816227,3679.9149303991703
forecast_5951,2025-09-05 23:00:00,4658.496096753461,6325.2863722397215,4428.141417940283
forecast_5952,2025-09-06 00:00:00,4880.571874798401,6768.54106025631,4593.9419617595595
forecast_5953,2025-09-06 01:00:00,7772.994220056532,11410.977277002563,7768.3881969900585
forecast_5954,2025-09-06 02:00:00,8284.749119331154,11972.627999291157,8245.275759602564
forecast_5955,2025-09-06 03:00:00,10528.054548275995,13817.295118262255,9745.928909016764
forecast_5956,2025-09-06 04:00:00,12066.588169536939,15130.879305073322,11330.85075203315
forecast_5957,2025-09-06 05:00:00,13002.075618218672,15478.58138996219,12746.470693363908
forecast_5958,2025-09-06 06:00:00,13777.112558228177,15696.349831854557,13596.892765168872
forecast_5959,2025-09-06 07:00:00,13777.112558228177,16257.78463238603,13977.598710336844
forecast_5960,2025-09-06 08:00:00,13736.753835273223,16257.78463238603,13977.598710336844
forecast_5961,2025-09-06 09:00:00,12742.934349282215,14495.519998479534,13041.021642586966
forecast_5962,2025-09-06 10:00:00,11618.05367359638,13266.296034184375,12006.266836059978
forecast_5963,2025-09-06 11:00:00,11065.758719106254,12442.23709151633,11350.519744309267
forecast_5964,2025-09-06 12:00:00,10978.745321754604,12442.23709151633,11057.945350923528
forecast_5965,2025-09-06 13:00:00,10820.535448555203,12548.815958646963,11057.945350923528
forecast_5966,2025-09-06 14:00:00,10820.535448555203,12709.26837015109,11619.247802502074
forecast_5967,2025-09-06 15:00:00,12635.788070179648,13997.364080199552,13057.153835227708
forecast_5968,2025-09-06 16:00:00,13026.23826161084,15041.986677985507,14331.884590634196
forecast_5969,2025-09-06 17:00:00,13103.369140844636,15543.469642976697,14724.346938715877
forecast_5970,2025-09-06 18:00:00,13103.369140844636,15682.637118597499,14724.346938715877
forecast_5971,2025-09-06 19:00:00,13106.353808452986,16298.835377809446,15067.776946525428
forecast_5972,2025-09-06 20:00:00,13227.426911282588,17080.707265261684,15341.898536846444
forecast_5973,2025-09-06 21:00:00,13678.507104719118,17374.93969979953,15943.633837151232
forecast_5974,2025-09-06 22:00:00,14356.820437692308,18060.186990984013,16424.1809295837
forecast_5975,2025-09-06 23:00:00,14434.492801254568,18060.186990984013,16424.1809295837
forecast_5976,2025-09-07 00:00:00,14395.656619473437,17891.006896278373,16334.383527580643
forecast_5977,2025-09-07 01:00:00,15200.650287079323,18420.095926970065,17504.786857458632
forecast_5978,2025-09-07 02:00:00,15131.922812829216,18394.737289071887,17462.82570384282
forecast_5979,2025-09-07 03:00:00,14511.349871870549,17659.08026416492,16411.754573819428
forecast_5980,2025-09-07 04:00:00,13566.40053486998,15027.117580318549,14741.309352448669
forecast_5981,2025-09-07 05:00:00,13457.841876060827,14541.337354735173,14152.760904352623
forecast_5982,2025-09-07 06:00:00,13457.841876060827,13837.265321171866,12555.445231114105
forecast_5983,2025-09-07 07:00:00,12209.352119430765,12879.501903892906,11762.919478609048
forecast_5984,2025-09-07 08:00:00,11527.90374982393,12113.595493653369,10452.371853899076
forecast_5985,2025-09-07 09:00:00,9454.685024024966,10674.234834355282,8424.689873116575
forecast_5986,2025-09-07 10:00:00,7637.4016202514,8869.327452008358,7072.7389182566
forecast_5987,2025-09-07 11:00:00,6140.044610376584,7252.155398643636,5266.135534719548
forecast_5988,2025-09-07 12:00:00,4478.422954691488,5460.35570070103,3579.690327455748
forecast_5989,2025-09-07 13:00:00,3501.4820424291765,3815.999324176232,2751.393662233914
forecast_5990,2025-09-07 14:00:00,3501.4820424291765,3815.999324176232,2751.393662233914
forecast_5991,2025-09-07 15:00:00,4567.859822855635,5028.871805893543,3603.569546371497
forecast_5992,2025-09-07 16:00:00,5382.805867649375,6584.692007826087,4905.443564792298
forecast_5993,2025-09-07 17:00:00,5580.791770048544,6816.637214775494,5069.215223800871
forecast_5994,2025-09-07 18:00:00,6510.2384099046885,7480.620215048072,5484.70069339166
forecast_5995,2025-09-07 19:00:00,8859.2160379349,9029.745193128754,6531.7299595514605
forecast_5996,2025-09-07 20:00:00,10282.322700074026,11214.79536194486,8189.219416881431
forecast_5997,2025-09-07 21:00:00,10979.070531361005,11451.513580013805,8927.415687559012
forecast_5998,2025-09-07 22:00:00,11400.143740203173,12006.75453000082,9297.703762909896
forecast_5999,2025-09-07 23:00:00,11405.740033880606,12034.723770218174,9492.198855245497
forecast_6000,2025-09-08 00:00:00,11725.099488531656,12241.508796161743,9394.951309077696
forecast_6001,2025-09-08 01:00:00,8471.209798679896,9079.770785538378,6393.927154394965
forecast_6002,2025-09-08 02:00:00,8266.000358998339,8837.304556223531,6215.9540577620155
forecast_6003,2025-09-08 03:00:00,8209.38929638115,7807.425565239368,5232.535853273857
forecast_6004,2025-09-08 04:00:00,7293.67222045746,5922.432368593914,4610.613912963057
forecast_6005,2025-09-08 05:00:00,5286.355817558566,4989.477024041496,3727.1078316182557
forecast_6006,2025-09-08 06:00:00,4196.560247263283,4245.698461046579,2984.2381424144164
forecast_6007,2025-09-08 07:00:00,4054.2296221903603,3718.2331118636334,2798.9104212522693
forecast_6008,2025-09-08 08:00:00,3304.899571152978,3233.6682063730245,2294.072556898691
forecast_6009,2025-09-08 09:00:00,2831.119838649879,3120.9751901193968,2294.072556898691
forecast_6010,2025-09-08 10:00:00,2762.3568198680014,3076.2719037486777,2374.023564038943
forecast_6011,2025-09-08 11:00:00,2657.5557918672766,3057.2869681626294,2374.023564038943
forecast_6012,2025-09-08 12:00:00,2657.5557918672766,2844.369771736994,2348.878220019641
forecast_6013,2025-09-08 13:00:00,2750.6547101672077,2832.0207371443494,2307.5444018304197
forecast_6014,2025-09-08 14:00:00,2750.6547101672077,2709.2962669511326,2275.7645945805375
forecast_6015,2025-09-08 15:00:00,2768.3925217078886,2709.2962669511326,2275.7645945805375
forecast_6016,2025-09-08 16:00:00,3367.170199982822,3169.033047997209,2468.529092910496
forecast_6017,2025-09-08 17:00:00,3556.7108390679605,3627.6925195886206,2812.2306137030373
forecast_6018,2025-09-08 18:00:00,3650.710863005789,4046.9465369335394,2891.537427920237
forecast_6019,2025-09-08 19:00:00,3924.2046442949563,4046.9465369335394,2957.485594034092
forecast_6020,2025-09-08 20:00:00,3924.2046442949563,3654.770574501001,2957.485594034092
forecast_6021,2025-09-08 21:00:00,3629.9646832843946,3654.770574501001,2915.7587500381196
forecast_6022,2025-09-08 22:00:00,3532.5282088569184,3699.0376632671905,2799.770403856376
forecast_6023,2025-09-08 23:00:00,3332.518834574942,3699.0376632671905,2742.752351161602
forecast_6024,2025-09-09 00:00:00,3244.1797678425037,3486.5249325971936,2467.3097772155406
forecast_6025,2025-09-09 01:00:00,3527.0872711783386,3564.9675533094846,2614.636625743602
forecast_6026,2025-09-09 02:00:00,3508.4622175172017,3312.146351737688,2377.198623391302
forecast_6027,2025-09-09 03:00:00,3126.0935791347283,3041.407059637225,2119.0749857132896
forecast_6028,2025-09-09 04:00:00,2946.458583410911,3041.407059637225,2119.0749857132896
forecast_6029,2025-09-09 05:00:00,2946.458583410911,3370.638883644815,2369.5102028338915
forecast_6030,2025-09-09 06:00:00,2982.3105613300777,3370.638883644815,2369.5102028338915
forecast_6031,2025-09-09 07:00:00,3055.906390653472,3465.4948725392696,2254.5780736516467
forecast_6032,2025-09-09 08:00:00,3003.311115535652,3114.9011668792673,2170.0422437014486
forecast_6033,2025-09-09 09:00:00,3111.1669197072506,3423.840210866965,2254.5780736516467
forecast_6034,2025-09-09 10:00:00,3003.311115535652,3423.840210866965,2415.9422546805145
forecast_6035,2025-09-09 11:00:00,2989.441478982976,3486.8755453719614,2415.9422546805145
forecast_6036,2025-09-09 12:00:00,2718.420785474812,3486.8755453719614,2395.6348507347566
forecast_6037,2025-09-09 13:00:00,2718.420785474812,3225.0646620510215,2395.6348507347566
forecast_6038,2025-09-09 14:00:00,2749.2906629956906,3130.3718783403883,2395.6348507347566
forecast_6039,2025-09-09 15:00:00,2798.9982272212383,3130.3718783403883,2404.3511617999898
forecast_6040,2025-09-09 16:00:00,2749.2906629956906,3037.87489141263,2252.472476620599
forecast_6041,2025-09-09 17:00:00,2912.246375040264,3118.0837712137177,2421.477896035784
forecast_6042,2025-09-09 18:00:00,3032.443344788775,3118.0837712137177,2608.285431446243
forecast_6043,2025-09-09 19:00:00,3032.443344788775,3118.0837712137177,2608.285431446243
forecast_6044,2025-09-09 20:00:00,3041.6970207777676,3145.5125959536444,2678.4764466441748
forecast_6045,2025-09-09 21:00:00,3300.0454289489435,3414.165653565685,2869.5334124913325
forecast_6046,2025-09-09 22:00:00,3688.3488254190643,3666.789312123899,2884.0532010360184
forecast_6047,2025-09-09 23:00:00,3694.185211228245,3746.8296678095544,2887.163047830434
forecast_6048,2025-09-10 00:00:00,3691.267018323655,3757.4628103497457,2903.9412312929967
forecast_6049,2025-09-10 01:00:00,3552.73170962494,3205.8256812062336,2541.6621345481954
forecast_6050,2025-09-10 02:00:00,3496.594568506929,3312.259325258348,2524.9492258656483
forecast_6051,2025-09-10 03:00:00,3496.594568506929,3312.259325258348,2524.9492258656483
forecast_6052,2025-09-10 04:00:00,3477.4695971803058,3411.264391159356,2532.822979903106
forecast_6053,2025-09-10 05:00:00,3416.4483906199666,3411.264391159356,2532.822979903106
forecast_6054,2025-09-10 06:00:00,3360.9327680217,3321.820384134583,2505.666306329396
forecast_6055,2025-09-10 07:00:00,3253.6283566477305,3118.527287864411,2357.7597915309716
forecast_6056,2025-09-10 08:00:00,2777.5238246718036,3118.527287864411,2116.0114445746653
forecast_6057,2025-09-10 09:00:00,2659.7451332195806,3010.6918782048347,2073.0183366078336
forecast_6058,2025-09-10 10:00:00,2659.7451332195806,2909.5227019967747,2116.0114445746653
forecast_6059,2025-09-10 11:00:00,2524.144004171796,2909.5227019967747,2263.243584831049
forecast_6060,2025-09-10 12:00:00,2540.5869469144727,2962.6622144716102,2307.640968683103
forecast_6061,2025-09-10 13:00:00,2508.2769274200646,2962.6622144716102,2307.640968683103
forecast_6062,2025-09-10 14:00:00,2536.4852862778553,2920.902753086315,2307.640968683103
forecast_6063,2025-09-10 15:00:00,2536.4852862778553,2913.1630545086828,2359.4738986309685
forecast_6064,2025-09-10 16:00:00,2536.4852862778553,2866.413909365879,2359.4738986309685
forecast_6065,2025-09-10 17:00:00,2596.1100296650875,2866.413909365879,2431.8075856199093
forecast_6066,2025-09-10 18:00:00,2720.115669073217,2999.814100229616,2316.9684134836407
forecast_6067,2025-09-10 19:00:00,2830.7358682823988,3113.3473238728484,2347.108114692681
forecast_6068,2025-09-10 20:00:00,2987.4367327080163,3142.594661916988,2347.108114692681
forecast_6069,2025-09-10 21:00:00,3073.8160569473766,3202.474626661279,2387.8576140775094
forecast_6070,2025-09-10 22:00:00,3275.3855391822117,3638.396397638982,2573.143467658286
forecast_6071,2025-09-10 23:00:00,3357.693860456121,3751.2931987878233,2718.548686735312
forecast_6072,2025-09-11 00:00:00,3329.851161161854,3756.661109235569,2756.2396736651945
forecast_6073,2025-09-11 01:00:00,3421.7899640937258,3415.2299648660587,2459.854913335337
forecast_6074,2025-09-11 02:00:00,3327.5865481502824,3471.743174805997,2452.0823612590025
forecast_6075,2025-09-11 03:00:00,3261.5375976394316,3616.7993750934424,2452.0823612590025
forecast_6076,2025-09-11 04:00:00,3160.5090908694874,3660.5511543020593,2525.8251556756395
forecast_6077,2025-09-11 05:00:00,3261.5375976394316,3761.104480176136,2526.516581525634
forecast_6078,2025-09-11 06:00:00,3447.9936823922917,4047.294564123529,2722.9695030547464
forecast_6079,2025-09-11 07:00:00,3456.0273044565092,4857.254451967813,3060.893595615835
forecast_6080,2025-09-11 08:00:00,3456.0273044565092,4857.254451967813,3060.893595615835
forecast_6081,2025-09-11 09:00:00,3070.4977273272652,4534.172329365577,2929.5960923883986
forecast_6082,2025-09-11 10:00:00,3010.202113053977,3628.4446887375025,2557.0340103519293
forecast_6083,2025-09-11 11:00:00,2949.4529340764284,3557.7789193249687,2546.6835384081623
forecast_6084,2025-09-11 12:00:00,2949.4529340764284,3436.6786513487377,2546.6835384081623
forecast_6085,2025-09-11 13:00:00,2949.4529340764284,3194.689022062199,2491.874047499281
forecast_6086,2025-09-11 14:00:00,2987.0659133216723,3193.7632929548927,2491.874047499281
forecast_6087,2025-09-11 15:00:00,2987.0659133216723,3176.982103845805,2415.2988105926497
forecast_6088,2025-09-11 16:00:00,2875.8165104374966,3176.982103845805,2519.081837594214
forecast_6089,2025-09-11 17:00:00,2875.8165104374966,3919.480637539515,2892.40869258793
forecast_6090,2025-09-11 18:00:00,3225.3127904575595,4255.899785679835,2942.691896438876
forecast_6091,2025-09-11 19:00:00,4071.417545040522,5013.829573975861,3157.638227702592
forecast_6092,2025-09-11 20:00:00,4250.2257563838675,5553.418419193035,3470.407996420598
forecast_6093,2025-09-11 21:00:00,4373.995895006084,5619.908425005444,3603.5861877720317
forecast_6094,2025-09-11 22:00:00,4672.54703032896,6241.031220171494,4131.951824777509
forecast_6095,2025-09-11 23:00:00,4672.54703032896,6242.233547659678,4131.951824777509
forecast_6096,2025-09-12 00:00:00,5041.739709195218,6799.312310998719,4592.359067924015
forecast_6097,2025-09-12 01:00:00,4300.668669746747,5167.877840430591,3343.9077436516654
forecast_6098,2025-09-12 02:00:00,4248.359377810658,4930.7449350463885,3147.3910066889557
forecast_6099,2025-09-12 03:00:00,3751.0588880224886,4312.4635551717665,2970.3013230725105
forecast_6100,2025-09-12 04:00:00,3577.435696758901,3884.690593097658,2655.9002332312475
forecast_6101,2025-09-12 05:00:00,3349.088790103957,3646.1857890735096,2655.9002332312475
forecast_6102,2025-09-12 06:00:00,3232.01544054068,3646.1857890735096,2604.9886347680167
forecast_6103,2025-09-12 07:00:00,3200.964006532052,3615.7969329882044,2511.928518941117
forecast_6104,2025-09-12 08:00:00,3048.633369948554,3667.358159251061,2511.928518941117
forecast_6105,2025-09-12 09:00:00,3024.0804218646126,3537.464252056909,2434.017244179453
forecast_6106,2025-09-12 10:00:00,3024.0804218646126,3637.94266558642,2663.0781420763196
forecast_6107,2025-09-12 11:00:00,3131.8817806719635,3637.94266558642,2734.8531028699326
forecast_6108,2025-09-12 12:00:00,3418.4785621234323,3655.0858507960697,2735.9396786672887
forecast_6109,2025-09-12 13:00:00,3131.8817806719635,3655.0858507960697,2734.8531028699326
forecast_6110,2025-09-12 14:00:00,2709.438075824345,3391.164170727796,2443.834406452941
forecast_6111,2025-09-12 15:00:00,2709.438075824345,3269.8147099352964,2244.878638302173
forecast_6112,2025-09-12 16:00:00,2661.4017730048936,3208.4506496373215,2244.878638302173
forecast_6113,2025-09-12 17:00:00,2800.544820395875,3208.4506496373215,2244.878638302173
forecast_6114,2025-09-12 18:00:00,2800.544820395875,3353.7875032400466,2317.623517853025
forecast_6115,2025-09-12 19:00:00,2936.749977102939,3577.627006682295,2418.055757067393
forecast_6116,2025-09-12 20:00:00,3446.183646634312,4673.744678946654,2975.122001558131
forecast_6117,2025-09-12 21:00:00,3592.2701382029954,5481.011215084066,3234.867002924173
forecast_6118,2025-09-12 22:00:00,4029.1216794961942,5814.035602310254,3569.0661663672768
forecast_6119,2025-09-12 23:00:00,4992.195084462978,7436.2913547161525,5144.931299334961
forecast_6120,2025-09-13 00:00:00,5020.358966743401,7539.963515943149,5282.4389562409015
forecast_6121,2025-09-13 01:00:00,5403.187837345669,6772.958221288532,5399.527254235703
forecast_6122,2025-09-13 02:00:00,6387.006181486775,7318.948213588234,6197.552880016088
forecast_6123,2025-09-13 03:00:00,6984.0837788126255,8332.769046556237,6703.076995777264
forecast_6124,2025-09-13 04:00:00,7064.177771958524,9515.689715696863,6731.103277488082
forecast_6125,2025-09-13 05:00:00,9048.024467030606,12183.821338636395,8605.742116600812
forecast_6126,2025-09-13 06:00:00,10506.303966902802,13142.225743520012,9717.446074937088
forecast_6127,2025-09-13 07:00:00,12884.254063910426,15260.357482342804,11757.229427394992
forecast_6128,2025-09-13 08:00:00,14016.20444121452,16666.410817766257,14463.770077449946
forecast_6129,2025-09-13 09:00:00,14016.20444121452,16666.410817766257,14463.770077449946
forecast_6130,2025-09-13 10:00:00,12225.472337825775,15067.125936021836,13409.851664883512
forecast_6131,2025-09-13 11:00:00,9276.433235432163,10251.210393598609,9185.252703235154
forecast_6132,2025-09-13 12:00:00,5807.769111142363,8000.64242752896,6391.197701308615
forecast_6133,2025-09-13 13:00:00,5269.954430405649,6966.0882634817635,4858.004111914393
forecast_6134,2025-09-13 14:00:00,4465.935266698283,5994.872972350868,3500.2320220865317
forecast_6135,2025-09-13 15:00:00,4002.2821682260046,4627.332741194639,3085.3764004267186
forecast_6136,2025-09-13 16:00:00,4002.2821682260046,4418.6159862466775,2925.3401603779057
forecast_6137,2025-09-13 17:00:00,3926.0469067733875,4227.564251637147,2796.658706826157
forecast_6138,2025-09-13 18:00:00,3926.0469067733875,3788.174276738501,2734.3363381134704
forecast_6139,2025-09-13 19:00:00,2994.8730911449175,3312.29919543933,2294.0409876768067
forecast_6140,2025-09-13 20:00:00,2873.2341622661024,2806.955045889592,2140.9189995617576
forecast_6141,2025-09-13 21:00:00,2873.2341622661024,2806.955045889592,2140.9189995617576
forecast_6142,2025-09-13 22:00:00,2916.7733007819616,3103.1493296623585,2406.6591523419156
forecast_6143,2025-09-13 23:00:00,3058.274565306766,3248.4920011721124,2494.4550390987592
forecast_6144,2025-09-14 00:00:00,2987.5239330443637,3175.8206654172354,2450.557095720337
forecast_6145,2025-09-14 01:00:00,3486.1251615330484,3112.1912566859646,2265.1912778565866
forecast_6146,2025-09-14 02:00:00,3427.1784769661745,3016.9927375508423,2190.842719645299
forecast_6147,2025-09-14 03:00:00,3387.790670677843,3016.9927375508423,2190.842719645299
forecast_6148,2025-09-14 04:00:00,3403.5662980001152,3188.5312539513525,2321.2137243602847
forecast_6149,2025-09-14 05:00:00,3403.5662980001152,3476.7269981479744,2479.3482241177753
forecast_6150,2025-09-14 06:00:00,3666.583377987714,3670.2482302394587,2698.995565136995
forecast_6151,2025-09-14 07:00:00,3684.70369779656,3672.52391651093,2752.255568050159
forecast_6152,2025-09-14 08:00:00,3725.9065634619865,3817.6511477965837,2718.2415613832745
forecast_6153,2025-09-14 09:00:00,3725.9065634619865,3817.6511477965837,2718.2415613832745
forecast_6154,2025-09-14 10:00:00,3372.8673672077875,3394.9644064762106,2609.7820380873072
forecast_6155,2025-09-14 11:00:00,3241.805471276608,3115.522659440435,2607.319331883831
forecast_6156,2025-09-14 12:00:00,3074.4674804832875,2984.3908539796703,2412.1420615811558
forecast_6157,2025-09-14 13:00:00,3074.4674804832875,2984.3908539796703,2412.1420615811558
forecast_6158,2025-09-14 14:00:00,3150.5069529198518,3119.7662227023757,2416.794654967256
forecast_6159,2025-09-14 15:00:00,3356.5562158594576,3181.47628614088,2576.820542757021
forecast_6160,2025-09-14 16:00:00,3380.629482724633,3423.869640576819,2621.598391522105
forecast_6161,2025-09-14 17:00:00,3552.1593188820516,3740.5046455586034,2722.403169367539
forecast_6162,2025-09-14 18:00:00,4128.152013953927,5114.4475930781755,3598.486312080961
forecast_6163,2025-09-14 19:00:00,5794.917323543515,7436.447989925725,4820.002343322094
forecast_6164,2025-09-14 20:00:00,8648.086146030086,8497.94744971707,6501.162357622639
forecast_6165,2025-09-14 21:00:00,11349.462485643271,10555.528949689859,7860.821385962238
forecast_6166,2025-09-14 22:00:00,13433.497317539488,13717.335651600768,11265.42479945959
forecast_6167,2025-09-14 23:00:00,13963.077380470339,14570.406960583976,12670.251616393009
forecast_6168,2025-09-15 00:00:00,14659.456604662171,15221.277107927352,13327.661755544495
forecast_6169,2025-09-15 01:00:00,13713.16350269578,14125.769748350582,10860.005367650367
forecast_6170,2025-09-15 02:00:00,13331.230637012186,13652.960277493985,10380.116111979027
forecast_6171,2025-09-15 03:00:00,12905.420014034427,12687.825329775265,9555.719054868918
forecast_6172,2025-09-15 04:00:00,12689.636037216864,11686.35729974656,8808.924727725636
forecast_6173,2025-09-15 05:00:00,11077.668782184908,10137.149820574094,7038.388855410952
forecast_6174,2025-09-15 06:00:00,8113.216086541687,8004.311029938964,5326.494829826298
forecast_6175,2025-09-15 07:00:00,5166.87921782262,5587.833926376683,3758.852258692054
forecast_6176,2025-09-15 08:00:00,4128.351142668767,3980.7588921066663,2997.2717171014842
forecast_6177,2025-09-15 09:00:00,3205.830361950565,3269.223685634062,2557.3419794520405
forecast_6178,2025-09-15 10:00:00,2922.857533912169,2724.898126543654,2294.9033721452047
forecast_6179,2025-09-15 11:00:00,2886.935455893008,2724.898126543654,2294.9033721452047
forecast_6180,2025-09-15 12:00:00,2922.6832590792656,2970.253515001582,2368.7137526026345
forecast_6181,2025-09-15 13:00:00,2851.0795400490033,3014.5002927355163,2402.4753258745454
forecast_6182,2025-09-15 14:00:00,2922.6832590792656,3087.4342992740403,2502.754797039398
forecast_6183,2025-09-15 15:00:00,2928.89417391616,3095.224060415124,2552.6850004198395
forecast_6184,2025-09-15 16:00:00,2950.7152521342605,3128.9497099359874,2661.4426496971164
forecast_6185,2025-09-15 17:00:00,3743.3601512649884,3799.4323156862056,2873.80031067481
forecast_6186,2025-09-15 18:00:00,4181.92075000872,4311.553533935487,3487.6522492403064
forecast_6187,2025-09-15 19:00:00,4660.549147474981,5023.275959646822,3872.416477644461
forecast_6188,2025-09-15 20:00:00,4797.552551237141,5446.660706783565,3961.7833199994716
forecast_6189,2025-09-15 21:00:00,5187.434792100864,5566.118673327463,4190.389839005849
forecast_6190,2025-09-15 22:00:00,5052.520162483769,5633.712069992705,4190.389839005849
forecast_6191,2025-09-15 23:00:00,5052.520162483769,5633.712069992705,4190.389839005849
forecast_6192,2025-09-16 00:00:00,5012.274223686698,5679.686421573311,4129.029355439267
forecast_6193,2025-09-16 01:00:00,8189.745038179486,8071.545459704298,5396.660827003905
forecast_6194,2025-09-16 02:00:00,8692.161098184806,8305.52032229228,5608.390181214192
forecast_6195,2025-09-16 03:00:00,9180.481843680498,8658.333911216003,5850.268395063132
forecast_6196,2025-09-16 04:00:00,10248.600764625118,9843.56204845534,6814.972176535696
forecast_6197,2025-09-16 05:00:00,11272.660619241713,10686.35352728509,7606.4156946703
forecast_6198,2025-09-16 06:00:00,11272.660619241713,11867.368708981605,8213.727600490702
forecast_6199,2025-09-16 07:00:00,11223.641753782442,11867.368708981605,8213.727600490702
forecast_6200,2025-09-16 08:00:00,7820.144892833178,9389.948061024781,5895.560375605407
forecast_6201,2025-09-16 09:00:00,6155.329440918572,8270.082834674962,5457.662441380853
forecast_6202,2025-09-16 10:00:00,5278.825654630882,7183.992953470281,5294.547179296093
forecast_6203,2025-09-16 11:00:00,5090.850704074436,6246.714055679648,5088.418797840712
forecast_6204,2025-09-16 12:00:00,5090.850704074436,6526.462414015239,5294.547179296093
forecast_6205,2025-09-16 13:00:00,5486.975910521086,6526.462414015239,5394.752360336964
forecast_6206,2025-09-16 14:00:00,6617.302002365664,7303.057932979055,6243.768408653652
forecast_6207,2025-09-16 15:00:00,7034.959954216871,7380.081486985036,6396.216604930602
forecast_6208,2025-09-16 16:00:00,7034.959954216871,7303.057932979055,6396.216604930602
forecast_6209,2025-09-16 17:00:00,6001.185624371447,7640.350706931001,6187.556647223231
forecast_6210,2025-09-16 18:00:00,6001.185624371447,7992.940014833043,6187.556647223231
forecast_6211,2025-09-16 19:00:00,8181.6415797017935,9746.678278996744,8578.591911913285
forecast_6212,2025-09-16 20:00:00,8365.873318915676,11017.025755390881,8578.591911913285
forecast_6213,2025-09-16 21:00:00,8614.144649355776,11170.921828015908,8621.572943602918
forecast_6214,2025-09-16 22:00:00,9011.16603473577,12185.25510083591,9034.213036442292
forecast_6215,2025-09-16 23:00:00,9357.514701668802,12981.144606442402,9977.406667362236
forecast_6216,2025-09-17 00:00:00,9616.841332816197,13055.135275034789,10297.143383439156
forecast_6217,2025-09-17 01:00:00,15461.306627027454,17793.303685335446,16538.594086128476
forecast_6218,2025-09-17 02:00:00,15752.136156875607,18318.980044918695,16973.96025846479
forecast_6219,2025-09-17 03:00:00,15890.027820308282,18400.30350882692,17692.713180221595
forecast_6220,2025-09-17 04:00:00,16881.564990774896,18400.30350882692,17692.713180221595
forecast_6221,2025-09-17 05:00:00,16881.564990774896,18317.071540752913,17582.961407500872
forecast_6222,2025-09-17 06:00:00,15329.442681545916,17498.336220098536,16144.3934251305
forecast_6223,2025-09-17 07:00:00,12682.336424701807,14218.68627598533,12640.995327904258
forecast_6224,2025-09-17 08:00:00,8878.259541599653,10206.063852607578,8088.559403586286
forecast_6225,2025-09-17 09:00:00,5175.955590334185,7276.357722825664,4765.227157673885
forecast_6226,2025-09-17 10:00:00,4157.616055708618,5583.602742635797,4003.716026637674
forecast_6227,2025-09-17 11:00:00,3850.2957983501387,5100.846449022678,3354.224920095394
forecast_6228,2025-09-17 12:00:00,3534.092270261767,4873.529902114905,3354.224920095394
forecast_6229,2025-09-17 13:00:00,3534.092270261767,4873.529902114905,3354.224920095394
forecast_6230,2025-09-17 14:00:00,4386.276080638166,7226.879842934843,5353.305672299224
forecast_6231,2025-09-17 15:00:00,4733.80309214416,7226.879842934843,5353.305672299224
forecast_6232,2025-09-17 16:00:00,4733.80309214416,6269.2609646705305,4148.760435529074
forecast_6233,2025-09-17 17:00:00,4144.239381884753,5735.850594309917,4017.280413294644
forecast_6234,2025-09-17 18:00:00,3925.0522425574495,4262.736779219986,2912.9364779083635
forecast_6235,2025-09-17 19:00:00,3866.38290326852,3918.083422512136,2861.8254323882443
forecast_6236,2025-09-17 20:00:00,2595.281574718644,3279.360535501884,2232.394344578142
forecast_6237,2025-09-17 21:00:00,2595.281574718644,3052.4164044189984,2187.7915283983966
forecast_6238,2025-09-17 22:00:00,2792.3433027059364,3052.4164044189984,2187.7915283983966
forecast_6239,2025-09-17 23:00:00,2792.3433027059364,3052.4164044189984,2187.7915283983966
forecast_6240,2025-09-18 00:00:00,2771.7704815586803,3047.2359972088825,2222.9944704184945
forecast_6241,2025-09-18 01:00:00,2733.757313613318,2476.855820795041,1868.967813504652
forecast_6242,2025-09-18 02:00:00,2769.070194920012,2513.235136739439,1888.250877211909
forecast_6243,2025-09-18 03:00:00,2769.070194920012,2761.321451564637,2016.104974684301
forecast_6244,2025-09-18 04:00:00,2769.070194920012,3132.020402526674,2108.4390684180958
forecast_6245,2025-09-18 05:00:00,2799.8320254471037,3218.8626110123932,2138.455695482987
forecast_6246,2025-09-18 06:00:00,3616.2157959015003,3971.2805227851545,2823.1133313450473
forecast_6247,2025-09-18 07:00:00,3616.2157959015003,4241.716084890849,3022.3734182043036
forecast_6248,2025-09-18 08:00:00,3256.357382112931,4241.716084890849,3022.3734182043036
forecast_6249,2025-09-18 09:00:00,3143.5501236334158,4130.976322136039,3020.72399624082
forecast_6250,2025-09-18 10:00:00,3116.0128721644123,3888.992279668367,2758.2548619095696
forecast_6251,2025-09-18 11:00:00,2931.281873034557,3812.0379626532567,2575.9863754925127
forecast_6252,2025-09-18 12:00:00,2931.281873034557,3812.0379626532567,2575.9863754925127
forecast_6253,2025-09-18 13:00:00,2943.3382666246644,3962.844743310353,2766.515399809205
forecast_6254,2025-09-18 14:00:00,2983.659733163202,3962.844743310353,2784.0872387901454
forecast_6255,2025-09-18 15:00:00,2983.659733163202,3948.3720217002283,2784.0872387901454
forecast_6256,2025-09-18 16:00:00,2888.0618750842123,3777.909512136208,2822.388122367732
forecast_6257,2025-09-18 17:00:00,2888.0618750842123,3777.909512136208,2875.6955382127608
forecast_6258,2025-09-18 18:00:00,2819.4926581167283,3889.114398994915,2884.4493902360377
forecast_6259,2025-09-18 19:00:00,2921.3596161873593,3919.6728474137462,2925.4714789288964
forecast_6260,2025-09-18 20:00:00,2966.4549469110852,3932.415850015469,2925.4714789288964
forecast_6261,2025-09-18 21:00:00,3144.8651370200687,4128.641256100581,2966.2370175795922
forecast_6262,2025-09-18 22:00:00,3399.035857892515,4128.641256100581,3031.1097424965606
forecast_6263,2025-09-18 23:00:00,3399.035857892515,3992.9251120654585,3031.1097424965606
forecast_6264,2025-09-19 00:00:00,3328.54544864489,3949.442231522631,2975.047855920757
forecast_6265,2025-09-19 01:00:00,3173.6342975375246,3738.4579199769382,2799.3266544697312
forecast_6266,2025-09-19 02:00:00,3148.505549923072,3640.9811442581085,2756.0573440328853
forecast_6267,2025-09-19 03:00:00,3008.6777711278355,3574.7818643058727,2692.4024763287525
forecast_6268,2025-09-19 04:00:00,2980.188909005873,3450.535283470299,2435.889559849309
forecast_6269,2025-09-19 05:00:00,2871.659546303422,3225.7193375885017,2279.984698729417
forecast_6270,2025-09-19 06:00:00,2700.0192247420355,3225.7193375885017,2279.984698729417
forecast_6271,2025-09-19 07:00:00,2700.0192247420355,3208.9192788646674,2266.0187115825647
forecast_6272,2025-09-19 08:00:00,2697.3213704117907,3255.73940208746,2288.114866116991
forecast_6273,2025-09-19 09:00:00,2664.7017969681556,3208.9192788646674,2266.0187115825647
forecast_6274,2025-09-19 10:00:00,2462.4468129638526,3030.6215583436947,2098.170990673641
forecast_6275,2025-09-19 11:00:00,2462.4468129638526,3030.6215583436947,2098.170990673641
forecast_6276,2025-09-19 12:00:00,2521.8591188700866,3030.6215583436947,2139.838725110466
forecast_6277,2025-09-19 13:00:00,2521.8591188700866,2874.257378682716,2139.838725110466
forecast_6278,2025-09-19 14:00:00,2550.4818531028704,2768.78509442117,2135.528881582496
forecast_6279,2025-09-19 15:00:00,2599.6127210825525,2744.335297798184,2089.556818152705
forecast_6280,2025-09-19 16:00:00,2623.3209480859714,2768.78509442117,2135.528881582496
forecast_6281,2025-09-19 17:00:00,2795.13103173713,3020.339565054306,2146.2780677471537
forecast_6282,2025-09-19 18:00:00,2805.998689560909,3029.038649987472,2312.849898992373
forecast_6283,2025-09-19 19:00:00,2925.002652028569,3090.789112874233,2176.845495200184
forecast_6284,2025-09-19 20:00:00,3141.9601280474317,3675.9529770772306,2322.9136360920875
forecast_6285,2025-09-19 21:00:00,3141.9601280474317,3675.9529770772306,2322.9136360920875
forecast_6286,2025-09-19 22:00:00,4085.470964605897,5469.55547166041,4044.001125339224
forecast_6287,2025-09-19 23:00:00,4980.51672688485,5927.217357082753,4675.246522447658
forecast_6288,2025-09-20 00:00:00,5086.924732378955,6402.472216253092,5014.667771399241
forecast_6289,2025-09-20 01:00:00,6820.551918248502,7891.369496328095,6129.603263545878
forecast_6290,2025-09-20 02:00:00,6609.805973237489,7369.83759791039,5680.568081756205
forecast_6291,2025-09-20 03:00:00,6609.805973237489,7369.83759791039,5885.912214833025
forecast_6292,2025-09-20 04:00:00,6305.948225180052,7170.043344131973,5680.568081756205
forecast_6293,2025-09-20 05:00:00,6100.34675836512,7159.043952472899,4946.011291230498
forecast_6294,2025-09-20 06:00:00,5902.8351147761805,7159.043952472899,4946.011291230498
forecast_6295,2025-09-20 07:00:00,5420.477366786487,7159.043952472899,4946.011291230498
forecast_6296,2025-09-20 08:00:00,3780.376493819447,4427.2552002755865,2707.7874995313377
forecast_6297,2025-09-20 09:00:00,3410.8866473760027,3589.8797586144237,2689.8444410318034
forecast_6298,2025-09-20 10:00:00,3213.6570987924943,3385.486024163672,2093.58693252603
forecast_6299,2025-09-20 11:00:00,3148.933580177667,3385.486024163672,2093.58693252603
forecast_6300,2025-09-20 12:00:00,3213.6570987924943,3568.6764684891486,2174.967827971027
forecast_6301,2025-09-20 13:00:00,3475.318285656639,3990.0209702935344,2729.985113905781
forecast_6302,2025-09-20 14:00:00,3616.799856740494,3990.0209702935344,2868.1196882436143
forecast_6303,2025-09-20 15:00:00,3616.799856740494,3790.0524290256863,2888.077837686138
forecast_6304,2025-09-20 16:00:00,3439.2414499392216,3466.6175732237944,2927.4703290636676
forecast_6305,2025-09-20 17:00:00,3439.2414499392216,3333.4160511102455,2927.4703290636676
forecast_6306,2025-09-20 18:00:00,3439.2414499392216,3333.4160511102455,2966.101288335056
forecast_6307,2025-09-20 19:00:00,3549.884422868904,3570.9245592215716,2973.3510429386743
forecast_6308,2025-09-20 20:00:00,3776.5306659979233,3776.85994743733,3008.9599864712313
forecast_6309,2025-09-20 21:00:00,4095.728887190085,4649.746153491393,3352.0440449061352
forecast_6310,2025-09-20 22:00:00,4192.834228462825,5155.8312025024225,4067.4237395422742
forecast_6311,2025-09-20 23:00:00,4399.151203235345,5349.950634969124,4067.4237395422742
forecast_6312,2025-09-21 00:00:00,4575.369490782855,5383.602556798325,4057.1168073644703
forecast_6313,2025-09-21 01:00:00,4213.015938340825,5690.382987947403,3913.087534113345
forecast_6314,2025-09-21 02:00:00,4054.220147568425,5335.201012642528,3723.251694374454
forecast_6315,2025-09-21 03:00:00,3752.6698769891673,4670.815448089517,3279.888212946771
forecast_6316,2025-09-21 04:00:00,3612.363566901102,4670.815448089517,3279.888212946771
forecast_6317,2025-09-21 05:00:00,3612.363566901102,4749.732686961648,3314.65441759298
forecast_6318,2025-09-21 06:00:00,3788.246704779046,4898.654573749283,3564.7196645102413
forecast_6319,2025-09-21 07:00:00,3788.246704779046,4991.273462191621,3564.7196645102413
forecast_6320,2025-09-21 08:00:00,3638.2153672690292,4991.273462191621,3414.95258768333
forecast_6321,2025-09-21 09:00:00,3232.9760776264293,3979.9015913271937,2908.658366952613
forecast_6322,2025-09-21 10:00:00,3011.5764524199203,3802.831333859181,2782.680375852883
forecast_6323,2025-09-21 11:00:00,3011.5764524199203,3743.004794690276,2782.680375852883
forecast_6324,2025-09-21 12:00:00,3105.089009951321,3743.004794690276,2936.9332534301093
forecast_6325,2025-09-21 13:00:00,3119.8885148187383,3743.004794690276,2936.9332534301093
forecast_6326,2025-09-21 14:00:00,3119.8885148187383,3732.975680795483,2907.208362006208
forecast_6327,2025-09-21 15:00:00,3033.349289842481,3732.975680795483,2907.208362006208
forecast_6328,2025-09-21 16:00:00,2965.368168934766,3735.522782672036,2953.4247577360456
forecast_6329,2025-09-21 17:00:00,2965.368168934766,3735.522782672036,2953.4247577360456
forecast_6330,2025-09-21 18:00:00,2965.368168934766,3735.522782672036,3012.499970396454
forecast_6331,2025-09-21 19:00:00,3174.3444613133734,3844.1356335414284,3062.2499336911274
forecast_6332,2025-09-21 20:00:00,3225.4061361305885,3856.315297266075,3113.5842261419393
forecast_6333,2025-09-21 21:00:00,3745.586423166652,4770.579794442992,3371.381079126038
forecast_6334,2025-09-21 22:00:00,4514.867414318404,5912.230006699294,4188.486856983287
forecast_6335,2025-09-21 23:00:00,4760.495874257796,6305.685127082525,4205.924975061528
forecast_6336,2025-09-22 00:00:00,4862.082126537468,6493.948187222319,4282.918022916063
forecast_6337,2025-09-22 01:00:00,4784.119236088601,5620.852417807369,3851.2590205547817
forecast_6338,2025-09-22 02:00:00,4876.980579250854,5884.291584438386,3882.16055643709
forecast_6339,2025-09-22 03:00:00,4876.980579250854,5972.554132115598,3882.16055643709
forecast_6340,2025-09-22 04:00:00,4955.171604577387,6487.935864553869,4063.31431857332
forecast_6341,2025-09-22 05:00:00,4830.14167441199,5972.554132115598,3757.5663772878365
forecast_6342,2025-09-22 06:00:00,4390.248227895033,5257.322204779886,3346.553542408048
forecast_6343,2025-09-22 07:00:00,4345.758567282845,5257.322204779886,3343.438260867969
forecast_6344,2025-09-22 08:00:00,4285.3232864126185,5254.473909450159,3315.6433114560655
forecast_6345,2025-09-22 09:00:00,4091.955028894876,5462.608022941262,3294.600505414382
forecast_6346,2025-09-22 10:00:00,3922.45589564331,5085.800605472998,3292.019336102938
forecast_6347,2025-09-22 11:00:00,3504.246024092634,4603.904445327774,3184.1987437469634
forecast_6348,2025-09-22 12:00:00,3218.218549992742,3705.6078567786144,2724.0845162696305
forecast_6349,2025-09-22 13:00:00,3218.218549992742,3646.812905957344,2724.0845162696305
forecast_6350,2025-09-22 14:00:00,3229.9293440328174,3550.7853004442,2724.0845162696305
forecast_6351,2025-09-22 15:00:00,3229.9293440328174,3550.7853004442,2779.5035351782817
forecast_6352,2025-09-22 16:00:00,3157.110461536032,3666.9017547664284,2830.3168630691816
forecast_6353,2025-09-22 17:00:00,2947.3140761865307,3666.9017547664284,2830.3168630691816
forecast_6354,2025-09-22 18:00:00,2947.3140761865307,3666.9017547664284,2815.9276149570564
forecast_6355,2025-09-22 19:00:00,3125.0429983169724,3794.4242230101554,2812.1130744119796
forecast_6356,2025-09-22 20:00:00,3268.687473448579,3871.992570353329,2754.7804832154056
forecast_6357,2025-09-22 21:00:00,3274.488597390422,3929.518414892941,2754.7804832154056
forecast_6358,2025-09-22 22:00:00,3619.542646151838,3948.4406437084835,2780.471512580768
forecast_6359,2025-09-22 23:00:00,3619.542646151838,3948.4406437084835,2780.471512580768
forecast_6360,2025-09-23 00:00:00,3519.4008902912547,3832.396636990019,2726.4198484179583
forecast_6361,2025-09-23 01:00:00,2937.323960295019,2967.619338245705,2146.15796479008
forecast_6362,2025-09-23 02:00:00,3000.8628120910435,2984.4262363489256,2222.0137410634156
forecast_6363,2025-09-23 03:00:00,3000.8628120910435,3034.475469108078,2224.4509483347147
forecast_6364,2025-09-23 04:00:00,3036.425151037106,3261.455558868164,2294.280652255155
forecast_6365,2025-09-23 05:00:00,3036.425151037106,3271.8766990121803,2294.280652255155
forecast_6366,2025-09-23 06:00:00,3140.481517003509,3446.6361393374864,2384.0298535695224
forecast_6367,2025-09-23 07:00:00,3140.481517003509,3529.4839235749823,2443.0422910262882
forecast_6368,2025-09-23 08:00:00,3106.2548892851455,3529.4839235749823,2496.9837211108365
forecast_6369,2025-09-23 09:00:00,3034.5615791625096,3452.3660922266918,2496.9837211108365
forecast_6370,2025-09-23 10:00:00,2740.854970229687,3223.392951597958,2381.7047503557633
forecast_6371,2025-09-23 11:00:00,2587.2813087905142,3143.086241828086,2355.529873715096
forecast_6372,2025-09-23 12:00:00,2572.8344208148765,3113.4766333364105,2381.7047503557633
forecast_6373,2025-09-23 13:00:00,2536.3026826336254,2941.9118787631714,2355.529873715096
forecast_6374,2025-09-23 14:00:00,2527.0507385167775,2893.0248710200995,2327.4067069836715
forecast_6375,2025-09-23 15:00:00,2527.0507385167775,2893.0248710200995,2327.4067069836715
forecast_6376,2025-09-23 16:00:00,2569.1393356784874,2929.927796581569,2403.648769070821
forecast_6377,2025-09-23 17:00:00,2750.6387348296867,3260.0234085458,2474.8504309376094
forecast_6378,2025-09-23 18:00:00,2895.2961806611975,3439.0040569130947,2474.8504309376094
forecast_6379,2025-09-23 19:00:00,2991.230881630506,3444.271944718112,2474.8504309376094
forecast_6380,2025-09-23 20:00:00,3061.294983809378,3444.271944718112,2347.559446298034
forecast_6381,2025-09-23 21:00:00,3167.533837071578,3409.9974923227614,2288.554766886031
forecast_6382,2025-09-23 22:00:00,3467.063115672796,3409.9974923227614,2288.554766886031
forecast_6383,2025-09-23 23:00:00,3553.098846497739,3549.1141486501483,2243.3121575605214
forecast_6384,2025-09-24 00:00:00,3565.5193081376356,3734.583687532763,2340.410838216967
forecast_6385,2025-09-24 01:00:00,3717.8714046657597,3871.2739577089537,2585.3936562323493
forecast_6386,2025-09-24 02:00:00,3897.905513039471,4317.107086830805,2948.432276409714
forecast_6387,2025-09-24 03:00:00,4313.405325228644,5175.716126848989,3587.011371628706
forecast_6388,2025-09-24 04:00:00,4796.422715651077,5882.6767682305735,3812.7486648047475
forecast_6389,2025-09-24 05:00:00,5282.937404502391,6764.423770940441,4105.663664807758
forecast_6390,2025-09-24 06:00:00,5282.937404502391,6764.423770940441,4105.663664807758
forecast_6391,2025-09-24 07:00:00,5133.574864218133,6321.060558606705,4104.6801269368525
forecast_6392,2025-09-24 08:00:00,4705.844075861922,6321.060558606705,4089.2489605186456
forecast_6393,2025-09-24 09:00:00,4705.844075861922,6648.469061428383,4089.2489605186456
forecast_6394,2025-09-24 10:00:00,4740.079876018321,7619.067433188795,4817.835484925008
forecast_6395,2025-09-24 11:00:00,5999.834542715791,9230.206414701504,6229.191549343272
forecast_6396,2025-09-24 12:00:00,6985.881764220627,10353.603361291123,7459.51139942023
forecast_6397,2025-09-24 13:00:00,7667.634624058702,10778.801599830676,7628.791039667743
forecast_6398,2025-09-24 14:00:00,8100.862092164887,10778.801599830676,8433.399702741834
forecast_6399,2025-09-24 15:00:00,8100.862092164887,10762.065237684186,8433.399702741834
forecast_6400,2025-09-24 16:00:00,7710.275201468844,10697.866519758722,8159.866732544627
forecast_6401,2025-09-24 17:00:00,7710.275201468844,10697.866519758722,7600.660021846603
forecast_6402,2025-09-24 18:00:00,7950.822311356128,10788.779206249099,7600.660021846603
forecast_6403,2025-09-24 19:00:00,9296.27829460191,12736.732145253938,9294.364054484176
forecast_6404,2025-09-24 20:00:00,11439.856381362082,13813.16180632026,11305.514918536748
forecast_6405,2025-09-24 21:00:00,11440.819636261274,14854.870444002794,12119.949712306025
forecast_6406,2025-09-24 22:00:00,12911.009299702513,15300.72201481982,13173.234009276042
forecast_6407,2025-09-24 23:00:00,13997.640112875437,16430.630203952598,14862.231573494279
forecast_6408,2025-09-25 00:00:00,14316.9914093775,16714.88607134451,15157.2682720704
forecast_6409,2025-09-25 01:00:00,15195.577256494023,17381.584998985803,15809.965433801175
forecast_6410,2025-09-25 02:00:00,15001.534576584068,16888.813748666114,15487.236842933078
forecast_6411,2025-09-25 03:00:00,14726.609930866556,16016.415329248503,15079.984428835996
forecast_6412,2025-09-25 04:00:00,14685.440180914433,15844.823668221128,14476.136280847859
forecast_6413,2025-09-25 05:00:00,14685.440180914433,15683.701534332804,14476.136280847859
forecast_6414,2025-09-25 06:00:00,14485.659906646262,15844.823668221128,14476.136280847859
forecast_6415,2025-09-25 07:00:00,13943.009652008654,15398.395867740273,14333.04137905339
forecast_6416,2025-09-25 08:00:00,13683.44703021966,15237.252541897684,13632.527156658984
forecast_6417,2025-09-25 09:00:00,13556.377358690981,15237.252541897684,13632.527156658984
forecast_6418,2025-09-25 10:00:00,13556.377358690981,15237.252541897684,13525.940595865639
forecast_6419,2025-09-25 11:00:00,12695.942640691577,14517.132336498662,12606.415769416899
forecast_6420,2025-09-25 12:00:00,12695.942640691577,14517.132336498662,12606.415769416899
forecast_6421,2025-09-25 13:00:00,12409.899812877702,14515.952202333834,12305.757894809924
forecast_6422,2025-09-25 14:00:00,12341.553877449694,14515.952202333834,12305.757894809924
forecast_6423,2025-09-25 15:00:00,12341.553877449694,13521.176337099074,12121.342966312039
forecast_6424,2025-09-25 16:00:00,12406.713487915233,12856.170885808793,10994.544188895594
forecast_6425,2025-09-25 17:00:00,12880.403313263152,13521.176337099074,11931.247965849372
forecast_6426,2025-09-25 18:00:00,13650.18593679474,14303.310625426699,11931.247965849372
forecast_6427,2025-09-25 19:00:00,13811.770769325405,14303.310625426699,11942.447315038127
forecast_6428,2025-09-25 20:00:00,14285.039798761762,14775.275379520988,12878.301612172289
forecast_6429,2025-09-25 21:00:00,14933.76408105042,15364.891760296818,12914.089328428645
forecast_6430,2025-09-25 22:00:00,16763.20733364482,16453.921589179707,13631.985130371999
forecast_6431,2025-09-25 23:00:00,16763.20733364482,16453.921589179707,13631.985130371999
forecast_6432,2025-09-26 00:00:00,16577.400200843702,16342.145245138654,13411.687849427115
forecast_6433,2025-09-26 01:00:00,12283.68299101488,11147.525827746638,8414.975569832324
forecast_6434,2025-09-26 02:00:00,11870.607897904385,10811.014768211451,8143.866238429735
forecast_6435,2025-09-26 03:00:00,10234.610023711393,9298.015410721231,7169.659397515144
forecast_6436,2025-09-26 04:00:00,7077.333437263076,7390.810483017305,5709.868537060352
forecast_6437,2025-09-26 05:00:00,4817.6059553298155,5427.004929062724,4319.555738318028
forecast_6438,2025-09-26 06:00:00,3925.8836018520556,4352.674747416404,3272.1377519546304
forecast_6439,2025-09-26 07:00:00,3298.800381569742,3493.3666110860186,2821.948525110261
forecast_6440,2025-09-26 08:00:00,2939.0914733426607,3387.1325924626053,2576.996645187154
forecast_6441,2025-09-26 09:00:00,2671.832449014243,3217.2736869846167,2391.502353191353
forecast_6442,2025-09-26 10:00:00,2441.268711323629,2764.514129371798,2097.6092913935454
forecast_6443,2025-09-26 11:00:00,2420.747394908677,2485.853639454332,2056.5009322683027
forecast_6444,2025-09-26 12:00:00,2420.747394908677,2476.58330100877,2056.5009322683027
forecast_6445,2025-09-26 13:00:00,2474.495175560418,2485.853639454332,2164.004972804498
forecast_6446,2025-09-26 14:00:00,2715.566081325531,2863.9921852410207,2239.9411970661768
forecast_6447,2025-09-26 15:00:00,2715.566081325531,2863.9921852410207,2239.9411970661768
forecast_6448,2025-09-26 16:00:00,2674.1331757057405,2708.114716664595,2239.9411970661768
forecast_6449,2025-09-26 17:00:00,2674.1331757057405,2708.114716664595,2271.2430690676238
forecast_6450,2025-09-26 18:00:00,2776.2355015244057,2786.6866773364877,2458.6112245907743
forecast_6451,2025-09-26 19:00:00,2786.060321224897,2812.932445776885,2458.6112245907743
forecast_6452,2025-09-26 20:00:00,2776.2355015244057,2812.932445776885,2428.8529140344954
forecast_6453,2025-09-26 21:00:00,2811.8953785780686,2812.932445776885,2428.8529140344954
forecast_6454,2025-09-26 22:00:00,3052.1180370567954,3147.8173869237326,2485.8129803056654
forecast_6455,2025-09-26 23:00:00,3052.1180370567954,3175.6726413725974,2490.790878177164
forecast_6456,2025-09-27 00:00:00,2995.237399198707,3161.745014148165,2488.3019292414147
forecast_6457,2025-09-27 01:00:00,2851.1169442038454,2777.2701558926296,2197.840481524304
forecast_6458,2025-09-27 02:00:00,2839.8699465005293,2791.859261738852,2221.9036370692043
forecast_6459,2025-09-27 03:00:00,2678.5724024067586,3108.3015787950026,2389.0583989359875
forecast_6460,2025-09-27 04:00:00,2678.5724024067586,3108.3015787950026,2389.0583989359875
forecast_6461,2025-09-27 05:00:00,2708.233286597514,3069.1531356765167,2351.5654157610675
forecast_6462,2025-09-27 06:00:00,2889.237612055541,3069.1531356765167,2351.5654157610675
forecast_6463,2025-09-27 07:00:00,2981.315455255517,3069.1531356765167,2351.5654157610675
forecast_6464,2025-09-27 08:00:00,2981.315455255517,3082.836926112342,2463.3732178514842
forecast_6465,2025-09-27 09:00:00,2863.068163498261,3081.959828797255,2386.413401237022
forecast_6466,2025-09-27 10:00:00,2590.797557557462,3082.836926112342,2387.7032634065085
forecast_6467,2025-09-27 11:00:00,2590.797557557462,3263.595753181882,2387.7032634065085
forecast_6468,2025-09-27 12:00:00,2745.016076221753,3263.595753181882,2444.142773205517
forecast_6469,2025-09-27 13:00:00,2758.1547192993703,3070.046985494073,2500.2425541998173
forecast_6470,2025-09-27 14:00:00,2764.410104945653,3070.046985494073,2500.2425541998173
forecast_6471,2025-09-27 15:00:00,2805.781500949417,3382.537689605922,2599.3986562480295
forecast_6472,2025-09-27 16:00:00,2805.781500949417,3392.2469911619473,2607.886522155673
forecast_6473,2025-09-27 17:00:00,2947.0078657997465,3421.556510946384,2614.3452746261055
forecast_6474,2025-09-27 18:00:00,2987.805976871621,3544.1711643861977,2713.819815529449
forecast_6475,2025-09-27 19:00:00,3439.4405954167096,3614.0326372317713,2731.631199490205
forecast_6476,2025-09-27 20:00:00,3802.846925130704,3918.3143909713335,3361.455970512174
forecast_6477,2025-09-27 21:00:00,3823.593277009475,4048.451575947755,3399.383971327807
forecast_6478,2025-09-27 22:00:00,4380.507134424481,4431.396012582309,3563.198393188306
forecast_6479,2025-09-27 23:00:00,4380.507134424481,4431.396012582309,3563.198393188306
forecast_6480,2025-09-28 00:00:00,4234.058860187766,4257.162882423179,3410.0814236505307
forecast_6481,2025-09-28 01:00:00,4517.529260024515,5546.4722720744685,3543.51054102099
forecast_6482,2025-09-28 02:00:00,4472.896037065572,5718.02992328304,3573.1249796094285
forecast_6483,2025-09-28 03:00:00,4617.481864752484,5841.073391367561,3534.416073847011
forecast_6484,2025-09-28 04:00:00,4697.711000263343,5841.073391367561,3534.416073847011
forecast_6485,2025-09-28 05:00:00,4720.740400949408,5533.551635034228,3446.620004789087
forecast_6486,2025-09-28 06:00:00,4697.711000263343,5386.614103452468,3253.6155504228636
forecast_6487,2025-09-28 07:00:00,4174.8216422973055,5139.2706201469255,3446.620004789087
forecast_6488,2025-09-28 08:00:00,4042.3733102694064,4802.890555588713,3133.3147990691555
forecast_6489,2025-09-28 09:00:00,4174.8216422973055,5139.2706201469255,3531.1024352281993
forecast_6490,2025-09-28 10:00:00,4387.62859669417,5835.982471629508,3929.6507441291565
forecast_6491,2025-09-28 11:00:00,4425.796983269815,5835.982471629508,4131.186592681546
forecast_6492,2025-09-28 12:00:00,4425.796983269815,5532.218584835469,3929.6507441291565
forecast_6493,2025-09-28 13:00:00,4657.241742688475,5532.218584835469,4251.574691859456
forecast_6494,2025-09-28 14:00:00,4716.785241683819,7379.030382614846,4468.415394820972
forecast_6495,2025-09-28 15:00:00,4716.785241683819,7379.030382614846,4468.415394820972
forecast_6496,2025-09-28 16:00:00,4720.870558816434,7379.030382614846,4468.415394820972
forecast_6497,2025-09-28 17:00:00,4603.544006408823,6350.2794351552675,4567.4348017895645
forecast_6498,2025-09-28 18:00:00,4831.166507639876,6051.040401264883,4755.325580121137
forecast_6499,2025-09-28 19:00:00,4552.614904945346,5802.448131923227,4567.4348017895645
forecast_6500,2025-09-28 20:00:00,4530.220631745943,5802.448131923227,4270.608891195538
forecast_6501,2025-09-28 21:00:00,4530.220631745943,5763.0859866422115,4141.29342973952
forecast_6502,2025-09-28 22:00:00,4599.932203328399,5475.983929062217,4136.801615035364
forecast_6503,2025-09-28 23:00:00,4599.932203328399,5052.409691280178,3859.9256277753925
forecast_6504,2025-09-29 00:00:00,4573.463829671154,5012.698138394164,3812.4914813587948
forecast_6505,2025-09-29 01:00:00,3982.819474553819,4254.479290309439,3022.666249725281
forecast_6506,2025-09-29 02:00:00,3978.426975881258,4119.42194152171,2997.3374655243724
forecast_6507,2025-09-29 03:00:00,3845.601490179458,3784.6236997051747,2997.3374655243724
forecast_6508,2025-09-29 04:00:00,3686.5795545571455,3652.306149308368,3085.28084933847
forecast_6509,2025-09-29 05:00:00,3597.326951486688,3652.306149308368,3085.28084933847
forecast_6510,2025-09-29 06:00:00,3466.1005479024807,3608.4997446505276,3058.9419150435706
forecast_6511,2025-09-29 07:00:00,3331.8294357670693,3608.4997446505276,3016.657169590648
forecast_6512,2025-09-29 08:00:00,3209.5910878789964,3422.3499419026803,2951.3668981076735
forecast_6513,2025-09-29 09:00:00,3044.2193387228417,3274.9533341412534,2650.019075948821
forecast_6514,2025-09-29 10:00:00,2683.1241305190188,3210.1503575743927,2456.5666559352903
forecast_6515,2025-09-29 11:00:00,2639.507228095511,2954.6964085633745,2293.261752369663
forecast_6516,2025-09-29 12:00:00,2597.450419909217,2951.512838758229,2261.6408209297006
forecast_6517,2025-09-29 13:00:00,2639.507228095511,2951.512838758229,2261.6408209297006
forecast_6518,2025-09-29 14:00:00,2597.450419909217,2962.777436870485,2271.3371001512364
forecast_6519,2025-09-29 15:00:00,2702.4549222284177,2962.777436870485,2320.0360506594848
forecast_6520,2025-09-29 16:00:00,2614.798425222909,2883.883138785616,2397.8461189348486
forecast_6521,2025-09-29 17:00:00,2614.798425222909,2883.883138785616,2404.424608404765
forecast_6522,2025-09-29 18:00:00,2614.798425222909,2867.1286587435434,2452.0483339967154
forecast_6523,2025-09-29 19:00:00,2633.3528347439606,2898.3206682839905,2511.2877014326677
forecast_6524,2025-09-29 20:00:00,2884.3183996159078,2949.71216617721,2511.2877014326677
forecast_6525,2025-09-29 21:00:00,3051.9190357300067,3203.9289047425304,2647.656153226886
forecast_6526,2025-09-29 22:00:00,4202.220752730385,4285.470586454969,3749.486715282659
forecast_6527,2025-09-29 23:00:00,4202.220752730385,5194.099851549914,3749.486715282659
forecast_6528,2025-09-30 00:00:00,4169.859134574302,5195.430981742996,3829.876458652885
forecast_6529,2025-09-30 01:00:00,4332.6253937556985,4757.025164597451,3480.188672185447
forecast_6530,2025-09-30 02:00:00,4141.767696110518,4739.6091038111135,3479.9055031892567
forecast_6531,2025-09-30 03:00:00,4523.483091400879,4803.729088052655,3480.4718411816375
forecast_6532,2025-09-30 04:00:00,4138.5134736089085,4772.436483936117,3449.094910701401
forecast_6533,2025-09-30 05:00:00,4035.253392689688,4772.436483936117,3309.611482654498
forecast_6534,2025-09-30 06:00:00,3909.1295311072795,4377.858514869902,3248.9571684891307
forecast_6535,2025-09-30 07:00:00,3840.2595968587784,3896.5041553711417,2859.458423286467
forecast_6536,2025-09-30 08:00:00,3634.9062513528816,3492.9277450632944,2820.731775927761
forecast_6537,2025-09-30 09:00:00,3510.7241131351593,3482.1933484194437,2660.8011870994196
forecast_6538,2025-09-30 10:00:00,3056.1241266631905,3148.0415277052116,2649.0840062272678
forecast_6539,2025-09-30 11:00:00,2904.1453831570407,2892.011654852764,2449.2174557609574
forecast_6540,2025-09-30 12:00:00,2831.321187954366,3113.815707169394,2455.312840972967
forecast_6541,2025-09-30 13:00:00,2831.321187954366,3052.9020937955743,2296.4457503842514
forecast_6542,2025-09-30 14:00:00,3007.60074519135,3113.815707169394,2454.676371103342
forecast_6543,2025-09-30 15:00:00,3077.986109331784,3137.9968610598917,2454.676371103342
forecast_6544,2025-09-30 16:00:00,3089.176858007936,3171.111829756929,2454.676371103342
forecast_6545,2025-09-30 17:00:00,3089.176858007936,3171.111829756929,2567.838927001423
forecast_6546,2025-09-30 18:00:00,3813.4729050039673,3692.6649682408474,2898.086329642576
forecast_6547,2025-09-30 19:00:00,4366.562089457322,4653.008216872819,3420.5603908150433
forecast_6548,2025-09-30 20:00:00,5147.768498082901,5595.791042816372,3896.0276457858454
forecast_6549,2025-09-30 21:00:00,6166.711492072333,7278.802707495242,4851.229169154052
forecast_6550,2025-09-30 22:00:00,7433.300851231999,7771.212857916109,5687.1858522761795
forecast_6551,2025-09-30 23:00:00,7489.808303873784,7890.061008982338,5805.071216928519
forecast_6552,2025-10-01 00:00:00,7764.2330423762705,7950.073472250062,5848.7218014601585
forecast_6553,2025-10-01 01:00:00,8589.613342070026,9107.383750462817,6205.132340624465
forecast_6554,2025-10-01 02:00:00,8421.509195636376,9355.405757177026,6249.131336171393
forecast_6555,2025-10-01 03:00:00,9161.489625170061,9967.761145572975,6466.1400339765105
forecast_6556,2025-10-01 04:00:00,9119.475441504324,9967.761145572975,6654.082373744742
forecast_6557,2025-10-01 05:00:00,9119.475441504324,9867.692821577231,6654.082373744742
forecast_6558,2025-10-01 06:00:00,8699.313710432041,8657.655906533906,6118.74562557887
forecast_6559,2025-10-01 07:00:00,8490.713346146667,8121.039518107735,5859.089236751686
forecast_6560,2025-10-01 08:00:00,4270.855003817608,4945.085113047746,3514.868363299697
forecast_6561,2025-10-01 09:00:00,4015.05362497181,4266.820029858874,3095.4135612527643
forecast_6562,2025-10-01 10:00:00,3513.6640028364336,4034.782985895126,2740.8568148466466
forecast_6563,2025-10-01 11:00:00,2862.70685372934,3329.90246510769,2498.792225432825
forecast_6564,2025-10-01 12:00:00,2862.70685372934,3096.433145892591,2190.24950131711
forecast_6565,2025-10-01 13:00:00,3032.3548869028346,3050.4175095134315,2190.24950131711
forecast_6566,2025-10-01 14:00:00,3055.9079389985955,3050.4175095134315,2428.9389320049386
forecast_6567,2025-10-01 15:00:00,3297.662244463385,3270.9656319460223,2560.727158434006
forecast_6568,2025-10-01 16:00:00,3297.662244463385,3308.8682659170368,2560.727158434006
forecast_6569,2025-10-01 17:00:00,3409.1462162877997,3414.819354815174,2560.727158434006
forecast_6570,2025-10-01 18:00:00,3791.1179745220516,4169.9069307780555,3243.711417803879
forecast_6571,2025-10-01 19:00:00,4560.475830652,5509.189946689266,4032.466082688695
forecast_6572,2025-10-01 20:00:00,5778.593299329093,6647.191573321983,4851.8764430845085
forecast_6573,2025-10-01 21:00:00,6138.5391098877735,7104.993157848034,5295.014443450913
forecast_6574,2025-10-01 22:00:00,5778.593299329093,6783.699477177662,4851.8764430845085
forecast_6575,2025-10-01 23:00:00,6087.546784119831,7221.479905425499,4987.75428033129
forecast_6576,2025-10-02 00:00:00,5683.605610143151,7002.58969130158,4841.190333742705
forecast_6577,2025-10-02 01:00:00,7377.541053169322,8634.46419402725,5371.20919928876
forecast_6578,2025-10-02 02:00:00,6879.236666948145,8545.549509823166,5223.267836573837
forecast_6579,2025-10-02 03:00:00,5788.64591962382,7202.336321489143,4470.423589311969
forecast_6580,2025-10-02 04:00:00,4797.39347270582,5580.684819180879,3732.6576430091236
forecast_6581,2025-10-02 05:00:00,4073.649146637875,4691.305045852527,3574.0670834059324
forecast_6582,2025-10-02 06:00:00,4008.42427351388,4174.934603436391,3269.0795861759048
forecast_6583,2025-10-02 07:00:00,3389.455631326782,3869.526047569252,2933.44393409864
forecast_6584,2025-10-02 08:00:00,3308.78282008714,3825.6726546669793,2857.778942537567
forecast_6585,2025-10-02 09:00:00,2870.041402680671,3660.215440292259,2544.599373272188
forecast_6586,2025-10-02 10:00:00,2119.6020962269995,2725.1851730142307,2009.8545840076843
forecast_6587,2025-10-02 11:00:00,2119.6020962269995,2720.773889006681,2009.8545840076843
forecast_6588,2025-10-02 12:00:00,2258.347139993538,2594.334557396317,2043.144859301555
forecast_6589,2025-10-02 13:00:00,2278.9415158005568,2507.461014561274,2043.144859301555
forecast_6590,2025-10-02 14:00:00,2288.6357846879946,2507.461014561274,2008.9564384438588
forecast_6591,2025-10-02 15:00:00,2288.6357846879946,2517.100042739251,2008.9564384438588
forecast_6592,2025-10-02 16:00:00,2288.6357846879946,2553.0776986219785,2142.5469535938964
forecast_6593,2025-10-02 17:00:00,2351.9842243921457,2663.656232209485,2178.028681543073
forecast_6594,2025-10-02 18:00:00,2413.652637766112,2662.3401502978713,2346.9536592098093
forecast_6595,2025-10-02 19:00:00,2426.8377426709403,2669.5563539323007,2363.0355282625333
forecast_6596,2025-10-02 20:00:00,2531.7823313488407,2794.8816382052873,2346.9536592098093
forecast_6597,2025-10-02 21:00:00,2587.9000768021297,2891.718649345805,2490.8749460891686
forecast_6598,2025-10-02 22:00:00,3246.266604340056,3394.465422551529,2715.999465970324
forecast_6599,2025-10-02 23:00:00,3246.266604340056,3413.4868810789853,2761.0028210880087
forecast_6600,2025-10-03 00:00:00,3141.18772916177,3508.5494163207404,2860.4919438416846
forecast_6601,2025-10-03 01:00:00,3306.3416705485815,3240.525317425189,2520.76441109127
forecast_6602,2025-10-03 02:00:00,3174.2342503764294,3288.0915790105696,2566.1076200493353
forecast_6603,2025-10-03 03:00:00,3203.2129809488297,3444.228725453056,2801.3559594107373
forecast_6604,2025-10-03 04:00:00,3203.2129809488297,3563.4360548427426,2895.6368379311634
forecast_6605,2025-10-03 05:00:00,3203.2129809488297,3660.7152783864003,2911.634736568093
forecast_6606,2025-10-03 06:00:00,3178.5271253917836,3660.7152783864003,2911.634736568093
forecast_6607,2025-10-03 07:00:00,3178.5271253917836,3660.7152783864003,2911.634736568093
forecast_6608,2025-10-03 08:00:00,3428.332598855968,4463.994599363668,3100.8500558356773
forecast_6609,2025-10-03 09:00:00,3465.5663623734954,4463.994599363668,3230.956011350807
forecast_6610,2025-10-03 10:00:00,3465.5663623734954,4566.572837557997,3232.8375116535954
forecast_6611,2025-10-03 11:00:00,3465.5663623734954,4566.572837557997,3304.6057768051605
forecast_6612,2025-10-03 12:00:00,3970.9064297879345,4752.387689357713,3721.569730450132
forecast_6613,2025-10-03 13:00:00,3970.9064297879345,4752.387689357713,3721.569730450132
forecast_6614,2025-10-03 14:00:00,3481.6646294498314,3573.672015327557,2847.068396562146
forecast_6615,2025-10-03 15:00:00,3481.6646294498314,3573.672015327557,2847.068396562146
forecast_6616,2025-10-03 16:00:00,3819.5881966360225,4472.851972273163,3187.3963874360807
forecast_6617,2025-10-03 17:00:00,4062.4401467963094,5327.509028667792,3675.3491228193893
forecast_6618,2025-10-03 18:00:00,4207.559783888644,5496.752076705952,3727.591926690908
forecast_6619,2025-10-03 19:00:00,4987.831214538398,7239.960427392556,5095.391764790436
forecast_6620,2025-10-03 20:00:00,4987.831214538398,7239.960427392556,5095.391764790436
forecast_6621,2025-10-03 21:00:00,4550.101233291116,6309.187446193765,4323.01333494286
forecast_6622,2025-10-03 22:00:00,4527.169064339594,6095.469935433193,4286.847713496044
forecast_6623,2025-10-03 23:00:00,4150.022221927363,5270.856225426918,3591.296017163401
forecast_6624,2025-10-04 00:00:00,4139.657231059616,5128.222408748006,3524.5179051871237
forecast_6625,2025-10-04 01:00:00,3632.072061317579,3712.452230007316,2760.5241982539437
forecast_6626,2025-10-04 02:00:00,3648.1405967310584,3812.2827501377496,2797.452375837748
forecast_6627,2025-10-04 03:00:00,3648.1405967310584,3898.658435706981,2797.452375837748
forecast_6628,2025-10-04 04:00:00,3325.63212772353,3898.658435706981,2755.1595903207776
forecast_6629,2025-10-04 05:00:00,3261.089815216965,3639.8438570138283,2592.0115863029196
forecast_6630,2025-10-04 06:00:00,3237.951230880806,3639.7177027484936,2592.0115863029196
forecast_6631,2025-10-04 07:00:00,3191.7865184792636,3526.4495773680032,2592.0115863029196
forecast_6632,2025-10-04 08:00:00,3042.8945637983243,3405.3009939804833,2542.731506107476
forecast_6633,2025-10-04 09:00:00,2789.2180632872623,3311.5803208609022,2391.3074888056917
forecast_6634,2025-10-04 10:00:00,2644.7581117396003,3269.6487872710018,2390.248702282512
forecast_6635,2025-10-04 11:00:00,2510.9640482604646,3108.4117259016284,2229.347477556765
forecast_6636,2025-10-04 12:00:00,2423.7509919162694,3019.4422365914734,2203.7540295142308
forecast_6637,2025-10-04 13:00:00,2390.0888557762155,2976.970701380201,2159.9991618777754
forecast_6638,2025-10-04 14:00:00,2423.7509919162694,2976.970701380201,2159.9991618777754
forecast_6639,2025-10-04 15:00:00,2446.044552961288,2976.970701380201,2163.4404750130684
forecast_6640,2025-10-04 16:00:00,2456.165279202013,3029.381349505593,2171.382422693384
forecast_6641,2025-10-04 17:00:00,2456.165279202013,3073.6528789035924,2398.3867020023504
forecast_6642,2025-10-04 18:00:00,2516.0814974740497,3084.490114081621,2514.4501399450924
forecast_6643,2025-10-04 19:00:00,2521.3132959246204,3146.662895088334,2514.4501399450924
forecast_6644,2025-10-04 20:00:00,2612.4974030156664,3209.4238243972795,2526.5515663598826
forecast_6645,2025-10-04 21:00:00,2801.274056897013,3259.6148173459815,2583.427271079856
forecast_6646,2025-10-04 22:00:00,3013.0831568717185,3559.523576670559,2688.2383960525804
forecast_6647,2025-10-04 23:00:00,3013.0831568717185,3559.523576670559,2688.2383960525804
forecast_6648,2025-10-05 00:00:00,2869.186469438938,3514.1779714069744,2652.504820896711
forecast_6649,2025-10-05 01:00:00,2964.1586623182748,3075.214021625445,2201.7058726111154
forecast_6650,2025-10-05 02:00:00,3007.4542274011255,3084.5209694503646,2282.9330257842107
forecast_6651,2025-10-05 03:00:00,2863.5275585861773,3084.5209694503646,2120.47871943802
forecast_6652,2025-10-05 04:00:00,2505.549254656098,2588.7922244775145,1987.9405030451346
forecast_6653,2025-10-05 05:00:00,2448.413147741977,2588.371455030271,1935.9357353137564
forecast_6654,2025-10-05 06:00:00,2451.2777393251818,2588.371455030271,1987.9405030451346
forecast_6655,2025-10-05 07:00:00,2451.2777393251818,2518.479507886327,2026.8111783517172
forecast_6656,2025-10-05 08:00:00,2478.5907264693387,2597.0165061030516,2038.4419253688764
forecast_6657,2025-10-05 09:00:00,2517.451328821372,2787.000952207854,2045.8938005149196
forecast_6658,2025-10-05 10:00:00,2633.9493144746784,2960.097423326678,2251.3164502098193
forecast_6659,2025-10-05 11:00:00,2517.451328821372,2787.000952207854,2184.327612939873
forecast_6660,2025-10-05 12:00:00,2605.7787068577636,2685.924477226612,2184.327612939873
forecast_6661,2025-10-05 13:00:00,2605.7787068577636,2685.924477226612,2184.327612939873
forecast_6662,2025-10-05 14:00:00,2645.8192759467493,2853.6508974716817,2259.5037195857303
forecast_6663,2025-10-05 15:00:00,2670.6109716497485,2986.267094400311,2404.7386978065733
forecast_6664,2025-10-05 16:00:00,2745.9355438381444,3109.9121409891013,2510.1814966924603
forecast_6665,2025-10-05 17:00:00,2791.212394948754,3173.802117617027,2631.1738896316165
forecast_6666,2025-10-05 18:00:00,2791.212394948754,3258.5987804178017,2669.5759738111074
forecast_6667,2025-10-05 19:00:00,2799.004712703706,3258.5987804178017,2704.793237756676
forecast_6668,2025-10-05 20:00:00,2932.9610408359595,3482.5614534928573,2730.3080566580966
forecast_6669,2025-10-05 21:00:00,2969.105019209039,3498.2239337620244,2769.576733997897
forecast_6670,2025-10-05 22:00:00,3177.181101545163,3698.6893054829147,2781.541310931218
forecast_6671,2025-10-05 23:00:00,3177.181101545163,3698.6893054829147,2781.541310931218
forecast_6672,2025-10-06 00:00:00,3145.799376682463,3645.799902413949,2748.152249532698
forecast_6673,2025-10-06 01:00:00,3154.4301451629008,3625.8017256078742,2675.6888508491825
forecast_6674,2025-10-06 02:00:00,3181.845981846912,3638.0938503601665,2678.528953920034
forecast_6675,2025-10-06 03:00:00,3181.845981846912,3694.4721722573613,2678.528953920034
forecast_6676,2025-10-06 04:00:00,3260.662767032596,3962.933167495162,2812.5028036304734
forecast_6677,2025-10-06 05:00:00,3936.9766336182647,4937.366581097889,3510.287927160063
forecast_6678,2025-10-06 06:00:00,4567.2223296091215,6496.817724368471,5029.565932801277
forecast_6679,2025-10-06 07:00:00,6894.123643811035,8814.347377911881,6977.712057575597
forecast_6680,2025-10-06 08:00:00,7087.158833423657,10415.356756962547,7821.288473004089
forecast_6681,2025-10-06 09:00:00,7087.158833423657,10415.356756962547,7821.288473004089
forecast_6682,2025-10-06 10:00:00,6808.613818609018,9874.4830010058,6930.270605817049
forecast_6683,2025-10-06 11:00:00,5396.7887392729435,8881.886129113143,5984.139200902169
forecast_6684,2025-10-06 12:00:00,5255.880985697523,7745.451781983868,5007.853945431532
forecast_6685,2025-10-06 13:00:00,4223.249755909445,6547.617185799796,4532.463882743208
forecast_6686,2025-10-06 14:00:00,4205.771753950979,6150.577885852451,4306.597822406145
forecast_6687,2025-10-06 15:00:00,3891.5825809457756,4691.4601448162,3491.5196496848494
forecast_6688,2025-10-06 16:00:00,3891.5825809457756,4691.4601448162,3491.5196496848494
forecast_6689,2025-10-06 17:00:00,4863.328845234012,7501.073742939491,5484.259044604259
forecast_6690,2025-10-06 18:00:00,6336.551545709911,7601.607042969037,6180.178316979654
forecast_6691,2025-10-06 19:00:00,8128.487260121301,9491.654743427674,7561.186504628918
forecast_6692,2025-10-06 20:00:00,10052.347456907502,11173.495370423156,8719.788645570317
forecast_6693,2025-10-06 21:00:00,10815.045358755575,13234.390921097141,10308.991215466407
forecast_6694,2025-10-06 22:00:00,11942.774832987317,14484.042122344063,11677.110184950216
forecast_6695,2025-10-06 23:00:00,12726.537284147025,15301.147207643751,12622.016551104865
forecast_6696,2025-10-07 00:00:00,12958.386786344563,15459.030060452766,12681.02437187136
forecast_6697,2025-10-07 01:00:00,8861.201222477794,13134.481489813366,10002.714347456284
forecast_6698,2025-10-07 02:00:00,8217.116505104772,12166.863959248036,8890.186009501735
forecast_6699,2025-10-07 03:00:00,7772.42258841155,10830.657415658256,7934.350148046669
forecast_6700,2025-10-07 04:00:00,7116.184679912423,10824.745095538101,7920.232664760128
forecast_6701,2025-10-07 05:00:00,7116.184679912423,10824.745095538101,7920.232664760128
forecast_6702,2025-10-07 06:00:00,7081.393977948591,10804.687026645253,7796.283559762617
forecast_6703,2025-10-07 07:00:00,6951.70645471223,9620.686183555541,7227.510137544997
forecast_6704,2025-10-07 08:00:00,6502.4816306284765,9207.510507696592,6769.972328784796
forecast_6705,2025-10-07 09:00:00,5384.270456714581,8714.624198085423,5997.207119041529
forecast_6706,2025-10-07 10:00:00,5188.203938132846,7714.63799386344,5309.510609326199
forecast_6707,2025-10-07 11:00:00,4560.719191081466,5753.590895889736,3951.340080119109
forecast_6708,2025-10-07 12:00:00,3802.3899788910812,3986.6329098168517,2882.0409553844174
forecast_6709,2025-10-07 13:00:00,3492.9339914543298,3892.6468719304044,2882.0409553844174
forecast_6710,2025-10-07 14:00:00,3451.6661245133128,3863.9267756008653,2916.4118696470523
forecast_6711,2025-10-07 15:00:00,3254.227770142724,3812.0554086047637,3026.667626527794
forecast_6712,2025-10-07 16:00:00,3229.8547708634205,3685.1700456558933,3059.4070603148875
forecast_6713,2025-10-07 17:00:00,3079.359358390987,3590.467422860782,3031.2847711825243
forecast_6714,2025-10-07 18:00:00,3071.51086545041,3557.854535904518,3031.2847711825243
forecast_6715,2025-10-07 19:00:00,3007.711883042638,3472.038000227011,2940.4809541055342
forecast_6716,2025-10-07 20:00:00,2993.095057585946,3330.1123244872647,2887.9019057324317
forecast_6717,2025-10-07 21:00:00,2993.095057585946,3472.038000227011,2940.4809541055342
forecast_6718,2025-10-07 22:00:00,3273.4274995182495,3896.330110887261,3185.7375583330945
forecast_6719,2025-10-07 23:00:00,3429.9077918443254,4042.437051978677,3492.9971884440874
forecast_6720,2025-10-08 00:00:00,3486.004015762096,4124.221086302048,3529.6113741081936
forecast_6721,2025-10-08 01:00:00,2968.0993144016866,3435.1719968449197,2701.770535700781
forecast_6722,2025-10-08 02:00:00,2965.923097628096,3420.9005466080057,2673.145079357912
forecast_6723,2025-10-08 03:00:00,2848.7632068690255,3212.4329272458554,2488.0215018194435
forecast_6724,2025-10-08 04:00:00,2848.7632068690255,3212.4329272458554,2488.0215018194435
forecast_6725,2025-10-08 05:00:00,2798.140390192143,3212.4329272458554,2603.1566849090373
forecast_6726,2025-10-08 06:00:00,2774.269488170341,3067.4093839348334,2603.1566849090373
forecast_6727,2025-10-08 07:00:00,2756.490253375491,2844.764908527234,2395.6598891619387
forecast_6728,2025-10-08 08:00:00,2736.9967167514615,2844.764908527234,2395.6598891619387
forecast_6729,2025-10-08 09:00:00,2736.9967167514615,3016.2205411387486,2373.5779831002637
forecast_6730,2025-10-08 10:00:00,2640.1724132396566,3016.2205411387486,2372.0369035366048
forecast_6731,2025-10-08 11:00:00,2640.1724132396566,2987.6279778481894,2372.0369035366048
forecast_6732,2025-10-08 12:00:00,2613.919277703777,2987.6279778481894,2408.9766963364264
forecast_6733,2025-10-08 13:00:00,2613.919277703777,3121.499148009958,2431.42293242634
forecast_6734,2025-10-08 14:00:00,2613.919277703777,3140.0125898068036,2579.954185943061
forecast_6735,2025-10-08 15:00:00,2632.5807556333584,3278.671169117384,2586.793778005045
forecast_6736,2025-10-08 16:00:00,2601.634170738427,3278.671169117384,2605.4214808688316
forecast_6737,2025-10-08 17:00:00,2604.2592004831695,3224.811578512775,2617.050017211378
forecast_6738,2025-10-08 18:00:00,2604.2592004831695,3224.811578512775,2627.1202827838833
forecast_6739,2025-10-08 19:00:00,2799.586500745286,3674.3253663445676,2879.195295996882
forecast_6740,2025-10-08 20:00:00,3063.8952544766407,3865.8907335298286,3049.106503261656
forecast_6741,2025-10-08 21:00:00,3167.659399726449,4364.147326948883,3302.7708809304845
forecast_6742,2025-10-08 22:00:00,3845.135468685612,5201.252032880673,3943.6523492148563
forecast_6743,2025-10-08 23:00:00,4395.739110913504,5682.004842402681,4429.159381269015
forecast_6744,2025-10-09 00:00:00,4503.595047419222,5955.146106708962,4632.925457144604
forecast_6745,2025-10-09 01:00:00,4643.8532136020085,6602.58833325824,4984.5706745645375
forecast_6746,2025-10-09 02:00:00,4417.270676908939,6574.632232837541,4699.380439580059
forecast_6747,2025-10-09 03:00:00,4417.270676908939,6698.586039848953,4552.486927851183
forecast_6748,2025-10-09 04:00:00,4417.270676908939,6698.586039848953,4552.486927851183
forecast_6749,2025-10-09 05:00:00,4680.489533451606,6732.065874126798,4752.794859156708
forecast_6750,2025-10-09 06:00:00,5010.60725895258,6941.68576223969,5046.297333591365
forecast_6751,2025-10-09 07:00:00,5010.60725895258,6941.68576223969,5046.297333591365
forecast_6752,2025-10-09 08:00:00,4129.247781296084,6373.935595204511,4235.296207824842
forecast_6753,2025-10-09 09:00:00,3917.214773378963,5820.807617731916,4025.749993450795
forecast_6754,2025-10-09 10:00:00,3560.082349828368,5254.023074644214,3800.891031975044
forecast_6755,2025-10-09 11:00:00,3277.7524454020167,4203.682247860099,3144.3400054346894
forecast_6756,2025-10-09 12:00:00,3130.782469068532,3776.6145556070765,3036.799035947045
forecast_6757,2025-10-09 13:00:00,2977.9147353100107,3617.0900445599978,2906.307734331098
forecast_6758,2025-10-09 14:00:00,2883.2429838339112,3564.6750280309466,2871.4744740668693
forecast_6759,2025-10-09 15:00:00,2883.2429838339112,3314.8542385464048,2749.722327599721
forecast_6760,2025-10-09 16:00:00,2900.618002653234,3228.840626184834,2721.942246643711
forecast_6761,2025-10-09 17:00:00,2900.618002653234,3125.2139932929495,2656.1501331567597
forecast_6762,2025-10-09 18:00:00,2868.620044751179,2998.950654469873,2428.7781931924374
forecast_6763,2025-10-09 19:00:00,2868.620044751179,2998.950654469873,2428.7781931924374
forecast_6764,2025-10-09 20:00:00,2868.620044751179,3100.4371466873554,2422.7929988697647
forecast_6765,2025-10-09 21:00:00,2952.706285544533,3141.2460948481053,2445.4046792537765
forecast_6766,2025-10-09 22:00:00,3200.569594028172,3514.937084892339,2588.506611914515
forecast_6767,2025-10-09 23:00:00,3200.569594028172,3514.937084892339,2588.506611914515
forecast_6768,2025-10-10 00:00:00,3143.7240707334586,3605.366906508492,2461.8471749438872
forecast_6769,2025-10-10 01:00:00,3358.183193541591,3348.7506766100178,2427.8000757631544
forecast_6770,2025-10-10 02:00:00,3464.8491587556873,3374.0438801683626,2457.453576182829
forecast_6771,2025-10-10 03:00:00,3470.0531960959142,3500.768183324425,2619.1552840267373
forecast_6772,2025-10-10 04:00:00,3597.236531031598,3783.9255678837703,2756.960208365939
forecast_6773,2025-10-10 05:00:00,3597.236531031598,3783.9255678837703,2756.960208365939
forecast_6774,2025-10-10 06:00:00,3597.236531031598,3783.9255678837703,2756.960208365939
forecast_6775,2025-10-10 07:00:00,3709.08607757778,3838.605267967228,2795.005690003328
forecast_6776,2025-10-10 08:00:00,3788.469369109236,4071.136011355199,2877.008655795789
forecast_6777,2025-10-10 09:00:00,3788.469369109236,4071.136011355199,2877.008655795789
forecast_6778,2025-10-10 10:00:00,3705.757843632681,3647.0382270076825,2671.6849839222905
forecast_6779,2025-10-10 11:00:00,3545.95774441866,3647.0382270076825,2671.6849839222905
forecast_6780,2025-10-10 12:00:00,3545.95774441866,3941.1621932957573,2702.7013888899874
forecast_6781,2025-10-10 13:00:00,3786.979382541341,4250.6047402692675,2768.3506498368606
forecast_6782,2025-10-10 14:00:00,3786.979382541341,4250.6047402692675,2962.506968317447
forecast_6783,2025-10-10 15:00:00,3541.8814059143533,4180.64523697551,2962.506968317447
forecast_6784,2025-10-10 16:00:00,3436.6392856248613,3846.4277574323246,2896.5093779030344
forecast_6785,2025-10-10 17:00:00,3366.134410115975,3818.6196947279554,2664.133141572974
forecast_6786,2025-10-10 18:00:00,3253.1778532602384,3522.058895734499,2669.542685641433
forecast_6787,2025-10-10 19:00:00,3249.8711622433957,3522.058895734499,2669.542685641433
forecast_6788,2025-10-10 20:00:00,3253.1778532602384,3774.5637593210613,2744.0665354008743
forecast_6789,2025-10-10 21:00:00,3318.2887151167415,4002.2050561783662,2874.1334287077007
forecast_6790,2025-10-10 22:00:00,3924.945558314235,4505.385665428007,3009.1199685710126
forecast_6791,2025-10-10 23:00:00,4119.047632938986,4731.367183263953,3198.9619847548042
forecast_6792,2025-10-11 00:00:00,4204.813996981825,4932.580444842086,3303.801242919916
forecast_6793,2025-10-11 01:00:00,4777.311903201599,6405.418121591638,4241.144637149474
forecast_6794,2025-10-11 02:00:00,5149.188635035033,7043.024426970133,4632.600688379205
forecast_6795,2025-10-11 03:00:00,5203.532173835487,8376.11576823095,5060.123653532917
forecast_6796,2025-10-11 04:00:00,5873.15588964457,9312.049462674107,5761.56371463809
forecast_6797,2025-10-11 05:00:00,7000.751816859269,10633.037852719695,6825.439367766564
forecast_6798,2025-10-11 06:00:00,7156.941117302764,10633.037852719695,6920.243423453934
forecast_6799,2025-10-11 07:00:00,7156.941117302764,10683.752841089408,6920.243423453934
forecast_6800,2025-10-11 08:00:00,6894.683986593405,10504.45176273278,6868.845286542864
forecast_6801,2025-10-11 09:00:00,6769.097537442536,10195.478091193992,6679.269917382908
forecast_6802,2025-10-11 10:00:00,6894.683986593405,9947.531686539312,6705.925063269689
forecast_6803,2025-10-11 11:00:00,7116.385834077997,9947.531686539312,6705.925063269689
forecast_6804,2025-10-11 12:00:00,7849.6280904724945,10580.354066216389,7571.92877834055
forecast_6805,2025-10-11 13:00:00,8066.681534802193,10580.354066216389,8601.268524822683
forecast_6806,2025-10-11 14:00:00,8155.046857544596,11070.048570508743,8647.116329594746
forecast_6807,2025-10-11 15:00:00,9494.96710735637,10962.863687588291,9289.006584519504
forecast_6808,2025-10-11 16:00:00,9494.96710735637,10962.863687588291,9289.006584519504
forecast_6809,2025-10-11 17:00:00,9494.96710735637,10962.863687588291,9289.006584519504
forecast_6810,2025-10-11 18:00:00,9724.200622532328,11635.198088532497,9694.590641817222
forecast_6811,2025-10-11 19:00:00,10942.00914118679,11995.594347466507,9722.509846416733
forecast_6812,2025-10-11 20:00:00,11369.6411857399,12485.37780778033,10603.850250643512
forecast_6813,2025-10-11 21:00:00,11369.6411857399,12873.705236460355,10759.979398439958
forecast_6814,2025-10-11 22:00:00,10762.20612532536,12873.705236460355,10759.979398439958
forecast_6815,2025-10-11 23:00:00,10762.20612532536,12819.519116200696,10423.924146050405
forecast_6816,2025-10-12 00:00:00,10802.847697395893,12462.420244769859,10239.778773628863
forecast_6817,2025-10-12 01:00:00,11363.743427114985,12736.83322115211,10342.681728823336
forecast_6818,2025-10-12 02:00:00,10326.575619742116,11684.506448490258,9451.963776209082
forecast_6819,2025-10-12 03:00:00,5830.7196893585915,7712.7928594927935,5675.796573067852
forecast_6820,2025-10-12 04:00:00,5451.664683866746,6689.841728449024,4804.451399264349
forecast_6821,2025-10-12 05:00:00,4463.262596251799,4808.180263955319,3464.0704811682044
forecast_6822,2025-10-12 06:00:00,3954.9928348909275,4515.4057712171125,3029.733713851996
forecast_6823,2025-10-12 07:00:00,3690.2318717417784,4404.815325162539,3029.733713851996
forecast_6824,2025-10-12 08:00:00,3690.2318717417784,4404.815325162539,3262.7266860791724
forecast_6825,2025-10-12 09:00:00,4451.2545406138925,4938.158590501571,3815.5024846107367
forecast_6826,2025-10-12 10:00:00,4943.593865542278,6433.335829511403,4789.081725316092
forecast_6827,2025-10-12 11:00:00,5105.777851891638,7104.492022544367,5064.467982099116
forecast_6828,2025-10-12 12:00:00,5105.777851891638,7703.157950960161,5275.607982372879
forecast_6829,2025-10-12 13:00:00,5105.777851891638,7731.261243717229,5423.720511549918
forecast_6830,2025-10-12 14:00:00,4937.202005608904,7703.157950960161,5423.720511549918
forecast_6831,2025-10-12 15:00:00,4853.647012486929,7518.022626814069,5583.358654801696
forecast_6832,2025-10-12 16:00:00,4658.865064018416,7364.9384721591105,5332.822588905582
forecast_6833,2025-10-12 17:00:00,4345.435060034896,6826.983243563496,5050.70362512298
forecast_6834,2025-10-12 18:00:00,4345.435060034896,6826.983243563496,5050.70362512298
forecast_6835,2025-10-12 19:00:00,5240.0098959115685,6833.263842078516,5234.998367283169
forecast_6836,2025-10-12 20:00:00,5240.0098959115685,6833.263842078516,5234.998367283169
forecast_6837,2025-10-12 21:00:00,4177.749630738717,5876.171326541273,3995.2250283561516
forecast_6838,2025-10-12 22:00:00,3685.4000219660747,4582.43413000119,3214.9093361998766
forecast_6839,2025-10-12 23:00:00,3511.5511922341266,4289.672771958985,3048.303922263999
forecast_6840,2025-10-13 00:00:00,3477.6926371876207,4256.8755750516975,2984.0253438520367
forecast_6841,2025-10-13 01:00:00,2958.189511504319,3048.302576321877,2377.9247995265796
forecast_6842,2025-10-13 02:00:00,2957.6675022276067,2917.223269761569,2312.5013415106787
forecast_6843,2025-10-13 03:00:00,2613.668200243432,2917.223269761569,2073.88496295
forecast_6844,2025-10-13 04:00:00,2613.668200243432,2924.9526951089624,2073.88496295
forecast_6845,2025-10-13 05:00:00,3093.1341255776942,3459.2973010031756,2700.275830974803
forecast_6846,2025-10-13 06:00:00,3834.687275993134,4537.5654957907045,3355.293328041582
forecast_6847,2025-10-13 07:00:00,3834.687275993134,4537.5654957907045,3355.293328041582
forecast_6848,2025-10-13 08:00:00,3880.7532809147633,4431.370347326309,3477.9721863138116
forecast_6849,2025-10-13 09:00:00,3738.784160144115,4384.696310571388,3037.7830153951695
forecast_6850,2025-10-13 10:00:00,3880.7532809147633,4384.696310571388,3477.9721863138116
forecast_6851,2025-10-13 11:00:00,3738.784160144115,4205.851198614118,3265.1031540802155
forecast_6852,2025-10-13 12:00:00,3460.5905703376693,4119.991207045212,3265.1031540802155
forecast_6853,2025-10-13 13:00:00,3177.7335550324797,4119.991207045212,2902.6794694125692
forecast_6854,2025-10-13 14:00:00,3177.7335550324797,4208.0740807826305,2902.6794694125692
forecast_6855,2025-10-13 15:00:00,3409.626221830412,4286.8364124593645,2971.60214077634
forecast_6856,2025-10-13 16:00:00,3694.023590223046,4593.294155077491,3117.9855317908286
forecast_6857,2025-10-13 17:00:00,3694.023590223046,4333.386757103332,2980.4716779682985
forecast_6858,2025-10-13 18:00:00,3905.9116224656746,4830.807500706212,3309.362157443041
forecast_6859,2025-10-13 19:00:00,3807.234774710234,4686.339579942115,3352.6523033171516
forecast_6860,2025-10-13 20:00:00,3905.9116224656746,4847.966565263197,3425.079901336376
forecast_6861,2025-10-13 21:00:00,4626.698021412917,5409.738525302145,3953.273686875053
forecast_6862,2025-10-13 22:00:00,4626.698021412917,5409.738525302145,3953.273686875053
forecast_6863,2025-10-13 23:00:00,4557.370414009705,5538.146448947903,4112.099105806585
forecast_6864,2025-10-14 00:00:00,4450.715721271238,5326.692939928738,4010.8599162674427
forecast_6865,2025-10-14 01:00:00,6434.591393909379,9082.168815852327,6632.5096487592145
forecast_6866,2025-10-14 02:00:00,6413.481932583174,8980.773010034747,6527.174385632991
forecast_6867,2025-10-14 03:00:00,5390.59779169799,8339.79455786715,5721.092605372583
forecast_6868,2025-10-14 04:00:00,5135.826440038248,7054.30881256027,4845.816703120805
forecast_6869,2025-10-14 05:00:00,5021.315552417556,5979.375628204024,4295.285681657157
forecast_6870,2025-10-14 06:00:00,4796.996220643319,5530.978309814784,3944.774475934758
forecast_6871,2025-10-14 07:00:00,4227.662605036113,5530.978309814784,3944.774475934758
forecast_6872,2025-10-14 08:00:00,4227.662605036113,6231.148066657448,4003.0291105947745
forecast_6873,2025-10-14 09:00:00,4227.662605036113,6568.8148059111045,4332.523831542174
forecast_6874,2025-10-14 10:00:00,4046.6511256562467,6568.8148059111045,4332.523831542174
forecast_6875,2025-10-14 11:00:00,3961.7037025733525,5717.243394681005,3738.489384450185
forecast_6876,2025-10-14 12:00:00,3961.7037025733525,5439.385660321238,3614.963445578177
forecast_6877,2025-10-14 13:00:00,3969.6813943829347,5439.385660321238,3614.963445578177
forecast_6878,2025-10-14 14:00:00,3969.6813943829347,5439.385660321238,3614.963445578177
forecast_6879,2025-10-14 15:00:00,3851.3319201667623,5010.347106798982,3243.9290702287485
forecast_6880,2025-10-14 16:00:00,3481.8180276470102,4595.560365423513,3243.9290702287485
forecast_6881,2025-10-14 17:00:00,3160.9061727160997,4289.70964417843,3139.983156558006
forecast_6882,2025-10-14 18:00:00,3189.324618725919,4289.70964417843,3321.9042440833114
forecast_6883,2025-10-14 19:00:00,3189.324618725919,4283.042411078339,3334.0104140895683
forecast_6884,2025-10-14 20:00:00,3456.8189113460603,4283.042411078339,3344.4093728787216
forecast_6885,2025-10-14 21:00:00,3468.896269374355,4383.867332588911,3344.4093728787216
forecast_6886,2025-10-14 22:00:00,3830.752028411758,4647.424504095635,3620.6678374557473
forecast_6887,2025-10-14 23:00:00,3880.1472503612795,4711.940228627487,3660.692129574353
forecast_6888,2025-10-15 00:00:00,3907.2933045926816,4679.682366361561,3687.2513470816016
forecast_6889,2025-10-15 01:00:00,3593.9508214674534,4283.527156320377,3338.5165749739695
forecast_6890,2025-10-15 02:00:00,3581.043803383708,4214.808796881147,3264.5959362432773
forecast_6891,2025-10-15 03:00:00,3448.7685746770476,4036.4795361100646,3142.7077427217796
forecast_6892,2025-10-15 04:00:00,3324.7765804192204,3783.8422469923057,3006.103022695168
forecast_6893,2025-10-15 05:00:00,3324.7765804192204,3766.0554686724163,2978.085408287609
forecast_6894,2025-10-15 06:00:00,3305.8153032447926,3711.670331344095,2905.5065079558603
forecast_6895,2025-10-15 07:00:00,3271.460519265017,3525.4019545946744,2788.6748295460984
forecast_6896,2025-10-15 08:00:00,3170.1696576354734,3435.4820759047157,2751.69166832318
forecast_6897,2025-10-15 09:00:00,3115.1139369231278,3435.4820759047157,2721.661303324644
forecast_6898,2025-10-15 10:00:00,2945.745763906756,3435.4820759047157,2640.9213783866444
forecast_6899,2025-10-15 11:00:00,2737.6315904022213,3268.0920626409734,2461.0400637770654
forecast_6900,2025-10-15 12:00:00,2715.4287847151663,2972.7813931987303,2360.9492755514157
forecast_6901,2025-10-15 13:00:00,2718.573551429661,2924.724375008077,2195.7543915720294
forecast_6902,2025-10-15 14:00:00,2715.1040985446316,2880.9468040834786,2195.7543915720294
forecast_6903,2025-10-15 15:00:00,2718.573551429661,2774.1503372756433,2129.956193120631
forecast_6904,2025-10-15 16:00:00,2715.1040985446316,2771.1857500777837,2192.698843301062
forecast_6905,2025-10-15 17:00:00,2652.652989009821,2771.1857500777837,2127.1221427408464
forecast_6906,2025-10-15 18:00:00,2652.652989009821,2794.3435814292006,2095.3642250672847
forecast_6907,2025-10-15 19:00:00,2734.365712368034,2914.2554676596146,2095.3642250672847
forecast_6908,2025-10-15 20:00:00,3071.8918182635025,3455.2426596692667,2223.080011705024
forecast_6909,2025-10-15 21:00:00,3102.501583227576,3551.425085340602,2256.8328519753
forecast_6910,2025-10-15 22:00:00,3748.641291090332,5156.3107515353495,3496.0384248252976
forecast_6911,2025-10-15 23:00:00,4210.920510612239,5319.115867258606,3761.1562288906234
forecast_6912,2025-10-16 00:00:00,4287.052695236651,5386.646247420037,4063.7211716230436
forecast_6913,2025-10-16 01:00:00,3937.341976666833,3883.918733221115,2662.444194483981
forecast_6914,2025-10-16 02:00:00,3827.99864115156,4011.5021382402374,3084.3455249261724
forecast_6915,2025-10-16 03:00:00,3827.99864115156,4072.4145839182593,3355.236160266733
forecast_6916,2025-10-16 04:00:00,3827.99864115156,4072.4145839182593,3418.4397847275386
forecast_6917,2025-10-16 05:00:00,3998.6606367125946,4335.723157523591,3448.841531345597
forecast_6918,2025-10-16 06:00:00,3998.6606367125946,4608.109329872374,3506.7662245417396
forecast_6919,2025-10-16 07:00:00,3966.5172716013285,4608.109329872374,3506.7662245417396
forecast_6920,2025-10-16 08:00:00,3796.834335548645,4830.877916723657,3062.883253833335
forecast_6921,2025-10-16 09:00:00,3796.834335548645,5057.523872349746,3062.883253833335
forecast_6922,2025-10-16 10:00:00,4005.353438805747,5270.455416324106,3536.777296873335
forecast_6923,2025-10-16 11:00:00,4571.323317388909,7023.148626712311,4566.787796617563
forecast_6924,2025-10-16 12:00:00,4571.323317388909,7023.148626712311,4566.787796617563
forecast_6925,2025-10-16 13:00:00,4274.490851882256,6014.577632078624,3700.216924834682
forecast_6926,2025-10-16 14:00:00,4211.324004781762,5862.4201460351,3567.2172115708827
forecast_6927,2025-10-16 15:00:00,3428.1635744751366,4533.344050984419,2998.3620755995244
forecast_6928,2025-10-16 16:00:00,3283.2031473967036,4272.84155911644,2936.389623294528
forecast_6929,2025-10-16 17:00:00,3227.5523398828336,4272.84155911644,2936.389623294528
forecast_6930,2025-10-16 18:00:00,3118.0357415533945,4291.092005287521,3075.4427995290976
forecast_6931,2025-10-16 19:00:00,3118.0357415533945,4314.513960628246,3082.2947473572935
forecast_6932,2025-10-16 20:00:00,3477.5224665293144,4703.283614775903,3341.4199646904885
forecast_6933,2025-10-16 21:00:00,3593.176869603978,4860.339360289827,3463.5823349972216
forecast_6934,2025-10-16 22:00:00,3871.1984895281303,5338.573312366978,3960.400862775559
forecast_6935,2025-10-16 23:00:00,3871.1984895281303,5338.573312366978,3960.400862775559
forecast_6936,2025-10-17 00:00:00,3753.601003611854,4895.98207228215,3762.3201889987845
forecast_6937,2025-10-17 01:00:00,3604.3985247098926,4771.663719297692,3466.4522763335276
forecast_6938,2025-10-17 02:00:00,3547.2827119085077,4661.340237989075,3411.05936212326
forecast_6939,2025-10-17 03:00:00,3547.2827119085077,4015.9054214644525,3113.78564324367
forecast_6940,2025-10-17 04:00:00,3530.3286292540542,3973.9457316452826,3086.5979375098304
forecast_6941,2025-10-17 05:00:00,3433.395655869507,3663.975690747922,2958.848461525704
forecast_6942,2025-10-17 06:00:00,3338.050756556393,3479.1822913418737,2716.924493758049
forecast_6943,2025-10-17 07:00:00,3238.56906645029,3475.748374724591,2676.863320169171
forecast_6944,2025-10-17 08:00:00,3180.47750124116,3321.4735086143173,2513.9676405554183
forecast_6945,2025-10-17 09:00:00,3092.018849047723,3047.2555569435617,2446.6056812919664
forecast_6946,2025-10-17 10:00:00,3073.5605613225352,2879.83311821506,2343.5852750536433
forecast_6947,2025-10-17 11:00:00,2846.1204134375766,2879.83311821506,2330.9753203983464
forecast_6948,2025-10-17 12:00:00,2846.1204134375766,2958.9259015116277,2330.9753203983464
forecast_6949,2025-10-17 13:00:00,2912.0357402536956,2985.102430360008,2330.9753203983464
forecast_6950,2025-10-17 14:00:00,2912.0357402536956,3079.7800248209574,2273.653716234925
forecast_6951,2025-10-17 15:00:00,2912.0357402536956,2985.102430360008,2273.653716234925
forecast_6952,2025-10-17 16:00:00,2911.376656717601,3079.7800248209574,2206.8842498285885
forecast_6953,2025-10-17 17:00:00,2811.636670314637,3112.456939535601,2191.8947505858546
forecast_6954,2025-10-17 18:00:00,2811.636670314637,3243.2022185915603,2058.8743995541527
forecast_6955,2025-10-17 19:00:00,3002.1512750013235,3438.2548062414667,2058.8743995541527
forecast_6956,2025-10-17 20:00:00,3609.285232903322,3679.9036837042877,2502.35477507587
forecast_6957,2025-10-17 21:00:00,4168.696471960481,4841.768238602667,3205.440705283694
forecast_6958,2025-10-17 22:00:00,4171.530882597794,5109.715228697336,3225.3886689745896
forecast_6959,2025-10-17 23:00:00,4338.236223939073,6002.41019649959,3664.8695634620713
forecast_6960,2025-10-18 00:00:00,4341.654654343136,6126.015886656536,3816.802236926466
forecast_6961,2025-10-18 01:00:00,4445.326597546361,5132.133629628774,3566.8883735245545
forecast_6962,2025-10-18 02:00:00,4699.168787247631,5955.50961017924,4167.724559758255
forecast_6963,2025-10-18 03:00:00,4727.487946674558,6272.553888834267,4273.030738243011
forecast_6964,2025-10-18 04:00:00,5172.621614995473,6428.842724041846,5321.9900742972495
forecast_6965,2025-10-18 05:00:00,5172.621614995473,6428.842724041846,5321.9900742972495
forecast_6966,2025-10-18 06:00:00,4494.580644834933,4695.715337862129,3636.0332454217446
forecast_6967,2025-10-18 07:00:00,4165.707062084634,4327.7271075772605,3095.390194657253
forecast_6968,2025-10-18 08:00:00,4027.2213745852814,3860.2695235886304,2689.9973060042175
forecast_6969,2025-10-18 09:00:00,3222.411523966036,3434.915930261751,2611.279701550189
forecast_6970,2025-10-18 10:00:00,3222.411523966036,3367.2820841722987,2400.239951116838
forecast_6971,2025-10-18 11:00:00,3222.411523966036,3264.4104674846794,2336.2379200190016
forecast_6972,2025-10-18 12:00:00,3238.0025952623882,3367.2820841722987,2336.2379200190016
forecast_6973,2025-10-18 13:00:00,3400.0649343691193,3596.537262392037,2376.2387262661878
forecast_6974,2025-10-18 14:00:00,3407.6217525754773,3781.6597256955165,2519.1279493891066
forecast_6975,2025-10-18 15:00:00,3502.15671844963,4178.3984950194745,2837.492485120624
forecast_6976,2025-10-18 16:00:00,3502.15671844963,4178.3984950194745,2837.492485120624
forecast_6977,2025-10-18 17:00:00,2606.7741754952085,3487.1877438960046,2457.979029222283
forecast_6978,2025-10-18 18:00:00,2606.7741754952085,3170.5884113092707,2457.979029222283
forecast_6979,2025-10-18 19:00:00,2617.455408042957,3170.5884113092707,2551.918061959994
forecast_6980,2025-10-18 20:00:00,2622.5072829618284,3170.5884113092707,2551.918061959994
forecast_6981,2025-10-18 21:00:00,2729.269493410705,3174.949569945268,2561.4118488086488
forecast_6982,2025-10-18 22:00:00,3109.397459593234,3301.623171279219,2729.4770993433804
forecast_6983,2025-10-18 23:00:00,3109.397459593234,3301.623171279219,2729.4770993433804
forecast_6984,2025-10-19 00:00:00,3007.077710792384,3295.6244317279816,2671.4847361231773
forecast_6985,2025-10-19 01:00:00,2604.750307141224,2673.669521354571,2067.0979008926347
forecast_6986,2025-10-19 02:00:00,2572.7765797821685,2634.7238524510444,2081.198380797585
forecast_6987,2025-10-19 03:00:00,2489.9620406485965,2574.6298363678898,2187.9624878505083
forecast_6988,2025-10-19 04:00:00,2489.9620406485965,2634.7238524510444,2187.9624878505083
forecast_6989,2025-10-19 05:00:00,2643.739621077123,2715.832849356816,2244.080940633239
forecast_6990,2025-10-19 06:00:00,2655.574491987899,2991.0165256891423,2266.3545593717995
forecast_6991,2025-10-19 07:00:00,2824.140529420052,3120.7876932302606,2391.198816016538
forecast_6992,2025-10-19 08:00:00,2930.4625790484597,3193.728669301796,2395.1181177246217
forecast_6993,2025-10-19 09:00:00,3123.290606213851,3227.729722184706,2525.744619445723
forecast_6994,2025-10-19 10:00:00,3143.0498545886057,3468.520769140092,2525.744619445723
forecast_6995,2025-10-19 11:00:00,3210.044823307182,3468.520769140092,2506.589063725786
forecast_6996,2025-10-19 12:00:00,3210.044823307182,3468.520769140092,2506.589063725786
forecast_6997,2025-10-19 13:00:00,3376.3330864877753,3799.590705634504,2598.474156892486
forecast_6998,2025-10-19 14:00:00,3850.9381606723286,3968.437233002065,2652.5811042718997
forecast_6999,2025-10-19 15:00:00,3946.3211410581744,4625.1641088343395,3208.367180464522
forecast_7000,2025-10-19 16:00:00,4643.51037819482,5497.235962335106,3649.599212587179
forecast_7001,2025-10-19 17:00:00,4704.751095314774,5535.591836357962,3716.280436188661
forecast_7002,2025-10-19 18:00:00,4895.124767487799,5571.42712928084,3834.5426538610486
forecast_7003,2025-10-19 19:00:00,4978.701531191267,6312.866512557766,3951.5613143176665
forecast_7004,2025-10-19 20:00:00,4978.701531191267,6312.866512557766,3951.5613143176665
forecast_7005,2025-10-19 21:00:00,4874.232691573585,5658.874667883516,3705.416644414981
forecast_7006,2025-10-19 22:00:00,4874.232691573585,5658.874667883516,3705.416644414981
forecast_7007,2025-10-19 23:00:00,4893.307759737348,5658.874667883516,3989.5484811662286
forecast_7008,2025-10-20 00:00:00,5092.2464553781865,5545.193850457885,4174.5299343943925
forecast_7009,2025-10-20 01:00:00,3882.082304921697,3649.3926917331623,2953.0140581073665
forecast_7010,2025-10-20 02:00:00,3675.8628313724275,3747.564548009471,2933.0232983121246
forecast_7011,2025-10-20 03:00:00,3664.1946148090283,3707.9369904072923,2878.7602771903885
forecast_7012,2025-10-20 04:00:00,3552.946449398856,3754.821101093979,2804.845640377059
forecast_7013,2025-10-20 05:00:00,3543.4101100182424,3754.821101093979,2878.7602771903885
forecast_7014,2025-10-20 06:00:00,3543.4101100182424,4027.790168211213,3117.832554815809
forecast_7015,2025-10-20 07:00:00,3543.4101100182424,4027.790168211213,3117.832554815809
forecast_7016,2025-10-20 08:00:00,3452.3820186160856,3798.074123342021,2900.9144163757433
forecast_7017,2025-10-20 09:00:00,3112.343214988139,3595.4735831007392,2871.6103549805694
forecast_7018,2025-10-20 10:00:00,3112.343214988139,3579.9285857708633,2606.2946322005682
forecast_7019,2025-10-20 11:00:00,2987.2776573037545,3488.6233439783914,2592.5961426358404
forecast_7020,2025-10-20 12:00:00,2907.281828239361,3377.065871507715,2592.5961426358404
forecast_7021,2025-10-20 13:00:00,2765.876695035746,3036.8720806355623,2336.449680596036
forecast_7022,2025-10-20 14:00:00,2513.88123667097,2762.182095861679,2130.942692367558
forecast_7023,2025-10-20 15:00:00,2513.88123667097,2639.928488371688,2125.894327862368
forecast_7024,2025-10-20 16:00:00,2590.9905847958908,2545.7225164842357,2102.940675977451
forecast_7025,2025-10-20 17:00:00,2590.9905847958908,2519.0215579800497,2125.894327862368
forecast_7026,2025-10-20 18:00:00,2512.844248316753,2518.3438474479117,2219.493581480659
forecast_7027,2025-10-20 19:00:00,2512.844248316753,2505.002505252874,2219.493581480659
forecast_7028,2025-10-20 20:00:00,2618.573576177141,2505.002505252874,2194.2601957108764
forecast_7029,2025-10-20 21:00:00,2698.469443520383,2552.425092531562,2194.2601957108764
forecast_7030,2025-10-20 22:00:00,3160.578114693054,3331.144795962785,2733.94234177919
forecast_7031,2025-10-20 23:00:00,3235.9366925578233,3459.3903596576574,2861.5024962954167
forecast_7032,2025-10-21 00:00:00,3238.4398369583123,3463.8481960950885,2944.271991392432
forecast_7033,2025-10-21 01:00:00,3834.6077443235454,3664.604515986547,2666.9561582986425
forecast_7034,2025-10-21 02:00:00,3663.841103818443,3622.8548483015174,2550.70064257703
forecast_7035,2025-10-21 03:00:00,3457.657977533866,3333.83767157699,2466.968350325338
forecast_7036,2025-10-21 04:00:00,3427.219899948409,3090.8615144302603,2415.10068624675
forecast_7037,2025-10-21 05:00:00,3140.3348368626876,2683.6870176974835,2328.445805030958
forecast_7038,2025-10-21 06:00:00,3026.0008552715763,2683.6870176974835,2328.445805030958
forecast_7039,2025-10-21 07:00:00,3026.0008552715763,3067.96607250045,2472.6570692254577
forecast_7040,2025-10-21 08:00:00,3026.0008552715763,3067.96607250045,2472.6570692254577
forecast_7041,2025-10-21 09:00:00,2787.6648924432093,2690.0944386245255,2317.056215681149
forecast_7042,2025-10-21 10:00:00,2403.0219710636,2201.50267634966,1789.5074203185713
forecast_7043,2025-10-21 11:00:00,2168.1486932545067,2076.901553734493,1686.5530311202888
forecast_7044,2025-10-21 12:00:00,2165.49870971347,2076.901553734493,1666.1753588086924
forecast_7045,2025-10-21 13:00:00,2165.49870971347,2158.8495798886293,1666.1753588086924
forecast_7046,2025-10-21 14:00:00,2381.2878604775897,2367.785832400835,1813.1601221098872
forecast_7047,2025-10-21 15:00:00,2541.2762086671637,2619.7152031864684,2033.003131812112
forecast_7048,2025-10-21 16:00:00,2541.2762086671637,2619.7152031864684,2046.2163136891595
forecast_7049,2025-10-21 17:00:00,2541.2762086671637,2619.7152031864684,2144.026557194333
forecast_7050,2025-10-21 18:00:00,2756.0566828491174,2763.5098378845214,2479.44958594359
forecast_7051,2025-10-21 19:00:00,2759.286670203983,2837.883456695561,2500.831514235998
forecast_7052,2025-10-21 20:00:00,2879.995737428624,2957.3769492748315,2540.9503390113814
forecast_7053,2025-10-21 21:00:00,3355.750331463035,3161.04739972988,2742.237009779419
forecast_7054,2025-10-21 22:00:00,3507.647266954079,3294.2662210956764,2845.2498204332
forecast_7055,2025-10-21 23:00:00,3588.056687156193,3334.0492688710547,2854.5848830452705
forecast_7056,2025-10-22 00:00:00,3547.8519770551356,3314.157744983366,2849.9173517392355
forecast_7057,2025-10-22 01:00:00,3029.1279761421374,3085.6373363123553,2529.2456807936665
forecast_7058,2025-10-22 02:00:00,3008.7106478434835,3058.1706847841506,2518.0320445584753
forecast_7059,2025-10-22 03:00:00,2970.7189154710977,2953.632790292594,2473.100821071085
forecast_7060,2025-10-22 04:00:00,2970.7189154710977,2953.632790292594,2473.100821071085
forecast_7061,2025-10-22 05:00:00,3021.8383512427417,3174.936796878506,2549.752498235992
forecast_7062,2025-10-22 06:00:00,3108.6709497391657,3184.901553464228,2577.717709960347
forecast_7063,2025-10-22 07:00:00,3271.922861444863,3505.8703620750885,2854.8932211273413
forecast_7064,2025-10-22 08:00:00,3318.8884016952225,3794.52543897831,2986.852232325209
forecast_7065,2025-10-22 09:00:00,3318.8884016952225,3794.52543897831,2986.852232325209
forecast_7066,2025-10-22 10:00:00,3182.555299838057,3775.992491966348,2986.852232325209
forecast_7067,2025-10-22 11:00:00,3156.558939151292,3696.3488511262394,2893.5489222453807
forecast_7068,2025-10-22 12:00:00,3156.558939151292,3696.3488511262394,2783.314840256874
forecast_7069,2025-10-22 13:00:00,2813.7915425917045,3661.6110939661303,2727.6658718738513
forecast_7070,2025-10-22 14:00:00,2811.767970180892,3455.585221859759,2634.7487373750837
forecast_7071,2025-10-22 15:00:00,2811.767970180892,3288.6447296161964,2606.284879805114
forecast_7072,2025-10-22 16:00:00,2841.0921624014873,3090.659290316,2537.4810630144593
forecast_7073,2025-10-22 17:00:00,2841.0921624014873,2982.986920614838,2537.4810630144593
forecast_7074,2025-10-22 18:00:00,2779.7283104164308,2954.5444789136845,2556.6191761367922
forecast_7075,2025-10-22 19:00:00,2779.7283104164308,2954.5444789136845,2556.6191761367922
forecast_7076,2025-10-22 20:00:00,2933.80943545468,3017.1286335160107,2508.7593752736634
forecast_7077,2025-10-22 21:00:00,2987.733170994139,3087.366187877656,2508.7593752736634
forecast_7078,2025-10-22 22:00:00,3783.5561063873765,3773.8066407483434,3114.0064756802203
forecast_7079,2025-10-22 23:00:00,3783.5561063873765,3773.8066407483434,3114.0064756802203
forecast_7080,2025-10-23 00:00:00,3532.6329362758443,3856.3615622530606,3129.0231300444575
forecast_7081,2025-10-23 01:00:00,2972.594986239883,2724.1582439827016,2240.8049316341676
forecast_7082,2025-10-23 02:00:00,2964.246813995961,2649.472481744873,2156.7463401823593
forecast_7083,2025-10-23 03:00:00,2826.7705719559826,2649.472481744873,2156.7463401823593
forecast_7084,2025-10-23 04:00:00,2740.2750093140066,2778.921008621868,2308.706501056502
forecast_7085,2025-10-23 05:00:00,2740.2750093140066,2899.569129867628,2325.892575429683
forecast_7086,2025-10-23 06:00:00,2740.2750093140066,2933.7919458667247,2325.892575429683
forecast_7087,2025-10-23 07:00:00,2855.4800656116604,2962.598594919803,2345.3033491681526
forecast_7088,2025-10-23 08:00:00,2855.4800656116604,2962.598594919803,2345.3033491681526
forecast_7089,2025-10-23 09:00:00,2813.438581361187,2853.7102822984316,2289.1316118366235
forecast_7090,2025-10-23 10:00:00,2763.589261547534,2853.7102822984316,2289.1316118366235
forecast_7091,2025-10-23 11:00:00,2716.6677479819964,2853.7102822984316,2253.6181755412554
forecast_7092,2025-10-23 12:00:00,2629.063545641614,2691.001135547467,2102.0113825341027
forecast_7093,2025-10-23 13:00:00,2619.732446750315,2691.001135547467,2102.0113825341027
forecast_7094,2025-10-23 14:00:00,2619.732446750315,2920.77050195918,2307.6765379340422
forecast_7095,2025-10-23 15:00:00,2687.626053410001,3128.0102697555085,2513.0436972072307
forecast_7096,2025-10-23 16:00:00,2687.626053410001,3128.0102697555085,2513.0436972072307
forecast_7097,2025-10-23 17:00:00,2512.1376531045407,2803.4430052528332,2430.773399288786
forecast_7098,2025-10-23 18:00:00,2512.1376531045407,2803.4430052528332,2430.773399288786
forecast_7099,2025-10-23 19:00:00,2561.4928053878275,2873.1281891455446,2517.923278799666
forecast_7100,2025-10-23 20:00:00,2978.9245174464304,3180.25297573873,2648.9999008607256
forecast_7101,2025-10-23 21:00:00,2981.119806169656,3181.962617817292,2703.50605397039
forecast_7102,2025-10-23 22:00:00,3454.303356265301,3730.715052885542,3401.6796985154247
forecast_7103,2025-10-23 23:00:00,3454.303356265301,3730.715052885542,3401.6796985154247
forecast_7104,2025-10-24 00:00:00,3369.609162421416,3631.8624642103764,3220.8010159952073
forecast_7105,2025-10-24 01:00:00,3482.047959907597,3559.2779689607364,3007.1194550404907
forecast_7106,2025-10-24 02:00:00,3468.992359185734,3716.132022331205,3019.8287483176896
forecast_7107,2025-10-24 03:00:00,3468.992359185734,3803.241268246296,3019.8287483176896
forecast_7108,2025-10-24 04:00:00,3323.6614140655456,3803.241268246296,3019.8287483176896
forecast_7109,2025-10-24 05:00:00,3323.6614140655456,3803.241268246296,2951.33976940464
forecast_7110,2025-10-24 06:00:00,3323.6614140655456,3785.7122262439984,2951.33976940464
forecast_7111,2025-10-24 07:00:00,3462.540544122913,4104.592801484409,2951.33976940464
forecast_7112,2025-10-24 08:00:00,3732.5189823778273,4104.592801484409,2960.2565366519257
forecast_7113,2025-10-24 09:00:00,4023.3098211874158,4636.233041292697,3294.885558696268
forecast_7114,2025-10-24 10:00:00,4023.3098211874158,5271.477986934145,3639.8123073133693
forecast_7115,2025-10-24 11:00:00,3933.743935047938,5271.477986934145,3639.8123073133693
forecast_7116,2025-10-24 12:00:00,3760.23772322855,4547.792296858381,3576.151687166702
forecast_7117,2025-10-24 13:00:00,3331.339341692571,4193.192205084718,3252.6415347207885
forecast_7118,2025-10-24 14:00:00,2847.4956408329745,3364.677934277971,2751.1214811299396
forecast_7119,2025-10-24 15:00:00,2847.4956408329745,3250.603877602525,2433.4856827387366
forecast_7120,2025-10-24 16:00:00,2857.041252636438,3212.912217977562,2326.2236619431433
forecast_7121,2025-10-24 17:00:00,2885.286946668438,3212.912217977562,2326.2236619431433
forecast_7122,2025-10-24 18:00:00,3175.472522632107,3278.818631516413,2519.409033271344
forecast_7123,2025-10-24 19:00:00,3222.681931700211,3363.639499080027,2608.5458464512876
forecast_7124,2025-10-24 20:00:00,3768.5520425375444,3681.131555249622,2805.4791301958876
forecast_7125,2025-10-24 21:00:00,3784.9124089776124,4106.268290970794,2949.377974414487
forecast_7126,2025-10-24 22:00:00,4079.499162179426,5162.0371059029885,3763.06361126662
forecast_7127,2025-10-24 23:00:00,4079.499162179426,5162.0371059029885,3796.109681997322
forecast_7128,2025-10-25 00:00:00,4028.6005202343877,5090.774860893967,3861.6638413144647
forecast_7129,2025-10-25 01:00:00,3916.9592362615213,4223.371319324463,2988.0324721625802
forecast_7130,2025-10-25 02:00:00,4059.5092108460562,4448.28190454805,3106.5900955268935
forecast_7131,2025-10-25 03:00:00,4486.8647572676,5042.857567591755,3442.9948090969174
forecast_7132,2025-10-25 04:00:00,4486.8647572676,5124.517187979344,3451.8732019198196
forecast_7133,2025-10-25 05:00:00,4403.304286061848,5042.857567591755,3451.8732019198196
forecast_7134,2025-10-25 06:00:00,4219.047075324614,4891.15239540209,3349.8678251071656
forecast_7135,2025-10-25 07:00:00,4181.389068477031,4546.932808820367,3217.7615126631645
forecast_7136,2025-10-25 08:00:00,4128.1657547892655,4587.596223754363,3204.1504896326846
forecast_7137,2025-10-25 09:00:00,4083.8464950091297,4546.932808820367,3009.8647012713504
forecast_7138,2025-10-25 10:00:00,3236.8851446577482,3250.2523269678886,2506.2979470412397
forecast_7139,2025-10-25 11:00:00,3225.4838327582966,3150.2589937939047,2434.675593144989
forecast_7140,2025-10-25 12:00:00,3225.4838327582966,2872.3137298416655,2309.2440524628864
forecast_7141,2025-10-25 13:00:00,3092.7665121307245,2822.2695100223027,2195.911756174163
forecast_7142,2025-10-25 14:00:00,2989.596886954654,2824.410995256896,2149.607317208592
forecast_7143,2025-10-25 15:00:00,2989.596886954654,2824.410995256896,2149.607317208592
forecast_7144,2025-10-25 16:00:00,3011.0956880743825,2835.5565868615386,2310.935238413424
forecast_7145,2025-10-25 17:00:00,3121.2858652540044,2850.153323186966,2361.4249506955875
forecast_7146,2025-10-25 18:00:00,3121.2858652540044,2952.938060632775,2559.8047824760365
forecast_7147,2025-10-25 19:00:00,3178.5381516677153,3053.219144694247,2559.8047824760365
forecast_7148,2025-10-25 20:00:00,3253.628185185509,3109.486901748296,2562.151347604373
forecast_7149,2025-10-25 21:00:00,3726.0689185090578,3697.9172727028263,2735.0694331761606
forecast_7150,2025-10-25 22:00:00,4656.453513376047,4763.8549841817,3464.5723511844735
forecast_7151,2025-10-25 23:00:00,4717.909692113592,5258.473179122573,3505.1477638687466
forecast_7152,2025-10-26 00:00:00,4904.142817877175,5373.2196973792115,3767.742446824316
forecast_7153,2025-10-26 01:00:00,3007.9381392943887,2890.773042036562,2191.487515850093
forecast_7154,2025-10-26 02:00:00,3172.078966963967,2951.181615513363,2213.103968677001
forecast_7155,2025-10-26 03:00:00,3212.0101559982004,3087.78004880799,2284.9511555436457
forecast_7156,2025-10-26 04:00:00,3314.1457616557573,3375.859635155004,2466.8520715445584
forecast_7157,2025-10-26 05:00:00,3445.2747670814797,3694.926348467914,2647.398972242152
forecast_7158,2025-10-26 06:00:00,3595.4857157468923,3781.422862498637,2844.0510195156103
forecast_7159,2025-10-26 07:00:00,4140.552029873923,4418.1557650803525,3154.139679203564
forecast_7160,2025-10-26 08:00:00,4314.824031725346,4441.605508939501,3253.11229292987
forecast_7161,2025-10-26 09:00:00,4314.824031725346,4441.605508939501,3154.139679203564
forecast_7162,2025-10-26 10:00:00,4103.545235744664,4201.230821504585,2714.5277321074764
forecast_7163,2025-10-26 11:00:00,3605.357952046228,3548.9906334008533,2453.696396267765
forecast_7164,2025-10-26 12:00:00,3605.357952046228,3461.085146452476,2424.0585176454406
forecast_7165,2025-10-26 13:00:00,3956.7040491130115,3548.9906334008533,2453.696396267765
forecast_7166,2025-10-26 14:00:00,4191.628483301023,3645.5745740717753,2682.740124883002
forecast_7167,2025-10-26 15:00:00,4733.373177219348,3972.064788467947,2975.815606951502
forecast_7168,2025-10-26 16:00:00,4768.337070039751,4489.821982864987,3112.1581518772555
forecast_7169,2025-10-26 17:00:00,4949.639827437562,5199.279279845781,3651.0166219448333
forecast_7170,2025-10-26 18:00:00,6401.961547729488,7357.762505098988,5273.0098717401925
forecast_7171,2025-10-26 19:00:00,7875.321666682169,8642.437644921212,6449.409997586088
forecast_7172,2025-10-26 20:00:00,8412.164603931822,9148.84817560795,6813.227050378269
forecast_7173,2025-10-26 21:00:00,11105.467254832794,11456.237026961046,8946.894635387134
forecast_7174,2025-10-26 22:00:00,12775.489013073424,12686.258080691137,10772.137616620352
forecast_7175,2025-10-26 23:00:00,13114.686564435275,13047.96889824258,11001.733505784228
forecast_7176,2025-10-27 00:00:00,13879.24400773055,13886.657004299583,11924.99358759201
forecast_7177,2025-10-27 01:00:00,16076.384269379523,16104.339793171079,14761.948747202063
forecast_7178,2025-10-27 02:00:00,16959.54971104946,16670.89262396706,15071.62599748097
forecast_7179,2025-10-27 03:00:00,17213.99498626532,17499.039851819845,15348.734546056616
forecast_7180,2025-10-27 04:00:00,17213.99498626532,17499.039851819845,15348.734546056616
forecast_7181,2025-10-27 05:00:00,16131.759714170857,16255.367383310502,13974.9671463442
forecast_7182,2025-10-27 06:00:00,13737.52968266746,14091.055612992815,11650.064183022823
forecast_7183,2025-10-27 07:00:00,13010.302912065057,14091.055612992815,10997.420728081337
forecast_7184,2025-10-27 08:00:00,12525.035445987387,13222.961475932705,10808.803795463682
forecast_7185,2025-10-27 09:00:00,12073.458795945202,13222.961475932705,10808.803795463682
forecast_7186,2025-10-27 10:00:00,11388.288961542568,12119.81321598708,9601.226392591023
forecast_7187,2025-10-27 11:00:00,11078.375637048457,11673.133617278374,9231.83781720946
forecast_7188,2025-10-27 12:00:00,11055.288821570828,11673.133617278374,9038.366297105975
forecast_7189,2025-10-27 13:00:00,11055.288821570828,11457.024549583739,9038.366297105975
forecast_7190,2025-10-27 14:00:00,12238.283490059099,11881.393919710677,9106.783917635745
forecast_7191,2025-10-27 15:00:00,13206.991931641764,12377.41950664148,9765.040435735009
forecast_7192,2025-10-27 16:00:00,13609.086714652245,12498.853094969607,10289.8104455795
forecast_7193,2025-10-27 17:00:00,13703.769916745594,12842.061800514508,10664.437057270141
forecast_7194,2025-10-27 18:00:00,13946.461032450099,12842.061800514508,11079.366341834055
forecast_7195,2025-10-27 19:00:00,13840.659267521427,12753.696521060352,10931.951730536062
forecast_7196,2025-10-27 20:00:00,13840.659267521427,12687.289992062302,10931.951730536062
forecast_7197,2025-10-27 21:00:00,12995.736927439839,12199.014074273873,10253.383345077356
forecast_7198,2025-10-27 22:00:00,12459.347988703552,12161.782031666502,10139.947092564695
forecast_7199,2025-10-27 23:00:00,11427.676075748297,12070.401008460323,9766.6892409327
forecast_7200,2025-10-28 00:00:00,11170.531200306681,11907.925937335373,9530.754860341181
forecast_7201,2025-10-28 01:00:00,12316.625232812465,13068.730310232862,10334.723829727216
forecast_7202,2025-10-28 02:00:00,12341.154138418253,13120.86440439026,10220.278826999489
forecast_7203,2025-10-28 03:00:00,12737.066317211731,14208.558504378934,10108.549542007193
forecast_7204,2025-10-28 04:00:00,12737.066317211731,14208.558504378934,9964.222524356665
forecast_7205,2025-10-28 05:00:00,11365.91815664001,13927.588177998581,9016.650696001772
forecast_7206,2025-10-28 06:00:00,11308.517658303224,12280.312910309123,7908.59265139953
forecast_7207,2025-10-28 07:00:00,10092.747707090793,11171.798020184267,7780.913390803058
forecast_7208,2025-10-28 08:00:00,9014.960013976193,10456.728697095423,7235.952981215882
forecast_7209,2025-10-28 09:00:00,6320.059005726623,8417.77238462076,5500.790376831931
forecast_7210,2025-10-28 10:00:00,5000.505760432704,5795.86631940054,3305.427069624423
forecast_7211,2025-10-28 11:00:00,4188.722576604619,4052.544426003141,2867.8135652012797
forecast_7212,2025-10-28 12:00:00,4146.571306217879,3890.7146586776967,2867.8135652012797
forecast_7213,2025-10-28 13:00:00,4188.722576604619,3890.7146586776967,2949.0073071469687
forecast_7214,2025-10-28 14:00:00,4608.148617862066,3880.3200993403675,2949.0073071469687
forecast_7215,2025-10-28 15:00:00,4608.148617862066,3581.1470595401024,2864.3249138469905
forecast_7216,2025-10-28 16:00:00,4511.13221543196,3581.1470595401024,2864.3249138469905
forecast_7217,2025-10-28 17:00:00,4511.13221543196,3811.0687226502628,2882.279500471087
forecast_7218,2025-10-28 18:00:00,6035.94980031025,6964.881438701374,5081.49357225741
forecast_7219,2025-10-28 19:00:00,7421.166175383578,9249.826981660157,6247.141568792887
forecast_7220,2025-10-28 20:00:00,9222.035365807484,10883.255706042986,7454.7201777149985
forecast_7221,2025-10-28 21:00:00,9719.230724119503,12361.165861563215,8057.537317187904
forecast_7222,2025-10-28 22:00:00,9970.474477959744,12361.165861563215,8258.033333453981
forecast_7223,2025-10-28 23:00:00,9970.474477959744,12055.523883157744,8258.033333453981
forecast_7224,2025-10-29 00:00:00,9945.93476092535,11926.79136082327,8129.05350491392
forecast_7225,2025-10-29 01:00:00,6700.671967302003,6405.531211497313,4560.588964274726
forecast_7226,2025-10-29 02:00:00,6527.207294628294,6156.85749580866,4313.061249972068
forecast_7227,2025-10-29 03:00:00,5726.291338742837,6081.221333052068,4292.2540590536355
forecast_7228,2025-10-29 04:00:00,5525.769301804138,5454.804723027167,3875.448905561463
forecast_7229,2025-10-29 05:00:00,4874.394448353865,4813.538369491363,3636.6276743492463
forecast_7230,2025-10-29 06:00:00,4287.909470471226,4131.454610365098,2976.2234362440518
forecast_7231,2025-10-29 07:00:00,4082.82549658393,3936.229586669308,2858.829218984141
forecast_7232,2025-10-29 08:00:00,3939.421281499294,3694.632032039925,2790.1684584228847
forecast_7233,2025-10-29 09:00:00,3520.0955745811816,3559.7725677728167,2515.9081000818396
forecast_7234,2025-10-29 10:00:00,2753.5017293262845,2851.750220305289,2106.168789742056
forecast_7235,2025-10-29 11:00:00,2474.208604417624,2565.0033479991207,2009.5177118712884
forecast_7236,2025-10-29 12:00:00,2474.208604417624,2565.0033479991207,2009.5177118712884
forecast_7237,2025-10-29 13:00:00,2678.884909459198,2730.7479284819174,2200.857529488058
forecast_7238,2025-10-29 14:00:00,2927.3120305509965,2795.0401444178706,2200.857529488058
forecast_7239,2025-10-29 15:00:00,2979.957059494327,2967.3277040185026,2372.4299298323776
forecast_7240,2025-10-29 16:00:00,2979.957059494327,2967.3277040185026,2286.6316742531403
forecast_7241,2025-10-29 17:00:00,3034.4325928627313,3102.3999197413286,2372.4299298323776
forecast_7242,2025-10-29 18:00:00,3149.4789580534825,3207.996309258893,2448.87608038927
forecast_7243,2025-10-29 19:00:00,3452.8006510267396,3853.76209760211,2989.9822233750983
forecast_7244,2025-10-29 20:00:00,3828.4347191349602,4117.885719725455,3314.3809698695377
forecast_7245,2025-10-29 21:00:00,4138.156481964438,4565.321066286004,3679.3708142789883
forecast_7246,2025-10-29 22:00:00,5168.398505414456,5727.702191162338,4320.568748395524
forecast_7247,2025-10-29 23:00:00,5192.339715829918,5945.634274945827,4428.439239885916
forecast_7248,2025-10-30 00:00:00,5432.082113804424,6375.21472627126,4736.925610099339
forecast_7249,2025-10-30 01:00:00,6968.083486464924,7205.432770557378,5241.73913910036
forecast_7250,2025-10-30 02:00:00,8664.696947515184,7858.20801263168,5799.92355748092
forecast_7251,2025-10-30 03:00:00,12510.261223160795,12349.062481014882,9165.198561476367
forecast_7252,2025-10-30 04:00:00,12639.025326977377,12695.04880294764,9431.130679195561
forecast_7253,2025-10-30 05:00:00,12795.397148392043,12795.347608312342,9431.130679195561
forecast_7254,2025-10-30 06:00:00,12795.397148392043,12795.347608312342,9431.130679195561
forecast_7255,2025-10-30 07:00:00,10230.268043355158,11559.22116172515,7618.877745890307
forecast_7256,2025-10-30 08:00:00,9934.944108222511,10960.98215596144,6823.734135775271
forecast_7257,2025-10-30 09:00:00,7573.572795212976,8152.503420857878,5407.60140652855
forecast_7258,2025-10-30 10:00:00,5277.4323090114685,5302.568607543337,3387.728106879475
forecast_7259,2025-10-30 11:00:00,4156.220218420731,3845.732427075146,2530.9552236167215
forecast_7260,2025-10-30 12:00:00,3516.9724395453522,3461.4974098735274,2408.8942956226847
forecast_7261,2025-10-30 13:00:00,3330.9358189979166,3203.019967956403,2354.7588958934166
forecast_7262,2025-10-30 14:00:00,3228.8373636841043,2957.702025291026,2187.8089252882123
forecast_7263,2025-10-30 15:00:00,3228.8373636841043,2957.702025291026,2187.8089252882123
forecast_7264,2025-10-30 16:00:00,3566.4467717679463,3291.2359617865022,2435.1605791282227
forecast_7265,2025-10-30 17:00:00,3906.6767527668067,3710.45872784873,2836.236167528659
forecast_7266,2025-10-30 18:00:00,3991.9279512420035,4148.846458742322,2837.648492137202
forecast_7267,2025-10-30 19:00:00,4045.8372403029985,4148.846458742322,2950.31125917791
forecast_7268,2025-10-30 20:00:00,4204.729716027965,4172.907434717948,3046.4003523068795
forecast_7269,2025-10-30 21:00:00,4218.545055696443,4095.4999413248797,3056.1752977140686
forecast_7270,2025-10-30 22:00:00,4234.388953531438,4172.907434717948,3076.572779200718
forecast_7271,2025-10-30 23:00:00,4218.545055696443,4209.821149398131,3076.572779200718
forecast_7272,2025-10-31 00:00:00,4180.997772337232,4333.670115226472,2960.8356170930774
forecast_7273,2025-10-31 01:00:00,2846.43635545538,2837.1935157077096,2015.1283628905685
forecast_7274,2025-10-31 02:00:00,2706.631993335909,2603.7006827156833,1809.2146577232197
forecast_7275,2025-10-31 03:00:00,2701.0114324653096,2603.7006827156833,1809.2146577232197
forecast_7276,2025-10-31 04:00:00,2706.631993335909,2640.8298681794836,1912.4596597221314
forecast_7277,2025-10-31 05:00:00,2670.446709985229,2951.9238439684436,2104.1035415528154
forecast_7278,2025-10-31 06:00:00,2829.762332453727,3170.683722725259,2117.660915136953
forecast_7279,2025-10-31 07:00:00,2687.5684264370584,3170.683722725259,2122.1566578465404
forecast_7280,2025-10-31 08:00:00,2687.5684264370584,3072.2958468743655,2122.1566578465404
forecast_7281,2025-10-31 09:00:00,2651.4065458336454,2713.32798960906,1985.2290115903872
forecast_7282,2025-10-31 10:00:00,2650.6503599094376,2713.32798960906,1985.2290115903872
forecast_7283,2025-10-31 11:00:00,2648.75588832835,2850.0219754875907,2006.5168553309736
forecast_7284,2025-10-31 12:00:00,2527.479601878573,2948.088579245512,2036.3119094720926
forecast_7285,2025-10-31 13:00:00,2550.319101279575,2948.088579245512,2036.3119094720926
forecast_7286,2025-10-31 14:00:00,2550.319101279575,2911.6672075675992,1969.8232426662753
forecast_7287,2025-10-31 15:00:00,2641.5635988380036,2885.9098470223666,1969.8232426662753
forecast_7288,2025-10-31 16:00:00,2762.5750963378878,2785.9048332699304,2136.8014579984647
forecast_7289,2025-10-31 17:00:00,2903.495564406576,2885.9098470223666,2288.543882221017
forecast_7290,2025-10-31 18:00:00,3453.8592854567614,3357.7094026183795,2762.145676152198
forecast_7291,2025-10-31 19:00:00,4301.551913363335,4653.090666640436,3258.441453621284
forecast_7292,2025-10-31 20:00:00,4701.854328256936,5441.130614824545,3835.942654953956
forecast_7293,2025-10-31 21:00:00,5958.72888731036,6936.828024343753,4713.09643526597
forecast_7294,2025-10-31 22:00:00,7772.611695111431,8423.41816624787,5753.542234554077
forecast_7295,2025-10-31 23:00:00,8345.62472551235,9746.99150161275,6804.800344140282
forecast_7296,2025-11-01 00:00:00,8727.912122182046,10020.465840202036,6883.314701060044
forecast_7297,2025-11-01 01:00:00,8267.419206389435,10141.098630443239,7574.571672388226
forecast_7298,2025-11-01 02:00:00,8066.594400649182,9972.688749779252,7549.192209998047
forecast_7299,2025-11-01 03:00:00,8468.24401212969,10309.508511107226,7992.761314021776
forecast_7300,2025-11-01 04:00:00,8718.728922245306,10339.46081369077,8036.513772315366
forecast_7301,2025-11-01 05:00:00,11118.831265880177,12495.465925587763,10027.60316210404
forecast_7302,2025-11-01 06:00:00,11242.001230887321,12495.465925587763,10090.43436041737
forecast_7303,2025-11-01 07:00:00,11700.27115005791,12041.869206335006,10594.669242554395
forecast_7304,2025-11-01 08:00:00,11835.306340377192,12041.869206335006,10766.554655588388
forecast_7305,2025-11-01 09:00:00,12582.124128793535,13351.754570559266,11750.538906112859
forecast_7306,2025-11-01 10:00:00,13663.725134345437,13685.143627768146,11750.538906112859
forecast_7307,2025-11-01 11:00:00,13663.725134345437,13685.143627768146,11063.562066101851
forecast_7308,2025-11-01 12:00:00,13638.47798026036,12554.719919667714,10301.548060734603
forecast_7309,2025-11-01 13:00:00,13638.47798026036,12302.312342062789,10301.548060734603
forecast_7310,2025-11-01 14:00:00,13696.841585024808,12302.312342062789,10513.024729305924
forecast_7311,2025-11-01 15:00:00,13696.841585024808,12308.728899262851,10533.363054237278
forecast_7312,2025-11-01 16:00:00,13696.841585024808,12795.305266916328,10898.68321837339
forecast_7313,2025-11-01 17:00:00,13797.389480525335,12944.01574421589,11446.922218889325
forecast_7314,2025-11-01 18:00:00,13930.106723148461,13594.97170091873,12400.02284317142
forecast_7315,2025-11-01 19:00:00,14463.370594423306,13730.3923662264,12579.387100205196
forecast_7316,2025-11-01 20:00:00,15726.134035912806,15239.875012979712,13901.908892355534
forecast_7317,2025-11-01 21:00:00,15836.95188361068,15239.875012979712,14148.035901177976
forecast_7318,2025-11-01 22:00:00,15970.691053449893,15281.859817178269,14853.69736869422
forecast_7319,2025-11-01 23:00:00,16045.046716539,15857.250491341842,15037.803046823574
forecast_7320,2025-11-02 00:00:00,16089.678009801713,15877.747680189372,15078.737513134509
forecast_7321,2025-11-02 01:00:00,14951.798364675806,15522.08197504703,13699.049580656181
forecast_7322,2025-11-02 02:00:00,14867.458922306649,15193.046721762666,13509.83116478371
forecast_7323,2025-11-02 03:00:00,14596.320146810433,14274.196717181436,12930.099101963287
forecast_7324,2025-11-02 04:00:00,14596.320146810433,14274.196717181436,12930.099101963287
forecast_7325,2025-11-02 05:00:00,14987.374334152653,14408.12455235787,13074.604843639336
forecast_7326,2025-11-02 06:00:00,15303.335990326032,15245.485858364904,14179.43885982849
forecast_7327,2025-11-02 07:00:00,15969.958771152493,16705.12360884664,15567.907182522084
forecast_7328,2025-11-02 08:00:00,16766.411292735327,17761.453020376848,15750.054652506185
forecast_7329,2025-11-02 09:00:00,16766.411292735327,17825.983271422643,15750.054652506185
forecast_7330,2025-11-02 10:00:00,15975.902543602137,17761.453020376848,14884.341516894583
forecast_7331,2025-11-02 11:00:00,15847.65749278184,17344.719969250946,14229.641570635322
forecast_7332,2025-11-02 12:00:00,15023.430878646843,15823.973566818986,13000.707355066646
forecast_7333,2025-11-02 13:00:00,14197.516446866612,14204.256893952006,11987.088140964363
forecast_7334,2025-11-02 14:00:00,13978.78817033811,13746.683574237906,11262.780726971174
forecast_7335,2025-11-02 15:00:00,13544.742550126792,13234.420222148487,10731.057170555585
forecast_7336,2025-11-02 16:00:00,13320.127078332182,13041.793618444133,10411.798576544808
forecast_7337,2025-11-02 17:00:00,13150.960670627308,12017.625628003952,9754.758646600478
forecast_7338,2025-11-02 18:00:00,12876.681446412924,12011.674932936126,9754.758646600478
forecast_7339,2025-11-02 19:00:00,12643.299645630144,11777.724917969384,9537.372234042661
forecast_7340,2025-11-02 20:00:00,11996.943827105051,11237.93588422662,9537.372234042661
forecast_7341,2025-11-02 21:00:00,9534.280714553737,10754.379858419845,8614.42481145535
forecast_7342,2025-11-02 22:00:00,9486.715754594094,10754.379858419845,7992.425131975805
forecast_7343,2025-11-02 23:00:00,9486.715754594094,10754.379858419845,7992.425131975805
forecast_7344,2025-11-03 00:00:00,8409.993748706116,10317.304700026592,7402.66391740154
forecast_7345,2025-11-03 01:00:00,7296.00546224206,9701.810485508016,7036.560453255258
forecast_7346,2025-11-03 02:00:00,6955.981930620676,9554.158682513975,6978.45727084919
forecast_7347,2025-11-03 03:00:00,6949.45925233227,8631.485941232548,6070.470557551782
forecast_7348,2025-11-03 04:00:00,6718.2924931740445,7996.613463197944,5377.315536708618
forecast_7349,2025-11-03 05:00:00,5688.503936875167,7269.274481537329,5369.342189893248
forecast_7350,2025-11-03 06:00:00,4828.152770296939,5261.408460472202,3907.1419302312843
forecast_7351,2025-11-03 07:00:00,4233.700429176211,4114.380091154377,3176.4664343080594
forecast_7352,2025-11-03 08:00:00,3883.577328661768,4065.170708602245,3140.815951530366
forecast_7353,2025-11-03 09:00:00,3114.967680763688,4064.771679193464,2966.10402194778
forecast_7354,2025-11-03 10:00:00,2555.909504256545,2837.776439614264,2319.953656844972
forecast_7355,2025-11-03 11:00:00,2555.909504256545,2639.599014535985,2215.1506196819046
forecast_7356,2025-11-03 12:00:00,2574.4187532262076,2460.0185436486736,2135.6896364776876
forecast_7357,2025-11-03 13:00:00,2574.4187532262076,2460.0185436486736,2040.5834008229435
forecast_7358,2025-11-03 14:00:00,2566.178657868758,2578.7001356789174,2039.149913564775
forecast_7359,2025-11-03 15:00:00,2566.178657868758,2596.6941902981366,2040.5834008229435
forecast_7360,2025-11-03 16:00:00,2726.54064830465,2777.3713414679137,2206.8614915510516
forecast_7361,2025-11-03 17:00:00,2810.7376935543234,2961.313823090084,2406.888889332298
forecast_7362,2025-11-03 18:00:00,3022.1528218827552,3023.4021042866716,2467.064590429229
forecast_7363,2025-11-03 19:00:00,3895.049855236718,3996.123715993029,2844.8378938645237
forecast_7364,2025-11-03 20:00:00,4666.630175617011,4950.639868655027,3673.11101152491
forecast_7365,2025-11-03 21:00:00,4969.705065606006,5408.779879280594,3886.7268678066416
forecast_7366,2025-11-03 22:00:00,5302.120792411325,7053.770705485563,5006.170306642995
forecast_7367,2025-11-03 23:00:00,6088.863101283649,8673.122746562069,5840.026403765403
forecast_7368,2025-11-04 00:00:00,7892.536593087481,10555.781685516205,6924.851575786229
forecast_7369,2025-11-04 01:00:00,8303.428907655732,10848.166314227468,7621.339109987552
forecast_7370,2025-11-04 02:00:00,8538.565697469,10955.859382452227,7618.610051669908
forecast_7371,2025-11-04 03:00:00,8925.90652157261,11009.275991476276,7712.563138680403
forecast_7372,2025-11-04 04:00:00,9233.751602654087,11219.084066739882,7881.01577968811
forecast_7373,2025-11-04 05:00:00,9959.63912020428,11537.43166676669,8249.47139120548
forecast_7374,2025-11-04 06:00:00,10478.919911426867,12306.084226505824,8982.267069613627
forecast_7375,2025-11-04 07:00:00,11758.550754842745,13195.763760723028,9952.983532192593
forecast_7376,2025-11-04 08:00:00,12126.183055572397,13502.297629549957,10116.018670421408
forecast_7377,2025-11-04 09:00:00,12126.183055572397,14352.539522506875,11145.023159023658
forecast_7378,2025-11-04 10:00:00,11176.222802531986,14352.539522506875,11145.023159023658
forecast_7379,2025-11-04 11:00:00,10737.793334314798,13538.505931733027,10653.368003017022
forecast_7380,2025-11-04 12:00:00,9295.590224492606,10792.724796616647,8493.104186776796
forecast_7381,2025-11-04 13:00:00,8655.607580807726,8106.402495195246,6986.584139388586
forecast_7382,2025-11-04 14:00:00,8655.607580807726,8106.402495195246,6888.569493961873
forecast_7383,2025-11-04 15:00:00,8923.39690335516,8254.410675129422,6888.569493961873
forecast_7384,2025-11-04 16:00:00,9378.54800018049,9201.257086060708,7496.373952142197
forecast_7385,2025-11-04 17:00:00,9378.54800018049,10163.13680429129,7709.609143169648
forecast_7386,2025-11-04 18:00:00,9378.54800018049,10198.39685123865,7824.894977948568
forecast_7387,2025-11-04 19:00:00,10377.724705348928,10224.5113482792,7824.894977948568
forecast_7388,2025-11-04 20:00:00,11023.800556829321,11006.059844682919,7903.738400885481
forecast_7389,2025-11-04 21:00:00,11023.800556829321,11006.059844682919,7903.738400885481
forecast_7390,2025-11-04 22:00:00,10150.028921860401,10084.011457896822,7749.180767847746
forecast_7391,2025-11-04 23:00:00,10024.636294997243,8409.583154060181,6676.739474107042
forecast_7392,2025-11-05 00:00:00,9423.122851774622,8292.001072549463,6252.764756563529
forecast_7393,2025-11-05 01:00:00,6361.323641783684,6026.7949906162685,4379.843589910902
forecast_7394,2025-11-05 02:00:00,5607.570326879837,4990.33568018346,3857.9200026673016
forecast_7395,2025-11-05 03:00:00,4360.9817773446985,3817.930637900227,3205.9384491888823
forecast_7396,2025-11-05 04:00:00,3589.01733403057,3509.546879567043,2872.3399997825127
forecast_7397,2025-11-05 05:00:00,2946.9912936385435,3344.2967853018395,2658.035522705121
forecast_7398,2025-11-05 06:00:00,2726.077783520567,3218.421932049052,2535.1138386279217
forecast_7399,2025-11-05 07:00:00,2676.8298843728217,2798.5511543498224,2156.698686086731
forecast_7400,2025-11-05 08:00:00,2648.772111985594,2798.5511543498224,2156.698686086731
forecast_7401,2025-11-05 09:00:00,2648.772111985594,2933.6311434745844,2156.698686086731
forecast_7402,2025-11-05 10:00:00,2629.122854198761,3010.3249347553083,2176.1239952176848
forecast_7403,2025-11-05 11:00:00,2541.9581104313083,2978.6521253118326,2161.8507057285105
forecast_7404,2025-11-05 12:00:00,2541.9581104313083,3010.3249347553083,2161.8507057285105
forecast_7405,2025-11-05 13:00:00,2702.9064801809136,2978.6521253118326,2141.051720416341
forecast_7406,2025-11-05 14:00:00,2702.9064801809136,2802.7502967108685,2109.6212292545324
forecast_7407,2025-11-05 15:00:00,2686.263054798883,2720.644047116884,2109.6212292545324
forecast_7408,2025-11-05 16:00:00,2686.263054798883,2606.8160852685296,2114.317478906236
forecast_7409,2025-11-05 17:00:00,2709.9077675831786,2584.3029108887504,2114.317478906236
forecast_7410,2025-11-05 18:00:00,2709.9077675831786,2606.8160852685296,2100.809281256237
forecast_7411,2025-11-05 19:00:00,2709.9077675831786,2661.279207977753,2100.809281256237
forecast_7412,2025-11-05 20:00:00,2814.576167465608,3022.311634190159,2471.785804955178
forecast_7413,2025-11-05 21:00:00,2881.1953062472385,3062.010169654135,2489.9716432810174
forecast_7414,2025-11-05 22:00:00,3497.798332483454,3573.655093487624,2807.907362321679
forecast_7415,2025-11-05 23:00:00,3556.3811300610196,3581.8951547076454,2953.1151854735535
forecast_7416,2025-11-06 00:00:00,3748.8592675446216,3769.6682405878837,3037.158785954118
forecast_7417,2025-11-06 01:00:00,4577.511301286823,4726.080591226202,3350.40314863241
forecast_7418,2025-11-06 02:00:00,4688.470235784895,4913.339907845386,3454.3249932310405
forecast_7419,2025-11-06 03:00:00,5067.724597737581,5275.397449659025,3724.500481657563
forecast_7420,2025-11-06 04:00:00,5186.019645619312,5419.255748465597,3945.617761382243
forecast_7421,2025-11-06 05:00:00,5320.292362755883,5599.87348060403,4239.873781819017
forecast_7422,2025-11-06 06:00:00,5600.7444830797585,6003.1941842405595,4482.0564510960085
forecast_7423,2025-11-06 07:00:00,5600.7444830797585,6003.1941842405595,4482.0564510960085
forecast_7424,2025-11-06 08:00:00,4631.097018761001,4706.149060493952,3563.6031571031563
forecast_7425,2025-11-06 09:00:00,3903.6371501049766,3840.8527533857973,2777.602972657809
forecast_7426,2025-11-06 10:00:00,2923.4977477363655,3032.927978117556,2311.2069429893236
forecast_7427,2025-11-06 11:00:00,2859.354310948541,2845.672105612179,2140.460704077709
forecast_7428,2025-11-06 12:00:00,2690.14869646044,2845.672105612179,2151.485570507668
forecast_7429,2025-11-06 13:00:00,2690.14869646044,2774.3691181672802,2126.8868157789666
forecast_7430,2025-11-06 14:00:00,2738.5831069765154,2767.1570944349205,2126.8868157789666
forecast_7431,2025-11-06 15:00:00,2888.017373539361,2669.7524897391886,2126.8868157789666
forecast_7432,2025-11-06 16:00:00,2920.812707062153,2623.5884858103564,2204.8615367686066
forecast_7433,2025-11-06 17:00:00,3013.0584608380213,2669.7524897391886,2261.712267649551
forecast_7434,2025-11-06 18:00:00,3013.0584608380213,2623.5884858103564,2261.712267649551
forecast_7435,2025-11-06 19:00:00,2826.3434592367294,2594.610569500752,2212.893384860564
forecast_7436,2025-11-06 20:00:00,2814.821024936875,2594.610569500752,2212.893384860564
forecast_7437,2025-11-06 21:00:00,2826.3434592367294,2658.709071461813,2241.2472506230934
forecast_7438,2025-11-06 22:00:00,3285.732160865042,3066.763993393194,2505.0779722617
forecast_7439,2025-11-06 23:00:00,3285.732160865042,3095.8820749494357,2505.0779722617
forecast_7440,2025-11-07 00:00:00,3258.225208792126,3081.323034171315,2507.5375780794957
forecast_7441,2025-11-07 01:00:00,3970.655896611143,3905.63454440806,2630.58816708605
forecast_7442,2025-11-07 02:00:00,4324.032307125605,4192.570602376606,2863.134767815813
forecast_7443,2025-11-07 03:00:00,4324.032307125605,4204.709664204093,2923.686216225722
forecast_7444,2025-11-07 04:00:00,4309.334747927529,4218.053765709067,2989.12683131153
forecast_7445,2025-11-07 05:00:00,4258.796190807927,4335.069385396169,3076.4169372608794
forecast_7446,2025-11-07 06:00:00,4258.796190807927,4335.069385396169,3076.4169372608794
forecast_7447,2025-11-07 07:00:00,3895.466282366491,3873.7145650232114,2966.8815456218726
forecast_7448,2025-11-07 08:00:00,2794.48802758116,2817.2555808292,2158.6686327472567
forecast_7449,2025-11-07 09:00:00,2413.0712207902816,2809.3678908574507,2059.7403115128736
forecast_7450,2025-11-07 10:00:00,2369.7789928360726,2772.741062025477,1949.8843007852126
forecast_7451,2025-11-07 11:00:00,2299.8549119100335,2535.9650068736914,1949.8843007852126
forecast_7452,2025-11-07 12:00:00,2299.8549119100335,2470.2015315066787,1866.8703333948156
forecast_7453,2025-11-07 13:00:00,2350.3700408168725,2470.2015315066787,1979.349802903203
forecast_7454,2025-11-07 14:00:00,2550.6451669611515,2704.6720833296777,2097.997880580293
forecast_7455,2025-11-07 15:00:00,2722.1432066203934,2980.5717279929504,2444.2918305843295
forecast_7456,2025-11-07 16:00:00,2722.1432066203934,3222.3280621851495,2578.6980939091773
forecast_7457,2025-11-07 17:00:00,2695.11133337074,3222.3280621851495,2587.1591588713836
forecast_7458,2025-11-07 18:00:00,2695.11133337074,3166.738086000715,2588.7710819648146
forecast_7459,2025-11-07 19:00:00,2744.334893232057,3166.738086000715,2588.7710819648146
forecast_7460,2025-11-07 20:00:00,2987.8458682607416,3486.2399978374397,2795.0850268990307
forecast_7461,2025-11-07 21:00:00,3137.4093554700503,3693.55186611405,2968.3008029589923
forecast_7462,2025-11-07 22:00:00,3476.324914044755,3946.4161615294315,3255.392164421702
forecast_7463,2025-11-07 23:00:00,3476.324914044755,3946.4161615294315,3256.1466584206446
forecast_7464,2025-11-08 00:00:00,3515.3659122374193,3913.5827926683814,3300.526617853514
forecast_7465,2025-11-08 01:00:00,3192.8144978896935,3212.6169596281775,2740.0017388725523
forecast_7466,2025-11-08 02:00:00,3165.9771094450634,3302.036006033746,2764.5253352992795
forecast_7467,2025-11-08 03:00:00,3109.622665223511,3318.132613486584,2603.531943693187
forecast_7468,2025-11-08 04:00:00,3072.3056432319863,3318.132613486584,2603.531943693187
forecast_7469,2025-11-08 05:00:00,3072.3056432319863,3222.3657972625156,2559.2217718946476
forecast_7470,2025-11-08 06:00:00,3237.8016393111548,3222.3657972625156,2559.2217718946476
forecast_7471,2025-11-08 07:00:00,3240.708389326046,3290.695655277464,2632.532559977692
forecast_7472,2025-11-08 08:00:00,3240.708389326046,3290.695655277464,2632.532559977692
forecast_7473,2025-11-08 09:00:00,3232.1878913630035,3113.5209719155464,2500.9980056428262
forecast_7474,2025-11-08 10:00:00,3180.433532480193,2948.338861680722,2427.770543389853
forecast_7475,2025-11-08 11:00:00,3160.852060757443,2948.338861680722,2500.9980056428262
forecast_7476,2025-11-08 12:00:00,3160.852060757443,3091.7915189862115,2582.0363624511074
forecast_7477,2025-11-08 13:00:00,3311.476522171991,3564.9670569724585,2641.579395019193
forecast_7478,2025-11-08 14:00:00,3398.9971105046043,3650.522464665277,2768.373318321022
forecast_7479,2025-11-08 15:00:00,3650.6249330990395,3929.7978060904607,2768.373318321022
forecast_7480,2025-11-08 16:00:00,3650.6249330990395,3861.4333727668627,2614.6369095280006
forecast_7481,2025-11-08 17:00:00,3650.6249330990395,3931.2331117379917,2614.6369095280006
forecast_7482,2025-11-08 18:00:00,3978.815688382987,4542.957778782586,2898.9046542005253
forecast_7483,2025-11-08 19:00:00,4362.552839110383,5663.691250088565,3678.4146968913105
forecast_7484,2025-11-08 20:00:00,4819.557601941028,6811.154248950168,4283.030092321251
forecast_7485,2025-11-08 21:00:00,5150.849149469937,6811.154248950168,4283.030092321251
forecast_7486,2025-11-08 22:00:00,5306.899697054438,7215.86313667027,4527.512378770978
forecast_7487,2025-11-08 23:00:00,7690.7136284199605,10669.137908494173,6965.439786617873
forecast_7488,2025-11-09 00:00:00,8164.320886206931,10864.965915443996,7083.982794174208
forecast_7489,2025-11-09 01:00:00,7553.516738415791,8970.763905149426,6491.125406170005
forecast_7490,2025-11-09 02:00:00,8497.180499890776,10002.81261469033,7510.743033145656
forecast_7491,2025-11-09 03:00:00,9593.032745037166,11601.314257663093,7722.191457650088
forecast_7492,2025-11-09 04:00:00,10901.168098553411,11924.11866689312,8040.983482249282
forecast_7493,2025-11-09 05:00:00,13305.205054264037,13822.055218869202,10725.424130330535
forecast_7494,2025-11-09 06:00:00,13534.424361470925,14183.917836708455,11459.409043716249
forecast_7495,2025-11-09 07:00:00,14121.310130652766,14218.681286097715,12180.829692524945
forecast_7496,2025-11-09 08:00:00,14121.310130652766,14218.681286097715,12180.829692524945
forecast_7497,2025-11-09 09:00:00,14128.777902981172,13908.99403074478,11704.980750182667
forecast_7498,2025-11-09 10:00:00,13008.215960137675,13545.418418101155,11058.84092482848
forecast_7499,2025-11-09 11:00:00,13008.215960137675,13146.155052277327,11058.84092482848
forecast_7500,2025-11-09 12:00:00,11821.890449682056,10543.720276259402,9541.14939752615
forecast_7501,2025-11-09 13:00:00,11557.461935067922,10457.558611397437,9289.762590910163
forecast_7502,2025-11-09 14:00:00,11557.461935067922,10543.720276259402,9471.470515758945
forecast_7503,2025-11-09 15:00:00,12343.577548659283,11381.671396978545,9471.470515758945
forecast_7504,2025-11-09 16:00:00,12657.066772839544,11723.717270793855,9709.954055408834
forecast_7505,2025-11-09 17:00:00,13095.00457690975,11925.949811138962,10390.839753780343
forecast_7506,2025-11-09 18:00:00,13589.819464086537,12684.268757348676,11743.534501073329
forecast_7507,2025-11-09 19:00:00,14588.96589454774,14520.28696582056,13184.582454267284
forecast_7508,2025-11-09 20:00:00,16367.892198346412,15660.295441814604,14911.542086403775
forecast_7509,2025-11-09 21:00:00,16424.514312799645,15660.295441814604,14911.542086403775
forecast_7510,2025-11-09 22:00:00,16424.514312799645,15585.634485023364,13817.425484860669
forecast_7511,2025-11-09 23:00:00,15559.18900712133,14971.75348767818,13280.044177536643
forecast_7512,2025-11-10 00:00:00,15264.942927437794,14377.541316496532,12926.872993204837
forecast_7513,2025-11-10 01:00:00,14686.466872351913,13544.012240364107,11516.866750177036
forecast_7514,2025-11-10 02:00:00,14442.754700308858,13190.37572223317,11070.243648037978
forecast_7515,2025-11-10 03:00:00,13878.344925864467,13080.677464791255,10747.193639720268
forecast_7516,2025-11-10 04:00:00,13878.344925864467,13080.677464791255,10747.193639720268
forecast_7517,2025-11-10 05:00:00,13959.216701360907,14012.151376609541,11923.747150568654
forecast_7518,2025-11-10 06:00:00,15493.007565730411,14979.115615516663,12640.119958003073
forecast_7519,2025-11-10 07:00:00,15493.007565730411,15532.885092297583,13389.601824302601
forecast_7520,2025-11-10 08:00:00,15022.967198653223,15532.885092297583,13389.601824302601
forecast_7521,2025-11-10 09:00:00,13437.8352077084,14046.526295275276,11888.56588909946
forecast_7522,2025-11-10 10:00:00,12180.659942865643,13884.115695570366,11328.372794234589
forecast_7523,2025-11-10 11:00:00,10808.599365481443,11691.18973526239,9615.475841498457
forecast_7524,2025-11-10 12:00:00,8660.353667001606,9392.960744122538,7643.3984577347355
forecast_7525,2025-11-10 13:00:00,7012.342263407399,8323.56189000018,6085.956953200461
forecast_7526,2025-11-10 14:00:00,6911.531277574979,7435.157835196156,5003.732578420326
forecast_7527,2025-11-10 15:00:00,6363.145497052039,6207.409579932415,4713.241011485547
forecast_7528,2025-11-10 16:00:00,6363.145497052039,6207.409579932415,4713.241011485547
forecast_7529,2025-11-10 17:00:00,8583.994374126163,8278.452711897044,6615.567913886334
forecast_7530,2025-11-10 18:00:00,12056.487800159728,12099.014613385927,10078.549788199534
forecast_7531,2025-11-10 19:00:00,14570.739402149648,14347.067257874063,12228.21646604485
forecast_7532,2025-11-10 20:00:00,17446.643593305118,15834.86573084463,14327.309416949232
forecast_7533,2025-11-10 21:00:00,18365.584186588774,17406.71468422198,14925.538598138435
forecast_7534,2025-11-10 22:00:00,18733.199472454206,17496.38859229359,15033.016264530992
forecast_7535,2025-11-10 23:00:00,18733.199472454206,17864.056472465534,15179.494453320236
forecast_7536,2025-11-11 00:00:00,18678.826600005912,17680.222532379565,15200.178943092043
forecast_7537,2025-11-11 01:00:00,19803.878287311767,18129.46030698593,16042.991578879959
forecast_7538,2025-11-11 02:00:00,19247.764650318983,17895.040389380112,15137.623097043377
forecast_7539,2025-11-11 03:00:00,18357.063515936465,17515.88676226553,14224.20755444561
forecast_7540,2025-11-11 04:00:00,17734.829224354096,16637.55368056699,13047.654537383287
forecast_7541,2025-11-11 05:00:00,14057.543358175239,13327.301262197521,9832.972525174806
forecast_7542,2025-11-11 06:00:00,8415.078468564254,9103.672959292277,5420.298041670977
forecast_7543,2025-11-11 07:00:00,6912.506188742193,6910.5921345493825,4087.2230822700003
forecast_7544,2025-11-11 08:00:00,6025.73184506349,5350.879695907306,3669.1746109561095
forecast_7545,2025-11-11 09:00:00,4906.360072932907,4228.938512954858,2875.656273751404
forecast_7546,2025-11-11 10:00:00,4011.164689832101,3462.1378669833134,2515.652368721352
forecast_7547,2025-11-11 11:00:00,3396.4101329834502,3096.0713811073942,2142.3275425249785
forecast_7548,2025-11-11 12:00:00,2982.9918736132695,2936.0813814459857,2017.1207099469746
forecast_7549,2025-11-11 13:00:00,2846.3268329237553,2436.7901860169263,1866.7081785068012
forecast_7550,2025-11-11 14:00:00,2846.3268329237553,2420.7248689780276,1845.267040082094
forecast_7551,2025-11-11 15:00:00,2852.4048144481903,2420.7248689780276,1866.7081785068012
forecast_7552,2025-11-11 16:00:00,2962.3528203369433,2623.7526092351018,2074.465793231869
forecast_7553,2025-11-11 17:00:00,3100.385968976884,2896.805905438747,2363.7437399018686
forecast_7554,2025-11-11 18:00:00,3100.385968976884,2900.9248638280733,2363.7437399018686
forecast_7555,2025-11-11 19:00:00,3096.3949216321234,2912.1036793795843,2474.244492734228
forecast_7556,2025-11-11 20:00:00,3067.5691036119388,2912.1036793795843,2400.127868004125
forecast_7557,2025-11-11 21:00:00,3096.3949216321234,2917.3841511985347,2474.244492734228
forecast_7558,2025-11-11 22:00:00,3594.6320290138583,3443.7425120237294,2956.633766965328
forecast_7559,2025-11-11 23:00:00,3594.6320290138583,3443.7425120237294,2956.633766965328
forecast_7560,2025-11-12 00:00:00,3565.466145925465,3385.67027332129,2881.9515847965986
forecast_7561,2025-11-12 01:00:00,3412.1835762456876,3558.939329844532,2570.910173867408
forecast_7562,2025-11-12 02:00:00,3418.6697737209197,3586.6252722996096,2617.462744212845
forecast_7563,2025-11-12 03:00:00,3448.612530483737,3668.7464917341936,2774.299841991875
forecast_7564,2025-11-12 04:00:00,3839.3386413221315,4328.804776639974,3248.473534135147
forecast_7565,2025-11-12 05:00:00,3909.3660905378188,4403.964941956885,3280.0524066078287
forecast_7566,2025-11-12 06:00:00,4509.905429588103,5012.1113557338795,3693.098972438372
forecast_7567,2025-11-12 07:00:00,5603.717891980985,6163.988657483425,4454.880174582672
forecast_7568,2025-11-12 08:00:00,5870.714522153641,6163.988657483425,4454.880174582672
forecast_7569,2025-11-12 09:00:00,5603.717891980985,6030.269168573705,4140.556385013817
forecast_7570,2025-11-12 10:00:00,4783.279175054141,4730.619552060772,3341.1525669946427
forecast_7571,2025-11-12 11:00:00,4783.279175054141,4730.619552060772,3341.1525669946427
forecast_7572,2025-11-12 12:00:00,5022.446572016157,5208.96520158143,3766.8178190911676
forecast_7573,2025-11-12 13:00:00,5022.446572016157,5604.958186298704,3840.0489857930697
forecast_7574,2025-11-12 14:00:00,5441.734654203681,5743.661685894613,4165.570653117715
forecast_7575,2025-11-12 15:00:00,5441.734654203681,6368.221282576747,4709.192600667107
forecast_7576,2025-11-12 16:00:00,5500.31444552034,7105.611383051876,4994.946403662585
forecast_7577,2025-11-12 17:00:00,9174.767268782583,9251.095864052055,7197.77145542368
forecast_7578,2025-11-12 18:00:00,11974.664054926148,12132.617438714457,9171.909652505929
forecast_7579,2025-11-12 19:00:00,14832.45725918333,14914.918632810553,11881.607694004626
forecast_7580,2025-11-12 20:00:00,16649.237506647954,16520.391923286916,13264.629731437566
forecast_7581,2025-11-12 21:00:00,17732.764629306523,17400.91449409735,14947.167110888622
forecast_7582,2025-11-12 22:00:00,18576.56131405819,18090.472473306785,15762.23263218601
forecast_7583,2025-11-12 23:00:00,19096.56928699433,19002.00906919968,16739.183060045092
forecast_7584,2025-11-13 00:00:00,19793.79684327799,19331.35636452361,17278.935890740424
forecast_7585,2025-11-13 01:00:00,20082.745890148133,19322.163163374775,17924.081819488136
forecast_7586,2025-11-13 02:00:00,20056.647615107016,19238.733626924473,17623.50515408709
forecast_7587,2025-11-13 03:00:00,19367.331696333233,18885.549789473807,17294.245204944145
forecast_7588,2025-11-13 04:00:00,19169.549510418685,18768.32873071754,16932.27436850726
forecast_7589,2025-11-13 05:00:00,18695.339515721847,18399.202552445822,16229.176270944508
forecast_7590,2025-11-13 06:00:00,17934.99551077506,17894.154469955844,15677.402313228755
forecast_7591,2025-11-13 07:00:00,16650.441311502887,17043.513792890197,14560.732610238263
forecast_7592,2025-11-13 08:00:00,15563.075813133588,16501.342512318883,13436.150710517275
forecast_7593,2025-11-13 09:00:00,13927.32162932684,15445.559611157953,11758.331252175645
forecast_7594,2025-11-13 10:00:00,11183.607011039101,12258.320636457962,9305.188089595566
forecast_7595,2025-11-13 11:00:00,9589.926079775672,10492.98385693801,7881.261730818124
forecast_7596,2025-11-13 12:00:00,6377.980896729979,6655.639658051341,4419.935764827469
forecast_7597,2025-11-13 13:00:00,4336.164136072037,4478.785240223446,2890.688241275575
forecast_7598,2025-11-13 14:00:00,4214.267260528205,4001.816615704593,2796.5806250708356
forecast_7599,2025-11-13 15:00:00,4214.267260528205,4001.816615704593,2796.5806250708356
forecast_7600,2025-11-13 16:00:00,4637.5761763203545,4725.239391549533,3113.833997843377
forecast_7601,2025-11-13 17:00:00,5525.323704015104,5120.973265220632,3849.036693949236
forecast_7602,2025-11-13 18:00:00,7222.171605801055,6946.596497193255,5777.502987312424
forecast_7603,2025-11-13 19:00:00,7760.640905944655,7494.920708066857,5847.468960634483
forecast_7604,2025-11-13 20:00:00,8317.79578069241,8211.722249721563,5847.468960634483
forecast_7605,2025-11-13 21:00:00,8420.737327090917,8211.722249721563,5847.468960634483
forecast_7606,2025-11-13 22:00:00,9086.67633547665,8483.95284313113,6063.221111282948
forecast_7607,2025-11-13 23:00:00,9086.67633547665,9434.364191313054,6691.247586283067
forecast_7608,2025-11-14 00:00:00,9174.384418078347,9472.307661451949,6935.333587787553
forecast_7609,2025-11-14 01:00:00,4538.048071202159,4541.990461066697,3413.62060935507
forecast_7610,2025-11-14 02:00:00,4535.732621197531,4607.176382884586,3312.2269727542507
forecast_7611,2025-11-14 03:00:00,4535.732621197531,4607.176382884586,3312.2269727542507
forecast_7612,2025-11-14 04:00:00,4614.500619853134,4753.26021093951,3475.664117763424
forecast_7613,2025-11-14 05:00:00,4633.45683079096,4830.110899316553,3562.753919622721
forecast_7614,2025-11-14 06:00:00,4748.725948073142,4880.848414967766,3621.949690411725
forecast_7615,2025-11-14 07:00:00,5327.808363825836,5364.54235659267,4066.425218363882
forecast_7616,2025-11-14 08:00:00,5440.437936259149,5364.54235659267,4066.425218363882
forecast_7617,2025-11-14 09:00:00,5440.437936259149,5285.077523019048,3800.0813384553107
forecast_7618,2025-11-14 10:00:00,5241.830296940151,5254.271966625542,3470.9803014744193
forecast_7619,2025-11-14 11:00:00,4915.682258215459,4441.211488437319,3102.810816654296
forecast_7620,2025-11-14 12:00:00,4211.542618350259,4441.211488437319,3102.810816654296
forecast_7621,2025-11-14 13:00:00,4211.542618350259,4473.3061831188425,3290.661312455095
forecast_7622,2025-11-14 14:00:00,4382.578421121187,4789.130876336607,3309.468374942333
forecast_7623,2025-11-14 15:00:00,4671.039792306804,4873.625778162064,3377.6539295632883
forecast_7624,2025-11-14 16:00:00,5376.562895688188,5209.294662241712,3552.680819199157
forecast_7625,2025-11-14 17:00:00,5943.95134294967,6068.869954412521,4254.378582500707
forecast_7626,2025-11-14 18:00:00,7252.878510989372,7516.555026011466,5744.491740294761
forecast_7627,2025-11-14 19:00:00,7522.405525223567,9105.380320797496,6332.974215651653
forecast_7628,2025-11-14 20:00:00,10906.08067219013,10667.210020856674,7499.737251553938
forecast_7629,2025-11-14 21:00:00,10906.08067219013,11386.142321641404,7761.785555974736
forecast_7630,2025-11-14 22:00:00,10270.215088256904,10667.210020856674,7499.737251553938
forecast_7631,2025-11-14 23:00:00,9816.936834490003,10467.109923887027,6970.05558032384
forecast_7632,2025-11-15 00:00:00,9243.202265813916,9943.72534889865,6499.757193463407
forecast_7633,2025-11-15 01:00:00,5802.409174208107,5568.952565282583,4113.862443004544
forecast_7634,2025-11-15 02:00:00,5349.867846214961,5243.778520631564,3889.063567053312
forecast_7635,2025-11-15 03:00:00,5349.867846214961,5243.778520631564,3779.1189815129005
forecast_7636,2025-11-15 04:00:00,5289.368359021447,5125.07425384769,3657.8590112862303
forecast_7637,2025-11-15 05:00:00,5289.368359021447,4995.085533945339,3305.531703667065
forecast_7638,2025-11-15 06:00:00,5286.213644131748,4987.361189244446,3305.531703667065
forecast_7639,2025-11-15 07:00:00,5253.89059562223,4765.195726110382,3215.5803907966356
forecast_7640,2025-11-15 08:00:00,4646.024530560846,4016.885649752285,2751.5285397747475
forecast_7641,2025-11-15 09:00:00,4352.063300564229,3705.804700253195,2729.0838436725426
forecast_7642,2025-11-15 10:00:00,3666.992523942413,2903.668037435933,2288.65564553678
forecast_7643,2025-11-15 11:00:00,3306.5177055924196,2858.71670840576,2228.724243808223
forecast_7644,2025-11-15 12:00:00,3284.8651552432166,2858.71670840576,2266.1685750276183
forecast_7645,2025-11-15 13:00:00,3254.686421382771,3067.750389603332,2204.95179309405
forecast_7646,2025-11-15 14:00:00,3158.0414974931746,3067.750389603332,2201.2777548705476
forecast_7647,2025-11-15 15:00:00,3204.28331324995,3052.449671866031,2180.769486873597
forecast_7648,2025-11-15 16:00:00,3204.28331324995,3052.449671866031,2180.769486873597
forecast_7649,2025-11-15 17:00:00,3869.0502852721884,3770.820220488091,2580.837683243236
forecast_7650,2025-11-15 18:00:00,4738.174429063959,5328.466664264102,3192.288684815637
forecast_7651,2025-11-15 19:00:00,6722.765079086643,8390.618349984814,5343.709180776581
forecast_7652,2025-11-15 20:00:00,9121.581281789775,10139.80399472505,7111.270888427426
forecast_7653,2025-11-15 21:00:00,10179.399423418454,10419.194882034088,7736.966581107961
forecast_7654,2025-11-15 22:00:00,10179.399423418454,10419.194882034088,7736.966581107961
forecast_7655,2025-11-15 23:00:00,10014.6293366885,9196.037971592223,6918.430435343884
forecast_7656,2025-11-16 00:00:00,9915.04470355524,8744.709843358236,6864.305216123626
forecast_7657,2025-11-16 01:00:00,10055.434117918629,9279.65754542864,6198.448655494984
forecast_7658,2025-11-16 02:00:00,10230.869152312029,8870.939486439738,5898.637852594877
forecast_7659,2025-11-16 03:00:00,9920.18277122881,8870.939486439738,5898.637852594877
forecast_7660,2025-11-16 04:00:00,10230.869152312029,9553.905771908936,5978.8932293816015
forecast_7661,2025-11-16 05:00:00,11970.99157316632,11643.888938504218,8152.2820577914235
forecast_7662,2025-11-16 06:00:00,12106.19537342294,12814.649665559646,8852.336532257363
forecast_7663,2025-11-16 07:00:00,12106.19537342294,12817.777441640526,8852.336532257363
forecast_7664,2025-11-16 08:00:00,11522.782318224117,13125.237442511436,9031.642772792748
forecast_7665,2025-11-16 09:00:00,11349.574458008081,13125.237442511436,9031.642772792748
forecast_7666,2025-11-16 10:00:00,11068.360519569384,13125.237442511436,9595.950324688349
forecast_7667,2025-11-16 11:00:00,10805.23339264052,13043.072569152018,10050.81016400671
forecast_7668,2025-11-16 12:00:00,10805.23339264052,13043.072569152018,10755.079985437047
forecast_7669,2025-11-16 13:00:00,11167.609663561163,13041.551927620396,11035.474163623117
forecast_7670,2025-11-16 14:00:00,11670.389528647842,13620.301706524946,11725.705646241215
forecast_7671,2025-11-16 15:00:00,12648.611218650845,13817.633322653266,11810.749283147425
forecast_7672,2025-11-16 16:00:00,14357.54016451932,15563.989835095428,14194.43253024467
forecast_7673,2025-11-16 17:00:00,16382.214029325265,18037.40689020287,16353.161958047642
forecast_7674,2025-11-16 18:00:00,18713.092914355024,18922.044472180394,17860.15630903902
forecast_7675,2025-11-16 19:00:00,19246.25013965441,19459.75309776009,18815.771256187247
forecast_7676,2025-11-16 20:00:00,20199.20237047554,20051.597801721404,19412.296988847556
forecast_7677,2025-11-16 21:00:00,20267.181653847696,20379.240794573045,19648.22630762962
forecast_7678,2025-11-16 22:00:00,20267.181653847696,20379.240794573045,19648.22630762962
forecast_7679,2025-11-16 23:00:00,19690.871399776384,20041.004120312577,19531.874375256797
forecast_7680,2025-11-17 00:00:00,19639.25974588992,19825.120673593054,19340.70851586954
forecast_7681,2025-11-17 01:00:00,19945.771417831384,19545.107815950574,19190.358260887988
forecast_7682,2025-11-17 02:00:00,19943.736987060616,19533.456347145802,19036.694399921762
forecast_7683,2025-11-17 03:00:00,19621.452321150613,19257.927674082108,18163.984973720082
forecast_7684,2025-11-17 04:00:00,19452.74033123601,19257.927674082108,17963.331926359773
forecast_7685,2025-11-17 05:00:00,19452.74033123601,19257.927674082108,17885.163317562732
forecast_7686,2025-11-17 06:00:00,19713.892563119545,19128.23390499783,17868.576335500344
forecast_7687,2025-11-17 07:00:00,19713.892563119545,18969.186669297455,17817.40054618505
forecast_7688,2025-11-17 08:00:00,18979.50819330643,18808.128175109356,17386.209322014245
forecast_7689,2025-11-17 09:00:00,16381.948167960725,17123.36968546962,14949.918864754167
forecast_7690,2025-11-17 10:00:00,14520.757529704642,15671.52603806644,13403.407857234895
forecast_7691,2025-11-17 11:00:00,13686.160913085983,13641.742447806362,11765.712776029817
forecast_7692,2025-11-17 12:00:00,13193.795711661614,12223.89341533841,10578.563413112592
forecast_7693,2025-11-17 13:00:00,12314.184887781625,11565.499194218732,9504.778983375947
forecast_7694,2025-11-17 14:00:00,12129.3959717191,11504.920157146036,9504.778983375947
forecast_7695,2025-11-17 15:00:00,12129.3959717191,11504.920157146036,9747.639122018303
forecast_7696,2025-11-17 16:00:00,12842.088448079228,12449.558356342355,10378.270570015839
forecast_7697,2025-11-17 17:00:00,13116.740332213429,12546.775076634483,11090.885609105002
forecast_7698,2025-11-17 18:00:00,13116.740332213429,12896.351769018356,11151.323637585554
forecast_7699,2025-11-17 19:00:00,13116.740332213429,12721.333974362286,11298.166802571708
forecast_7700,2025-11-17 20:00:00,13331.185183055391,12896.351769018356,12012.68396303715
forecast_7701,2025-11-17 21:00:00,13374.130700832331,14889.754637839202,13320.59557852115
forecast_7702,2025-11-17 22:00:00,14131.754507892849,15381.858970194602,13755.46590697571
forecast_7703,2025-11-17 23:00:00,14398.169603357865,15706.689978190248,13902.795443349598
forecast_7704,2025-11-18 00:00:00,14672.248321084011,15779.829520461197,14114.340677974977
forecast_7705,2025-11-18 01:00:00,13758.079024104807,14232.18832609044,12769.829208072984
forecast_7706,2025-11-18 02:00:00,13910.905096348202,14595.420913497575,12787.433166923865
forecast_7707,2025-11-18 03:00:00,13910.905096348202,14912.903191611627,12979.531894100357
forecast_7708,2025-11-18 04:00:00,15229.035644286727,15910.183725077124,14215.860432458738
forecast_7709,2025-11-18 05:00:00,15302.040283313925,16150.680201046085,14589.931220659959
forecast_7710,2025-11-18 06:00:00,16097.106305563027,16251.426085326446,14795.951964187196
forecast_7711,2025-11-18 07:00:00,16097.106305563027,16262.18114436392,14795.951964187196
forecast_7712,2025-11-18 08:00:00,16076.359969706271,16262.18114436392,14525.196916265955
forecast_7713,2025-11-18 09:00:00,14570.06176358385,14587.262410546144,12873.8378495035
forecast_7714,2025-11-18 10:00:00,13604.79802203613,13903.522332338107,11696.562447223256
forecast_7715,2025-11-18 11:00:00,12628.919528447725,12265.324600620803,10298.219804535398
forecast_7716,2025-11-18 12:00:00,12541.852182801545,11004.300001692322,9542.629782450173
forecast_7717,2025-11-18 13:00:00,11956.798060833344,10854.591479241875,9131.804932331897
forecast_7718,2025-11-18 14:00:00,11289.5265597098,10084.591388144105,8195.971465536177
forecast_7719,2025-11-18 15:00:00,9968.078328167327,8388.220399978123,6818.608779431588
forecast_7720,2025-11-18 16:00:00,9874.083317029686,8004.4650601654575,6542.640425039316
forecast_7721,2025-11-18 17:00:00,7698.035981664941,6694.97296611037,4970.846628852953
forecast_7722,2025-11-18 18:00:00,6655.7442993143095,6694.97296611037,4932.153608665109
forecast_7723,2025-11-18 19:00:00,6655.7442993143095,7351.316765711569,4932.153608665109
forecast_7724,2025-11-18 20:00:00,8148.945027997981,8496.378967953617,6074.603125967955
forecast_7725,2025-11-18 21:00:00,9572.12090542988,9718.264681202589,6832.692804030661
forecast_7726,2025-11-18 22:00:00,10523.135900358193,10595.951727968142,7916.6127188541695
forecast_7727,2025-11-18 23:00:00,10523.135900358193,10613.729015114577,7916.6127188541695
forecast_7728,2025-11-19 00:00:00,10243.548340166872,10709.867147977806,7808.934471025492
forecast_7729,2025-11-19 01:00:00,10556.625398331924,11487.606001853175,7967.886090446952
forecast_7730,2025-11-19 02:00:00,10211.205216064222,11163.113585229257,7919.031144233995
forecast_7731,2025-11-19 03:00:00,10072.937693197124,10811.310260728133,7501.316606012564
forecast_7732,2025-11-19 04:00:00,9082.47838513499,8462.210434325945,6205.570573114284
forecast_7733,2025-11-19 05:00:00,6934.720460778646,5864.372492103448,4932.188937521438
forecast_7734,2025-11-19 06:00:00,5927.766015445435,5299.5878428003925,4373.195544324884
forecast_7735,2025-11-19 07:00:00,5646.826470551025,5274.975540442345,4321.36642060736
forecast_7736,2025-11-19 08:00:00,5052.201982741983,4407.725759273227,4070.651510087253
forecast_7737,2025-11-19 09:00:00,4230.542863685455,3639.4100077976445,3282.054728950494
forecast_7738,2025-11-19 10:00:00,3825.4709099376782,3602.1614232241673,2942.3966209990776
forecast_7739,2025-11-19 11:00:00,3294.4459063414924,3177.147212192085,2787.1053870029687
forecast_7740,2025-11-19 12:00:00,3192.7663968013458,2929.538401792097,2524.292806980135
forecast_7741,2025-11-19 13:00:00,3143.9650951298563,2929.538401792097,2524.292806980135
forecast_7742,2025-11-19 14:00:00,3143.9650951298563,3026.9241245120365,2553.996872510677
forecast_7743,2025-11-19 15:00:00,3611.047250319518,3193.721873310325,2728.861650098967
forecast_7744,2025-11-19 16:00:00,4238.185612380712,3911.5413434261986,3480.4476595145343
forecast_7745,2025-11-19 17:00:00,5827.798823139782,5496.223039104401,4415.7210734286555
forecast_7746,2025-11-19 18:00:00,9482.566739490576,7564.326331252206,6304.532563618091
forecast_7747,2025-11-19 19:00:00,12130.809660095194,9807.60322022559,8813.401135744509
forecast_7748,2025-11-19 20:00:00,14070.719967216502,11627.901611127516,10031.445792165265
forecast_7749,2025-11-19 21:00:00,15574.37119266168,14001.50005834809,12446.604806786288
forecast_7750,2025-11-19 22:00:00,18412.51104381733,16221.310365180288,14460.352913051163
forecast_7751,2025-11-19 23:00:00,19591.73414766016,17851.725630845664,15718.36389644791
forecast_7752,2025-11-20 00:00:00,19935.54938610841,18266.250468551123,16037.176371964528
forecast_7753,2025-11-20 01:00:00,20757.354506672775,19682.798381007895,17943.230468945876
forecast_7754,2025-11-20 02:00:00,20830.714297567916,19581.590461636508,17800.659974365408
forecast_7755,2025-11-20 03:00:00,20842.75826083102,19740.365973312764,17912.300861872904
forecast_7756,2025-11-20 04:00:00,20842.75826083102,19581.590461636508,17602.568749777533
forecast_7757,2025-11-20 05:00:00,20091.002052309923,19356.58307392444,17269.090172940072
forecast_7758,2025-11-20 06:00:00,20002.735994818922,19356.58307392444,17269.090172940072
forecast_7759,2025-11-20 07:00:00,19586.083806824983,19449.895279922017,17069.041926063546
forecast_7760,2025-11-20 08:00:00,19586.083806824983,19849.195979742603,17360.724980713574
forecast_7761,2025-11-20 09:00:00,19397.87465186508,19449.895279922017,17129.686220263466
forecast_7762,2025-11-20 10:00:00,18636.03951247814,19219.364904317692,17129.686220263466
forecast_7763,2025-11-20 11:00:00,18636.03951247814,18919.940312946917,17129.686220263466
forecast_7764,2025-11-20 12:00:00,19290.284697133833,18919.940312946917,17403.80728879583
forecast_7765,2025-11-20 13:00:00,19979.593777705184,19315.349201158682,17747.065824077334
forecast_7766,2025-11-20 14:00:00,20244.721180744313,19315.349201158682,18376.262608508245
forecast_7767,2025-11-20 15:00:00,20364.703459123633,19294.16686450429,18376.262608508245
forecast_7768,2025-11-20 16:00:00,20244.845506518253,19081.48881351887,18308.99594458552
forecast_7769,2025-11-20 17:00:00,20364.703459123633,19081.48881351887,18308.99594458552
forecast_7770,2025-11-20 18:00:00,20413.04594582172,19081.48881351887,18376.547645599203
forecast_7771,2025-11-20 19:00:00,20413.04594582172,19072.188158462828,18376.547645599203
forecast_7772,2025-11-20 20:00:00,19890.65922139414,18722.731272375815,17747.19171611459
forecast_7773,2025-11-20 21:00:00,19821.262677966875,18662.26473266275,17513.52957043761
forecast_7774,2025-11-20 22:00:00,19487.119504170878,18653.227477765773,17483.678276336504
forecast_7775,2025-11-20 23:00:00,18914.65207935559,18662.26473266275,17320.541733942548
forecast_7776,2025-11-21 00:00:00,18762.762008702146,18727.921676728227,17180.652305914984
forecast_7777,2025-11-21 01:00:00,17631.973569405665,18152.947894299992,16175.620656828356
forecast_7778,2025-11-21 02:00:00,17189.53576144765,17714.292289981142,15890.02163065009
forecast_7779,2025-11-21 03:00:00,16774.668695920496,17297.645518875073,15363.532403700823
forecast_7780,2025-11-21 04:00:00,16774.668695920496,17297.645518875073,15363.532403700823
forecast_7781,2025-11-21 05:00:00,18478.863040330296,18238.11570991176,16199.024136760316
forecast_7782,2025-11-21 06:00:00,18727.34064316311,18322.001730390184,16335.1987325606
forecast_7783,2025-11-21 07:00:00,18868.634264132896,18412.9595884586,16461.415418201304
forecast_7784,2025-11-21 08:00:00,18868.634264132896,18412.9595884586,16461.415418201304
forecast_7785,2025-11-21 09:00:00,16427.960122606106,17416.48334323623,14983.246142198795
forecast_7786,2025-11-21 10:00:00,15237.655707757225,16850.968106411827,13844.03051037994
forecast_7787,2025-11-21 11:00:00,15237.655707757225,16372.658945555952,13439.816166892288
forecast_7788,2025-11-21 12:00:00,15553.530584852666,16215.96816697615,13417.803340793394
forecast_7789,2025-11-21 13:00:00,15704.938168678389,16003.713331964384,13178.700471355125
forecast_7790,2025-11-21 14:00:00,15822.600285040397,16003.713331964384,13178.700471355125
forecast_7791,2025-11-21 15:00:00,16251.224298525041,16333.581796788316,14074.134556900879
forecast_7792,2025-11-21 16:00:00,16954.8070766242,17318.59447231559,15227.030534623049
forecast_7793,2025-11-21 17:00:00,17039.271197920694,17582.098341311786,15993.708928047843
forecast_7794,2025-11-21 18:00:00,17142.007735928957,17843.9407073618,16398.582004421038
forecast_7795,2025-11-21 19:00:00,17142.007735928957,17939.003800734194,16440.998055428732
forecast_7796,2025-11-21 20:00:00,17142.007735928957,17947.972207706334,16440.998055428732
forecast_7797,2025-11-21 21:00:00,17043.912990264686,18153.128325653735,16206.144086920325
forecast_7798,2025-11-21 22:00:00,17214.74287590471,18202.17029275706,16206.144086920325
forecast_7799,2025-11-21 23:00:00,17214.74287590471,18296.43145305744,16319.768770358602
forecast_7800,2025-11-22 00:00:00,17901.661159772048,18450.66379101773,16385.51920317438
forecast_7801,2025-11-22 01:00:00,18139.050417153783,18459.027077814953,15592.351187840894
forecast_7802,2025-11-22 02:00:00,18244.926505082003,18497.377731956112,15628.537886154565
forecast_7803,2025-11-22 03:00:00,18420.03170624372,18623.018003522535,15798.600236174261
forecast_7804,2025-11-22 04:00:00,18962.56041821542,18863.281106920396,16137.465870505293
forecast_7805,2025-11-22 05:00:00,19434.92219052571,19057.65753765942,16374.144611240028
forecast_7806,2025-11-22 06:00:00,19732.46265049739,19057.65753765942,16374.144611240028
forecast_7807,2025-11-22 07:00:00,19732.46265049739,18947.311194305657,15817.595902116585
forecast_7808,2025-11-22 08:00:00,19558.012494338793,18379.67330875626,15514.410982503006
forecast_7809,2025-11-22 09:00:00,17622.872004077886,17586.910192168896,14072.535635649334
forecast_7810,2025-11-22 10:00:00,14074.70309250711,16028.995115904696,12578.882174471699
forecast_7811,2025-11-22 11:00:00,12754.504760541287,14769.615966073081,11712.512198627239
forecast_7812,2025-11-22 12:00:00,11433.253191991438,13510.719535376064,10792.267235999432
forecast_7813,2025-11-22 13:00:00,11433.253191991438,13032.64334228259,10792.267235999432
forecast_7814,2025-11-22 14:00:00,13211.040318673055,13032.64334228259,10857.16697843465
forecast_7815,2025-11-22 15:00:00,14195.703476362864,13520.887480598994,12153.388727541846
forecast_7816,2025-11-22 16:00:00,15095.58958627446,14471.440456895501,12569.693453909867
forecast_7817,2025-11-22 17:00:00,16733.638244680482,15871.10483633111,14120.94543144611
forecast_7818,2025-11-22 18:00:00,18832.805334060467,17189.05340664077,15596.595928926226
forecast_7819,2025-11-22 19:00:00,19548.150377484133,18006.51845457095,16662.540089376504
forecast_7820,2025-11-22 20:00:00,20346.05464514803,18920.061227509308,17771.308040694712
forecast_7821,2025-11-22 21:00:00,20958.445285575974,19415.836529874614,18243.497514578805
forecast_7822,2025-11-22 22:00:00,21475.962734732053,19643.26406883204,18506.80711563024
forecast_7823,2025-11-22 23:00:00,21475.962734732053,19678.970149071934,18621.21467764215
forecast_7824,2025-11-23 00:00:00,21405.257997988105,19704.769499377857,18768.661523986833
forecast_7825,2025-11-23 01:00:00,21363.753582650632,20109.68756967243,18711.201208135324
forecast_7826,2025-11-23 02:00:00,21369.902423845528,20060.064924299302,18592.242949992113
forecast_7827,2025-11-23 03:00:00,21416.46849074689,20060.064924299302,18447.526587730477
forecast_7828,2025-11-23 04:00:00,21563.64190137463,20323.248190217622,18184.23154352557
forecast_7829,2025-11-23 05:00:00,21563.64190137463,20371.472371994772,18184.23154352557
forecast_7830,2025-11-23 06:00:00,21563.64190137463,20323.248190217622,18534.71646398434
forecast_7831,2025-11-23 07:00:00,21525.209855401456,20164.56389887684,18534.71646398434
forecast_7832,2025-11-23 08:00:00,21437.096704575495,19755.986742749035,18283.202029594784
forecast_7833,2025-11-23 09:00:00,20818.145118526838,18863.532078697808,17595.482557697447
forecast_7834,2025-11-23 10:00:00,20207.716116172975,18627.681596544346,17289.146557197495
forecast_7835,2025-11-23 11:00:00,19156.74644590168,17818.212825440198,15890.105827895277
forecast_7836,2025-11-23 12:00:00,18644.76095614957,17610.310353513658,15834.212645002382
forecast_7837,2025-11-23 13:00:00,16852.885745403826,15739.240499444337,14799.064978557504
forecast_7838,2025-11-23 14:00:00,15587.72120060559,14544.932575226085,13804.397609720829
forecast_7839,2025-11-23 15:00:00,13983.312480850884,13179.608614956676,12192.780143207896
forecast_7840,2025-11-23 16:00:00,13983.312480850884,13179.608614956676,12192.780143207896
forecast_7841,2025-11-23 17:00:00,15559.594904723996,15291.522101682845,13958.486743572734
forecast_7842,2025-11-23 18:00:00,18887.652943252426,17167.061250241884,15754.466438897554
forecast_7843,2025-11-23 19:00:00,18967.35875247731,18023.04672245426,16386.93188124341
forecast_7844,2025-11-23 20:00:00,18967.35875247731,18023.04672245426,16386.93188124341
forecast_7845,2025-11-23 21:00:00,18518.677343350646,17901.91137894443,16097.566385378836
forecast_7846,2025-11-23 22:00:00,17811.617390867563,17252.281934675928,16006.281884787604
forecast_7847,2025-11-23 23:00:00,16430.408540633212,16362.501383242423,15229.25552130384
forecast_7848,2025-11-24 00:00:00,15662.945099574348,15935.778939153017,14562.739352722783
forecast_7849,2025-11-24 01:00:00,15209.500809554325,15694.575257346565,12935.452021834077
forecast_7850,2025-11-24 02:00:00,15103.476006309522,15463.125627453883,12608.64902562327
forecast_7851,2025-11-24 03:00:00,13835.549051321672,14741.741110032452,11640.85947687013
forecast_7852,2025-11-24 04:00:00,13778.39393027038,14676.866607151256,11401.833136924433
forecast_7853,2025-11-24 05:00:00,12312.74606348047,14243.003309292735,10353.3684489599
forecast_7854,2025-11-24 06:00:00,12312.74606348047,14243.003309292735,10353.3684489599
forecast_7855,2025-11-24 07:00:00,13465.873334111193,15118.666252483175,11564.955978829556
forecast_7856,2025-11-24 08:00:00,13465.873334111193,15118.666252483175,11564.955978829556
forecast_7857,2025-11-24 09:00:00,12305.4931016453,13687.632492420422,10304.560966331377
forecast_7858,2025-11-24 10:00:00,10672.778387175877,11819.430622477881,9222.632567794299
forecast_7859,2025-11-24 11:00:00,10672.778387175877,11819.430622477881,9222.632567794299
forecast_7860,2025-11-24 12:00:00,10940.886486718078,11119.656652070957,9600.79184005285
forecast_7861,2025-11-24 13:00:00,11238.394172051452,11929.492021297632,10274.755247315126
forecast_7862,2025-11-24 14:00:00,12948.450029704498,12441.418898260516,11317.314921873869
forecast_7863,2025-11-24 15:00:00,12962.312494814625,12441.418898260516,11317.314921873869
forecast_7864,2025-11-24 16:00:00,12962.312494814625,12313.114915104488,11471.737903268939
forecast_7865,2025-11-24 17:00:00,12945.273526002185,12126.004416901167,11033.34720501841
forecast_7866,2025-11-24 18:00:00,12665.268170656958,12313.114915104488,10817.96422996449
forecast_7867,2025-11-24 19:00:00,12665.268170656958,12692.331753949695,10817.96422996449
forecast_7868,2025-11-24 20:00:00,12814.668003541863,12776.943073820748,10988.063214633365
forecast_7869,2025-11-24 21:00:00,12885.255994577123,13208.808866738695,11055.923837281873
forecast_7870,2025-11-24 22:00:00,13071.565556393583,13992.710557444767,11055.923837281873
forecast_7871,2025-11-24 23:00:00,13158.674273843828,13992.710557444767,10946.452210004494
forecast_7872,2025-11-25 00:00:00,13162.456699127893,13585.484372515808,10929.61248812365
forecast_7873,2025-11-25 01:00:00,13708.249827881053,13446.48705266117,11539.304559121945
forecast_7874,2025-11-25 02:00:00,13700.411821010797,13758.663404147639,11628.453741329591
forecast_7875,2025-11-25 03:00:00,13615.835871135354,13743.94738544362,11648.188595230478
forecast_7876,2025-11-25 04:00:00,13578.927339362459,13758.663404147639,12139.862815805625
forecast_7877,2025-11-25 05:00:00,13578.927339362459,14375.84841832356,12352.398497690041
forecast_7878,2025-11-25 06:00:00,13703.620896389179,15058.974484449624,12502.91037608345
forecast_7879,2025-11-25 07:00:00,13703.620896389179,15087.134662339677,12502.91037608345
forecast_7880,2025-11-25 08:00:00,13539.90200458433,15058.974484449624,12499.163702884965
forecast_7881,2025-11-25 09:00:00,10954.336757494973,12919.707560323142,10201.73475450038
forecast_7882,2025-11-25 10:00:00,8921.808422211903,11452.587347580306,9368.430715220496
forecast_7883,2025-11-25 11:00:00,7430.534191591879,10939.755142466638,8654.789996909543
forecast_7884,2025-11-25 12:00:00,7430.534191591879,8995.496757595003,7307.232762011936
forecast_7885,2025-11-25 13:00:00,8245.252217130854,8995.496757595003,7307.232762011936
forecast_7886,2025-11-25 14:00:00,9946.028055877725,10473.012762019702,8610.96338960724
forecast_7887,2025-11-25 15:00:00,11472.119834196012,12506.159030197196,10357.148631680564
forecast_7888,2025-11-25 16:00:00,12332.68395795321,12506.159030197196,10437.10843835922
forecast_7889,2025-11-25 17:00:00,12513.931209993654,11759.277398178392,10481.895343449924
forecast_7890,2025-11-25 18:00:00,12513.931209993654,11577.473230302812,10481.895343449924
forecast_7891,2025-11-25 19:00:00,11145.962109319436,10937.39659838411,9438.396158066396
forecast_7892,2025-11-25 20:00:00,10542.113846978556,9862.522711884358,8422.295375429461
forecast_7893,2025-11-25 21:00:00,7927.195101681109,8580.621523453541,6357.543336422943
forecast_7894,2025-11-25 22:00:00,7072.010967746535,8189.00761056633,6334.25047830068
forecast_7895,2025-11-25 23:00:00,6399.4918695453325,7874.392201909629,5813.645937494099
forecast_7896,2025-11-26 00:00:00,6124.37788419122,7532.574533588373,5540.777077101317
forecast_7897,2025-11-26 01:00:00,4465.961614037028,5057.349674364506,3976.8441544212747
forecast_7898,2025-11-26 02:00:00,4354.806678170048,4954.419789571379,3887.1438943890134
forecast_7899,2025-11-26 03:00:00,3868.0105048888176,4489.406400171651,3650.001535432095
forecast_7900,2025-11-26 04:00:00,3868.0105048888176,4489.406400171651,3650.001535432095
forecast_7901,2025-11-26 05:00:00,4190.838525961828,4502.252496697135,3950.5634327109415
forecast_7902,2025-11-26 06:00:00,4779.76219309508,5137.452964229515,4357.49040797609
forecast_7903,2025-11-26 07:00:00,5018.675932418893,5416.226110637992,4357.606317103085
forecast_7904,2025-11-26 08:00:00,5226.473242624573,5486.498175815745,4357.49040797609
forecast_7905,2025-11-26 09:00:00,5226.473242624573,5486.498175815745,4036.666266829362
forecast_7906,2025-11-26 10:00:00,5115.077299285598,5395.946894096964,3978.6117300739143
forecast_7907,2025-11-26 11:00:00,4358.631819047136,3906.901233266498,2933.617696492421
forecast_7908,2025-11-26 12:00:00,4252.20298877723,3906.901233266498,2883.9239071926095
forecast_7909,2025-11-26 13:00:00,4252.20298877723,4078.8728082042767,2883.9239071926095
forecast_7910,2025-11-26 14:00:00,4813.034206544535,4545.652105117728,3348.3529449752073
forecast_7911,2025-11-26 15:00:00,5365.720316608091,4797.59909675943,3795.327614951563
forecast_7912,2025-11-26 16:00:00,5888.802378014387,5501.016669146474,4321.135009726563
forecast_7913,2025-11-26 17:00:00,8718.590767894342,7097.2770786821275,5662.898331127415
forecast_7914,2025-11-26 18:00:00,10798.556343189406,8738.274856290056,7151.164248130514
forecast_7915,2025-11-26 19:00:00,12068.514863093476,11547.848891520262,9155.90294053442
forecast_7916,2025-11-26 20:00:00,13241.592883862131,12501.022142799393,10307.075731157445
forecast_7917,2025-11-26 21:00:00,13626.59790204106,13462.461338457615,11221.535331485933
forecast_7918,2025-11-26 22:00:00,13777.884709424796,13462.461338457615,11221.535331485933
forecast_7919,2025-11-26 23:00:00,13932.355994009658,13914.076457792999,11391.371496537391
forecast_7920,2025-11-27 00:00:00,14383.621359653973,14511.494276331758,12208.075825081796
forecast_7921,2025-11-27 01:00:00,15567.338225435602,16762.383970704832,14800.076765814756
forecast_7922,2025-11-27 02:00:00,15819.555518135889,16897.924066312557,14843.640404113132
forecast_7923,2025-11-27 03:00:00,16493.834842084427,16626.843875097104,14843.640404113132
forecast_7924,2025-11-27 04:00:00,16493.834842084427,16420.966058135222,14423.27116689218
forecast_7925,2025-11-27 05:00:00,16493.834842084427,16420.966058135222,14423.27116689218
forecast_7926,2025-11-27 06:00:00,14888.44482056431,16420.966058135222,14180.555892027904
forecast_7927,2025-11-27 07:00:00,15015.513948729022,16466.295347283114,14965.535883362125
forecast_7928,2025-11-27 08:00:00,14938.072116617624,17328.48956517887,14965.535883362125
forecast_7929,2025-11-27 09:00:00,14938.072116617624,17585.28197664459,15276.946233457787
forecast_7930,2025-11-27 10:00:00,14938.072116617624,17585.28197664459,15803.734066081995
forecast_7931,2025-11-27 11:00:00,15078.20022112222,17392.799100140473,16234.669248769214
forecast_7932,2025-11-27 12:00:00,15663.114730153262,17392.799100140473,16235.472943456138
forecast_7933,2025-11-27 13:00:00,15846.7143709637,18772.78106669343,17263.62195207769
forecast_7934,2025-11-27 14:00:00,16627.418378890492,18772.78106669343,17287.228040762755
forecast_7935,2025-11-27 15:00:00,17300.092721415647,18772.78106669343,17790.00379862034
forecast_7936,2025-11-27 16:00:00,18647.45479894006,18741.67578940127,17790.00379862034
forecast_7937,2025-11-27 17:00:00,18793.757650640364,18907.843128430573,18032.425650885983
forecast_7938,2025-11-27 18:00:00,18793.757650640364,18741.67578940127,17729.405707296817
forecast_7939,2025-11-27 19:00:00,18271.034403080976,19018.105940620255,17304.26952690814
forecast_7940,2025-11-27 20:00:00,18271.034403080976,18906.395473809484,17058.66662775143
forecast_7941,2025-11-27 21:00:00,18372.183628504114,18906.395473809484,16889.549788175274
forecast_7942,2025-11-27 22:00:00,18372.183628504114,18173.518249301098,16490.32168557347
forecast_7943,2025-11-27 23:00:00,18351.437531242882,18051.8118380983,16490.32168557347
forecast_7944,2025-11-28 00:00:00,18324.578986963985,17995.7887897235,16685.574782298994
forecast_7945,2025-11-28 01:00:00,18704.08496092875,17442.64980574994,16589.336032202995
forecast_7946,2025-11-28 02:00:00,18124.751289620162,17040.008102145883,16108.791004101702
forecast_7947,2025-11-28 03:00:00,18124.751289620162,17040.008102145883,16108.791004101702
forecast_7948,2025-11-28 04:00:00,17864.747421813492,17880.976572527303,16056.768513706531
forecast_7949,2025-11-28 05:00:00,17514.59319177631,17880.976572527303,15694.513619372347
forecast_7950,2025-11-28 06:00:00,16788.47244970478,16999.55838616196,14386.274605800649
forecast_7951,2025-11-28 07:00:00,16788.47244970478,16945.263845429257,13749.550196903165
forecast_7952,2025-11-28 08:00:00,16127.674836886557,16743.243980111394,13337.703714235278
forecast_7953,2025-11-28 09:00:00,13856.449768740202,14465.133432468281,10756.916003248243
forecast_7954,2025-11-28 10:00:00,11112.886547507598,10278.41590679366,8398.490769041398
forecast_7955,2025-11-28 11:00:00,9043.869373269707,10175.54272209666,7176.953650932104
forecast_7956,2025-11-28 12:00:00,8119.551724689978,9217.193816135758,6334.139955736548
forecast_7957,2025-11-28 13:00:00,7689.416475889098,8919.902910658255,6299.832333880722
forecast_7958,2025-11-28 14:00:00,7626.03365720707,7483.769409232347,5754.220023584018
forecast_7959,2025-11-28 15:00:00,6844.481415207807,6737.313238704644,5134.721034889929
forecast_7960,2025-11-28 16:00:00,6844.481415207807,6737.313238704644,5134.721034889929
forecast_7961,2025-11-28 17:00:00,8167.080206402105,7300.066092337486,5416.083498397853
forecast_7962,2025-11-28 18:00:00,8167.080206402105,7300.066092337486,5416.083498397853
forecast_7963,2025-11-28 19:00:00,8374.103810649922,7187.478513865877,5347.974847369724
forecast_7964,2025-11-28 20:00:00,8257.800408538864,7039.723558250547,5057.6831679713305
forecast_7965,2025-11-28 21:00:00,8335.012163217078,6700.18641540689,5347.974847369724
forecast_7966,2025-11-28 22:00:00,8335.012163217078,6610.254727606609,5505.422984441975
forecast_7967,2025-11-28 23:00:00,8700.989992318127,6610.254727606609,5615.540885597395
forecast_7968,2025-11-29 00:00:00,8764.151337668822,6796.880007801883,5668.262581269626
forecast_7969,2025-11-29 01:00:00,7010.372512074744,6367.4450928871465,4804.8000035604455
forecast_7970,2025-11-29 02:00:00,7456.732357290142,6718.660027317307,5070.73438949402
forecast_7971,2025-11-29 03:00:00,9874.605055583728,8786.307530082478,6343.824028786317
forecast_7972,2025-11-29 04:00:00,11382.495236203864,11248.550687486626,7907.62995312145
forecast_7973,2025-11-29 05:00:00,13063.399265203016,13716.222838251964,9759.671979281638
forecast_7974,2025-11-29 06:00:00,13063.399265203016,14603.782089156466,10327.889864256333
forecast_7975,2025-11-29 07:00:00,12773.502066036403,14603.782089156466,10327.889864256333
forecast_7976,2025-11-29 08:00:00,12254.734802414772,14539.648607122988,9837.974166280233
forecast_7977,2025-11-29 09:00:00,10894.318856845048,14370.650218878016,9587.038506467932
forecast_7978,2025-11-29 10:00:00,9711.887688784647,12134.152265798646,8424.611086139044
forecast_7979,2025-11-29 11:00:00,9711.887688784647,12134.152265798646,8424.611086139044
forecast_7980,2025-11-29 12:00:00,11176.68736522024,13267.21617668653,11148.664642797394
forecast_7981,2025-11-29 13:00:00,12837.781070721812,14843.335196934697,12781.135957956372
forecast_7982,2025-11-29 14:00:00,14417.326349455028,14964.247501090898,13170.258599819721
forecast_7983,2025-11-29 15:00:00,16466.308245485263,16528.7549637505,15105.481083332283
forecast_7984,2025-11-29 16:00:00,17906.22920156138,17428.503505863773,16118.699010155
forecast_7985,2025-11-29 17:00:00,19541.55046322671,19227.411883793844,18330.46826728232
forecast_7986,2025-11-29 18:00:00,20233.70113587824,19860.341703493592,19163.306225421133
forecast_7987,2025-11-29 19:00:00,20624.947426477476,19994.97375208095,19377.529284544158
forecast_7988,2025-11-29 20:00:00,20742.38846229234,20008.21896690308,19804.910012450644
forecast_7989,2025-11-29 21:00:00,20993.823118779295,20008.21896690308,19804.910012450644
forecast_7990,2025-11-29 22:00:00,20993.823118779295,19998.72753591222,19583.99396100395
forecast_7991,2025-11-29 23:00:00,20815.766145715068,19937.611871191097,19563.298123664485
forecast_7992,2025-11-30 00:00:00,20731.632370995685,19906.243186450924,19403.802026594105
forecast_7993,2025-11-30 01:00:00,20630.500465737106,19610.143364524047,18922.42744691694
forecast_7994,2025-11-30 02:00:00,20597.522619020878,19594.070782298193,18782.2199570866
forecast_7995,2025-11-30 03:00:00,20274.94306737925,19086.48347360287,18330.951137091517
forecast_7996,2025-11-30 04:00:00,19763.387466851796,18824.336922642637,18069.619339539342
forecast_7997,2025-11-30 05:00:00,18728.90558762331,17673.50291859941,16880.844812038893
forecast_7998,2025-11-30 06:00:00,17315.118765903426,16689.848899136836,15484.886639113683
forecast_7999,2025-11-30 07:00:00,15635.248596715728,15799.100450150989,14159.002529680036
forecast_8000,2025-11-30 08:00:00,14978.3260898974,15192.36037268369,13524.838582115128
forecast_8001,2025-11-30 09:00:00,14771.728761038372,15002.29383700008,13240.94553565795
forecast_8002,2025-11-30 10:00:00,14368.191006374927,14100.454062706885,12722.67989777366
forecast_8003,2025-11-30 11:00:00,13871.52484120193,13739.304278673755,12457.548994169469
forecast_8004,2025-11-30 12:00:00,13350.983141212202,12855.501698972637,11749.977032989544
forecast_8005,2025-11-30 13:00:00,12652.690004446009,11152.199054099434,10106.247246039722
forecast_8006,2025-11-30 14:00:00,12652.690004446009,11152.199054099434,10106.247246039722
forecast_8007,2025-11-30 15:00:00,12859.856768893673,12950.048027645931,11589.160181116002
forecast_8008,2025-11-30 16:00:00,13167.887882739467,13074.224067080548,11601.417969976983
forecast_8009,2025-11-30 17:00:00,13331.438810967937,13968.57031527531,12856.530266343327
forecast_8010,2025-11-30 18:00:00,16027.264026866756,17954.657042120263,16236.100735699842
forecast_8011,2025-11-30 19:00:00,18807.90572959731,19332.645815832424,18469.191555877107
forecast_8012,2025-11-30 20:00:00,20144.563940022716,19859.087001055508,19282.742005852993
forecast_8013,2025-11-30 21:00:00,20563.114021888294,20288.387080145723,19794.528425076664
forecast_8014,2025-11-30 22:00:00,20563.114021888294,20288.387080145723,19845.300031495717
forecast_8015,2025-11-30 23:00:00,20149.951321974244,20221.835573974866,19845.300031495717
forecast_8016,2025-12-01 00:00:00,19936.189628189568,20174.925390285538,19356.28137369499
forecast_8017,2025-12-01 01:00:00,19926.28092782675,19995.621191896993,18737.17098525365
forecast_8018,2025-12-01 02:00:00,19813.557871747267,19906.43314179033,18589.904087713614
forecast_8019,2025-12-01 03:00:00,19666.269777558424,19832.544853398853,18525.00554449237
forecast_8020,2025-12-01 04:00:00,19613.899454113416,19832.544853398853,18260.482085202566
forecast_8021,2025-12-01 05:00:00,19613.899454113416,19692.55619944718,18247.35942671114
forecast_8022,2025-12-01 06:00:00,19935.806753925477,19692.55619944718,18247.35942671114
forecast_8023,2025-12-01 07:00:00,19935.806753925477,19513.469045007536,17942.4709360055
forecast_8024,2025-12-01 08:00:00,19598.539922063843,19465.400597736665,17384.793171654437
forecast_8025,2025-12-01 09:00:00,16553.527974517994,17057.756834718122,14899.99804958758
forecast_8026,2025-12-01 10:00:00,14179.946427727926,13877.825419953168,11343.725091492433
forecast_8027,2025-12-01 11:00:00,10945.938285684237,10294.371982901412,7433.840052745503
forecast_8028,2025-12-01 12:00:00,6765.056205193356,6681.703484300737,4742.55325066164
forecast_8029,2025-12-01 13:00:00,6755.30306548257,5875.614401538844,4144.924847959825
forecast_8030,2025-12-01 14:00:00,5682.469612916337,4902.5383231833,3294.131898433947
forecast_8031,2025-12-01 15:00:00,4870.968505237513,3878.0869489315173,2735.5625024858728
forecast_8032,2025-12-01 16:00:00,4664.409835254065,3878.0869489315173,2735.5625024858728
forecast_8033,2025-12-01 17:00:00,4664.409835254065,4977.64728107514,3492.3649909909454
forecast_8034,2025-12-01 18:00:00,5951.878898965885,6066.144810360938,4012.201170000307
forecast_8035,2025-12-01 19:00:00,7136.772946723211,6932.573348937623,4309.999722794615
forecast_8036,2025-12-01 20:00:00,10052.540015278959,10453.93030365468,7035.799843287686
forecast_8037,2025-12-01 21:00:00,11083.771490115105,10734.223651293825,7535.756452012977
forecast_8038,2025-12-01 22:00:00,13021.907964899963,13220.107125865772,10356.738094386483
forecast_8039,2025-12-01 23:00:00,14286.32423162659,15332.073500977607,12206.426837603012
forecast_8040,2025-12-02 00:00:00,14305.306060324701,15535.102744086755,12281.105332498066
forecast_8041,2025-12-02 01:00:00,15208.062483383936,15732.557462573479,12662.808814458669
forecast_8042,2025-12-02 02:00:00,15436.45242649058,15733.384416342895,12734.839468630742
forecast_8043,2025-12-02 03:00:00,16904.589411571495,17221.1798887547,14365.751325254316
forecast_8044,2025-12-02 04:00:00,16904.589411571495,17221.1798887547,14365.751325254316
forecast_8045,2025-12-02 05:00:00,16388.197647632296,16937.85124182293,13574.828440245448
forecast_8046,2025-12-02 06:00:00,15887.189422895472,16057.566008877277,12868.94258526775
forecast_8047,2025-12-02 07:00:00,14226.520471715818,14687.490563238696,11036.687979938977
forecast_8048,2025-12-02 08:00:00,11004.4772684922,12430.188678794391,8699.257095760036
forecast_8049,2025-12-02 09:00:00,8823.448364751108,11529.994464438123,7006.6805741681055
forecast_8050,2025-12-02 10:00:00,7789.0027278525,8910.446414035021,5866.659984519108
forecast_8051,2025-12-02 11:00:00,7789.0027278525,8910.446414035021,5866.659984519108
forecast_8052,2025-12-02 12:00:00,7967.677364312293,9072.874912137364,6164.245684596035
forecast_8053,2025-12-02 13:00:00,8439.197578463394,9883.127576288862,7005.348840627668
forecast_8054,2025-12-02 14:00:00,9815.530517339543,10818.506141955728,8090.103899932377
forecast_8055,2025-12-02 15:00:00,10942.652931131182,11610.02381531464,8854.039303829999
forecast_8056,2025-12-02 16:00:00,12375.453347744782,12771.888527320232,9892.584025753444
forecast_8057,2025-12-02 17:00:00,13287.435411399938,13802.753875027973,10851.343059956833
forecast_8058,2025-12-02 18:00:00,14484.343793469012,15539.576078006452,12941.63026243035
forecast_8059,2025-12-02 19:00:00,14786.027442494436,15562.150978844475,13183.16827509154
forecast_8060,2025-12-02 20:00:00,14650.962674178982,16298.044308935161,14180.28236130345
forecast_8061,2025-12-02 21:00:00,14650.962674178982,16298.044308935161,14180.28236130345
forecast_8062,2025-12-02 22:00:00,14624.500866732069,16013.299550944717,14121.276321722078
forecast_8063,2025-12-02 23:00:00,14485.281372003046,15933.599463932896,14066.726772323285
forecast_8064,2025-12-03 00:00:00,14425.88722845476,15923.682301409995,14047.012986222308
forecast_8065,2025-12-03 01:00:00,15401.164649202212,17406.6179541754,15661.87499474405
forecast_8066,2025-12-03 02:00:00,15358.691299452952,17399.333436340785,15583.366874226474
forecast_8067,2025-12-03 03:00:00,15358.691299452952,17399.333436340785,15298.981249705039
forecast_8068,2025-12-03 04:00:00,14855.669909166454,16868.24415383373,14827.12367560267
forecast_8069,2025-12-03 05:00:00,13297.689616348627,16868.24415383373,13941.755935480904
forecast_8070,2025-12-03 06:00:00,13086.256429957024,16868.24415383373,13733.11324357859
forecast_8071,2025-12-03 07:00:00,13086.256429957024,16707.67999401861,13649.158148572727
forecast_8072,2025-12-03 08:00:00,13383.729375036814,16707.67999401861,13733.11324357859
forecast_8073,2025-12-03 09:00:00,13910.26406721207,16857.115030128844,14025.550794186813
forecast_8074,2025-12-03 10:00:00,14700.113907203391,17386.899318729487,14412.244040498777
forecast_8075,2025-12-03 11:00:00,14906.713298610563,17755.43448705341,14512.118303798969
forecast_8076,2025-12-03 12:00:00,14965.015404197053,17855.741186130857,14724.591970790594
forecast_8077,2025-12-03 13:00:00,15033.750781280642,17855.741186130857,14738.78798528796
forecast_8078,2025-12-03 14:00:00,15033.750781280642,17742.985425126557,14724.591970790594
forecast_8079,2025-12-03 15:00:00,14851.058784533136,17715.719552880008,14707.176368514656
forecast_8080,2025-12-03 16:00:00,14501.356669329774,17642.112939143834,14622.710698395096
forecast_8081,2025-12-03 17:00:00,14454.239409332524,17297.94240333468,14608.186285573303
forecast_8082,2025-12-03 18:00:00,14327.047401372402,16118.82508358853,14282.012939174972
forecast_8083,2025-12-03 19:00:00,13917.181114466743,16118.82508358853,13960.53310478873
forecast_8084,2025-12-03 20:00:00,13917.181114466743,15912.928244198654,13862.487013410431
forecast_8085,2025-12-03 21:00:00,13872.021593047779,16574.586277457893,13862.487013410431
forecast_8086,2025-12-03 22:00:00,13951.591145992992,16574.586277457893,14118.010962760665
forecast_8087,2025-12-03 23:00:00,14322.750196086718,16574.586277457893,14118.010962760665
forecast_8088,2025-12-04 00:00:00,14501.607514403195,16543.148668045505,14386.647122637343
forecast_8089,2025-12-04 01:00:00,14612.113443128408,16993.46095805495,14319.72730187784
forecast_8090,2025-12-04 02:00:00,14850.386070223562,17764.45264432214,14951.534802233886
forecast_8091,2025-12-04 03:00:00,16723.647123184386,17895.00224886932,15360.14788388957
forecast_8092,2025-12-04 04:00:00,17248.95340094671,18299.04457324894,16132.693801676323
forecast_8093,2025-12-04 05:00:00,18096.630376116333,18746.584528920364,17453.11403069381
forecast_8094,2025-12-04 06:00:00,18110.93250378198,18784.558547165412,17794.907879437036
forecast_8095,2025-12-04 07:00:00,18110.93250378198,18746.584528920364,17933.295554071177
forecast_8096,2025-12-04 08:00:00,17464.317843663554,18862.050683230656,17933.295554071177
forecast_8097,2025-12-04 09:00:00,16803.786393928043,18705.996186042277,17684.193874862827
forecast_8098,2025-12-04 10:00:00,13573.04542951929,17642.079608868782,14577.281893018819
forecast_8099,2025-12-04 11:00:00,12902.104485159176,16174.977493405704,13173.378239000542
forecast_8100,2025-12-04 12:00:00,12018.954539116638,14491.244009232472,11461.95374883294
forecast_8101,2025-12-04 13:00:00,11896.289846111287,14046.253842133245,10879.229644582772
forecast_8102,2025-12-04 14:00:00,11896.289846111287,14046.253842133245,10879.229644582772
forecast_8103,2025-12-04 15:00:00,12082.005378244081,13539.447784798565,11048.849008933586
forecast_8104,2025-12-04 16:00:00,12478.61357314396,14123.813659775944,11348.02250257873
forecast_8105,2025-12-04 17:00:00,12601.846640917873,14546.104376371139,11637.55714382332
forecast_8106,2025-12-04 18:00:00,13159.109385199197,16533.327147599135,14233.165138422184
forecast_8107,2025-12-04 19:00:00,14138.972134307609,16983.40286332407,15196.486181055323
forecast_8108,2025-12-04 20:00:00,14719.358716779589,17038.415500427425,15241.020643684857
forecast_8109,2025-12-04 21:00:00,15005.761944839189,16983.40286332407,15241.020643684857
forecast_8110,2025-12-04 22:00:00,15005.761944839189,16112.905317995836,14564.403602868853
forecast_8111,2025-12-04 23:00:00,14934.748878368968,15982.487534789734,14462.447436599186
forecast_8112,2025-12-05 00:00:00,14836.978418683551,15939.96682599557,14253.32437886007
forecast_8113,2025-12-05 01:00:00,14900.15087625519,16424.350458198925,14206.244150981844
forecast_8114,2025-12-05 02:00:00,14815.053718491921,16226.55938256912,14610.74727104541
forecast_8115,2025-12-05 03:00:00,14815.053718491921,16226.55938256912,14610.74727104541
forecast_8116,2025-12-05 04:00:00,14785.233891231892,16226.55938256912,14279.146098016845
forecast_8117,2025-12-05 05:00:00,14857.260663886647,16290.495996845268,14279.146098016845
forecast_8118,2025-12-05 06:00:00,15809.040312631772,16923.408393898982,14413.146916065894
forecast_8119,2025-12-05 07:00:00,16336.464617831027,17949.85200707586,14942.60644260935
forecast_8120,2025-12-05 08:00:00,17947.46730287657,17949.85200707586,14942.60644260935
forecast_8121,2025-12-05 09:00:00,17947.46730287657,17824.100105523263,14794.189580534534
forecast_8122,2025-12-05 10:00:00,16048.685003109696,16025.565434954367,13285.472711342685
forecast_8123,2025-12-05 11:00:00,13386.776481953775,15340.474356332872,11521.373504778818
forecast_8124,2025-12-05 12:00:00,12001.589310412473,14332.186243137094,10627.323019790569
forecast_8125,2025-12-05 13:00:00,11565.464881355418,13318.253574058752,10508.698715462146
forecast_8126,2025-12-05 14:00:00,11565.464881355418,13318.253574058752,10508.698715462146
forecast_8127,2025-12-05 15:00:00,13013.106214946289,15497.977026937811,12336.887740590111
forecast_8128,2025-12-05 16:00:00,14612.776464734317,15989.023630503447,13152.539124894367
forecast_8129,2025-12-05 17:00:00,16660.5866335313,17183.721632372228,14423.344120252576
forecast_8130,2025-12-05 18:00:00,17426.45968930093,17380.775347602925,14464.178907951238
forecast_8131,2025-12-05 19:00:00,17833.064866509674,17380.775347602925,14485.619587636316
forecast_8132,2025-12-05 20:00:00,18217.105432068085,17533.508354736852,14901.576440512152
forecast_8133,2025-12-05 21:00:00,19248.800630538102,18960.665527800847,16189.676960273793
forecast_8134,2025-12-05 22:00:00,19432.166452739002,19154.63097244133,16189.676960273793
forecast_8135,2025-12-05 23:00:00,19823.47129706594,19218.690114221587,16269.124245925665
forecast_8136,2025-12-06 00:00:00,20203.941416760263,19601.802633625142,16566.219227559806
forecast_8137,2025-12-06 01:00:00,20954.30278394153,19520.90901080282,17124.050117928342
forecast_8138,2025-12-06 02:00:00,21600.0,19886.823887274255,17979.124736683236
forecast_8139,2025-12-06 03:00:00,21600.0,19996.92385846231,18013.59562949927
forecast_8140,2025-12-06 04:00:00,21600.0,20369.779016414697,18013.59562949927
forecast_8141,2025-12-06 05:00:00,21600.0,20369.779016414697,17785.078401486207
forecast_8142,2025-12-06 06:00:00,21420.59304802907,20170.192878022797,17303.29875456279
forecast_8143,2025-12-06 07:00:00,21414.294259015853,20035.260959588148,17088.326051986416
forecast_8144,2025-12-06 08:00:00,20273.225761771224,19375.7257564374,15922.999127419382
forecast_8145,2025-12-06 09:00:00,18976.38178268592,19265.71866924306,15721.236725125522
forecast_8146,2025-12-06 10:00:00,17707.656042183386,18350.927796397402,15043.018071391856
forecast_8147,2025-12-06 11:00:00,16609.912027978484,18065.20109262848,15043.018071391856
forecast_8148,2025-12-06 12:00:00,16600.21157246599,17438.73794771052,14821.960460090993
forecast_8149,2025-12-06 13:00:00,16609.912027978484,17438.73794771052,15172.25605885937
forecast_8150,2025-12-06 14:00:00,17945.813070384826,18562.79577870143,16885.094477705803
forecast_8151,2025-12-06 15:00:00,18583.273584576564,19154.681576214258,17571.571425867805
forecast_8152,2025-12-06 16:00:00,18583.273584576564,19154.681576214258,17571.571425867805
forecast_8153,2025-12-06 17:00:00,17161.628204183726,18324.94488824612,16975.98594709766
forecast_8154,2025-12-06 18:00:00,17161.628204183726,18324.94488824612,16876.34725003621
forecast_8155,2025-12-06 19:00:00,17364.175485759093,18347.42677800823,16876.34725003621
forecast_8156,2025-12-06 20:00:00,18622.496722572992,18782.79553692945,17275.141503974013
forecast_8157,2025-12-06 21:00:00,19245.245672265242,19052.8643006164,17852.234721525514
forecast_8158,2025-12-06 22:00:00,19582.800663073147,19393.066872931893,18185.249514389907
forecast_8159,2025-12-06 23:00:00,19637.801405297127,19602.411218719313,18302.03842298904
forecast_8160,2025-12-07 00:00:00,19638.206073651614,19642.23610520566,18302.997699020336
forecast_8161,2025-12-07 01:00:00,18677.11652539808,18666.526601413523,17404.56435287611
forecast_8162,2025-12-07 02:00:00,18776.87232434012,18515.45271451192,17216.04874046355
forecast_8163,2025-12-07 03:00:00,18776.87232434012,18515.45271451192,17216.04874046355
forecast_8164,2025-12-07 04:00:00,19063.80252025106,18834.111585971055,17490.68684887213
forecast_8165,2025-12-07 05:00:00,19107.137203539125,18842.482457263195,17490.68684887213
forecast_8166,2025-12-07 06:00:00,19241.67029687748,18909.87961244613,17490.68684887213
forecast_8167,2025-12-07 07:00:00,19453.677122356625,18920.674948050502,17651.641746219124
forecast_8168,2025-12-07 08:00:00,19453.677122356625,19047.00751019571,17692.387264653196
forecast_8169,2025-12-07 09:00:00,19342.064288115944,19047.00751019571,17692.387264653196
forecast_8170,2025-12-07 10:00:00,18519.561704970685,18790.52070060026,16910.92256682365
forecast_8171,2025-12-07 11:00:00,18226.70930410276,18589.10662090243,16845.55592463869
forecast_8172,2025-12-07 12:00:00,18178.287463051114,18509.121916957607,16689.662530028
forecast_8173,2025-12-07 13:00:00,18178.287463051114,18509.121916957607,16689.662530028
forecast_8174,2025-12-07 14:00:00,18483.66581639125,18689.683231132694,17151.613278914334
forecast_8175,2025-12-07 15:00:00,18638.21890806379,18914.056464517274,17501.549990123633
forecast_8176,2025-12-07 16:00:00,18518.515056115313,19216.148759851087,18142.343252665698
forecast_8177,2025-12-07 17:00:00,18518.515056115313,19558.731371832167,18319.397938561782
forecast_8178,2025-12-07 18:00:00,18300.406391482255,19558.731371832167,18319.397938561782
forecast_8179,2025-12-07 19:00:00,18300.406391482255,19412.98724921929,18058.551968504333
forecast_8180,2025-12-07 20:00:00,18216.950418465603,19185.09497327853,17887.457642358186
forecast_8181,2025-12-07 21:00:00,18342.628184580033,18725.82094133831,17587.344091453
forecast_8182,2025-12-07 22:00:00,18397.6810457755,18725.82094133831,17382.190990016417
forecast_8183,2025-12-07 23:00:00,18397.6810457755,18436.480927372348,17315.158731098232
forecast_8184,2025-12-08 00:00:00,18063.670240416905,18563.716451862798,16731.737624995683
forecast_8185,2025-12-08 01:00:00,18182.382567543234,18096.42785908409,16432.595091027393
forecast_8186,2025-12-08 02:00:00,17740.37497386139,18054.459451691888,16239.89342632986
forecast_8187,2025-12-08 03:00:00,17511.604357659344,17978.70692438622,15380.088509252026
forecast_8188,2025-12-08 04:00:00,16675.61566162788,17384.896338848128,14456.327056252092
forecast_8189,2025-12-08 05:00:00,14977.542827403335,16303.553522408503,12674.915829724654
forecast_8190,2025-12-08 06:00:00,13724.856633761674,14250.835434122824,11359.89425804457
forecast_8191,2025-12-08 07:00:00,12971.321793970154,14076.890011531543,10423.880690890854
forecast_8192,2025-12-08 08:00:00,11084.331868887291,13956.453728909144,9257.113539808994
forecast_8193,2025-12-08 09:00:00,9936.847288701916,12874.03815547366,8628.506945472913
forecast_8194,2025-12-08 10:00:00,8980.184897408484,11430.28559318593,8282.345277470526
forecast_8195,2025-12-08 11:00:00,6324.416902090032,6541.849966823127,4731.5567676409555
forecast_8196,2025-12-08 12:00:00,4841.990237892595,4916.701520039349,3656.7339883375544
forecast_8197,2025-12-08 13:00:00,4175.297813146352,3970.2216438284404,2917.971300058057
forecast_8198,2025-12-08 14:00:00,4175.297813146352,3970.2216438284404,2917.971300058057
forecast_8199,2025-12-08 15:00:00,4583.755913798212,4744.1467059777115,3218.6248422156764
forecast_8200,2025-12-08 16:00:00,5155.979436374784,6134.263219965186,4284.481949641202
forecast_8201,2025-12-08 17:00:00,7545.305585770299,8289.68726904319,6200.88100042352
forecast_8202,2025-12-08 18:00:00,10546.489091652247,10966.304525516745,8430.900045873059
forecast_8203,2025-12-08 19:00:00,12594.327682328068,13420.035629357328,10541.468575883406
forecast_8204,2025-12-08 20:00:00,13912.41333358391,14477.480004377092,11073.041985824033
forecast_8205,2025-12-08 21:00:00,15253.456382444603,15655.386806389793,12990.478096317842
forecast_8206,2025-12-08 22:00:00,16644.599114769702,16928.85384088468,14240.490509018196
forecast_8207,2025-12-08 23:00:00,16644.599114769702,16995.10944706613,14240.490509018196
forecast_8208,2025-12-09 00:00:00,16525.33984315838,17128.034865244037,14130.936172761601
forecast_8209,2025-12-09 01:00:00,15851.65951849375,16535.10695148392,12860.829035863877
forecast_8210,2025-12-09 02:00:00,16924.43671272602,17250.079389016442,13633.197788613179
forecast_8211,2025-12-09 03:00:00,18087.696622254207,17816.950136337153,13827.109146463332
forecast_8212,2025-12-09 04:00:00,18419.774206348568,18535.170957505943,14275.173270825499
forecast_8213,2025-12-09 05:00:00,18460.98612378329,18813.926770472448,14795.815657533163
forecast_8214,2025-12-09 06:00:00,18553.328132577342,19188.78004429221,15153.978900311979
forecast_8215,2025-12-09 07:00:00,18913.98407316321,19204.182384966145,15369.272823484416
forecast_8216,2025-12-09 08:00:00,18913.98407316321,19222.332600468122,15470.70307191374
forecast_8217,2025-12-09 09:00:00,18062.682324169462,19222.332600468122,15470.70307191374
forecast_8218,2025-12-09 10:00:00,15330.185469065122,18177.630730978104,14354.323482866885
forecast_8219,2025-12-09 11:00:00,15170.784922404717,18133.62398610117,14016.489733796547
forecast_8220,2025-12-09 12:00:00,14399.123758653026,17491.206436651082,13484.988270416401
forecast_8221,2025-12-09 13:00:00,13942.649366960839,16126.400935606129,12034.21737136344
forecast_8222,2025-12-09 14:00:00,13755.393717592653,15463.244695330122,11866.600512251043
forecast_8223,2025-12-09 15:00:00,13755.393717592653,14589.255850172076,10963.012265854813
forecast_8224,2025-12-09 16:00:00,13515.373245405292,14391.079857001963,10899.000211259634
forecast_8225,2025-12-09 17:00:00,13515.373245405292,14589.255850172076,10963.012265854813
forecast_8226,2025-12-09 18:00:00,13821.13136344834,14870.859528023471,11146.72320943867
forecast_8227,2025-12-09 19:00:00,14383.7152132271,15993.845151686062,11907.095248317173
forecast_8228,2025-12-09 20:00:00,14383.7152132271,15993.845151686062,11907.095248317173
forecast_8229,2025-12-09 21:00:00,14188.930973244875,16038.38991949408,11907.095248317173
forecast_8230,2025-12-09 22:00:00,13948.67676275795,15357.804245611622,11795.152563496966
forecast_8231,2025-12-09 23:00:00,13948.67676275795,15266.117179731094,11795.152563496966
forecast_8232,2025-12-10 00:00:00,13580.717148557676,15172.120165603576,11427.111901249857
forecast_8233,2025-12-10 01:00:00,12354.195532828116,14322.6490009064,10053.537987944434
forecast_8234,2025-12-10 02:00:00,12652.123758754255,14466.27949787464,10226.460089875061
forecast_8235,2025-12-10 03:00:00,14616.5474690255,16561.014112582277,12467.909683160986
forecast_8236,2025-12-10 04:00:00,15004.293815778401,16803.590139804888,12467.909683160986
forecast_8237,2025-12-10 05:00:00,15004.293815778401,16832.09016997335,12198.40102585405
forecast_8238,2025-12-10 06:00:00,14837.609471304093,16832.09016997335,12198.40102585405
forecast_8239,2025-12-10 07:00:00,14346.698754821224,16832.09016997335,12140.739616398147
forecast_8240,2025-12-10 08:00:00,13966.748721110469,16759.66683351718,12140.739616398147
forecast_8241,2025-12-10 09:00:00,13965.997043641068,16429.476421884974,12057.282457296318
forecast_8242,2025-12-10 10:00:00,13579.421077698496,16055.478592310032,11920.414537783829
forecast_8243,2025-12-10 11:00:00,12395.51524061096,14992.28543485801,11208.160292720611
forecast_8244,2025-12-10 12:00:00,11616.548494903162,14669.040608852001,10616.101015251941
forecast_8245,2025-12-10 13:00:00,10641.254052518718,13432.721419818334,9500.503306256302
forecast_8246,2025-12-10 14:00:00,10165.970911850427,12966.073416849471,9203.952155296958
forecast_8247,2025-12-10 15:00:00,9945.31249362436,11484.602636758274,7838.833636236991
forecast_8248,2025-12-10 16:00:00,7644.640832249466,9723.632628093666,6249.025298936813
forecast_8249,2025-12-10 17:00:00,7644.640832249466,9723.632628093666,6249.025298936813
forecast_8250,2025-12-10 18:00:00,7911.8815815701855,10129.169021470752,6572.326307225718
forecast_8251,2025-12-10 19:00:00,8822.41438305017,11681.562543151445,8184.397676128721
forecast_8252,2025-12-10 20:00:00,9010.127204878168,12091.516558608086,8299.293555763783
forecast_8253,2025-12-10 21:00:00,10974.828402546344,13543.366497119627,9496.959239090633
forecast_8254,2025-12-10 22:00:00,13571.613416420574,16430.161445470963,12678.626419895068
forecast_8255,2025-12-10 23:00:00,14253.513562721042,16652.14156544052,13685.227445563352
forecast_8256,2025-12-11 00:00:00,14529.405574397726,16660.01186131772,13764.518861495082
forecast_8257,2025-12-11 01:00:00,18423.815144789107,19426.92535102119,17133.293036583127
forecast_8258,2025-12-11 02:00:00,18558.317971193395,19491.002358050828,17259.65718801632
forecast_8259,2025-12-11 03:00:00,18558.317971193395,19509.190978509985,17788.087305464665
forecast_8260,2025-12-11 04:00:00,19855.382749690878,20144.18148038559,18526.2653275739
forecast_8261,2025-12-11 05:00:00,19855.382749690878,20144.18148038559,18526.2653275739
forecast_8262,2025-12-11 06:00:00,19610.76073693232,20122.831346342842,18526.2653275739
forecast_8263,2025-12-11 07:00:00,19208.2873112594,20038.598116584075,18441.924896518107
forecast_8264,2025-12-11 08:00:00,18329.243069614735,18724.401554004067,17246.60655879226
forecast_8265,2025-12-11 09:00:00,18329.243069614735,18724.401554004067,17246.60655879226
forecast_8266,2025-12-11 10:00:00,18329.243069614735,18724.401554004067,17198.819265573053
forecast_8267,2025-12-11 11:00:00,16443.393154778776,17839.077071311163,15653.267767479487
forecast_8268,2025-12-11 12:00:00,15515.69309018305,17339.973272058625,14955.013336077991
forecast_8269,2025-12-11 13:00:00,13548.437947198121,15744.00619497739,12494.728407697728
forecast_8270,2025-12-11 14:00:00,13096.138344921712,13470.967073836468,10490.954202409304
forecast_8271,2025-12-11 15:00:00,13096.138344921712,13406.944425572534,10431.956391425523
forecast_8272,2025-12-11 16:00:00,13025.335119805692,13406.944425572534,10431.956391425523
forecast_8273,2025-12-11 17:00:00,13025.335119805692,14384.747917950492,10851.971947576912
forecast_8274,2025-12-11 18:00:00,12724.582937457719,14384.747917950492,10851.971947576912
forecast_8275,2025-12-11 19:00:00,11735.436026939999,12617.782731811338,10031.635205246625
forecast_8276,2025-12-11 20:00:00,10035.331759411714,11101.656173869738,8195.991372052598
forecast_8277,2025-12-11 21:00:00,4683.288943072385,5925.130396058746,3820.0518332757547
forecast_8278,2025-12-11 22:00:00,3958.283633245536,4396.518720688098,3038.205777025995
forecast_8279,2025-12-11 23:00:00,3958.283633245536,4396.518720688098,3038.205777025995
forecast_8280,2025-12-12 00:00:00,4049.6012653730745,4476.298892699674,3343.2033297757507
forecast_8281,2025-12-12 01:00:00,2911.732238797782,3458.50276174387,2674.6257822288644
forecast_8282,2025-12-12 02:00:00,2671.912359183889,3083.151482036125,2439.031666496695
forecast_8283,2025-12-12 03:00:00,2602.60724726008,2656.801877425789,2242.456203402279
forecast_8284,2025-12-12 04:00:00,2597.103278253733,2656.801877425789,2186.0367722630394
forecast_8285,2025-12-12 05:00:00,2479.0055181755697,2690.227808138571,2126.8462052689224
forecast_8286,2025-12-12 06:00:00,2479.0055181755697,2690.227808138571,2186.0367722630394
forecast_8287,2025-12-12 07:00:00,2479.0055181755697,2548.737720104389,2324.4852958099887
forecast_8288,2025-12-12 08:00:00,2532.294173639285,2501.4737389081165,2357.650462971854
forecast_8289,2025-12-12 09:00:00,2540.541988980115,2501.4737389081165,2357.650462971854
forecast_8290,2025-12-12 10:00:00,2532.294173639285,2421.6612044859276,2334.247015354498
forecast_8291,2025-12-12 11:00:00,2540.541988980115,2421.6612044859276,2266.1078257877843
forecast_8292,2025-12-12 12:00:00,2649.5692431682064,2489.8558963707383,2334.247015354498
forecast_8293,2025-12-12 13:00:00,2675.096459082988,2489.8558963707383,2233.650048592252
forecast_8294,2025-12-12 14:00:00,2677.9714519394656,2423.707871243989,2250.521711370227
forecast_8295,2025-12-12 15:00:00,2677.9714519394656,2423.707871243989,2250.521711370227
forecast_8296,2025-12-12 16:00:00,2897.9528896977154,2441.449779153216,2286.993932978764
forecast_8297,2025-12-12 17:00:00,2897.9528896977154,2475.110291457081,2286.993932978764
forecast_8298,2025-12-12 18:00:00,2793.5279785872244,2482.9935687719994,2214.330822855514
forecast_8299,2025-12-12 19:00:00,2793.5279785872244,2643.386663167109,2214.330822855514
forecast_8300,2025-12-12 20:00:00,3252.6384262116917,2669.5409365971564,2233.768522131527
forecast_8301,2025-12-12 21:00:00,3563.5300026117557,3202.7993459043155,2364.815609858059
forecast_8302,2025-12-12 22:00:00,3846.2409589721624,3833.56006523549,2925.589905077585
forecast_8303,2025-12-12 23:00:00,3937.5091574791604,4511.677313199687,3020.82869565103
forecast_8304,2025-12-13 00:00:00,3958.366778698249,4569.3220850766065,3056.7338488976507
forecast_8305,2025-12-13 01:00:00,4428.819263201338,5190.636429893912,3766.503072241524
forecast_8306,2025-12-13 02:00:00,4481.8602336560925,5353.3842139994085,3707.8667643340978
forecast_8307,2025-12-13 03:00:00,4640.124745405889,5434.4310444299945,3369.1249072625187
forecast_8308,2025-12-13 04:00:00,4730.9334582119245,5774.713506606635,3304.568021269736
forecast_8309,2025-12-13 05:00:00,4856.224548111301,6096.4617542795895,3357.942634757189
forecast_8310,2025-12-13 06:00:00,4856.224548111301,6362.943603821011,3357.942634757189
forecast_8311,2025-12-13 07:00:00,5365.143971343556,6362.943603821011,3582.9961370058095
forecast_8312,2025-12-13 08:00:00,5365.143971343556,6340.641363081831,3582.9961370058095
forecast_8313,2025-12-13 09:00:00,4860.739307965202,5487.853551650882,3371.851407434901
forecast_8314,2025-12-13 10:00:00,3823.3347368469053,3728.006874563201,2693.520584036259
forecast_8315,2025-12-13 11:00:00,3160.963817374757,3169.891079525526,2275.9075424478656
forecast_8316,2025-12-13 12:00:00,2918.534371841257,3105.6627486520983,2100.9504846534683
forecast_8317,2025-12-13 13:00:00,2913.777127950304,2900.3777622905236,2033.8460864847543
forecast_8318,2025-12-13 14:00:00,2913.777127950304,2900.3777622905236,2033.8460864847543
forecast_8319,2025-12-13 15:00:00,3044.3348722979126,3106.536277708445,2477.2434508042256
forecast_8320,2025-12-13 16:00:00,3095.865521318283,3312.5792665485174,2556.2201601789166
forecast_8321,2025-12-13 17:00:00,3557.559592341462,3664.213802131272,2936.699389540498
forecast_8322,2025-12-13 18:00:00,4125.382285217593,5328.30712408184,4138.083235077638
forecast_8323,2025-12-13 19:00:00,4454.385748420727,5858.354433133255,4323.7592173898365
forecast_8324,2025-12-13 20:00:00,4698.428367921157,5858.354433133255,4323.7592173898365
forecast_8325,2025-12-13 21:00:00,4721.635019580209,6344.832658239188,4463.059980903474
forecast_8326,2025-12-13 22:00:00,6695.285702792363,8300.136544028559,6473.171602825967
forecast_8327,2025-12-13 23:00:00,8320.75983191375,11541.381077730879,8435.673435878796
forecast_8328,2025-12-14 00:00:00,9265.17749854668,11928.278112212982,8625.441458757621
forecast_8329,2025-12-14 01:00:00,14691.67211951021,16231.295134554175,13455.452493336736
forecast_8330,2025-12-14 02:00:00,14704.409240766412,16335.342553526678,13447.927978539832
forecast_8331,2025-12-14 03:00:00,14979.771251941644,16980.21307067242,13447.927978539832
forecast_8332,2025-12-14 04:00:00,15504.710888091671,17403.90025026477,13798.916684608128
forecast_8333,2025-12-14 05:00:00,15817.433456481951,17403.90025026477,13958.111201565136
forecast_8334,2025-12-14 06:00:00,15930.959638937591,17671.97528537785,14209.248016508887
forecast_8335,2025-12-14 07:00:00,16193.978678277586,18050.10932606559,14729.355917586134
forecast_8336,2025-12-14 08:00:00,16271.486306963525,18482.387821578683,14729.355917586134
forecast_8337,2025-12-14 09:00:00,16271.486306963525,18482.387821578683,14726.738931042339
forecast_8338,2025-12-14 10:00:00,15884.221709110801,17079.44279557127,13957.14174828962
forecast_8339,2025-12-14 11:00:00,14998.538322264085,16441.070905717716,12925.148265333888
forecast_8340,2025-12-14 12:00:00,14641.350663546102,16158.061077835051,12849.63507931618
forecast_8341,2025-12-14 13:00:00,13531.355708737503,14808.347772599514,11683.818882507217
forecast_8342,2025-12-14 14:00:00,13234.69224423198,12880.105241133195,10487.39589512194
forecast_8343,2025-12-14 15:00:00,12502.056808727286,12703.730875156432,10287.655245873933
forecast_8344,2025-12-14 16:00:00,12502.056808727286,12703.730875156432,10287.655245873933
forecast_8345,2025-12-14 17:00:00,13355.740563421254,14448.385125781659,11747.846800373865
forecast_8346,2025-12-14 18:00:00,13670.424440825256,15871.931835433305,12208.299428665014
forecast_8347,2025-12-14 19:00:00,14668.12316517382,16940.656827077997,13154.215643214015
forecast_8348,2025-12-14 20:00:00,15304.653502524056,17110.319099040313,14033.615000827898
forecast_8349,2025-12-14 21:00:00,15741.350250817497,17827.477458353933,14539.143300096253
forecast_8350,2025-12-14 22:00:00,15893.052259302814,17921.347552214254,14561.441458949017
forecast_8351,2025-12-14 23:00:00,16437.50514184279,17958.632329933316,14703.489697997393
forecast_8352,2025-12-15 00:00:00,16669.118074988794,18313.963186573023,14962.089140823411
forecast_8353,2025-12-15 01:00:00,17991.009050681136,19220.538281596037,15741.49917302833
forecast_8354,2025-12-15 02:00:00,18798.491140384915,19748.010284208707,16331.923886140938
forecast_8355,2025-12-15 03:00:00,18798.491140384915,19950.37358037352,16429.04429925334
forecast_8356,2025-12-15 04:00:00,18947.055906879952,19950.37358037352,16429.04429925334
forecast_8357,2025-12-15 05:00:00,18947.055906879952,19669.094178213312,15768.907749467358
forecast_8358,2025-12-15 06:00:00,19113.721663018652,19421.29019006797,15616.331279192376
forecast_8359,2025-12-15 07:00:00,19391.216639014354,19244.085492740753,15603.66057439108
forecast_8360,2025-12-15 08:00:00,19391.216639014354,19244.085492740753,15182.51312588624
forecast_8361,2025-12-15 09:00:00,17265.63979626739,18233.96305340967,13594.632083291614
forecast_8362,2025-12-15 10:00:00,16772.357885437166,17041.515965986247,13289.198148194024
forecast_8363,2025-12-15 11:00:00,16084.357783381523,16652.764716903588,12956.214219381836
forecast_8364,2025-12-15 12:00:00,13513.630995530417,15336.232058699454,11989.163549210725
forecast_8365,2025-12-15 13:00:00,13513.630995530417,14910.33488568313,11700.426744228202
forecast_8366,2025-12-15 14:00:00,14312.13020457929,14910.33488568313,11700.426744228202
forecast_8367,2025-12-15 15:00:00,14975.346123801704,16247.272366369825,12957.268836720843
forecast_8368,2025-12-15 16:00:00,15474.270891721362,16587.410277153613,13421.554686457275
forecast_8369,2025-12-15 17:00:00,18927.04175614967,18683.428364837524,15696.450108901798
forecast_8370,2025-12-15 18:00:00,19915.9671046711,20056.0656269604,17444.11933197389
forecast_8371,2025-12-15 19:00:00,20300.336330392685,20370.26606249861,17542.832751027367
forecast_8372,2025-12-15 20:00:00,20300.336330392685,20370.26606249861,17574.330148777848
forecast_8373,2025-12-15 21:00:00,20259.8985301973,20043.24489643859,17542.832751027367
forecast_8374,2025-12-15 22:00:00,20241.977023233245,19851.114028381962,17413.204955064786
forecast_8375,2025-12-15 23:00:00,19707.373498845824,19314.27607016012,16463.209814750175
forecast_8376,2025-12-16 00:00:00,19229.434619576044,18997.824039660198,15991.468784063909
forecast_8377,2025-12-16 01:00:00,17593.057077665348,18405.738017682437,14711.075183881178
forecast_8378,2025-12-16 02:00:00,17219.98498655581,18169.353760702008,14181.092257092412
forecast_8379,2025-12-16 03:00:00,16687.708102820463,17792.03783202196,13627.948151986162
forecast_8380,2025-12-16 04:00:00,14603.038599647427,17176.565484848637,12171.010002936755
forecast_8381,2025-12-16 05:00:00,13877.737207547676,15701.741602007853,11772.41535211537
forecast_8382,2025-12-16 06:00:00,13020.585791650949,14278.496571505371,10206.137645576297
forecast_8383,2025-12-16 07:00:00,12723.628403193805,13406.162634774815,9791.930694105555
forecast_8384,2025-12-16 08:00:00,12176.410158877501,13084.347924609172,9749.91363140323
forecast_8385,2025-12-16 09:00:00,11825.35882092803,12402.607558841246,9502.636288290447
forecast_8386,2025-12-16 10:00:00,10428.546088064713,11403.033169358305,8927.801469308237
forecast_8387,2025-12-16 11:00:00,10225.65779843173,11372.84366064169,8334.8779147299
forecast_8388,2025-12-16 12:00:00,10428.546088064713,11299.210704565932,8927.801469308237
forecast_8389,2025-12-16 13:00:00,10694.863449280325,10840.836344260199,8819.295043915683
forecast_8390,2025-12-16 14:00:00,10694.863449280325,10840.836344260199,8819.295043915683
forecast_8391,2025-12-16 15:00:00,10096.044151559403,10309.147501299438,8009.832287115444
forecast_8392,2025-12-16 16:00:00,9821.848668814511,10007.525291900121,7875.020752050266
forecast_8393,2025-12-16 17:00:00,8931.141047375402,9601.873660211173,7492.197020578408
forecast_8394,2025-12-16 18:00:00,8270.148229437751,9601.873660211173,7480.713245567074
forecast_8395,2025-12-16 19:00:00,8270.148229437751,9682.48271003566,7480.713245567074
forecast_8396,2025-12-16 20:00:00,8117.649571926175,9737.125619613618,7202.315062450068
forecast_8397,2025-12-16 21:00:00,8117.649571926175,9737.125619613618,7098.647165567669
forecast_8398,2025-12-16 22:00:00,7134.745478839044,9726.152960879625,7054.674830230223
forecast_8399,2025-12-16 23:00:00,6770.098677269104,9509.269857578904,6965.349535091465
forecast_8400,2025-12-17 00:00:00,6689.229692441663,9534.108950620204,6758.896521866018
forecast_8401,2025-12-17 01:00:00,8143.75485050752,10204.814573149446,7926.043713820889
forecast_8402,2025-12-17 02:00:00,8164.697586932967,10226.970703484363,7919.331195102299
forecast_8403,2025-12-17 03:00:00,8164.697586932967,10030.827421966362,7919.331195102299
forecast_8404,2025-12-17 04:00:00,6905.818535220313,9176.528676887152,6937.343092954577
forecast_8405,2025-12-17 05:00:00,6905.818535220313,9077.023310063785,6302.2767237871085
forecast_8406,2025-12-17 06:00:00,6761.7447585778145,8931.1563012954,6019.483114792496
forecast_8407,2025-12-17 07:00:00,6336.19739071498,8780.427915105365,5618.904182828227
forecast_8408,2025-12-17 08:00:00,6295.236384995229,8601.221495261518,5351.105277046821
forecast_8409,2025-12-17 09:00:00,5786.840991351921,7869.899152020249,5032.622488742163
forecast_8410,2025-12-17 10:00:00,5688.957270206628,6545.567095511961,4153.9248466701765
forecast_8411,2025-12-17 11:00:00,5688.957270206628,6114.536139511138,3963.248905922825
forecast_8412,2025-12-17 12:00:00,5747.656212736938,5910.291023032115,3940.540825612221
forecast_8413,2025-12-17 13:00:00,5747.656212736938,5374.720955390829,3504.1442276552852
forecast_8414,2025-12-17 14:00:00,5001.742634554973,4086.6109857039196,2979.642793040271
forecast_8415,2025-12-17 15:00:00,4068.4452138601137,3512.0097670972164,2581.472176210019
forecast_8416,2025-12-17 16:00:00,4068.4452138601137,3512.0097670972164,2581.472176210019
forecast_8417,2025-12-17 17:00:00,4394.742953823709,4149.697023064189,3379.566089231018
forecast_8418,2025-12-17 18:00:00,4717.088182466152,4480.816865293426,3634.7765431030703
forecast_8419,2025-12-17 19:00:00,5502.191945470631,5967.079584265433,4592.1890460229915
forecast_8420,2025-12-17 20:00:00,6600.745760639764,6399.8102328236255,4661.26037328526
forecast_8421,2025-12-17 21:00:00,7196.829097079002,7348.8688624574315,5246.5778186793705
forecast_8422,2025-12-17 22:00:00,8436.104208525461,8757.18581519838,6202.466410223951
forecast_8423,2025-12-17 23:00:00,9381.686128738662,9053.542276808996,7545.571967460136
forecast_8424,2025-12-18 00:00:00,9736.646890503642,9871.232058771466,7870.252500112367
forecast_8425,2025-12-18 01:00:00,13584.314910553763,14868.13728166084,11318.916486811231
forecast_8426,2025-12-18 02:00:00,13551.798722590891,14984.032148175545,11174.244347096212
forecast_8427,2025-12-18 03:00:00,13551.798722590891,15269.494285838538,11272.14739753104
forecast_8428,2025-12-18 04:00:00,13772.32519337709,15430.178123344118,10999.00766219253
forecast_8429,2025-12-18 05:00:00,13772.32519337709,15430.178123344118,10826.50685968193
forecast_8430,2025-12-18 06:00:00,13772.32519337709,15103.850195478593,10793.748086477273
forecast_8431,2025-12-18 07:00:00,13683.046717761767,14130.01647214562,10676.118458976069
forecast_8432,2025-12-18 08:00:00,12744.271243845511,12746.121580397681,9369.124013883584
forecast_8433,2025-12-18 09:00:00,10132.8486467856,10587.579860232645,7576.77775404378
forecast_8434,2025-12-18 10:00:00,8418.14592442287,8527.76494354794,6019.799683427966
forecast_8435,2025-12-18 11:00:00,6701.167579772461,7867.990638206793,5129.37708383254
forecast_8436,2025-12-18 12:00:00,5261.316973807748,6303.968437448275,4468.225323513072
forecast_8437,2025-12-18 13:00:00,5001.764289134532,6118.731592731397,4378.902152582403
forecast_8438,2025-12-18 14:00:00,5001.764289134532,6017.014236428883,4378.902152582403
forecast_8439,2025-12-18 15:00:00,5139.585372666895,6017.014236428883,4403.587687347674
forecast_8440,2025-12-18 16:00:00,5315.663718726869,6400.700359009927,4553.957621946454
forecast_8441,2025-12-18 17:00:00,6049.521220167564,7031.087916690371,4913.1006973390095
forecast_8442,2025-12-18 18:00:00,7309.459212694104,8161.282517598992,5934.996775284086
forecast_8443,2025-12-18 19:00:00,8302.65381261397,8880.716760011477,6336.642917476879
forecast_8444,2025-12-18 20:00:00,9770.763209903369,9592.14328602673,6942.850998958957
forecast_8445,2025-12-18 21:00:00,10012.846921184633,10377.528689535453,7009.22860611966
forecast_8446,2025-12-18 22:00:00,10288.548436159028,12036.389613105295,8225.88599129084
forecast_8447,2025-12-18 23:00:00,11547.02591788931,13747.912181183896,9586.91817471667
forecast_8448,2025-12-19 00:00:00,12070.610920047346,13991.249299656989,9601.601356310342
forecast_8449,2025-12-19 01:00:00,15349.831458097735,17134.949425342827,13689.606002370485
forecast_8450,2025-12-19 02:00:00,15602.101311200748,17224.806537002958,13719.680979397794
forecast_8451,2025-12-19 03:00:00,16085.247190825918,17234.96598526772,13981.612950529638
forecast_8452,2025-12-19 04:00:00,16085.247190825918,17234.96598526772,13981.612950529638
forecast_8453,2025-12-19 05:00:00,15876.337642514223,16997.87353613414,13728.395410074383
forecast_8454,2025-12-19 06:00:00,15661.280902005707,16997.87353613414,13728.395410074383
forecast_8455,2025-12-19 07:00:00,15876.337642514223,17705.910783718813,14528.26218538388
forecast_8456,2025-12-19 08:00:00,16139.938368424797,17713.92305539862,14767.168090976968
forecast_8457,2025-12-19 09:00:00,17273.031742920506,17757.889720363004,15410.075655299184
forecast_8458,2025-12-19 10:00:00,18585.175981200857,18266.390579866013,15940.282008761038
forecast_8459,2025-12-19 11:00:00,19215.18213987736,18648.533445137287,16972.31097045973
forecast_8460,2025-12-19 12:00:00,19215.18213987736,18917.602965028986,16988.286262961075
forecast_8461,2025-12-19 13:00:00,18459.899176346968,18962.471490223485,17019.93626183966
forecast_8462,2025-12-19 14:00:00,18423.41923644647,18962.471490223485,17019.93626183966
forecast_8463,2025-12-19 15:00:00,18423.41923644647,18962.471490223485,17028.847432598443
forecast_8464,2025-12-19 16:00:00,18423.41923644647,18783.81106761184,17028.847432598443
forecast_8465,2025-12-19 17:00:00,17756.79643948552,18643.348620313493,16491.793493560523
forecast_8466,2025-12-19 18:00:00,17097.187185549075,18362.005534846798,16118.51496821934
forecast_8467,2025-12-19 19:00:00,16973.116957661143,18487.036086649226,16054.306742244135
forecast_8468,2025-12-19 20:00:00,17097.187185549075,18487.036086649226,16054.306742244135
forecast_8469,2025-12-19 21:00:00,17961.915394007992,18936.07952181866,16540.576061640462
forecast_8470,2025-12-19 22:00:00,17961.915394007992,18936.07952181866,16540.576061640462
forecast_8471,2025-12-19 23:00:00,17779.250868582763,18896.699236666456,16532.27315117044
forecast_8472,2025-12-20 00:00:00,16761.426574685258,18678.404857619997,15942.30248470736
forecast_8473,2025-12-20 01:00:00,14040.634412604153,16684.944968706448,12777.342692781265
forecast_8474,2025-12-20 02:00:00,13704.436967701651,16568.418256607918,12758.388934982806
forecast_8475,2025-12-20 03:00:00,13704.436967701651,16801.471680804978,12758.388934982806
forecast_8476,2025-12-20 04:00:00,13832.47155497018,16660.498677655753,12977.425280933585
forecast_8477,2025-12-20 05:00:00,13832.47155497018,16770.125087876535,12978.571105587102
forecast_8478,2025-12-20 06:00:00,13815.18070613452,16660.498677655753,13135.882900090328
forecast_8479,2025-12-20 07:00:00,13815.18070613452,16576.58038397847,13185.336520145098
forecast_8480,2025-12-20 08:00:00,14259.823881129281,16576.58038397847,13627.601182865488
forecast_8481,2025-12-20 09:00:00,14259.823881129281,16646.063436185148,13842.128291083367
forecast_8482,2025-12-20 10:00:00,14046.91201542735,16646.063436185148,13908.84700480209
forecast_8483,2025-12-20 11:00:00,14046.91201542735,17000.7369920347,14026.057206465748
forecast_8484,2025-12-20 12:00:00,14627.452526303365,17476.259367790255,15121.038533027206
forecast_8485,2025-12-20 13:00:00,14627.452526303365,17476.259367790255,15121.038533027206
forecast_8486,2025-12-20 14:00:00,14140.53764734574,16960.15412211706,14342.919914724562
forecast_8487,2025-12-20 15:00:00,12992.635260008998,15301.505761555156,13012.505194621664
forecast_8488,2025-12-20 16:00:00,12684.34225464995,14618.225650914088,12408.6880158167
forecast_8489,2025-12-20 17:00:00,12260.915742095247,14359.6293609333,11756.742538119492
forecast_8490,2025-12-20 18:00:00,11829.162410919029,13315.025451047091,10982.49130620226
forecast_8491,2025-12-20 19:00:00,11205.609443530484,13014.202459536602,10978.715181449606
forecast_8492,2025-12-20 20:00:00,11071.872667566171,12994.754674917693,10375.265700825654
forecast_8493,2025-12-20 21:00:00,11205.609443530484,12994.754674917693,10375.265700825654
forecast_8494,2025-12-20 22:00:00,12619.061606773326,13021.756875030176,10678.974029953539
forecast_8495,2025-12-20 23:00:00,13679.206292966683,14574.843307557141,12268.480627024019
forecast_8496,2025-12-21 00:00:00,14659.245873560061,15618.861036597316,13051.044492341076
forecast_8497,2025-12-21 01:00:00,19999.95768962518,19365.546124961955,17303.561435616975
forecast_8498,2025-12-21 02:00:00,19962.589865801703,19391.717155485956,17229.222834953005
forecast_8499,2025-12-21 03:00:00,19695.603302851145,19420.26201688702,17162.652943608467
forecast_8500,2025-12-21 04:00:00,19130.151745917312,19420.26201688702,16677.53083231236
forecast_8501,2025-12-21 05:00:00,18760.14204935175,19095.79974944881,16005.034267634595
forecast_8502,2025-12-21 06:00:00,18167.034994477806,18894.926325506756,15436.67974315366
forecast_8503,2025-12-21 07:00:00,17675.304426824143,18639.48634680422,14646.773624822767
forecast_8504,2025-12-21 08:00:00,16995.810833454336,17526.318993035267,13809.721722202454
forecast_8505,2025-12-21 09:00:00,15234.556317580205,16754.712244771166,12963.619647627842
forecast_8506,2025-12-21 10:00:00,14366.065321725726,15977.744265131569,12219.850619293893
forecast_8507,2025-12-21 11:00:00,13182.23564340372,15139.014118720705,11222.868614729083
forecast_8508,2025-12-21 12:00:00,12051.360477524162,13515.863551588245,9552.269878333234
forecast_8509,2025-12-21 13:00:00,9770.992751365968,12253.896635530295,7959.830150263838
forecast_8510,2025-12-21 14:00:00,8378.962380608878,9444.881349139401,5833.16081217642
forecast_8511,2025-12-21 15:00:00,5487.185179399876,5720.647219178531,3330.9210322282097
forecast_8512,2025-12-21 16:00:00,4912.008886526774,4936.904739933947,3026.9651792782447
forecast_8513,2025-12-21 17:00:00,4912.008886526774,4910.23538904063,3026.9651792782447
forecast_8514,2025-12-21 18:00:00,4912.008886526774,4771.000200511813,3209.102163456146
forecast_8515,2025-12-21 19:00:00,4919.233872810646,4571.264078686848,3405.2427017954906
forecast_8516,2025-12-21 20:00:00,4836.751050438663,4353.899088702548,3209.102163456146
forecast_8517,2025-12-21 21:00:00,4733.692214846103,3907.798527244749,3405.2427017954906
forecast_8518,2025-12-21 22:00:00,4609.98216978215,3581.5368173243332,3312.42845579568
forecast_8519,2025-12-21 23:00:00,4324.5569313958,3446.6710538570746,3312.42845579568
forecast_8520,2025-12-22 00:00:00,4105.416033527215,3288.9937427327677,3133.6382987512907
forecast_8521,2025-12-22 01:00:00,4111.933465973132,3107.048517873135,2882.4182317768073
forecast_8522,2025-12-22 02:00:00,3918.8396584080097,2767.6218480017233,2704.9669423827945
forecast_8523,2025-12-22 03:00:00,3190.919421609874,2668.6897735401812,2410.0109519816206
forecast_8524,2025-12-22 04:00:00,3132.985657256153,2513.0222643266393,2286.318625268998
forecast_8525,2025-12-22 05:00:00,2537.1614935050184,2367.6438971733796,2028.2536813876004
forecast_8526,2025-12-22 06:00:00,2537.1614935050184,2229.8492982307416,1889.4240842459471
forecast_8527,2025-12-22 07:00:00,2568.0659582441112,2229.8492982307416,1889.4240842459471
forecast_8528,2025-12-22 08:00:00,2671.6875696511697,2229.8492982307416,1980.3971570828273
forecast_8529,2025-12-22 09:00:00,2939.208575739657,2312.075747545826,1980.3971570828273
forecast_8530,2025-12-22 10:00:00,2939.208575739657,2477.747824263459,2030.786265442635
forecast_8531,2025-12-22 11:00:00,2865.2866764185856,2761.5386507696503,2030.786265442635
forecast_8532,2025-12-22 12:00:00,2865.2866764185856,2761.5386507696503,2030.786265442635
forecast_8533,2025-12-22 13:00:00,2892.4448989989232,2741.6454816876326,1908.1277911926284
forecast_8534,2025-12-22 14:00:00,2892.4448989989232,2741.6454816876326,1908.1277911926284
forecast_8535,2025-12-22 15:00:00,2820.984498736466,2736.160078065981,1908.1277911926284
forecast_8536,2025-12-22 16:00:00,2820.984498736466,2834.90587484254,2093.452226403914
forecast_8537,2025-12-22 17:00:00,3037.466156843062,3013.66198386378,2174.757166312125
forecast_8538,2025-12-22 18:00:00,3487.7099669741574,3323.295639948339,2465.979523477511
forecast_8539,2025-12-22 19:00:00,3709.4380460963303,3341.1148728311637,2672.5403905192197
forecast_8540,2025-12-22 20:00:00,3947.6022547231883,4126.820747684658,2982.7412899721016
forecast_8541,2025-12-22 21:00:00,4080.4553210884665,4188.048283680686,3051.077743825307
forecast_8542,2025-12-22 22:00:00,4446.382676701208,4189.649270038914,3451.4508972292065
forecast_8543,2025-12-22 23:00:00,4507.5693266229655,4498.336011339285,3451.4508972292065
forecast_8544,2025-12-23 00:00:00,4476.976001662087,4529.40458503481,3446.0902853607213
forecast_8545,2025-12-23 01:00:00,5818.014178219875,6316.939850988869,4159.447380194208
forecast_8546,2025-12-23 02:00:00,5806.356112867176,6390.6864786162005,4190.017591658741
forecast_8547,2025-12-23 03:00:00,5806.356112867176,6390.6864786162005,4190.017591658741
forecast_8548,2025-12-23 04:00:00,5806.356112867176,6189.789943563939,3969.130430916706
forecast_8549,2025-12-23 05:00:00,5335.317843518835,6180.49321958277,3861.9198552291064
forecast_8550,2025-12-23 06:00:00,5271.617825967205,5804.9303411335,3631.0106525479805
forecast_8551,2025-12-23 07:00:00,5195.884281538456,5740.97844933926,3528.390891567422
forecast_8552,2025-12-23 08:00:00,4817.274428860687,5475.571239785211,3528.390891567422
forecast_8553,2025-12-23 09:00:00,4817.274428860687,5475.571239785211,3804.8118095982236
forecast_8554,2025-12-23 10:00:00,5162.1729182409745,6864.470707177076,4469.317025103961
forecast_8555,2025-12-23 11:00:00,6070.235312939528,8833.867982341166,5502.251235288577
forecast_8556,2025-12-23 12:00:00,6070.235312939528,8939.451119986248,5551.522876956526
forecast_8557,2025-12-23 13:00:00,5609.34718553952,8833.867982341166,5502.251235288577
forecast_8558,2025-12-23 14:00:00,5208.9177119936785,7194.2279446327375,4418.084515921451
forecast_8559,2025-12-23 15:00:00,5208.9177119936785,7194.2279446327375,4418.084515921451
forecast_8560,2025-12-23 16:00:00,5812.296144313955,8109.715021813066,4953.347560630549
forecast_8561,2025-12-23 17:00:00,7271.6916578025375,9436.460832318702,6314.508931016081
forecast_8562,2025-12-23 18:00:00,7757.3240555647535,10656.980938302837,6844.734767656773
forecast_8563,2025-12-23 19:00:00,8236.682635736934,11277.863900501645,7813.855233366543
forecast_8564,2025-12-23 20:00:00,8747.152250543244,11905.994126896945,8261.838846097122
forecast_8565,2025-12-23 21:00:00,8903.721468218306,12393.122039928196,8487.864232883501
forecast_8566,2025-12-23 22:00:00,9670.687921900007,11905.994126896945,8734.536536890679
forecast_8567,2025-12-23 23:00:00,9670.687921900007,11886.506063273766,8734.536536890679
forecast_8568,2025-12-24 00:00:00,9532.11425203646,11686.557046953978,8571.554561758967
forecast_8569,2025-12-24 01:00:00,6017.652164662291,8466.735270567726,5826.634890515636
forecast_8570,2025-12-24 02:00:00,5633.180751223471,7878.869224930954,5443.8759441266475
forecast_8571,2025-12-24 03:00:00,5177.32969781987,6775.432941741926,4697.020494626261
forecast_8572,2025-12-24 04:00:00,5177.32969781987,6047.822902783513,4209.692127141205
forecast_8573,2025-12-24 05:00:00,5177.32969781987,5758.764884677501,3980.055846060466
forecast_8574,2025-12-24 06:00:00,4093.2798612546094,3937.6081260904602,3159.055730430315
forecast_8575,2025-12-24 07:00:00,4071.79977477031,3883.03675796139,2920.260677053707
forecast_8576,2025-12-24 08:00:00,3625.9034401350264,3468.4012108638562,2649.200649503193
forecast_8577,2025-12-24 09:00:00,3085.118773283166,3083.0373478916595,2422.1467329498855
forecast_8578,2025-12-24 10:00:00,2782.4124041621917,2869.6879202214245,2136.514821758707
forecast_8579,2025-12-24 11:00:00,2748.469589452783,2670.3386808663768,2136.514821758707
forecast_8580,2025-12-24 12:00:00,2628.265553037536,2669.5485979859354,2101.7828433496197
forecast_8581,2025-12-24 13:00:00,2608.1599095165793,2587.695714068075,1981.7513714375173
forecast_8582,2025-12-24 14:00:00,2608.1599095165793,2587.695714068075,1981.7513714375173
forecast_8583,2025-12-24 15:00:00,2732.449485296288,2671.668657669784,2069.2920884579707
forecast_8584,2025-12-24 16:00:00,2732.449485296288,2671.668657669784,2069.2920884579707
forecast_8585,2025-12-24 17:00:00,2535.8955699068574,2203.2321971130946,1923.583180519126
forecast_8586,2025-12-24 18:00:00,2535.8955699068574,2203.2321971130946,1923.583180519126
forecast_8587,2025-12-24 19:00:00,2677.913827547568,2241.7721287205623,2001.779615371817
forecast_8588,2025-12-24 20:00:00,2831.2034438263436,2338.6864141073675,2172.3951330010477
forecast_8589,2025-12-24 21:00:00,2990.35316819538,2808.3763260390906,2564.6139718866134
forecast_8590,2025-12-24 22:00:00,3806.9662401199766,3383.554769534845,3388.512755631389
forecast_8591,2025-12-24 23:00:00,3948.4655145293573,3745.994509888182,3476.7003104937107
forecast_8592,2025-12-25 00:00:00,4077.9426305690477,3982.9974875032813,3493.034443751304
forecast_8593,2025-12-25 01:00:00,4573.953289301823,4775.694027722635,3475.273293926056
forecast_8594,2025-12-25 02:00:00,5059.132075352596,5407.697998725814,3842.4796967804496
forecast_8595,2025-12-25 03:00:00,5450.343176420559,6221.587980368921,4475.528507440106
forecast_8596,2025-12-25 04:00:00,7404.326898787433,8363.160486294833,6092.1479236073665
forecast_8597,2025-12-25 05:00:00,8474.47439432071,9363.14796026979,6521.491145889182
forecast_8598,2025-12-25 06:00:00,10320.25205300592,10806.828145028467,8563.098645868085
forecast_8599,2025-12-25 07:00:00,11575.737988007953,12583.21158292031,9428.82259164699
forecast_8600,2025-12-25 08:00:00,13243.474662215625,15508.779820502934,11673.269186217673
forecast_8601,2025-12-25 09:00:00,14638.421078445344,16263.454125005052,12981.00938282047
forecast_8602,2025-12-25 10:00:00,14779.530292813848,16273.255957485217,12981.00938282047
forecast_8603,2025-12-25 11:00:00,14858.007884688144,16263.454125005052,11831.949988401742
forecast_8604,2025-12-25 12:00:00,14858.007884688144,15480.920248998367,11694.564753205057
forecast_8605,2025-12-25 13:00:00,15207.185902484829,15176.745612406039,11632.602391002272
forecast_8606,2025-12-25 14:00:00,15390.605591389693,15331.692437901975,11694.564753205057
forecast_8607,2025-12-25 15:00:00,15868.875467772916,15210.607947840132,12150.489891245226
forecast_8608,2025-12-25 16:00:00,15868.875467772916,15331.692437901975,12615.34634307756
forecast_8609,2025-12-25 17:00:00,15731.499145807333,15636.489944210436,13029.973248542658
forecast_8610,2025-12-25 18:00:00,15731.499145807333,15958.098581736269,13435.94210518128
forecast_8611,2025-12-25 19:00:00,15592.56866972796,16282.701354728595,13459.689811430719
forecast_8612,2025-12-25 20:00:00,15592.56866972796,16935.200692668317,14130.694223450153
forecast_8613,2025-12-25 21:00:00,15544.08031736538,16935.200692668317,14130.694223450153
forecast_8614,2025-12-25 22:00:00,15544.08031736538,16993.53726356674,14130.694223450153
forecast_8615,2025-12-25 23:00:00,15963.563108487628,17346.10807328698,14509.360317119355
forecast_8616,2025-12-26 00:00:00,16578.12359267116,17948.635786259467,15153.844912934976
forecast_8617,2025-12-26 01:00:00,17030.92869656674,18006.877662396357,14855.061037486765
forecast_8618,2025-12-26 02:00:00,16806.622025679277,17601.792898286727,14599.876280477838
forecast_8619,2025-12-26 03:00:00,16064.960011056774,17601.792898286727,14233.187495858976
forecast_8620,2025-12-26 04:00:00,15858.993975729749,17895.426643656196,13858.565351693826
forecast_8621,2025-12-26 05:00:00,16064.960011056774,17895.426643656196,14143.69428736971
forecast_8622,2025-12-26 06:00:00,16356.173558189364,17895.426643656196,14143.69428736971
forecast_8623,2025-12-26 07:00:00,17270.582887146407,18194.641770646624,14143.69428736971
forecast_8624,2025-12-26 08:00:00,17270.582887146407,18194.641770646624,14077.108150183285
forecast_8625,2025-12-26 09:00:00,16606.59326214308,17131.95405620028,13221.149010206289
forecast_8626,2025-12-26 10:00:00,14161.7068156709,16486.216886830287,12418.552772657386
forecast_8627,2025-12-26 11:00:00,12731.152181340218,15463.281894169055,11703.40238350927
forecast_8628,2025-12-26 12:00:00,11840.298880332137,12991.75775446745,10214.943224003393
forecast_8629,2025-12-26 13:00:00,11042.766235313497,11409.010758600745,9055.50267345005
forecast_8630,2025-12-26 14:00:00,10817.535563854512,10852.675434558048,8472.751976457694
forecast_8631,2025-12-26 15:00:00,10817.535563854512,10834.223068257763,8439.464906651487
forecast_8632,2025-12-26 16:00:00,11233.488700888913,10834.223068257763,8439.464906651487
forecast_8633,2025-12-26 17:00:00,12894.82695764217,12932.380865142015,9103.492253389179
forecast_8634,2025-12-26 18:00:00,13560.871345483718,14157.473439766149,10953.527576465653
forecast_8635,2025-12-26 19:00:00,13662.480925770178,14568.27058790137,11309.473076714768
forecast_8636,2025-12-26 20:00:00,14943.56121530166,16156.637986162012,13095.45655899365
forecast_8637,2025-12-26 21:00:00,16864.700199137926,17656.491393452314,14578.613930283593
forecast_8638,2025-12-26 22:00:00,18106.14671481982,18691.160670273435,15966.272391216444
forecast_8639,2025-12-26 23:00:00,18716.328858985475,18691.160670273435,15966.272391216444
forecast_8640,2025-12-27 00:00:00,18789.529132578555,18479.39909650513,16039.832396569622
forecast_8641,2025-12-27 01:00:00,20090.14944667826,18934.70992294297,15893.784316287818
forecast_8642,2025-12-27 02:00:00,19792.60184126377,18880.57296047343,15715.5238950622
forecast_8643,2025-12-27 03:00:00,18311.9197871293,18612.775230462597,14938.542820441435
forecast_8644,2025-12-27 04:00:00,17888.051889663664,17930.18438027403,14172.919134485042
forecast_8645,2025-12-27 05:00:00,17618.362943956457,17889.424600372127,14092.34369637838
forecast_8646,2025-12-27 06:00:00,17093.243386171533,17488.866226047496,13783.304095681215
forecast_8647,2025-12-27 07:00:00,16358.102704082445,17370.004089004102,13783.304095681215
forecast_8648,2025-12-27 08:00:00,16235.404834328961,17370.004089004102,13697.834176825807
forecast_8649,2025-12-27 09:00:00,15399.796381364165,16942.256985538617,13002.76369434322
forecast_8650,2025-12-27 10:00:00,13479.463391432393,15001.344730753026,12171.697947157485
forecast_8651,2025-12-27 11:00:00,13479.463391432393,15001.344730753026,12171.697947157485
forecast_8652,2025-12-27 12:00:00,14608.401855259504,15606.284049700123,12910.27766362199
forecast_8653,2025-12-27 13:00:00,15784.5305241634,16287.731191066687,13566.165789839502
forecast_8654,2025-12-27 14:00:00,16303.33218846679,16667.212609051923,14056.555690658624
forecast_8655,2025-12-27 15:00:00,16692.951876451327,16940.779689542785,14493.35764673548
forecast_8656,2025-12-27 16:00:00,16967.115656633585,16984.481972245783,14884.525653675384
forecast_8657,2025-12-27 17:00:00,17087.7143715087,17817.752431415014,15527.427941779126
forecast_8658,2025-12-27 18:00:00,18461.09989008682,18650.36993458682,16633.202206097514
forecast_8659,2025-12-27 19:00:00,18658.226181126593,18650.36993458682,16633.202206097514
forecast_8660,2025-12-27 20:00:00,18658.226181126593,18582.37714569381,15766.837573687253
forecast_8661,2025-12-27 21:00:00,18329.12463680117,18279.634009729412,15766.837573687253
forecast_8662,2025-12-27 22:00:00,18102.006906604078,18115.605463548025,16062.909972553474
forecast_8663,2025-12-27 23:00:00,17450.85061964921,18152.982367601428,16062.909972553474
forecast_8664,2025-12-28 00:00:00,17274.54672355018,18032.284160360017,15943.301210876809
forecast_8665,2025-12-28 01:00:00,19440.324994400577,19217.80807359791,17193.9058087032
forecast_8666,2025-12-28 02:00:00,20082.849902371003,19677.90784251068,17631.08024638508
forecast_8667,2025-12-28 03:00:00,20634.064461319103,20071.74612873316,18417.378286418163
forecast_8668,2025-12-28 04:00:00,20956.27171848046,20071.74612873316,18417.378286418163
forecast_8669,2025-12-28 05:00:00,20995.49709975738,19939.400832768297,18301.61815173509
forecast_8670,2025-12-28 06:00:00,21047.860530898677,19859.003309642103,18301.61815173509
forecast_8671,2025-12-28 07:00:00,21064.143849477194,19834.99182209652,18330.20559898982
forecast_8672,2025-12-28 08:00:00,21064.143849477194,19834.99182209652,18330.20559898982
forecast_8673,2025-12-28 09:00:00,18968.061710950118,18696.436055233782,16435.715850808232
forecast_8674,2025-12-28 10:00:00,18072.635020783,17913.576824789834,15686.21621234139
forecast_8675,2025-12-28 11:00:00,18072.635020783,17659.94319538747,15641.055314558274
forecast_8676,2025-12-28 12:00:00,18072.635020783,17659.94319538747,15641.055314558274
forecast_8677,2025-12-28 13:00:00,17563.302488863694,16513.810178370713,14367.248668983639
forecast_8678,2025-12-28 14:00:00,15641.560810264295,15250.247935439507,13248.91659586895
forecast_8679,2025-12-28 15:00:00,15372.090315202471,15172.339926667071,13248.91659586895
forecast_8680,2025-12-28 16:00:00,15367.616181658123,15126.852414259107,13248.91659586895
forecast_8681,2025-12-28 17:00:00,15367.616181658123,15172.339926667071,13637.825354703553
forecast_8682,2025-12-28 18:00:00,15369.733795355532,15320.325636617288,13759.809089153925
forecast_8683,2025-12-28 19:00:00,15747.997825773493,15320.325636617288,13759.809089153925
forecast_8684,2025-12-28 20:00:00,15790.273055659376,15304.269285898905,13759.809089153925
forecast_8685,2025-12-28 21:00:00,15790.273055659376,15304.269285898905,14324.628268768085
forecast_8686,2025-12-28 22:00:00,15790.273055659376,16376.360428799304,14946.640984278554
forecast_8687,2025-12-28 23:00:00,16653.218638132064,17532.221290041045,15585.33395871049
forecast_8688,2025-12-29 00:00:00,17141.087340752634,17777.294542969503,15743.21024741653
forecast_8689,2025-12-29 01:00:00,19075.434571469665,18829.09631726847,17142.543583004102
forecast_8690,2025-12-29 02:00:00,19270.237573114726,18944.85886684014,17182.11063585793
forecast_8691,2025-12-29 03:00:00,20029.98712041445,19169.206841883395,17704.498401258916
forecast_8692,2025-12-29 04:00:00,20066.06762916786,19196.891012092387,17841.152355766557
forecast_8693,2025-12-29 05:00:00,20029.98712041445,19284.53719491228,17841.152355766557
forecast_8694,2025-12-29 06:00:00,19989.992130679937,19442.137538829702,17578.660686859803
forecast_8695,2025-12-29 07:00:00,19989.992130679937,19297.093032475983,17578.660686859803
forecast_8696,2025-12-29 08:00:00,20010.12247338381,19297.093032475983,17578.660686859803
forecast_8697,2025-12-29 09:00:00,20010.12247338381,18982.18173330913,17445.633202222336
forecast_8698,2025-12-29 10:00:00,19276.88121083816,18489.000842344925,16751.288107483506
forecast_8699,2025-12-29 11:00:00,19114.15527764952,18489.000842344925,16672.249761222833
forecast_8700,2025-12-29 12:00:00,19072.050625923577,18489.000842344925,16669.807250258764
forecast_8701,2025-12-29 13:00:00,18840.16125735929,18080.26201279989,16222.54986562332
forecast_8702,2025-12-29 14:00:00,17729.648654724246,17863.506883275048,15865.850869459848
forecast_8703,2025-12-29 15:00:00,17438.974483638172,17425.393058199006,15493.535453580787
forecast_8704,2025-12-29 16:00:00,17438.974483638172,16969.795856961046,15493.535453580787
forecast_8705,2025-12-29 17:00:00,17690.28346355664,17391.829695168235,15514.132814457847
forecast_8706,2025-12-29 18:00:00,17690.28346355664,16969.795856961046,15514.132814457847
forecast_8707,2025-12-29 19:00:00,17073.880056858074,15930.71908901207,14413.430896628302
forecast_8708,2025-12-29 20:00:00,16268.343874913066,15834.062396486683,14297.133342664354
forecast_8709,2025-12-29 21:00:00,15693.273278825089,15834.062396486683,14297.133342664354
forecast_8710,2025-12-29 22:00:00,15256.036450818487,16254.312847498924,14297.133342664354
forecast_8711,2025-12-29 23:00:00,13902.33338938448,16254.312847498924,14233.247602899728
forecast_8712,2025-12-30 00:00:00,13897.779122464017,16193.528035152936,14014.417467808908
forecast_8713,2025-12-30 01:00:00,11111.003569888351,12402.27611248692,9189.639889564072
forecast_8714,2025-12-30 02:00:00,11336.302315765735,12408.367403878892,9299.212472580119
forecast_8715,2025-12-30 03:00:00,11932.403505677623,12562.165970553175,9431.0916450384
forecast_8716,2025-12-30 04:00:00,12584.406358366728,12869.819407969624,9683.956059501183
forecast_8717,2025-12-30 05:00:00,12584.406358366728,12869.819407969624,9683.956059501183
forecast_8718,2025-12-30 06:00:00,12258.231921732911,12091.471503263012,8788.818756891418
forecast_8719,2025-12-30 07:00:00,10675.985673640282,11674.354174994163,7999.662915603388
forecast_8720,2025-12-30 08:00:00,9441.025392003687,11616.056536336793,7911.373193526539
forecast_8721,2025-12-30 09:00:00,9035.985963102314,11449.50441999341,7904.054133874896
forecast_8722,2025-12-30 10:00:00,8926.111673567944,10614.558824638469,7385.409815998706
forecast_8723,2025-12-30 11:00:00,9035.985963102314,9993.109113378277,7385.409815998706
forecast_8724,2025-12-30 12:00:00,9532.632520293879,9993.109113378277,7638.690379996453
forecast_8725,2025-12-30 13:00:00,10220.136673869398,10832.876772703894,8157.249219625175
forecast_8726,2025-12-30 14:00:00,10945.655398174813,11038.461750294471,8484.933987024859
forecast_8727,2025-12-30 15:00:00,11455.896294659124,11084.761934705726,8718.628979700054
forecast_8728,2025-12-30 16:00:00,12595.300799855686,11778.603469393653,8981.210949392953
forecast_8729,2025-12-30 17:00:00,12666.588144632355,11818.988096741894,9304.422550284184
forecast_8730,2025-12-30 18:00:00,13216.369704311772,11818.988096741894,9499.426262478884
forecast_8731,2025-12-30 19:00:00,13891.31579309443,12823.230737587253,10504.448520437603
forecast_8732,2025-12-30 20:00:00,13999.12816649498,14421.107583368343,11791.46493600227
forecast_8733,2025-12-30 21:00:00,14300.76765927068,14797.094751640989,12167.670680353787
forecast_8734,2025-12-30 22:00:00,14300.76765927068,14934.527527125068,12569.842518277228
forecast_8735,2025-12-30 23:00:00,14184.910857045645,15441.3114980447,12935.515716862825
forecast_8736,2025-12-31 00:00:00,14081.992435620296,15730.76744559385,13017.866100761088
forecast_8737,2025-12-31 01:00:00,16262.852163819389,17197.91311291032,14380.641705200364
forecast_8738,2025-12-31 02:00:00,16159.396797077336,17102.295389352097,14227.36438761449
forecast_8739,2025-12-31 03:00:00,16159.396797077336,17102.295389352097,14193.386700108113
forecast_8740,2025-12-31 04:00:00,15179.374240130583,16058.021208677914,13231.22622896438
forecast_8741,2025-12-31 05:00:00,14925.512103652678,16056.439529754383,12889.154707685882
forecast_8742,2025-12-31 06:00:00,14907.58951546323,15795.768506023964,12865.219560600566
forecast_8743,2025-12-31 07:00:00,14389.000398747528,15533.779188025885,12415.748002785047
forecast_8744,2025-12-31 08:00:00,14226.135906490734,15198.698395556306,12314.419443578841
forecast_8745,2025-12-31 09:00:00,13509.36999879568,14747.404285340417,11358.64844243996
forecast_8746,2025-12-31 10:00:00,12499.357187563259,14394.999758094373,11325.41261083299
forecast_8747,2025-12-31 11:00:00,11446.491621404353,13421.061883921791,10475.55461888055
forecast_8748,2025-12-31 12:00:00,10447.946857424797,12082.922432579471,9629.820138918154
forecast_8749,2025-12-31 13:00:00,10312.417772169038,11691.366464036199,9563.162357387482
forecast_8750,2025-12-31 14:00:00,9828.046098671348,9826.723125256693,8016.589125296452
forecast_8751,2025-12-31 15:00:00,9828.046098671348,9826.723125256693,7909.8231371357515
forecast_8752,2025-12-31 16:00:00,9717.912879761989,9741.976396428703,7330.040427268413
forecast_8753,2025-12-31 17:00:00,10421.594690849066,10160.395899686946,7909.8231371357515
forecast_8754,2025-12-31 18:00:00,10421.594690849066,10160.395899686946,7969.1685161789765
forecast_8755,2025-12-31 19:00:00,10774.148670859835,11335.72982372875,8750.971425200056
forecast_8756,2025-12-31 20:00:00,10937.9751697078,12132.881181015347,9533.853130875817
forecast_8757,2025-12-31 21:00:00,10998.512658337155,13429.179449499634,9668.628713332357
forecast_8758,2025-12-31 22:00:00,12822.501426931907,15182.597302650538,11986.783439541874
forecast_8759,2025-12-31 23:00:00,12997.547441941048,15460.549664149174,12464.495254649972
forecast_8760,2026-01-01 00:00:00,13328.04584440887,15533.54153506147,12698.264592494688
