forecast_kst_dtm,kpx_group_1,kpx_group_2,kpx_group_3
2024-01-01 01:00:00,2765.015625,2351.966552734375,2040.5899047851562
2024-01-01 02:00:00,2708.79638671875,2301.61328125,2077.9951171875
2024-01-01 03:00:00,2283.75146484375,2020.658935546875,2077.9951171875
2024-01-01 04:00:00,2150.673828125,1887.066162109375,2364.46142578125
2024-01-01 05:00:00,2150.673828125,1887.066162109375,2508.527587890625
2024-01-01 06:00:00,2207.1650390625,1983.137939453125,2513.86376953125
2024-01-01 07:00:00,2819.6904296875,2280.75048828125,2536.033203125
2024-01-01 08:00:00,2847.968505859375,2732.112060546875,2596.617919921875
2024-01-01 09:00:00,2872.02490234375,3002.468994140625,2596.617919921875
2024-01-01 10:00:00,3199.619873046875,3238.575927734375,2528.397216796875
2024-01-01 11:00:00,3273.7216796875,3285.146728515625,2138.410888671875
2024-01-01 12:00:00,3531.441650390625,3298.212646484375,2138.410888671875
2024-01-01 13:00:00,3839.71240234375,3549.432861328125,2305.3818359375
2024-01-01 14:00:00,4004.965087890625,4094.260498046875,2576.891845703125
2024-01-01 15:00:00,4048.6513671875,4886.453125,3205.905029296875
2024-01-01 16:00:00,4048.6513671875,5410.38134765625,3278.02783203125
2024-01-01 17:00:00,5751.72021484375,6363.84326171875,5090.18896484375
2024-01-01 18:00:00,10628.185546875,11995.1376953125,10411.560546875
2024-01-01 19:00:00,14937.7685546875,16662.869140625,14647.3193359375
2024-01-01 20:00:00,17245.271484375,18263.498046875,16605.708984375
2024-01-01 21:00:00,17865.982421875,19073.056640625,17631.4609375
2024-01-01 22:00:00,17865.982421875,19073.056640625,17631.4609375
2024-01-01 23:00:00,17472.607421875,18837.673828125,17144.33984375
2024-01-02 00:00:00,17245.1728515625,18399.0712890625,17139.951171875
2024-01-02 01:00:00,19330.783203125,19807.3701171875,18062.4296875
2024-01-02 02:00:00,19160.263671875,19765.017578125,17783.384765625
2024-01-02 03:00:00,17820.494140625,19175.3203125,17553.54296875
2024-01-02 04:00:00,17820.494140625,19096.5078125,17518.078125
2024-01-02 05:00:00,17696.787109375,19096.5078125,17199.8046875
2024-01-02 06:00:00,17696.787109375,19113.1171875,17199.8046875
2024-01-02 07:00:00,17696.787109375,19113.1171875,17199.8046875
2024-01-02 08:00:00,17695.048828125,18705.87890625,17067.16796875
2024-01-02 09:00:00,17344.404296875,18280.740234375,16668.126953125
2024-01-02 10:00:00,16917.962890625,18167.1796875,16624.029296875
2024-01-02 11:00:00,16917.962890625,18167.1796875,16227.103515625
2024-01-02 12:00:00,17433.16015625,18359.560546875,16227.103515625
2024-01-02 13:00:00,17482.240234375,18359.560546875,16227.103515625
2024-01-02 14:00:00,17433.16015625,18020.36328125,16047.0419921875
2024-01-02 15:00:00,17069.517578125,17920.39453125,16007.208984375
2024-01-02 16:00:00,16831.49609375,17270.41796875,15697.9609375
2024-01-02 17:00:00,15348.6787109375,16905.9609375,14405.615234375
2024-01-02 18:00:00,14680.3505859375,16099.9599609375,12983.3388671875
2024-01-02 19:00:00,13544.685546875,14744.5556640625,11687.9208984375
2024-01-02 20:00:00,13302.1884765625,14297.0302734375,11107.4384765625
2024-01-02 21:00:00,12227.2109375,12406.5205078125,10019.744140625
2024-01-02 22:00:00,11044.30078125,10533.9580078125,8668.900390625
2024-01-02 23:00:00,11013.5107421875,10081.0537109375,8157.34228515625
2024-01-03 00:00:00,10222.44775390625,9739.9345703125,8032.670166015625
2024-01-03 01:00:00,8217.34033203125,7343.299072265625,5996.845458984375
2024-01-03 02:00:00,8226.900390625,7373.09619140625,6068.50732421875
2024-01-03 03:00:00,10208.4912109375,9565.38671875,7759.232421875
2024-01-03 04:00:00,10388.2783203125,9565.38671875,7912.77978515625
2024-01-03 05:00:00,10388.2783203125,8669.7158203125,7912.77978515625
2024-01-03 06:00:00,7650.28369140625,6744.14013671875,5498.650390625
2024-01-03 07:00:00,7650.28369140625,6744.14013671875,5498.650390625
2024-01-03 08:00:00,9115.62109375,7566.01953125,6314.56005859375
2024-01-03 09:00:00,10023.390625,8445.5625,7288.21875
2024-01-03 10:00:00,10291.8662109375,12321.443359375,9758.091796875
2024-01-03 11:00:00,10358.7666015625,12837.8798828125,10065.1396484375
2024-01-03 12:00:00,11372.2255859375,12837.8798828125,10898.5654296875
2024-01-03 13:00:00,11372.2255859375,12797.904296875,10898.5654296875
2024-01-03 14:00:00,11372.2255859375,12797.904296875,10898.5654296875
2024-01-03 15:00:00,11702.099609375,12396.0830078125,11317.8720703125
2024-01-03 16:00:00,12076.8935546875,12451.5146484375,11397.779296875
2024-01-03 17:00:00,12661.94921875,12451.5146484375,11461.7158203125
2024-01-03 18:00:00,12661.94921875,13592.11328125,12692.1015625
2024-01-03 19:00:00,12578.546875,13660.76171875,12692.1015625
2024-01-03 20:00:00,12353.4375,13592.11328125,12147.333984375
2024-01-03 21:00:00,11161.841796875,11961.5087890625,10948.091796875
2024-01-03 22:00:00,9940.18359375,11713.6767578125,9703.7060546875
2024-01-03 23:00:00,9940.18359375,11713.6767578125,9270.296875
2024-01-04 00:00:00,10306.75,11957.3876953125,9202.90087890625
2024-01-04 01:00:00,9144.6083984375,9577.04345703125,7863.948486328125
2024-01-04 02:00:00,9423.630859375,9851.203125,7839.21728515625
2024-01-04 03:00:00,10831.7880859375,10375.875,7888.6796875
2024-01-04 04:00:00,11491.2587890625,11542.92578125,8352.4189453125
2024-01-04 05:00:00,11885.953125,12769.8662109375,8695.1025390625
2024-01-04 06:00:00,13280.3095703125,14578.109375,10411.5078125
2024-01-04 07:00:00,14997.583984375,15617.283203125,12626.9375
2024-01-04 08:00:00,15510.13671875,16294.609375,13543.5
2024-01-04 09:00:00,15710.0537109375,16297.02734375,13543.5
2024-01-04 10:00:00,15685.408203125,16294.609375,13452.19921875
2024-01-04 11:00:00,15685.408203125,16047.4072265625,12959.8798828125
2024-01-04 12:00:00,12633.0341796875,14408.0576171875,10910.28515625
2024-01-04 13:00:00,12633.0341796875,14408.0576171875,10910.28515625
2024-01-04 14:00:00,13071.7119140625,14572.990234375,12223.4931640625
2024-01-04 15:00:00,14266.029296875,15765.5966796875,14387.404296875
2024-01-04 16:00:00,15408.9228515625,16132.2275390625,14834.2333984375
2024-01-04 17:00:00,17250.93359375,17669.478515625,16385.126953125
2024-01-04 18:00:00,17700.98828125,18249.81640625,17057.953125
2024-01-04 19:00:00,18620.986328125,19281.06640625,17878.798828125
2024-01-04 20:00:00,19474.478515625,19783.984375,18336.966796875
2024-01-04 21:00:00,19888.759765625,19783.984375,18598.65625
2024-01-04 22:00:00,19905.869140625,19832.513671875,18576.703125
2024-01-04 23:00:00,19905.869140625,19591.82421875,18627.57421875
2024-01-05 00:00:00,20180.2392578125,19714.91796875,18678.736328125
2024-01-05 01:00:00,20518.8701171875,19344.58203125,18514.8662109375
2024-01-05 02:00:00,20654.6640625,19196.3515625,18552.52734375
2024-01-05 03:00:00,20654.6640625,19196.3515625,18800.974609375
2024-01-05 04:00:00,20654.6640625,19305.369140625,18800.974609375
2024-01-05 05:00:00,20396.515625,19305.369140625,18224.208984375
2024-01-05 06:00:00,19978.615234375,18945.748046875,17830.236328125
2024-01-05 07:00:00,19744.099609375,18850.064453125,17734.916015625
2024-01-05 08:00:00,19564.919921875,18490.626953125,17511.80859375
2024-01-05 09:00:00,19459.23046875,18490.626953125,17511.80859375
2024-01-05 10:00:00,19183.0859375,18719.810546875,17511.80859375
2024-01-05 11:00:00,18797.88671875,18719.810546875,17270.5234375
2024-01-05 12:00:00,18542.984375,18504.888671875,16746.998046875
2024-01-05 13:00:00,18542.984375,18466.703125,16594.31640625
2024-01-05 14:00:00,17366.861328125,17350.599609375,15774.115234375
2024-01-05 15:00:00,17338.173828125,17245.73046875,15453.892578125
2024-01-05 16:00:00,16439.2109375,16687.263671875,15453.892578125
2024-01-05 17:00:00,16261.861328125,16662.26953125,15429.765625
2024-01-05 18:00:00,15726.7470703125,16349.0185546875,15079.4892578125
2024-01-05 19:00:00,15095.3466796875,15632.390625,14813.1328125
2024-01-05 20:00:00,14419.474609375,15462.0498046875,14099.212890625
2024-01-05 21:00:00,14161.865234375,15480.0263671875,14083.79296875
2024-01-05 22:00:00,13921.7099609375,15480.0263671875,14039.3935546875
2024-01-05 23:00:00,13921.7099609375,15661.3232421875,13876.271484375
2024-01-06 00:00:00,13826.16552734375,15683.24609375,13957.83251953125
2024-01-06 01:00:00,13339.53857421875,14593.751953125,11814.5439453125
2024-01-06 02:00:00,13239.28125,14135.8662109375,11284.6279296875
2024-01-06 03:00:00,12008.4462890625,13845.265625,10532.1826171875
2024-01-06 04:00:00,11509.8974609375,12855.0673828125,9622.166015625
2024-01-06 05:00:00,11341.640625,12508.3125,9064.91015625
2024-01-06 06:00:00,11089.958984375,12436.6923828125,8783.6845703125
2024-01-06 07:00:00,10927.0302734375,12231.431640625,8783.6845703125
2024-01-06 08:00:00,10854.3154296875,12173.4892578125,9364.7412109375
2024-01-06 09:00:00,9873.91796875,11279.0302734375,9364.7412109375
2024-01-06 10:00:00,8489.755859375,9032.90625,7487.294921875
2024-01-06 11:00:00,8172.84912109375,8375.80078125,7426.73193359375
2024-01-06 12:00:00,7884.9130859375,8256.33984375,7388.56298828125
2024-01-06 13:00:00,7884.9130859375,7873.02734375,7189.2900390625
2024-01-06 14:00:00,8094.171875,7491.359375,6643.39013671875
2024-01-06 15:00:00,8844.771484375,7491.359375,6643.39013671875
2024-01-06 16:00:00,9437.271484375,8092.29345703125,7059.16943359375
2024-01-06 17:00:00,9532.2587890625,8143.9306640625,7599.26806640625
2024-01-06 18:00:00,9596.6474609375,8602.2705078125,7984.70751953125
2024-01-06 19:00:00,10218.419921875,8602.2705078125,8266.150390625
2024-01-06 20:00:00,10306.4541015625,9116.966796875,8327.814453125
2024-01-06 21:00:00,10484.787109375,9170.55859375,8366.330078125
2024-01-06 22:00:00,10306.4541015625,9674.025390625,8809.6572265625
2024-01-06 23:00:00,10614.2451171875,10240.794921875,9339.86328125
2024-01-07 00:00:00,10442.23486328125,10836.4931640625,9459.63525390625
2024-01-07 01:00:00,10821.61474609375,10432.44580078125,9573.21533203125
2024-01-07 02:00:00,11068.3896484375,10616.9912109375,9496.5927734375
2024-01-07 03:00:00,11379.4892578125,11239.140625,9496.5927734375
2024-01-07 04:00:00,11712.08203125,11347.2763671875,9692.7392578125
2024-01-07 05:00:00,11506.7939453125,11520.1533203125,9864.2724609375
2024-01-07 06:00:00,11782.1982421875,11520.1533203125,10070.9091796875
2024-01-07 07:00:00,11782.1982421875,12485.279296875,10332.9677734375
2024-01-07 08:00:00,12220.630859375,12787.654296875,10938.4638671875
2024-01-07 09:00:00,14286.26171875,13602.90234375,12323.2841796875
2024-01-07 10:00:00,14286.26171875,15722.8408203125,13356.5830078125
2024-01-07 11:00:00,14391.9052734375,15722.8408203125,13614.3388671875
2024-01-07 12:00:00,14305.3681640625,15844.0830078125,13614.3388671875
2024-01-07 13:00:00,14350.478515625,15863.4892578125,13432.892578125
2024-01-07 14:00:00,14350.478515625,16118.75390625,13400.2548828125
2024-01-07 15:00:00,14807.703125,16163.9736328125,13400.2548828125
2024-01-07 16:00:00,14890.962890625,16118.75390625,13401.650390625
2024-01-07 17:00:00,14890.962890625,15919.7861328125,13401.650390625
2024-01-07 18:00:00,14397.0439453125,15290.1142578125,12966.771484375
2024-01-07 19:00:00,13943.5673828125,14866.16796875,12928.642578125
2024-01-07 20:00:00,11844.1669921875,14139.4501953125,11325.25390625
2024-01-07 21:00:00,9026.04296875,11574.56640625,8012.12548828125
2024-01-07 22:00:00,8779.7587890625,11083.3232421875,7689.0263671875
2024-01-07 23:00:00,8287.439453125,8960.236328125,6426.1552734375
2024-01-08 00:00:00,8273.384765625,8670.138671875,6425.922119140625
2024-01-08 01:00:00,8322.65185546875,7823.906494140625,5321.661865234375
2024-01-08 02:00:00,8574.619140625,7937.8544921875,5470.7529296875
2024-01-08 03:00:00,8942.9443359375,7937.8544921875,5602.18896484375
2024-01-08 04:00:00,9457.1474609375,7782.1396484375,6019.07177734375
2024-01-08 05:00:00,9708.068359375,7782.1396484375,6076.4638671875
2024-01-08 06:00:00,9970.1357421875,9553.2578125,7637.189453125
2024-01-08 07:00:00,10389.5087890625,9608.98046875,7793.04931640625
2024-01-08 08:00:00,10389.5087890625,9608.98046875,7793.04931640625
2024-01-08 09:00:00,10356.5283203125,8807.642578125,7217.63232421875
2024-01-08 10:00:00,9258.9716796875,8807.642578125,6875.7587890625
2024-01-08 11:00:00,9082.52734375,9642.98828125,6733.4228515625
2024-01-08 12:00:00,9015.4658203125,9748.8544921875,6506.81396484375
2024-01-08 13:00:00,9082.52734375,9808.8203125,6733.4228515625
2024-01-08 14:00:00,9666.3681640625,10190.0966796875,7094.55712890625
2024-01-08 15:00:00,9959.26953125,10576.0849609375,7731.6123046875
2024-01-08 16:00:00,10368.59375,12085.9619140625,8664.1494140625
2024-01-08 17:00:00,12151.166015625,12926.013671875,11169.9296875
2024-01-08 18:00:00,16148.541015625,17109.59765625,16314.1767578125
2024-01-08 19:00:00,17941.49609375,18385.3359375,16724.609375
2024-01-08 20:00:00,19339.45703125,19293.599609375,18035.337890625
2024-01-08 21:00:00,19802.345703125,19293.599609375,18035.337890625
2024-01-08 22:00:00,20078.779296875,19316.6484375,17780.67578125
2024-01-08 23:00:00,19839.865234375,19386.548828125,17396.19140625
2024-01-09 00:00:00,19959.322265625,19396.2685546875,17588.43359375
2024-01-09 01:00:00,19863.9638671875,19282.134765625,17321.7978515625
2024-01-09 02:00:00,19782.44140625,19405.216796875,17329.888671875
2024-01-09 03:00:00,19546.396484375,19405.216796875,17329.888671875
2024-01-09 04:00:00,19205.947265625,19355.73828125,17284.0
2024-01-09 05:00:00,18939.677734375,19245.80859375,16739.78515625
2024-01-09 06:00:00,18576.39453125,19038.837890625,16739.66015625
2024-01-09 07:00:00,17924.2890625,18807.744140625,16283.380859375
2024-01-09 08:00:00,17664.353515625,18409.080078125,16002.7880859375
2024-01-09 09:00:00,17039.619140625,17754.908203125,15280.1640625
2024-01-09 10:00:00,15048.453125,16596.392578125,12566.392578125
2024-01-09 11:00:00,11563.765625,13243.7841796875,10840.7255859375
2024-01-09 12:00:00,9716.7578125,10875.8056640625,8058.2197265625
2024-01-09 13:00:00,9716.7578125,10875.8056640625,8058.2197265625
2024-01-09 14:00:00,9716.7578125,10875.8056640625,8636.611328125
2024-01-09 15:00:00,8738.853515625,11391.8603515625,8636.611328125
2024-01-09 16:00:00,8311.2744140625,11391.8603515625,8461.701171875
2024-01-09 17:00:00,8311.2744140625,11543.8798828125,8461.701171875
2024-01-09 18:00:00,8667.0048828125,11802.306640625,9526.521484375
2024-01-09 19:00:00,8984.8291015625,12294.6279296875,9921.9375
2024-01-09 20:00:00,9083.408203125,12294.6279296875,9976.927734375
2024-01-09 21:00:00,9083.408203125,12253.2861328125,9976.927734375
2024-01-09 22:00:00,8718.8271484375,11376.2958984375,9798.7392578125
2024-01-09 23:00:00,7410.984375,9735.4892578125,8145.17529296875
2024-01-10 00:00:00,6585.77880859375,8792.625244140625,6766.7734375
2024-01-10 01:00:00,4219.62548828125,4869.47802734375,4095.71875
2024-01-10 02:00:00,3936.5263671875,4386.49072265625,3905.4853515625
2024-01-10 03:00:00,3936.5263671875,4187.2646484375,3619.21875
2024-01-10 04:00:00,3995.810791015625,4187.2646484375,3905.4853515625
2024-01-10 05:00:00,4043.579345703125,4187.2646484375,3619.21875
2024-01-10 06:00:00,4421.39794921875,4083.92626953125,3634.788818359375
2024-01-10 07:00:00,4043.579345703125,4083.92626953125,3634.788818359375
2024-01-10 08:00:00,3918.781494140625,3877.372802734375,3634.788818359375
2024-01-10 09:00:00,3567.726806640625,3722.70556640625,3431.928466796875
2024-01-10 10:00:00,2721.695068359375,3722.70556640625,3431.928466796875
2024-01-10 11:00:00,2721.695068359375,3790.177734375,3598.943359375
2024-01-10 12:00:00,3026.036376953125,3790.177734375,3598.943359375
2024-01-10 13:00:00,3026.036376953125,3286.22705078125,3434.112060546875
2024-01-10 14:00:00,2553.388671875,3157.629150390625,3287.305908203125
2024-01-10 15:00:00,2553.388671875,3116.801513671875,3078.134521484375
2024-01-10 16:00:00,2621.376708984375,2968.927978515625,2687.486328125
2024-01-10 17:00:00,3007.14208984375,2884.7744140625,2687.486328125
2024-01-10 18:00:00,3102.717041015625,2968.927978515625,3293.590087890625
2024-01-10 19:00:00,3816.13037109375,4243.81103515625,3775.405517578125
2024-01-10 20:00:00,4945.94921875,5360.8515625,4598.3212890625
2024-01-10 21:00:00,6091.97314453125,6403.2333984375,5995.578125
2024-01-10 22:00:00,7170.7158203125,8978.6806640625,6716.328125
2024-01-10 23:00:00,9789.205078125,12222.1982421875,9955.6689453125
2024-01-11 00:00:00,10268.06884765625,12274.11669921875,10108.44482421875
2024-01-11 01:00:00,15727.98681640625,16707.85302734375,15316.27294921875
2024-01-11 02:00:00,16854.095703125,17989.251953125,16723.068359375
2024-01-11 03:00:00,18391.08984375,19256.453125,17543.13671875
2024-01-11 04:00:00,19383.529296875,19720.69140625,17557.94921875
2024-01-11 05:00:00,20059.767578125,20459.154296875,18769.8046875
2024-01-11 06:00:00,20059.767578125,20459.154296875,18769.8046875
2024-01-11 07:00:00,19922.21484375,19965.607421875,18602.31640625
2024-01-11 08:00:00,19922.21484375,19965.607421875,18536.91015625
2024-01-11 09:00:00,19651.345703125,19953.31640625,18536.91015625
2024-01-11 10:00:00,18676.7109375,19950.3125,17973.923828125
2024-01-11 11:00:00,18252.60546875,19884.810546875,17594.537109375
2024-01-11 12:00:00,17646.74609375,19304.28515625,16921.9140625
2024-01-11 13:00:00,17440.5703125,18943.498046875,16474.96484375
2024-01-11 14:00:00,17440.5703125,18853.76953125,16305.9853515625
2024-01-11 15:00:00,18069.400390625,18853.76953125,16305.9853515625
2024-01-11 16:00:00,18079.048828125,19093.70703125,16438.474609375
2024-01-11 17:00:00,18865.876953125,19132.001953125,17328.515625
2024-01-11 18:00:00,19090.66796875,19132.001953125,17490.568359375
2024-01-11 19:00:00,19090.66796875,18997.111328125,17490.568359375
2024-01-11 20:00:00,19018.220703125,18997.111328125,17151.5703125
2024-01-11 21:00:00,18731.359375,18997.111328125,17056.078125
2024-01-11 22:00:00,18555.27734375,18877.912109375,17068.09375
2024-01-11 23:00:00,18107.013671875,18877.912109375,16826.185546875
2024-01-12 00:00:00,17847.7431640625,18863.1494140625,16728.7509765625
2024-01-12 01:00:00,17345.7841796875,18657.9931640625,17187.7578125
2024-01-12 02:00:00,16967.248046875,18677.68359375,17246.1171875
2024-01-12 03:00:00,16949.677734375,18759.97265625,17174.34375
2024-01-12 04:00:00,16949.677734375,19201.607421875,17174.34375
2024-01-12 05:00:00,16739.1171875,19201.607421875,16555.55078125
2024-01-12 06:00:00,16239.955078125,18583.283203125,16464.3046875
2024-01-12 07:00:00,15780.2734375,18583.283203125,16032.8115234375
2024-01-12 08:00:00,15780.2734375,18596.193359375,15940.4921875
2024-01-12 09:00:00,15651.5693359375,18596.193359375,15245.70703125
2024-01-12 10:00:00,12599.85546875,14703.7919921875,12110.9462890625
2024-01-12 11:00:00,11028.0361328125,12541.9619140625,9446.3212890625
2024-01-12 12:00:00,9123.3056640625,10378.4658203125,8193.6142578125
2024-01-12 13:00:00,8872.482421875,9435.935546875,7705.76318359375
2024-01-12 14:00:00,8872.482421875,9435.935546875,7732.83837890625
2024-01-12 15:00:00,9424.2041015625,9810.611328125,7732.83837890625
2024-01-12 16:00:00,10489.0869140625,12653.7158203125,9700.5810546875
2024-01-12 17:00:00,12576.4853515625,13637.1396484375,11575.873046875
2024-01-12 18:00:00,13837.220703125,15233.1796875,13057.5576171875
2024-01-12 19:00:00,14941.796875,16679.3359375,15030.16015625
2024-01-12 20:00:00,15672.359375,17452.625,15946.3349609375
2024-01-12 21:00:00,15672.359375,17817.978515625,15946.3349609375
2024-01-12 22:00:00,15528.9921875,17817.978515625,15421.9111328125
2024-01-12 23:00:00,15030.05078125,17463.767578125,15081.15625
2024-01-13 00:00:00,14414.66162109375,17185.982421875,14714.81787109375
2024-01-13 01:00:00,15144.3779296875,18182.07421875,15578.2431640625
2024-01-13 02:00:00,15073.35546875,18045.8359375,15571.326171875
2024-01-13 03:00:00,15166.53515625,17785.46484375,15340.5234375
2024-01-13 04:00:00,15166.53515625,17704.646484375,15298.6044921875
2024-01-13 05:00:00,15166.53515625,17530.443359375,15298.6044921875
2024-01-13 06:00:00,14514.00390625,16295.701171875,13953.25
2024-01-13 07:00:00,13105.591796875,15050.140625,11838.1826171875
2024-01-13 08:00:00,9618.611328125,10939.8447265625,8125.607421875
2024-01-13 09:00:00,6261.82861328125,6502.693359375,3258.563232421875
2024-01-13 10:00:00,4349.0830078125,3803.19189453125,1801.7021484375
2024-01-13 11:00:00,2987.56005859375,3360.8896484375,1734.8212890625
2024-01-13 12:00:00,2882.07080078125,2690.01416015625,1674.4136962890625
2024-01-13 13:00:00,2976.016357421875,2539.739501953125,1674.4136962890625
2024-01-13 14:00:00,2976.016357421875,2539.739501953125,1822.4267578125
2024-01-13 15:00:00,2976.016357421875,2744.91455078125,1822.4267578125
2024-01-13 16:00:00,3081.319580078125,2744.91455078125,1822.4267578125
2024-01-13 17:00:00,3176.283447265625,2812.413330078125,2009.8233642578125
2024-01-13 18:00:00,3703.626953125,3504.518798828125,2445.087646484375
2024-01-13 19:00:00,4213.3359375,3985.5498046875,2985.40087890625
2024-01-13 20:00:00,5733.373046875,5576.36083984375,4324.00341796875
2024-01-13 21:00:00,5880.0361328125,6145.044921875,4450.39892578125
2024-01-13 22:00:00,9433.7978515625,11463.921875,8280.5771484375
2024-01-13 23:00:00,12929.029296875,15883.0478515625,13076.6494140625
2024-01-14 00:00:00,13708.72265625,16275.56787109375,13720.837890625
2024-01-14 01:00:00,16701.34814453125,17916.2373046875,15860.26513671875
2024-01-14 02:00:00,18098.716796875,18697.3515625,17230.3984375
2024-01-14 03:00:00,18098.716796875,18767.716796875,17230.3984375
2024-01-14 04:00:00,18204.392578125,19070.748046875,17571.158203125
2024-01-14 05:00:00,18193.68359375,19070.748046875,17386.76171875
2024-01-14 06:00:00,18204.392578125,19047.798828125,17682.578125
2024-01-14 07:00:00,19308.0703125,19047.798828125,17918.4765625
2024-01-14 08:00:00,19308.0703125,19799.53515625,18468.126953125
2024-01-14 09:00:00,18999.806640625,19799.53515625,18468.126953125
2024-01-14 10:00:00,16849.6328125,19794.265625,17649.2890625
2024-01-14 11:00:00,16410.9375,19591.91796875,17345.20703125
2024-01-14 12:00:00,16410.9375,19500.923828125,17188.650390625
2024-01-14 13:00:00,16410.9375,19500.923828125,17182.666015625
2024-01-14 14:00:00,15911.900390625,19494.630859375,17188.650390625
2024-01-14 15:00:00,15888.8203125,19431.9765625,17182.666015625
2024-01-14 16:00:00,15594.7451171875,19028.046875,17369.896484375
2024-01-14 17:00:00,15249.2646484375,18763.953125,16885.123046875
2024-01-14 18:00:00,15229.9296875,17490.0234375,15639.1826171875
2024-01-14 19:00:00,12836.1396484375,15729.658203125,13394.3974609375
2024-01-14 20:00:00,11276.078125,13533.3076171875,10840.359375
2024-01-14 21:00:00,10378.3291015625,12730.228515625,9754.76953125
2024-01-14 22:00:00,7625.59814453125,10179.349609375,7545.19921875
2024-01-14 23:00:00,6928.77294921875,8073.1865234375,6504.9013671875
2024-01-15 00:00:00,6914.60107421875,8022.085693359375,6463.595947265625
2024-01-15 01:00:00,4498.18701171875,4063.808837890625,4197.4344482421875
2024-01-15 02:00:00,4436.3642578125,4273.7783203125,4453.158203125
2024-01-15 03:00:00,4643.84326171875,4888.30419921875,4598.2490234375
2024-01-15 04:00:00,4923.60595703125,4990.37255859375,4923.68701171875
2024-01-15 05:00:00,5521.10400390625,5413.75537109375,5684.15380859375
2024-01-15 06:00:00,5873.0537109375,6250.53759765625,5752.859375
2024-01-15 07:00:00,6569.00927734375,6846.025390625,5684.15380859375
2024-01-15 08:00:00,6673.93310546875,6983.0400390625,5493.3623046875
2024-01-15 09:00:00,6673.93310546875,6983.0400390625,4908.822265625
2024-01-15 10:00:00,5926.9169921875,6983.0400390625,4863.25341796875
2024-01-15 11:00:00,5926.9169921875,6836.12353515625,4797.16259765625
2024-01-15 12:00:00,5926.9169921875,7100.65283203125,4863.25341796875
2024-01-15 13:00:00,6010.5888671875,7100.65283203125,5160.224609375
2024-01-15 14:00:00,6546.7119140625,7218.77978515625,5160.224609375
2024-01-15 15:00:00,6546.7119140625,7616.73095703125,4336.43994140625
2024-01-15 16:00:00,6342.494140625,7616.73095703125,4121.486328125
2024-01-15 17:00:00,6342.494140625,6870.4287109375,4086.052978515625
2024-01-15 18:00:00,6347.3388671875,6870.4287109375,4086.052978515625
2024-01-15 19:00:00,6649.28076171875,8024.8798828125,4628.61962890625
2024-01-15 20:00:00,6941.716796875,8024.8798828125,4636.81396484375
2024-01-15 21:00:00,7187.677734375,8088.48388671875,4845.1376953125
2024-01-15 22:00:00,7354.138671875,7967.0654296875,5191.84130859375
2024-01-15 23:00:00,7354.138671875,7894.16064453125,5191.84130859375
2024-01-16 00:00:00,6585.49169921875,7290.890869140625,4935.883056640625
2024-01-16 01:00:00,11002.7373046875,12469.05126953125,7192.01806640625
2024-01-16 02:00:00,10988.662109375,11962.3583984375,7080.30419921875
2024-01-16 03:00:00,7139.94384765625,8143.93603515625,4734.3828125
2024-01-16 04:00:00,5042.5908203125,4555.0244140625,2825.725341796875
2024-01-16 05:00:00,4266.546875,2869.526123046875,2366.26416015625
2024-01-16 06:00:00,4266.546875,2869.526123046875,2366.26416015625
2024-01-16 07:00:00,4238.74267578125,2855.646728515625,2408.134765625
2024-01-16 08:00:00,4238.74267578125,3543.6826171875,2444.350830078125
2024-01-16 09:00:00,3758.03515625,3543.6826171875,2444.350830078125
2024-01-16 10:00:00,3758.03515625,3555.70849609375,3124.7802734375
2024-01-16 11:00:00,3909.673095703125,3555.70849609375,3686.237060546875
2024-01-16 12:00:00,4198.24365234375,3647.263671875,3846.951171875
2024-01-16 13:00:00,4545.326171875,3763.4814453125,4178.4052734375
2024-01-16 14:00:00,4647.3466796875,3919.795166015625,4178.4052734375
2024-01-16 15:00:00,4759.59375,4003.38427734375,4178.4052734375
2024-01-16 16:00:00,4777.30126953125,4140.50439453125,4526.384765625
2024-01-16 17:00:00,6289.53564453125,5528.7001953125,5467.5068359375
2024-01-16 18:00:00,11445.33984375,10087.455078125,9245.6396484375
2024-01-16 19:00:00,15452.669921875,14675.09765625,12790.5302734375
2024-01-16 20:00:00,16060.2978515625,16132.0048828125,15096.099609375
2024-01-16 21:00:00,16471.3515625,17595.283203125,16196.21875
2024-01-16 22:00:00,17004.03125,17906.1875,16234.70703125
2024-01-16 23:00:00,17328.984375,18131.4765625,16486.701171875
2024-01-17 00:00:00,18207.69140625,18450.443359375,16889.705078125
2024-01-17 01:00:00,20806.966796875,19528.1142578125,18768.9736328125
2024-01-17 02:00:00,20656.251953125,19557.8828125,18691.146484375
2024-01-17 03:00:00,20566.24609375,19578.427734375,18655.26171875
2024-01-17 04:00:00,20566.24609375,20180.390625,18655.26171875
2024-01-17 05:00:00,20566.24609375,20180.390625,18741.447265625
2024-01-17 06:00:00,20628.568359375,20175.623046875,18741.447265625
2024-01-17 07:00:00,20457.33984375,20169.546875,18391.51171875
2024-01-17 08:00:00,19595.6328125,19962.310546875,17841.779296875
2024-01-17 09:00:00,18705.251953125,18655.30859375,17309.900390625
2024-01-17 10:00:00,17696.837890625,18655.30859375,16995.5625
2024-01-17 11:00:00,17577.431640625,19088.27734375,16995.5625
2024-01-17 12:00:00,17577.431640625,19111.693359375,17064.287109375
2024-01-17 13:00:00,17665.005859375,19229.1015625,17311.51953125
2024-01-17 14:00:00,17695.9453125,19229.1015625,17311.51953125
2024-01-17 15:00:00,17665.005859375,18562.5546875,15948.41015625
2024-01-17 16:00:00,16503.291015625,18182.419921875,15899.6240234375
2024-01-17 17:00:00,16205.9482421875,17499.90234375,15822.6337890625
2024-01-17 18:00:00,16078.650390625,17352.6171875,15822.6337890625
2024-01-17 19:00:00,16078.650390625,17352.6171875,16313.0
2024-01-17 20:00:00,15970.9111328125,17352.6171875,16384.98828125
2024-01-17 21:00:00,15750.6416015625,17386.025390625,16384.98828125
2024-01-17 22:00:00,15005.5771484375,17386.025390625,16212.6591796875
2024-01-17 23:00:00,14827.0537109375,17386.025390625,15790.2509765625
2024-01-18 00:00:00,14485.66943359375,17157.41015625,15142.36083984375
2024-01-18 01:00:00,12162.4697265625,15195.796875,12396.28662109375
2024-01-18 02:00:00,11760.720703125,14549.77734375,11861.1748046875
2024-01-18 03:00:00,11629.099609375,13216.52734375,11510.7470703125
2024-01-18 04:00:00,11419.8193359375,12280.5244140625,10424.1953125
2024-01-18 05:00:00,9701.9814453125,10492.703125,8974.7724609375
2024-01-18 06:00:00,7295.45703125,8793.763671875,7181.76318359375
2024-01-18 07:00:00,6446.0087890625,7021.00244140625,5390.6728515625
2024-01-18 08:00:00,4663.97705078125,4962.13916015625,4254.8232421875
2024-01-18 09:00:00,3554.44091796875,3816.764404296875,2481.3037109375
2024-01-18 10:00:00,2859.714599609375,3246.36572265625,2360.7822265625
2024-01-18 11:00:00,2859.714599609375,3095.556640625,2360.7822265625
2024-01-18 12:00:00,2952.776611328125,2991.48046875,2378.988525390625
2024-01-18 13:00:00,3099.435546875,2991.48046875,2550.378173828125
2024-01-18 14:00:00,3111.86962890625,3278.32373046875,2811.61181640625
2024-01-18 15:00:00,3638.823974609375,4115.37890625,3417.369384765625
2024-01-18 16:00:00,4842.650390625,5159.4765625,4763.90380859375
2024-01-18 17:00:00,6413.21142578125,8214.0546875,6685.39111328125
2024-01-18 18:00:00,8341.6025390625,9058.107421875,7796.9560546875
2024-01-18 19:00:00,8344.7294921875,10386.603515625,9134.1103515625
2024-01-18 20:00:00,8344.7294921875,10386.603515625,9134.1103515625
2024-01-18 21:00:00,6803.7333984375,9738.921875,8002.83837890625
2024-01-18 22:00:00,5918.63427734375,8917.9521484375,6593.28662109375
2024-01-18 23:00:00,5576.07373046875,8363.05859375,6348.32080078125
2024-01-19 00:00:00,5413.878173828125,7970.15478515625,6346.107177734375
2024-01-19 01:00:00,7015.50244140625,9598.72216796875,7813.415771484375
2024-01-19 02:00:00,6871.28564453125,8972.0205078125,7346.83349609375
2024-01-19 03:00:00,5692.32666015625,6772.41845703125,5827.6728515625
2024-01-19 04:00:00,4621.56591796875,5975.47216796875,5365.42041015625
2024-01-19 05:00:00,4244.1513671875,5314.83935546875,4597.93994140625
2024-01-19 06:00:00,3871.03466796875,4933.083984375,4502.08154296875
2024-01-19 07:00:00,3871.03466796875,4706.19677734375,4119.44091796875
2024-01-19 08:00:00,3051.452392578125,3294.240478515625,3427.96337890625
2024-01-19 09:00:00,3023.426025390625,3294.240478515625,2904.170166015625
2024-01-19 10:00:00,2874.536865234375,3158.9736328125,2803.923828125
2024-01-19 11:00:00,2805.77001953125,3197.5361328125,2588.0234375
2024-01-19 12:00:00,2656.654052734375,3158.9736328125,2588.0234375
2024-01-19 13:00:00,2507.17529296875,3089.83544921875,2697.421630859375
2024-01-19 14:00:00,2507.17529296875,3058.437744140625,2777.926025390625
2024-01-19 15:00:00,2748.640625,3058.437744140625,2853.157958984375
2024-01-19 16:00:00,3308.608642578125,3254.02197265625,2983.455810546875
2024-01-19 17:00:00,3467.96630859375,3284.429931640625,3109.667236328125
2024-01-19 18:00:00,3550.524169921875,3254.02197265625,3342.15673828125
2024-01-19 19:00:00,3810.60205078125,3438.056640625,3376.135009765625
2024-01-19 20:00:00,4058.556884765625,4148.85791015625,3553.609619140625
2024-01-19 21:00:00,4293.642578125,4170.6728515625,3559.9794921875
2024-01-19 22:00:00,5124.05224609375,5506.55517578125,4593.93603515625
2024-01-19 23:00:00,5158.767578125,6079.763671875,4906.78662109375
2024-01-20 00:00:00,5560.602783203125,6376.238525390625,5022.62060546875
2024-01-20 01:00:00,7674.5615234375,10099.07421875,7891.3720703125
2024-01-20 02:00:00,7694.58056640625,10461.8984375,8679.6904296875
2024-01-20 03:00:00,8106.5146484375,11037.4921875,8801.0732421875
2024-01-20 04:00:00,8309.369140625,11767.4873046875,9626.1640625
2024-01-20 05:00:00,9791.837890625,12367.2822265625,9834.154296875
2024-01-20 06:00:00,10155.4755859375,13261.8994140625,10577.9853515625
2024-01-20 07:00:00,10155.4755859375,13261.8994140625,10813.513671875
2024-01-20 08:00:00,10303.4580078125,13210.34765625,10881.998046875
2024-01-20 09:00:00,9864.150390625,12633.0654296875,10813.513671875
2024-01-20 10:00:00,9655.7119140625,12973.271484375,10663.1298828125
2024-01-20 11:00:00,9176.044921875,12645.4130859375,10486.859375
2024-01-20 12:00:00,8986.91015625,12645.4130859375,9989.474609375
2024-01-20 13:00:00,9176.044921875,12065.9296875,9677.013671875
2024-01-20 14:00:00,9331.4150390625,11831.4853515625,9677.013671875
2024-01-20 15:00:00,9577.7900390625,12065.9296875,9867.2958984375
2024-01-20 16:00:00,10190.3935546875,12910.6455078125,10644.7109375
2024-01-20 17:00:00,11101.8388671875,12966.662109375,11102.94140625
2024-01-20 18:00:00,11289.166015625,13070.67578125,11333.7568359375
2024-01-20 19:00:00,11751.853515625,14306.1572265625,12058.15234375
2024-01-20 20:00:00,11751.853515625,14306.1572265625,12058.15234375
2024-01-20 21:00:00,11503.0712890625,14003.0029296875,11874.87109375
2024-01-20 22:00:00,10841.783203125,14003.0029296875,11670.5625
2024-01-20 23:00:00,10629.7978515625,13594.681640625,11616.9169921875
2024-01-21 00:00:00,10466.798828125,13829.470703125,11643.73974609375
2024-01-21 01:00:00,11541.55419921875,13002.5576171875,11304.69775390625
2024-01-21 02:00:00,11428.2548828125,12962.69921875,11302.4208984375
2024-01-21 03:00:00,11159.30078125,11911.9072265625,10814.8974609375
2024-01-21 04:00:00,10467.3798828125,10835.3994140625,9790.7109375
2024-01-21 05:00:00,9742.8037109375,10693.8740234375,9272.916015625
2024-01-21 06:00:00,7728.5625,9371.4765625,7841.81640625
2024-01-21 07:00:00,6517.0576171875,8461.5107421875,7245.6953125
2024-01-21 08:00:00,5801.30322265625,6544.81005859375,4840.64501953125
2024-01-21 09:00:00,5477.20166015625,6077.919921875,4622.3203125
2024-01-21 10:00:00,3875.650390625,3886.548095703125,2804.91650390625
2024-01-21 11:00:00,3060.92041015625,3558.861572265625,2780.284423828125
2024-01-21 12:00:00,2972.106689453125,3558.861572265625,2780.284423828125
2024-01-21 13:00:00,2837.2353515625,3473.815673828125,2867.6953125
2024-01-21 14:00:00,2810.09228515625,3163.37451171875,2867.6953125
2024-01-21 15:00:00,2622.447998046875,2922.561767578125,2508.766845703125
2024-01-21 16:00:00,2441.3125,2587.989013671875,2086.78466796875
2024-01-21 17:00:00,2441.3125,2587.989013671875,2086.78466796875
2024-01-21 18:00:00,2762.044677734375,2734.839599609375,2509.477294921875
2024-01-21 19:00:00,2931.027099609375,3054.942138671875,2895.99462890625
2024-01-21 20:00:00,3215.8427734375,3440.605224609375,3177.669921875
2024-01-21 21:00:00,3916.857666015625,3689.444580078125,3538.7548828125
2024-01-21 22:00:00,5480.0224609375,5488.1171875,4590.51416015625
2024-01-21 23:00:00,5845.28564453125,6978.673828125,4935.39111328125
2024-01-22 00:00:00,6645.269775390625,8405.1025390625,5983.2333984375
2024-01-22 01:00:00,11188.16748046875,13438.369140625,11070.3828125
2024-01-22 02:00:00,12133.197265625,13613.9384765625,11723.5478515625
2024-01-22 03:00:00,12782.1591796875,14912.1904296875,12922.1689453125
2024-01-22 04:00:00,14723.5,16717.056640625,14880.802734375
2024-01-22 05:00:00,16768.146484375,18186.8359375,16626.509765625
2024-01-22 06:00:00,16994.607421875,18619.0078125,16859.537109375
2024-01-22 07:00:00,17099.865234375,18619.0078125,16859.537109375
2024-01-22 08:00:00,17142.75,18287.5546875,16370.6201171875
2024-01-22 09:00:00,17142.75,18158.8046875,15721.1123046875
2024-01-22 10:00:00,16603.076171875,17943.806640625,15298.140625
2024-01-22 11:00:00,16120.462890625,17892.4375,14415.556640625
2024-01-22 12:00:00,15495.5029296875,17431.7734375,13954.318359375
2024-01-22 13:00:00,15348.224609375,16928.904296875,13643.6669921875
2024-01-22 14:00:00,14883.3232421875,16863.0859375,13627.5908203125
2024-01-22 15:00:00,14617.78515625,16863.0859375,13627.5908203125
2024-01-22 16:00:00,14617.78515625,17209.1484375,13929.3359375
2024-01-22 17:00:00,14984.376953125,17967.857421875,14492.97265625
2024-01-22 18:00:00,15267.4912109375,18166.1640625,14705.33203125
2024-01-22 19:00:00,15267.4912109375,18166.1640625,15469.3115234375
2024-01-22 20:00:00,14842.255859375,18090.076171875,15907.416015625
2024-01-22 21:00:00,14842.255859375,17997.095703125,15907.416015625
2024-01-22 22:00:00,14831.3017578125,17908.958984375,15907.416015625
2024-01-22 23:00:00,14831.3017578125,17514.384765625,15724.1083984375
2024-01-23 00:00:00,14608.02099609375,17445.8994140625,15608.49951171875
2024-01-23 01:00:00,14415.76416015625,17545.650390625,15557.08056640625
2024-01-23 02:00:00,14952.2578125,17817.900390625,15459.6484375
2024-01-23 03:00:00,15232.1943359375,18187.59375,15859.537109375
2024-01-23 04:00:00,15968.458984375,18535.001953125,16416.865234375
2024-01-23 05:00:00,16595.828125,18967.86328125,16689.58203125
2024-01-23 06:00:00,16595.828125,19180.884765625,16731.29296875
2024-01-23 07:00:00,16577.400390625,19252.513671875,16805.1171875
2024-01-23 08:00:00,16491.35546875,19252.513671875,16805.1171875
2024-01-23 09:00:00,16270.068359375,19022.48046875,16656.5625
2024-01-23 10:00:00,15891.736328125,18915.365234375,16116.603515625
2024-01-23 11:00:00,15247.6279296875,18828.9609375,15734.5791015625
2024-01-23 12:00:00,15108.8525390625,17624.16796875,14640.2822265625
2024-01-23 13:00:00,15108.8525390625,16984.111328125,13724.08203125
2024-01-23 14:00:00,15173.806640625,16945.064453125,13584.341796875
2024-01-23 15:00:00,15226.6337890625,16945.064453125,13724.08203125
2024-01-23 16:00:00,15822.3876953125,17367.20703125,14557.9892578125
2024-01-23 17:00:00,16053.3828125,17594.328125,15040.01953125
2024-01-23 18:00:00,16080.87890625,18100.29296875,15154.3486328125
2024-01-23 19:00:00,16080.87890625,18331.21875,15908.4736328125
2024-01-23 20:00:00,16142.07421875,18794.26171875,15908.4736328125
2024-01-23 21:00:00,16064.1044921875,19097.642578125,15855.056640625
2024-01-23 22:00:00,15471.2470703125,19280.04296875,15855.056640625
2024-01-23 23:00:00,15271.6357421875,19280.04296875,15944.0703125
2024-01-24 00:00:00,15355.5458984375,19293.0830078125,16008.9892578125
2024-01-24 01:00:00,16070.88232421875,18989.0,15141.82275390625
2024-01-24 02:00:00,15869.140625,19120.646484375,15163.0400390625
2024-01-24 03:00:00,16272.6240234375,19199.04296875,15286.240234375
2024-01-24 04:00:00,16730.0390625,20553.38671875,16031.0537109375
2024-01-24 05:00:00,17691.951171875,20553.38671875,16031.0537109375
2024-01-24 06:00:00,17691.951171875,20538.5703125,15866.1728515625
2024-01-24 07:00:00,17374.701171875,20448.224609375,15866.1728515625
2024-01-24 08:00:00,17132.607421875,20048.630859375,15866.1728515625
2024-01-24 09:00:00,15399.4580078125,18433.35546875,14598.33203125
2024-01-24 10:00:00,12138.4951171875,15045.83203125,11809.2451171875
2024-01-24 11:00:00,8527.9521484375,9905.5029296875,7455.3525390625
2024-01-24 12:00:00,7913.89892578125,9006.6806640625,6993.13525390625
2024-01-24 13:00:00,7911.779296875,7340.56689453125,6008.53076171875
2024-01-24 14:00:00,7500.02001953125,7299.33642578125,5547.8408203125
2024-01-24 15:00:00,7500.02001953125,7299.33642578125,5547.8408203125
2024-01-24 16:00:00,7490.36865234375,7821.12451171875,5908.20751953125
2024-01-24 17:00:00,7543.62109375,8262.234375,6174.51123046875
2024-01-24 18:00:00,7623.060546875,8363.2548828125,6174.51123046875
2024-01-24 19:00:00,7727.60400390625,8470.7802734375,6207.2431640625
2024-01-24 20:00:00,9185.328125,10804.365234375,7565.24658203125
2024-01-24 21:00:00,10174.9482421875,10937.90625,7660.93408203125
2024-01-24 22:00:00,10174.9482421875,10937.90625,7660.93408203125
2024-01-24 23:00:00,10063.080078125,10234.505859375,7343.37841796875
2024-01-25 00:00:00,9595.22216796875,10123.93115234375,7197.99560546875
2024-01-25 01:00:00,10572.0458984375,11596.77099609375,8019.523193359375
2024-01-25 02:00:00,11297.0986328125,12058.447265625,8307.54296875
2024-01-25 03:00:00,11784.5869140625,12317.2509765625,9716.00390625
2024-01-25 04:00:00,11784.5869140625,12058.447265625,9716.00390625
2024-01-25 05:00:00,11494.271484375,11150.9599609375,9066.875
2024-01-25 06:00:00,11030.2431640625,10287.435546875,8572.27734375
2024-01-25 07:00:00,11030.2431640625,10284.0146484375,8572.27734375
2024-01-25 08:00:00,10512.1640625,9763.0224609375,8349.6220703125
2024-01-25 09:00:00,10512.1640625,8766.80078125,7857.548828125
2024-01-25 10:00:00,9505.3984375,8464.0087890625,6367.2783203125
2024-01-25 11:00:00,7808.36279296875,7112.12890625,5153.4326171875
2024-01-25 12:00:00,6299.9716796875,6049.96923828125,4752.75390625
2024-01-25 13:00:00,5191.08251953125,4537.22998046875,3393.60400390625
2024-01-25 14:00:00,5191.08251953125,4537.22998046875,3393.60400390625
2024-01-25 15:00:00,5948.5478515625,5919.8828125,4516.92529296875
2024-01-25 16:00:00,8016.9482421875,8429.1865234375,6760.365234375
2024-01-25 17:00:00,9307.8837890625,9925.5,7354.73876953125
2024-01-25 18:00:00,10271.2666015625,12756.0322265625,8878.720703125
2024-01-25 19:00:00,13877.6533203125,15001.6640625,10741.537109375
2024-01-25 20:00:00,15508.97265625,16363.693359375,11987.146484375
2024-01-25 21:00:00,15508.97265625,17918.6015625,13550.728515625
2024-01-25 22:00:00,15346.7138671875,17918.6015625,13550.728515625
2024-01-25 23:00:00,15346.7138671875,17289.2421875,14161.94921875
2024-01-26 00:00:00,15205.072265625,17048.7890625,13829.25341796875
2024-01-26 01:00:00,14313.98974609375,15617.1728515625,13471.40869140625
2024-01-26 02:00:00,15058.9150390625,16476.201171875,13908.755859375
2024-01-26 03:00:00,16648.685546875,17556.986328125,14901.841796875
2024-01-26 04:00:00,16903.8359375,18882.666015625,15463.8203125
2024-01-26 05:00:00,17230.349609375,18897.32421875,15904.48828125
2024-01-26 06:00:00,17230.349609375,18897.32421875,15904.48828125
2024-01-26 07:00:00,16959.23046875,18508.892578125,15541.01953125
2024-01-26 08:00:00,16571.013671875,18492.755859375,15444.091796875
2024-01-26 09:00:00,15306.7685546875,17024.333984375,13720.37109375
2024-01-26 10:00:00,13533.7587890625,15121.27734375,11235.7587890625
2024-01-26 11:00:00,9973.8583984375,12793.3193359375,8135.9990234375
2024-01-26 12:00:00,7923.64208984375,10394.341796875,7121.5615234375
2024-01-26 13:00:00,7840.8486328125,8948.9150390625,6830.74462890625
2024-01-26 14:00:00,7840.8486328125,8508.9169921875,6830.74462890625
2024-01-26 15:00:00,8068.97314453125,8948.9150390625,7226.5537109375
2024-01-26 16:00:00,8757.6103515625,9519.814453125,7226.5537109375
2024-01-26 17:00:00,9561.92578125,10332.53515625,7301.1669921875
2024-01-26 18:00:00,10602.095703125,12068.224609375,8545.8310546875
2024-01-26 19:00:00,13935.2666015625,14987.029296875,12025.9208984375
2024-01-26 20:00:00,16219.291015625,17185.666015625,13793.5556640625
2024-01-26 21:00:00,16792.60546875,17700.6484375,14797.982421875
2024-01-26 22:00:00,16792.60546875,17700.6484375,14797.982421875
2024-01-26 23:00:00,17200.7578125,17700.6484375,14898.4697265625
2024-01-27 00:00:00,17032.32177734375,17738.7255859375,14565.6455078125
2024-01-27 01:00:00,19432.6552734375,19013.7783203125,16944.208984375
2024-01-27 02:00:00,19293.650390625,18843.68359375,16881.234375
2024-01-27 03:00:00,18898.8203125,18216.361328125,16191.830078125
2024-01-27 04:00:00,18673.34375,18054.6796875,15321.259765625
2024-01-27 05:00:00,16831.19140625,17187.716796875,13354.9130859375
2024-01-27 06:00:00,15415.8037109375,15873.265625,12890.2958984375
2024-01-27 07:00:00,13312.08984375,14850.9072265625,11048.396484375
2024-01-27 08:00:00,13175.92578125,13586.8076171875,10878.32421875
2024-01-27 09:00:00,11195.8388671875,12600.9423828125,9750.482421875
2024-01-27 10:00:00,9592.09765625,10830.748046875,6102.58984375
2024-01-27 11:00:00,7216.31787109375,9663.1318359375,5148.3056640625
2024-01-27 12:00:00,6375.966796875,7913.8603515625,4589.36669921875
2024-01-27 13:00:00,5177.74365234375,5710.76171875,3103.236328125
2024-01-27 14:00:00,5115.818359375,5532.1484375,3014.11767578125
2024-01-27 15:00:00,5032.82861328125,5286.345703125,2821.67919921875
2024-01-27 16:00:00,5032.82861328125,5233.2099609375,2821.67919921875
2024-01-27 17:00:00,5759.8427734375,5233.2099609375,3258.194091796875
2024-01-27 18:00:00,6332.70166015625,6152.8017578125,4356.41357421875
2024-01-27 19:00:00,6336.6689453125,6348.205078125,4356.41357421875
2024-01-27 20:00:00,6584.48193359375,6856.1025390625,4853.92041015625
2024-01-27 21:00:00,7594.1416015625,6348.205078125,5064.4970703125
2024-01-27 22:00:00,7594.1416015625,6213.1201171875,5108.52783203125
2024-01-27 23:00:00,6820.52685546875,5198.53125,5064.4970703125
2024-01-28 00:00:00,6666.22802734375,5044.4677734375,4968.25244140625
2024-01-28 01:00:00,6044.088134765625,4838.3408203125,3983.7352294921875
2024-01-28 02:00:00,5878.6826171875,4737.34228515625,3964.415283203125
2024-01-28 03:00:00,6398.814453125,4754.4453125,3964.415283203125
2024-01-28 04:00:00,6408.2724609375,4754.4453125,4240.80078125
2024-01-28 05:00:00,7040.6630859375,5126.041015625,5313.00439453125
2024-01-28 06:00:00,7132.45947265625,5483.76318359375,6068.19140625
2024-01-28 07:00:00,7921.53271484375,7032.6708984375,6196.1162109375
2024-01-28 08:00:00,9647.599609375,7188.46875,6849.63525390625
2024-01-28 09:00:00,9647.599609375,7188.46875,6849.63525390625
2024-01-28 10:00:00,7164.21240234375,6169.892578125,5501.4873046875
2024-01-28 11:00:00,5380.958984375,5065.95703125,4551.40087890625
2024-01-28 12:00:00,5019.5927734375,4447.31005859375,3787.435791015625
2024-01-28 13:00:00,4450.90478515625,4412.11376953125,3307.0810546875
2024-01-28 14:00:00,4440.15576171875,3881.450927734375,3008.15966796875
2024-01-28 15:00:00,4416.90234375,3881.450927734375,3008.15966796875
2024-01-28 16:00:00,4440.15576171875,4071.04052734375,3271.6171875
2024-01-28 17:00:00,5082.61474609375,4071.04052734375,3362.947998046875
2024-01-28 18:00:00,5301.72998046875,4071.04052734375,3732.4462890625
2024-01-28 19:00:00,6560.06103515625,4915.8408203125,4685.8671875
2024-01-28 20:00:00,8056.67919921875,5894.822265625,5746.8798828125
2024-01-28 21:00:00,8056.67919921875,5894.822265625,5912.19580078125
2024-01-28 22:00:00,7756.97900390625,5631.8984375,5746.8798828125
2024-01-28 23:00:00,7756.97900390625,5631.8984375,5912.19580078125
2024-01-29 00:00:00,8309.94677734375,5466.1552734375,5990.08935546875
2024-01-29 01:00:00,9692.22509765625,7537.620849609375,6893.76171875
2024-01-29 02:00:00,9786.837890625,7703.94140625,7106.994140625
2024-01-29 03:00:00,11157.5126953125,9014.1123046875,8486.7841796875
2024-01-29 04:00:00,12447.810546875,9563.9853515625,8753.138671875
2024-01-29 05:00:00,13417.1044921875,11931.1884765625,10299.625
2024-01-29 06:00:00,14549.037109375,12999.744140625,11489.7890625
2024-01-29 07:00:00,14549.037109375,12999.744140625,11489.7890625
2024-01-29 08:00:00,14415.88671875,12152.4599609375,11047.869140625
2024-01-29 09:00:00,12785.041015625,10869.4375,9116.96484375
2024-01-29 10:00:00,10571.3291015625,9526.3720703125,8503.3818359375
2024-01-29 11:00:00,9556.8623046875,7906.28759765625,6363.88134765625
2024-01-29 12:00:00,7554.9697265625,6825.52783203125,5079.47314453125
2024-01-29 13:00:00,6881.5810546875,5908.509765625,4529.255859375
2024-01-29 14:00:00,6554.845703125,5357.83154296875,3854.484619140625
2024-01-29 15:00:00,5876.90234375,4628.84033203125,3207.781005859375
2024-01-29 16:00:00,5114.78759765625,4551.34228515625,3207.781005859375
2024-01-29 17:00:00,4889.85546875,4324.78271484375,3207.781005859375
2024-01-29 18:00:00,4889.85546875,4324.78271484375,3239.454833984375
2024-01-29 19:00:00,6695.6708984375,6386.85009765625,4157.50732421875
2024-01-29 20:00:00,7259.88818359375,6386.85009765625,4544.005859375
2024-01-29 21:00:00,7323.06494140625,6222.25537109375,5008.53466796875
2024-01-29 22:00:00,7897.435546875,5874.744140625,5281.77197265625
2024-01-29 23:00:00,7897.435546875,6018.9658203125,5386.55029296875
2024-01-30 00:00:00,7790.983642578125,5744.70263671875,5334.1611328125
2024-01-30 01:00:00,5857.9833984375,3653.135986328125,3632.0396728515625
2024-01-30 02:00:00,5630.486328125,3606.87353515625,3557.4892578125
2024-01-30 03:00:00,5596.08349609375,3501.87353515625,3312.224609375
2024-01-30 04:00:00,5500.71240234375,3375.97705078125,3105.822509765625
2024-01-30 05:00:00,5344.53369140625,3375.97705078125,3105.822509765625
2024-01-30 06:00:00,4862.46533203125,3565.447021484375,3142.171630859375
2024-01-30 07:00:00,4685.14599609375,3565.447021484375,3142.171630859375
2024-01-30 08:00:00,4621.96044921875,3431.856689453125,3029.5693359375
2024-01-30 09:00:00,4418.58642578125,3305.26123046875,2851.529052734375
2024-01-30 10:00:00,4199.5927734375,3177.373291015625,2709.654541015625
2024-01-30 11:00:00,3409.2158203125,3167.2158203125,2654.875732421875
2024-01-30 12:00:00,3409.2158203125,3150.947021484375,2626.5048828125
2024-01-30 13:00:00,3493.0283203125,3098.869873046875,2626.5048828125
2024-01-30 14:00:00,3589.37744140625,3098.869873046875,2511.811279296875
2024-01-30 15:00:00,3589.37744140625,3216.727783203125,2511.811279296875
2024-01-30 16:00:00,3589.37744140625,3397.90283203125,2511.811279296875
2024-01-30 17:00:00,3932.753173828125,3536.378662109375,2723.640625
2024-01-30 18:00:00,5062.5380859375,3820.798095703125,3141.3017578125
2024-01-30 19:00:00,5546.8330078125,4913.60546875,4241.38818359375
2024-01-30 20:00:00,5586.30322265625,5892.07275390625,4290.060546875
2024-01-30 21:00:00,5899.9248046875,5961.9326171875,4330.541015625
2024-01-30 22:00:00,7681.85498046875,7389.03857421875,6269.400390625
2024-01-30 23:00:00,9746.01953125,9617.076171875,7302.88037109375
2024-01-31 00:00:00,10523.28369140625,11331.27783203125,8677.500732421875
2024-01-31 01:00:00,13675.1484375,15020.59130859375,11978.29248046875
2024-01-31 02:00:00,13975.6650390625,15174.0400390625,12448.1796875
2024-01-31 03:00:00,13975.6650390625,15174.0400390625,13036.947265625
2024-01-31 04:00:00,14077.517578125,14900.69921875,13036.947265625
2024-01-31 05:00:00,13963.1220703125,14858.955078125,12758.1923828125
2024-01-31 06:00:00,13209.587890625,14253.3427734375,11231.427734375
2024-01-31 07:00:00,12922.5537109375,13626.2880859375,10446.3974609375
2024-01-31 08:00:00,11629.3046875,12308.30078125,9083.7138671875
2024-01-31 09:00:00,8672.904296875,9717.5625,6539.32470703125
2024-01-31 10:00:00,7971.00244140625,8359.0234375,5215.4814453125
2024-01-31 11:00:00,7587.47607421875,8359.0234375,5139.857421875
2024-01-31 12:00:00,7858.96044921875,8359.0234375,5139.857421875
2024-01-31 13:00:00,7858.96044921875,8207.6767578125,5312.720703125
2024-01-31 14:00:00,7858.96044921875,8207.6767578125,5568.8486328125
2024-01-31 15:00:00,7730.37353515625,8207.6767578125,5568.8486328125
2024-01-31 16:00:00,7238.24462890625,7866.20361328125,5171.58154296875
2024-01-31 17:00:00,7238.24462890625,7866.20361328125,5171.58154296875
2024-01-31 18:00:00,8547.64453125,8040.55810546875,5914.177734375
2024-01-31 19:00:00,10076.1005859375,9856.208984375,7676.072265625
2024-01-31 20:00:00,11553.56640625,12573.9091796875,8672.7255859375
2024-01-31 21:00:00,13593.5654296875,13815.9755859375,11521.779296875
2024-01-31 22:00:00,14463.7880859375,16252.8642578125,12910.703125
2024-01-31 23:00:00,15587.7001953125,16265.6484375,13541.2177734375
2024-02-01 00:00:00,15750.18701171875,16476.830078125,13752.23681640625
2024-02-01 01:00:00,15737.0771484375,15698.85888671875,12061.49462890625
2024-02-01 02:00:00,14198.837890625,14701.1962890625,10785.705078125
2024-02-01 03:00:00,10534.8623046875,11617.21484375,7187.87451171875
2024-02-01 04:00:00,8622.5341796875,10284.98046875,5178.2578125
2024-02-01 05:00:00,5329.69580078125,5982.2314453125,2947.267333984375
2024-02-01 06:00:00,3866.154541015625,3465.65625,2590.565673828125
2024-02-01 07:00:00,3185.073974609375,3133.10595703125,2160.8681640625
2024-02-01 08:00:00,3058.19482421875,2631.3017578125,1716.1217041015625
2024-02-01 09:00:00,2252.941650390625,2444.478759765625,1716.1217041015625
2024-02-01 10:00:00,2252.941650390625,2444.478759765625,1799.250732421875
2024-02-01 11:00:00,2177.642333984375,2603.338134765625,1954.4688720703125
2024-02-01 12:00:00,2445.27587890625,2741.703369140625,2066.072509765625
2024-02-01 13:00:00,2445.27587890625,2760.252685546875,2595.2978515625
2024-02-01 14:00:00,2655.40185546875,2827.4931640625,2753.166259765625
2024-02-01 15:00:00,3827.89599609375,3161.37451171875,2958.2861328125
2024-02-01 16:00:00,3827.89599609375,3759.755126953125,3551.5693359375
2024-02-01 17:00:00,3450.514404296875,3759.755126953125,3551.5693359375
2024-02-01 18:00:00,2398.3896484375,2476.840576171875,2759.200439453125
2024-02-01 19:00:00,2398.3896484375,2476.840576171875,2759.200439453125
2024-02-01 20:00:00,2904.828125,2577.28662109375,2526.264892578125
2024-02-01 21:00:00,3237.74462890625,2842.126953125,2764.9990234375
2024-02-01 22:00:00,3134.85595703125,2638.7001953125,2526.264892578125
2024-02-01 23:00:00,3164.208740234375,2638.7001953125,2467.74755859375
2024-02-02 00:00:00,3149.5323486328125,2599.7451171875,2408.6536865234375
2024-02-02 01:00:00,3216.3128662109375,2817.421630859375,2966.7713623046875
2024-02-02 02:00:00,3397.768310546875,2870.60205078125,2923.500732421875
2024-02-02 03:00:00,3397.768310546875,2870.60205078125,2817.951416015625
2024-02-02 04:00:00,3397.768310546875,2870.60205078125,2817.951416015625
2024-02-02 05:00:00,3741.154052734375,3369.515625,3132.8671875
2024-02-02 06:00:00,3870.663818359375,3720.96728515625,3534.2958984375
2024-02-02 07:00:00,4196.38720703125,3949.187744140625,3554.28173828125
2024-02-02 08:00:00,4278.51904296875,4133.72216796875,3664.072021484375
2024-02-02 09:00:00,4441.603515625,4133.72216796875,3664.072021484375
2024-02-02 10:00:00,4441.603515625,4013.807373046875,3541.853759765625
2024-02-02 11:00:00,4199.85693359375,3861.992431640625,3241.087158203125
2024-02-02 12:00:00,3561.0673828125,3348.132568359375,3034.04931640625
2024-02-02 13:00:00,3043.017333984375,3321.84619140625,2654.969482421875
2024-02-02 14:00:00,3043.017333984375,3315.71435546875,2654.969482421875
2024-02-02 15:00:00,3082.5830078125,3084.32373046875,2451.556640625
2024-02-02 16:00:00,3295.71923828125,3044.511962890625,2602.43505859375
2024-02-02 17:00:00,3295.71923828125,2915.423828125,2602.43505859375
2024-02-02 18:00:00,3364.42138671875,2915.423828125,2654.90283203125
2024-02-02 19:00:00,3370.44287109375,2749.31689453125,2654.90283203125
2024-02-02 20:00:00,3370.44287109375,2749.31689453125,2484.796142578125
2024-02-02 21:00:00,3496.5693359375,2749.31689453125,2484.796142578125
2024-02-02 22:00:00,3666.158935546875,3381.123779296875,2665.260009765625
2024-02-02 23:00:00,3666.158935546875,3381.123779296875,2776.195068359375
2024-02-03 00:00:00,3583.1895751953125,3223.559814453125,2791.5198974609375
2024-02-03 01:00:00,3364.912109375,2509.736083984375,2444.241455078125
2024-02-03 02:00:00,3269.7490234375,2480.940185546875,2494.942626953125
2024-02-03 03:00:00,3269.7490234375,2538.531982421875,2723.896240234375
2024-02-03 04:00:00,3227.368896484375,2565.67724609375,2857.47998046875
2024-02-03 05:00:00,3266.093017578125,2631.77197265625,2857.47998046875
2024-02-03 06:00:00,3266.093017578125,2631.77197265625,2884.377197265625
2024-02-03 07:00:00,3361.537109375,2583.90478515625,2977.127197265625
2024-02-03 08:00:00,3361.537109375,2583.90478515625,2977.127197265625
2024-02-03 09:00:00,3052.021240234375,2586.67578125,2579.93701171875
2024-02-03 10:00:00,3052.021240234375,2884.34619140625,2278.85595703125
2024-02-03 11:00:00,3050.544677734375,2884.34619140625,2188.833740234375
2024-02-03 12:00:00,3116.379638671875,2702.49169921875,1753.8143310546875
2024-02-03 13:00:00,3178.44921875,2643.85009765625,1744.499267578125
2024-02-03 14:00:00,3178.44921875,2468.634033203125,1744.499267578125
2024-02-03 15:00:00,3113.31494140625,2451.341064453125,1853.820068359375
2024-02-03 16:00:00,3029.53564453125,2451.341064453125,2110.65087890625
2024-02-03 17:00:00,3029.53564453125,2749.754150390625,2124.78857421875
2024-02-03 18:00:00,2967.8642578125,2749.754150390625,2218.356689453125
2024-02-03 19:00:00,2772.197998046875,2780.499267578125,2353.368896484375
2024-02-03 20:00:00,2772.197998046875,2862.976806640625,2353.368896484375
2024-02-03 21:00:00,3063.03662109375,2869.45849609375,2413.875244140625
2024-02-03 22:00:00,3437.963623046875,3012.020263671875,2592.86181640625
2024-02-03 23:00:00,3661.115234375,3012.020263671875,2592.86181640625
2024-02-04 00:00:00,3666.7490234375,3056.23583984375,2481.0758056640625
2024-02-04 01:00:00,3067.549072265625,2768.2069091796875,2378.8538818359375
2024-02-04 02:00:00,3076.838623046875,3204.072265625,2173.855712890625
2024-02-04 03:00:00,3231.24560546875,3225.309326171875,2666.032470703125
2024-02-04 04:00:00,3542.775634765625,3225.309326171875,2666.032470703125
2024-02-04 05:00:00,3597.41748046875,3209.938720703125,2808.68310546875
2024-02-04 06:00:00,3542.775634765625,3193.704833984375,2808.68310546875
2024-02-04 07:00:00,3320.695068359375,3101.20361328125,2744.212890625
2024-02-04 08:00:00,3118.993896484375,3032.29248046875,2702.259033203125
2024-02-04 09:00:00,3068.81103515625,3032.29248046875,2540.15380859375
2024-02-04 10:00:00,2958.647705078125,3032.29248046875,2540.15380859375
2024-02-04 11:00:00,2823.591064453125,2984.8330078125,2474.953125
2024-02-04 12:00:00,2823.591064453125,2829.033935546875,2380.73681640625
2024-02-04 13:00:00,2823.591064453125,2701.393310546875,2352.59716796875
2024-02-04 14:00:00,2748.70556640625,2648.3310546875,2352.59716796875
2024-02-04 15:00:00,2590.391845703125,2379.228271484375,2352.59716796875
2024-02-04 16:00:00,2590.391845703125,2379.228271484375,2241.511474609375
2024-02-04 17:00:00,2590.391845703125,2473.4013671875,2241.511474609375
2024-02-04 18:00:00,2606.855224609375,2584.0634765625,2264.95556640625
2024-02-04 19:00:00,2835.2392578125,2689.429443359375,2266.30517578125
2024-02-04 20:00:00,2942.198974609375,2746.513671875,2541.763916015625
2024-02-04 21:00:00,3147.7119140625,2996.8388671875,2943.5244140625
2024-02-04 22:00:00,3155.994384765625,2996.8388671875,2943.5244140625
2024-02-04 23:00:00,3147.7119140625,2664.6728515625,2412.356689453125
2024-02-05 00:00:00,3191.176513671875,2630.247802734375,2412.265380859375
2024-02-05 01:00:00,6792.54638671875,7993.602783203125,6090.75244140625
2024-02-05 02:00:00,8527.279296875,9318.388671875,8007.30810546875
2024-02-05 03:00:00,10618.5517578125,10439.3818359375,9725.8603515625
2024-02-05 04:00:00,10979.3486328125,12294.2900390625,10031.9619140625
2024-02-05 05:00:00,14336.2763671875,15637.60546875,13740.40234375
2024-02-05 06:00:00,16430.345703125,17359.900390625,16079.28515625
2024-02-05 07:00:00,16829.427734375,17359.900390625,16506.396484375
2024-02-05 08:00:00,16829.427734375,17249.767578125,16506.396484375
2024-02-05 09:00:00,16084.7900390625,17197.18359375,16259.8564453125
2024-02-05 10:00:00,15173.9267578125,16289.755859375,15522.4130859375
2024-02-05 11:00:00,14021.9931640625,15506.0654296875,14767.9365234375
2024-02-05 12:00:00,13492.7744140625,15119.3701171875,14191.47265625
2024-02-05 13:00:00,12421.2236328125,14316.3779296875,13384.505859375
2024-02-05 14:00:00,11800.52734375,13777.578125,12770.8642578125
2024-02-05 15:00:00,11322.0869140625,13131.3095703125,11740.5087890625
2024-02-05 16:00:00,10164.166015625,10877.0771484375,9741.7265625
2024-02-05 17:00:00,9375.263671875,9769.8837890625,8905.283203125
2024-02-05 18:00:00,6488.66259765625,7281.72119140625,6542.8896484375
2024-02-05 19:00:00,4924.029296875,5493.94580078125,4884.07080078125
2024-02-05 20:00:00,2946.667724609375,3759.22998046875,3092.279541015625
2024-02-05 21:00:00,2946.667724609375,3216.8720703125,2814.94970703125
2024-02-05 22:00:00,3010.511962890625,3111.9765625,2588.400146484375
2024-02-05 23:00:00,3091.691162109375,2788.1064453125,2573.474609375
2024-02-06 00:00:00,3072.5025634765625,2713.9588623046875,2569.1986083984375
2024-02-06 01:00:00,3215.819091796875,2720.1737060546875,2610.481689453125
2024-02-06 02:00:00,3392.218994140625,2690.89404296875,2773.865966796875
2024-02-06 03:00:00,3429.641845703125,2690.7392578125,2781.057861328125
2024-02-06 04:00:00,3429.641845703125,2613.62548828125,3246.97216796875
2024-02-06 05:00:00,3429.641845703125,2690.7392578125,3329.838623046875
2024-02-06 06:00:00,3468.755615234375,2813.23193359375,3329.838623046875
2024-02-06 07:00:00,3468.755615234375,3156.2822265625,3629.720458984375
2024-02-06 08:00:00,3517.123046875,3245.672607421875,3694.466552734375
2024-02-06 09:00:00,3540.7255859375,3489.64990234375,3694.466552734375
2024-02-06 10:00:00,3540.7255859375,3489.64990234375,3450.91162109375
2024-02-06 11:00:00,3217.463623046875,3489.64990234375,3055.65966796875
2024-02-06 12:00:00,3217.463623046875,3711.342529296875,3055.65966796875
2024-02-06 13:00:00,3695.3046875,3711.342529296875,3193.86669921875
2024-02-06 14:00:00,4114.923828125,3524.607666015625,3193.86669921875
2024-02-06 15:00:00,4197.4990234375,3524.607666015625,3193.86669921875
2024-02-06 16:00:00,4202.49853515625,3740.118896484375,3400.007080078125
2024-02-06 17:00:00,4308.318359375,3811.33740234375,3905.6728515625
2024-02-06 18:00:00,4521.60205078125,4037.22119140625,4074.177490234375
2024-02-06 19:00:00,4614.95068359375,4127.7919921875,4089.958740234375
2024-02-06 20:00:00,5074.5146484375,4146.02734375,4626.04638671875
2024-02-06 21:00:00,6126.90478515625,5773.19189453125,5472.22705078125
2024-02-06 22:00:00,6213.3056640625,6378.61669921875,5782.65966796875
2024-02-06 23:00:00,6629.2802734375,6141.28564453125,6072.77978515625
2024-02-07 00:00:00,6749.357666015625,6385.311767578125,6183.74462890625
2024-02-07 01:00:00,5525.572265625,5550.041748046875,4857.966552734375
2024-02-07 02:00:00,5471.62451171875,5318.654296875,4688.9521484375
2024-02-07 03:00:00,4966.63232421875,4362.9609375,4641.10498046875
2024-02-07 04:00:00,4531.0830078125,4362.9609375,4479.3037109375
2024-02-07 05:00:00,4294.166015625,4362.9609375,4453.4404296875
2024-02-07 06:00:00,4294.166015625,4294.314453125,4453.4404296875
2024-02-07 07:00:00,4270.50048828125,4185.56005859375,4534.57275390625
2024-02-07 08:00:00,4218.44677734375,4197.884765625,4534.57275390625
2024-02-07 09:00:00,3994.271240234375,3943.84814453125,4096.990234375
2024-02-07 10:00:00,3090.179931640625,3528.144775390625,2971.57763671875
2024-02-07 11:00:00,2907.14794921875,2781.108154296875,2760.875732421875
2024-02-07 12:00:00,2812.4384765625,2740.1982421875,2742.59912109375
2024-02-07 13:00:00,2812.4384765625,2740.1982421875,2456.149169921875
2024-02-07 14:00:00,2993.69970703125,2977.4365234375,2456.149169921875
2024-02-07 15:00:00,2993.69970703125,3125.974853515625,2632.15283203125
2024-02-07 16:00:00,2993.69970703125,3125.974853515625,2717.858154296875
2024-02-07 17:00:00,3151.26904296875,3084.468505859375,3266.248779296875
2024-02-07 18:00:00,3233.12158203125,3084.468505859375,3468.10205078125
2024-02-07 19:00:00,3297.198974609375,3105.21826171875,3481.0908203125
2024-02-07 20:00:00,3991.63134765625,3527.911376953125,4091.7353515625
2024-02-07 21:00:00,4708.02392578125,4512.19677734375,4515.5166015625
2024-02-07 22:00:00,6709.466796875,6390.0087890625,5927.09326171875
2024-02-07 23:00:00,6709.466796875,6390.0087890625,5927.09326171875
2024-02-08 00:00:00,6340.288818359375,6268.925537109375,5632.359130859375
2024-02-08 01:00:00,5803.5634765625,5970.640625,5431.69189453125
2024-02-08 02:00:00,6160.3662109375,6423.35986328125,5962.78125
2024-02-08 03:00:00,7171.09521484375,7089.14990234375,6961.31005859375
2024-02-08 04:00:00,8609.9130859375,8477.25,7277.6416015625
2024-02-08 05:00:00,8772.236328125,8477.25,7277.6416015625
2024-02-08 06:00:00,9231.7431640625,8345.6826171875,6946.0556640625
2024-02-08 07:00:00,9231.7431640625,8016.412109375,6675.33349609375
2024-02-08 08:00:00,8810.7158203125,7834.6298828125,6186.72802734375
2024-02-08 09:00:00,7669.9052734375,7258.50244140625,4859.91748046875
2024-02-08 10:00:00,5813.92626953125,5176.8125,3537.0908203125
2024-02-08 11:00:00,5140.1708984375,5109.49560546875,3534.5546875
2024-02-08 12:00:00,4841.00390625,4984.29443359375,3301.662353515625
2024-02-08 13:00:00,4269.189453125,4707.10009765625,3190.739501953125
2024-02-08 14:00:00,3395.28466796875,3136.659423828125,2734.999267578125
2024-02-08 15:00:00,3352.924560546875,2984.68798828125,2622.7607421875
2024-02-08 16:00:00,3352.924560546875,2917.733642578125,2622.7607421875
2024-02-08 17:00:00,3433.861328125,2917.733642578125,2606.794921875
2024-02-08 18:00:00,3618.881591796875,2968.288330078125,2629.302978515625
2024-02-08 19:00:00,4068.16845703125,3461.3212890625,3128.765625
2024-02-08 20:00:00,4984.068359375,5120.9736328125,3731.471435546875
2024-02-08 21:00:00,5067.9560546875,5128.318359375,3840.28369140625
2024-02-08 22:00:00,5195.30615234375,5383.40087890625,4157.87841796875
2024-02-08 23:00:00,5742.1650390625,5383.40087890625,4157.87841796875
2024-02-09 00:00:00,5769.378662109375,5182.34326171875,4168.028076171875
2024-02-09 01:00:00,4048.6962890625,3529.1937255859375,2502.908935546875
2024-02-09 02:00:00,4291.5556640625,4018.567138671875,2725.802734375
2024-02-09 03:00:00,5083.4990234375,4700.5595703125,3132.2216796875
2024-02-09 04:00:00,5814.498046875,4851.236328125,3692.141845703125
2024-02-09 05:00:00,6423.58935546875,5157.61083984375,3762.687255859375
2024-02-09 06:00:00,6524.21533203125,5396.57666015625,3902.093505859375
2024-02-09 07:00:00,6685.7470703125,5795.45654296875,4272.603515625
2024-02-09 08:00:00,6835.42333984375,6074.6572265625,4446.1845703125
2024-02-09 09:00:00,6835.42333984375,6074.6572265625,4446.1845703125
2024-02-09 10:00:00,6835.42333984375,6074.6572265625,4446.1845703125
2024-02-09 11:00:00,6844.12841796875,6735.0712890625,4752.2294921875
2024-02-09 12:00:00,7228.77197265625,6735.0712890625,5208.458984375
2024-02-09 13:00:00,7571.296875,7158.1982421875,5301.40283203125
2024-02-09 14:00:00,8482.8359375,7343.05029296875,5749.86865234375
2024-02-09 15:00:00,9569.541015625,8293.7421875,7041.21875
2024-02-09 16:00:00,9569.541015625,8860.86328125,7783.36376953125
2024-02-09 17:00:00,10346.763671875,9235.1533203125,7846.708984375
2024-02-09 18:00:00,11988.025390625,13038.9677734375,10794.732421875
2024-02-09 19:00:00,12437.017578125,13827.302734375,12007.5693359375
2024-02-09 20:00:00,12912.103515625,14835.603515625,12768.1083984375
2024-02-09 21:00:00,13180.478515625,15582.26171875,13658.9970703125
2024-02-09 22:00:00,14587.6884765625,16818.1328125,14937.4013671875
2024-02-09 23:00:00,15586.119140625,16863.974609375,15232.3515625
2024-02-10 00:00:00,15899.4189453125,17167.298828125,15403.5048828125
2024-02-10 01:00:00,16141.80029296875,16561.4990234375,14865.50439453125
2024-02-10 02:00:00,15837.1708984375,16064.091796875,14451.8486328125
2024-02-10 03:00:00,15829.27734375,16064.091796875,14331.37109375
2024-02-10 04:00:00,15829.27734375,16604.41015625,14451.8486328125
2024-02-10 05:00:00,15832.12890625,16930.140625,14529.455078125
2024-02-10 06:00:00,15832.12890625,16930.140625,14529.455078125
2024-02-10 07:00:00,15526.0595703125,16853.619140625,14398.2529296875
2024-02-10 08:00:00,15026.857421875,16583.4375,14258.9482421875
2024-02-10 09:00:00,14255.484375,15747.6962890625,13197.5205078125
2024-02-10 10:00:00,12011.4873046875,13661.5732421875,11719.615234375
2024-02-10 11:00:00,11552.0595703125,12302.310546875,10414.140625
2024-02-10 12:00:00,11314.7744140625,12058.4345703125,10070.2294921875
2024-02-10 13:00:00,11246.94921875,11586.984375,9877.509765625
2024-02-10 14:00:00,10770.5234375,10295.4287109375,8647.10546875
2024-02-10 15:00:00,10660.83203125,10295.4287109375,8647.10546875
2024-02-10 16:00:00,10660.83203125,10571.8876953125,9544.517578125
2024-02-10 17:00:00,11499.6884765625,12031.830078125,10531.41796875
2024-02-10 18:00:00,11905.9140625,12711.3876953125,11228.2529296875
2024-02-10 19:00:00,11905.9140625,12711.3876953125,11228.2529296875
2024-02-10 20:00:00,11235.791015625,12976.2373046875,10828.6181640625
2024-02-10 21:00:00,11235.791015625,12603.2890625,10307.9140625
2024-02-10 22:00:00,12014.4755859375,12603.2890625,10183.205078125
2024-02-10 23:00:00,12014.4755859375,12603.2890625,10277.42578125
2024-02-11 00:00:00,11806.3115234375,12474.779296875,9960.439453125
2024-02-11 01:00:00,13043.05029296875,14531.31494140625,12006.34423828125
2024-02-11 02:00:00,13315.8896484375,15397.0771484375,12625.8193359375
2024-02-11 03:00:00,13315.8896484375,15397.0771484375,12860.3994140625
2024-02-11 04:00:00,13017.08203125,15138.54296875,12860.3994140625
2024-02-11 05:00:00,13017.08203125,14991.794921875,12843.0810546875
2024-02-11 06:00:00,13433.19140625,14991.794921875,12843.0810546875
2024-02-11 07:00:00,13933.5771484375,16160.2158203125,13894.1435546875
2024-02-11 08:00:00,14047.478515625,16647.875,13894.1435546875
2024-02-11 09:00:00,14047.478515625,16647.875,14386.107421875
2024-02-11 10:00:00,14047.478515625,16421.18359375,14386.107421875
2024-02-11 11:00:00,14020.333984375,16145.6591796875,14386.107421875
2024-02-11 12:00:00,13877.1142578125,13746.51171875,13580.197265625
2024-02-11 13:00:00,13824.6279296875,13571.0146484375,13228.2666015625
2024-02-11 14:00:00,13438.6025390625,12809.564453125,11505.7236328125
2024-02-11 15:00:00,13438.6025390625,12809.564453125,11505.7236328125
2024-02-11 16:00:00,14042.6435546875,13591.5029296875,12552.501953125
2024-02-11 17:00:00,14557.6611328125,13666.6328125,12987.9404296875
2024-02-11 18:00:00,14557.6611328125,13591.5029296875,12987.9404296875
2024-02-11 19:00:00,14184.0009765625,12925.154296875,12648.8876953125
2024-02-11 20:00:00,12359.146484375,11280.6474609375,10625.1826171875
2024-02-11 21:00:00,11634.0986328125,11280.6474609375,10440.0302734375
2024-02-11 22:00:00,10693.9091796875,11375.587890625,10440.0302734375
2024-02-11 23:00:00,10553.046875,11586.4892578125,10388.4619140625
2024-02-12 00:00:00,10551.51318359375,11976.5712890625,10005.15185546875
2024-02-12 01:00:00,7250.02392578125,8482.06396484375,6214.3798828125
2024-02-12 02:00:00,7171.71630859375,7419.71484375,5695.9599609375
2024-02-12 03:00:00,7328.33154296875,7354.318359375,5695.9599609375
2024-02-12 04:00:00,8074.435546875,7354.318359375,5850.45263671875
2024-02-12 05:00:00,9571.5869140625,8004.234375,7260.58447265625
2024-02-12 06:00:00,9609.0830078125,8793.5634765625,7529.7275390625
2024-02-12 07:00:00,11658.2666015625,9928.33984375,9176.060546875
2024-02-12 08:00:00,13082.6337890625,11907.2255859375,10807.73828125
2024-02-12 09:00:00,13082.6337890625,13485.32421875,11021.78125
2024-02-12 10:00:00,12867.5771484375,13491.3740234375,10807.73828125
2024-02-12 11:00:00,12456.2568359375,13485.32421875,10538.0654296875
2024-02-12 12:00:00,12456.2568359375,13455.9921875,10355.048828125
2024-02-12 13:00:00,12625.412109375,13455.9921875,10355.048828125
2024-02-12 14:00:00,15363.0986328125,16064.783203125,14006.2548828125
2024-02-12 15:00:00,15509.84765625,16064.783203125,14866.9716796875
2024-02-12 16:00:00,15616.8447265625,15938.2138671875,14866.9716796875
2024-02-12 17:00:00,15971.22265625,15938.2138671875,14952.87890625
2024-02-12 18:00:00,15971.22265625,15950.6162109375,14952.87890625
2024-02-12 19:00:00,17582.173828125,17020.0,16518.25390625
2024-02-12 20:00:00,17896.859375,18593.197265625,17175.6953125
2024-02-12 21:00:00,18847.892578125,18829.099609375,17728.55078125
2024-02-12 22:00:00,19322.29296875,19070.162109375,18011.048828125
2024-02-12 23:00:00,19495.91015625,19211.955078125,18273.310546875
2024-02-13 00:00:00,19518.3203125,19350.091796875,18371.0146484375
2024-02-13 01:00:00,19411.720703125,19447.8232421875,18024.9443359375
2024-02-13 02:00:00,19621.86328125,19463.484375,18157.427734375
2024-02-13 03:00:00,19964.18359375,19510.369140625,18157.427734375
2024-02-13 04:00:00,20079.0703125,19463.484375,18168.91015625
2024-02-13 05:00:00,20079.0703125,19505.513671875,18168.91015625
2024-02-13 06:00:00,19898.2265625,19391.078125,18168.91015625
2024-02-13 07:00:00,19726.4921875,19350.154296875,17884.21484375
2024-02-13 08:00:00,18812.3125,19001.470703125,17810.900390625
2024-02-13 09:00:00,18781.212890625,19001.470703125,17810.900390625
2024-02-13 10:00:00,18248.599609375,18851.48046875,17984.5703125
2024-02-13 11:00:00,17876.48828125,18851.48046875,17984.5703125
2024-02-13 12:00:00,17773.76171875,18362.072265625,17370.55859375
2024-02-13 13:00:00,17773.76171875,18362.072265625,17223.25390625
2024-02-13 14:00:00,18157.76953125,18490.87109375,17223.25390625
2024-02-13 15:00:00,18936.673828125,18500.634765625,17403.359375
2024-02-13 16:00:00,18986.736328125,18639.248046875,17444.78515625
2024-02-13 17:00:00,20009.697265625,18683.384765625,17808.005859375
2024-02-13 18:00:00,20009.697265625,18683.384765625,17888.927734375
2024-02-13 19:00:00,20244.115234375,18686.798828125,17908.5234375
2024-02-13 20:00:00,19981.244140625,18741.1171875,18073.9609375
2024-02-13 21:00:00,20292.978515625,18798.083984375,18361.373046875
2024-02-13 22:00:00,19981.244140625,18794.716796875,18361.373046875
2024-02-13 23:00:00,19994.4453125,18798.083984375,18361.373046875
2024-02-14 00:00:00,19837.8994140625,18887.8427734375,18365.3427734375
2024-02-14 01:00:00,20353.736328125,19237.0712890625,18780.2880859375
2024-02-14 02:00:00,20617.15234375,19100.052734375,18763.783203125
2024-02-14 03:00:00,20752.05859375,19084.33984375,18763.783203125
2024-02-14 04:00:00,20752.05859375,19100.052734375,18763.783203125
2024-02-14 05:00:00,20641.84765625,19108.04296875,18549.02734375
2024-02-14 06:00:00,20332.966796875,19108.04296875,18363.97265625
2024-02-14 07:00:00,19830.65625,18973.224609375,18317.138671875
2024-02-14 08:00:00,19710.779296875,18868.98828125,18291.30859375
2024-02-14 09:00:00,19105.376953125,18868.98828125,17993.0234375
2024-02-14 10:00:00,18776.970703125,18810.064453125,17974.875
2024-02-14 11:00:00,18432.73046875,18747.47265625,17932.748046875
2024-02-14 12:00:00,17750.712890625,18706.125,17601.3125
2024-02-14 13:00:00,17100.09765625,18241.6875,16989.552734375
2024-02-14 14:00:00,16694.177734375,17574.822265625,16555.337890625
2024-02-14 15:00:00,16412.130859375,17201.75390625,16453.416015625
2024-02-14 16:00:00,15997.1630859375,16304.6943359375,14817.8330078125
2024-02-14 17:00:00,15747.9755859375,16304.6943359375,14766.6826171875
2024-02-14 18:00:00,15997.1630859375,16824.603515625,14817.8330078125
2024-02-14 19:00:00,16549.990234375,17622.548828125,15729.994140625
2024-02-14 20:00:00,16667.330078125,17622.548828125,16190.07421875
2024-02-14 21:00:00,17175.306640625,17369.970703125,16345.6591796875
2024-02-14 22:00:00,17175.306640625,17369.970703125,16345.6591796875
2024-02-14 23:00:00,17175.306640625,17369.970703125,16510.296875
2024-02-15 00:00:00,16964.5205078125,17627.7744140625,16571.6240234375
2024-02-15 01:00:00,16517.87158203125,17181.96875,15394.232421875
2024-02-15 02:00:00,16103.4931640625,16822.19140625,15006.3291015625
2024-02-15 03:00:00,13908.2314453125,15171.8427734375,13342.1875
2024-02-15 04:00:00,13557.5244140625,14211.6494140625,12373.611328125
2024-02-15 05:00:00,12527.3037109375,12718.2041015625,9771.2734375
2024-02-15 06:00:00,10383.3291015625,11846.8828125,7755.876953125
2024-02-15 07:00:00,9904.5341796875,10088.259765625,7755.876953125
2024-02-15 08:00:00,8438.8544921875,9631.0439453125,7997.0302734375
2024-02-15 09:00:00,8332.7109375,9735.123046875,8240.9658203125
2024-02-15 10:00:00,8148.7548828125,9631.0439453125,8240.9658203125
2024-02-15 11:00:00,8115.48388671875,9168.5048828125,7573.93896484375
2024-02-15 12:00:00,8003.37158203125,7565.640625,6952.1767578125
2024-02-15 13:00:00,6611.6162109375,6427.2607421875,4744.900390625
2024-02-15 14:00:00,6558.96728515625,6238.90478515625,4462.41796875
2024-02-15 15:00:00,4050.27880859375,3925.367919921875,3574.597412109375
2024-02-15 16:00:00,3913.380126953125,3892.444091796875,3519.23046875
2024-02-15 17:00:00,3681.197998046875,3683.697509765625,3295.369384765625
2024-02-15 18:00:00,3796.4384765625,3087.705810546875,2739.474609375
2024-02-15 19:00:00,3674.32275390625,3014.119873046875,2739.474609375
2024-02-15 20:00:00,3674.32275390625,2998.380859375,2739.474609375
2024-02-15 21:00:00,3411.78466796875,2998.380859375,2811.528076171875
2024-02-15 22:00:00,3341.694580078125,2846.952880859375,2742.708984375
2024-02-15 23:00:00,2995.949951171875,2872.947509765625,2742.708984375
2024-02-16 00:00:00,2976.5660400390625,2859.9501953125,2665.4217529296875
2024-02-16 01:00:00,2538.292236328125,2245.713623046875,2445.2508544921875
2024-02-16 02:00:00,2565.14453125,2182.064453125,2429.119384765625
2024-02-16 03:00:00,2656.2841796875,2309.36279296875,2587.76220703125
2024-02-16 04:00:00,2922.859619140625,2421.057373046875,2429.119384765625
2024-02-16 05:00:00,2922.859619140625,2436.627197265625,2683.1826171875
2024-02-16 06:00:00,2986.84521484375,2728.6142578125,2746.644287109375
2024-02-16 07:00:00,3248.3525390625,2966.0947265625,2800.190185546875
2024-02-16 08:00:00,3415.860595703125,3563.4599609375,2800.190185546875
2024-02-16 09:00:00,3461.32177734375,3600.576416015625,2887.169189453125
2024-02-16 10:00:00,3461.32177734375,3600.576416015625,2918.96044921875
2024-02-16 11:00:00,3441.693359375,3408.015625,2985.99365234375
2024-02-16 12:00:00,3441.693359375,3408.015625,3010.933349609375
2024-02-16 13:00:00,3693.919677734375,3864.67333984375,3159.645751953125
2024-02-16 14:00:00,3713.555908203125,4130.0224609375,3367.338623046875
2024-02-16 15:00:00,4142.5703125,4421.5048828125,3406.11083984375
2024-02-16 16:00:00,4349.31787109375,4644.62548828125,3577.095703125
2024-02-16 17:00:00,4717.2783203125,4819.34912109375,4195.10791015625
2024-02-16 18:00:00,6689.9375,5916.0859375,5575.59326171875
2024-02-16 19:00:00,9539.7294921875,9032.443359375,7144.6171875
2024-02-16 20:00:00,11263.69140625,12369.751953125,9833.8876953125
2024-02-16 21:00:00,13494.93359375,14963.7138671875,11825.0908203125
2024-02-16 22:00:00,15887.5693359375,16381.7880859375,13817.619140625
2024-02-16 23:00:00,16724.490234375,16999.951171875,14955.1181640625
2024-02-17 00:00:00,16766.8095703125,17336.90625,15116.00341796875
2024-02-17 01:00:00,16696.873046875,18002.7177734375,15017.86474609375
2024-02-17 02:00:00,17035.63671875,17972.275390625,15093.6826171875
2024-02-17 03:00:00,17059.603515625,17971.11328125,15093.6826171875
2024-02-17 04:00:00,17254.34375,17662.0078125,14365.53515625
2024-02-17 05:00:00,17254.34375,17158.57421875,14151.7373046875
2024-02-17 06:00:00,17254.34375,16405.126953125,13670.7724609375
2024-02-17 07:00:00,16919.0390625,16175.9189453125,13318.5341796875
2024-02-17 08:00:00,15911.408203125,15596.296875,13124.623046875
2024-02-17 09:00:00,15271.30078125,15522.708984375,12451.6669921875
2024-02-17 10:00:00,12697.001953125,12837.5517578125,10175.21484375
2024-02-17 11:00:00,10220.4775390625,10996.9775390625,8417.9521484375
2024-02-17 12:00:00,10220.4775390625,10996.9775390625,8417.9521484375
2024-02-17 13:00:00,11331.111328125,11274.2705078125,9030.7734375
2024-02-17 14:00:00,11331.111328125,11360.8173828125,9030.7734375
2024-02-17 15:00:00,11416.2236328125,11274.2705078125,8620.638671875
2024-02-17 16:00:00,11416.2236328125,11360.8173828125,8620.638671875
2024-02-17 17:00:00,12278.5986328125,11430.2763671875,9291.7294921875
2024-02-17 18:00:00,14634.3017578125,13895.134765625,11812.9052734375
2024-02-17 19:00:00,14822.716796875,15139.482421875,12782.892578125
2024-02-17 20:00:00,15107.0791015625,15314.9814453125,12782.892578125
2024-02-17 21:00:00,15107.0791015625,15314.9814453125,12782.892578125
2024-02-17 22:00:00,17223.642578125,15666.1806640625,14135.0810546875
2024-02-17 23:00:00,17223.642578125,16232.7490234375,14135.0810546875
2024-02-18 00:00:00,16698.4931640625,15949.46484375,14308.0107421875
2024-02-18 01:00:00,15414.3330078125,16111.7529296875,13120.6416015625
2024-02-18 02:00:00,15674.0244140625,15943.0927734375,12691.26953125
2024-02-18 03:00:00,16038.96875,15943.0927734375,12691.26953125
2024-02-18 04:00:00,16038.96875,15943.0927734375,12552.3701171875
2024-02-18 05:00:00,14868.05078125,15488.732421875,12120.1669921875
2024-02-18 06:00:00,13931.439453125,15087.130859375,11101.4091796875
2024-02-18 07:00:00,13332.7099609375,15028.1005859375,10603.580078125
2024-02-18 08:00:00,12098.5234375,11375.1572265625,9275.626953125
2024-02-18 09:00:00,10239.8056640625,10623.2666015625,7587.35888671875
2024-02-18 10:00:00,9290.3740234375,9824.9521484375,6579.6806640625
2024-02-18 11:00:00,7075.26416015625,9390.8564453125,5799.10986328125
2024-02-18 12:00:00,6985.32177734375,8623.1064453125,5274.37109375
2024-02-18 13:00:00,6799.9521484375,8557.6044921875,4869.0087890625
2024-02-18 14:00:00,6704.64404296875,8410.798828125,4869.0087890625
2024-02-18 15:00:00,6704.64404296875,8323.92578125,5067.10400390625
2024-02-18 16:00:00,7085.78369140625,8323.92578125,5450.58349609375
2024-02-18 17:00:00,7539.65869140625,9856.826171875,5765.80517578125
2024-02-18 18:00:00,9135.6796875,12172.7373046875,8682.0947265625
2024-02-18 19:00:00,11944.91796875,14748.107421875,11378.197265625
2024-02-18 20:00:00,12197.7470703125,15251.0810546875,12320.005859375
2024-02-18 21:00:00,12520.87890625,15311.0810546875,12380.17578125
2024-02-18 22:00:00,13832.73828125,16019.876953125,13180.7890625
2024-02-18 23:00:00,14343.0390625,16019.876953125,13728.857421875
2024-02-19 00:00:00,14400.11083984375,16085.74169921875,13774.75146484375
2024-02-19 01:00:00,16181.39111328125,16313.69140625,14037.12060546875
2024-02-19 02:00:00,15401.224609375,15543.6171875,13864.0712890625
2024-02-19 03:00:00,15160.7958984375,15543.6171875,13813.353515625
2024-02-19 04:00:00,14955.759765625,15543.6171875,13813.353515625
2024-02-19 05:00:00,14570.8408203125,15336.048828125,13306.4775390625
2024-02-19 06:00:00,13359.966796875,15334.306640625,12116.0791015625
2024-02-19 07:00:00,12995.265625,13951.462890625,10712.568359375
2024-02-19 08:00:00,10893.7666015625,12771.8564453125,10050.5625
2024-02-19 09:00:00,10849.9453125,12711.8291015625,9719.703125
2024-02-19 10:00:00,10893.7666015625,12711.8291015625,10050.5625
2024-02-19 11:00:00,10918.3232421875,13507.1708984375,10874.0859375
2024-02-19 12:00:00,10918.3232421875,13507.1708984375,11018.2353515625
2024-02-19 13:00:00,11474.564453125,13066.697265625,11052.2138671875
2024-02-19 14:00:00,12040.8896484375,13066.697265625,12538.5576171875
2024-02-19 15:00:00,12040.8896484375,13066.697265625,12538.5576171875
2024-02-19 16:00:00,11016.5361328125,12027.3017578125,11171.765625
2024-02-19 17:00:00,10571.33984375,11509.603515625,11171.765625
2024-02-19 18:00:00,10390.13671875,10953.9521484375,11171.765625
2024-02-19 19:00:00,8932.79296875,10138.9501953125,10020.115234375
2024-02-19 20:00:00,6724.576171875,8194.1123046875,7935.11083984375
2024-02-19 21:00:00,5723.2314453125,6043.76611328125,6058.24365234375
2024-02-19 22:00:00,5653.66357421875,5834.18359375,5477.5048828125
2024-02-19 23:00:00,5555.64892578125,5684.6533203125,4550.24951171875
2024-02-20 00:00:00,5246.212890625,5199.4638671875,4527.356201171875
2024-02-20 01:00:00,3492.768310546875,3263.6185302734375,2955.4483642578125
2024-02-20 02:00:00,3642.416259765625,3355.188232421875,3035.438232421875
2024-02-20 03:00:00,3343.120361328125,3138.05078125,2623.144775390625
2024-02-20 04:00:00,3389.9970703125,3355.188232421875,2674.52685546875
2024-02-20 05:00:00,2874.25,3223.661376953125,2674.52685546875
2024-02-20 06:00:00,2924.101806640625,3455.01220703125,2690.558837890625
2024-02-20 07:00:00,2924.101806640625,3478.09228515625,2746.1123046875
2024-02-20 08:00:00,3576.14501953125,4483.7265625,3274.52685546875
2024-02-20 09:00:00,3576.14501953125,4740.24609375,3662.5673828125
2024-02-20 10:00:00,3567.797119140625,4760.5517578125,3700.314208984375
2024-02-20 11:00:00,3567.797119140625,4992.91259765625,3700.314208984375
2024-02-20 12:00:00,3431.96044921875,4992.91259765625,3700.314208984375
2024-02-20 13:00:00,3642.727294921875,4992.91259765625,4072.029052734375
2024-02-20 14:00:00,3466.869873046875,4975.81298828125,4072.029052734375
2024-02-20 15:00:00,3636.113525390625,4944.384765625,3647.32421875
2024-02-20 16:00:00,3636.113525390625,4944.384765625,3647.32421875
2024-02-20 17:00:00,3990.79345703125,5403.45361328125,4885.078125
2024-02-20 18:00:00,4085.99365234375,5991.6689453125,5186.7529296875
2024-02-20 19:00:00,4320.67578125,6076.5185546875,5554.52783203125
2024-02-20 20:00:00,4797.07275390625,6806.15625,5702.2001953125
2024-02-20 21:00:00,4854.19921875,7000.90380859375,5736.046875
2024-02-20 22:00:00,4875.833984375,7047.02490234375,6262.615234375
2024-02-20 23:00:00,4875.833984375,7328.43359375,6262.615234375
2024-02-21 00:00:00,4700.183349609375,7187.729248046875,6052.427978515625
2024-02-21 01:00:00,6193.852783203125,7918.29541015625,6855.60009765625
2024-02-21 02:00:00,6642.6826171875,8030.3984375,6702.06494140625
2024-02-21 03:00:00,6642.6826171875,8085.56982421875,6707.6767578125
2024-02-21 04:00:00,6766.14208984375,8302.3828125,6707.6767578125
2024-02-21 05:00:00,7482.51318359375,9024.37109375,7271.76416015625
2024-02-21 06:00:00,8081.3818359375,9594.3486328125,7409.12060546875
2024-02-21 07:00:00,9119.7421875,9709.2578125,8829.65625
2024-02-21 08:00:00,9373.9208984375,10178.580078125,8842.298828125
2024-02-21 09:00:00,9523.8955078125,10286.166015625,8939.671875
2024-02-21 10:00:00,9876.6982421875,10178.580078125,10060.251953125
2024-02-21 11:00:00,9876.6982421875,10148.3623046875,10060.251953125
2024-02-21 12:00:00,9282.970703125,9864.369140625,9503.84765625
2024-02-21 13:00:00,8703.5810546875,9864.369140625,8815.2841796875
2024-02-21 14:00:00,8703.5810546875,9781.6376953125,8815.2841796875
2024-02-21 15:00:00,9178.6240234375,9868.828125,9095.0888671875
2024-02-21 16:00:00,9379.572265625,9868.828125,9373.595703125
2024-02-21 17:00:00,9379.572265625,10048.7197265625,9382.173828125
2024-02-21 18:00:00,10027.0419921875,11011.1162109375,10488.458984375
2024-02-21 19:00:00,10638.0849609375,11632.3017578125,10868.7197265625
2024-02-21 20:00:00,10638.0849609375,12149.080078125,11621.2109375
2024-02-21 21:00:00,10638.0849609375,12167.322265625,11621.2109375
2024-02-21 22:00:00,10551.9169921875,12167.322265625,11342.7626953125
2024-02-21 23:00:00,10674.48046875,12019.8271484375,11342.7626953125
2024-02-22 00:00:00,10613.19873046875,11978.93310546875,11158.83154296875
2024-02-22 01:00:00,11201.6328125,12114.1787109375,11607.68603515625
2024-02-22 02:00:00,11219.2724609375,11601.853515625,11523.9248046875
2024-02-22 03:00:00,11219.2724609375,11277.5361328125,10552.1123046875
2024-02-22 04:00:00,10536.34375,11073.869140625,10077.8916015625
2024-02-22 05:00:00,10236.5263671875,10686.2294921875,9773.8671875
2024-02-22 06:00:00,9940.685546875,10686.2294921875,9773.8671875
2024-02-22 07:00:00,9940.685546875,10966.337890625,9953.8603515625
2024-02-22 08:00:00,9989.2001953125,11132.7744140625,10160.126953125
2024-02-22 09:00:00,9989.2001953125,10966.337890625,10160.126953125
2024-02-22 10:00:00,8850.302734375,10244.7509765625,9009.24609375
2024-02-22 11:00:00,7640.7509765625,9785.107421875,8868.7744140625
2024-02-22 12:00:00,6556.96044921875,8453.3828125,6930.02978515625
2024-02-22 13:00:00,6413.9951171875,7518.81982421875,5670.25732421875
2024-02-22 14:00:00,5693.92578125,6965.42529296875,4954.8408203125
2024-02-22 15:00:00,5693.92578125,6652.1669921875,4833.79736328125
2024-02-22 16:00:00,3888.71240234375,4855.6455078125,4089.819580078125
2024-02-22 17:00:00,3888.71240234375,3987.445556640625,3624.45458984375
2024-02-22 18:00:00,3663.711181640625,3537.864013671875,3352.648193359375
2024-02-22 19:00:00,3663.711181640625,3537.864013671875,3352.648193359375
2024-02-22 20:00:00,3177.7587890625,3313.7548828125,2855.82861328125
2024-02-22 21:00:00,3065.2158203125,3313.7548828125,2668.083740234375
2024-02-22 22:00:00,2976.60205078125,3313.7548828125,2471.93310546875
2024-02-22 23:00:00,2962.668212890625,3110.5986328125,2471.93310546875
2024-02-23 00:00:00,2945.031494140625,3086.583740234375,2409.7109375
2024-02-23 01:00:00,3819.24755859375,3553.6893310546875,3306.3673095703125
2024-02-23 02:00:00,3769.10107421875,3336.202392578125,3151.984619140625
2024-02-23 03:00:00,3169.8076171875,3088.82568359375,2776.6962890625
2024-02-23 04:00:00,3169.8076171875,3088.82568359375,2776.6962890625
2024-02-23 05:00:00,3675.893798828125,3527.199951171875,3464.111083984375
2024-02-23 06:00:00,3788.811279296875,3597.4697265625,3514.73828125
2024-02-23 07:00:00,3717.2734375,3597.4697265625,3514.73828125
2024-02-23 08:00:00,3717.2734375,3718.129638671875,3615.47900390625
2024-02-23 09:00:00,3637.64990234375,3585.20361328125,3449.58544921875
2024-02-23 10:00:00,3189.006591796875,3371.781982421875,3865.242919921875
2024-02-23 11:00:00,3189.006591796875,3299.146240234375,3538.134033203125
2024-02-23 12:00:00,3189.006591796875,3021.04248046875,3538.134033203125
2024-02-23 13:00:00,2844.369140625,3021.04248046875,3384.743896484375
2024-02-23 14:00:00,2724.295166015625,3021.04248046875,3358.061767578125
2024-02-23 15:00:00,2775.064697265625,2993.897216796875,3358.061767578125
2024-02-23 16:00:00,2775.064697265625,2915.511962890625,3358.061767578125
2024-02-23 17:00:00,2834.47509765625,2861.572998046875,3487.085205078125
2024-02-23 18:00:00,2915.869384765625,2789.26904296875,3730.7626953125
2024-02-23 19:00:00,3333.833251953125,2789.26904296875,3916.020751953125
2024-02-23 20:00:00,3559.050537109375,2994.842529296875,4125.421875
2024-02-23 21:00:00,3910.26904296875,3010.43212890625,4180.904296875
2024-02-23 22:00:00,3910.26904296875,3582.488037109375,4214.005859375
2024-02-23 23:00:00,3910.26904296875,3800.9033203125,4214.005859375
2024-02-24 00:00:00,3989.2509765625,4229.12939453125,4267.565673828125
2024-02-24 01:00:00,3459.5125732421875,4118.654541015625,4341.034912109375
2024-02-24 02:00:00,3470.1162109375,4736.98828125,4517.3115234375
2024-02-24 03:00:00,3546.9296875,4736.98828125,4605.54345703125
2024-02-24 04:00:00,3546.9296875,4715.3955078125,4654.70947265625
2024-02-24 05:00:00,3546.9296875,4638.88818359375,4654.70947265625
2024-02-24 06:00:00,3508.6630859375,3738.322998046875,4153.388671875
2024-02-24 07:00:00,3708.041015625,3634.783447265625,3666.8662109375
2024-02-24 08:00:00,3508.6630859375,3634.783447265625,3631.21337890625
2024-02-24 09:00:00,3498.52734375,4407.216796875,3572.657470703125
2024-02-24 10:00:00,3309.523193359375,4407.216796875,3155.98046875
2024-02-24 11:00:00,2205.566650390625,2707.7431640625,2320.3369140625
2024-02-24 12:00:00,1926.18603515625,2333.7744140625,2197.39501953125
2024-02-24 13:00:00,1926.18603515625,2333.7744140625,1763.1837158203125
2024-02-24 14:00:00,1926.18603515625,2474.572998046875,1748.9864501953125
2024-02-24 15:00:00,1930.0701904296875,2474.572998046875,1748.9864501953125
2024-02-24 16:00:00,1957.4503173828125,2406.65185546875,1991.96435546875
2024-02-24 17:00:00,2024.707275390625,2406.65185546875,2083.8173828125
2024-02-24 18:00:00,2380.167724609375,2491.065673828125,2539.070068359375
2024-02-24 19:00:00,2826.218017578125,2524.96240234375,2555.8564453125
2024-02-24 20:00:00,2879.39208984375,2789.658203125,2840.56005859375
2024-02-24 21:00:00,2826.218017578125,2789.658203125,2840.56005859375
2024-02-24 22:00:00,2986.166259765625,3145.602294921875,2908.5048828125
2024-02-24 23:00:00,2767.462646484375,2885.1650390625,2691.096435546875
2024-02-25 00:00:00,2950.7320556640625,3034.896240234375,2799.8006591796875
2024-02-25 01:00:00,2585.697509765625,2925.3612060546875,1896.0213012695312
2024-02-25 02:00:00,2561.14599609375,2935.4765625,1974.286865234375
2024-02-25 03:00:00,2561.14599609375,2966.771240234375,2286.654541015625
2024-02-25 04:00:00,2964.20703125,3103.01806640625,2455.291259765625
2024-02-25 05:00:00,2989.3876953125,3134.56787109375,2793.6904296875
2024-02-25 06:00:00,2989.3876953125,3263.654052734375,2838.56591796875
2024-02-25 07:00:00,2989.3876953125,3134.56787109375,2838.56591796875
2024-02-25 08:00:00,2814.322998046875,2754.559814453125,2328.342041015625
2024-02-25 09:00:00,2776.984375,2754.559814453125,2328.342041015625
2024-02-25 10:00:00,2776.984375,2990.143310546875,2539.50927734375
2024-02-25 11:00:00,2685.68896484375,2990.143310546875,2539.50927734375
2024-02-25 12:00:00,2685.68896484375,2498.627685546875,2340.597900390625
2024-02-25 13:00:00,2683.077880859375,2498.627685546875,2247.300537109375
2024-02-25 14:00:00,2751.169921875,2589.845703125,2247.300537109375
2024-02-25 15:00:00,3004.492919921875,3174.1533203125,2505.52685546875
2024-02-25 16:00:00,3004.492919921875,3174.1533203125,2618.033447265625
2024-02-25 17:00:00,3004.492919921875,3193.427001953125,2658.97021484375
2024-02-25 18:00:00,3050.3564453125,3094.9921875,2710.01904296875
2024-02-25 19:00:00,3146.238525390625,3162.497802734375,2715.79345703125
2024-02-25 20:00:00,3234.32470703125,3094.9921875,2715.79345703125
2024-02-25 21:00:00,3298.682861328125,3162.497802734375,2715.79345703125
2024-02-25 22:00:00,3593.678466796875,3462.794921875,3157.2900390625
2024-02-25 23:00:00,3593.678466796875,3462.794921875,3167.4296875
2024-02-26 00:00:00,3541.416748046875,3396.81298828125,3178.9251708984375
2024-02-26 01:00:00,3261.823486328125,3217.4949951171875,3032.2462158203125
2024-02-26 02:00:00,3243.635986328125,3566.567138671875,3282.4228515625
2024-02-26 03:00:00,3029.41357421875,3566.567138671875,3321.625
2024-02-26 04:00:00,3029.41357421875,3314.847412109375,3321.625
2024-02-26 05:00:00,3029.41357421875,3309.153564453125,3208.5478515625
2024-02-26 06:00:00,3095.519775390625,3172.807373046875,2910.318115234375
2024-02-26 07:00:00,2975.03759765625,2908.874755859375,2901.593505859375
2024-02-26 08:00:00,2682.5751953125,2886.0888671875,2711.912841796875
2024-02-26 09:00:00,2346.156982421875,2562.088623046875,2512.739990234375
2024-02-26 10:00:00,2346.156982421875,2562.088623046875,2469.618408203125
2024-02-26 11:00:00,2519.555908203125,2678.410400390625,2255.52001953125
2024-02-26 12:00:00,2545.8134765625,2678.410400390625,2255.52001953125
2024-02-26 13:00:00,2519.555908203125,2711.91455078125,2186.076416015625
2024-02-26 14:00:00,2488.576904296875,2645.512939453125,2186.076416015625
2024-02-26 15:00:00,2488.576904296875,2713.755859375,2215.44921875
2024-02-26 16:00:00,2488.576904296875,2645.512939453125,2418.493896484375
2024-02-26 17:00:00,2377.98291015625,2604.828369140625,2844.197265625
2024-02-26 18:00:00,2377.98291015625,2604.828369140625,2880.3603515625
2024-02-26 19:00:00,2471.16748046875,2677.30712890625,3276.50830078125
2024-02-26 20:00:00,2520.70458984375,2692.4775390625,3328.860595703125
2024-02-26 21:00:00,2658.73828125,2867.6640625,3328.860595703125
2024-02-26 22:00:00,2658.73828125,3474.570068359375,3234.619140625
2024-02-26 23:00:00,2658.73828125,3561.73681640625,3234.619140625
2024-02-27 00:00:00,2750.952880859375,3838.4344482421875,3226.74658203125
2024-02-27 01:00:00,2800.0216064453125,3376.0252685546875,3700.4434814453125
2024-02-27 02:00:00,2645.1787109375,3239.1201171875,3511.846435546875
2024-02-27 03:00:00,2645.1787109375,3665.535400390625,3889.04052734375
2024-02-27 04:00:00,2594.135498046875,3244.148193359375,3629.673583984375
2024-02-27 05:00:00,2673.173095703125,3914.493408203125,4249.5107421875
2024-02-27 06:00:00,2673.173095703125,3937.421142578125,3853.619140625
2024-02-27 07:00:00,2673.173095703125,3937.421142578125,3853.619140625
2024-02-27 08:00:00,2505.78759765625,3139.49609375,3313.0869140625
2024-02-27 09:00:00,2124.66748046875,2774.967529296875,3023.032958984375
2024-02-27 10:00:00,2111.255615234375,2629.950927734375,2462.902099609375
2024-02-27 11:00:00,2111.255615234375,2604.719482421875,2227.361328125
2024-02-27 12:00:00,2111.255615234375,2370.416259765625,2227.361328125
2024-02-27 13:00:00,2097.6103515625,2273.371826171875,2227.361328125
2024-02-27 14:00:00,2170.75537109375,2322.204833984375,1995.4927978515625
2024-02-27 15:00:00,2097.6103515625,2322.204833984375,1995.4927978515625
2024-02-27 16:00:00,2170.75537109375,2333.6123046875,2335.136474609375
2024-02-27 17:00:00,2286.272216796875,2497.147216796875,2358.928466796875
2024-02-27 18:00:00,2337.21337890625,2567.647705078125,2442.167236328125
2024-02-27 19:00:00,2649.531005859375,2663.832275390625,2525.776611328125
2024-02-27 20:00:00,2656.438232421875,2694.024658203125,2636.3232421875
2024-02-27 21:00:00,2903.48974609375,2982.529541015625,2636.3232421875
2024-02-27 22:00:00,3271.4775390625,3567.650146484375,3259.538330078125
2024-02-27 23:00:00,3416.5146484375,4325.0126953125,3377.8994140625
2024-02-28 00:00:00,3568.45849609375,4637.25390625,3587.52392578125
2024-02-28 01:00:00,4073.444580078125,5309.532958984375,3947.7999267578125
2024-02-28 02:00:00,3903.852294921875,5250.36376953125,3989.194091796875
2024-02-28 03:00:00,3903.852294921875,5250.36376953125,3989.194091796875
2024-02-28 04:00:00,3903.852294921875,4908.369140625,3980.129150390625
2024-02-28 05:00:00,4168.0029296875,4908.369140625,3980.129150390625
2024-02-28 06:00:00,4995.64013671875,4908.369140625,4296.48193359375
2024-02-28 07:00:00,4995.64013671875,4879.44189453125,4296.48193359375
2024-02-28 08:00:00,4361.73974609375,4445.6884765625,3921.87109375
2024-02-28 09:00:00,4215.96728515625,3712.638916015625,2970.068603515625
2024-02-28 10:00:00,3480.89892578125,3479.458984375,2759.893798828125
2024-02-28 11:00:00,2812.5703125,3397.530517578125,2580.962646484375
2024-02-28 12:00:00,2812.5703125,2889.287353515625,2522.669921875
2024-02-28 13:00:00,2789.031494140625,2598.98974609375,2246.701904296875
2024-02-28 14:00:00,2315.1611328125,2515.157958984375,2101.596923828125
2024-02-28 15:00:00,2268.69140625,2489.150390625,2057.650390625
2024-02-28 16:00:00,2315.1611328125,2515.157958984375,2101.596923828125
2024-02-28 17:00:00,2721.96533203125,2582.839599609375,2435.8759765625
2024-02-28 18:00:00,2859.942138671875,2638.28125,2468.03564453125
2024-02-28 19:00:00,3012.52197265625,2836.506591796875,2503.656005859375
2024-02-28 20:00:00,3012.52197265625,2972.387451171875,2511.71484375
2024-02-28 21:00:00,3329.141845703125,3357.466064453125,2782.701171875
2024-02-28 22:00:00,3452.0361328125,3609.527099609375,2805.534912109375
2024-02-28 23:00:00,4154.35498046875,4011.279052734375,3141.234375
2024-02-29 00:00:00,4360.52587890625,4040.9478759765625,3152.4249267578125
2024-02-29 01:00:00,6382.26611328125,6323.7978515625,4511.689697265625
2024-02-29 02:00:00,6514.0615234375,6441.82666015625,4348.91650390625
2024-02-29 03:00:00,6514.0615234375,6205.76904296875,4348.91650390625
2024-02-29 04:00:00,5314.3935546875,4812.5556640625,3220.068359375
2024-02-29 05:00:00,4677.0419921875,4663.14892578125,2714.216552734375
2024-02-29 06:00:00,3751.357666015625,4029.411376953125,2158.809326171875
2024-02-29 07:00:00,3397.508056640625,3155.977294921875,1937.5291748046875
2024-02-29 08:00:00,2671.19775390625,3155.977294921875,1933.99365234375
2024-02-29 09:00:00,2335.30517578125,2966.352783203125,1937.5291748046875
2024-02-29 10:00:00,2335.30517578125,3209.105224609375,2017.93359375
2024-02-29 11:00:00,2428.070556640625,2902.75390625,2027.126708984375
2024-02-29 12:00:00,2754.546630859375,2902.75390625,2092.303955078125
2024-02-29 13:00:00,2754.546630859375,2725.85791015625,2092.303955078125
2024-02-29 14:00:00,2721.30810546875,2725.85791015625,2092.303955078125
2024-02-29 15:00:00,2721.30810546875,2722.428955078125,2004.0889892578125
2024-02-29 16:00:00,2604.67138671875,2722.428955078125,2004.0889892578125
2024-02-29 17:00:00,2815.065673828125,2722.428955078125,2028.200927734375
2024-02-29 18:00:00,3037.5947265625,3217.203369140625,2521.45947265625
2024-02-29 19:00:00,4240.99267578125,4704.828125,3849.085693359375
2024-02-29 20:00:00,5038.41650390625,5158.33447265625,4058.14208984375
2024-02-29 21:00:00,5633.98876953125,5400.7255859375,4205.16943359375
2024-02-29 22:00:00,7806.23583984375,8401.3583984375,6344.65576171875
2024-02-29 23:00:00,7984.62744140625,9482.9755859375,6627.4140625
2024-03-01 00:00:00,8829.096923828125,9802.1845703125,7327.89599609375
2024-03-01 01:00:00,13250.125,13840.259765625,12204.9111328125
2024-03-01 02:00:00,13665.7216796875,14336.384765625,12671.513671875
2024-03-01 03:00:00,15371.7138671875,16286.755859375,14525.4951171875
2024-03-01 04:00:00,15472.482421875,16600.22265625,15019.5322265625
2024-03-01 05:00:00,15472.482421875,17455.1015625,15533.2548828125
2024-03-01 06:00:00,15266.4970703125,17521.759765625,15533.2548828125
2024-03-01 07:00:00,14104.185546875,17521.759765625,14636.7197265625
2024-03-01 08:00:00,13769.916015625,17063.271484375,13736.0234375
2024-03-01 09:00:00,13137.4306640625,16127.0244140625,12809.771484375
2024-03-01 10:00:00,12776.904296875,14614.16015625,11673.517578125
2024-03-01 11:00:00,12586.2001953125,13686.5634765625,11176.291015625
2024-03-01 12:00:00,12586.2001953125,13206.5458984375,10586.69921875
2024-03-01 13:00:00,13111.6962890625,13206.5458984375,10586.69921875
2024-03-01 14:00:00,13111.6962890625,13411.369140625,10923.365234375
2024-03-01 15:00:00,12843.91015625,13506.76953125,10923.365234375
2024-03-01 16:00:00,12623.4091796875,13506.76953125,10861.38671875
2024-03-01 17:00:00,12312.3759765625,12941.08984375,10680.2177734375
2024-03-01 18:00:00,12213.58984375,11773.9755859375,10262.9814453125
2024-03-01 19:00:00,11351.646484375,10240.3681640625,9254.5283203125
2024-03-01 20:00:00,7840.5263671875,8332.9248046875,6735.69189453125
2024-03-01 21:00:00,7840.5263671875,8332.9248046875,6735.69189453125
2024-03-01 22:00:00,7958.1630859375,8543.05859375,7338.63134765625
2024-03-01 23:00:00,8139.97900390625,8984.6005859375,7338.63134765625
2024-03-02 00:00:00,8234.85205078125,9039.82470703125,7486.581787109375
2024-03-02 01:00:00,11120.51123046875,11481.29150390625,10114.8662109375
2024-03-02 02:00:00,12114.4091796875,12954.10546875,11582.0146484375
2024-03-02 03:00:00,13933.087890625,14400.603515625,13063.23828125
2024-03-02 04:00:00,13973.1513671875,14581.9208984375,13323.5205078125
2024-03-02 05:00:00,13973.1513671875,15246.5908203125,14100.0673828125
2024-03-02 06:00:00,13973.1513671875,15246.5908203125,14100.0673828125
2024-03-02 07:00:00,14138.3759765625,15246.5908203125,14100.0673828125
2024-03-02 08:00:00,14639.4619140625,17368.443359375,14874.982421875
2024-03-02 09:00:00,14639.4619140625,17368.443359375,14874.982421875
2024-03-02 10:00:00,12206.970703125,13602.2197265625,11889.998046875
2024-03-02 11:00:00,12206.970703125,12704.583984375,11143.935546875
2024-03-02 12:00:00,13096.7919921875,12704.583984375,11143.935546875
2024-03-02 13:00:00,15149.8857421875,16466.3125,13920.22265625
2024-03-02 14:00:00,15791.546875,16516.087890625,14283.5546875
2024-03-02 15:00:00,16718.36328125,17051.015625,14424.634765625
2024-03-02 16:00:00,16875.453125,17557.6953125,14539.453125
2024-03-02 17:00:00,16914.34375,17758.38671875,15256.91796875
2024-03-02 18:00:00,17045.15234375,18061.41015625,15481.8447265625
2024-03-02 19:00:00,17179.18359375,18378.427734375,15481.8447265625
2024-03-02 20:00:00,17297.16796875,18522.685546875,15656.98046875
2024-03-02 21:00:00,17493.5234375,18594.619140625,15701.310546875
2024-03-02 22:00:00,17493.5234375,18627.021484375,15844.5908203125
2024-03-02 23:00:00,17544.298828125,18682.54296875,15967.8583984375
2024-03-03 00:00:00,17723.552734375,18851.150390625,16099.646484375
2024-03-03 01:00:00,17934.2197265625,18940.85546875,16576.6171875
2024-03-03 02:00:00,17656.9921875,18836.0703125,16482.015625
2024-03-03 03:00:00,17272.15234375,18820.35546875,16482.015625
2024-03-03 04:00:00,17228.970703125,18664.595703125,16440.537109375
2024-03-03 05:00:00,16270.6474609375,17868.041015625,15497.845703125
2024-03-03 06:00:00,15126.1142578125,17025.03515625,14906.5556640625
2024-03-03 07:00:00,14583.4599609375,15485.8857421875,13680.0693359375
2024-03-03 08:00:00,12635.1728515625,14175.5322265625,11302.673828125
2024-03-03 09:00:00,12093.6435546875,11794.0126953125,10332.2197265625
2024-03-03 10:00:00,11404.740234375,9870.1435546875,8886.75
2024-03-03 11:00:00,11404.740234375,9604.828125,8886.75
2024-03-03 12:00:00,11771.533203125,9870.1435546875,9501.5908203125
2024-03-03 13:00:00,11771.533203125,10150.0126953125,10061.33984375
2024-03-03 14:00:00,11790.341796875,11680.447265625,10400.2314453125
2024-03-03 15:00:00,11870.462890625,12422.763671875,10819.8916015625
2024-03-03 16:00:00,12302.826171875,12823.4765625,11292.708984375
2024-03-03 17:00:00,12683.671875,13337.3818359375,11481.7861328125
2024-03-03 18:00:00,12765.509765625,13520.97265625,11937.0048828125
2024-03-03 19:00:00,14498.3486328125,15861.9599609375,14100.54296875
2024-03-03 20:00:00,15159.9541015625,16739.9296875,15041.255859375
2024-03-03 21:00:00,15295.5908203125,16739.9296875,15101.25390625
2024-03-03 22:00:00,15376.154296875,16674.650390625,15041.255859375
2024-03-03 23:00:00,15376.154296875,16674.650390625,15101.25390625
2024-03-04 00:00:00,15335.83544921875,17075.501953125,15251.681640625
2024-03-04 01:00:00,14404.921875,15643.37646484375,14425.10888671875
2024-03-04 02:00:00,14406.787109375,16021.013671875,14513.1640625
2024-03-04 03:00:00,14202.107421875,17138.35546875,14513.1640625
2024-03-04 04:00:00,14202.107421875,17138.35546875,14513.1640625
2024-03-04 05:00:00,13179.150390625,14994.685546875,12853.5595703125
2024-03-04 06:00:00,12220.267578125,14714.3525390625,10899.4501953125
2024-03-04 07:00:00,11259.97265625,14562.7265625,9236.5244140625
2024-03-04 08:00:00,9730.361328125,13846.6787109375,7925.03515625
2024-03-04 09:00:00,5896.7880859375,8218.5615234375,3819.4560546875
2024-03-04 10:00:00,3763.2822265625,5407.23876953125,2684.081298828125
2024-03-04 11:00:00,3125.32421875,3578.25732421875,1931.73583984375
2024-03-04 12:00:00,2917.111328125,2823.707275390625,1598.2166748046875
2024-03-04 13:00:00,2917.111328125,2823.707275390625,1598.2166748046875
2024-03-04 14:00:00,2816.94091796875,2802.18994140625,1737.2862548828125
2024-03-04 15:00:00,2816.94091796875,2881.706298828125,1737.2862548828125
2024-03-04 16:00:00,2816.94091796875,2939.7236328125,1789.4481201171875
2024-03-04 17:00:00,3125.81591796875,2939.7236328125,1829.079345703125
2024-03-04 18:00:00,3252.898193359375,2939.7236328125,1829.079345703125
2024-03-04 19:00:00,3313.535888671875,3262.72021484375,2046.97607421875
2024-03-04 20:00:00,3397.93896484375,3464.758056640625,2046.97607421875
2024-03-04 21:00:00,3485.753173828125,3511.795654296875,2123.30126953125
2024-03-04 22:00:00,3653.66455078125,4352.84765625,2808.589599609375
2024-03-04 23:00:00,3747.493896484375,4368.52783203125,2808.589599609375
2024-03-05 00:00:00,3879.514892578125,4499.44677734375,2973.85595703125
2024-03-05 01:00:00,3335.9462890625,3057.9056396484375,2182.101318359375
2024-03-05 02:00:00,3266.01708984375,3044.518310546875,2166.998291015625
2024-03-05 03:00:00,3140.372314453125,2916.329345703125,2043.6156005859375
2024-03-05 04:00:00,3140.372314453125,2895.265380859375,2043.6156005859375
2024-03-05 05:00:00,3156.5556640625,2895.265380859375,2220.693359375
2024-03-05 06:00:00,3244.2216796875,3270.375,2577.8583984375
2024-03-05 07:00:00,3318.33984375,3270.375,2795.046875
2024-03-05 08:00:00,3350.187744140625,3270.375,2795.046875
2024-03-05 09:00:00,3318.33984375,3170.729248046875,2190.538818359375
2024-03-05 10:00:00,3000.564453125,3109.99755859375,2190.538818359375
2024-03-05 11:00:00,2493.083740234375,3109.99755859375,2251.463623046875
2024-03-05 12:00:00,2493.083740234375,3205.899658203125,2331.737548828125
2024-03-05 13:00:00,2808.406982421875,3655.1015625,2389.805419921875
2024-03-05 14:00:00,3413.74609375,4065.6982421875,2689.894775390625
2024-03-05 15:00:00,3633.68310546875,4555.4140625,2880.6611328125
2024-03-05 16:00:00,3719.988037109375,4820.0029296875,2977.42919921875
2024-03-05 17:00:00,3721.876953125,5305.90185546875,3523.53857421875
2024-03-05 18:00:00,4032.229248046875,5694.45361328125,4297.55322265625
2024-03-05 19:00:00,4698.52392578125,6594.69140625,5099.8330078125
2024-03-05 20:00:00,4739.2431640625,6594.69140625,5099.8330078125
2024-03-05 21:00:00,5272.3427734375,6222.5576171875,5099.8330078125
2024-03-05 22:00:00,5840.10400390625,6222.5576171875,5129.14990234375
2024-03-05 23:00:00,5900.07373046875,7170.20361328125,5734.484375
2024-03-06 00:00:00,6072.351318359375,7448.1845703125,5934.628173828125
2024-03-06 01:00:00,6498.593017578125,8276.72802734375,6039.80517578125
2024-03-06 02:00:00,6061.5634765625,8258.0009765625,5781.353515625
2024-03-06 03:00:00,6061.5634765625,7051.416015625,5500.65869140625
2024-03-06 04:00:00,5965.7041015625,6474.888671875,5430.85986328125
2024-03-06 05:00:00,5438.3271484375,6249.85546875,4929.859375
2024-03-06 06:00:00,5203.48828125,5455.59228515625,4566.6171875
2024-03-06 07:00:00,5109.29833984375,4718.87109375,4286.0087890625
2024-03-06 08:00:00,5081.42041015625,4644.005859375,4229.8681640625
2024-03-06 09:00:00,4353.94580078125,3831.765625,3631.51123046875
2024-03-06 10:00:00,3786.222900390625,3831.765625,3261.76513671875
2024-03-06 11:00:00,3760.13037109375,3936.201904296875,3260.70361328125
2024-03-06 12:00:00,3320.392578125,3936.201904296875,3260.70361328125
2024-03-06 13:00:00,3262.867919921875,3540.80908203125,3062.015869140625
2024-03-06 14:00:00,3022.308349609375,3453.483154296875,2972.531005859375
2024-03-06 15:00:00,2917.09033203125,3528.91943359375,2772.010986328125
2024-03-06 16:00:00,2917.09033203125,3528.91943359375,2772.010986328125
2024-03-06 17:00:00,2917.09033203125,3686.9111328125,2772.010986328125
2024-03-06 18:00:00,2801.53564453125,3686.9111328125,3113.3544921875
2024-03-06 19:00:00,2676.69384765625,3517.3818359375,2691.515869140625
2024-03-06 20:00:00,2662.4482421875,3470.034912109375,2679.6494140625
2024-03-06 21:00:00,2662.4482421875,3405.33544921875,2679.6494140625
2024-03-06 22:00:00,2762.557373046875,3114.85693359375,2582.51171875
2024-03-06 23:00:00,2762.557373046875,3114.85693359375,2582.51171875
2024-03-07 00:00:00,2638.9627685546875,3049.999755859375,2526.777099609375
2024-03-07 01:00:00,2876.384033203125,2769.289306640625,2366.62744140625
2024-03-07 02:00:00,2828.692138671875,2812.0888671875,2349.4970703125
2024-03-07 03:00:00,2727.698974609375,2843.73974609375,2437.966552734375
2024-03-07 04:00:00,2674.0703125,2812.0888671875,3070.76806640625
2024-03-07 05:00:00,2674.0703125,3099.247314453125,3080.78466796875
2024-03-07 06:00:00,2978.18408203125,3099.247314453125,3084.42626953125
2024-03-07 07:00:00,3425.56298828125,3609.931884765625,3091.91845703125
2024-03-07 08:00:00,3587.60791015625,3925.409423828125,3340.86279296875
2024-03-07 09:00:00,3890.087646484375,3925.409423828125,3275.113037109375
2024-03-07 10:00:00,3893.06298828125,3942.47607421875,3340.86279296875
2024-03-07 11:00:00,3893.06298828125,4583.5126953125,3622.546630859375
2024-03-07 12:00:00,3842.154541015625,4625.3115234375,3718.309326171875
2024-03-07 13:00:00,3842.154541015625,4743.001953125,3922.588623046875
2024-03-07 14:00:00,4628.39208984375,6170.83203125,4201.0419921875
2024-03-07 15:00:00,6743.88623046875,8191.05078125,5666.560546875
2024-03-07 16:00:00,7773.63134765625,9073.859375,7261.26025390625
2024-03-07 17:00:00,9034.904296875,9614.37109375,8184.74951171875
2024-03-07 18:00:00,9102.7509765625,9653.5908203125,8704.314453125
2024-03-07 19:00:00,9412.716796875,9750.90625,8764.8271484375
2024-03-07 20:00:00,10025.9970703125,10739.3984375,9557.2392578125
2024-03-07 21:00:00,11976.619140625,12726.59765625,11802.6669921875
2024-03-07 22:00:00,12755.9248046875,13701.583984375,13066.1455078125
2024-03-07 23:00:00,13564.3037109375,13949.1865234375,13190.0791015625
2024-03-08 00:00:00,13813.5673828125,14086.37109375,13394.3759765625
2024-03-08 01:00:00,14286.40283203125,14327.74560546875,12652.74072265625
2024-03-08 02:00:00,13999.4306640625,14217.373046875,12692.767578125
2024-03-08 03:00:00,13937.2333984375,14217.373046875,12651.6455078125
2024-03-08 04:00:00,13807.658203125,15453.4560546875,12692.767578125
2024-03-08 05:00:00,13807.658203125,16059.5107421875,13075.951171875
2024-03-08 06:00:00,13807.658203125,16059.5107421875,13075.951171875
2024-03-08 07:00:00,13697.7041015625,14858.05859375,12585.421875
2024-03-08 08:00:00,13497.4619140625,13575.1435546875,11519.31640625
2024-03-08 09:00:00,13315.16796875,12991.9140625,11404.5400390625
2024-03-08 10:00:00,12878.0263671875,12868.86328125,10752.6328125
2024-03-08 11:00:00,12666.0380859375,12081.3603515625,10198.6376953125
2024-03-08 12:00:00,12666.0380859375,11541.57421875,9908.5400390625
2024-03-08 13:00:00,12640.3837890625,11541.57421875,9908.5400390625
2024-03-08 14:00:00,12486.876953125,11969.0849609375,9981.62109375
2024-03-08 15:00:00,12091.1728515625,11969.0849609375,9981.62109375
2024-03-08 16:00:00,11604.8818359375,11372.2099609375,9285.0830078125
2024-03-08 17:00:00,10015.130859375,10437.423828125,7739.2919921875
2024-03-08 18:00:00,8763.095703125,9093.8798828125,7059.67529296875
2024-03-08 19:00:00,7829.689453125,7230.0546875,5278.3935546875
2024-03-08 20:00:00,7529.63427734375,7135.82470703125,5126.755859375
2024-03-08 21:00:00,7490.365234375,7230.0546875,5126.755859375
2024-03-08 22:00:00,6933.77880859375,6877.2001953125,6314.49365234375
2024-03-08 23:00:00,6933.77880859375,6877.2001953125,6314.49365234375
2024-03-09 00:00:00,6807.3583984375,6788.783935546875,6097.4580078125
2024-03-09 01:00:00,5446.358642578125,5722.041748046875,4015.5428466796875
2024-03-09 02:00:00,5301.09814453125,5449.17333984375,3811.635498046875
2024-03-09 03:00:00,4811.4580078125,5259.38427734375,3521.745849609375
2024-03-09 04:00:00,4694.0810546875,5233.875,3236.35693359375
2024-03-09 05:00:00,4245.50439453125,4645.2978515625,2939.741455078125
2024-03-09 06:00:00,4245.50439453125,4011.01708984375,2916.334716796875
2024-03-09 07:00:00,4159.19287109375,3830.70166015625,2691.71826171875
2024-03-09 08:00:00,3575.50732421875,3237.971923828125,2543.9853515625
2024-03-09 09:00:00,3065.245849609375,2646.087646484375,2153.16748046875
2024-03-09 10:00:00,2909.619384765625,2641.56787109375,2053.52978515625
2024-03-09 11:00:00,2806.10009765625,2565.705810546875,2053.52978515625
2024-03-09 12:00:00,2866.536376953125,2641.56787109375,2057.662353515625
2024-03-09 13:00:00,2866.536376953125,2644.095947265625,2247.373291015625
2024-03-09 14:00:00,3271.283447265625,2916.35400390625,2375.255615234375
2024-03-09 15:00:00,3272.851318359375,3095.471435546875,2484.595947265625
2024-03-09 16:00:00,3272.851318359375,3262.846923828125,2484.595947265625
2024-03-09 17:00:00,3272.851318359375,3381.12939453125,2115.5380859375
2024-03-09 18:00:00,3800.154541015625,3393.4169921875,2115.5380859375
2024-03-09 19:00:00,3875.34228515625,3842.899658203125,2577.37548828125
2024-03-09 20:00:00,4133.4833984375,3846.10693359375,2860.5244140625
2024-03-09 21:00:00,4672.08740234375,4323.8076171875,3705.650146484375
2024-03-09 22:00:00,5048.763671875,5421.1923828125,4642.8173828125
2024-03-09 23:00:00,6065.6337890625,6725.708984375,5672.134765625
2024-03-10 00:00:00,6950.3310546875,7614.068359375,6226.670654296875
2024-03-10 01:00:00,10021.65380859375,12100.0234375,7865.859130859375
2024-03-10 02:00:00,10420.8994140625,12191.4375,7940.33544921875
2024-03-10 03:00:00,10420.8994140625,12191.4375,7940.33544921875
2024-03-10 04:00:00,10125.5517578125,11847.171875,7414.24951171875
2024-03-10 05:00:00,9750.4697265625,11457.3740234375,6866.24951171875
2024-03-10 06:00:00,9466.373046875,10821.6064453125,6562.68408203125
2024-03-10 07:00:00,9261.8935546875,10593.8974609375,6463.78173828125
2024-03-10 08:00:00,8718.0625,9209.412109375,5793.056640625
2024-03-10 09:00:00,6207.27392578125,7058.32373046875,4480.06103515625
2024-03-10 10:00:00,4961.05615234375,5734.37060546875,3455.220947265625
2024-03-10 11:00:00,4006.517578125,4334.298828125,2723.158203125
2024-03-10 12:00:00,4006.517578125,4334.298828125,2723.158203125
2024-03-10 13:00:00,4225.27294921875,4334.298828125,2821.891357421875
2024-03-10 14:00:00,4790.076171875,4820.634765625,2915.01806640625
2024-03-10 15:00:00,5008.10302734375,4635.42724609375,3055.356689453125
2024-03-10 16:00:00,5492.76904296875,4843.95263671875,3413.65625
2024-03-10 17:00:00,5492.76904296875,5474.52978515625,4008.640625
2024-03-10 18:00:00,6646.00634765625,8032.306640625,5497.9716796875
2024-03-10 19:00:00,10287.5830078125,12677.3896484375,8993.12109375
2024-03-10 20:00:00,12544.4052734375,15167.4208984375,10300.521484375
2024-03-10 21:00:00,14730.193359375,17419.5546875,13512.3681640625
2024-03-10 22:00:00,16194.1396484375,18263.01171875,15024.3681640625
2024-03-10 23:00:00,17414.4375,18796.099609375,16351.9765625
2024-03-11 00:00:00,18341.373046875,19170.8720703125,16858.369140625
2024-03-11 01:00:00,18090.84765625,19307.037109375,16570.912109375
2024-03-11 02:00:00,18800.693359375,19839.138671875,17360.357421875
2024-03-11 03:00:00,19451.716796875,19839.138671875,17360.357421875
2024-03-11 04:00:00,19840.8515625,19015.421875,16729.31640625
2024-03-11 05:00:00,20018.015625,19015.421875,16729.31640625
2024-03-11 06:00:00,19840.8515625,18986.486328125,16726.447265625
2024-03-11 07:00:00,19256.861328125,18148.40625,16726.447265625
2024-03-11 08:00:00,18389.669921875,17375.14453125,16255.681640625
2024-03-11 09:00:00,17474.78515625,17098.365234375,15837.279296875
2024-03-11 10:00:00,14113.2275390625,15650.6240234375,12729.5087890625
2024-03-11 11:00:00,14101.7509765625,15188.5380859375,12384.6513671875
2024-03-11 12:00:00,13139.1435546875,14820.3720703125,12263.0107421875
2024-03-11 13:00:00,11992.208984375,13582.873046875,11478.025390625
2024-03-11 14:00:00,11372.6162109375,13472.458984375,11295.25390625
2024-03-11 15:00:00,10831.845703125,12290.712890625,10395.0673828125
2024-03-11 16:00:00,10057.2412109375,10897.7314453125,8182.08154296875
2024-03-11 17:00:00,8795.8544921875,9127.849609375,7337.38232421875
2024-03-11 18:00:00,8370.5009765625,9056.1103515625,6681.3154296875
2024-03-11 19:00:00,8370.5009765625,9056.1103515625,6681.3154296875
2024-03-11 20:00:00,8997.3583984375,10149.2705078125,7540.09912109375
2024-03-11 21:00:00,9160.9052734375,11370.0732421875,8528.04296875
2024-03-11 22:00:00,10228.7529296875,12368.7626953125,9668.6162109375
2024-03-11 23:00:00,10228.7529296875,12368.7626953125,10123.791015625
2024-03-12 00:00:00,10169.4130859375,12316.19189453125,10259.67724609375
2024-03-12 01:00:00,12271.859375,15189.39453125,9929.36865234375
2024-03-12 02:00:00,13411.1552734375,15541.3056640625,10301.720703125
2024-03-12 03:00:00,13411.1552734375,15541.3056640625,10301.720703125
2024-03-12 04:00:00,8715.7001953125,11173.1201171875,7747.28662109375
2024-03-12 05:00:00,7287.17578125,8556.34765625,5797.8837890625
2024-03-12 06:00:00,5309.23193359375,6828.32080078125,5243.447265625
2024-03-12 07:00:00,4704.7216796875,6243.61669921875,4327.40283203125
2024-03-12 08:00:00,3909.568115234375,5402.18603515625,3245.5244140625
2024-03-12 09:00:00,2676.046630859375,3605.587158203125,2582.334228515625
2024-03-12 10:00:00,2676.046630859375,3605.587158203125,2423.9619140625
2024-03-12 11:00:00,3401.033203125,3764.43603515625,2304.431884765625
2024-03-12 12:00:00,4325.55859375,3782.928955078125,2304.431884765625
2024-03-12 13:00:00,4495.5400390625,3790.5615234375,2750.718505859375
2024-03-12 14:00:00,4623.02490234375,4119.697265625,3067.48828125
2024-03-12 15:00:00,4731.37548828125,4208.1328125,3873.54541015625
2024-03-12 16:00:00,4623.02490234375,4218.841796875,3935.9169921875
2024-03-12 17:00:00,4459.2412109375,4343.921875,3935.9169921875
2024-03-12 18:00:00,4203.98583984375,4325.79443359375,3723.919189453125
2024-03-12 19:00:00,4034.15283203125,4325.79443359375,3545.94677734375
2024-03-12 20:00:00,4034.15283203125,3896.24560546875,3438.58837890625
2024-03-12 21:00:00,4366.287109375,3896.24560546875,3472.3115234375
2024-03-12 22:00:00,4466.03125,4090.791748046875,3472.3115234375
2024-03-12 23:00:00,4538.03271484375,5323.9091796875,4022.036865234375
2024-03-13 00:00:00,4642.030029296875,5419.64013671875,4105.0887451171875
2024-03-13 01:00:00,6231.980712890625,7484.54833984375,5723.793212890625
2024-03-13 02:00:00,7130.38916015625,8311.8818359375,6286.3154296875
2024-03-13 03:00:00,9497.33203125,10871.984375,8267.921875
2024-03-13 04:00:00,10720.9287109375,12654.208984375,10446.3076171875
2024-03-13 05:00:00,12833.03125,15477.638671875,12303.3232421875
2024-03-13 06:00:00,12888.5888671875,15477.638671875,13174.55859375
2024-03-13 07:00:00,13076.201171875,15745.521484375,13224.291015625
2024-03-13 08:00:00,13076.201171875,15336.681640625,13224.291015625
2024-03-13 09:00:00,12441.189453125,15122.462890625,12296.6962890625
2024-03-13 10:00:00,11820.611328125,12230.541015625,10688.4677734375
2024-03-13 11:00:00,9243.8505859375,10071.9560546875,7825.75341796875
2024-03-13 12:00:00,9243.8505859375,10071.9560546875,7825.75341796875
2024-03-13 13:00:00,9774.8154296875,10293.6171875,8695.65625
2024-03-13 14:00:00,10961.0302734375,11625.0947265625,9464.572265625
2024-03-13 15:00:00,12091.333984375,12955.091796875,11177.7353515625
2024-03-13 16:00:00,15023.6142578125,16119.6611328125,14085.1494140625
2024-03-13 17:00:00,16239.796875,17956.458984375,15300.63671875
2024-03-13 18:00:00,16767.369140625,18910.978515625,15721.6015625
2024-03-13 19:00:00,16988.57421875,19418.900390625,17108.9375
2024-03-13 20:00:00,17398.892578125,19584.072265625,17306.609375
2024-03-13 21:00:00,17639.3203125,19676.6328125,17306.609375
2024-03-13 22:00:00,17639.3203125,19676.6328125,17288.6484375
2024-03-13 23:00:00,17326.09375,19676.6328125,17274.36328125
2024-03-14 00:00:00,17313.3828125,19674.2255859375,17232.951171875
2024-03-14 01:00:00,16687.783203125,19253.26953125,16805.353515625
2024-03-14 02:00:00,16659.328125,19322.751953125,16821.26953125
2024-03-14 03:00:00,16659.328125,19389.53125,17132.18359375
2024-03-14 04:00:00,16656.30078125,19663.908203125,17176.712890625
2024-03-14 05:00:00,16489.306640625,19663.908203125,17176.712890625
2024-03-14 06:00:00,16477.13671875,19176.45703125,16931.890625
2024-03-14 07:00:00,15439.234375,19000.392578125,15717.9111328125
2024-03-14 08:00:00,13932.5107421875,17881.14453125,13710.3974609375
2024-03-14 09:00:00,13147.4462890625,14814.98828125,12054.703125
2024-03-14 10:00:00,9747.1796875,11948.7529296875,8302.751953125
2024-03-14 11:00:00,7787.28271484375,9425.935546875,6874.7822265625
2024-03-14 12:00:00,6944.63134765625,8242.0224609375,5213.87548828125
2024-03-14 13:00:00,6227.994140625,6203.46630859375,4553.8291015625
2024-03-14 14:00:00,6227.994140625,6203.46630859375,4553.8291015625
2024-03-14 15:00:00,6855.03759765625,6907.5576171875,4996.17529296875
2024-03-14 16:00:00,8131.55810546875,8372.8408203125,7024.794921875
2024-03-14 17:00:00,9248.466796875,8894.744140625,7997.0654296875
2024-03-14 18:00:00,10176.1953125,10554.2900390625,9200.3251953125
2024-03-14 19:00:00,11657.6298828125,13296.044921875,11350.515625
2024-03-14 20:00:00,14700.126953125,17450.0234375,14913.4462890625
2024-03-14 21:00:00,16501.6796875,18943.892578125,16985.6640625
2024-03-14 22:00:00,17769.248046875,19351.642578125,18112.42578125
2024-03-14 23:00:00,18077.294921875,19425.60546875,18168.716796875
2024-03-15 00:00:00,18226.236328125,19676.318359375,18230.419921875
2024-03-15 01:00:00,17768.83984375,19299.0419921875,17203.7158203125
2024-03-15 02:00:00,17607.0390625,19214.4140625,17139.833984375
2024-03-15 03:00:00,17959.671875,19534.529296875,17444.150390625
2024-03-15 04:00:00,19161.330078125,19666.13671875,18165.3984375
2024-03-15 05:00:00,19261.767578125,19844.8828125,18249.3046875
2024-03-15 06:00:00,19685.548828125,19844.8828125,18249.3046875
2024-03-15 07:00:00,20111.453125,20041.0625,18444.5
2024-03-15 08:00:00,20111.453125,20200.4296875,18444.5
2024-03-15 09:00:00,19722.630859375,20200.4296875,18266.3359375
2024-03-15 10:00:00,17376.341796875,20105.671875,17957.125
2024-03-15 11:00:00,16926.05859375,19600.294921875,16922.283203125
2024-03-15 12:00:00,16803.447265625,19486.337890625,16738.486328125
2024-03-15 13:00:00,16694.1171875,19312.5390625,16482.591796875
2024-03-15 14:00:00,16558.93359375,19203.517578125,16368.1787109375
2024-03-15 15:00:00,16558.93359375,18935.703125,16368.1787109375
2024-03-15 16:00:00,16558.93359375,18792.19140625,16471.515625
2024-03-15 17:00:00,16407.2109375,18563.90234375,16516.947265625
2024-03-15 18:00:00,16186.6025390625,18380.625,16516.947265625
2024-03-15 19:00:00,14999.8203125,17172.208984375,15396.828125
2024-03-15 20:00:00,14496.994140625,16952.568359375,14404.3564453125
2024-03-15 21:00:00,14496.994140625,16090.734375,13699.44921875
2024-03-15 22:00:00,15141.3818359375,15999.1298828125,13242.9423828125
2024-03-15 23:00:00,15141.3818359375,15662.8291015625,13242.9423828125
2024-03-16 00:00:00,12556.990234375,14250.70556640625,11338.921875
2024-03-16 01:00:00,8348.839111328125,8296.7998046875,5716.76611328125
2024-03-16 02:00:00,6938.45166015625,6936.529296875,4498.841796875
2024-03-16 03:00:00,4340.36962890625,3931.37548828125,3094.047119140625
2024-03-16 04:00:00,3662.050537109375,3390.24365234375,2751.0087890625
2024-03-16 05:00:00,3459.000732421875,3390.24365234375,2692.457763671875
2024-03-16 06:00:00,3303.654541015625,3393.2841796875,2573.706787109375
2024-03-16 07:00:00,3204.842041015625,3463.401123046875,2502.572509765625
2024-03-16 08:00:00,3043.21044921875,3463.401123046875,1819.99951171875
2024-03-16 09:00:00,3043.21044921875,3463.401123046875,1718.642333984375
2024-03-16 10:00:00,3536.060791015625,3493.54296875,1718.642333984375
2024-03-16 11:00:00,3536.060791015625,3631.42041015625,1931.9576416015625
2024-03-16 12:00:00,3462.869384765625,3631.42041015625,2076.08154296875
2024-03-16 13:00:00,2961.774169921875,3631.42041015625,2076.08154296875
2024-03-16 14:00:00,2961.774169921875,3742.052978515625,1767.0396728515625
2024-03-16 15:00:00,3137.870849609375,3925.729736328125,1767.0396728515625
2024-03-16 16:00:00,3328.298095703125,4305.18505859375,1851.2178955078125
2024-03-16 17:00:00,5833.4853515625,7457.37890625,3862.435791015625
2024-03-16 18:00:00,6065.91650390625,7877.2958984375,5656.9013671875
2024-03-16 19:00:00,7956.92822265625,10150.564453125,7177.15869140625
2024-03-16 20:00:00,9585.80859375,11423.384765625,9309.208984375
2024-03-16 21:00:00,10476.9052734375,11609.6650390625,10002.5927734375
2024-03-16 22:00:00,11251.970703125,14150.7763671875,10870.228515625
2024-03-16 23:00:00,12123.6572265625,14295.2451171875,13529.869140625
2024-03-17 00:00:00,13985.3095703125,15395.78173828125,14058.654296875
2024-03-17 01:00:00,16827.56494140625,19583.3994140625,16934.2119140625
2024-03-17 02:00:00,18169.677734375,20322.3984375,17627.849609375
2024-03-17 03:00:00,18281.658203125,20322.3984375,17627.849609375
2024-03-17 04:00:00,18578.87109375,19010.568359375,17049.275390625
2024-03-17 05:00:00,18510.46875,19010.568359375,17049.275390625
2024-03-17 06:00:00,18510.46875,18988.638671875,16839.236328125
2024-03-17 07:00:00,17580.22265625,18686.208984375,16885.705078125
2024-03-17 08:00:00,16297.466796875,18686.208984375,16687.271484375
2024-03-17 09:00:00,16297.466796875,18973.79296875,16262.0380859375
2024-03-17 10:00:00,15597.9072265625,18973.79296875,16038.736328125
2024-03-17 11:00:00,15147.75,18064.37109375,14074.640625
2024-03-17 12:00:00,14926.3330078125,15372.658203125,12215.09765625
2024-03-17 13:00:00,12352.0771484375,12719.8955078125,10144.5029296875
2024-03-17 14:00:00,10045.7734375,10182.4140625,8983.052734375
2024-03-17 15:00:00,8482.20703125,8290.23046875,7288.68505859375
2024-03-17 16:00:00,7479.40771484375,7703.30078125,5404.046875
2024-03-17 17:00:00,6174.1611328125,6560.396484375,4694.57470703125
2024-03-17 18:00:00,4927.16455078125,5341.44140625,3173.935302734375
2024-03-17 19:00:00,4609.236328125,4877.7353515625,2830.09521484375
2024-03-17 20:00:00,4400.025390625,4324.76025390625,2486.82080078125
2024-03-17 21:00:00,4373.7216796875,4324.76025390625,2454.9404296875
2024-03-17 22:00:00,4373.7216796875,4594.33837890625,2486.82080078125
2024-03-17 23:00:00,5025.19677734375,4594.33837890625,2807.166015625
2024-03-18 00:00:00,5079.863525390625,4579.065185546875,3129.9451904296875
2024-03-18 01:00:00,2321.549560546875,2326.4715576171875,1584.0628051757812
2024-03-18 02:00:00,2295.152099609375,2331.85546875,1559.969482421875
2024-03-18 03:00:00,2051.028564453125,2331.85546875,1559.969482421875
2024-03-18 04:00:00,2051.028564453125,3188.236572265625,1622.5540771484375
2024-03-18 05:00:00,2350.235595703125,3188.236572265625,1934.7308349609375
2024-03-18 06:00:00,2650.8916015625,3188.236572265625,2080.187255859375
2024-03-18 07:00:00,3465.34326171875,3274.301025390625,2080.187255859375
2024-03-18 08:00:00,3465.34326171875,3274.301025390625,1908.903564453125
2024-03-18 09:00:00,3006.50341796875,3176.963623046875,1771.492431640625
2024-03-18 10:00:00,3006.50341796875,2841.1806640625,1771.492431640625
2024-03-18 11:00:00,3022.65185546875,2841.1806640625,1886.7255859375
2024-03-18 12:00:00,4611.22021484375,4591.72607421875,3123.5947265625
2024-03-18 13:00:00,5883.49267578125,5411.26953125,4126.1123046875
2024-03-18 14:00:00,7110.40087890625,6180.41259765625,4897.90966796875
2024-03-18 15:00:00,7510.51171875,6258.67578125,5405.1904296875
2024-03-18 16:00:00,7865.7158203125,7398.1865234375,6005.85546875
2024-03-18 17:00:00,7865.7158203125,7398.1865234375,6005.85546875
2024-03-18 18:00:00,7674.5751953125,7471.96484375,6018.62060546875
2024-03-18 19:00:00,7674.5751953125,7924.81103515625,6460.8779296875
2024-03-18 20:00:00,8523.1796875,9032.1337890625,7368.19775390625
2024-03-18 21:00:00,10035.8603515625,10669.830078125,9627.2724609375
2024-03-18 22:00:00,11102.4130859375,13598.74609375,11719.5302734375
2024-03-18 23:00:00,12666.9384765625,15160.08984375,13294.9443359375
2024-03-19 00:00:00,13262.2177734375,15232.82470703125,13322.7333984375
2024-03-19 01:00:00,12371.01611328125,15866.603515625,13294.89599609375
2024-03-19 02:00:00,13171.2900390625,15624.79296875,13477.1484375
2024-03-19 03:00:00,14263.7421875,16108.4140625,13807.44921875
2024-03-19 04:00:00,15850.8564453125,16533.63671875,15415.4365234375
2024-03-19 05:00:00,15881.216796875,17192.552734375,15454.12109375
2024-03-19 06:00:00,16521.771484375,18526.71484375,17401.77734375
2024-03-19 07:00:00,16521.771484375,18607.5703125,17401.77734375
2024-03-19 08:00:00,16090.7744140625,18526.71484375,16709.64453125
2024-03-19 09:00:00,15282.39453125,18368.69921875,16641.72265625
2024-03-19 10:00:00,14876.1064453125,17660.646484375,16031.841796875
2024-03-19 11:00:00,14509.6298828125,17222.806640625,15401.283203125
2024-03-19 12:00:00,14154.3818359375,17222.806640625,15401.283203125
2024-03-19 13:00:00,14154.3818359375,17334.1796875,15597.67578125
2024-03-19 14:00:00,15667.1005859375,18484.802734375,15597.67578125
2024-03-19 15:00:00,16098.1279296875,18666.962890625,15087.3271484375
2024-03-19 16:00:00,16726.607421875,18774.78515625,15087.3271484375
2024-03-19 17:00:00,16730.572265625,18890.267578125,15155.5537109375
2024-03-19 18:00:00,16726.607421875,18890.267578125,15519.41015625
2024-03-19 19:00:00,16199.5849609375,18689.7265625,15519.41015625
2024-03-19 20:00:00,14629.98828125,17811.337890625,14309.5322265625
2024-03-19 21:00:00,14515.4052734375,15962.6591796875,13267.283203125
2024-03-19 22:00:00,14515.4052734375,15962.6591796875,13154.966796875
2024-03-19 23:00:00,14943.935546875,15812.35546875,13156.20703125
2024-03-20 00:00:00,15267.6328125,15998.47705078125,13155.5869140625
2024-03-20 01:00:00,13614.5771484375,14838.48095703125,12065.943359375
2024-03-20 02:00:00,12496.8671875,14149.62890625,11938.4521484375
2024-03-20 03:00:00,12428.86328125,14005.7578125,11309.8759765625
2024-03-20 04:00:00,10496.787109375,11138.4267578125,9734.9814453125
2024-03-20 05:00:00,7090.1337890625,8841.9521484375,7226.283203125
2024-03-20 06:00:00,6797.14453125,8009.009765625,6846.15478515625
2024-03-20 07:00:00,6305.228515625,8009.009765625,6824.84814453125
2024-03-20 08:00:00,5962.845703125,6933.24609375,5513.271484375
2024-03-20 09:00:00,5153.45068359375,6916.33203125,5363.57080078125
2024-03-20 10:00:00,5153.45068359375,5347.6796875,4183.712890625
2024-03-20 11:00:00,5063.36767578125,5082.86962890625,4114.39501953125
2024-03-20 12:00:00,5063.36767578125,5082.86962890625,4114.39501953125
2024-03-20 13:00:00,5154.03271484375,5216.82861328125,4091.386474609375
2024-03-20 14:00:00,5154.03271484375,5216.82861328125,4078.150390625
2024-03-20 15:00:00,4755.07275390625,5038.27294921875,4091.386474609375
2024-03-20 16:00:00,4673.421875,5038.27294921875,4078.150390625
2024-03-20 17:00:00,4671.0986328125,5138.6865234375,4114.16259765625
2024-03-20 18:00:00,4673.421875,5533.08642578125,4114.16259765625
2024-03-20 19:00:00,6065.8271484375,6065.8583984375,4722.775390625
2024-03-20 20:00:00,6669.2265625,7430.765625,5995.0537109375
2024-03-20 21:00:00,6787.7451171875,7771.93701171875,6411.4853515625
2024-03-20 22:00:00,8455.4208984375,7854.599609375,7623.50390625
2024-03-20 23:00:00,8455.4208984375,8220.974609375,7733.1943359375
2024-03-21 00:00:00,8495.3251953125,8037.787109375,7757.5673828125
2024-03-21 01:00:00,7022.87744140625,7311.7197265625,5651.650146484375
2024-03-21 02:00:00,6951.765625,7218.1416015625,5646.94580078125
2024-03-21 03:00:00,7093.9892578125,7218.1416015625,5646.94580078125
2024-03-21 04:00:00,6891.66748046875,7428.20849609375,5646.94580078125
2024-03-21 05:00:00,6490.67724609375,7443.75537109375,6100.5146484375
2024-03-21 06:00:00,6104.99755859375,7800.01611328125,5641.20751953125
2024-03-21 07:00:00,6104.99755859375,7800.01611328125,5641.20751953125
2024-03-21 08:00:00,5541.47119140625,7300.7802734375,4941.0068359375
2024-03-21 09:00:00,4285.54443359375,5866.27392578125,3701.106689453125
2024-03-21 10:00:00,4003.362060546875,4341.30517578125,2997.623779296875
2024-03-21 11:00:00,3719.607177734375,4304.1123046875,2950.5322265625
2024-03-21 12:00:00,3719.607177734375,4304.1123046875,2950.5322265625
2024-03-21 13:00:00,4351.6708984375,4304.1123046875,2963.037841796875
2024-03-21 14:00:00,4351.6708984375,4682.01513671875,3127.923583984375
2024-03-21 15:00:00,4351.6708984375,4546.22412109375,2963.037841796875
2024-03-21 16:00:00,4474.08056640625,4682.01513671875,2940.431640625
2024-03-21 17:00:00,4495.71484375,5118.25244140625,2940.431640625
2024-03-21 18:00:00,5060.05224609375,5296.93408203125,3020.948974609375
2024-03-21 19:00:00,5177.55810546875,5603.44873046875,4013.624267578125
2024-03-21 20:00:00,5754.30859375,7238.60205078125,4907.68408203125
2024-03-21 21:00:00,5869.642578125,7673.4248046875,4955.8193359375
2024-03-21 22:00:00,6714.580078125,9018.5634765625,5931.42431640625
2024-03-21 23:00:00,6714.580078125,9018.5634765625,5931.42431640625
2024-03-22 00:00:00,6852.383056640625,8571.84423828125,5765.08251953125
2024-03-22 01:00:00,3936.0928955078125,4663.78466796875,2772.1014404296875
2024-03-22 02:00:00,3876.307373046875,4661.78857421875,2844.34423828125
2024-03-22 03:00:00,3717.161376953125,4661.78857421875,2778.308349609375
2024-03-22 04:00:00,3876.307373046875,4661.78857421875,2874.105224609375
2024-03-22 05:00:00,3456.03271484375,4151.51025390625,2778.308349609375
2024-03-22 06:00:00,3556.6005859375,4151.51025390625,2699.287109375
2024-03-22 07:00:00,3556.6005859375,4286.69189453125,2699.287109375
2024-03-22 08:00:00,3763.88427734375,4756.19482421875,3129.80712890625
2024-03-22 09:00:00,4123.67919921875,5528.10986328125,3484.048828125
2024-03-22 10:00:00,4704.59814453125,6139.11376953125,3989.136474609375
2024-03-22 11:00:00,6390.19775390625,7986.25244140625,5822.3291015625
2024-03-22 12:00:00,6860.9873046875,8006.3017578125,5822.3291015625
2024-03-22 13:00:00,7201.43798828125,8006.3017578125,6074.99462890625
2024-03-22 14:00:00,8413.005859375,10291.0712890625,7338.2978515625
2024-03-22 15:00:00,10458.6220703125,13468.220703125,9790.3212890625
2024-03-22 16:00:00,11603.07421875,13854.904296875,10630.6748046875
2024-03-22 17:00:00,13018.3046875,15804.3779296875,12319.5869140625
2024-03-22 18:00:00,13976.57421875,16068.830078125,13241.162109375
2024-03-22 19:00:00,14393.5869140625,16964.1171875,14060.896484375
2024-03-22 20:00:00,14393.5869140625,16964.1171875,14060.896484375
2024-03-22 21:00:00,14215.5498046875,16724.78125,14060.896484375
2024-03-22 22:00:00,13818.0927734375,16724.78125,13976.4580078125
2024-03-22 23:00:00,13676.611328125,16549.330078125,13976.4580078125
2024-03-23 00:00:00,13443.46923828125,16387.931640625,13801.27001953125
2024-03-23 01:00:00,14661.47265625,17567.3876953125,15646.17578125
2024-03-23 02:00:00,14398.1240234375,17440.53125,15313.0244140625
2024-03-23 03:00:00,13953.6494140625,16438.935546875,15281.82421875
2024-03-23 04:00:00,13347.8544921875,15300.1904296875,14213.2587890625
2024-03-23 05:00:00,12315.251953125,14080.810546875,12641.9736328125
2024-03-23 06:00:00,11750.3779296875,13518.1328125,11989.4814453125
2024-03-23 07:00:00,11023.83203125,13518.1328125,11329.62109375
2024-03-23 08:00:00,10560.0009765625,12970.4453125,10425.908203125
2024-03-23 09:00:00,10055.2177734375,12396.7109375,9984.23828125
2024-03-23 10:00:00,8187.4140625,8647.5234375,6723.49267578125
2024-03-23 11:00:00,7335.85400390625,7492.26708984375,4913.9521484375
2024-03-23 12:00:00,6255.6337890625,6097.1630859375,4254.83740234375
2024-03-23 13:00:00,5578.10498046875,5761.220703125,3516.28759765625
2024-03-23 14:00:00,5531.41064453125,5222.55712890625,2675.824951171875
2024-03-23 15:00:00,5169.330078125,5134.02880859375,2623.7724609375
2024-03-23 16:00:00,4995.6181640625,4424.31103515625,2424.48779296875
2024-03-23 17:00:00,3879.379638671875,3453.160888671875,2615.50048828125
2024-03-23 18:00:00,3746.295654296875,3453.160888671875,2615.50048828125
2024-03-23 19:00:00,3746.295654296875,3635.740966796875,2832.369873046875
2024-03-23 20:00:00,4261.94677734375,4241.8583984375,3136.411376953125
2024-03-23 21:00:00,4261.94677734375,4662.58203125,3239.42041015625
2024-03-23 22:00:00,4002.79443359375,4662.58203125,3239.42041015625
2024-03-23 23:00:00,3363.907958984375,3844.35009765625,2785.7783203125
2024-03-24 00:00:00,3340.222412109375,3822.22998046875,2672.1259765625
2024-03-24 01:00:00,2902.039306640625,2717.8372802734375,2159.5810546875
2024-03-24 02:00:00,2903.76513671875,2895.481689453125,2262.85986328125
2024-03-24 03:00:00,3005.322509765625,3132.483642578125,2262.85986328125
2024-03-24 04:00:00,3005.322509765625,3226.650146484375,2025.816650390625
2024-03-24 05:00:00,3214.475341796875,3397.07275390625,2025.816650390625
2024-03-24 06:00:00,3245.552978515625,4139.67041015625,2661.056640625
2024-03-24 07:00:00,3275.086669921875,4416.44775390625,3224.81103515625
2024-03-24 08:00:00,4388.15869140625,5308.36181640625,3720.327880859375
2024-03-24 09:00:00,4388.15869140625,5414.0693359375,3728.410400390625
2024-03-24 10:00:00,4024.203857421875,5414.0693359375,3720.327880859375
2024-03-24 11:00:00,3089.0166015625,5414.0693359375,3290.90283203125
2024-03-24 12:00:00,3089.0166015625,5568.2451171875,3290.90283203125
2024-03-24 13:00:00,3281.787841796875,5568.2451171875,3522.8984375
2024-03-24 14:00:00,3377.99365234375,5834.58544921875,3522.8984375
2024-03-24 15:00:00,3414.780029296875,5834.58544921875,3502.931884765625
2024-03-24 16:00:00,3414.780029296875,5629.5576171875,3326.48046875
2024-03-24 17:00:00,3410.921875,5469.4658203125,3306.074951171875
2024-03-24 18:00:00,3410.921875,5469.4658203125,3306.074951171875
2024-03-24 19:00:00,3717.829833984375,6301.1708984375,4169.7666015625
2024-03-24 20:00:00,3822.091552734375,7586.47021484375,4906.181640625
2024-03-24 21:00:00,3885.40771484375,7753.15234375,4906.181640625
2024-03-24 22:00:00,4325.67626953125,7586.47021484375,4756.8955078125
2024-03-24 23:00:00,4325.67626953125,7381.21533203125,4756.8955078125
2024-03-25 00:00:00,4304.1630859375,6892.503662109375,4778.251953125
2024-03-25 01:00:00,3824.1610107421875,3927.5587158203125,3208.3480224609375
2024-03-25 02:00:00,3711.4853515625,3856.166748046875,3258.78076171875
2024-03-25 03:00:00,3675.728759765625,3856.166748046875,3357.2021484375
2024-03-25 04:00:00,3458.35498046875,4686.39501953125,3357.2021484375
2024-03-25 05:00:00,3444.41650390625,4686.39501953125,3222.483154296875
2024-03-25 06:00:00,3444.41650390625,4871.15380859375,3132.559814453125
2024-03-25 07:00:00,3122.652587890625,4374.84814453125,3054.47900390625
2024-03-25 08:00:00,3118.307861328125,4349.3203125,2955.78759765625
2024-03-25 09:00:00,2588.35400390625,3808.676513671875,2738.0732421875
2024-03-25 10:00:00,2588.35400390625,3757.762451171875,2406.647705078125
2024-03-25 11:00:00,2848.32373046875,3616.95263671875,2406.647705078125
2024-03-25 12:00:00,3173.954833984375,3616.95263671875,2430.802734375
2024-03-25 13:00:00,3228.07275390625,3640.96728515625,2704.7275390625
2024-03-25 14:00:00,3228.07275390625,3800.97265625,2800.318115234375
2024-03-25 15:00:00,3228.07275390625,3808.57373046875,3295.618896484375
2024-03-25 16:00:00,3492.4580078125,4695.94482421875,3669.527587890625
2024-03-25 17:00:00,3848.745361328125,5994.87841796875,3889.4794921875
2024-03-25 18:00:00,5118.7978515625,7324.62841796875,5085.0615234375
2024-03-25 19:00:00,5462.6181640625,8126.126953125,5881.5283203125
2024-03-25 20:00:00,5618.60693359375,9290.5244140625,7230.99169921875
2024-03-25 21:00:00,5618.60693359375,9290.5244140625,7230.99169921875
2024-03-25 22:00:00,5480.82177734375,8669.7626953125,6759.6298828125
2024-03-25 23:00:00,5480.82177734375,8669.7626953125,6253.47900390625
2024-03-26 00:00:00,5543.77734375,8885.015625,6106.747802734375
2024-03-26 01:00:00,12179.48388671875,15055.8349609375,12964.2744140625
2024-03-26 02:00:00,12705.1455078125,15229.9384765625,13141.025390625
2024-03-26 03:00:00,12705.1455078125,15229.9384765625,13141.025390625
2024-03-26 04:00:00,11781.7548828125,14211.908203125,12683.34765625
2024-03-26 05:00:00,11613.9873046875,12561.5732421875,12055.9326171875
2024-03-26 06:00:00,11613.9873046875,12561.5732421875,11840.439453125
2024-03-26 07:00:00,11370.2529296875,12561.5732421875,11840.439453125
2024-03-26 08:00:00,9348.28515625,10482.8056640625,9189.46484375
2024-03-26 09:00:00,8742.5205078125,9419.44921875,7896.2060546875
2024-03-26 10:00:00,7200.3515625,8271.22265625,6139.35498046875
2024-03-26 11:00:00,6380.4375,7197.94384765625,5432.33349609375
2024-03-26 12:00:00,5308.0849609375,5709.42626953125,4316.630859375
2024-03-26 13:00:00,4267.8857421875,5258.185546875,4015.454833984375
2024-03-26 14:00:00,3580.117919921875,3965.432373046875,3276.629150390625
2024-03-26 15:00:00,3409.75,3791.92626953125,3276.629150390625
2024-03-26 16:00:00,3409.75,3528.5595703125,3445.23828125
2024-03-26 17:00:00,3384.327880859375,3528.5595703125,3594.14306640625
2024-03-26 18:00:00,3476.622802734375,3625.799072265625,3597.6416015625
2024-03-26 19:00:00,3476.622802734375,3937.772705078125,3791.243408203125
2024-03-26 20:00:00,3833.638916015625,3937.772705078125,3791.243408203125
2024-03-26 21:00:00,4072.445068359375,3937.772705078125,3616.03173828125
2024-03-26 22:00:00,4742.4921875,4221.66015625,3616.03173828125
2024-03-26 23:00:00,4767.9482421875,4862.44677734375,3712.282958984375
2024-03-27 00:00:00,4882.84033203125,5157.39013671875,3891.34375
2024-03-27 01:00:00,4708.832763671875,4684.9716796875,3543.7567138671875
2024-03-27 02:00:00,4350.55419921875,4567.4326171875,3095.787841796875
2024-03-27 03:00:00,4350.55419921875,4567.4326171875,3095.787841796875
2024-03-27 04:00:00,4459.9072265625,5194.71826171875,3095.787841796875
2024-03-27 05:00:00,4459.9072265625,5194.71826171875,2743.67431640625
2024-03-27 06:00:00,3788.427490234375,3874.5224609375,2601.391845703125
2024-03-27 07:00:00,3655.287109375,3874.5224609375,2181.08056640625
2024-03-27 08:00:00,3532.791748046875,3783.4150390625,2029.5159912109375
2024-03-27 09:00:00,3427.2939453125,3312.33837890625,1931.196533203125
2024-03-27 10:00:00,3191.676513671875,3159.23779296875,1931.196533203125
2024-03-27 11:00:00,3427.2939453125,3084.515380859375,2089.279541015625
2024-03-27 12:00:00,3399.01806640625,3084.515380859375,2436.078125
2024-03-27 13:00:00,3399.01806640625,3168.743896484375,2579.842041015625
2024-03-27 14:00:00,3399.01806640625,3715.756103515625,2448.2685546875
2024-03-27 15:00:00,3504.503173828125,4080.875732421875,2464.609375
2024-03-27 16:00:00,3900.344482421875,4080.875732421875,2464.609375
2024-03-27 17:00:00,3900.344482421875,4080.875732421875,2868.070556640625
2024-03-27 18:00:00,5235.63427734375,5088.2587890625,4094.208251953125
2024-03-27 19:00:00,7313.3193359375,7481.03271484375,6580.43359375
2024-03-27 20:00:00,10345.6064453125,9758.408203125,8354.408203125
2024-03-27 21:00:00,10382.5205078125,12214.37109375,9372.3662109375
2024-03-27 22:00:00,11604.013671875,15407.583984375,11962.7841796875
2024-03-27 23:00:00,11788.9462890625,15451.92578125,12009.6328125
2024-03-28 00:00:00,11934.22021484375,15514.44482421875,12271.01416015625
2024-03-28 01:00:00,10034.39404296875,10543.44482421875,8677.967529296875
2024-03-28 02:00:00,9545.3447265625,11704.1513671875,8672.673828125
2024-03-28 03:00:00,9025.0361328125,11704.1513671875,8346.458984375
2024-03-28 04:00:00,8943.65625,11704.1513671875,8346.458984375
2024-03-28 05:00:00,8943.65625,12085.775390625,8346.458984375
2024-03-28 06:00:00,8752.4609375,10341.833984375,6613.3896484375
2024-03-28 07:00:00,9264.896484375,12965.439453125,8489.921875
2024-03-28 08:00:00,9264.896484375,12965.439453125,9625.9619140625
2024-03-28 09:00:00,9264.896484375,12965.439453125,9625.9619140625
2024-03-28 10:00:00,9187.052734375,12779.935546875,9820.1962890625
2024-03-28 11:00:00,9187.052734375,12428.28125,8949.791015625
2024-03-28 12:00:00,9113.16796875,12634.7861328125,9580.8447265625
2024-03-28 13:00:00,9451.576171875,12634.7861328125,9580.8447265625
2024-03-28 14:00:00,10257.3427734375,14226.9560546875,11000.525390625
2024-03-28 15:00:00,11646.6796875,14496.396484375,12026.9091796875
2024-03-28 16:00:00,11646.6796875,14496.396484375,12026.9091796875
2024-03-28 17:00:00,10992.259765625,14017.564453125,11822.43359375
2024-03-28 18:00:00,10991.537109375,13934.0419921875,10727.966796875
2024-03-28 19:00:00,10476.2001953125,13573.314453125,10727.966796875
2024-03-28 20:00:00,10917.640625,13436.56640625,10898.15234375
2024-03-28 21:00:00,10917.640625,13436.56640625,11136.3896484375
2024-03-28 22:00:00,11345.9326171875,13537.025390625,11685.5185546875
2024-03-28 23:00:00,13550.3994140625,15111.5712890625,13813.4814453125
2024-03-29 00:00:00,14459.654296875,15917.27685546875,14154.39111328125
2024-03-29 01:00:00,17444.294921875,19356.0810546875,16860.041015625
2024-03-29 02:00:00,17244.83203125,19539.935546875,17208.802734375
2024-03-29 03:00:00,16942.490234375,19645.904296875,17246.66796875
2024-03-29 04:00:00,16942.490234375,19645.904296875,17246.66796875
2024-03-29 05:00:00,15879.087890625,18403.833984375,16608.021484375
2024-03-29 06:00:00,14694.0859375,17613.685546875,15273.7431640625
2024-03-29 07:00:00,12004.7060546875,17280.46484375,13331.8232421875
2024-03-29 08:00:00,12004.7060546875,16607.931640625,13331.8232421875
2024-03-29 09:00:00,12736.60546875,17168.9921875,13976.6728515625
2024-03-29 10:00:00,13866.7802734375,17046.294921875,13976.6728515625
2024-03-29 11:00:00,13866.7802734375,17168.9921875,14419.0654296875
2024-03-29 12:00:00,13824.97265625,17299.96484375,14419.0654296875
2024-03-29 13:00:00,13781.873046875,17920.3515625,14419.0654296875
2024-03-29 14:00:00,13310.6328125,18060.708984375,14337.0576171875
2024-03-29 15:00:00,13070.4912109375,18060.708984375,14100.3076171875
2024-03-29 16:00:00,12731.962890625,17910.74609375,14100.3076171875
2024-03-29 17:00:00,13070.4912109375,17717.408203125,14100.3076171875
2024-03-29 18:00:00,13412.1337890625,17612.3984375,14222.205078125
2024-03-29 19:00:00,13986.4033203125,17717.408203125,14950.5634765625
2024-03-29 20:00:00,14356.74609375,18039.380859375,15664.0361328125
2024-03-29 21:00:00,15793.744140625,18461.095703125,16275.0361328125
2024-03-29 22:00:00,16192.2861328125,18461.095703125,16275.0361328125
2024-03-29 23:00:00,16242.66015625,18288.865234375,16802.908203125
2024-03-30 00:00:00,16362.0224609375,18208.1484375,16467.74365234375
2024-03-30 01:00:00,11515.73486328125,14222.8623046875,11336.19091796875
2024-03-30 02:00:00,11018.578125,14297.763671875,11141.984375
2024-03-30 03:00:00,10591.396484375,14297.763671875,10732.12890625
2024-03-30 04:00:00,9078.3662109375,12491.109375,9406.380859375
2024-03-30 05:00:00,9078.3662109375,12322.474609375,9406.380859375
2024-03-30 06:00:00,9564.146484375,12322.474609375,9851.060546875
2024-03-30 07:00:00,9929.9111328125,12905.5166015625,9851.060546875
2024-03-30 08:00:00,10280.3779296875,12905.5166015625,9728.03515625
2024-03-30 09:00:00,10669.5009765625,12614.4912109375,9728.03515625
2024-03-30 10:00:00,10280.3779296875,12266.353515625,9793.779296875
2024-03-30 11:00:00,10399.1943359375,12614.4912109375,10175.828125
2024-03-30 12:00:00,10399.1943359375,13363.9326171875,11028.1015625
2024-03-30 13:00:00,11254.375,13863.919921875,11404.6640625
2024-03-30 14:00:00,11561.4130859375,14053.8056640625,12097.4638671875
2024-03-30 15:00:00,12683.8212890625,14053.8056640625,12097.4638671875
2024-03-30 16:00:00,12683.8212890625,13472.30859375,11250.7890625
2024-03-30 17:00:00,12044.7265625,11698.6953125,11062.0458984375
2024-03-30 18:00:00,10525.0224609375,11140.5703125,9376.0234375
2024-03-30 19:00:00,10525.0224609375,11140.5703125,9376.0234375
2024-03-30 20:00:00,10854.07421875,12340.4365234375,9608.3994140625
2024-03-30 21:00:00,11535.576171875,13207.4384765625,10013.44921875
2024-03-30 22:00:00,11535.576171875,13207.4384765625,10013.44921875
2024-03-30 23:00:00,11736.5361328125,13488.0791015625,10229.4951171875
2024-03-31 00:00:00,11115.41943359375,12974.56298828125,10467.48388671875
2024-03-31 01:00:00,11389.2744140625,13459.90087890625,10530.93896484375
2024-03-31 02:00:00,11374.7548828125,14084.8349609375,10683.9228515625
2024-03-31 03:00:00,11720.75390625,14628.1376953125,10689.19921875
2024-03-31 04:00:00,11840.0595703125,14941.7666015625,10689.19921875
2024-03-31 05:00:00,12409.9072265625,14949.921875,10689.19921875
2024-03-31 06:00:00,13735.84765625,15458.3154296875,10410.8994140625
2024-03-31 07:00:00,13735.84765625,15458.3154296875,10410.8994140625
2024-03-31 08:00:00,9130.185546875,12612.650390625,7525.43017578125
2024-03-31 09:00:00,8232.3232421875,10962.125,6513.966796875
2024-03-31 10:00:00,5377.15087890625,7896.916015625,4387.94970703125
2024-03-31 11:00:00,3215.8876953125,4260.265625,2165.903076171875
2024-03-31 12:00:00,3008.0859375,3512.550537109375,1786.5677490234375
2024-03-31 13:00:00,2857.289794921875,3326.3837890625,1786.5677490234375
2024-03-31 14:00:00,2717.9990234375,3286.123779296875,1638.6009521484375
2024-03-31 15:00:00,2549.4169921875,3008.422607421875,1483.228515625
2024-03-31 16:00:00,2549.4169921875,2947.175048828125,1458.3250732421875
2024-03-31 17:00:00,2749.81591796875,2947.175048828125,1483.228515625
2024-03-31 18:00:00,2852.886474609375,2947.175048828125,1898.4522705078125
2024-03-31 19:00:00,3782.755615234375,3631.8896484375,2700.153564453125
2024-03-31 20:00:00,5236.7744140625,5736.9599609375,3712.8916015625
2024-03-31 21:00:00,5762.28759765625,7667.87744140625,4411.88818359375
2024-03-31 22:00:00,7110.17822265625,9798.3515625,6317.71826171875
2024-03-31 23:00:00,7813.45263671875,9923.0126953125,7433.64208984375
2024-04-01 00:00:00,7898.801513671875,9971.91748046875,7568.43896484375
2024-04-01 01:00:00,7093.623291015625,8511.31884765625,5446.97900390625
2024-04-01 02:00:00,7228.94775390625,8391.47265625,5609.26806640625
2024-04-01 03:00:00,7387.08056640625,8391.47265625,5701.837890625
2024-04-01 04:00:00,7775.8232421875,8622.12890625,6358.40234375
2024-04-01 05:00:00,8237.2724609375,8971.7177734375,6667.16455078125
2024-04-01 06:00:00,8237.2724609375,9813.9560546875,6858.51318359375
2024-04-01 07:00:00,8572.5576171875,10732.779296875,7745.27978515625
2024-04-01 08:00:00,9777.6591796875,11061.9794921875,8818.01171875
2024-04-01 09:00:00,10307.498046875,10732.779296875,9027.6923828125
2024-04-01 10:00:00,10360.158203125,10575.7880859375,8918.359375
2024-04-01 11:00:00,10360.158203125,10515.4775390625,8918.359375
2024-04-01 12:00:00,10015.8662109375,10176.53515625,8660.8935546875
2024-04-01 13:00:00,10015.8662109375,9423.2294921875,7676.0078125
2024-04-01 14:00:00,10052.4853515625,9423.2294921875,7676.0078125
2024-04-01 15:00:00,10704.8642578125,9772.328125,8014.8330078125
2024-04-01 16:00:00,10704.8642578125,9772.328125,8014.8330078125
2024-04-01 17:00:00,8609.5615234375,9656.06640625,7279.73193359375
2024-04-01 18:00:00,8609.5615234375,9656.06640625,7279.73193359375
2024-04-01 19:00:00,9590.580078125,11235.2939453125,9337.953125
2024-04-01 20:00:00,10913.5556640625,14045.462890625,11470.9716796875
2024-04-01 21:00:00,11522.28515625,14767.3544921875,11597.9951171875
2024-04-01 22:00:00,12458.134765625,15777.83984375,11597.9951171875
2024-04-01 23:00:00,13148.4287109375,15885.6005859375,12188.9658203125
2024-04-02 00:00:00,13269.017578125,15831.72021484375,11767.1552734375
2024-04-02 01:00:00,10886.14501953125,14039.171875,9955.9287109375
2024-04-02 02:00:00,10806.6142578125,14022.421875,9766.447265625
2024-04-02 03:00:00,10094.6416015625,12934.416015625,9240.341796875
2024-04-02 04:00:00,9011.5087890625,11509.7578125,7712.990234375
2024-04-02 05:00:00,9011.5087890625,11509.7578125,7712.990234375
2024-04-02 06:00:00,8728.0576171875,11509.7578125,7232.2177734375
2024-04-02 07:00:00,7972.94189453125,11016.1572265625,7043.0205078125
2024-04-02 08:00:00,6607.490234375,10034.17578125,6161.203125
2024-04-02 09:00:00,6575.36328125,9161.3662109375,5145.90087890625
2024-04-02 10:00:00,6128.171875,7869.31494140625,4291.642578125
2024-04-02 11:00:00,5362.96826171875,7508.23681640625,4271.5810546875
2024-04-02 12:00:00,4841.79638671875,5912.51953125,3062.050537109375
2024-04-02 13:00:00,4434.591796875,5142.87646484375,2681.63427734375
2024-04-02 14:00:00,3565.98193359375,4226.67431640625,1959.7161865234375
2024-04-02 15:00:00,3514.308837890625,4116.1845703125,1724.197509765625
2024-04-02 16:00:00,3393.9716796875,4116.1845703125,1551.94970703125
2024-04-02 17:00:00,3393.9716796875,4053.45703125,1551.94970703125
2024-04-02 18:00:00,3453.42431640625,4154.1806640625,2149.2373046875
2024-04-02 19:00:00,3464.879638671875,3921.20458984375,2238.00537109375
2024-04-02 20:00:00,3453.42431640625,3921.20458984375,2631.35498046875
2024-04-02 21:00:00,3706.66455078125,3921.20458984375,2631.35498046875
2024-04-02 22:00:00,3567.520263671875,4229.6044921875,3024.406982421875
2024-04-02 23:00:00,3656.63427734375,4229.6044921875,3024.406982421875
2024-04-03 00:00:00,3612.0772705078125,4126.7239990234375,2934.4249267578125
2024-04-03 01:00:00,3557.0533447265625,3874.1016845703125,2538.449462890625
2024-04-03 02:00:00,3505.83154296875,3786.716064453125,2529.154052734375
2024-04-03 03:00:00,3277.1630859375,3786.716064453125,2738.726806640625
2024-04-03 04:00:00,3237.49365234375,3468.992431640625,2624.766845703125
2024-04-03 05:00:00,3176.79833984375,3393.51708984375,2718.3994140625
2024-04-03 06:00:00,3176.79833984375,3393.51708984375,2718.3994140625
2024-04-03 07:00:00,3295.439208984375,3578.285888671875,2847.474853515625
2024-04-03 08:00:00,3444.928955078125,3829.80712890625,3047.227294921875
2024-04-03 09:00:00,3504.017822265625,4023.92822265625,3414.052978515625
2024-04-03 10:00:00,3504.017822265625,4023.92822265625,3414.052978515625
2024-04-03 11:00:00,3081.344482421875,4179.80859375,3123.609375
2024-04-03 12:00:00,3081.344482421875,4179.80859375,3123.609375
2024-04-03 13:00:00,2988.6513671875,4332.67333984375,3082.423583984375
2024-04-03 14:00:00,3084.919189453125,4332.67333984375,3082.423583984375
2024-04-03 15:00:00,3096.7841796875,4171.27978515625,3035.531494140625
2024-04-03 16:00:00,3113.13916015625,4171.27978515625,2940.8603515625
2024-04-03 17:00:00,3113.13916015625,4173.31640625,3035.531494140625
2024-04-03 18:00:00,3113.13916015625,4173.31640625,3054.063232421875
2024-04-03 19:00:00,2836.90771484375,3958.089111328125,3187.485107421875
2024-04-03 20:00:00,3479.8984375,3861.978759765625,3187.485107421875
2024-04-03 21:00:00,3479.8984375,3861.978759765625,3197.59521484375
2024-04-03 22:00:00,3824.933837890625,4055.05810546875,3261.0966796875
2024-04-03 23:00:00,4108.0966796875,4055.05810546875,3568.134033203125
2024-04-04 00:00:00,4540.34765625,4314.1424560546875,3659.2996826171875
2024-04-04 01:00:00,3310.89501953125,3212.5267333984375,2789.83349609375
2024-04-04 02:00:00,3372.56103515625,3323.721435546875,2855.8681640625
2024-04-04 03:00:00,3249.22900390625,3168.65771484375,2940.849853515625
2024-04-04 04:00:00,3459.326171875,3191.578125,2940.849853515625
2024-04-04 05:00:00,3227.546630859375,3191.578125,2940.849853515625
2024-04-04 06:00:00,3156.143798828125,3309.10205078125,2810.637939453125
2024-04-04 07:00:00,2963.07666015625,3309.10205078125,2672.62939453125
2024-04-04 08:00:00,2818.711181640625,3311.190185546875,2649.08447265625
2024-04-04 09:00:00,2648.903564453125,3431.7060546875,2553.43603515625
2024-04-04 10:00:00,2648.903564453125,3431.7060546875,2553.43603515625
2024-04-04 11:00:00,2784.046142578125,3495.931396484375,2533.6337890625
2024-04-04 12:00:00,3035.632080078125,3705.91064453125,2533.6337890625
2024-04-04 13:00:00,3088.497802734375,3705.91064453125,2392.82470703125
2024-04-04 14:00:00,3088.497802734375,3511.26806640625,2314.62060546875
2024-04-04 15:00:00,3047.289794921875,3511.26806640625,2281.5205078125
2024-04-04 16:00:00,3047.289794921875,3511.26806640625,2281.5205078125
2024-04-04 17:00:00,2964.6455078125,3286.39404296875,2281.5205078125
2024-04-04 18:00:00,2554.284912109375,3280.84228515625,1817.156005859375
2024-04-04 19:00:00,2554.284912109375,2959.673828125,1817.156005859375
2024-04-04 20:00:00,3126.606689453125,2959.673828125,2273.508056640625
2024-04-04 21:00:00,3188.248291015625,2987.8916015625,2291.2724609375
2024-04-04 22:00:00,3693.082275390625,3721.675537109375,3193.408935546875
2024-04-04 23:00:00,3693.082275390625,3991.213134765625,3193.408935546875
2024-04-05 00:00:00,3668.330078125,3999.41796875,2988.96875
2024-04-05 01:00:00,3552.6129150390625,2912.964599609375,2230.1968994140625
2024-04-05 02:00:00,3527.943603515625,2915.12841796875,2217.9482421875
2024-04-05 03:00:00,3353.112060546875,2940.691650390625,2217.9482421875
2024-04-05 04:00:00,3020.08740234375,3069.38525390625,2191.29833984375
2024-04-05 05:00:00,3020.08740234375,3118.914306640625,2285.06884765625
2024-04-05 06:00:00,3186.99755859375,3201.116455078125,2359.745361328125
2024-04-05 07:00:00,3186.99755859375,3306.672119140625,2578.457275390625
2024-04-05 08:00:00,3005.56298828125,3385.29296875,2578.457275390625
2024-04-05 09:00:00,2958.46435546875,3460.600341796875,2376.884033203125
2024-04-05 10:00:00,2958.46435546875,3460.600341796875,2376.884033203125
2024-04-05 11:00:00,3267.468994140625,3745.79638671875,2425.715087890625
2024-04-05 12:00:00,3335.998291015625,3941.483154296875,2601.520263671875
2024-04-05 13:00:00,3508.023193359375,4051.137451171875,2722.708740234375
2024-04-05 14:00:00,3908.23876953125,4098.4560546875,2930.207763671875
2024-04-05 15:00:00,3908.23876953125,4098.4560546875,2930.207763671875
2024-04-05 16:00:00,4129.21044921875,3682.461181640625,2945.17236328125
2024-04-05 17:00:00,4051.148193359375,3682.461181640625,2945.17236328125
2024-04-05 18:00:00,4129.21044921875,4208.6171875,3007.45458984375
2024-04-05 19:00:00,5008.79345703125,5352.630859375,4090.32421875
2024-04-05 20:00:00,5945.38623046875,6894.8720703125,5216.6484375
2024-04-05 21:00:00,6042.435546875,7440.24462890625,5294.494140625
2024-04-05 22:00:00,7677.24267578125,9963.0595703125,7001.228515625
2024-04-05 23:00:00,10132.14453125,12258.771484375,8820.6982421875
2024-04-06 00:00:00,11018.7529296875,13324.2021484375,10120.00732421875
2024-04-06 01:00:00,13284.3828125,14874.32470703125,11834.41162109375
2024-04-06 02:00:00,13813.232421875,15438.8720703125,12317.3173828125
2024-04-06 03:00:00,13813.232421875,16191.8984375,12317.3173828125
2024-04-06 04:00:00,13707.7119140625,16191.8984375,11194.3115234375
2024-04-06 05:00:00,13678.09375,16247.1962890625,11107.2109375
2024-04-06 06:00:00,13437.3037109375,16317.7880859375,10974.9013671875
2024-04-06 07:00:00,13437.3037109375,16317.7880859375,10974.9013671875
2024-04-06 08:00:00,10320.2900390625,12752.6640625,8082.24169921875
2024-04-06 09:00:00,6196.63525390625,7771.2041015625,4043.89794921875
2024-04-06 10:00:00,5027.69775390625,6712.81005859375,3549.4140625
2024-04-06 11:00:00,3518.94775390625,3955.38623046875,2049.90234375
2024-04-06 12:00:00,3518.94775390625,3955.38623046875,2049.90234375
2024-04-06 13:00:00,4175.13525390625,4367.56005859375,2731.07958984375
2024-04-06 14:00:00,4978.4326171875,5313.9755859375,2992.59033203125
2024-04-06 15:00:00,5397.3427734375,5338.5927734375,3348.40234375
2024-04-06 16:00:00,5479.94189453125,5561.5400390625,3750.56689453125
2024-04-06 17:00:00,5833.8408203125,5932.2060546875,4412.77197265625
2024-04-06 18:00:00,6822.4970703125,7535.27001953125,5882.78271484375
2024-04-06 19:00:00,9275.9814453125,10723.0302734375,7914.5419921875
2024-04-06 20:00:00,11738.4677734375,13536.95703125,10599.9482421875
2024-04-06 21:00:00,13321.3642578125,15142.076171875,11961.978515625
2024-04-06 22:00:00,13321.3642578125,15998.2958984375,12722.525390625
2024-04-06 23:00:00,12595.376953125,15998.2958984375,12722.525390625
2024-04-07 00:00:00,12162.990234375,15623.890625,12276.826171875
2024-04-07 01:00:00,12226.99462890625,15453.63525390625,10182.15380859375
2024-04-07 02:00:00,12066.412109375,14868.27734375,9733.7548828125
2024-04-07 03:00:00,12036.3603515625,14789.0869140625,9696.6806640625
2024-04-07 04:00:00,12036.3603515625,14698.1162109375,9733.7548828125
2024-04-07 05:00:00,12036.3603515625,13694.431640625,9489.7138671875
2024-04-07 06:00:00,9892.5087890625,9617.580078125,7147.00341796875
2024-04-07 07:00:00,8519.580078125,8042.18603515625,5582.63916015625
2024-04-07 08:00:00,7290.5009765625,7316.5283203125,4765.78271484375
2024-04-07 09:00:00,6088.18603515625,5117.9794921875,3627.939453125
2024-04-07 10:00:00,3728.68701171875,3564.238525390625,3156.454833984375
2024-04-07 11:00:00,2978.969482421875,3207.915771484375,2728.545654296875
2024-04-07 12:00:00,2414.47998046875,2609.211181640625,2004.61572265625
2024-04-07 13:00:00,2414.24609375,2580.635498046875,2004.61572265625
2024-04-07 14:00:00,2414.24609375,2609.211181640625,2191.904296875
2024-04-07 15:00:00,2503.735595703125,2803.9951171875,2281.25927734375
2024-04-07 16:00:00,3080.628173828125,2803.9951171875,2336.4013671875
2024-04-07 17:00:00,3360.418701171875,2809.44384765625,2353.82666015625
2024-04-07 18:00:00,3721.228515625,3096.24365234375,2891.18408203125
2024-04-07 19:00:00,4522.99755859375,4343.5029296875,3633.8583984375
2024-04-07 20:00:00,7091.80517578125,7387.82666015625,4741.4755859375
2024-04-07 21:00:00,11000.0419921875,9360.650390625,6972.98583984375
2024-04-07 22:00:00,11330.513671875,11413.4658203125,9061.1005859375
2024-04-07 23:00:00,12514.5078125,12886.609375,9615.92578125
2024-04-08 00:00:00,13003.55517578125,13450.23095703125,10615.970703125
2024-04-08 01:00:00,6600.516357421875,6199.9150390625,4191.883544921875
2024-04-08 02:00:00,6298.2802734375,5847.89111328125,4190.89453125
2024-04-08 03:00:00,5653.849609375,5140.7060546875,3494.63525390625
2024-04-08 04:00:00,5127.6640625,5140.7060546875,3494.63525390625
2024-04-08 05:00:00,5015.0341796875,5140.7060546875,3494.63525390625
2024-04-08 06:00:00,3556.539306640625,4074.449951171875,3141.129150390625
2024-04-08 07:00:00,3360.9208984375,3208.1962890625,2395.08203125
2024-04-08 08:00:00,2923.98046875,3208.1962890625,2297.71484375
2024-04-08 09:00:00,2479.611328125,3208.1962890625,2208.860107421875
2024-04-08 10:00:00,2231.134521484375,3211.97216796875,2043.2747802734375
2024-04-08 11:00:00,2036.0015869140625,2873.6826171875,2043.2747802734375
2024-04-08 12:00:00,2036.0015869140625,2477.536865234375,2028.0433349609375
2024-04-08 13:00:00,2161.138916015625,2477.536865234375,1947.01611328125
2024-04-08 14:00:00,2165.570556640625,2607.3837890625,1900.482421875
2024-04-08 15:00:00,2165.570556640625,2607.3837890625,1880.2822265625
2024-04-08 16:00:00,2165.570556640625,2695.2470703125,1867.6719970703125
2024-04-08 17:00:00,2243.895751953125,2762.888427734375,1867.6719970703125
2024-04-08 18:00:00,2547.38623046875,2869.677001953125,2044.8497314453125
2024-04-08 19:00:00,2641.966552734375,2869.677001953125,2085.787109375
2024-04-08 20:00:00,3779.196044921875,2908.17724609375,2355.2509765625
2024-04-08 21:00:00,3867.848876953125,3196.242431640625,2589.901123046875
2024-04-08 22:00:00,4719.3994140625,4209.1181640625,3088.078125
2024-04-08 23:00:00,4719.3994140625,4436.86865234375,3226.207275390625
2024-04-09 00:00:00,4473.3115234375,4457.12646484375,3299.1776123046875
2024-04-09 01:00:00,7929.169189453125,7288.757080078125,5890.869873046875
2024-04-09 02:00:00,8472.458984375,8148.0615234375,6321.3310546875
2024-04-09 03:00:00,8952.439453125,9540.3583984375,7302.53857421875
2024-04-09 04:00:00,9748.0078125,9651.9140625,7544.55126953125
2024-04-09 05:00:00,10325.3779296875,10546.736328125,8512.3955078125
2024-04-09 06:00:00,10348.17578125,11404.9931640625,8980.2548828125
2024-04-09 07:00:00,10396.265625,11518.80078125,9069.3876953125
2024-04-09 08:00:00,10396.265625,11518.80078125,9069.3876953125
2024-04-09 09:00:00,9494.7255859375,10729.525390625,8192.9375
2024-04-09 10:00:00,7910.02197265625,9733.56640625,7495.7060546875
2024-04-09 11:00:00,6363.8876953125,7605.3271484375,5472.5234375
2024-04-09 12:00:00,5446.87255859375,5781.373046875,4795.7119140625
2024-04-09 13:00:00,4721.58837890625,4694.748046875,3824.423583984375
2024-04-09 14:00:00,3893.46875,3928.117431640625,2855.98974609375
2024-04-09 15:00:00,3651.7236328125,3835.086181640625,2736.5341796875
2024-04-09 16:00:00,3003.46337890625,2973.86865234375,1955.5589599609375
2024-04-09 17:00:00,2611.4814453125,2443.34912109375,1802.1689453125
2024-04-09 18:00:00,2142.359375,2443.34912109375,1591.0877685546875
2024-04-09 19:00:00,2142.359375,2620.267578125,1591.0877685546875
2024-04-09 20:00:00,2871.82666015625,2778.271484375,2524.49853515625
2024-04-09 21:00:00,3065.44384765625,2821.608642578125,2550.306640625
2024-04-09 22:00:00,3202.368896484375,3871.207763671875,2680.704345703125
2024-04-09 23:00:00,3421.66064453125,3941.096923828125,2680.704345703125
2024-04-10 00:00:00,3491.4158935546875,3968.1109619140625,2611.68994140625
2024-04-10 01:00:00,4380.181396484375,4131.74169921875,2686.7476806640625
2024-04-10 02:00:00,4727.46484375,4446.775390625,3184.5546875
2024-04-10 03:00:00,4727.46484375,4513.9443359375,3196.8662109375
2024-04-10 04:00:00,4829.384765625,4788.7353515625,3220.855224609375
2024-04-10 05:00:00,5100.87255859375,5466.40771484375,3586.399169921875
2024-04-10 06:00:00,5738.28173828125,6749.9765625,4329.1083984375
2024-04-10 07:00:00,5738.28173828125,6749.9765625,4329.1083984375
2024-04-10 08:00:00,4844.78271484375,4913.8291015625,3262.05322265625
2024-04-10 09:00:00,4195.404296875,4795.23974609375,3204.60546875
2024-04-10 10:00:00,3133.189697265625,3450.097412109375,2573.851806640625
2024-04-10 11:00:00,2950.02734375,2892.443359375,2527.697021484375
2024-04-10 12:00:00,2896.333740234375,2892.443359375,2215.716552734375
2024-04-10 13:00:00,2896.333740234375,3436.762939453125,2196.6923828125
2024-04-10 14:00:00,3281.40380859375,3436.762939453125,2196.6923828125
2024-04-10 15:00:00,3952.21484375,3478.24853515625,2465.67919921875
2024-04-10 16:00:00,4399.42333984375,4023.02880859375,2598.9423828125
2024-04-10 17:00:00,4874.7197265625,4656.53125,3365.3681640625
2024-04-10 18:00:00,4900.9140625,4831.6337890625,3619.52880859375
2024-04-10 19:00:00,7259.1416015625,6464.1943359375,5443.45947265625
2024-04-10 20:00:00,7607.37890625,7133.5087890625,5726.21826171875
2024-04-10 21:00:00,7723.14404296875,7788.1572265625,5907.01904296875
2024-04-10 22:00:00,7607.37890625,7376.2060546875,5726.21826171875
2024-04-10 23:00:00,7484.18603515625,8158.13916015625,5907.01904296875
2024-04-11 00:00:00,7194.18310546875,7926.13916015625,5804.841796875
2024-04-11 01:00:00,7975.199951171875,7059.508056640625,4748.233154296875
2024-04-11 02:00:00,7576.66748046875,6662.81494140625,4731.19384765625
2024-04-11 03:00:00,7186.87353515625,6567.68310546875,4291.6240234375
2024-04-11 04:00:00,6154.4990234375,5858.24609375,4116.193359375
2024-04-11 05:00:00,4868.8310546875,4983.74658203125,3482.231689453125
2024-04-11 06:00:00,4222.92578125,4917.197265625,3341.72509765625
2024-04-11 07:00:00,4222.92578125,4521.22216796875,3341.72509765625
2024-04-11 08:00:00,4222.92578125,4480.70556640625,3139.85302734375
2024-04-11 09:00:00,3429.94921875,3817.5322265625,3030.745361328125
2024-04-11 10:00:00,3413.175048828125,3775.4482421875,3096.626708984375
2024-04-11 11:00:00,3370.190673828125,3571.671630859375,2711.681640625
2024-04-11 12:00:00,3256.66162109375,3239.40576171875,2577.50390625
2024-04-11 13:00:00,3117.1083984375,2988.8251953125,2220.271484375
2024-04-11 14:00:00,3117.1083984375,2988.8251953125,2175.618896484375
2024-04-11 15:00:00,3117.1083984375,2988.8251953125,2175.618896484375
2024-04-11 16:00:00,2926.91015625,2523.550537109375,2371.649169921875
2024-04-11 17:00:00,2926.91015625,2523.550537109375,2434.247802734375
2024-04-11 18:00:00,2892.538818359375,2973.8603515625,2434.247802734375
2024-04-11 19:00:00,3107.68994140625,2997.731201171875,2488.27099609375
2024-04-11 20:00:00,3621.428955078125,3794.99365234375,3386.052734375
2024-04-11 21:00:00,3958.529052734375,5197.85888671875,3438.081787109375
2024-04-11 22:00:00,4882.31591796875,5954.529296875,4640.53076171875
2024-04-11 23:00:00,5789.66015625,6059.1025390625,4640.53076171875
2024-04-12 00:00:00,5827.27197265625,6128.523193359375,4511.884521484375
2024-04-12 01:00:00,11575.26806640625,12046.70068359375,9227.10009765625
2024-04-12 02:00:00,12153.283203125,11941.4296875,9162.5654296875
2024-04-12 03:00:00,12153.283203125,11941.4296875,8124.630859375
2024-04-12 04:00:00,10715.806640625,11178.72265625,6790.06982421875
2024-04-12 05:00:00,9887.4814453125,10635.9921875,6267.4404296875
2024-04-12 06:00:00,9472.6962890625,9687.6474609375,5833.97314453125
2024-04-12 07:00:00,8180.0087890625,7792.64892578125,5361.33984375
2024-04-12 08:00:00,5332.439453125,5209.05615234375,4019.277099609375
2024-04-12 09:00:00,4411.35791015625,4630.3642578125,3333.291748046875
2024-04-12 10:00:00,3166.846435546875,3290.25244140625,2962.697265625
2024-04-12 11:00:00,3032.648681640625,3249.913818359375,2850.787353515625
2024-04-12 12:00:00,3013.2666015625,3004.83935546875,2598.650634765625
2024-04-12 13:00:00,2773.674560546875,2611.298095703125,2289.745361328125
2024-04-12 14:00:00,2687.205810546875,2611.298095703125,2032.542236328125
2024-04-12 15:00:00,2595.339599609375,2735.515869140625,2012.2669677734375
2024-04-12 16:00:00,2687.205810546875,2913.914306640625,2012.2669677734375
2024-04-12 17:00:00,2814.768798828125,3093.082763671875,2200.99951171875
2024-04-12 18:00:00,3752.456787109375,3139.330810546875,2238.12646484375
2024-04-12 19:00:00,4496.00048828125,4627.841796875,3600.059814453125
2024-04-12 20:00:00,5746.34326171875,5567.41162109375,4079.40966796875
2024-04-12 21:00:00,7663.83154296875,6985.41748046875,5007.27197265625
2024-04-12 22:00:00,8314.8271484375,8210.783203125,6209.72412109375
2024-04-12 23:00:00,8314.8271484375,8499.3544921875,6209.72412109375
2024-04-13 00:00:00,8227.04443359375,8423.28857421875,6159.4296875
2024-04-13 01:00:00,6194.01025390625,5251.554443359375,4505.217529296875
2024-04-13 02:00:00,6281.0107421875,5297.51806640625,4602.67138671875
2024-04-13 03:00:00,6780.0126953125,6492.39208984375,4880.7744140625
2024-04-13 04:00:00,7004.205078125,6871.732421875,4880.7744140625
2024-04-13 05:00:00,7004.205078125,6871.732421875,4880.7744140625
2024-04-13 06:00:00,6610.4873046875,5888.5771484375,4847.1435546875
2024-04-13 07:00:00,5358.865234375,5584.63525390625,4330.84912109375
2024-04-13 08:00:00,3794.526611328125,4201.48388671875,3078.5087890625
2024-04-13 09:00:00,3137.308837890625,3846.851318359375,2957.77978515625
2024-04-13 10:00:00,2673.000244140625,3563.65185546875,2920.484375
2024-04-13 11:00:00,2438.171875,3231.76904296875,2608.523681640625
2024-04-13 12:00:00,2423.6279296875,2483.482666015625,2163.7021484375
2024-04-13 13:00:00,2386.095703125,2397.37353515625,1599.3995361328125
2024-04-13 14:00:00,2356.647216796875,2368.08984375,1599.3995361328125
2024-04-13 15:00:00,2154.903076171875,2397.37353515625,1738.3277587890625
2024-04-13 16:00:00,2154.903076171875,2991.704833984375,1783.78466796875
2024-04-13 17:00:00,2339.2255859375,3120.44189453125,1937.204345703125
2024-04-13 18:00:00,2792.731201171875,3197.974609375,2072.3662109375
2024-04-13 19:00:00,3481.340087890625,3694.13134765625,2479.59326171875
2024-04-13 20:00:00,3741.450439453125,4331.529296875,2790.0869140625
2024-04-13 21:00:00,4571.56884765625,5235.4365234375,3223.48046875
2024-04-13 22:00:00,6175.7470703125,7158.4970703125,4793.33203125
2024-04-13 23:00:00,6479.00048828125,7158.4970703125,5350.72412109375
2024-04-14 00:00:00,6672.4306640625,7243.65771484375,5448.219970703125
2024-04-14 01:00:00,5473.0078125,5103.6689453125,4135.5040283203125
2024-04-14 02:00:00,5480.86328125,5254.599609375,4027.90625
2024-04-14 03:00:00,5480.86328125,4866.08203125,3807.439208984375
2024-04-14 04:00:00,4233.07275390625,4136.0869140625,3543.88818359375
2024-04-14 05:00:00,4020.758056640625,4128.10400390625,3412.390380859375
2024-04-14 06:00:00,3887.272705078125,4128.10400390625,3332.48828125
2024-04-14 07:00:00,3561.20849609375,3928.428466796875,3157.199951171875
2024-04-14 08:00:00,2879.42529296875,3470.255126953125,2676.463623046875
2024-04-14 09:00:00,2879.42529296875,3157.4306640625,2047.8197021484375
2024-04-14 10:00:00,2879.42529296875,2771.990478515625,1784.1298828125
2024-04-14 11:00:00,3206.95751953125,2771.990478515625,1784.1298828125
2024-04-14 12:00:00,3040.203857421875,3424.3251953125,1865.9000244140625
2024-04-14 13:00:00,3040.203857421875,3424.3251953125,1865.9000244140625
2024-04-14 14:00:00,2979.580322265625,3247.218505859375,1829.1221923828125
2024-04-14 15:00:00,2213.83935546875,2649.91015625,1375.9898681640625
2024-04-14 16:00:00,2180.309326171875,2507.948486328125,1250.3060302734375
2024-04-14 17:00:00,2213.83935546875,2649.91015625,1250.3060302734375
2024-04-14 18:00:00,3130.33251953125,4085.037841796875,2312.819091796875
2024-04-14 19:00:00,4548.0380859375,5488.02197265625,3457.256103515625
2024-04-14 20:00:00,4999.21826171875,5495.9609375,3684.230224609375
2024-04-14 21:00:00,5110.11474609375,5581.9248046875,3818.9443359375
2024-04-14 22:00:00,6077.19775390625,7056.24560546875,4689.08349609375
2024-04-14 23:00:00,6670.8349609375,7780.6767578125,5271.27587890625
2024-04-15 00:00:00,7064.0546875,9044.455078125,5878.300537109375
2024-04-15 01:00:00,9249.74072265625,10323.92236328125,8001.322998046875
2024-04-15 02:00:00,9281.1181640625,10425.8623046875,7863.49072265625
2024-04-15 03:00:00,9700.8115234375,10431.451171875,7750.32568359375
2024-04-15 04:00:00,9700.8115234375,10431.451171875,7695.3564453125
2024-04-15 05:00:00,9111.5166015625,10380.9501953125,7236.3056640625
2024-04-15 06:00:00,9081.974609375,9702.3740234375,7052.95849609375
2024-04-15 07:00:00,9081.974609375,9702.3740234375,7236.3056640625
2024-04-15 08:00:00,9513.9736328125,10669.6279296875,8066.43408203125
2024-04-15 09:00:00,10493.451171875,11865.9853515625,8669.734375
2024-04-15 10:00:00,10949.396484375,11912.1962890625,9075.1083984375
2024-04-15 11:00:00,14088.41015625,15440.0234375,12855.9453125
2024-04-15 12:00:00,14473.6826171875,15950.8505859375,13009.154296875
2024-04-15 13:00:00,14473.6826171875,15950.8505859375,13009.154296875
2024-04-15 14:00:00,15472.900390625,16821.9296875,14601.43359375
2024-04-15 15:00:00,15472.900390625,16821.9296875,14601.43359375
2024-04-15 16:00:00,16168.373046875,18205.70703125,15634.2177734375
2024-04-15 17:00:00,15622.9404296875,17943.615234375,15590.5166015625
2024-04-15 18:00:00,15622.9404296875,17943.615234375,15590.5166015625
2024-04-15 19:00:00,14364.2880859375,17925.5625,15082.0380859375
2024-04-15 20:00:00,13278.265625,15685.3720703125,13982.6943359375
2024-04-15 21:00:00,11318.291015625,14614.3046875,11127.8740234375
2024-04-15 22:00:00,11049.55859375,14123.8974609375,11127.8740234375
2024-04-15 23:00:00,11049.55859375,14123.8974609375,11187.5107421875
2024-04-16 00:00:00,11143.38720703125,14077.67822265625,11326.18896484375
2024-04-16 01:00:00,14638.04443359375,16317.201171875,14724.8095703125
2024-04-16 02:00:00,14589.51953125,16762.423828125,14957.0166015625
2024-04-16 03:00:00,14589.51953125,16762.423828125,14957.0166015625
2024-04-16 04:00:00,14240.5615234375,16660.263671875,14632.4658203125
2024-04-16 05:00:00,14032.458984375,15573.79296875,14434.8017578125
2024-04-16 06:00:00,14032.458984375,15573.79296875,14434.8017578125
2024-04-16 07:00:00,14271.4638671875,15934.5576171875,14774.3447265625
2024-04-16 08:00:00,14590.103515625,16051.2470703125,14877.150390625
2024-04-16 09:00:00,15665.6826171875,16765.767578125,15334.43359375
2024-04-16 10:00:00,15665.6826171875,16765.767578125,15334.43359375
2024-04-16 11:00:00,14652.12109375,15465.85546875,13719.40234375
2024-04-16 12:00:00,13954.365234375,15465.85546875,13363.9375
2024-04-16 13:00:00,13611.30078125,15465.85546875,13138.0341796875
2024-04-16 14:00:00,13034.3388671875,13798.0517578125,12186.88671875
2024-04-16 15:00:00,13032.6279296875,13485.4541015625,11874.0537109375
2024-04-16 16:00:00,12137.3134765625,11825.7421875,10547.0185546875
2024-04-16 17:00:00,11258.1376953125,10852.5302734375,9356.9189453125
2024-04-16 18:00:00,10960.3134765625,10523.109375,8587.8837890625
2024-04-16 19:00:00,10214.5546875,10523.109375,8559.787109375
2024-04-16 20:00:00,9604.09765625,10688.603515625,8179.50537109375
2024-04-16 21:00:00,9604.09765625,11389.4619140625,8179.50537109375
2024-04-16 22:00:00,9896.8330078125,12640.466796875,9396.5849609375
2024-04-16 23:00:00,9896.8330078125,12640.466796875,9396.5849609375
2024-04-17 00:00:00,9908.931640625,11190.39599609375,9096.880615234375
2024-04-17 01:00:00,6232.00390625,7322.037841796875,4593.190185546875
2024-04-17 02:00:00,7127.29833984375,7584.3310546875,4613.244140625
2024-04-17 03:00:00,7759.81787109375,8394.158203125,5685.986328125
2024-04-17 04:00:00,7759.81787109375,8394.158203125,5685.986328125
2024-04-17 05:00:00,7596.62548828125,8120.087890625,5540.201171875
2024-04-17 06:00:00,6207.71044921875,6272.6708984375,4495.47900390625
2024-04-17 07:00:00,4717.60498046875,5083.3447265625,3771.0771484375
2024-04-17 08:00:00,3158.69873046875,3845.430419921875,2902.4384765625
2024-04-17 09:00:00,3150.80029296875,3745.201171875,2608.563232421875
2024-04-17 10:00:00,2503.59716796875,3605.01123046875,2229.753662109375
2024-04-17 11:00:00,2401.59375,2839.52880859375,2114.084716796875
2024-04-17 12:00:00,2365.980224609375,2839.52880859375,2044.544189453125
2024-04-17 13:00:00,2365.980224609375,2749.913330078125,1984.89892578125
2024-04-17 14:00:00,2365.980224609375,2675.611572265625,1984.89892578125
2024-04-17 15:00:00,2332.058349609375,2610.052734375,2298.55859375
2024-04-17 16:00:00,2332.058349609375,2511.3857421875,2298.55859375
2024-04-17 17:00:00,2332.058349609375,2610.052734375,2188.76806640625
2024-04-17 18:00:00,2343.6953125,2612.44775390625,2147.579345703125
2024-04-17 19:00:00,3134.359619140625,2975.407470703125,2188.76806640625
2024-04-17 20:00:00,3170.64208984375,3202.1513671875,2431.077392578125
2024-04-17 21:00:00,3341.08642578125,3445.6904296875,2659.149658203125
2024-04-17 22:00:00,4062.706787109375,4205.66845703125,3464.240966796875
2024-04-17 23:00:00,5037.861328125,4670.3740234375,3766.838134765625
2024-04-18 00:00:00,5260.7255859375,4860.156494140625,4010.0841064453125
2024-04-18 01:00:00,3971.9986572265625,3841.1453857421875,2487.3380126953125
2024-04-18 02:00:00,3897.574951171875,3833.968017578125,2425.4248046875
2024-04-18 03:00:00,3612.12060546875,3833.968017578125,2425.4248046875
2024-04-18 04:00:00,3526.342529296875,3564.82568359375,2592.86767578125
2024-04-18 05:00:00,3503.31103515625,3536.45654296875,2592.86767578125
2024-04-18 06:00:00,3103.209228515625,3328.1044921875,2328.028076171875
2024-04-18 07:00:00,3103.209228515625,3187.16015625,2328.028076171875
2024-04-18 08:00:00,2912.430908203125,3187.16015625,2456.369873046875
2024-04-18 09:00:00,2912.430908203125,3527.3447265625,2641.22021484375
2024-04-18 10:00:00,2776.375,3527.3447265625,2641.22021484375
2024-04-18 11:00:00,2776.375,3380.707275390625,2442.215576171875
2024-04-18 12:00:00,3003.595947265625,3287.794921875,2279.6728515625
2024-04-18 13:00:00,3030.3115234375,3287.794921875,2279.6728515625
2024-04-18 14:00:00,3259.98974609375,3735.318359375,2584.508056640625
2024-04-18 15:00:00,3480.11474609375,3735.318359375,2730.877685546875
2024-04-18 16:00:00,3365.09228515625,3735.318359375,2796.407470703125
2024-04-18 17:00:00,3401.967041015625,3886.943359375,2801.111328125
2024-04-18 18:00:00,3401.967041015625,3935.253173828125,2853.9169921875
2024-04-18 19:00:00,4191.87255859375,4898.35107421875,3366.130859375
2024-04-18 20:00:00,5294.8359375,7327.3173828125,4126.3271484375
2024-04-18 21:00:00,5988.49462890625,8065.61572265625,5090.40673828125
2024-04-18 22:00:00,7426.03271484375,10099.9697265625,7243.16357421875
2024-04-18 23:00:00,8292.0478515625,10287.451171875,7509.8349609375
2024-04-19 00:00:00,9069.20703125,11556.05078125,8359.303466796875
2024-04-19 01:00:00,13158.7568359375,15009.02490234375,11561.94921875
2024-04-19 02:00:00,12826.193359375,14625.7490234375,11424.908203125
2024-04-19 03:00:00,9778.85546875,13365.158203125,8724.9072265625
2024-04-19 04:00:00,9676.5810546875,12968.1416015625,8724.9072265625
2024-04-19 05:00:00,9676.5810546875,12227.087890625,8358.5654296875
2024-04-19 06:00:00,9928.3916015625,12552.501953125,8616.291015625
2024-04-19 07:00:00,10157.1640625,12552.501953125,8616.291015625
2024-04-19 08:00:00,11197.5888671875,13644.7626953125,9070.353515625
2024-04-19 09:00:00,11197.5888671875,13644.7626953125,9070.353515625
2024-04-19 10:00:00,7014.21044921875,8986.650390625,4720.5546875
2024-04-19 11:00:00,6040.4306640625,6893.07177734375,3728.16162109375
2024-04-19 12:00:00,6006.0009765625,6477.16650390625,3704.011474609375
2024-04-19 13:00:00,4965.6982421875,5526.978515625,2832.7763671875
2024-04-19 14:00:00,3884.721923828125,3908.88134765625,2232.282958984375
2024-04-19 15:00:00,3884.721923828125,3784.722900390625,2232.282958984375
2024-04-19 16:00:00,3884.721923828125,3543.567138671875,2232.282958984375
2024-04-19 17:00:00,3960.088623046875,3543.567138671875,2174.956787109375
2024-04-19 18:00:00,3960.088623046875,3773.931884765625,2174.956787109375
2024-04-19 19:00:00,3960.088623046875,3773.931884765625,2397.810546875
2024-04-19 20:00:00,4179.4990234375,3457.197265625,2809.645751953125
2024-04-19 21:00:00,4539.11669921875,3457.197265625,2897.568359375
2024-04-19 22:00:00,4539.11669921875,3698.02880859375,3222.868896484375
2024-04-19 23:00:00,4274.65625,4227.32373046875,3222.868896484375
2024-04-20 00:00:00,4250.703857421875,3962.67626953125,3042.496826171875
2024-04-20 01:00:00,3322.79296875,3290.73583984375,1979.58837890625
2024-04-20 02:00:00,3330.787109375,3274.3310546875,2068.46142578125
2024-04-20 03:00:00,3093.388671875,3074.58447265625,1892.1087646484375
2024-04-20 04:00:00,2992.4228515625,2551.037353515625,1991.3076171875
2024-04-20 05:00:00,2992.4228515625,2551.037353515625,1991.3076171875
2024-04-20 06:00:00,3360.523681640625,2837.32470703125,2232.9560546875
2024-04-20 07:00:00,3436.320068359375,3111.138427734375,2236.117431640625
2024-04-20 08:00:00,3380.878662109375,3111.138427734375,2232.9560546875
2024-04-20 09:00:00,3380.878662109375,3111.138427734375,2403.69580078125
2024-04-20 10:00:00,3085.666748046875,3064.700927734375,2201.226806640625
2024-04-20 11:00:00,3085.666748046875,3413.81103515625,2408.671875
2024-04-20 12:00:00,3208.920166015625,3943.53955078125,2408.671875
2024-04-20 13:00:00,3841.0166015625,4068.098388671875,2674.7275390625
2024-04-20 14:00:00,4207.8525390625,4777.513671875,3173.189453125
2024-04-20 15:00:00,5092.603515625,4863.18505859375,3173.189453125
2024-04-20 16:00:00,5217.8515625,5125.68212890625,3397.23193359375
2024-04-20 17:00:00,5385.564453125,5519.091796875,3873.4833984375
2024-04-20 18:00:00,6054.7109375,5787.259765625,4491.640625
2024-04-20 19:00:00,6054.7109375,5685.71435546875,4491.640625
2024-04-20 20:00:00,5550.259765625,5685.71435546875,4373.29736328125
2024-04-20 21:00:00,4677.251953125,5685.71435546875,4188.69384765625
2024-04-20 22:00:00,4606.576171875,5296.69677734375,4125.5810546875
2024-04-20 23:00:00,4066.60986328125,5689.05859375,3705.685546875
2024-04-21 00:00:00,3964.008544921875,5461.5361328125,3572.43896484375
2024-04-21 01:00:00,6275.65087890625,7271.213623046875,6639.60791015625
2024-04-21 02:00:00,6277.11376953125,7372.35302734375,6452.2041015625
2024-04-21 03:00:00,6205.1904296875,7372.35302734375,5836.76806640625
2024-04-21 04:00:00,5512.09521484375,7165.1953125,5685.982421875
2024-04-21 05:00:00,5512.09521484375,7119.25,5555.8193359375
2024-04-21 06:00:00,6187.97265625,7119.25,5685.982421875
2024-04-21 07:00:00,7450.39990234375,8823.6689453125,6818.54052734375
2024-04-21 08:00:00,7963.15966796875,10026.9677734375,7258.9638671875
2024-04-21 09:00:00,8271.1064453125,10624.62890625,8354.517578125
2024-04-21 10:00:00,8271.1064453125,10859.8720703125,9055.060546875
2024-04-21 11:00:00,8294.8349609375,10859.8720703125,9333.271484375
2024-04-21 12:00:00,8716.3505859375,12659.65625,9546.7744140625
2024-04-21 13:00:00,9096.494140625,12659.65625,9333.271484375
2024-04-21 14:00:00,9096.494140625,12424.91015625,9319.49609375
2024-04-21 15:00:00,9096.494140625,12424.91015625,9319.49609375
2024-04-21 16:00:00,9134.87109375,12515.1474609375,10304.3955078125
2024-04-21 17:00:00,9134.87109375,12515.1474609375,10304.3955078125
2024-04-21 18:00:00,9038.9326171875,12158.8671875,9691.6943359375
2024-04-21 19:00:00,9038.9326171875,11938.4326171875,9680.5537109375
2024-04-21 20:00:00,9038.9326171875,11931.265625,9496.0576171875
2024-04-21 21:00:00,8766.36328125,11685.2919921875,9245.5859375
2024-04-21 22:00:00,7724.31591796875,11618.052734375,8485.1103515625
2024-04-21 23:00:00,7005.83203125,10649.1953125,8220.5185546875
2024-04-22 00:00:00,6814.1748046875,10469.865234375,8034.330078125
2024-04-22 01:00:00,6334.780029296875,7697.64990234375,5605.071044921875
2024-04-22 02:00:00,6127.060546875,7575.21240234375,5398.37255859375
2024-04-22 03:00:00,5782.24853515625,7236.443359375,4828.197265625
2024-04-22 04:00:00,5253.830078125,7024.08984375,4459.42431640625
2024-04-22 05:00:00,5064.15087890625,7024.08984375,4416.048828125
2024-04-22 06:00:00,4513.99853515625,5969.09326171875,3830.528564453125
2024-04-22 07:00:00,4362.9072265625,5874.1494140625,3771.350830078125
2024-04-22 08:00:00,4513.99853515625,5969.09326171875,3771.350830078125
2024-04-22 09:00:00,4362.9072265625,6066.74169921875,3788.929443359375
2024-04-22 10:00:00,4293.27734375,6066.74169921875,3788.929443359375
2024-04-22 11:00:00,3738.734375,5315.90478515625,3477.975830078125
2024-04-22 12:00:00,3720.168701171875,4251.57275390625,3038.36865234375
2024-04-22 13:00:00,3523.3974609375,4251.57275390625,2926.948974609375
2024-04-22 14:00:00,3414.00341796875,4186.083984375,2909.049560546875
2024-04-22 15:00:00,3338.705322265625,4147.462890625,2926.948974609375
2024-04-22 16:00:00,3112.844482421875,4085.252685546875,2918.20947265625
2024-04-22 17:00:00,2858.09228515625,4056.6083984375,2918.20947265625
2024-04-22 18:00:00,2858.09228515625,3678.00732421875,2918.20947265625
2024-04-22 19:00:00,3323.16162109375,3678.00732421875,3472.91357421875
2024-04-22 20:00:00,3853.82470703125,4520.9150390625,3472.91357421875
2024-04-22 21:00:00,3853.82470703125,4520.9150390625,3370.025390625
2024-04-22 22:00:00,3853.82470703125,4520.9150390625,3370.025390625
2024-04-22 23:00:00,4537.85498046875,5790.60986328125,3874.261474609375
2024-04-23 00:00:00,4654.791015625,5909.85791015625,3941.62158203125
2024-04-23 01:00:00,4986.3515625,5565.40771484375,4182.0599365234375
2024-04-23 02:00:00,4434.2724609375,5480.6318359375,3968.285400390625
2024-04-23 03:00:00,4434.2724609375,5480.6318359375,3968.285400390625
2024-04-23 04:00:00,4590.76904296875,5899.2421875,4057.555419921875
2024-04-23 05:00:00,4969.37890625,6275.314453125,4069.436767578125
2024-04-23 06:00:00,5233.02001953125,6774.0771484375,4254.2529296875
2024-04-23 07:00:00,6206.00146484375,7918.68115234375,5839.1240234375
2024-04-23 08:00:00,6206.00146484375,8275.349609375,6012.5830078125
2024-04-23 09:00:00,5961.92138671875,8468.509765625,6012.5830078125
2024-04-23 10:00:00,5455.82958984375,8515.787109375,6012.5830078125
2024-04-23 11:00:00,5455.82958984375,8819.9677734375,6348.8984375
2024-04-23 12:00:00,5638.134765625,8819.9677734375,6450.57861328125
2024-04-23 13:00:00,6076.80126953125,8861.373046875,6779.46484375
2024-04-23 14:00:00,6739.4677734375,8617.046875,6779.46484375
2024-04-23 15:00:00,6739.4677734375,8224.7177734375,6722.021484375
2024-04-23 16:00:00,6672.16796875,7759.01123046875,5849.58251953125
2024-04-23 17:00:00,5138.34423828125,7408.5927734375,5380.38818359375
2024-04-23 18:00:00,4337.6396484375,6349.20654296875,4752.75341796875
2024-04-23 19:00:00,4087.821044921875,5164.01806640625,3981.042236328125
2024-04-23 20:00:00,3652.944580078125,4111.9853515625,3366.265869140625
2024-04-23 21:00:00,3652.944580078125,4111.9853515625,3366.265869140625
2024-04-23 22:00:00,4469.4658203125,5086.8017578125,3577.3515625
2024-04-23 23:00:00,4469.4658203125,5086.8017578125,3577.3515625
2024-04-24 00:00:00,3980.339599609375,4552.999267578125,3295.1348876953125
2024-04-24 01:00:00,4102.761962890625,4140.818115234375,3232.8756103515625
2024-04-24 02:00:00,3906.88134765625,4128.2060546875,3074.11083984375
2024-04-24 03:00:00,3025.461181640625,3316.059326171875,2549.919677734375
2024-04-24 04:00:00,3025.461181640625,3045.098876953125,2401.139892578125
2024-04-24 05:00:00,3083.665283203125,3028.77978515625,2401.139892578125
2024-04-24 06:00:00,3098.134033203125,3028.77978515625,2419.261474609375
2024-04-24 07:00:00,3191.688232421875,3051.2685546875,2484.980224609375
2024-04-24 08:00:00,3719.96923828125,3342.121826171875,2547.53173828125
2024-04-24 09:00:00,3856.09619140625,3628.77099609375,2752.208251953125
2024-04-24 10:00:00,4334.79443359375,5542.09033203125,4493.50146484375
2024-04-24 11:00:00,6079.267578125,6223.49072265625,4540.5537109375
2024-04-24 12:00:00,6374.6826171875,6657.64306640625,4922.19482421875
2024-04-24 13:00:00,7494.205078125,7341.8388671875,5064.75244140625
2024-04-24 14:00:00,8674.6826171875,9165.119140625,7169.0712890625
2024-04-24 15:00:00,9145.7666015625,9324.9052734375,7390.69140625
2024-04-24 16:00:00,9145.7666015625,9324.9052734375,7390.69140625
2024-04-24 17:00:00,8934.921875,8818.5888671875,7094.70556640625
2024-04-24 18:00:00,8589.8974609375,8818.5888671875,7094.70556640625
2024-04-24 19:00:00,8589.8974609375,10104.8583984375,8197.11328125
2024-04-24 20:00:00,8895.2880859375,10624.1357421875,8599.3564453125
2024-04-24 21:00:00,9468.1591796875,10751.837890625,8599.3564453125
2024-04-24 22:00:00,9848.1298828125,11854.2080078125,9260.2294921875
2024-04-24 23:00:00,11076.380859375,14218.341796875,10904.220703125
2024-04-25 00:00:00,11794.79931640625,14494.45947265625,11658.5380859375
2024-04-25 01:00:00,13789.63671875,16303.39404296875,13398.10400390625
2024-04-25 02:00:00,13622.1201171875,16444.892578125,13392.1982421875
2024-04-25 03:00:00,14333.09765625,16444.892578125,13392.1982421875
2024-04-25 04:00:00,14203.6845703125,15785.3916015625,13214.9384765625
2024-04-25 05:00:00,14333.09765625,15785.3916015625,13214.9384765625
2024-04-25 06:00:00,14203.6845703125,15785.3916015625,13214.9384765625
2024-04-25 07:00:00,13731.4404296875,14341.5966796875,12720.671875
2024-04-25 08:00:00,13153.517578125,13899.099609375,11969.9462890625
2024-04-25 09:00:00,11132.6728515625,13140.224609375,10367.1787109375
2024-04-25 10:00:00,10038.6142578125,11237.2705078125,8483.5830078125
2024-04-25 11:00:00,8325.4716796875,8745.76171875,6258.60107421875
2024-04-25 12:00:00,8325.4716796875,8702.1845703125,6258.60107421875
2024-04-25 13:00:00,8216.716796875,8379.34765625,6465.8193359375
2024-04-25 14:00:00,8649.78125,8702.1845703125,6921.3564453125
2024-04-25 15:00:00,9613.90234375,10862.828125,9332.9619140625
2024-04-25 16:00:00,10312.150390625,11104.04296875,9880.86328125
2024-04-25 17:00:00,10423.19921875,11518.3466796875,10036.7763671875
2024-04-25 18:00:00,11613.724609375,11769.130859375,10036.7763671875
2024-04-25 19:00:00,11929.3232421875,13388.666015625,11884.1474609375
2024-04-25 20:00:00,14296.3388671875,16131.23828125,13808.90625
2024-04-25 21:00:00,16280.40234375,17895.193359375,15285.353515625
2024-04-25 22:00:00,17829.15625,18068.53515625,15972.0771484375
2024-04-25 23:00:00,18071.7421875,18160.439453125,15972.0771484375
2024-04-26 00:00:00,18118.08984375,18212.4189453125,16034.3505859375
2024-04-26 01:00:00,17482.9716796875,17329.0302734375,14199.40966796875
2024-04-26 02:00:00,17451.484375,16969.162109375,13974.5419921875
2024-04-26 03:00:00,16424.44921875,14355.9521484375,12485.9736328125
2024-04-26 04:00:00,15178.646484375,12240.3642578125,11024.78125
2024-04-26 05:00:00,13103.90625,10640.291015625,9011.8515625
2024-04-26 06:00:00,11594.6005859375,9008.8779296875,7137.82275390625
2024-04-26 07:00:00,9142.78125,7259.97802734375,5677.5498046875
2024-04-26 08:00:00,6065.01806640625,5294.4697265625,4277.04443359375
2024-04-26 09:00:00,3485.993896484375,3292.008056640625,2666.042236328125
2024-04-26 10:00:00,3021.974365234375,2778.44580078125,2305.002197265625
2024-04-26 11:00:00,2264.96630859375,2402.295166015625,2304.26025390625
2024-04-26 12:00:00,1947.5003662109375,2402.295166015625,2305.002197265625
2024-04-26 13:00:00,1889.3973388671875,2305.876953125,2141.275634765625
2024-04-26 14:00:00,1947.5003662109375,2323.036376953125,1979.6114501953125
2024-04-26 15:00:00,2035.7335205078125,2323.036376953125,1979.6114501953125
2024-04-26 16:00:00,2578.072265625,2711.8798828125,2052.951904296875
2024-04-26 17:00:00,2752.436767578125,3027.754150390625,2103.126708984375
2024-04-26 18:00:00,3451.067626953125,3223.49169921875,2873.0576171875
2024-04-26 19:00:00,4054.213623046875,3773.240966796875,3815.6005859375
2024-04-26 20:00:00,5615.29443359375,4617.79150390625,3971.401611328125
2024-04-26 21:00:00,6828.92236328125,6635.1943359375,5209.45458984375
2024-04-26 22:00:00,8329.87890625,9155.0732421875,7192.4169921875
2024-04-26 23:00:00,8902.0146484375,9576.3466796875,7286.14501953125
2024-04-27 00:00:00,9406.01611328125,10125.25390625,7251.743896484375
2024-04-27 01:00:00,12328.119140625,11962.79345703125,10193.68798828125
2024-04-27 02:00:00,12896.7314453125,11397.625,10112.3271484375
2024-04-27 03:00:00,13033.5078125,11331.3974609375,9592.8232421875
2024-04-27 04:00:00,13291.2646484375,11331.3974609375,9168.4541015625
2024-04-27 05:00:00,13291.2646484375,11010.091796875,9168.4541015625
2024-04-27 06:00:00,9209.01171875,8174.083984375,6160.40478515625
2024-04-27 07:00:00,7188.0517578125,7586.64306640625,5120.02783203125
2024-04-27 08:00:00,5842.30078125,5694.09228515625,4065.962890625
2024-04-27 09:00:00,3513.679443359375,3547.79931640625,2451.171875
2024-04-27 10:00:00,2935.331298828125,3165.199951171875,2416.493896484375
2024-04-27 11:00:00,2635.674072265625,2606.38037109375,2156.013427734375
2024-04-27 12:00:00,2299.55419921875,2606.38037109375,2156.013427734375
2024-04-27 13:00:00,2299.55419921875,2640.8681640625,2156.013427734375
2024-04-27 14:00:00,2302.90625,2673.78564453125,2144.152099609375
2024-04-27 15:00:00,2475.471435546875,2892.247802734375,2144.152099609375
2024-04-27 16:00:00,2914.339111328125,2892.247802734375,2334.272705078125
2024-04-27 17:00:00,2914.339111328125,2806.016357421875,2334.272705078125
2024-04-27 18:00:00,2944.227783203125,2806.016357421875,2334.272705078125
2024-04-27 19:00:00,3646.7099609375,3449.1123046875,2525.54833984375
2024-04-27 20:00:00,4593.19140625,4155.54638671875,3184.485595703125
2024-04-27 21:00:00,5527.2275390625,5360.7373046875,3709.275146484375
2024-04-27 22:00:00,6316.0107421875,6473.4208984375,5044.5439453125
2024-04-27 23:00:00,6706.5458984375,6714.84912109375,5314.384765625
2024-04-28 00:00:00,7380.06396484375,6999.082275390625,5594.195556640625
2024-04-28 01:00:00,7134.940185546875,6948.309814453125,5081.80419921875
2024-04-28 02:00:00,6629.46826171875,6819.01025390625,5070.34423828125
2024-04-28 03:00:00,5662.63232421875,6012.72900390625,4027.273193359375
2024-04-28 04:00:00,4726.71484375,4365.4375,3367.208740234375
2024-04-28 05:00:00,3913.765869140625,3683.88427734375,3157.361328125
2024-04-28 06:00:00,3365.287353515625,3590.217041015625,3104.88134765625
2024-04-28 07:00:00,3345.91259765625,3229.731689453125,2607.399169921875
2024-04-28 08:00:00,3050.708251953125,2547.570068359375,2022.765625
2024-04-28 09:00:00,3047.293701171875,2547.570068359375,2022.765625
2024-04-28 10:00:00,2934.2958984375,2574.651611328125,2003.572509765625
2024-04-28 11:00:00,2934.2958984375,2603.06005859375,1566.6273193359375
2024-04-28 12:00:00,2934.2958984375,2831.369384765625,1566.6273193359375
2024-04-28 13:00:00,2869.365478515625,2831.369384765625,1566.6273193359375
2024-04-28 14:00:00,2749.16259765625,2628.397705078125,1534.6109619140625
2024-04-28 15:00:00,2749.16259765625,2628.397705078125,1534.6109619140625
2024-04-28 16:00:00,3240.530517578125,3112.224609375,1655.48095703125
2024-04-28 17:00:00,3354.2607421875,3112.224609375,1822.192626953125
2024-04-28 18:00:00,3354.2607421875,3083.825927734375,2001.11767578125
2024-04-28 19:00:00,3176.31494140625,3058.83740234375,2016.9036865234375
2024-04-28 20:00:00,3176.31494140625,3058.83740234375,2432.864013671875
2024-04-28 21:00:00,3399.082275390625,3280.8818359375,2498.998291015625
2024-04-28 22:00:00,3836.35205078125,3878.44140625,2723.080322265625
2024-04-28 23:00:00,3836.35205078125,3878.44140625,2723.080322265625
2024-04-29 00:00:00,3831.5714111328125,3626.130615234375,2652.6484375
2024-04-29 01:00:00,3270.921142578125,2836.896484375,2010.023681640625
2024-04-29 02:00:00,3206.8740234375,3133.997314453125,2324.267822265625
2024-04-29 03:00:00,3319.697021484375,3145.080078125,2332.365478515625
2024-04-29 04:00:00,3319.697021484375,3167.0732421875,2647.700439453125
2024-04-29 05:00:00,3904.8212890625,3662.0224609375,3189.326171875
2024-04-29 06:00:00,4198.63037109375,4051.969970703125,3237.6123046875
2024-04-29 07:00:00,4259.10498046875,4648.42578125,3382.759033203125
2024-04-29 08:00:00,4408.82958984375,4844.3330078125,3319.9033203125
2024-04-29 09:00:00,4475.60205078125,4899.08349609375,3737.103515625
2024-04-29 10:00:00,4475.60205078125,4899.08349609375,3319.9033203125
2024-04-29 11:00:00,3866.950439453125,3999.607666015625,2510.30126953125
2024-04-29 12:00:00,3588.47802734375,3999.607666015625,2510.30126953125
2024-04-29 13:00:00,3531.64697265625,3711.67578125,2995.283935546875
2024-04-29 14:00:00,3588.47802734375,4011.094482421875,3132.641357421875
2024-04-29 15:00:00,4134.43603515625,4182.30126953125,3306.329345703125
2024-04-29 16:00:00,4134.43603515625,4671.57373046875,3507.770751953125
2024-04-29 17:00:00,3924.79833984375,4671.57373046875,3507.770751953125
2024-04-29 18:00:00,3781.801513671875,4404.18017578125,3507.770751953125
2024-04-29 19:00:00,3781.801513671875,4404.18017578125,3507.91259765625
2024-04-29 20:00:00,3667.882568359375,4383.83740234375,3507.91259765625
2024-04-29 21:00:00,4025.072998046875,4508.345703125,3301.79296875
2024-04-29 22:00:00,3825.1875,4139.0859375,3271.67236328125
2024-04-29 23:00:00,4025.072998046875,4209.1435546875,3271.67236328125
2024-04-30 00:00:00,3970.419677734375,4174.11474609375,3103.474853515625
2024-04-30 01:00:00,4960.109130859375,6052.53369140625,3560.0052490234375
2024-04-30 02:00:00,5182.392578125,5881.24560546875,3641.623046875
2024-04-30 03:00:00,5454.22119140625,6441.51904296875,3769.7998046875
2024-04-30 04:00:00,6420.25244140625,6636.56640625,4251.11767578125
2024-04-30 05:00:00,7224.4599609375,7142.63232421875,4660.6533203125
2024-04-30 06:00:00,7224.4599609375,7755.763671875,4660.6533203125
2024-04-30 07:00:00,6374.89208984375,7755.763671875,3616.24560546875
2024-04-30 08:00:00,5929.5625,6044.9912109375,3195.109375
2024-04-30 09:00:00,5692.45458984375,5524.6259765625,3157.4482421875
2024-04-30 10:00:00,4469.078125,5019.35595703125,2905.328857421875
2024-04-30 11:00:00,4469.078125,4480.99853515625,2509.075439453125
2024-04-30 12:00:00,4921.833984375,4066.575927734375,2254.44970703125
2024-04-30 13:00:00,4921.833984375,4052.252685546875,2254.44970703125
2024-04-30 14:00:00,4063.890869140625,3386.218017578125,2254.44970703125
2024-04-30 15:00:00,3907.89013671875,3386.218017578125,2352.90478515625
2024-04-30 16:00:00,3675.26220703125,3513.529296875,2605.3681640625
2024-04-30 17:00:00,3675.26220703125,3513.529296875,2714.534912109375
2024-04-30 18:00:00,3328.68115234375,3601.613525390625,2714.534912109375
2024-04-30 19:00:00,3305.3525390625,3642.236572265625,2793.543212890625
2024-04-30 20:00:00,3198.5029296875,3791.933349609375,2982.788330078125
2024-04-30 21:00:00,3198.5029296875,3851.852783203125,3294.44189453125
2024-04-30 22:00:00,3376.363037109375,4548.8935546875,3584.412353515625
2024-04-30 23:00:00,3564.070556640625,4637.68310546875,3584.412353515625
2024-05-01 00:00:00,3817.0390625,4677.081298828125,3567.3660888671875
2024-05-01 01:00:00,4790.14599609375,5201.072998046875,3634.58984375
2024-05-01 02:00:00,5005.79345703125,5651.52734375,3845.9697265625
2024-05-01 03:00:00,5281.794921875,5777.87744140625,3845.9697265625
2024-05-01 04:00:00,5309.0341796875,5832.677734375,3925.06689453125
2024-05-01 05:00:00,5281.794921875,6053.28369140625,3668.182373046875
2024-05-01 06:00:00,4621.9755859375,6053.28369140625,3573.089111328125
2024-05-01 07:00:00,4153.759765625,5924.8515625,3344.140869140625
2024-05-01 08:00:00,4153.759765625,5825.87939453125,3344.140869140625
2024-05-01 09:00:00,4379.7607421875,5825.87939453125,3714.8681640625
2024-05-01 10:00:00,4438.05517578125,5790.75341796875,3802.59619140625
2024-05-01 11:00:00,4685.42822265625,4911.2060546875,3802.59619140625
2024-05-01 12:00:00,4685.42822265625,4873.216796875,3390.103515625
2024-05-01 13:00:00,4380.685546875,4215.51171875,3220.761962890625
2024-05-01 14:00:00,3751.42236328125,3850.236328125,2718.0966796875
2024-05-01 15:00:00,3591.509033203125,3779.46533203125,2618.935791015625
2024-05-01 16:00:00,2526.796875,3360.7138671875,2326.4990234375
2024-05-01 17:00:00,2526.796875,3314.41455078125,2293.92041015625
2024-05-01 18:00:00,2945.826416015625,3138.99951171875,2326.4990234375
2024-05-01 19:00:00,3256.759765625,3128.67236328125,2340.282958984375
2024-05-01 20:00:00,3511.00244140625,3128.67236328125,2582.5546875
2024-05-01 21:00:00,4005.8779296875,3894.2890625,2619.707275390625
2024-05-01 22:00:00,4695.80859375,4395.33251953125,3219.67333984375
2024-05-01 23:00:00,4695.80859375,4636.427734375,3219.67333984375
2024-05-02 00:00:00,4593.996337890625,4827.6669921875,3203.8331298828125
2024-05-02 01:00:00,4902.482177734375,4224.513671875,2949.3575439453125
2024-05-02 02:00:00,4771.90478515625,4447.671875,2959.53662109375
2024-05-02 03:00:00,4679.3173828125,4434.9638671875,3077.576171875
2024-05-02 04:00:00,4561.7646484375,4434.9638671875,3077.576171875
2024-05-02 05:00:00,4208.888671875,3678.178466796875,2983.841064453125
2024-05-02 06:00:00,4062.15625,3670.624267578125,2854.8466796875
2024-05-02 07:00:00,3742.62451171875,3678.178466796875,2535.487060546875
2024-05-02 08:00:00,3542.562255859375,3513.871337890625,2494.04736328125
2024-05-02 09:00:00,3150.36181640625,3513.871337890625,2480.455078125
2024-05-02 10:00:00,3128.645751953125,2977.566162109375,2430.24951171875
2024-05-02 11:00:00,3150.36181640625,2923.93994140625,2430.24951171875
2024-05-02 12:00:00,3443.279296875,2879.9580078125,2430.24951171875
2024-05-02 13:00:00,3443.279296875,2612.45556640625,2122.43603515625
2024-05-02 14:00:00,3355.53662109375,2612.45556640625,2112.34228515625
2024-05-02 15:00:00,3256.9560546875,2683.525634765625,2112.34228515625
2024-05-02 16:00:00,3116.43994140625,3137.190673828125,2263.5234375
2024-05-02 17:00:00,3116.43994140625,3151.295654296875,2518.9052734375
2024-05-02 18:00:00,3867.65771484375,3491.52978515625,2518.9052734375
2024-05-02 19:00:00,4191.79931640625,3923.681640625,2844.3896484375
2024-05-02 20:00:00,4208.86181640625,4026.728271484375,3102.931396484375
2024-05-02 21:00:00,5477.138671875,5210.80419921875,4466.080078125
2024-05-02 22:00:00,7635.82666015625,7371.54541015625,5230.88232421875
2024-05-02 23:00:00,7635.82666015625,7444.45166015625,5333.5302734375
2024-05-03 00:00:00,7425.899658203125,7407.99853515625,5550.559814453125
2024-05-03 01:00:00,8498.27099609375,6796.3408203125,5577.51904296875
2024-05-03 02:00:00,8906.2744140625,7119.62451171875,6006.0146484375
2024-05-03 03:00:00,9017.4150390625,8570.98828125,6639.8818359375
2024-05-03 04:00:00,9017.4150390625,8570.98828125,6639.8818359375
2024-05-03 05:00:00,8715.6533203125,8227.12109375,6021.775390625
2024-05-03 06:00:00,7811.48828125,7466.1279296875,5907.52001953125
2024-05-03 07:00:00,6600.37158203125,6311.88232421875,5244.91357421875
2024-05-03 08:00:00,4779.7021484375,4471.1689453125,3508.1142578125
2024-05-03 09:00:00,3511.520263671875,3561.22802734375,2719.145263671875
2024-05-03 10:00:00,2934.080322265625,3160.694580078125,2540.18359375
2024-05-03 11:00:00,2520.837158203125,3069.5791015625,2533.475830078125
2024-05-03 12:00:00,2520.837158203125,2972.747314453125,2279.179443359375
2024-05-03 13:00:00,3014.6015625,2972.747314453125,2279.179443359375
2024-05-03 14:00:00,3465.48095703125,3023.37158203125,2600.21044921875
2024-05-03 15:00:00,3465.48095703125,3023.37158203125,2600.21044921875
2024-05-03 16:00:00,3142.0234375,2970.515869140625,2290.553466796875
2024-05-03 17:00:00,3142.0234375,2970.515869140625,2247.137451171875
2024-05-03 18:00:00,3188.0009765625,3144.769775390625,2247.137451171875
2024-05-03 19:00:00,3729.766845703125,3462.0380859375,2788.709716796875
2024-05-03 20:00:00,3930.560791015625,3968.163330078125,3147.857177734375
2024-05-03 21:00:00,4473.65283203125,4018.615966796875,3460.827880859375
2024-05-03 22:00:00,5140.1923828125,4899.87744140625,3716.94580078125
2024-05-03 23:00:00,5140.1923828125,4923.1708984375,3716.94580078125
2024-05-04 00:00:00,5027.5888671875,4911.524169921875,3570.7869873046875
2024-05-04 01:00:00,5608.99609375,4801.95458984375,3305.312255859375
2024-05-04 02:00:00,5752.00048828125,5088.0244140625,3445.38037109375
2024-05-04 03:00:00,6567.7431640625,6070.84228515625,4109.74755859375
2024-05-04 04:00:00,7285.64404296875,6234.060546875,4179.04248046875
2024-05-04 05:00:00,7285.64404296875,6868.1494140625,5085.759765625
2024-05-04 06:00:00,7039.90869140625,6868.1494140625,5085.759765625
2024-05-04 07:00:00,5854.29443359375,6509.81982421875,4408.859375
2024-05-04 08:00:00,4941.046875,5711.37890625,3329.470458984375
2024-05-04 09:00:00,4650.71484375,4555.2900390625,3113.481201171875
2024-05-04 10:00:00,4197.17041015625,3827.261962890625,2826.4091796875
2024-05-04 11:00:00,3043.474853515625,2979.093017578125,2303.3447265625
2024-05-04 12:00:00,2787.570556640625,2762.1318359375,1855.9981689453125
2024-05-04 13:00:00,2704.94482421875,2749.683837890625,1641.9937744140625
2024-05-04 14:00:00,2424.08935546875,2430.618896484375,1440.83544921875
2024-05-04 15:00:00,2424.08935546875,2430.618896484375,1440.83544921875
2024-05-04 16:00:00,3233.65234375,3181.204833984375,2422.852294921875
2024-05-04 17:00:00,3239.712890625,3730.596923828125,2486.041748046875
2024-05-04 18:00:00,4902.76611328125,5704.03662109375,3729.759765625
2024-05-04 19:00:00,5988.890625,7284.77880859375,5072.47705078125
2024-05-04 20:00:00,8331.001953125,9404.12890625,7483.56396484375
2024-05-04 21:00:00,8971.919921875,9770.5166015625,8066.50390625
2024-05-04 22:00:00,11601.357421875,11604.8642578125,10740.470703125
2024-05-04 23:00:00,11601.357421875,13002.65625,10740.470703125
2024-05-05 00:00:00,12067.38916015625,13181.32421875,10925.5068359375
2024-05-05 01:00:00,10452.935546875,11973.935546875,8324.035888671875
2024-05-05 02:00:00,10037.7802734375,12216.5322265625,8544.0947265625
2024-05-05 03:00:00,9795.40625,12491.3916015625,8544.0947265625
2024-05-05 04:00:00,9795.40625,13361.837890625,9294.4013671875
2024-05-05 05:00:00,11805.2958984375,14631.181640625,11700.6904296875
2024-05-05 06:00:00,13468.1474609375,15189.0673828125,11700.6904296875
2024-05-05 07:00:00,13578.8603515625,15877.7646484375,12782.578125
2024-05-05 08:00:00,14333.4091796875,16361.9970703125,13187.51953125
2024-05-05 09:00:00,14636.9931640625,16374.4365234375,13568.9267578125
2024-05-05 10:00:00,15272.70703125,16987.2890625,14102.6943359375
2024-05-05 11:00:00,16483.470703125,17614.857421875,15541.888671875
2024-05-05 12:00:00,16813.818359375,17962.732421875,15856.234375
2024-05-05 13:00:00,16738.4609375,17962.732421875,15856.234375
2024-05-05 14:00:00,16864.12109375,18117.98828125,15933.2646484375
2024-05-05 15:00:00,17124.970703125,18117.98828125,15933.2646484375
2024-05-05 16:00:00,17269.837890625,18187.806640625,15933.2646484375
2024-05-05 17:00:00,17534.896484375,18460.21484375,15974.525390625
2024-05-05 18:00:00,17534.896484375,18521.869140625,15974.525390625
2024-05-05 19:00:00,17497.728515625,18744.0703125,16240.4609375
2024-05-05 20:00:00,17463.16015625,18744.076171875,16688.67578125
2024-05-05 21:00:00,17460.845703125,18744.076171875,16688.67578125
2024-05-05 22:00:00,17379.88671875,18888.177734375,16781.71875
2024-05-05 23:00:00,17348.765625,18766.212890625,16683.509765625
2024-05-06 00:00:00,17303.7548828125,18849.1875,16732.6142578125
2024-05-06 01:00:00,17770.8564453125,18905.1396484375,16081.3134765625
2024-05-06 02:00:00,17292.0,18791.482421875,15936.6328125
2024-05-06 03:00:00,15921.6162109375,17392.412109375,15438.0380859375
2024-05-06 04:00:00,13696.904296875,16086.22265625,13916.6064453125
2024-05-06 05:00:00,13380.5166015625,16069.2626953125,13872.95703125
2024-05-06 06:00:00,13380.5166015625,16069.2626953125,13872.95703125
2024-05-06 07:00:00,13380.5166015625,15938.833984375,13872.95703125
2024-05-06 08:00:00,13651.7548828125,15938.833984375,14146.8818359375
2024-05-06 09:00:00,14686.96875,15952.55078125,15201.37109375
2024-05-06 10:00:00,14686.96875,15952.55078125,15201.37109375
2024-05-06 11:00:00,13776.3486328125,15067.2314453125,14528.369140625
2024-05-06 12:00:00,13443.552734375,14752.384765625,14188.3046875
2024-05-06 13:00:00,13443.552734375,14752.384765625,14188.3046875
2024-05-06 14:00:00,13443.552734375,14655.5615234375,14188.3046875
2024-05-06 15:00:00,13074.1015625,14440.6533203125,13216.7744140625
2024-05-06 16:00:00,12304.099609375,14440.6533203125,13216.7744140625
2024-05-06 17:00:00,12187.974609375,14440.6533203125,13216.7744140625
2024-05-06 18:00:00,12038.9794921875,13317.193359375,11615.271484375
2024-05-06 19:00:00,12038.9794921875,12535.896484375,10911.208984375
2024-05-06 20:00:00,12038.9794921875,12443.5146484375,10852.568359375
2024-05-06 21:00:00,10004.9755859375,11315.1669921875,9369.68359375
2024-05-06 22:00:00,10004.9755859375,11142.896484375,9369.68359375
2024-05-06 23:00:00,10287.6884765625,11142.896484375,9710.4453125
2024-05-07 00:00:00,10486.603515625,11084.6259765625,9817.16259765625
2024-05-07 01:00:00,8742.7646484375,9770.671875,8549.759765625
2024-05-07 02:00:00,8182.5234375,8864.4228515625,8333.0791015625
2024-05-07 03:00:00,7734.072265625,8831.119140625,7608.68115234375
2024-05-07 04:00:00,6915.576171875,7838.6298828125,5519.533203125
2024-05-07 05:00:00,5505.8740234375,6627.94580078125,4930.94384765625
2024-05-07 06:00:00,5454.87353515625,5376.32763671875,4367.26220703125
2024-05-07 07:00:00,5393.36962890625,5264.259765625,4129.85791015625
2024-05-07 08:00:00,5454.87353515625,5091.2900390625,4129.85791015625
2024-05-07 09:00:00,5368.21875,5091.2900390625,4149.6318359375
2024-05-07 10:00:00,5661.775390625,5634.060546875,4523.82861328125
2024-05-07 11:00:00,5594.42138671875,6390.1171875,5107.00439453125
2024-05-07 12:00:00,5850.5234375,6640.13623046875,5166.458984375
2024-05-07 13:00:00,5850.5234375,7129.564453125,5764.25048828125
2024-05-07 14:00:00,6462.85546875,7519.279296875,5901.80859375
2024-05-07 15:00:00,8520.4794921875,8459.48828125,7501.005859375
2024-05-07 16:00:00,8914.1201171875,8985.998046875,8476.4130859375
2024-05-07 17:00:00,10307.763671875,10574.126953125,9390.3095703125
2024-05-07 18:00:00,11144.48046875,11427.23046875,10798.615234375
2024-05-07 19:00:00,11809.078125,12357.908203125,11359.02734375
2024-05-07 20:00:00,11575.015625,12232.8173828125,11222.939453125
2024-05-07 21:00:00,12140.443359375,12357.908203125,11359.02734375
2024-05-07 22:00:00,11732.2333984375,13522.5693359375,11222.939453125
2024-05-07 23:00:00,11732.2333984375,13522.5693359375,11094.79296875
2024-05-08 00:00:00,11332.4140625,12795.00146484375,10702.38232421875
2024-05-08 01:00:00,9391.0341796875,9353.95166015625,8341.514892578125
2024-05-08 02:00:00,8903.0341796875,9600.05859375,7700.52294921875
2024-05-08 03:00:00,8810.005859375,8909.931640625,7241.7353515625
2024-05-08 04:00:00,7128.50341796875,9156.66796875,6603.90576171875
2024-05-08 05:00:00,6960.61083984375,8747.2470703125,6149.0673828125
2024-05-08 06:00:00,6893.2412109375,8747.2470703125,6337.07666015625
2024-05-08 07:00:00,6741.736328125,8628.7236328125,6127.322265625
2024-05-08 08:00:00,6395.384765625,7607.25244140625,5414.74951171875
2024-05-08 09:00:00,5600.84130859375,6065.38330078125,3981.04150390625
2024-05-08 10:00:00,5444.5419921875,5716.36865234375,3951.828857421875
2024-05-08 11:00:00,5056.2490234375,5475.568359375,3789.361572265625
2024-05-08 12:00:00,5056.2490234375,5214.20068359375,3948.810546875
2024-05-08 13:00:00,4905.4072265625,5084.5712890625,3742.8349609375
2024-05-08 14:00:00,4699.12939453125,4399.5615234375,3742.8349609375
2024-05-08 15:00:00,4551.77099609375,3726.6728515625,3447.463623046875
2024-05-08 16:00:00,4165.775390625,3434.963134765625,3110.49365234375
2024-05-08 17:00:00,3354.066162109375,2972.907470703125,2655.1005859375
2024-05-08 18:00:00,3354.066162109375,2972.907470703125,2233.761474609375
2024-05-08 19:00:00,3480.225830078125,3309.130615234375,2233.761474609375
2024-05-08 20:00:00,3907.547119140625,3401.132568359375,2710.75830078125
2024-05-08 21:00:00,4579.47900390625,4277.42041015625,2938.786376953125
2024-05-08 22:00:00,5425.576171875,5333.74169921875,3917.9306640625
2024-05-08 23:00:00,6424.6484375,5707.91259765625,4361.01416015625
2024-05-09 00:00:00,6591.4365234375,5908.580078125,4683.79931640625
2024-05-09 01:00:00,5508.4814453125,6978.022216796875,4206.658203125
2024-05-09 02:00:00,5894.27734375,7148.5986328125,4577.9453125
2024-05-09 03:00:00,7789.08935546875,9215.4677734375,5495.32275390625
2024-05-09 04:00:00,8745.244140625,10546.2890625,6234.798828125
2024-05-09 05:00:00,10828.5751953125,12052.02734375,9160.302734375
2024-05-09 06:00:00,11733.53125,13969.7158203125,10800.05078125
2024-05-09 07:00:00,11864.3349609375,13969.7158203125,11068.88671875
2024-05-09 08:00:00,11864.3349609375,13580.625,11068.88671875
2024-05-09 09:00:00,10632.76171875,12003.8408203125,9543.6123046875
2024-05-09 10:00:00,10545.2880859375,11311.1259765625,9238.8662109375
2024-05-09 11:00:00,8711.1044921875,8723.74609375,7707.66552734375
2024-05-09 12:00:00,8663.9384765625,8723.74609375,7114.26904296875
2024-05-09 13:00:00,8663.9384765625,8976.3857421875,7114.26904296875
2024-05-09 14:00:00,9057.259765625,9554.896484375,7846.14453125
2024-05-09 15:00:00,10033.15234375,10838.197265625,8266.494140625
2024-05-09 16:00:00,11235.05078125,11541.44140625,10380.0302734375
2024-05-09 17:00:00,12104.8154296875,12178.890625,11371.7763671875
2024-05-09 18:00:00,12713.1171875,13930.2392578125,13016.904296875
2024-05-09 19:00:00,15158.3427734375,16702.455078125,15658.80859375
2024-05-09 20:00:00,16393.259765625,17392.0703125,16324.15625
2024-05-09 21:00:00,17754.220703125,18414.478515625,17611.091796875
2024-05-09 22:00:00,18435.154296875,18861.326171875,18298.787109375
2024-05-09 23:00:00,18885.841796875,18929.5234375,18340.236328125
2024-05-10 00:00:00,19145.2197265625,19164.5625,18344.6669921875
2024-05-10 01:00:00,18955.6845703125,19534.8125,17931.4619140625
2024-05-10 02:00:00,19018.224609375,19512.4921875,17902.673828125
2024-05-10 03:00:00,19148.66015625,19404.529296875,17902.673828125
2024-05-10 04:00:00,19148.66015625,19281.79296875,17902.673828125
2024-05-10 05:00:00,19181.05078125,19151.408203125,17398.677734375
2024-05-10 06:00:00,19181.05078125,18779.990234375,16036.6083984375
2024-05-10 07:00:00,15820.0068359375,16360.4951171875,12822.5380859375
2024-05-10 08:00:00,15458.525390625,16028.8349609375,12645.4091796875
2024-05-10 09:00:00,13089.951171875,14199.494140625,11433.3447265625
2024-05-10 10:00:00,9371.2802734375,9821.0595703125,7960.357421875
2024-05-10 11:00:00,7799.30078125,8027.23193359375,5991.74267578125
2024-05-10 12:00:00,7707.81494140625,8027.23193359375,5991.74267578125
2024-05-10 13:00:00,7707.81494140625,8615.08203125,7017.64453125
2024-05-10 14:00:00,8264.9384765625,10355.359375,8567.9345703125
2024-05-10 15:00:00,9875.6435546875,10540.6650390625,9418.1123046875
2024-05-10 16:00:00,10283.4931640625,11734.7822265625,10684.462890625
2024-05-10 17:00:00,10963.82421875,11734.7822265625,10684.462890625
2024-05-10 18:00:00,11225.2060546875,12124.5244140625,10944.6845703125
2024-05-10 19:00:00,12233.4716796875,13166.3310546875,12449.0107421875
2024-05-10 20:00:00,13161.720703125,15123.6181640625,13688.00390625
2024-05-10 21:00:00,13867.1162109375,15668.2421875,14096.431640625
2024-05-10 22:00:00,14000.8837890625,16531.845703125,14449.966796875
2024-05-10 23:00:00,14737.1513671875,16531.845703125,14569.2109375
2024-05-11 00:00:00,15070.72021484375,16530.7880859375,14615.78564453125
2024-05-11 01:00:00,17741.40234375,18544.3115234375,17477.958984375
2024-05-11 02:00:00,17742.158203125,18763.373046875,17523.2890625
2024-05-11 03:00:00,18022.9375,18875.330078125,17586.587890625
2024-05-11 04:00:00,18636.322265625,18948.880859375,17709.20703125
2024-05-11 05:00:00,18857.265625,18948.880859375,17770.73828125
2024-05-11 06:00:00,18857.265625,18853.87109375,17709.20703125
2024-05-11 07:00:00,18026.474609375,18853.87109375,17518.927734375
2024-05-11 08:00:00,18018.58984375,18853.87109375,17496.685546875
2024-05-11 09:00:00,16981.12890625,18405.53515625,16728.25
2024-05-11 10:00:00,16525.037109375,18307.95703125,16357.9169921875
2024-05-11 11:00:00,16416.546875,18209.40625,16218.9521484375
2024-05-11 12:00:00,16416.546875,18026.046875,16218.9521484375
2024-05-11 13:00:00,16897.36328125,17962.009765625,16109.0458984375
2024-05-11 14:00:00,16897.36328125,17727.060546875,15958.982421875
2024-05-11 15:00:00,17061.3203125,17727.060546875,15958.982421875
2024-05-11 16:00:00,17061.3203125,17919.828125,16313.861328125
2024-05-11 17:00:00,17061.3203125,17919.828125,16313.861328125
2024-05-11 18:00:00,17069.0,17951.681640625,16344.8955078125
2024-05-11 19:00:00,17069.0,18023.923828125,16641.708984375
2024-05-11 20:00:00,17073.466796875,18108.26171875,16788.291015625
2024-05-11 21:00:00,17073.466796875,18491.552734375,16788.291015625
2024-05-11 22:00:00,17048.435546875,18879.7890625,16788.291015625
2024-05-11 23:00:00,16803.76953125,18904.794921875,17085.955078125
2024-05-12 00:00:00,16705.75341796875,18905.474609375,17157.9951171875
2024-05-12 01:00:00,13404.71044921875,15361.96533203125,13992.0615234375
2024-05-12 02:00:00,12886.806640625,14827.5283203125,13620.658203125
2024-05-12 03:00:00,12313.2138671875,14543.3837890625,13198.544921875
2024-05-12 04:00:00,10897.2275390625,11139.9609375,9172.7998046875
2024-05-12 05:00:00,10897.2275390625,11139.9609375,9172.7998046875
2024-05-12 06:00:00,12010.6474609375,12674.908203125,9795.3486328125
2024-05-12 07:00:00,14750.9892578125,15685.5927734375,11958.7060546875
2024-05-12 08:00:00,14750.9892578125,15685.5927734375,11958.7060546875
2024-05-12 09:00:00,13732.4111328125,15187.8037109375,11161.998046875
2024-05-12 10:00:00,12549.5146484375,13654.1240234375,10496.533203125
2024-05-12 11:00:00,9658.0458984375,10516.7734375,7780.59765625
2024-05-12 12:00:00,9658.0458984375,9618.0810546875,7392.01953125
2024-05-12 13:00:00,9786.6494140625,9618.0810546875,7234.552734375
2024-05-12 14:00:00,9786.6494140625,9618.0810546875,7314.57080078125
2024-05-12 15:00:00,9749.79296875,9135.4853515625,7314.57080078125
2024-05-12 16:00:00,9749.79296875,9135.4853515625,7851.953125
2024-05-12 17:00:00,9749.79296875,9135.4853515625,7851.953125
2024-05-12 18:00:00,7399.53759765625,8086.0771484375,5674.25732421875
2024-05-12 19:00:00,6194.21875,5525.63720703125,3691.181884765625
2024-05-12 20:00:00,6194.21875,5525.63720703125,3691.181884765625
2024-05-12 21:00:00,6982.93408203125,7630.10595703125,4000.633056640625
2024-05-12 22:00:00,7971.93505859375,8411.953125,5425.03662109375
2024-05-12 23:00:00,8205.142578125,8606.1552734375,5777.91455078125
2024-05-13 00:00:00,8193.048583984375,8536.1220703125,5802.1904296875
2024-05-13 01:00:00,5417.671630859375,4391.99658203125,2940.18505859375
2024-05-13 02:00:00,5341.9755859375,4223.38232421875,2866.217041015625
2024-05-13 03:00:00,4911.0615234375,4194.97900390625,2437.36181640625
2024-05-13 04:00:00,4830.91064453125,3798.7236328125,2245.390380859375
2024-05-13 05:00:00,3954.7626953125,3798.396484375,2270.864501953125
2024-05-13 06:00:00,3843.933837890625,3798.396484375,2245.390380859375
2024-05-13 07:00:00,3502.59228515625,3920.841552734375,2134.0322265625
2024-05-13 08:00:00,3338.24658203125,3920.841552734375,2079.33642578125
2024-05-13 09:00:00,3214.932861328125,3321.1123046875,1855.427734375
2024-05-13 10:00:00,3214.932861328125,2772.806884765625,1799.2047119140625
2024-05-13 11:00:00,3193.399169921875,2571.132080078125,1799.2047119140625
2024-05-13 12:00:00,3126.166015625,2571.132080078125,1794.6295166015625
2024-05-13 13:00:00,2744.770751953125,2956.674072265625,1918.126708984375
2024-05-13 14:00:00,2744.770751953125,3019.00439453125,1827.5181884765625
2024-05-13 15:00:00,3090.665771484375,3144.804931640625,2116.069091796875
2024-05-13 16:00:00,3763.739501953125,3697.11181640625,2510.21484375
2024-05-13 17:00:00,5922.59423828125,5815.18603515625,3169.487060546875
2024-05-13 18:00:00,6981.38671875,7143.56103515625,4739.01220703125
2024-05-13 19:00:00,7166.38525390625,7513.05419921875,5065.45263671875
2024-05-13 20:00:00,7166.38525390625,7513.05419921875,5734.59228515625
2024-05-13 21:00:00,10009.685546875,9740.3046875,8710.6787109375
2024-05-13 22:00:00,12049.5712890625,13762.80859375,11821.1953125
2024-05-13 23:00:00,14047.16796875,14255.7568359375,13264.4619140625
2024-05-14 00:00:00,14099.740234375,14676.40966796875,13722.18359375
2024-05-14 01:00:00,15131.7001953125,15631.677734375,13348.888671875
2024-05-14 02:00:00,15303.3154296875,15684.107421875,13002.4072265625
2024-05-14 03:00:00,15464.2216796875,15684.107421875,12773.2900390625
2024-05-14 04:00:00,15464.2216796875,15684.107421875,12773.2900390625
2024-05-14 05:00:00,15638.1572265625,15214.216796875,13063.7666015625
2024-05-14 06:00:00,15638.1572265625,15167.30078125,13063.7666015625
2024-05-14 07:00:00,14633.7314453125,13898.4404296875,11369.2314453125
2024-05-14 08:00:00,12189.16796875,11849.9697265625,8536.3154296875
2024-05-14 09:00:00,8917.9189453125,9790.474609375,7149.02734375
2024-05-14 10:00:00,7639.7021484375,7510.95458984375,6500.15380859375
2024-05-14 11:00:00,6409.82177734375,5078.97314453125,4663.21923828125
2024-05-14 12:00:00,6409.82177734375,5078.97314453125,4663.21923828125
2024-05-14 13:00:00,6394.07421875,5504.02392578125,4755.58935546875
2024-05-14 14:00:00,6520.16845703125,5685.4345703125,4755.58935546875
2024-05-14 15:00:00,6394.07421875,5594.66064453125,3963.2529296875
2024-05-14 16:00:00,6346.6708984375,5685.4345703125,3963.2529296875
2024-05-14 17:00:00,6346.6708984375,6030.06591796875,4564.07275390625
2024-05-14 18:00:00,6692.12744140625,6744.6962890625,5898.94091796875
2024-05-14 19:00:00,9683.0830078125,10319.568359375,8481.841796875
2024-05-14 20:00:00,11669.2099609375,12167.083984375,10473.861328125
2024-05-14 21:00:00,13098.6630859375,14219.82421875,12780.90234375
2024-05-14 22:00:00,16910.22265625,17342.958984375,15345.4638671875
2024-05-14 23:00:00,16910.22265625,17484.552734375,15492.2470703125
2024-05-15 00:00:00,17065.3876953125,17520.056640625,15577.8134765625
2024-05-15 01:00:00,17629.7001953125,18264.9638671875,15490.86376953125
2024-05-15 02:00:00,17825.37109375,18264.59375,15487.87109375
2024-05-15 03:00:00,18157.7578125,17922.138671875,15332.9931640625
2024-05-15 04:00:00,18157.7578125,17635.169921875,15084.76171875
2024-05-15 05:00:00,17692.119140625,17341.08203125,14973.333984375
2024-05-15 06:00:00,17489.857421875,17086.3515625,14835.26171875
2024-05-15 07:00:00,16357.0654296875,16182.150390625,14099.08203125
2024-05-15 08:00:00,13588.8486328125,14003.72265625,10998.4248046875
2024-05-15 09:00:00,10812.9912109375,12638.873046875,8532.0888671875
2024-05-15 10:00:00,7731.39501953125,8659.7109375,5905.8525390625
2024-05-15 11:00:00,7019.76220703125,6741.66015625,4407.509765625
2024-05-15 12:00:00,5090.9033203125,5073.2861328125,3306.258544921875
2024-05-15 13:00:00,4768.1787109375,4300.97705078125,3247.50732421875
2024-05-15 14:00:00,4534.16357421875,4300.97705078125,3247.50732421875
2024-05-15 15:00:00,4108.50732421875,4285.85986328125,3226.8505859375
2024-05-15 16:00:00,4534.16357421875,4687.44970703125,3226.8505859375
2024-05-15 17:00:00,6721.18408203125,7305.28125,6129.84765625
2024-05-15 18:00:00,8069.10400390625,8472.4248046875,6809.1962890625
2024-05-15 19:00:00,10117.91015625,9142.6630859375,7497.1279296875
2024-05-15 20:00:00,10117.91015625,9418.6640625,7898.17626953125
2024-05-15 21:00:00,10698.9892578125,9969.9306640625,8155.77197265625
2024-05-15 22:00:00,10067.951171875,9872.26171875,8155.77197265625
2024-05-15 23:00:00,10053.419921875,10044.5849609375,8140.4599609375
2024-05-16 00:00:00,9670.74609375,9958.42333984375,8125.12939453125
2024-05-16 01:00:00,14051.5693359375,13775.7373046875,11224.97216796875
2024-05-16 02:00:00,13816.69921875,13551.6494140625,11435.62890625
2024-05-16 03:00:00,13816.69921875,13551.6494140625,11199.5654296875
2024-05-16 04:00:00,13847.4755859375,13661.4912109375,11435.62890625
2024-05-16 05:00:00,14676.5439453125,14860.6904296875,12805.78125
2024-05-16 06:00:00,14676.5439453125,14860.6904296875,12954.83203125
2024-05-16 07:00:00,14662.2158203125,14591.0185546875,12954.83203125
2024-05-16 08:00:00,14662.2158203125,14280.939453125,12695.625
2024-05-16 09:00:00,14654.2685546875,14194.5888671875,12611.62109375
2024-05-16 10:00:00,14654.2685546875,14222.5927734375,12305.90625
2024-05-16 11:00:00,14417.9619140625,14153.078125,11947.021484375
2024-05-16 12:00:00,13192.1484375,13534.662109375,11743.0810546875
2024-05-16 13:00:00,11341.923828125,12020.0068359375,9360.2705078125
2024-05-16 14:00:00,10149.87890625,10050.064453125,8605.2705078125
2024-05-16 15:00:00,9596.9345703125,8738.951171875,7060.0517578125
2024-05-16 16:00:00,8232.2197265625,8087.0537109375,5560.41162109375
2024-05-16 17:00:00,7325.185546875,7403.12451171875,4471.04150390625
2024-05-16 18:00:00,7304.6572265625,7403.12451171875,4471.04150390625
2024-05-16 19:00:00,7325.185546875,7613.84765625,4931.138671875
2024-05-16 20:00:00,8761.9423828125,8493.193359375,6140.04443359375
2024-05-16 21:00:00,9855.9697265625,10009.3212890625,7643.11181640625
2024-05-16 22:00:00,10751.3447265625,12395.8349609375,10213.3251953125
2024-05-16 23:00:00,12066.5703125,13339.6015625,11718.51171875
2024-05-17 00:00:00,12613.59326171875,14172.29638671875,12045.64404296875
2024-05-17 01:00:00,12395.82666015625,13601.56103515625,11921.8017578125
2024-05-17 02:00:00,13079.3505859375,14309.806640625,12196.26171875
2024-05-17 03:00:00,14056.1025390625,15617.5,13591.8369140625
2024-05-17 04:00:00,14217.4072265625,15617.5,13591.8369140625
2024-05-17 05:00:00,14774.982421875,15521.1884765625,13255.65234375
2024-05-17 06:00:00,15186.7763671875,15521.1884765625,13255.65234375
2024-05-17 07:00:00,15347.4091796875,16294.3828125,14386.9892578125
2024-05-17 08:00:00,15347.4091796875,16411.00390625,14788.6611328125
2024-05-17 09:00:00,15224.326171875,16411.00390625,14386.9892578125
2024-05-17 10:00:00,14421.3251953125,15163.5205078125,13946.37109375
2024-05-17 11:00:00,14421.3251953125,15163.5205078125,13946.37109375
2024-05-17 12:00:00,15796.005859375,16122.548828125,14504.09375
2024-05-17 13:00:00,15796.005859375,16425.66796875,14504.09375
2024-05-17 14:00:00,15576.2861328125,16425.66796875,14677.751953125
2024-05-17 15:00:00,14993.0908203125,15842.982421875,14457.9814453125
2024-05-17 16:00:00,14810.1943359375,15221.80078125,14349.8037109375
2024-05-17 17:00:00,13754.5712890625,14420.9033203125,14137.9013671875
2024-05-17 18:00:00,13644.2705078125,14109.578125,13799.314453125
2024-05-17 19:00:00,13754.5712890625,14420.9033203125,14137.9013671875
2024-05-17 20:00:00,14905.4736328125,15101.888671875,14237.3251953125
2024-05-17 21:00:00,15991.802734375,16743.595703125,16019.56640625
2024-05-17 22:00:00,18755.6796875,18735.505859375,17357.087890625
2024-05-17 23:00:00,19545.5859375,18852.443359375,17690.123046875
2024-05-18 00:00:00,19566.076171875,18955.2119140625,17751.625
2024-05-18 01:00:00,19710.9404296875,18574.732421875,17782.3662109375
2024-05-18 02:00:00,19793.51171875,18565.90234375,17670.65625
2024-05-18 03:00:00,19793.51171875,18583.5625,17814.73828125
2024-05-18 04:00:00,19793.51171875,18588.123046875,17814.73828125
2024-05-18 05:00:00,19753.091796875,18772.740234375,17909.9375
2024-05-18 06:00:00,19753.091796875,18810.919921875,17909.9375
2024-05-18 07:00:00,19032.65625,18772.740234375,17525.78515625
2024-05-18 08:00:00,17874.2890625,18550.75,16952.400390625
2024-05-18 09:00:00,14487.6748046875,16729.1328125,14186.48046875
2024-05-18 10:00:00,12741.2255859375,14563.2314453125,12421.33203125
2024-05-18 11:00:00,11512.8310546875,12157.1826171875,11595.87109375
2024-05-18 12:00:00,11508.1337890625,10895.71484375,10463.072265625
2024-05-18 13:00:00,10593.2275390625,10150.123046875,9629.8984375
2024-05-18 14:00:00,9550.9658203125,8934.41015625,8676.7451171875
2024-05-18 15:00:00,9550.9658203125,8934.41015625,8676.7451171875
2024-05-18 16:00:00,9771.5986328125,8995.6982421875,9178.630859375
2024-05-18 17:00:00,10160.4208984375,10101.466796875,9495.53125
2024-05-18 18:00:00,10676.8642578125,12072.7568359375,10455.248046875
2024-05-18 19:00:00,11766.44921875,13074.5283203125,12142.02734375
2024-05-18 20:00:00,12539.6767578125,14277.669921875,13240.38671875
2024-05-18 21:00:00,13328.9306640625,15430.3671875,13940.576171875
2024-05-18 22:00:00,16522.580078125,16883.34375,16012.4912109375
2024-05-18 23:00:00,17173.2734375,17451.591796875,16012.4912109375
2024-05-19 00:00:00,17197.0029296875,17499.5986328125,16069.13916015625
2024-05-19 01:00:00,16217.447265625,16601.9443359375,14158.94287109375
2024-05-19 02:00:00,16189.1884765625,16213.4375,13693.8681640625
2024-05-19 03:00:00,15252.0859375,14995.462890625,12938.271484375
2024-05-19 04:00:00,12879.5908203125,13252.7802734375,10213.376953125
2024-05-19 05:00:00,12293.103515625,10728.853515625,9068.212890625
2024-05-19 06:00:00,8580.30078125,7307.341796875,5904.90576171875
2024-05-19 07:00:00,6315.240234375,6040.74365234375,4496.1064453125
2024-05-19 08:00:00,3081.813232421875,3113.45556640625,2246.291015625
2024-05-19 09:00:00,2679.979736328125,3071.943359375,2246.291015625
2024-05-19 10:00:00,2657.404052734375,2871.375732421875,2212.748779296875
2024-05-19 11:00:00,2679.979736328125,2457.5537109375,1926.65087890625
2024-05-19 12:00:00,2492.012451171875,2424.18994140625,1923.135009765625
2024-05-19 13:00:00,2498.049560546875,2317.122314453125,1580.8385009765625
2024-05-19 14:00:00,2404.72021484375,2317.122314453125,1580.8385009765625
2024-05-19 15:00:00,2498.049560546875,2584.059326171875,1619.2086181640625
2024-05-19 16:00:00,2678.018310546875,2632.784912109375,1844.4742431640625
2024-05-19 17:00:00,2945.98681640625,2724.072998046875,1844.4742431640625
2024-05-19 18:00:00,3249.5908203125,3442.419189453125,1848.43896484375
2024-05-19 19:00:00,3511.456787109375,3845.342041015625,2518.947021484375
2024-05-19 20:00:00,4723.91650390625,4763.8212890625,2626.70703125
2024-05-19 21:00:00,5170.8564453125,5487.38427734375,3563.94677734375
2024-05-19 22:00:00,5334.1826171875,6093.42041015625,4143.0087890625
2024-05-19 23:00:00,6918.505859375,7793.57177734375,5397.88134765625
2024-05-20 00:00:00,7385.185791015625,8196.260009765625,5576.46435546875
2024-05-20 01:00:00,12389.990234375,14508.7880859375,10752.634765625
2024-05-20 02:00:00,12421.400390625,14804.1279296875,11344.744140625
2024-05-20 03:00:00,12718.2919921875,15061.99609375,11367.59375
2024-05-20 04:00:00,13203.453125,15324.265625,11367.59375
2024-05-20 05:00:00,13203.453125,15324.265625,10485.271484375
2024-05-20 06:00:00,11062.046875,12997.8134765625,7609.75634765625
2024-05-20 07:00:00,8914.060546875,11192.47265625,5988.0791015625
2024-05-20 08:00:00,7011.439453125,8478.0009765625,4580.5615234375
2024-05-20 09:00:00,5540.17333984375,5819.22021484375,3820.1845703125
2024-05-20 10:00:00,4807.16455078125,4011.1337890625,2052.301513671875
2024-05-20 11:00:00,4107.04931640625,3720.892333984375,1595.904296875
2024-05-20 12:00:00,4107.04931640625,3550.48486328125,1595.904296875
2024-05-20 13:00:00,4764.314453125,3550.48486328125,2148.082275390625
2024-05-20 14:00:00,4975.166015625,4247.72412109375,2524.67578125
2024-05-20 15:00:00,4975.166015625,4350.31201171875,2657.0576171875
2024-05-20 16:00:00,4889.8515625,4350.31201171875,2773.871337890625
2024-05-20 17:00:00,4564.009765625,4509.6904296875,2973.8779296875
2024-05-20 18:00:00,4562.46142578125,4528.03662109375,3766.3310546875
2024-05-20 19:00:00,4564.009765625,5128.24462890625,3828.823486328125
2024-05-20 20:00:00,5579.423828125,6122.29443359375,4055.900634765625
2024-05-20 21:00:00,5764.05810546875,6282.06884765625,4089.9287109375
2024-05-20 22:00:00,5912.1513671875,6282.06884765625,4055.900634765625
2024-05-20 23:00:00,5912.1513671875,5133.2529296875,4033.77099609375
2024-05-21 00:00:00,5183.408447265625,4716.531005859375,3699.8746337890625
2024-05-21 01:00:00,3687.867919921875,3404.790771484375,2851.0689697265625
2024-05-21 02:00:00,3615.4267578125,3360.63818359375,2709.779296875
2024-05-21 03:00:00,3605.836181640625,3129.539794921875,2696.445068359375
2024-05-21 04:00:00,3529.00634765625,3089.0263671875,2599.251220703125
2024-05-21 05:00:00,3286.41357421875,2979.745849609375,2696.445068359375
2024-05-21 06:00:00,3092.18408203125,2939.935791015625,2599.251220703125
2024-05-21 07:00:00,3033.935791015625,2767.119873046875,2556.552734375
2024-05-21 08:00:00,2977.8037109375,2767.119873046875,2535.529541015625
2024-05-21 09:00:00,2940.811279296875,2865.588623046875,2185.213623046875
2024-05-21 10:00:00,2886.097900390625,2930.784423828125,2185.213623046875
2024-05-21 11:00:00,2886.097900390625,2934.5361328125,2255.729736328125
2024-05-21 12:00:00,2886.097900390625,2934.5361328125,2255.729736328125
2024-05-21 13:00:00,2825.496826171875,2771.07275390625,2255.729736328125
2024-05-21 14:00:00,2825.496826171875,2762.8271484375,2311.871337890625
2024-05-21 15:00:00,3171.8505859375,2771.07275390625,2431.918701171875
2024-05-21 16:00:00,3245.865966796875,2853.76318359375,2311.871337890625
2024-05-21 17:00:00,3245.865966796875,2947.318115234375,2483.84033203125
2024-05-21 18:00:00,3626.12939453125,3500.8779296875,2483.84033203125
2024-05-21 19:00:00,3896.40869140625,3698.306396484375,3036.499755859375
2024-05-21 20:00:00,3989.650146484375,3911.24609375,3470.964111328125
2024-05-21 21:00:00,4516.41455078125,4141.96435546875,3620.6015625
2024-05-21 22:00:00,5021.88671875,4465.60546875,4083.49560546875
2024-05-21 23:00:00,5232.04443359375,4831.2919921875,4366.40478515625
2024-05-22 00:00:00,5126.965576171875,5001.31396484375,4250.8671875
2024-05-22 01:00:00,4462.388671875,3583.3416748046875,3437.63037109375
2024-05-22 02:00:00,4574.49951171875,3819.680908203125,3642.97265625
2024-05-22 03:00:00,4867.3798828125,4554.32177734375,3671.39599609375
2024-05-22 04:00:00,4867.3798828125,4554.32177734375,3671.39599609375
2024-05-22 05:00:00,4225.20361328125,4263.5810546875,3432.607421875
2024-05-22 06:00:00,4225.20361328125,3917.9697265625,3432.607421875
2024-05-22 07:00:00,3961.806396484375,3917.9697265625,3493.559814453125
2024-05-22 08:00:00,3785.97412109375,3915.64453125,3493.559814453125
2024-05-22 09:00:00,3651.41796875,3915.64453125,3491.138916015625
2024-05-22 10:00:00,3323.25048828125,3385.863525390625,3028.06787109375
2024-05-22 11:00:00,3323.25048828125,3099.41650390625,2270.017333984375
2024-05-22 12:00:00,3302.315673828125,2897.697021484375,2242.6064453125
2024-05-22 13:00:00,3431.110107421875,3099.41650390625,2242.6064453125
2024-05-22 14:00:00,3622.911376953125,3261.517822265625,2317.03173828125
2024-05-22 15:00:00,5678.77978515625,4687.55615234375,3355.83642578125
2024-05-22 16:00:00,6628.30908203125,5326.046875,4054.984619140625
2024-05-22 17:00:00,7519.3388671875,6759.3583984375,6146.3212890625
2024-05-22 18:00:00,7807.75146484375,7835.25439453125,6828.59228515625
2024-05-22 19:00:00,10312.021484375,11556.12109375,9375.1123046875
2024-05-22 20:00:00,12471.6826171875,13305.654296875,12053.1103515625
2024-05-22 21:00:00,13963.6904296875,13902.68359375,13263.87109375
2024-05-22 22:00:00,15310.79296875,16888.40234375,14701.7548828125
2024-05-22 23:00:00,17423.396484375,18133.25,16234.5634765625
2024-05-23 00:00:00,17815.9453125,18159.978515625,16234.95849609375
2024-05-23 01:00:00,17654.02734375,17886.0341796875,16526.1787109375
2024-05-23 02:00:00,17858.93359375,17910.33984375,16526.875
2024-05-23 03:00:00,17858.93359375,18070.470703125,16525.482421875
2024-05-23 04:00:00,17681.13671875,18070.470703125,16142.8115234375
2024-05-23 05:00:00,17652.849609375,17953.427734375,15350.279296875
2024-05-23 06:00:00,17546.9921875,17733.814453125,14585.9296875
2024-05-23 07:00:00,16510.142578125,17133.857421875,14564.6083984375
2024-05-23 08:00:00,14897.115234375,15813.875,12408.546875
2024-05-23 09:00:00,13662.5830078125,14154.0439453125,11061.857421875
2024-05-23 10:00:00,8586.8359375,10946.7265625,6979.1162109375
2024-05-23 11:00:00,7399.91357421875,7822.43310546875,5597.29736328125
2024-05-23 12:00:00,7038.6982421875,7283.2490234375,5116.80126953125
2024-05-23 13:00:00,7038.6982421875,6158.8486328125,4403.84228515625
2024-05-23 14:00:00,6840.38818359375,6077.1728515625,4257.85205078125
2024-05-23 15:00:00,6730.89306640625,5881.53076171875,4257.85205078125
2024-05-23 16:00:00,6730.89306640625,5881.53076171875,4438.14013671875
2024-05-23 17:00:00,7537.5048828125,6813.53955078125,5251.45361328125
2024-05-23 18:00:00,8221.13671875,7488.95947265625,6197.9287109375
2024-05-23 19:00:00,9304.6220703125,9926.537109375,7605.05078125
2024-05-23 20:00:00,10275.7802734375,10355.171875,7979.91064453125
2024-05-23 21:00:00,10275.7802734375,10355.171875,7979.91064453125
2024-05-23 22:00:00,10206.3095703125,9822.55859375,6543.35205078125
2024-05-23 23:00:00,7877.97802734375,6813.34716796875,4759.1123046875
2024-05-24 00:00:00,7685.051513671875,6727.845458984375,4728.2607421875
2024-05-24 01:00:00,5390.646484375,5206.131591796875,3560.3114013671875
2024-05-24 02:00:00,5047.98046875,5051.66259765625,3433.697021484375
2024-05-24 03:00:00,4599.328125,4395.11767578125,2912.769287109375
2024-05-24 04:00:00,4323.27880859375,4366.32373046875,2912.769287109375
2024-05-24 05:00:00,4106.2275390625,4197.49169921875,2891.327392578125
2024-05-24 06:00:00,4048.674072265625,4068.461181640625,2891.327392578125
2024-05-24 07:00:00,3569.9462890625,3654.22802734375,2644.592529296875
2024-05-24 08:00:00,3337.176513671875,3294.477294921875,2644.592529296875
2024-05-24 09:00:00,3337.176513671875,3294.477294921875,2822.43212890625
2024-05-24 10:00:00,3703.02880859375,3710.113037109375,2918.48046875
2024-05-24 11:00:00,3703.02880859375,3710.113037109375,2918.48046875
2024-05-24 12:00:00,3024.657958984375,3465.302001953125,2650.3896484375
2024-05-24 13:00:00,3024.657958984375,3350.671142578125,2603.688232421875
2024-05-24 14:00:00,3153.61376953125,3357.659912109375,2559.074462890625
2024-05-24 15:00:00,3319.54052734375,3256.246337890625,2559.074462890625
2024-05-24 16:00:00,3319.54052734375,3222.9208984375,2532.582275390625
2024-05-24 17:00:00,3159.49169921875,3206.94873046875,2402.220947265625
2024-05-24 18:00:00,3098.380615234375,2924.441162109375,2376.796630859375
2024-05-24 19:00:00,3098.380615234375,2924.441162109375,2319.248046875
2024-05-24 20:00:00,3527.993408203125,2991.15625,2319.248046875
2024-05-24 21:00:00,3566.586181640625,3031.973876953125,2726.615966796875
2024-05-24 22:00:00,4225.0556640625,3690.900146484375,3339.17236328125
2024-05-24 23:00:00,4225.0556640625,3690.900146484375,3339.17236328125
2024-05-25 00:00:00,4139.023193359375,3574.065185546875,3006.6402587890625
2024-05-25 01:00:00,3455.6239013671875,2726.1400146484375,1693.3216552734375
2024-05-25 02:00:00,3340.4697265625,2666.31005859375,1776.5133056640625
2024-05-25 03:00:00,3340.4697265625,2697.58447265625,1780.9847412109375
2024-05-25 04:00:00,3461.595947265625,2697.58447265625,2008.84814453125
2024-05-25 05:00:00,3461.595947265625,2751.378173828125,2075.012939453125
2024-05-25 06:00:00,3426.19287109375,2883.829833984375,2075.012939453125
2024-05-25 07:00:00,3421.49609375,3007.191650390625,1899.747802734375
2024-05-25 08:00:00,3084.0751953125,3007.191650390625,1899.747802734375
2024-05-25 09:00:00,3084.0751953125,3007.191650390625,1919.6962890625
2024-05-25 10:00:00,3600.90625,2948.029541015625,1919.6962890625
2024-05-25 11:00:00,3849.513916015625,2948.029541015625,1903.302001953125
2024-05-25 12:00:00,3849.513916015625,2948.029541015625,1903.302001953125
2024-05-25 13:00:00,3895.989013671875,3143.599609375,1903.6800537109375
2024-05-25 14:00:00,3997.59423828125,3143.599609375,1903.6800537109375
2024-05-25 15:00:00,3997.59423828125,3098.6484375,1758.9442138671875
2024-05-25 16:00:00,3432.81396484375,3066.99365234375,1758.9442138671875
2024-05-25 17:00:00,3403.7724609375,2919.549560546875,1417.8924560546875
2024-05-25 18:00:00,3278.00341796875,2919.549560546875,1413.1331787109375
2024-05-25 19:00:00,3278.00341796875,3204.88671875,1413.1331787109375
2024-05-25 20:00:00,3774.0234375,3395.864990234375,2152.4326171875
2024-05-25 21:00:00,4046.2802734375,3617.073486328125,2481.07958984375
2024-05-25 22:00:00,4830.09228515625,4344.71923828125,3105.96630859375
2024-05-25 23:00:00,4830.09228515625,4570.7587890625,3105.96630859375
2024-05-26 00:00:00,4590.71826171875,4640.91552734375,2915.8447265625
2024-05-26 01:00:00,5042.861328125,6515.937255859375,3249.6048583984375
2024-05-26 02:00:00,5074.88232421875,7365.48681640625,3115.250732421875
2024-05-26 03:00:00,5290.49365234375,7604.24658203125,3535.14990234375
2024-05-26 04:00:00,6952.12451171875,9873.8359375,5069.71142578125
2024-05-26 05:00:00,6952.12451171875,9873.8359375,5313.7734375
2024-05-26 06:00:00,6734.68896484375,9089.4697265625,5313.7734375
2024-05-26 07:00:00,6538.732421875,8960.0615234375,4971.05078125
2024-05-26 08:00:00,6538.732421875,8960.0615234375,4971.05078125
2024-05-26 09:00:00,7310.37890625,10269.3310546875,6623.41845703125
2024-05-26 10:00:00,7619.0234375,11512.8427734375,7563.0888671875
2024-05-26 11:00:00,7725.453125,12111.3037109375,9020.724609375
2024-05-26 12:00:00,8129.89990234375,12428.0087890625,9118.263671875
2024-05-26 13:00:00,8129.89990234375,12428.0087890625,9249.9609375
2024-05-26 14:00:00,8326.7919921875,12569.4921875,9533.740234375
2024-05-26 15:00:00,9981.6611328125,13604.19921875,11333.8369140625
2024-05-26 16:00:00,10194.7919921875,13804.2568359375,11803.5439453125
2024-05-26 17:00:00,11617.513671875,14763.6396484375,13350.0009765625
2024-05-26 18:00:00,12190.9833984375,14891.8994140625,13350.0009765625
2024-05-26 19:00:00,12283.3056640625,15079.6328125,13350.0009765625
2024-05-26 20:00:00,13489.244140625,15510.7060546875,13618.6708984375
2024-05-26 21:00:00,14068.4189453125,15510.7060546875,14597.2236328125
2024-05-26 22:00:00,14228.908203125,16033.1982421875,14631.041015625
2024-05-26 23:00:00,15121.5263671875,17396.03515625,15550.2666015625
2024-05-27 00:00:00,16054.76708984375,17488.001953125,15977.40380859375
2024-05-27 01:00:00,17441.814453125,17764.6552734375,16774.609375
2024-05-27 02:00:00,17604.560546875,18617.869140625,17226.8359375
2024-05-27 03:00:00,18341.865234375,18617.869140625,17164.248046875
2024-05-27 04:00:00,18341.865234375,19236.529296875,17176.29296875
2024-05-27 05:00:00,18260.26171875,19236.529296875,17164.248046875
2024-05-27 06:00:00,17295.265625,17940.1640625,16017.01953125
2024-05-27 07:00:00,16886.142578125,17353.220703125,15950.990234375
2024-05-27 08:00:00,16390.76953125,16903.55078125,15302.232421875
2024-05-27 09:00:00,16082.8017578125,15705.634765625,14290.6767578125
2024-05-27 10:00:00,15808.3671875,14951.134765625,13094.84765625
2024-05-27 11:00:00,15751.888671875,14951.134765625,13094.84765625
2024-05-27 12:00:00,15751.888671875,14949.84375,12800.55078125
2024-05-27 13:00:00,15495.845703125,14949.84375,12800.55078125
2024-05-27 14:00:00,15407.783203125,14390.9658203125,11970.0634765625
2024-05-27 15:00:00,15065.5234375,14020.8857421875,11856.015625
2024-05-27 16:00:00,14895.9736328125,13585.548828125,11487.1015625
2024-05-27 17:00:00,13625.5078125,13176.8427734375,10636.7431640625
2024-05-27 18:00:00,13625.5078125,12579.3642578125,10636.7431640625
2024-05-27 19:00:00,13676.7685546875,12579.3642578125,11408.9892578125
2024-05-27 20:00:00,13676.7685546875,12520.36328125,11408.9892578125
2024-05-27 21:00:00,12982.896484375,12461.7099609375,11226.7392578125
2024-05-27 22:00:00,12406.7314453125,12406.7333984375,11183.1123046875
2024-05-27 23:00:00,12395.333984375,12406.7333984375,11056.248046875
2024-05-28 00:00:00,11750.75390625,12508.49951171875,10276.01806640625
2024-05-28 01:00:00,5534.430908203125,6637.6953125,3863.9346923828125
2024-05-28 02:00:00,4887.92138671875,5630.986328125,3081.838623046875
2024-05-28 03:00:00,3915.39892578125,3957.44970703125,2209.950439453125
2024-05-28 04:00:00,3572.2060546875,3953.35009765625,2209.950439453125
2024-05-28 05:00:00,3915.39892578125,3957.44970703125,2256.986328125
2024-05-28 06:00:00,4590.51416015625,4828.203125,2931.349609375
2024-05-28 07:00:00,5377.9052734375,6136.5595703125,4675.70703125
2024-05-28 08:00:00,6250.072265625,7123.6337890625,5671.59228515625
2024-05-28 09:00:00,7968.7978515625,9026.8583984375,6877.62548828125
2024-05-28 10:00:00,8431.80078125,9165.19921875,7169.40673828125
2024-05-28 11:00:00,9425.0556640625,10252.5576171875,7747.73974609375
2024-05-28 12:00:00,9587.6806640625,10519.935546875,7947.67236328125
2024-05-28 13:00:00,9957.994140625,10655.8203125,7957.25830078125
2024-05-28 14:00:00,9957.994140625,10655.8203125,7957.25830078125
2024-05-28 15:00:00,8723.8837890625,9982.8935546875,7598.73779296875
2024-05-28 16:00:00,6339.23583984375,7839.896484375,6255.40234375
2024-05-28 17:00:00,4582.39404296875,4652.26025390625,2938.350830078125
2024-05-28 18:00:00,3775.1123046875,3923.961181640625,2519.43408203125
2024-05-28 19:00:00,3775.1123046875,3923.961181640625,2519.43408203125
2024-05-28 20:00:00,4622.48681640625,4079.056640625,2952.151123046875
2024-05-28 21:00:00,4716.04931640625,4349.82080078125,3005.72705078125
2024-05-28 22:00:00,4716.04931640625,5078.4091796875,3399.61962890625
2024-05-28 23:00:00,4716.04931640625,5074.091796875,3547.781982421875
2024-05-29 00:00:00,4766.976318359375,5152.395263671875,3686.595947265625
2024-05-29 01:00:00,7583.86328125,6914.082763671875,4876.197265625
2024-05-29 02:00:00,7891.89453125,7323.96826171875,5122.9853515625
2024-05-29 03:00:00,9809.6806640625,8397.361328125,6809.48681640625
2024-05-29 04:00:00,9809.6806640625,9092.208984375,6809.48681640625
2024-05-29 05:00:00,9205.91796875,9092.208984375,6105.99267578125
2024-05-29 06:00:00,7442.2548828125,8291.2197265625,5417.86181640625
2024-05-29 07:00:00,6280.1435546875,7344.45654296875,4326.890625
2024-05-29 08:00:00,5011.1640625,5535.7841796875,4033.282470703125
2024-05-29 09:00:00,3982.27099609375,4244.345703125,2621.082763671875
2024-05-29 10:00:00,3321.0576171875,3224.2880859375,2241.296630859375
2024-05-29 11:00:00,3166.71240234375,2480.419189453125,2241.296630859375
2024-05-29 12:00:00,3166.71240234375,2480.419189453125,2298.344970703125
2024-05-29 13:00:00,3175.923828125,3339.88818359375,2455.081787109375
2024-05-29 14:00:00,4047.25927734375,3579.955322265625,2632.066162109375
2024-05-29 15:00:00,4438.021484375,3709.70166015625,2827.748046875
2024-05-29 16:00:00,4534.38671875,4210.74609375,2982.845947265625
2024-05-29 17:00:00,5223.71240234375,4344.42529296875,3436.0341796875
2024-05-29 18:00:00,6006.35791015625,5687.88330078125,4507.18017578125
2024-05-29 19:00:00,7931.88134765625,6938.1953125,5515.09716796875
2024-05-29 20:00:00,9315.8056640625,8006.8701171875,7027.4482421875
2024-05-29 21:00:00,10164.962890625,9226.6474609375,7716.400390625
2024-05-29 22:00:00,11789.283203125,11697.8876953125,10055.5703125
2024-05-29 23:00:00,11793.3232421875,11939.0390625,10395.7685546875
2024-05-30 00:00:00,12229.99755859375,12060.11474609375,10438.09765625
2024-05-30 01:00:00,13527.03369140625,12395.37353515625,10333.072265625
2024-05-30 02:00:00,13470.15234375,12094.4169921875,10219.412109375
2024-05-30 03:00:00,13583.9150390625,12001.349609375,9821.845703125
2024-05-30 04:00:00,12841.3994140625,12001.349609375,9017.1494140625
2024-05-30 05:00:00,12841.3994140625,11720.8818359375,9017.1494140625
2024-05-30 06:00:00,11676.453125,10978.0595703125,8116.91259765625
2024-05-30 07:00:00,8479.91796875,8388.2421875,5843.07177734375
2024-05-30 08:00:00,5255.65087890625,5301.9970703125,3216.938720703125
2024-05-30 09:00:00,3983.19921875,3978.1943359375,2330.419189453125
2024-05-30 10:00:00,3546.412353515625,3006.806396484375,1970.435546875
2024-05-30 11:00:00,3066.58251953125,2471.593017578125,1915.6187744140625
2024-05-30 12:00:00,2909.0966796875,2471.593017578125,1709.8721923828125
2024-05-30 13:00:00,2909.0966796875,2625.4248046875,1593.36572265625
2024-05-30 14:00:00,2397.803466796875,2625.4248046875,1593.36572265625
2024-05-30 15:00:00,2397.803466796875,2139.38330078125,1632.270751953125
2024-05-30 16:00:00,2572.667724609375,2139.38330078125,1632.270751953125
2024-05-30 17:00:00,2585.687744140625,3043.911865234375,1738.2503662109375
2024-05-30 18:00:00,2946.24951171875,3515.1259765625,2234.05224609375
2024-05-30 19:00:00,3015.201904296875,3495.692138671875,2727.244384765625
2024-05-30 20:00:00,3503.906005859375,3515.1259765625,3053.912109375
2024-05-30 21:00:00,3684.9951171875,3568.85205078125,3226.111083984375
2024-05-30 22:00:00,4263.98193359375,4587.77587890625,3226.603271484375
2024-05-30 23:00:00,4263.98193359375,4587.77587890625,3226.603271484375
2024-05-31 00:00:00,4107.1104736328125,4356.520751953125,3179.3447265625
2024-05-31 01:00:00,4918.2958984375,5348.584716796875,3028.6591796875
2024-05-31 02:00:00,4739.349609375,5463.87060546875,3095.34326171875
2024-05-31 03:00:00,4739.349609375,6232.5859375,3095.34326171875
2024-05-31 04:00:00,4739.349609375,6414.865234375,3095.34326171875
2024-05-31 05:00:00,5164.96044921875,6414.865234375,3970.772705078125
2024-05-31 06:00:00,5682.55712890625,6414.865234375,4340.93359375
2024-05-31 07:00:00,5682.55712890625,6411.08935546875,4340.93359375
2024-05-31 08:00:00,5505.65625,5575.09326171875,3693.61279296875
2024-05-31 09:00:00,4852.6787109375,4607.44970703125,3124.629150390625
2024-05-31 10:00:00,3775.398193359375,3448.6259765625,2452.17333984375
2024-05-31 11:00:00,3522.121337890625,3292.801513671875,2389.1435546875
2024-05-31 12:00:00,3460.537109375,3272.721435546875,2389.1435546875
2024-05-31 13:00:00,3522.121337890625,3292.801513671875,2676.95166015625
2024-05-31 14:00:00,3594.197509765625,3301.47802734375,2697.65625
2024-05-31 15:00:00,4192.5166015625,3607.95751953125,2701.411865234375
2024-05-31 16:00:00,4788.66259765625,4523.13134765625,3334.46630859375
2024-05-31 17:00:00,5807.35546875,4654.1904296875,3766.292724609375
2024-05-31 18:00:00,5908.26123046875,5404.025390625,3933.701171875
2024-05-31 19:00:00,8363.03515625,8905.13671875,6588.7958984375
2024-05-31 20:00:00,9730.2451171875,10957.1015625,8222.0146484375
2024-05-31 21:00:00,10386.7939453125,11656.421875,8546.158203125
2024-05-31 22:00:00,11329.509765625,12829.443359375,9799.8115234375
2024-05-31 23:00:00,11715.3740234375,13641.2451171875,10927.705078125
2024-06-01 00:00:00,12140.75390625,14019.56689453125,11439.5302734375
2024-06-01 01:00:00,13104.58203125,14640.73876953125,11707.46142578125
2024-06-01 02:00:00,12127.5078125,13205.4541015625,10915.40234375
2024-06-01 03:00:00,11802.2626953125,12815.240234375,9394.609375
2024-06-01 04:00:00,10920.78125,12602.6787109375,8816.056640625
2024-06-01 05:00:00,9290.5078125,11155.1796875,8480.0595703125
2024-06-01 06:00:00,6674.1044921875,8374.7236328125,6021.54931640625
2024-06-01 07:00:00,6371.73828125,6194.171875,5173.24365234375
2024-06-01 08:00:00,4615.96923828125,4763.58642578125,3641.9970703125
2024-06-01 09:00:00,3589.611572265625,3073.21826171875,3010.12939453125
2024-06-01 10:00:00,3368.732666015625,2910.372802734375,2443.9140625
2024-06-01 11:00:00,3368.732666015625,2910.372802734375,2443.9140625
2024-06-01 12:00:00,4142.17236328125,3410.4287109375,3105.806640625
2024-06-01 13:00:00,4142.17236328125,3525.138916015625,3170.421875
2024-06-01 14:00:00,3597.265625,3548.82861328125,3105.806640625
2024-06-01 15:00:00,3597.265625,3688.37744140625,3170.421875
2024-06-01 16:00:00,3542.02001953125,3688.37744140625,2952.597412109375
2024-06-01 17:00:00,3532.666259765625,3688.37744140625,2877.224609375
2024-06-01 18:00:00,3441.642578125,3816.4814453125,2877.224609375
2024-06-01 19:00:00,3532.666259765625,3857.05419921875,3138.427001953125
2024-06-01 20:00:00,3752.30224609375,3857.05419921875,3138.427001953125
2024-06-01 21:00:00,3945.66162109375,4560.83154296875,3101.606689453125
2024-06-01 22:00:00,4434.70556640625,4560.83154296875,3000.099853515625
2024-06-01 23:00:00,4510.15234375,4510.11376953125,3000.099853515625
2024-06-02 00:00:00,4620.66064453125,4421.10546875,3121.66650390625
2024-06-02 01:00:00,4215.2628173828125,4051.963623046875,3084.3323974609375
2024-06-02 02:00:00,4303.4755859375,4570.18896484375,3453.839111328125
2024-06-02 03:00:00,4303.4755859375,5140.45947265625,3968.3037109375
2024-06-02 04:00:00,4950.537109375,5300.05419921875,4097.06640625
2024-06-02 05:00:00,4950.537109375,5300.05419921875,4097.06640625
2024-06-02 06:00:00,4465.93359375,4756.17236328125,3328.7578125
2024-06-02 07:00:00,3926.874267578125,3939.168701171875,2583.088623046875
2024-06-02 08:00:00,3689.508544921875,3873.577392578125,2583.088623046875
2024-06-02 09:00:00,3503.78271484375,3846.087890625,2583.088623046875
2024-06-02 10:00:00,3428.575439453125,3623.101806640625,2629.57177734375
2024-06-02 11:00:00,3406.752197265625,3404.4052734375,2629.57177734375
2024-06-02 12:00:00,3261.60302734375,3523.216064453125,2907.591796875
2024-06-02 13:00:00,3234.67529296875,3465.41845703125,2907.591796875
2024-06-02 14:00:00,3061.76904296875,3465.41845703125,2476.693603515625
2024-06-02 15:00:00,3053.042236328125,3254.36962890625,2476.693603515625
2024-06-02 16:00:00,3053.042236328125,3086.1875,2581.12451171875
2024-06-02 17:00:00,3036.235107421875,3086.1875,2581.12451171875
2024-06-02 18:00:00,3036.235107421875,3095.06591796875,2565.101806640625
2024-06-02 19:00:00,3355.945556640625,3095.06591796875,2416.02197265625
2024-06-02 20:00:00,3355.945556640625,3074.005126953125,2416.02197265625
2024-06-02 21:00:00,3399.90234375,3074.005126953125,2416.02197265625
2024-06-02 22:00:00,3721.607421875,3533.942138671875,2698.0654296875
2024-06-02 23:00:00,3723.403076171875,3568.3798828125,2698.0654296875
2024-06-03 00:00:00,3722.5052490234375,3551.1610107421875,2594.45263671875
2024-06-03 01:00:00,3645.0810546875,3593.8280029296875,2287.616455078125
2024-06-03 02:00:00,3802.3173828125,3976.977783203125,2328.453857421875
2024-06-03 03:00:00,3973.011962890625,3976.977783203125,2691.673583984375
2024-06-03 04:00:00,3973.011962890625,3626.29931640625,2863.3447265625
2024-06-03 05:00:00,3761.759765625,3480.8017578125,2863.3447265625
2024-06-03 06:00:00,3580.82958984375,3480.8017578125,2773.65869140625
2024-06-03 07:00:00,3580.82958984375,3786.092041015625,2663.566650390625
2024-06-03 08:00:00,3473.692138671875,3786.092041015625,2462.833251953125
2024-06-03 09:00:00,3251.864013671875,3364.738037109375,2237.219482421875
2024-06-03 10:00:00,3251.864013671875,3364.738037109375,2237.219482421875
2024-06-03 11:00:00,3557.01416015625,3169.698974609375,2540.06396484375
2024-06-03 12:00:00,3557.01416015625,3401.882568359375,2798.3271484375
2024-06-03 13:00:00,3198.852783203125,3442.80126953125,2798.3271484375
2024-06-03 14:00:00,3198.852783203125,3442.80126953125,2750.484619140625
2024-06-03 15:00:00,3381.505859375,3390.91796875,2722.892822265625
2024-06-03 16:00:00,3412.041015625,3260.84912109375,2673.259521484375
2024-06-03 17:00:00,3533.3251953125,3250.360107421875,2442.702880859375
2024-06-03 18:00:00,3715.688232421875,3187.6826171875,2442.702880859375
2024-06-03 19:00:00,3672.049072265625,3187.6826171875,2363.46630859375
2024-06-03 20:00:00,3711.157470703125,3489.54150390625,2474.07763671875
2024-06-03 21:00:00,3711.157470703125,3498.03271484375,2524.720947265625
2024-06-03 22:00:00,3823.926513671875,4252.650390625,2985.6494140625
2024-06-03 23:00:00,3823.926513671875,4252.650390625,2985.6494140625
2024-06-04 00:00:00,3800.123046875,4141.677001953125,2900.831298828125
2024-06-04 01:00:00,4505.5634765625,3720.95068359375,2643.6319580078125
2024-06-04 02:00:00,4476.55419921875,3824.8251953125,2790.570068359375
2024-06-04 03:00:00,4710.85498046875,4261.7373046875,2800.219482421875
2024-06-04 04:00:00,4776.55712890625,5012.06201171875,3287.42236328125
2024-06-04 05:00:00,4908.61865234375,5012.06201171875,3287.42236328125
2024-06-04 06:00:00,5254.48974609375,5003.58935546875,3271.9892578125
2024-06-04 07:00:00,5254.48974609375,4836.1923828125,3232.2685546875
2024-06-04 08:00:00,4449.6591796875,4720.97119140625,2697.74658203125
2024-06-04 09:00:00,3275.71484375,3709.523681640625,2342.70068359375
2024-06-04 10:00:00,3188.585205078125,3310.85107421875,2342.70068359375
2024-06-04 11:00:00,3188.585205078125,2740.39453125,2345.236328125
2024-06-04 12:00:00,3215.99609375,2706.77783203125,2345.236328125
2024-06-04 13:00:00,3215.99609375,2346.332763671875,2108.623046875
2024-06-04 14:00:00,2855.745849609375,2242.96875,1996.1669921875
2024-06-04 15:00:00,2615.39404296875,2242.96875,1904.158935546875
2024-06-04 16:00:00,2615.39404296875,2524.37548828125,1855.7449951171875
2024-06-04 17:00:00,2889.223388671875,2657.8828125,1861.5223388671875
2024-06-04 18:00:00,3499.843017578125,3045.753173828125,1861.5223388671875
2024-06-04 19:00:00,3874.608642578125,3484.0732421875,2391.099853515625
2024-06-04 20:00:00,4282.10205078125,3780.138427734375,2430.381103515625
2024-06-04 21:00:00,4380.32666015625,3876.28564453125,2688.4130859375
2024-06-04 22:00:00,4922.20068359375,4059.730224609375,3143.75537109375
2024-06-04 23:00:00,4934.224609375,4323.92431640625,3383.870361328125
2024-06-05 00:00:00,5116.93017578125,4354.6180419921875,3388.0635986328125
2024-06-05 01:00:00,4437.515625,3761.0501708984375,2791.37255859375
2024-06-05 02:00:00,4613.99853515625,4164.45654296875,2911.801513671875
2024-06-05 03:00:00,4656.53955078125,4405.408203125,2993.2490234375
2024-06-05 04:00:00,4656.53955078125,4405.408203125,2993.2490234375
2024-06-05 05:00:00,4403.8837890625,4131.140625,2966.9208984375
2024-06-05 06:00:00,3822.76708984375,4105.52294921875,2940.296630859375
2024-06-05 07:00:00,3211.25,4001.40380859375,2613.76904296875
2024-06-05 08:00:00,2945.56103515625,3311.3173828125,2302.76025390625
2024-06-05 09:00:00,2792.564697265625,3073.12353515625,2279.524658203125
2024-06-05 10:00:00,2918.96533203125,2810.35888671875,2269.01318359375
2024-06-05 11:00:00,2748.253662109375,2479.344482421875,2202.218505859375
2024-06-05 12:00:00,2918.96533203125,2160.165771484375,2202.218505859375
2024-06-05 13:00:00,3020.43505859375,2055.869873046875,2172.20556640625
2024-06-05 14:00:00,3043.115478515625,2055.869873046875,1962.1202392578125
2024-06-05 15:00:00,3020.43505859375,2390.867919921875,1944.13427734375
2024-06-05 16:00:00,3290.3076171875,2484.54248046875,1962.1202392578125
2024-06-05 17:00:00,3290.3076171875,3023.86474609375,2033.9854736328125
2024-06-05 18:00:00,3290.3076171875,3023.86474609375,2363.949462890625
2024-06-05 19:00:00,3518.076171875,3023.86474609375,2363.949462890625
2024-06-05 20:00:00,4039.18798828125,3271.795654296875,2938.246337890625
2024-06-05 21:00:00,4391.02197265625,4251.62841796875,3351.2626953125
2024-06-05 22:00:00,4837.63818359375,4380.8701171875,3358.246826171875
2024-06-05 23:00:00,5006.8642578125,4563.02490234375,3940.90869140625
2024-06-06 00:00:00,4936.041015625,4565.984375,3712.0052490234375
2024-06-06 01:00:00,5086.32470703125,4705.9569091796875,2899.5235595703125
2024-06-06 02:00:00,5935.7314453125,5408.603515625,3290.822998046875
2024-06-06 03:00:00,5935.7314453125,5408.603515625,3290.822998046875
2024-06-06 04:00:00,4591.3828125,3823.57275390625,2199.609619140625
2024-06-06 05:00:00,3855.46923828125,3823.57275390625,2199.609619140625
2024-06-06 06:00:00,3427.5283203125,3917.694091796875,2340.785400390625
2024-06-06 07:00:00,3409.329345703125,3917.694091796875,2340.785400390625
2024-06-06 08:00:00,2893.165283203125,3477.64013671875,2311.421875
2024-06-06 09:00:00,2529.732666015625,3369.85888671875,2147.67041015625
2024-06-06 10:00:00,2226.8408203125,2548.30859375,1781.0458984375
2024-06-06 11:00:00,2226.8408203125,2548.30859375,1781.0458984375
2024-06-06 12:00:00,2418.063720703125,2637.925048828125,1864.2501220703125
2024-06-06 13:00:00,2466.01025390625,2637.925048828125,1935.3397216796875
2024-06-06 14:00:00,2570.736572265625,2637.925048828125,1935.3397216796875
2024-06-06 15:00:00,2998.853759765625,2771.01123046875,2772.1533203125
2024-06-06 16:00:00,2998.853759765625,2905.398681640625,2772.1533203125
2024-06-06 17:00:00,2927.245849609375,2905.398681640625,2052.38671875
2024-06-06 18:00:00,2927.245849609375,2905.398681640625,2052.38671875
2024-06-06 19:00:00,3307.8115234375,3436.38134765625,2823.9619140625
2024-06-06 20:00:00,3307.8115234375,3512.432861328125,3001.5986328125
2024-06-06 21:00:00,3919.7919921875,4037.031982421875,3061.427490234375
2024-06-06 22:00:00,3919.7919921875,4123.3017578125,3123.77587890625
2024-06-06 23:00:00,4378.6376953125,5001.07958984375,4113.68505859375
2024-06-07 00:00:00,4970.447509765625,5288.040283203125,4434.497802734375
2024-06-07 01:00:00,4352.0887451171875,4004.112548828125,3016.4422607421875
2024-06-07 02:00:00,4788.8994140625,4330.17724609375,3482.25830078125
2024-06-07 03:00:00,5195.58203125,5004.62353515625,3723.55078125
2024-06-07 04:00:00,5195.58203125,5596.953125,4856.84033203125
2024-06-07 05:00:00,5100.77099609375,5596.953125,4856.84033203125
2024-06-07 06:00:00,4113.703125,4708.76416015625,4225.87353515625
2024-06-07 07:00:00,3468.046875,4451.3359375,3362.4404296875
2024-06-07 08:00:00,2879.8662109375,3710.789794921875,2784.64501953125
2024-06-07 09:00:00,2722.486328125,3258.430908203125,2374.1767578125
2024-06-07 10:00:00,2590.980712890625,2628.21533203125,2145.01416015625
2024-06-07 11:00:00,2471.078125,2505.724365234375,2015.4383544921875
2024-06-07 12:00:00,2471.078125,2505.724365234375,1988.86962890625
2024-06-07 13:00:00,2496.07421875,2505.724365234375,1988.86962890625
2024-06-07 14:00:00,2570.3837890625,2466.08447265625,1745.1573486328125
2024-06-07 15:00:00,2570.3837890625,2466.08447265625,1739.996826171875
2024-06-07 16:00:00,2570.3837890625,2567.05126953125,1724.899169921875
2024-06-07 17:00:00,2691.826171875,2630.2041015625,1739.996826171875
2024-06-07 18:00:00,2691.826171875,3025.193603515625,1969.632568359375
2024-06-07 19:00:00,3330.387939453125,4140.625,2528.9404296875
2024-06-07 20:00:00,4421.37841796875,5762.6923828125,3500.620849609375
2024-06-07 21:00:00,5282.48046875,6249.20361328125,3865.2451171875
2024-06-07 22:00:00,6668.65185546875,8446.5166015625,5803.29296875
2024-06-07 23:00:00,7705.58740234375,8873.8759765625,6137.91748046875
2024-06-08 00:00:00,7805.126220703125,9740.0810546875,6630.438232421875
2024-06-08 01:00:00,7452.729248046875,7987.856689453125,6487.0634765625
2024-06-08 02:00:00,7452.7060546875,7912.5791015625,6442.63671875
2024-06-08 03:00:00,7452.7060546875,7912.5791015625,6418.54833984375
2024-06-08 04:00:00,7517.16064453125,9038.21875,6418.54833984375
2024-06-08 05:00:00,7885.80126953125,9765.955078125,6635.33642578125
2024-06-08 06:00:00,7836.29443359375,10335.5830078125,6808.78662109375
2024-06-08 07:00:00,7836.29443359375,10405.3759765625,6953.36376953125
2024-06-08 08:00:00,7752.27587890625,10405.3759765625,6953.36376953125
2024-06-08 09:00:00,6057.82666015625,8992.37109375,5223.77880859375
2024-06-08 10:00:00,5476.021484375,7958.52490234375,4623.74072265625
2024-06-08 11:00:00,4899.5771484375,7426.87451171875,3955.958984375
2024-06-08 12:00:00,5476.021484375,7958.52490234375,4623.74072265625
2024-06-08 13:00:00,6311.412109375,7221.6943359375,5687.12646484375
2024-06-08 14:00:00,6316.1748046875,7849.34228515625,6194.10302734375
2024-06-08 15:00:00,6311.412109375,7221.6943359375,5817.9609375
2024-06-08 16:00:00,6316.1748046875,7191.2490234375,6194.10302734375
2024-06-08 17:00:00,6149.52734375,6977.611328125,5817.9609375
2024-06-08 18:00:00,6782.26708984375,7191.2490234375,6100.732421875
2024-06-08 19:00:00,7210.7412109375,8478.9599609375,6100.732421875
2024-06-08 20:00:00,7507.4267578125,9956.4482421875,7209.99267578125
2024-06-08 21:00:00,7713.40283203125,11397.7734375,8101.82177734375
2024-06-08 22:00:00,9459.865234375,12580.53125,10013.109375
2024-06-08 23:00:00,10798.9404296875,13791.9052734375,10656.0205078125
2024-06-09 00:00:00,11589.6689453125,14089.61962890625,11461.732421875
2024-06-09 01:00:00,9950.86669921875,11658.9267578125,9215.267578125
2024-06-09 02:00:00,10050.802734375,11315.54296875,9355.8330078125
2024-06-09 03:00:00,10226.2568359375,10907.65625,9325.525390625
2024-06-09 04:00:00,10514.43359375,10902.5791015625,9325.525390625
2024-06-09 05:00:00,10514.43359375,10038.703125,8607.2744140625
2024-06-09 06:00:00,10220.283203125,9737.8916015625,8283.203125
2024-06-09 07:00:00,8386.98828125,8011.19287109375,7251.19970703125
2024-06-09 08:00:00,6487.15380859375,6288.33642578125,5094.0439453125
2024-06-09 09:00:00,5371.44482421875,5084.548828125,3833.185302734375
2024-06-09 10:00:00,4043.778076171875,3601.99658203125,2889.5615234375
2024-06-09 11:00:00,2905.69775390625,2908.864013671875,2120.17822265625
2024-06-09 12:00:00,2905.69775390625,2908.864013671875,2120.17822265625
2024-06-09 13:00:00,3044.343994140625,2935.95263671875,2278.319580078125
2024-06-09 14:00:00,3046.12109375,3355.17724609375,2278.319580078125
2024-06-09 15:00:00,3326.702392578125,3414.337890625,2189.21142578125
2024-06-09 16:00:00,3427.07373046875,3414.337890625,2153.557861328125
2024-06-09 17:00:00,3581.662841796875,3415.82421875,2189.21142578125
2024-06-09 18:00:00,3602.629150390625,3415.82421875,2529.699462890625
2024-06-09 19:00:00,4033.5732421875,4162.02978515625,3259.225830078125
2024-06-09 20:00:00,4866.05126953125,5476.86962890625,4281.06884765625
2024-06-09 21:00:00,6057.10009765625,6787.55029296875,4924.9990234375
2024-06-09 22:00:00,9710.2021484375,10304.8994140625,7097.61962890625
2024-06-09 23:00:00,11155.5771484375,11722.701171875,8000.29296875
2024-06-10 00:00:00,11500.93212890625,12286.60693359375,8878.9619140625
2024-06-10 01:00:00,13833.3876953125,15589.39013671875,12292.68310546875
2024-06-10 02:00:00,14219.5830078125,15827.4755859375,11993.4638671875
2024-06-10 03:00:00,14219.5830078125,15827.4755859375,11921.4638671875
2024-06-10 04:00:00,13724.9560546875,15123.1943359375,11541.07421875
2024-06-10 05:00:00,11555.5537109375,13814.5478515625,9879.1416015625
2024-06-10 06:00:00,11172.6494140625,12647.3515625,8823.552734375
2024-06-10 07:00:00,8538.912109375,11540.1025390625,7034.197265625
2024-06-10 08:00:00,8477.814453125,10754.6318359375,6864.7509765625
2024-06-10 09:00:00,6595.53759765625,8324.5224609375,5790.70068359375
2024-06-10 10:00:00,5827.43408203125,6627.5146484375,4663.40869140625
2024-06-10 11:00:00,5827.43408203125,6037.359375,4054.76611328125
2024-06-10 12:00:00,5942.404296875,5919.9814453125,4037.657470703125
2024-06-10 13:00:00,5942.404296875,5453.7265625,3799.267578125
2024-06-10 14:00:00,5711.0517578125,4936.74267578125,3621.1318359375
2024-06-10 15:00:00,5707.05615234375,4936.74267578125,3621.1318359375
2024-06-10 16:00:00,5707.05615234375,5264.75830078125,3706.82080078125
2024-06-10 17:00:00,5545.927734375,5537.64404296875,3715.8173828125
2024-06-10 18:00:00,5545.927734375,5767.14599609375,4087.03369140625
2024-06-10 19:00:00,6040.79736328125,6992.640625,4678.62255859375
2024-06-10 20:00:00,7045.90234375,7682.11181640625,4842.3349609375
2024-06-10 21:00:00,8665.7685546875,10998.67578125,7900.8251953125
2024-06-10 22:00:00,10770.4248046875,12666.2119140625,10295.2578125
2024-06-10 23:00:00,11260.8994140625,12700.8623046875,10425.8330078125
2024-06-11 00:00:00,12375.3349609375,13585.880859375,11518.06640625
2024-06-11 01:00:00,14628.6513671875,15772.8212890625,13974.40283203125
2024-06-11 02:00:00,14584.9697265625,15902.068359375,13974.5
2024-06-11 03:00:00,14769.6171875,16129.783203125,13974.3056640625
2024-06-11 04:00:00,14584.9697265625,16269.013671875,13400.072265625
2024-06-11 05:00:00,14175.2392578125,16129.783203125,12651.2451171875
2024-06-11 06:00:00,14084.0361328125,16054.4404296875,11869.6953125
2024-06-11 07:00:00,12307.6279296875,12282.791015625,9400.404296875
2024-06-11 08:00:00,8171.25,7282.3359375,5515.89453125
2024-06-11 09:00:00,5122.00634765625,4594.5361328125,3343.082275390625
2024-06-11 10:00:00,3564.197509765625,3563.77001953125,2814.043212890625
2024-06-11 11:00:00,3117.710693359375,3268.720947265625,2415.19384765625
2024-06-11 12:00:00,3102.790283203125,3268.720947265625,2356.761962890625
2024-06-11 13:00:00,3102.790283203125,3214.973388671875,2315.688232421875
2024-06-11 14:00:00,3112.486083984375,3056.919677734375,2233.72021484375
2024-06-11 15:00:00,3201.4541015625,3056.919677734375,2213.047607421875
2024-06-11 16:00:00,3241.473876953125,3137.5322265625,2233.72021484375
2024-06-11 17:00:00,3767.3955078125,3254.562744140625,2379.746826171875
2024-06-11 18:00:00,4094.0654296875,3691.796630859375,3133.983154296875
2024-06-11 19:00:00,4845.724609375,5009.03759765625,3133.983154296875
2024-06-11 20:00:00,5335.41357421875,5811.68212890625,3930.105712890625
2024-06-11 21:00:00,5591.94287109375,7163.0390625,4472.78125
2024-06-11 22:00:00,8898.08984375,8574.953125,6523.537109375
2024-06-11 23:00:00,11580.1796875,10606.5185546875,8249.2705078125
2024-06-12 00:00:00,12119.8818359375,10945.85791015625,8948.40478515625
2024-06-12 01:00:00,11483.94287109375,10330.16064453125,7831.029052734375
2024-06-12 02:00:00,11316.4013671875,10289.1015625,7851.14404296875
2024-06-12 03:00:00,11336.0400390625,10591.939453125,7899.27734375
2024-06-12 04:00:00,11336.0400390625,10560.166015625,7851.14404296875
2024-06-12 05:00:00,11336.0400390625,10560.166015625,7837.908203125
2024-06-12 06:00:00,10627.9814453125,9917.626953125,6875.42138671875
2024-06-12 07:00:00,8012.3916015625,8418.87890625,5532.26708984375
2024-06-12 08:00:00,6893.2490234375,6060.11865234375,3719.4990234375
2024-06-12 09:00:00,4439.146484375,4104.5361328125,2914.998046875
2024-06-12 10:00:00,3433.885009765625,3092.911376953125,2549.655029296875
2024-06-12 11:00:00,3282.103271484375,2882.739501953125,2233.915771484375
2024-06-12 12:00:00,2971.204345703125,2882.739501953125,2299.86962890625
2024-06-12 13:00:00,2764.06005859375,2743.56005859375,2237.857666015625
2024-06-12 14:00:00,2586.964599609375,2631.992919921875,2237.857666015625
2024-06-12 15:00:00,2586.964599609375,2631.992919921875,1987.8782958984375
2024-06-12 16:00:00,3252.740478515625,3103.907958984375,1987.8782958984375
2024-06-12 17:00:00,3394.842041015625,3926.532958984375,2361.868896484375
2024-06-12 18:00:00,3782.116943359375,3938.34521484375,2389.450439453125
2024-06-12 19:00:00,3782.116943359375,4064.760498046875,2766.443359375
2024-06-12 20:00:00,6165.00244140625,6014.4072265625,3668.840576171875
2024-06-12 21:00:00,6291.1240234375,6542.79736328125,4018.480224609375
2024-06-12 22:00:00,6837.8544921875,6646.486328125,4824.16455078125
2024-06-12 23:00:00,6837.8544921875,6646.486328125,4824.16455078125
2024-06-13 00:00:00,6258.852783203125,5997.13720703125,4652.28564453125
2024-06-13 01:00:00,5029.852783203125,6023.767333984375,3962.2589111328125
2024-06-13 02:00:00,4988.66064453125,5745.8408203125,3980.533447265625
2024-06-13 03:00:00,4656.00048828125,4683.5283203125,3980.533447265625
2024-06-13 04:00:00,4649.7939453125,4595.41748046875,3764.821533203125
2024-06-13 05:00:00,4468.67041015625,4595.41748046875,3145.5771484375
2024-06-13 06:00:00,4184.63232421875,4290.88330078125,3072.82861328125
2024-06-13 07:00:00,4016.026611328125,4290.38916015625,2935.02197265625
2024-06-13 08:00:00,3067.99169921875,3326.813232421875,2159.607177734375
2024-06-13 09:00:00,2851.42529296875,3221.217041015625,2159.607177734375
2024-06-13 10:00:00,2851.42529296875,3221.217041015625,2354.214599609375
2024-06-13 11:00:00,3000.8623046875,3360.787109375,2467.945556640625
2024-06-13 12:00:00,3346.405029296875,3360.787109375,2565.99365234375
2024-06-13 13:00:00,3451.56591796875,3078.94384765625,2650.657958984375
2024-06-13 14:00:00,3770.19287109375,3078.94384765625,2773.478271484375
2024-06-13 15:00:00,3770.19287109375,3074.29736328125,2773.478271484375
2024-06-13 16:00:00,3010.158935546875,3065.272216796875,2374.05908203125
2024-06-13 17:00:00,3010.158935546875,3065.272216796875,2152.69873046875
2024-06-13 18:00:00,3182.281494140625,3261.181640625,2145.959228515625
2024-06-13 19:00:00,3182.281494140625,3261.181640625,2152.69873046875
2024-06-13 20:00:00,3182.281494140625,3383.971923828125,2504.7529296875
2024-06-13 21:00:00,3210.477294921875,3501.4658203125,2574.778076171875
2024-06-13 22:00:00,3667.993896484375,4206.375,2918.447998046875
2024-06-13 23:00:00,4084.8056640625,4673.9228515625,2961.433349609375
2024-06-14 00:00:00,4493.97412109375,4931.921875,3065.234619140625
2024-06-14 01:00:00,4881.712158203125,5406.766845703125,2990.3092041015625
2024-06-14 02:00:00,5144.998046875,6180.4814453125,3328.336669921875
2024-06-14 03:00:00,5606.73583984375,6258.275390625,3613.973388671875
2024-06-14 04:00:00,6366.60888671875,7679.080078125,4547.41015625
2024-06-14 05:00:00,6587.85595703125,7679.080078125,5193.24365234375
2024-06-14 06:00:00,6366.60888671875,7382.810546875,4868.14892578125
2024-06-14 07:00:00,6102.6357421875,5847.779296875,4868.14892578125
2024-06-14 08:00:00,4692.91845703125,4634.5947265625,3132.277099609375
2024-06-14 09:00:00,3548.01171875,3481.4208984375,2783.9052734375
2024-06-14 10:00:00,2763.77587890625,3481.4208984375,2571.72119140625
2024-06-14 11:00:00,2655.94287109375,3423.521484375,2262.59716796875
2024-06-14 12:00:00,2610.28955078125,3423.521484375,2025.976806640625
2024-06-14 13:00:00,2655.94287109375,3423.521484375,2025.976806640625
2024-06-14 14:00:00,3022.172119140625,3417.616943359375,2494.8017578125
2024-06-14 15:00:00,3059.9072265625,3417.616943359375,2494.8017578125
2024-06-14 16:00:00,3059.9072265625,3219.306640625,2258.05224609375
2024-06-14 17:00:00,3285.10595703125,3219.306640625,2020.2052001953125
2024-06-14 18:00:00,3336.22998046875,3675.07861328125,2020.2052001953125
2024-06-14 19:00:00,3810.410400390625,3823.337158203125,2116.251953125
2024-06-14 20:00:00,5266.63916015625,5287.93115234375,3571.688232421875
2024-06-14 21:00:00,5910.6083984375,6543.515625,4380.802734375
2024-06-14 22:00:00,7192.60986328125,8514.9296875,6012.79638671875
2024-06-14 23:00:00,7335.701171875,9723.8544921875,6787.68798828125
2024-06-15 00:00:00,7778.464599609375,9119.39208984375,6950.4716796875
2024-06-15 01:00:00,5715.07568359375,5732.09326171875,3420.6827392578125
2024-06-15 02:00:00,5532.04833984375,5515.2021484375,3541.79345703125
2024-06-15 03:00:00,5473.0517578125,5169.87353515625,3299.572021484375
2024-06-15 04:00:00,5295.767578125,4940.830078125,3077.214599609375
2024-06-15 05:00:00,5068.2412109375,4940.830078125,3077.214599609375
2024-06-15 06:00:00,4851.83984375,5127.69384765625,2757.29345703125
2024-06-15 07:00:00,4851.83984375,5127.69384765625,2610.0380859375
2024-06-15 08:00:00,3963.6005859375,3257.95458984375,2415.41650390625
2024-06-15 09:00:00,3494.55322265625,3207.495849609375,2415.41650390625
2024-06-15 10:00:00,3494.55322265625,3207.495849609375,2568.845458984375
2024-06-15 11:00:00,3266.198486328125,3273.73828125,2568.845458984375
2024-06-15 12:00:00,3266.198486328125,3273.73828125,2305.6318359375
2024-06-15 13:00:00,3088.051513671875,2910.52197265625,1683.418701171875
2024-06-15 14:00:00,2863.083251953125,2910.52197265625,1683.418701171875
2024-06-15 15:00:00,2984.185302734375,2973.337646484375,2049.20556640625
2024-06-15 16:00:00,2984.185302734375,3392.62841796875,2398.282470703125
2024-06-15 17:00:00,3371.108642578125,3755.536376953125,2590.998291015625
2024-06-15 18:00:00,3566.228759765625,3832.740478515625,2590.998291015625
2024-06-15 19:00:00,4148.35107421875,4086.04345703125,2668.932373046875
2024-06-15 20:00:00,4518.583984375,4113.01318359375,2720.92138671875
2024-06-15 21:00:00,5335.48388671875,5982.365234375,4075.905517578125
2024-06-15 22:00:00,7750.37255859375,10238.54296875,7963.82177734375
2024-06-15 23:00:00,9163.6396484375,11205.53515625,7970.103515625
2024-06-16 00:00:00,9314.109375,11469.2705078125,8367.08984375
2024-06-16 01:00:00,7160.44580078125,9260.28759765625,5898.61328125
2024-06-16 02:00:00,7676.78955078125,10247.9248046875,6561.39111328125
2024-06-16 03:00:00,8610.947265625,11420.4072265625,7988.0068359375
2024-06-16 04:00:00,9735.322265625,11420.4072265625,8475.6748046875
2024-06-16 05:00:00,9735.322265625,11181.185546875,8475.6748046875
2024-06-16 06:00:00,9564.7236328125,10414.8125,8399.5576171875
2024-06-16 07:00:00,9352.6669921875,10412.0908203125,8312.517578125
2024-06-16 08:00:00,8819.7783203125,9141.3017578125,6906.1298828125
2024-06-16 09:00:00,8441.7080078125,7162.30712890625,4969.55322265625
2024-06-16 10:00:00,6850.34423828125,5396.11376953125,3902.172119140625
2024-06-16 11:00:00,6061.78857421875,5250.0625,3902.172119140625
2024-06-16 12:00:00,5994.01953125,5250.0625,3836.353759765625
2024-06-16 13:00:00,5778.51318359375,5250.0625,3836.353759765625
2024-06-16 14:00:00,5778.51318359375,5279.35888671875,3836.353759765625
2024-06-16 15:00:00,6775.63232421875,6159.39013671875,4060.057373046875
2024-06-16 16:00:00,6775.63232421875,6203.17333984375,4813.26318359375
2024-06-16 17:00:00,6921.31982421875,6284.0869140625,4882.11279296875
2024-06-16 18:00:00,6921.31982421875,6284.0869140625,5160.29150390625
2024-06-16 19:00:00,7382.2900390625,6720.890625,5325.54296875
2024-06-16 20:00:00,7659.11865234375,7150.00439453125,5865.9599609375
2024-06-16 21:00:00,8554.6533203125,8226.599609375,7150.05810546875
2024-06-16 22:00:00,8624.826171875,9127.2412109375,8558.947265625
2024-06-16 23:00:00,9619.9306640625,10047.95703125,9526.8125
2024-06-17 00:00:00,10380.6142578125,11514.4111328125,10165.0625
2024-06-17 01:00:00,13539.373046875,13702.33837890625,12264.6025390625
2024-06-17 02:00:00,13656.564453125,14001.9833984375,12099.78125
2024-06-17 03:00:00,13831.9599609375,14065.837890625,12505.1455078125
2024-06-17 04:00:00,14279.5419921875,16298.8466796875,12725.1279296875
2024-06-17 05:00:00,14709.6005859375,16298.8466796875,12725.1279296875
2024-06-17 06:00:00,14709.6005859375,15417.7822265625,12223.3896484375
2024-06-17 07:00:00,11737.0712890625,12597.2578125,10169.3486328125
2024-06-17 08:00:00,10371.0068359375,11079.048828125,8582.67578125
2024-06-17 09:00:00,9095.32421875,9380.439453125,7703.5966796875
2024-06-17 10:00:00,8493.802734375,8958.23828125,6984.056640625
2024-06-17 11:00:00,5697.64892578125,5281.7216796875,3874.132080078125
2024-06-17 12:00:00,4651.57080078125,4078.82861328125,3320.151123046875
2024-06-17 13:00:00,4486.873046875,4072.73974609375,2953.37744140625
2024-06-17 14:00:00,4601.0146484375,4078.82861328125,3320.151123046875
2024-06-17 15:00:00,4601.0146484375,4466.58837890625,3592.982177734375
2024-06-17 16:00:00,4940.29248046875,5157.40185546875,4490.85498046875
2024-06-17 17:00:00,6058.39599609375,5741.41162109375,4854.23681640625
2024-06-17 18:00:00,6382.6201171875,6772.0263671875,5070.427734375
2024-06-17 19:00:00,7831.49951171875,8455.759765625,6317.27294921875
2024-06-17 20:00:00,9667.81640625,9829.359375,8031.67919921875
2024-06-17 21:00:00,11806.5830078125,11212.7294921875,9841.6796875
2024-06-17 22:00:00,11806.5830078125,12790.3212890625,10466.822265625
2024-06-17 23:00:00,10726.0673828125,12798.4130859375,10466.822265625
2024-06-18 00:00:00,10629.9912109375,12794.3671875,9924.34033203125
2024-06-18 01:00:00,13348.853515625,14100.7421875,11297.17138671875
2024-06-18 02:00:00,13168.853515625,14003.818359375,11074.044921875
2024-06-18 03:00:00,10941.5927734375,11888.3818359375,9643.7470703125
2024-06-18 04:00:00,9065.0693359375,10142.7861328125,7431.77783203125
2024-06-18 05:00:00,8516.2119140625,9994.79296875,7063.01025390625
2024-06-18 06:00:00,7985.8095703125,8631.4560546875,6054.65576171875
2024-06-18 07:00:00,6869.7265625,7506.0107421875,5311.9580078125
2024-06-18 08:00:00,5666.18115234375,6470.50830078125,4504.99169921875
2024-06-18 09:00:00,4049.7119140625,4612.45947265625,3007.505859375
2024-06-18 10:00:00,3129.76806640625,3613.353759765625,2365.521484375
2024-06-18 11:00:00,3129.76806640625,3330.40185546875,2365.521484375
2024-06-18 12:00:00,3208.75244140625,3257.654541015625,2250.189453125
2024-06-18 13:00:00,3257.966796875,3086.3427734375,2250.189453125
2024-06-18 14:00:00,3257.966796875,3086.3427734375,2250.189453125
2024-06-18 15:00:00,3572.956787109375,3460.432373046875,2555.09326171875
2024-06-18 16:00:00,4190.60498046875,3460.525390625,2578.51220703125
2024-06-18 17:00:00,5035.84130859375,5127.02392578125,3377.783447265625
2024-06-18 18:00:00,6364.55859375,6689.2216796875,3722.19677734375
2024-06-18 19:00:00,7693.50244140625,9890.24609375,7212.15771484375
2024-06-18 20:00:00,11768.5849609375,11708.2802734375,9774.8076171875
2024-06-18 21:00:00,12618.5244140625,13309.1220703125,11367.173828125
2024-06-18 22:00:00,13560.205078125,14296.2783203125,12234.2783203125
2024-06-18 23:00:00,13560.205078125,14296.2783203125,12234.2783203125
2024-06-19 00:00:00,13216.787109375,13651.091796875,11502.14453125
2024-06-19 01:00:00,10447.72900390625,11705.38232421875,8774.3095703125
2024-06-19 02:00:00,9284.6796875,11106.6669921875,8004.1220703125
2024-06-19 03:00:00,8892.1552734375,10133.9423828125,7018.65478515625
2024-06-19 04:00:00,8696.921875,9689.6728515625,6976.54833984375
2024-06-19 05:00:00,8171.56689453125,9483.4296875,6976.54833984375
2024-06-19 06:00:00,7008.154296875,7203.37646484375,4940.80419921875
2024-06-19 07:00:00,5868.73291015625,5614.63134765625,3618.220458984375
2024-06-19 08:00:00,3711.03662109375,4210.71435546875,2956.966796875
2024-06-19 09:00:00,3297.49609375,3423.734375,2956.966796875
2024-06-19 10:00:00,3278.799560546875,3247.41943359375,2965.261474609375
2024-06-19 11:00:00,3278.799560546875,3247.41943359375,3166.811767578125
2024-06-19 12:00:00,3278.799560546875,3185.414306640625,3166.811767578125
2024-06-19 13:00:00,3080.43408203125,3025.861328125,2603.448974609375
2024-06-19 14:00:00,3080.43408203125,2805.657470703125,2601.77587890625
2024-06-19 15:00:00,3080.43408203125,2805.657470703125,2601.77587890625
2024-06-19 16:00:00,3037.842529296875,3417.673095703125,2611.682373046875
2024-06-19 17:00:00,3037.842529296875,3586.296630859375,2611.682373046875
2024-06-19 18:00:00,3311.10009765625,3668.338134765625,2604.27099609375
2024-06-19 19:00:00,3823.991455078125,3861.960205078125,2569.6650390625
2024-06-19 20:00:00,3949.368408203125,3861.960205078125,2569.6650390625
2024-06-19 21:00:00,4538.2578125,3861.960205078125,2569.6650390625
2024-06-19 22:00:00,5086.9130859375,5653.26513671875,4081.998046875
2024-06-19 23:00:00,5521.9853515625,5810.6376953125,4181.6826171875
2024-06-20 00:00:00,5304.44921875,5832.884765625,4365.78173828125
2024-06-20 01:00:00,6019.669677734375,5761.39013671875,4030.0684814453125
2024-06-20 02:00:00,6161.8818359375,5735.26806640625,4222.4716796875
2024-06-20 03:00:00,5877.45751953125,5735.26806640625,4222.4716796875
2024-06-20 04:00:00,4454.29345703125,5012.966796875,3279.956298828125
2024-06-20 05:00:00,3941.902099609375,4522.3115234375,3279.956298828125
2024-06-20 06:00:00,3823.840576171875,4235.22314453125,3279.956298828125
2024-06-20 07:00:00,3218.37109375,3241.0693359375,2759.95751953125
2024-06-20 08:00:00,3129.11279296875,3201.6806640625,2451.50537109375
2024-06-20 09:00:00,3129.11279296875,3168.59521484375,2299.981201171875
2024-06-20 10:00:00,3285.973388671875,3135.298095703125,2285.79833984375
2024-06-20 11:00:00,3471.403076171875,3034.0966796875,2285.79833984375
2024-06-20 12:00:00,3471.403076171875,3034.0966796875,2213.18408203125
2024-06-20 13:00:00,3246.700927734375,3034.0966796875,2289.509521484375
2024-06-20 14:00:00,2925.498779296875,3088.433349609375,2270.620361328125
2024-06-20 15:00:00,2930.70751953125,3088.433349609375,2270.620361328125
2024-06-20 16:00:00,2831.544189453125,2957.7958984375,2118.443115234375
2024-06-20 17:00:00,2644.922607421875,2957.7958984375,2118.443115234375
2024-06-20 18:00:00,2644.922607421875,3109.141357421875,2341.887939453125
2024-06-20 19:00:00,3335.8603515625,3918.381591796875,2918.35888671875
2024-06-20 20:00:00,3919.884765625,4780.14111328125,3351.430419921875
2024-06-20 21:00:00,4235.56396484375,4858.23193359375,3700.034423828125
2024-06-20 22:00:00,5547.40673828125,6037.67919921875,4650.37548828125
2024-06-20 23:00:00,5656.08935546875,6037.67919921875,4650.37548828125
2024-06-21 00:00:00,5871.177978515625,5576.1513671875,4242.280029296875
2024-06-21 01:00:00,3892.982666015625,3414.447509765625,2371.7275390625
2024-06-21 02:00:00,3932.314453125,3281.999267578125,2375.6064453125
2024-06-21 03:00:00,4205.18603515625,3281.999267578125,2696.041748046875
2024-06-21 04:00:00,4205.18603515625,3482.508544921875,2920.13427734375
2024-06-21 05:00:00,4153.65185546875,4011.100341796875,3041.073974609375
2024-06-21 06:00:00,3960.24755859375,4312.4033203125,2998.3623046875
2024-06-21 07:00:00,3482.536865234375,4312.4033203125,2998.3623046875
2024-06-21 08:00:00,3452.5537109375,3490.177734375,2317.895263671875
2024-06-21 09:00:00,3372.997314453125,3268.258056640625,2208.28662109375
2024-06-21 10:00:00,3372.997314453125,3134.6708984375,2208.28662109375
2024-06-21 11:00:00,3376.0791015625,3122.96533203125,2367.72216796875
2024-06-21 12:00:00,3558.51025390625,3122.96533203125,2486.086181640625
2024-06-21 13:00:00,3409.4716796875,3418.933837890625,2486.086181640625
2024-06-21 14:00:00,3479.3486328125,3418.933837890625,2419.863525390625
2024-06-21 15:00:00,3409.4716796875,3397.36279296875,2377.662353515625
2024-06-21 16:00:00,3137.294189453125,3197.486083984375,2173.009765625
2024-06-21 17:00:00,3078.96630859375,3083.106689453125,2173.009765625
2024-06-21 18:00:00,3078.96630859375,3083.106689453125,2351.75927734375
2024-06-21 19:00:00,3602.71923828125,3427.982177734375,2899.636474609375
2024-06-21 20:00:00,3639.05224609375,3460.078369140625,2998.837646484375
2024-06-21 21:00:00,4294.1044921875,4283.21142578125,3684.313232421875
2024-06-21 22:00:00,4294.1044921875,4664.9384765625,3684.313232421875
2024-06-21 23:00:00,4131.2373046875,4664.9384765625,3506.429443359375
2024-06-22 00:00:00,4046.4974365234375,4561.293701171875,3402.0029296875
2024-06-22 01:00:00,4401.19580078125,4369.9051513671875,2910.7257080078125
2024-06-22 02:00:00,4336.451171875,4059.543212890625,2566.081787109375
2024-06-22 03:00:00,3834.193115234375,4059.543212890625,2705.447265625
2024-06-22 04:00:00,3537.27880859375,4059.543212890625,2705.447265625
2024-06-22 05:00:00,3676.887939453125,4049.504150390625,2705.447265625
2024-06-22 06:00:00,3512.922119140625,3922.361328125,2676.1318359375
2024-06-22 07:00:00,3377.7392578125,3819.70849609375,2299.2626953125
2024-06-22 08:00:00,3349.23095703125,3425.513671875,2246.644775390625
2024-06-22 09:00:00,3349.23095703125,3425.513671875,2235.622802734375
2024-06-22 10:00:00,3494.293701171875,3527.67041015625,2235.622802734375
2024-06-22 11:00:00,3800.671630859375,3579.19384765625,2235.622802734375
2024-06-22 12:00:00,3800.671630859375,3882.869140625,2621.340087890625
2024-06-22 13:00:00,3659.68603515625,3851.270751953125,2621.340087890625
2024-06-22 14:00:00,3659.68603515625,3851.270751953125,2621.340087890625
2024-06-22 15:00:00,3659.68603515625,3480.216552734375,2904.864501953125
2024-06-22 16:00:00,3634.72998046875,3480.216552734375,2904.864501953125
2024-06-22 17:00:00,3634.72998046875,3512.684814453125,3029.475341796875
2024-06-22 18:00:00,3631.55908203125,3612.376220703125,3029.475341796875
2024-06-22 19:00:00,3861.8359375,3612.376220703125,2716.849853515625
2024-06-22 20:00:00,3583.50244140625,3800.65380859375,2716.849853515625
2024-06-22 21:00:00,3861.8359375,3811.964111328125,2922.333984375
2024-06-22 22:00:00,5177.83349609375,6093.38330078125,3387.498779296875
2024-06-22 23:00:00,5335.30615234375,6093.38330078125,4195.28076171875
2024-06-23 00:00:00,5524.495361328125,6474.0517578125,4377.336669921875
2024-06-23 01:00:00,3865.7816162109375,3987.3641357421875,2655.820556640625
2024-06-23 02:00:00,3294.397216796875,3289.156494140625,2244.275634765625
2024-06-23 03:00:00,3294.397216796875,3289.156494140625,2244.275634765625
2024-06-23 04:00:00,3340.225830078125,3291.912353515625,2242.79248046875
2024-06-23 05:00:00,3340.98583984375,3291.912353515625,2360.562744140625
2024-06-23 06:00:00,3340.98583984375,3291.912353515625,2397.64599609375
2024-06-23 07:00:00,3209.0732421875,3207.90478515625,2397.64599609375
2024-06-23 08:00:00,3209.0732421875,3389.31591796875,2397.64599609375
2024-06-23 09:00:00,3349.311767578125,3840.722900390625,2458.06005859375
2024-06-23 10:00:00,3386.3359375,3878.86669921875,2770.427490234375
2024-06-23 11:00:00,3653.016845703125,4172.314453125,3050.945556640625
2024-06-23 12:00:00,3977.68212890625,4546.19677734375,3050.945556640625
2024-06-23 13:00:00,4052.1875,5109.49951171875,3281.984375
2024-06-23 14:00:00,4513.083984375,5109.49951171875,3387.698974609375
2024-06-23 15:00:00,4998.80126953125,5344.86376953125,4422.42529296875
2024-06-23 16:00:00,5420.4423828125,5572.55029296875,4465.48779296875
2024-06-23 17:00:00,6019.74755859375,6113.96826171875,5042.50439453125
2024-06-23 18:00:00,6254.32080078125,6835.27734375,5402.3759765625
2024-06-23 19:00:00,7101.30908203125,7464.62841796875,5757.34033203125
2024-06-23 20:00:00,7384.56005859375,8253.3681640625,6154.1162109375
2024-06-23 21:00:00,7384.56005859375,8518.7333984375,6154.1162109375
2024-06-23 22:00:00,7923.36083984375,8671.578125,6417.14453125
2024-06-23 23:00:00,8072.4091796875,10418.126953125,7562.07080078125
2024-06-24 00:00:00,8144.9384765625,10507.59912109375,7609.498046875
2024-06-24 01:00:00,10074.544921875,12187.96923828125,9565.9677734375
2024-06-24 02:00:00,9930.75390625,11842.166015625,9380.7919921875
2024-06-24 03:00:00,9356.2197265625,11436.646484375,8477.9130859375
2024-06-24 04:00:00,9051.974609375,11436.646484375,8474.5654296875
2024-06-24 05:00:00,8883.9111328125,11436.646484375,8127.91552734375
2024-06-24 06:00:00,8513.8779296875,10895.4912109375,8127.91552734375
2024-06-24 07:00:00,7917.84375,10512.6494140625,7314.474609375
2024-06-24 08:00:00,7693.7373046875,9320.6162109375,5835.04052734375
2024-06-24 09:00:00,7169.26953125,8245.1572265625,5826.08447265625
2024-06-24 10:00:00,7169.26953125,8245.1572265625,5826.08447265625
2024-06-24 11:00:00,7248.1943359375,9992.654296875,6384.10009765625
2024-06-24 12:00:00,7771.2080078125,10493.4853515625,7036.654296875
2024-06-24 13:00:00,8542.49609375,11175.3017578125,9372.2197265625
2024-06-24 14:00:00,9798.322265625,12225.1494140625,9799.8427734375
2024-06-24 15:00:00,9923.24609375,12225.1494140625,10558.8251953125
2024-06-24 16:00:00,10354.28125,11606.0751953125,10708.09765625
2024-06-24 17:00:00,11309.626953125,11606.0751953125,11362.4736328125
2024-06-24 18:00:00,11687.3369140625,11970.0322265625,11671.248046875
2024-06-24 19:00:00,12152.99609375,12537.166015625,11930.849609375
2024-06-24 20:00:00,12378.306640625,12709.2548828125,12135.556640625
2024-06-24 21:00:00,12723.53125,13921.861328125,12390.775390625
2024-06-24 22:00:00,13110.4013671875,14710.345703125,12862.9716796875
2024-06-24 23:00:00,14810.0234375,15534.9248046875,14478.08984375
2024-06-25 00:00:00,16079.1591796875,17096.62744140625,15673.9443359375
2024-06-25 01:00:00,15894.033203125,17388.796875,15624.05712890625
2024-06-25 02:00:00,16646.78125,17425.486328125,16012.0830078125
2024-06-25 03:00:00,17023.01171875,17629.806640625,16623.392578125
2024-06-25 04:00:00,17023.01171875,17629.806640625,16623.392578125
2024-06-25 05:00:00,16888.70703125,17606.75,16381.9541015625
2024-06-25 06:00:00,16097.4755859375,17570.17578125,15994.2705078125
2024-06-25 07:00:00,15277.76953125,16977.240234375,15049.6650390625
2024-06-25 08:00:00,14439.0029296875,15999.7548828125,14766.974609375
2024-06-25 09:00:00,14105.7734375,15589.619140625,14682.9169921875
2024-06-25 10:00:00,13966.470703125,14238.736328125,12809.087890625
2024-06-25 11:00:00,13499.6611328125,14208.087890625,12026.35546875
2024-06-25 12:00:00,13043.96484375,14208.087890625,11335.080078125
2024-06-25 13:00:00,13025.953125,14052.0810546875,11243.3671875
2024-06-25 14:00:00,12419.5458984375,12406.5849609375,10109.1123046875
2024-06-25 15:00:00,9851.7216796875,10081.685546875,7909.91943359375
2024-06-25 16:00:00,8227.0419921875,9100.943359375,7289.90576171875
2024-06-25 17:00:00,6966.638671875,6400.421875,4767.57861328125
2024-06-25 18:00:00,6713.85009765625,6400.421875,4767.57861328125
2024-06-25 19:00:00,6068.29150390625,6462.73193359375,4146.51416015625
2024-06-25 20:00:00,5980.38623046875,7043.3505859375,4397.8564453125
2024-06-25 21:00:00,5980.38623046875,7043.3505859375,4397.8564453125
2024-06-25 22:00:00,7822.22607421875,8010.34521484375,6179.8251953125
2024-06-25 23:00:00,7822.22607421875,8010.34521484375,6179.8251953125
2024-06-26 00:00:00,7345.4267578125,7603.2080078125,6029.35302734375
2024-06-26 01:00:00,11191.0732421875,12481.25537109375,9582.17236328125
2024-06-26 02:00:00,10534.0341796875,11544.146484375,9218.0986328125
2024-06-26 03:00:00,9709.7265625,10250.396484375,8275.1337890625
2024-06-26 04:00:00,8545.3154296875,9548.5830078125,7773.51220703125
2024-06-26 05:00:00,8039.65087890625,8723.5009765625,6409.76025390625
2024-06-26 06:00:00,6881.17529296875,6930.966796875,5462.03271484375
2024-06-26 07:00:00,4681.591796875,5522.39794921875,3862.439453125
2024-06-26 08:00:00,3793.59228515625,4053.722900390625,2878.16796875
2024-06-26 09:00:00,3528.16455078125,3785.80224609375,2878.16796875
2024-06-26 10:00:00,3313.940185546875,3393.872802734375,2878.16796875
2024-06-26 11:00:00,3132.173583984375,3188.654052734375,2795.61669921875
2024-06-26 12:00:00,2793.901123046875,2695.775390625,2518.733154296875
2024-06-26 13:00:00,2793.901123046875,2603.6298828125,2518.733154296875
2024-06-26 14:00:00,2867.114990234375,2603.6298828125,2551.19140625
2024-06-26 15:00:00,2867.114990234375,2589.280517578125,2551.19140625
2024-06-26 16:00:00,2887.087890625,2750.645263671875,1865.833984375
2024-06-26 17:00:00,2887.087890625,2863.828125,1865.833984375
2024-06-26 18:00:00,3913.866943359375,3810.85693359375,2565.687255859375
2024-06-26 19:00:00,4015.107666015625,3963.658447265625,2654.685791015625
2024-06-26 20:00:00,4558.14453125,4357.40576171875,3324.912353515625
2024-06-26 21:00:00,6006.05078125,4641.98828125,4127.294921875
2024-06-26 22:00:00,7254.69384765625,7205.982421875,5507.0244140625
2024-06-26 23:00:00,9097.6689453125,8281.060546875,6851.14892578125
2024-06-27 00:00:00,9392.1669921875,8796.919921875,7521.656005859375
2024-06-27 01:00:00,7887.8583984375,7149.4345703125,6053.763671875
2024-06-27 02:00:00,7778.029296875,6907.50146484375,5886.39794921875
2024-06-27 03:00:00,7688.85205078125,6693.5458984375,5805.31494140625
2024-06-27 04:00:00,6830.3447265625,5693.8642578125,5073.591796875
2024-06-27 05:00:00,6193.0888671875,5350.32958984375,5000.64794921875
2024-06-27 06:00:00,3808.278564453125,3905.572998046875,3564.8525390625
2024-06-27 07:00:00,3737.924072265625,3602.4794921875,3237.619384765625
2024-06-27 08:00:00,3413.876953125,3540.83203125,3192.538330078125
2024-06-27 09:00:00,2928.9033203125,3098.361572265625,2947.791748046875
2024-06-27 10:00:00,2928.9033203125,2603.09423828125,2440.284912109375
2024-06-27 11:00:00,2673.07177734375,2513.789794921875,2440.284912109375
2024-06-27 12:00:00,3208.677001953125,2603.09423828125,2486.235595703125
2024-06-27 13:00:00,3208.677001953125,2953.008544921875,2491.03466796875
2024-06-27 14:00:00,3362.724609375,3230.792236328125,2662.8935546875
2024-06-27 15:00:00,3362.724609375,3230.792236328125,2662.8935546875
2024-06-27 16:00:00,2799.228759765625,2749.012939453125,2658.423828125
2024-06-27 17:00:00,2799.228759765625,2749.012939453125,2301.11669921875
2024-06-27 18:00:00,3001.640625,2943.051513671875,2301.11669921875
2024-06-27 19:00:00,3341.61474609375,3379.294921875,2734.109619140625
2024-06-27 20:00:00,4277.890625,4621.45263671875,3346.850830078125
2024-06-27 21:00:00,4373.85986328125,4980.68701171875,4171.3671875
2024-06-27 22:00:00,5434.251953125,5080.728515625,4323.529296875
2024-06-27 23:00:00,5583.4345703125,5628.22900390625,4567.56787109375
2024-06-28 00:00:00,5618.806640625,5354.478759765625,4445.548583984375
2024-06-28 01:00:00,3510.2607421875,3550.987548828125,2695.3702392578125
2024-06-28 02:00:00,3489.73095703125,3311.253173828125,2566.31982421875
2024-06-28 03:00:00,3489.73095703125,3311.253173828125,2566.31982421875
2024-06-28 04:00:00,3342.861083984375,3463.242919921875,2640.62939453125
2024-06-28 05:00:00,3207.696533203125,3542.74267578125,2745.82568359375
2024-06-28 06:00:00,3079.61328125,3463.242919921875,2745.82568359375
2024-06-28 07:00:00,2830.8037109375,3245.5908203125,2682.706787109375
2024-06-28 08:00:00,2699.6298828125,3245.5908203125,2504.90380859375
2024-06-28 09:00:00,2699.6298828125,2961.552490234375,2258.28662109375
2024-06-28 10:00:00,2763.389404296875,2918.296630859375,2258.28662109375
2024-06-28 11:00:00,2763.389404296875,2827.50439453125,2206.7978515625
2024-06-28 12:00:00,2814.7666015625,2696.645263671875,2141.670654296875
2024-06-28 13:00:00,2792.40869140625,2696.645263671875,2092.104736328125
2024-06-28 14:00:00,2814.7666015625,2701.255859375,2040.61279296875
2024-06-28 15:00:00,2794.895263671875,2825.404541015625,2040.61279296875
2024-06-28 16:00:00,2837.90087890625,3181.668212890625,2040.61279296875
2024-06-28 17:00:00,3057.79541015625,3214.12353515625,2285.836669921875
2024-06-28 18:00:00,3321.498291015625,3412.016357421875,2285.836669921875
2024-06-28 19:00:00,3448.058837890625,3669.236572265625,2327.796142578125
2024-06-28 20:00:00,4056.112548828125,4130.43603515625,2679.57080078125
2024-06-28 21:00:00,4386.67822265625,4376.8125,3174.01953125
2024-06-28 22:00:00,6674.4140625,7346.03955078125,5049.35986328125
2024-06-28 23:00:00,8686.619140625,9571.20703125,7243.7607421875
2024-06-29 00:00:00,9915.0078125,10472.6357421875,8948.7744140625
2024-06-29 01:00:00,9202.658203125,8805.22900390625,7049.78125
2024-06-29 02:00:00,8970.208984375,8687.947265625,6925.64453125
2024-06-29 03:00:00,8424.4921875,8658.568359375,6286.36181640625
2024-06-29 04:00:00,8297.5185546875,7820.75048828125,6006.74365234375
2024-06-29 05:00:00,6819.22998046875,6433.595703125,5345.24658203125
2024-06-29 06:00:00,5948.76513671875,6138.2998046875,4806.44921875
2024-06-29 07:00:00,4483.09130859375,5323.193359375,3855.405517578125
2024-06-29 08:00:00,3700.56689453125,3885.4326171875,3124.1767578125
2024-06-29 09:00:00,3579.15869140625,3885.4326171875,2660.814208984375
2024-06-29 10:00:00,3337.411865234375,3885.4326171875,2526.527099609375
2024-06-29 11:00:00,3057.1328125,3523.726806640625,2263.558349609375
2024-06-29 12:00:00,3057.1328125,3397.545654296875,2263.558349609375
2024-06-29 13:00:00,3139.5,3397.545654296875,2516.95166015625
2024-06-29 14:00:00,3246.534912109375,3794.679443359375,2729.749755859375
2024-06-29 15:00:00,3402.717529296875,4677.88916015625,3046.507568359375
2024-06-29 16:00:00,4560.02685546875,4943.9140625,3720.11962890625
2024-06-29 17:00:00,5198.41162109375,5221.146484375,3943.8310546875
2024-06-29 18:00:00,5848.087890625,6530.09521484375,4935.6240234375
2024-06-29 19:00:00,6657.37841796875,7079.8798828125,5289.65625
2024-06-29 20:00:00,6781.53466796875,7865.8935546875,5671.91650390625
2024-06-29 21:00:00,7684.51416015625,8138.64208984375,6356.62939453125
2024-06-29 22:00:00,8014.8671875,9658.7861328125,7703.77587890625
2024-06-29 23:00:00,8014.8671875,9658.7861328125,7703.77587890625
2024-06-30 00:00:00,7087.6015625,8750.512939453125,6368.2919921875
2024-06-30 01:00:00,9402.236083984375,9728.37744140625,7740.7958984375
2024-06-30 02:00:00,9724.755859375,11240.7431640625,9142.6904296875
2024-06-30 03:00:00,10689.623046875,12746.59765625,9702.0908203125
2024-06-30 04:00:00,10957.9150390625,13280.9443359375,10401.5341796875
2024-06-30 05:00:00,11052.1669921875,13409.8310546875,10738.9736328125
2024-06-30 06:00:00,11129.7822265625,13635.5263671875,10738.9736328125
2024-06-30 07:00:00,13138.4287109375,16202.1884765625,14463.5185546875
2024-06-30 08:00:00,14603.2255859375,17168.0078125,15510.6845703125
2024-06-30 09:00:00,15912.5634765625,17707.0,16339.021484375
2024-06-30 10:00:00,17251.248046875,17707.0,16339.021484375
2024-06-30 11:00:00,17861.244140625,17556.4921875,16483.548828125
2024-06-30 12:00:00,18238.853515625,17556.4921875,16416.5625
2024-06-30 13:00:00,18238.853515625,17640.515625,16416.5625
2024-06-30 14:00:00,18110.4453125,17640.515625,16141.5673828125
2024-06-30 15:00:00,17599.16015625,17640.515625,16141.5673828125
2024-06-30 16:00:00,17599.16015625,17665.765625,16141.5673828125
2024-06-30 17:00:00,17881.7421875,17813.3515625,16215.2392578125
2024-06-30 18:00:00,18533.2421875,17849.69921875,16506.3203125
2024-06-30 19:00:00,18533.2421875,17849.69921875,16949.859375
2024-06-30 20:00:00,17934.892578125,17810.51171875,16954.11328125
2024-06-30 21:00:00,17495.12890625,17810.51171875,17242.716796875
2024-06-30 22:00:00,17023.25390625,17810.51171875,17242.716796875
2024-06-30 23:00:00,16672.3046875,17552.5234375,16628.376953125
2024-07-01 00:00:00,15872.33935546875,17165.0625,15977.8505859375
2024-07-01 01:00:00,11681.09033203125,13116.2724609375,11128.96875
2024-07-01 02:00:00,12019.591796875,13224.4599609375,11511.1513671875
2024-07-01 03:00:00,12195.1318359375,14305.8798828125,11984.2080078125
2024-07-01 04:00:00,12761.9013671875,14355.3701171875,12239.8671875
2024-07-01 05:00:00,12761.9013671875,14305.8798828125,11984.2080078125
2024-07-01 06:00:00,12207.099609375,12985.5673828125,10459.8896484375
2024-07-01 07:00:00,9254.046875,10384.5966796875,8473.080078125
2024-07-01 08:00:00,7721.68701171875,7871.1328125,6187.92578125
2024-07-01 09:00:00,4596.89599609375,4395.45263671875,3167.8642578125
2024-07-01 10:00:00,4039.174072265625,3886.778076171875,2821.656494140625
2024-07-01 11:00:00,3559.45751953125,3651.25048828125,2668.664794921875
2024-07-01 12:00:00,3119.480712890625,3651.25048828125,2668.664794921875
2024-07-01 13:00:00,3119.480712890625,3305.741943359375,2534.54931640625
2024-07-01 14:00:00,3480.780029296875,3216.350830078125,2534.54931640625
2024-07-01 15:00:00,3480.780029296875,3005.5361328125,2529.945068359375
2024-07-01 16:00:00,3391.398193359375,2822.437744140625,2413.3486328125
2024-07-01 17:00:00,3211.984619140625,2822.437744140625,2403.195068359375
2024-07-01 18:00:00,3211.984619140625,3015.490234375,2308.20751953125
2024-07-01 19:00:00,3093.09228515625,3037.72900390625,2308.20751953125
2024-07-01 20:00:00,3100.828369140625,3290.37060546875,2361.753173828125
2024-07-01 21:00:00,3100.828369140625,3420.073974609375,2548.443359375
2024-07-01 22:00:00,3682.17529296875,3942.83984375,2578.79248046875
2024-07-01 23:00:00,3682.17529296875,3942.83984375,2548.443359375
2024-07-02 00:00:00,3721.220703125,3888.524658203125,2478.626220703125
2024-07-02 01:00:00,2927.1690673828125,3069.9241943359375,1814.9089965820312
2024-07-02 02:00:00,3009.788330078125,3055.586669921875,1895.2623291015625
2024-07-02 03:00:00,3009.788330078125,3078.122802734375,1911.543212890625
2024-07-02 04:00:00,3009.788330078125,3078.122802734375,2068.4580078125
2024-07-02 05:00:00,3052.91650390625,3078.122802734375,2287.1572265625
2024-07-02 06:00:00,3052.91650390625,3172.544921875,2287.1572265625
2024-07-02 07:00:00,3077.8935546875,3169.089599609375,2287.1572265625
2024-07-02 08:00:00,3221.71240234375,3172.544921875,2311.17919921875
2024-07-02 09:00:00,3304.0703125,3465.79150390625,2687.751708984375
2024-07-02 10:00:00,4027.89599609375,4300.9326171875,4008.95556640625
2024-07-02 11:00:00,4939.078125,5687.91064453125,5008.5126953125
2024-07-02 12:00:00,5748.1025390625,7015.77197265625,5201.47119140625
2024-07-02 13:00:00,5236.58642578125,5687.91064453125,5201.47119140625
2024-07-02 14:00:00,5236.58642578125,6321.08544921875,5351.623046875
2024-07-02 15:00:00,5074.18798828125,5901.59716796875,4689.4296875
2024-07-02 16:00:00,5074.18798828125,6321.08544921875,5351.623046875
2024-07-02 17:00:00,5691.51904296875,6517.9462890625,5644.8994140625
2024-07-02 18:00:00,6600.34033203125,7360.0439453125,6732.34765625
2024-07-02 19:00:00,7671.9951171875,9853.548828125,9600.7744140625
2024-07-02 20:00:00,10825.125,12335.306640625,10246.4921875
2024-07-02 21:00:00,11734.466796875,13796.69140625,11504.908203125
2024-07-02 22:00:00,13058.197265625,15771.4423828125,12988.9150390625
2024-07-02 23:00:00,13828.3759765625,16234.015625,15283.3173828125
2024-07-03 00:00:00,14186.63330078125,17040.322265625,15877.65869140625
2024-07-03 01:00:00,15332.673828125,17873.6826171875,16254.61767578125
2024-07-03 02:00:00,15458.9453125,18012.197265625,16291.576171875
2024-07-03 03:00:00,15565.658203125,18012.197265625,16291.576171875
2024-07-03 04:00:00,15696.294921875,17163.50390625,16368.44140625
2024-07-03 05:00:00,15900.537109375,17163.50390625,16368.44140625
2024-07-03 06:00:00,16041.861328125,17093.705078125,16815.291015625
2024-07-03 07:00:00,16699.087890625,17483.080078125,16846.556640625
2024-07-03 08:00:00,17803.43359375,17505.92578125,16892.05859375
2024-07-03 09:00:00,17803.43359375,17938.216796875,17043.271484375
2024-07-03 10:00:00,16057.3935546875,17938.216796875,17043.271484375
2024-07-03 11:00:00,14470.4072265625,16599.767578125,16238.9013671875
2024-07-03 12:00:00,14470.4072265625,16326.5458984375,15870.7978515625
2024-07-03 13:00:00,14138.9755859375,15740.123046875,15649.56640625
2024-07-03 14:00:00,14578.6982421875,15476.771484375,15435.4970703125
2024-07-03 15:00:00,14937.162109375,15476.771484375,15435.4970703125
2024-07-03 16:00:00,15107.74609375,15777.1962890625,16107.9892578125
2024-07-03 17:00:00,15107.74609375,15777.1962890625,16107.9892578125
2024-07-03 18:00:00,14950.8916015625,16602.94921875,16165.7333984375
2024-07-03 19:00:00,14950.8916015625,16797.810546875,16254.1357421875
2024-07-03 20:00:00,16325.40625,17659.626953125,17074.40234375
2024-07-03 21:00:00,16792.7421875,17734.150390625,17207.22265625
2024-07-03 22:00:00,16792.7421875,17734.150390625,17207.22265625
2024-07-03 23:00:00,16420.306640625,17632.13671875,17202.537109375
2024-07-04 00:00:00,16030.99951171875,17496.0224609375,17197.279296875
2024-07-04 01:00:00,15265.53662109375,16438.70166015625,15993.146484375
2024-07-04 02:00:00,15276.208984375,16679.19921875,16365.38671875
2024-07-04 03:00:00,15862.224609375,16705.20703125,17122.41796875
2024-07-04 04:00:00,15870.5361328125,17244.09375,17732.0625
2024-07-04 05:00:00,16883.109375,18002.4609375,18016.826171875
2024-07-04 06:00:00,16883.109375,18077.400390625,18016.826171875
2024-07-04 07:00:00,16725.05078125,18002.4609375,17809.681640625
2024-07-04 08:00:00,15523.03515625,16754.427734375,16736.677734375
2024-07-04 09:00:00,15022.544921875,16221.75,16411.24609375
2024-07-04 10:00:00,14257.1650390625,16044.43359375,15895.484375
2024-07-04 11:00:00,13118.5576171875,14828.064453125,14764.513671875
2024-07-04 12:00:00,12192.83203125,13188.2451171875,13332.943359375
2024-07-04 13:00:00,11378.0048828125,12230.78515625,11486.8642578125
2024-07-04 14:00:00,11093.4833984375,12191.765625,11415.658203125
2024-07-04 15:00:00,10873.6591796875,12066.9765625,11374.9794921875
2024-07-04 16:00:00,10873.6591796875,12066.9765625,11374.9794921875
2024-07-04 17:00:00,10265.2158203125,11539.767578125,11852.4990234375
2024-07-04 18:00:00,10089.3359375,11539.767578125,11852.4990234375
2024-07-04 19:00:00,10089.3359375,11539.767578125,10681.46875
2024-07-04 20:00:00,10115.01171875,12052.681640625,10681.46875
2024-07-04 21:00:00,14053.6064453125,17245.9921875,15965.9111328125
2024-07-04 22:00:00,14595.162109375,17714.265625,17036.501953125
2024-07-04 23:00:00,15274.4404296875,18460.001953125,17869.404296875
2024-07-05 00:00:00,15502.3154296875,18973.3837890625,17973.1298828125
2024-07-05 01:00:00,14941.84130859375,17899.8916015625,15701.732421875
2024-07-05 02:00:00,15567.2880859375,18681.9296875,16599.98828125
2024-07-05 03:00:00,17032.72265625,18681.9296875,16599.98828125
2024-07-05 04:00:00,17032.72265625,18227.93359375,16596.3046875
2024-07-05 05:00:00,16027.44921875,18050.380859375,16044.994140625
2024-07-05 06:00:00,16027.44921875,17995.26171875,16044.994140625
2024-07-05 07:00:00,16850.40625,17995.26171875,16044.994140625
2024-07-05 08:00:00,17293.841796875,17995.26171875,16624.974609375
2024-07-05 09:00:00,17293.841796875,17915.630859375,16624.974609375
2024-07-05 10:00:00,16587.69140625,16652.4296875,16527.431640625
2024-07-05 11:00:00,16353.7607421875,16460.927734375,15934.673828125
2024-07-05 12:00:00,15732.1787109375,16245.9970703125,15333.8095703125
2024-07-05 13:00:00,14177.2109375,15657.447265625,15007.8310546875
2024-07-05 14:00:00,13255.53125,14487.921875,14369.294921875
2024-07-05 15:00:00,13112.6328125,13771.064453125,14195.8212890625
2024-07-05 16:00:00,12844.4130859375,13771.064453125,14369.294921875
2024-07-05 17:00:00,12844.4130859375,13809.216796875,14506.443359375
2024-07-05 18:00:00,13330.2626953125,14465.4482421875,14993.7431640625
2024-07-05 19:00:00,13455.7978515625,14536.7373046875,14993.7431640625
2024-07-05 20:00:00,13678.37109375,14895.517578125,14981.0849609375
2024-07-05 21:00:00,13735.91796875,14996.576171875,14981.0849609375
2024-07-05 22:00:00,14677.302734375,15212.4873046875,15152.9130859375
2024-07-05 23:00:00,14677.302734375,17101.271484375,15325.345703125
2024-07-06 00:00:00,14798.9296875,17167.044921875,15777.88037109375
2024-07-06 01:00:00,15278.91259765625,16526.5771484375,16070.67578125
2024-07-06 02:00:00,14837.7724609375,16457.2734375,16005.08984375
2024-07-06 03:00:00,14729.4814453125,16418.044921875,15918.56640625
2024-07-06 04:00:00,14512.7060546875,15929.13671875,15734.064453125
2024-07-06 05:00:00,12333.89453125,14618.3115234375,12715.0380859375
2024-07-06 06:00:00,12333.89453125,14618.3115234375,12715.0380859375
2024-07-06 07:00:00,11569.94140625,14146.494140625,11723.2685546875
2024-07-06 08:00:00,11569.94140625,13585.4208984375,11723.2685546875
2024-07-06 09:00:00,8945.2060546875,13014.87109375,11250.0556640625
2024-07-06 10:00:00,8571.3681640625,12042.638671875,11121.302734375
2024-07-06 11:00:00,6956.49853515625,11167.37109375,8982.615234375
2024-07-06 12:00:00,6956.49853515625,11167.37109375,8982.615234375
2024-07-06 13:00:00,8604.2705078125,12245.1611328125,10286.591796875
2024-07-06 14:00:00,9371.994140625,13790.6787109375,11506.40625
2024-07-06 15:00:00,10560.7685546875,14150.830078125,12157.2060546875
2024-07-06 16:00:00,12740.2373046875,15938.037109375,14263.546875
2024-07-06 17:00:00,13865.8447265625,17744.83203125,16131.2294921875
2024-07-06 18:00:00,14001.76953125,18155.359375,16379.068359375
2024-07-06 19:00:00,14916.2490234375,18665.365234375,17330.05078125
2024-07-06 20:00:00,15027.8759765625,18665.365234375,17330.05078125
2024-07-06 21:00:00,15570.14453125,18665.365234375,17330.05078125
2024-07-06 22:00:00,15896.091796875,19067.525390625,17683.5078125
2024-07-06 23:00:00,15923.2109375,19103.2421875,17683.5078125
2024-07-07 00:00:00,15909.6513671875,19115.0390625,17681.3984375
2024-07-07 01:00:00,15381.94970703125,18230.791015625,16541.6455078125
2024-07-07 02:00:00,15348.533203125,18097.033203125,16581.91015625
2024-07-07 03:00:00,13679.486328125,17256.2109375,16283.826171875
2024-07-07 04:00:00,12927.2861328125,16426.255859375,15691.4052734375
2024-07-07 05:00:00,11281.759765625,14164.23046875,13538.7197265625
2024-07-07 06:00:00,11183.5185546875,13539.9521484375,11959.63671875
2024-07-07 07:00:00,11183.5185546875,13539.9521484375,11959.63671875
2024-07-07 08:00:00,11968.625,14139.8916015625,12521.4755859375
2024-07-07 09:00:00,13781.3349609375,16736.83984375,15502.71484375
2024-07-07 10:00:00,14613.6787109375,17903.30078125,16936.638671875
2024-07-07 11:00:00,16500.55859375,18312.939453125,17157.396484375
2024-07-07 12:00:00,16500.55859375,18178.76953125,17157.396484375
2024-07-07 13:00:00,16391.71484375,18178.76953125,16427.9921875
2024-07-07 14:00:00,15780.0908203125,18018.9296875,16427.9921875
2024-07-07 15:00:00,15780.0908203125,17504.951171875,16543.9296875
2024-07-07 16:00:00,15780.0908203125,18018.9296875,16594.234375
2024-07-07 17:00:00,15424.01953125,18189.595703125,17344.58203125
2024-07-07 18:00:00,14746.5966796875,18189.595703125,17344.58203125
2024-07-07 19:00:00,13141.1328125,15814.453125,15468.9453125
2024-07-07 20:00:00,13141.1328125,15814.453125,15468.9453125
2024-07-07 21:00:00,14078.4931640625,15967.48046875,15520.228515625
2024-07-07 22:00:00,14078.4931640625,15967.48046875,15520.228515625
2024-07-07 23:00:00,12381.48046875,15016.6552734375,14683.865234375
2024-07-08 00:00:00,12091.0146484375,14766.31396484375,14045.95947265625
2024-07-08 01:00:00,9905.46337890625,12791.0458984375,11954.79931640625
2024-07-08 02:00:00,9746.5771484375,12634.8173828125,11810.16796875
2024-07-08 03:00:00,8792.5966796875,11507.4697265625,9138.6650390625
2024-07-08 04:00:00,8792.5966796875,11507.4697265625,9138.6650390625
2024-07-08 05:00:00,8792.5966796875,11694.509765625,9676.021484375
2024-07-08 06:00:00,8484.767578125,11694.509765625,9676.021484375
2024-07-08 07:00:00,8086.86083984375,11082.400390625,9390.48828125
2024-07-08 08:00:00,8086.86083984375,11082.400390625,9390.48828125
2024-07-08 09:00:00,8898.373046875,12166.8857421875,10163.9677734375
2024-07-08 10:00:00,9083.8740234375,12328.3955078125,10292.9140625
2024-07-08 11:00:00,12028.884765625,14481.4033203125,12650.2666015625
2024-07-08 12:00:00,13733.75390625,16594.724609375,15064.2138671875
2024-07-08 13:00:00,15917.201171875,16960.650390625,16032.4892578125
2024-07-08 14:00:00,15917.201171875,16960.650390625,16032.4892578125
2024-07-08 15:00:00,14229.35546875,16049.8955078125,15509.5029296875
2024-07-08 16:00:00,13272.7392578125,15589.83203125,14338.4765625
2024-07-08 17:00:00,13272.7392578125,15589.83203125,13328.6484375
2024-07-08 18:00:00,14088.5458984375,16046.84375,13328.6484375
2024-07-08 19:00:00,14088.5458984375,16046.84375,13770.9375
2024-07-08 20:00:00,13873.5791015625,15728.5078125,13770.9375
2024-07-08 21:00:00,12997.5224609375,15388.4189453125,13702.4384765625
2024-07-08 22:00:00,12434.439453125,14903.2861328125,13136.7333984375
2024-07-08 23:00:00,11927.302734375,13979.2802734375,12607.7158203125
2024-07-09 00:00:00,10823.96923828125,12905.1708984375,11545.6962890625
2024-07-09 01:00:00,8209.727294921875,11230.65234375,8978.4296875
2024-07-09 02:00:00,8342.31640625,11523.169921875,8976.46875
2024-07-09 03:00:00,8342.31640625,11773.9677734375,8948.86328125
2024-07-09 04:00:00,7775.91357421875,11523.169921875,8877.20703125
2024-07-09 05:00:00,7775.91357421875,11312.216796875,8877.20703125
2024-07-09 06:00:00,8331.9013671875,10995.9814453125,8847.5732421875
2024-07-09 07:00:00,8331.9013671875,10995.9814453125,8267.24609375
2024-07-09 08:00:00,7828.81005859375,11458.7783203125,7916.78466796875
2024-07-09 09:00:00,7828.81005859375,11458.7783203125,7916.78466796875
2024-07-09 10:00:00,7828.81005859375,11161.3525390625,7916.78466796875
2024-07-09 11:00:00,7506.41650390625,10575.841796875,8167.0546875
2024-07-09 12:00:00,7506.41650390625,10575.841796875,8167.0546875
2024-07-09 13:00:00,9585.177734375,11971.6396484375,9564.515625
2024-07-09 14:00:00,9585.177734375,11971.6396484375,9564.515625
2024-07-09 15:00:00,8279.0966796875,11181.97265625,9253.912109375
2024-07-09 16:00:00,8279.0966796875,11181.97265625,8976.6650390625
2024-07-09 17:00:00,8566.3310546875,11181.97265625,8976.6650390625
2024-07-09 18:00:00,8566.3310546875,11939.34375,8868.8876953125
2024-07-09 19:00:00,8044.40966796875,11349.5947265625,7897.5205078125
2024-07-09 20:00:00,8044.40966796875,12326.6123046875,8868.8876953125
2024-07-09 21:00:00,10030.0234375,13195.9697265625,9630.5009765625
2024-07-09 22:00:00,10030.0234375,13195.9697265625,9976.4970703125
2024-07-09 23:00:00,10022.9267578125,13086.7880859375,9976.4970703125
2024-07-10 00:00:00,8402.9873046875,11411.46826171875,8520.144287109375
2024-07-10 01:00:00,7704.925537109375,8126.51806640625,6194.14794921875
2024-07-10 02:00:00,7368.341796875,7880.470703125,6043.54541015625
2024-07-10 03:00:00,6753.00732421875,6006.875,5596.2529296875
2024-07-10 04:00:00,5603.455078125,6006.875,5066.302734375
2024-07-10 05:00:00,5258.85009765625,6006.875,5001.357421875
2024-07-10 06:00:00,4768.0986328125,5683.7451171875,3396.445068359375
2024-07-10 07:00:00,3944.45751953125,4161.880859375,2935.915771484375
2024-07-10 08:00:00,3504.963623046875,3957.615234375,2875.40234375
2024-07-10 09:00:00,3388.156494140625,3862.298095703125,2758.595947265625
2024-07-10 10:00:00,3388.156494140625,3755.42138671875,2758.595947265625
2024-07-10 11:00:00,3257.18994140625,3755.42138671875,2758.595947265625
2024-07-10 12:00:00,3122.7119140625,3075.343994140625,2268.37109375
2024-07-10 13:00:00,3107.513916015625,2772.9091796875,2207.02734375
2024-07-10 14:00:00,3122.7119140625,2725.7998046875,2207.02734375
2024-07-10 15:00:00,3188.484130859375,2725.7998046875,2345.2421875
2024-07-10 16:00:00,3213.6923828125,3250.991943359375,2552.118408203125
2024-07-10 17:00:00,3213.6923828125,3250.991943359375,2552.118408203125
2024-07-10 18:00:00,2715.88671875,3244.456787109375,2319.0
2024-07-10 19:00:00,2715.88671875,3244.456787109375,2319.0
2024-07-10 20:00:00,3039.940673828125,3391.43408203125,2661.14111328125
2024-07-10 21:00:00,3112.3134765625,3589.613037109375,2995.73583984375
2024-07-10 22:00:00,4449.52783203125,4657.80517578125,3043.218017578125
2024-07-10 23:00:00,4449.52783203125,4657.80517578125,3043.218017578125
2024-07-11 00:00:00,3840.197265625,3907.6500244140625,2668.8682861328125
2024-07-11 01:00:00,4162.744384765625,4238.8203125,3226.538818359375
2024-07-11 02:00:00,4097.470703125,4222.9111328125,3179.573974609375
2024-07-11 03:00:00,3768.223876953125,4115.3642578125,3056.462646484375
2024-07-11 04:00:00,3734.8291015625,4087.912353515625,2900.945556640625
2024-07-11 05:00:00,3602.544677734375,3678.51171875,2911.609619140625
2024-07-11 06:00:00,3336.2685546875,3660.46728515625,2911.609619140625
2024-07-11 07:00:00,2996.87841796875,3678.51171875,2980.052490234375
2024-07-11 08:00:00,2973.80419921875,3660.46728515625,2980.052490234375
2024-07-11 09:00:00,2996.87841796875,3702.300537109375,2684.823974609375
2024-07-11 10:00:00,3275.84228515625,3472.809814453125,2603.69873046875
2024-07-11 11:00:00,3275.84228515625,3279.78173828125,2433.936279296875
2024-07-11 12:00:00,3026.199462890625,2877.85400390625,2395.72998046875
2024-07-11 13:00:00,2955.484375,2857.412841796875,2383.244140625
2024-07-11 14:00:00,2955.484375,2794.435791015625,2107.99169921875
2024-07-11 15:00:00,2921.12060546875,2766.378173828125,2107.99169921875
2024-07-11 16:00:00,3060.5791015625,2794.435791015625,2363.582763671875
2024-07-11 17:00:00,3060.5791015625,3296.3193359375,2466.7890625
2024-07-11 18:00:00,3388.519287109375,3385.17822265625,2586.92529296875
2024-07-11 19:00:00,3572.1494140625,3555.470947265625,2586.92529296875
2024-07-11 20:00:00,3658.824462890625,3631.05029296875,2921.906982421875
2024-07-11 21:00:00,4231.98583984375,4588.07421875,2921.906982421875
2024-07-11 22:00:00,5135.513671875,4601.13037109375,4515.22900390625
2024-07-11 23:00:00,5135.513671875,4588.07421875,4515.22900390625
2024-07-12 00:00:00,4939.620361328125,4374.77294921875,4055.8699951171875
2024-07-12 01:00:00,4185.3736572265625,4855.374267578125,3841.4913330078125
2024-07-12 02:00:00,3973.627685546875,4716.2451171875,3900.9560546875
2024-07-12 03:00:00,3713.151611328125,4368.15478515625,3900.9560546875
2024-07-12 04:00:00,3674.776123046875,4304.6494140625,3444.857177734375
2024-07-12 05:00:00,3519.718994140625,4086.876708984375,2960.248779296875
2024-07-12 06:00:00,3416.23583984375,3984.568359375,2615.72265625
2024-07-12 07:00:00,3170.66259765625,3541.840576171875,2394.239990234375
2024-07-12 08:00:00,2896.915771484375,3124.5712890625,2394.239990234375
2024-07-12 09:00:00,2803.1279296875,3020.71142578125,2313.875
2024-07-12 10:00:00,2803.1279296875,2672.754150390625,2313.875
2024-07-12 11:00:00,2873.983642578125,2672.754150390625,2179.817138671875
2024-07-12 12:00:00,3009.18603515625,2682.6259765625,2151.5390625
2024-07-12 13:00:00,3127.186767578125,2690.281982421875,2141.296142578125
2024-07-12 14:00:00,3130.246337890625,2741.099365234375,2092.537353515625
2024-07-12 15:00:00,3130.246337890625,2787.041015625,2141.296142578125
2024-07-12 16:00:00,3087.55517578125,2744.56103515625,2196.20654296875
2024-07-12 17:00:00,3049.143798828125,2744.56103515625,2255.490478515625
2024-07-12 18:00:00,2895.333740234375,2740.4091796875,2237.51806640625
2024-07-12 19:00:00,2895.333740234375,2740.4091796875,2237.51806640625
2024-07-12 20:00:00,2982.24365234375,3018.5263671875,2237.51806640625
2024-07-12 21:00:00,3323.920654296875,3203.9033203125,2476.04443359375
2024-07-12 22:00:00,3576.66357421875,3691.358154296875,2506.356201171875
2024-07-12 23:00:00,3742.438232421875,3691.358154296875,2506.356201171875
2024-07-13 00:00:00,3817.2919921875,3623.144775390625,2294.27978515625
2024-07-13 01:00:00,3419.345947265625,3367.036376953125,2634.467529296875
2024-07-13 02:00:00,3341.01708984375,3366.230712890625,2690.215576171875
2024-07-13 03:00:00,3286.4169921875,3303.101806640625,2578.719482421875
2024-07-13 04:00:00,3286.4169921875,3063.293212890625,2520.346923828125
2024-07-13 05:00:00,3131.40087890625,3007.869140625,2520.346923828125
2024-07-13 06:00:00,3131.40087890625,3063.293212890625,2567.300048828125
2024-07-13 07:00:00,3129.070068359375,3007.869140625,2585.304931640625
2024-07-13 08:00:00,3129.070068359375,2997.610595703125,2665.5703125
2024-07-13 09:00:00,3129.070068359375,2997.610595703125,2800.08251953125
2024-07-13 10:00:00,3056.329833984375,2935.779296875,2800.08251953125
2024-07-13 11:00:00,3024.87744140625,2919.5068359375,2334.61767578125
2024-07-13 12:00:00,2951.4287109375,2919.5068359375,2334.61767578125
2024-07-13 13:00:00,2951.4287109375,2978.452880859375,2531.691650390625
2024-07-13 14:00:00,3344.991943359375,3059.365966796875,2609.52392578125
2024-07-13 15:00:00,3344.991943359375,2978.452880859375,2609.52392578125
2024-07-13 16:00:00,2775.0087890625,2966.314208984375,2234.959716796875
2024-07-13 17:00:00,2775.0087890625,2966.314208984375,2229.941650390625
2024-07-13 18:00:00,2800.626220703125,2993.9453125,2234.959716796875
2024-07-13 19:00:00,2801.052978515625,3013.513916015625,2359.136474609375
2024-07-13 20:00:00,2929.953125,3104.203125,2359.136474609375
2024-07-13 21:00:00,3106.602294921875,3295.7412109375,2359.136474609375
2024-07-13 22:00:00,3595.74755859375,3720.65185546875,2673.996337890625
2024-07-13 23:00:00,3595.74755859375,3720.65185546875,2673.996337890625
2024-07-14 00:00:00,3475.7103271484375,3608.90283203125,2486.61181640625
2024-07-14 01:00:00,3079.459716796875,3060.2218017578125,2016.4932861328125
2024-07-14 02:00:00,3024.998291015625,3079.43994140625,2076.323974609375
2024-07-14 03:00:00,2983.21240234375,3079.43994140625,2236.837890625
2024-07-14 04:00:00,2983.21240234375,3079.43994140625,2256.828369140625
2024-07-14 05:00:00,3196.6279296875,3222.754150390625,2580.275390625
2024-07-14 06:00:00,3237.793212890625,3257.316162109375,2669.050048828125
2024-07-14 07:00:00,3237.793212890625,3475.194091796875,2694.346923828125
2024-07-14 08:00:00,3219.401123046875,3523.49658203125,2669.050048828125
2024-07-14 09:00:00,3215.343994140625,3475.194091796875,2529.759521484375
2024-07-14 10:00:00,2895.681396484375,3108.5830078125,2529.759521484375
2024-07-14 11:00:00,2895.681396484375,3083.2880859375,2593.466064453125
2024-07-14 12:00:00,3377.065673828125,2867.98876953125,2686.4736328125
2024-07-14 13:00:00,3377.065673828125,2867.98876953125,2593.466064453125
2024-07-14 14:00:00,2829.686279296875,2867.98876953125,2536.548095703125
2024-07-14 15:00:00,2715.99853515625,2825.477783203125,2197.390625
2024-07-14 16:00:00,2715.99853515625,2825.477783203125,2197.390625
2024-07-14 17:00:00,2842.8671875,2859.94189453125,2371.74169921875
2024-07-14 18:00:00,3050.941162109375,2871.92138671875,2556.75
2024-07-14 19:00:00,3162.435546875,3080.81884765625,2703.5517578125
2024-07-14 20:00:00,3190.160888671875,3135.8408203125,2703.5517578125
2024-07-14 21:00:00,3222.181396484375,3140.588623046875,2810.6318359375
2024-07-14 22:00:00,3696.97314453125,3774.375244140625,2833.8759765625
2024-07-14 23:00:00,3696.97314453125,3774.375244140625,2833.8759765625
2024-07-15 00:00:00,3840.849609375,3700.9586181640625,2914.0972900390625
2024-07-15 01:00:00,3290.605712890625,3008.6982421875,2745.59521484375
2024-07-15 02:00:00,3363.746337890625,3037.052978515625,2915.9931640625
2024-07-15 03:00:00,3363.746337890625,3138.602294921875,3122.86767578125
2024-07-15 04:00:00,3263.840087890625,3138.602294921875,3122.86767578125
2024-07-15 05:00:00,3234.46484375,3138.602294921875,3039.74267578125
2024-07-15 06:00:00,3166.572998046875,3111.736328125,2962.7451171875
2024-07-15 07:00:00,3166.572998046875,3095.917236328125,2954.2177734375
2024-07-15 08:00:00,3076.180908203125,3005.535888671875,2832.098876953125
2024-07-15 09:00:00,2969.86865234375,2971.716552734375,2681.109619140625
2024-07-15 10:00:00,2783.11572265625,2846.8828125,2608.13818359375
2024-07-15 11:00:00,2684.037841796875,2971.716552734375,2681.109619140625
2024-07-15 12:00:00,2684.037841796875,2784.2763671875,2650.52685546875
2024-07-15 13:00:00,2684.037841796875,2784.2763671875,2650.52685546875
2024-07-15 14:00:00,2680.473388671875,2410.414794921875,2518.908447265625
2024-07-15 15:00:00,2680.473388671875,2360.58203125,2310.26025390625
2024-07-15 16:00:00,2747.340576171875,2360.58203125,2310.26025390625
2024-07-15 17:00:00,2749.685791015625,2360.58203125,2143.013916015625
2024-07-15 18:00:00,2780.32666015625,2616.89697265625,2091.4091796875
2024-07-15 19:00:00,2780.32666015625,2796.18701171875,2091.4091796875
2024-07-15 20:00:00,3145.181884765625,2899.291015625,2228.479736328125
2024-07-15 21:00:00,3160.445556640625,2961.500732421875,2358.44384765625
2024-07-15 22:00:00,3362.28564453125,3465.385986328125,2474.80419921875
2024-07-15 23:00:00,3362.28564453125,3531.607666015625,2474.80419921875
2024-07-16 00:00:00,3168.5863037109375,3565.83544921875,2280.4420166015625
2024-07-16 01:00:00,2748.7598876953125,2679.60302734375,1697.0335693359375
2024-07-16 02:00:00,2763.37548828125,2716.66162109375,1638.207763671875
2024-07-16 03:00:00,2812.44677734375,2774.26904296875,1638.207763671875
2024-07-16 04:00:00,3002.44580078125,3119.543212890625,2122.765625
2024-07-16 05:00:00,3002.44580078125,3119.543212890625,2122.765625
2024-07-16 06:00:00,2892.0556640625,3120.26025390625,2239.045166015625
2024-07-16 07:00:00,2882.11767578125,3120.26025390625,2194.037353515625
2024-07-16 08:00:00,2882.11767578125,3120.26025390625,2239.045166015625
2024-07-16 09:00:00,3162.0869140625,3124.47265625,2323.22802734375
2024-07-16 10:00:00,3246.22509765625,2980.7080078125,2323.22802734375
2024-07-16 11:00:00,3246.22509765625,2835.927490234375,2317.4306640625
2024-07-16 12:00:00,2876.372314453125,2835.927490234375,2160.42724609375
2024-07-16 13:00:00,2770.07470703125,2863.842041015625,2113.137451171875
2024-07-16 14:00:00,2770.07470703125,2975.015869140625,1971.0234375
2024-07-16 15:00:00,2851.973876953125,3123.56884765625,1971.0234375
2024-07-16 16:00:00,4890.2197265625,6016.8310546875,4486.53857421875
2024-07-16 17:00:00,5813.23291015625,7617.712890625,4816.30810546875
2024-07-16 18:00:00,6570.07080078125,8950.1376953125,6164.44970703125
2024-07-16 19:00:00,7420.74267578125,9922.572265625,7121.88427734375
2024-07-16 20:00:00,8672.30859375,12190.2626953125,8454.708984375
2024-07-16 21:00:00,10140.3583984375,13859.623046875,11249.712890625
2024-07-16 22:00:00,10140.3583984375,14478.0361328125,11429.0048828125
2024-07-16 23:00:00,10945.9951171875,14478.0361328125,11429.0048828125
2024-07-17 00:00:00,10517.22802734375,14438.2646484375,11076.12255859375
2024-07-17 01:00:00,11886.330078125,15480.35498046875,12744.46728515625
2024-07-17 02:00:00,12266.576171875,15507.6748046875,12862.25390625
2024-07-17 03:00:00,12762.400390625,16211.1318359375,13782.5908203125
2024-07-17 04:00:00,14640.3544921875,16211.1318359375,14016.8173828125
2024-07-17 05:00:00,14640.3544921875,15970.927734375,14016.8173828125
2024-07-17 06:00:00,13873.7197265625,15817.3076171875,14277.0224609375
2024-07-17 07:00:00,13703.017578125,15817.3076171875,14738.1318359375
2024-07-17 08:00:00,13873.7197265625,16453.873046875,15223.3642578125
2024-07-17 09:00:00,15351.322265625,17985.490234375,15905.984375
2024-07-17 10:00:00,15376.5732421875,18105.1171875,16020.6005859375
2024-07-17 11:00:00,15351.322265625,18073.876953125,16087.564453125
2024-07-17 12:00:00,15435.1533203125,18094.423828125,16482.966796875
2024-07-17 13:00:00,15283.5751953125,18073.876953125,16308.3798828125
2024-07-17 14:00:00,15283.5751953125,18094.423828125,16694.00390625
2024-07-17 15:00:00,15283.5751953125,18227.783203125,17201.720703125
2024-07-17 16:00:00,14894.7666015625,18227.783203125,17201.720703125
2024-07-17 17:00:00,13922.8798828125,17291.65234375,16411.701171875
2024-07-17 18:00:00,13851.9189453125,15826.9658203125,14780.66796875
2024-07-17 19:00:00,12542.7099609375,15653.1865234375,14780.66796875
2024-07-17 20:00:00,12734.6806640625,15607.3505859375,14780.66796875
2024-07-17 21:00:00,12420.4189453125,15469.419921875,14650.4462890625
2024-07-17 22:00:00,12097.845703125,15020.5146484375,14410.884765625
2024-07-17 23:00:00,10689.5126953125,14297.8544921875,13142.5498046875
2024-07-18 00:00:00,10419.51513671875,14275.3291015625,12806.34228515625
2024-07-18 01:00:00,10944.28759765625,14419.267578125,12128.544921875
2024-07-18 02:00:00,11252.0205078125,14494.919921875,12534.583984375
2024-07-18 03:00:00,11433.2646484375,15282.0966796875,12727.6533203125
2024-07-18 04:00:00,12943.9833984375,16663.72265625,15275.7998046875
2024-07-18 05:00:00,13287.146484375,17180.388671875,15841.0908203125
2024-07-18 06:00:00,14067.923828125,17846.31640625,16485.71875
2024-07-18 07:00:00,15257.02734375,18125.85546875,16964.755859375
2024-07-18 08:00:00,16063.458984375,18873.013671875,17867.107421875
2024-07-18 09:00:00,16063.458984375,18873.013671875,17867.107421875
2024-07-18 10:00:00,16035.564453125,18384.56640625,17381.5546875
2024-07-18 11:00:00,15362.515625,18322.6640625,17198.5625
2024-07-18 12:00:00,14516.0107421875,17755.626953125,16396.677734375
2024-07-18 13:00:00,14028.3896484375,17730.40625,16144.28125
2024-07-18 14:00:00,13600.2587890625,17709.638671875,15827.9580078125
2024-07-18 15:00:00,12707.689453125,16090.3037109375,13874.92578125
2024-07-18 16:00:00,12707.689453125,15802.2158203125,13874.92578125
2024-07-18 17:00:00,13188.6220703125,15802.2158203125,14095.4033203125
2024-07-18 18:00:00,13803.37890625,15762.8076171875,14267.861328125
2024-07-18 19:00:00,14627.9697265625,15811.345703125,15138.6357421875
2024-07-18 20:00:00,14627.9697265625,16280.017578125,16130.3349609375
2024-07-18 21:00:00,14627.9697265625,16804.013671875,16819.90625
2024-07-18 22:00:00,14976.1396484375,17664.87109375,16843.994140625
2024-07-18 23:00:00,15936.109375,18330.30859375,17364.287109375
2024-07-19 00:00:00,16194.185546875,18421.0,17448.716796875
2024-07-19 01:00:00,13743.23583984375,16475.990234375,16436.6396484375
2024-07-19 02:00:00,13710.380859375,16439.853515625,16569.994140625
2024-07-19 03:00:00,13703.853515625,16349.4765625,16254.3828125
2024-07-19 04:00:00,13703.853515625,15793.552734375,16271.650390625
2024-07-19 05:00:00,13703.853515625,15793.552734375,16271.650390625
2024-07-19 06:00:00,13410.2734375,15721.28125,16271.650390625
2024-07-19 07:00:00,12576.9599609375,14572.91796875,13537.234375
2024-07-19 08:00:00,11508.5517578125,13161.142578125,12368.73828125
2024-07-19 09:00:00,11181.5263671875,12991.798828125,12314.8935546875
2024-07-19 10:00:00,9219.0595703125,10259.541015625,8856.2744140625
2024-07-19 11:00:00,7853.3837890625,8323.033203125,6456.97705078125
2024-07-19 12:00:00,7820.8212890625,7027.84716796875,6090.62548828125
2024-07-19 13:00:00,7215.71630859375,6954.43212890625,6090.62548828125
2024-07-19 14:00:00,6996.86767578125,7027.84716796875,6185.09326171875
2024-07-19 15:00:00,6996.86767578125,7146.23095703125,6355.51611328125
2024-07-19 16:00:00,7107.376953125,8014.9814453125,6447.9453125
2024-07-19 17:00:00,7621.42626953125,8303.1142578125,6555.6943359375
2024-07-19 18:00:00,7785.64453125,8962.5009765625,7711.88525390625
2024-07-19 19:00:00,8973.7744140625,9020.41015625,8488.091796875
2024-07-19 20:00:00,9048.2265625,11079.95703125,9170.6630859375
2024-07-19 21:00:00,10594.4013671875,11501.8779296875,10478.580078125
2024-07-19 22:00:00,10794.66796875,12050.8505859375,11001.84765625
2024-07-19 23:00:00,11211.419921875,13264.0693359375,12655.26171875
2024-07-20 00:00:00,11521.60693359375,13665.8076171875,12755.908203125
2024-07-20 01:00:00,13951.5166015625,16416.115234375,14886.50830078125
2024-07-20 02:00:00,13818.5361328125,16388.953125,14706.037109375
2024-07-20 03:00:00,13716.103515625,16156.9541015625,14706.037109375
2024-07-20 04:00:00,13716.103515625,15683.869140625,14201.751953125
2024-07-20 05:00:00,13716.103515625,15391.580078125,13360.8134765625
2024-07-20 06:00:00,12348.4931640625,13046.0546875,11024.9755859375
2024-07-20 07:00:00,9409.44140625,10860.17578125,8333.580078125
2024-07-20 08:00:00,8362.962890625,10860.17578125,8333.580078125
2024-07-20 09:00:00,8174.21630859375,10687.6279296875,9147.056640625
2024-07-20 10:00:00,8174.21630859375,11310.0498046875,9422.65234375
2024-07-20 11:00:00,9130.3203125,12507.162109375,10241.345703125
2024-07-20 12:00:00,9130.3203125,12507.162109375,10710.5107421875
2024-07-20 13:00:00,9235.2060546875,12834.7783203125,11426.3916015625
2024-07-20 14:00:00,8776.7236328125,12825.455078125,11310.986328125
2024-07-20 15:00:00,8776.7236328125,12825.455078125,11360.3330078125
2024-07-20 16:00:00,8776.7236328125,12018.7607421875,11310.986328125
2024-07-20 17:00:00,8428.61328125,11705.2861328125,10656.736328125
2024-07-20 18:00:00,7742.619140625,11604.69140625,9946.3037109375
2024-07-20 19:00:00,7742.619140625,11604.69140625,9946.3037109375
2024-07-20 20:00:00,9428.6318359375,12185.66015625,10077.4248046875
2024-07-20 21:00:00,10783.322265625,14429.021484375,12305.84765625
2024-07-20 22:00:00,12164.7509765625,16876.228515625,14765.1015625
2024-07-20 23:00:00,13519.240234375,18259.888671875,16487.42578125
2024-07-21 00:00:00,13966.330078125,18654.6494140625,16957.5341796875
2024-07-21 01:00:00,16646.5546875,18934.595703125,17584.4169921875
2024-07-21 02:00:00,16404.884765625,18812.236328125,17573.033203125
2024-07-21 03:00:00,15701.4853515625,18806.158203125,17479.837890625
2024-07-21 04:00:00,15701.4853515625,18736.189453125,17487.26953125
2024-07-21 05:00:00,15916.853515625,18455.390625,17371.56640625
2024-07-21 06:00:00,15918.46875,17903.220703125,16972.04296875
2024-07-21 07:00:00,15916.853515625,17453.068359375,16741.7421875
2024-07-21 08:00:00,15152.271484375,17453.068359375,16794.9765625
2024-07-21 09:00:00,15152.271484375,17602.013671875,15915.109375
2024-07-21 10:00:00,15676.185546875,18046.55078125,16370.3310546875
2024-07-21 11:00:00,16272.580078125,18046.55078125,16370.3310546875
2024-07-21 12:00:00,16330.4111328125,17878.869140625,16435.873046875
2024-07-21 13:00:00,16330.4111328125,17853.650390625,16435.873046875
2024-07-21 14:00:00,16386.220703125,17388.0390625,16265.5830078125
2024-07-21 15:00:00,16181.7529296875,17388.0390625,16149.36328125
2024-07-21 16:00:00,16181.7529296875,17388.0390625,16149.36328125
2024-07-21 17:00:00,15960.5859375,17803.57421875,16149.36328125
2024-07-21 18:00:00,14900.857421875,17803.57421875,16255.154296875
2024-07-21 19:00:00,14900.857421875,17803.57421875,16378.13671875
2024-07-21 20:00:00,15158.6220703125,17454.6328125,16449.55859375
2024-07-21 21:00:00,15223.4013671875,17454.6328125,16837.55859375
2024-07-21 22:00:00,15240.693359375,16998.419921875,16837.55859375
2024-07-21 23:00:00,15240.693359375,16775.9296875,16809.375
2024-07-22 00:00:00,14769.5390625,16395.57470703125,16637.5390625
2024-07-22 01:00:00,14718.0625,18096.794921875,17243.38671875
2024-07-22 02:00:00,14708.90625,17827.416015625,17110.021484375
2024-07-22 03:00:00,14225.3134765625,17827.416015625,17110.021484375
2024-07-22 04:00:00,14225.3134765625,18071.5859375,17448.3828125
2024-07-22 05:00:00,14191.9013671875,18198.2578125,17448.3828125
2024-07-22 06:00:00,14111.2939453125,18198.2578125,16615.990234375
2024-07-22 07:00:00,13782.310546875,18083.41796875,16615.990234375
2024-07-22 08:00:00,13691.4658203125,17544.626953125,16394.431640625
2024-07-22 09:00:00,13467.1318359375,16202.216796875,15727.5185546875
2024-07-22 10:00:00,13190.681640625,15726.33203125,15304.7314453125
2024-07-22 11:00:00,12502.0634765625,15644.9794921875,14980.9306640625
2024-07-22 12:00:00,12385.2216796875,15407.767578125,14864.126953125
2024-07-22 13:00:00,11710.458984375,14929.8896484375,14725.349609375
2024-07-22 14:00:00,10807.4453125,14151.21875,13502.703125
2024-07-22 15:00:00,10084.2470703125,13727.966796875,12446.345703125
2024-07-22 16:00:00,9253.2998046875,12538.4091796875,11304.115234375
2024-07-22 17:00:00,8127.9716796875,11258.1220703125,9709.2998046875
2024-07-22 18:00:00,8127.9716796875,11258.1220703125,9670.572265625
2024-07-22 19:00:00,8413.4140625,11293.7255859375,9709.2998046875
2024-07-22 20:00:00,9271.048828125,12723.2333984375,11274.1259765625
2024-07-22 21:00:00,9944.7197265625,13735.8056640625,11562.908203125
2024-07-22 22:00:00,10930.8623046875,15112.1650390625,13734.6201171875
2024-07-22 23:00:00,10940.6904296875,15255.44921875,13837.703125
2024-07-23 00:00:00,11605.18212890625,15856.55810546875,14707.12109375
2024-07-23 01:00:00,14572.2978515625,19049.3701171875,17721.33984375
2024-07-23 02:00:00,14796.3505859375,19004.7890625,17660.68359375
2024-07-23 03:00:00,15502.349609375,19057.376953125,17781.99609375
2024-07-23 04:00:00,16681.86328125,19004.7890625,17580.068359375
2024-07-23 05:00:00,16681.86328125,19057.376953125,18049.8671875
2024-07-23 06:00:00,16321.29296875,18815.205078125,17726.96875
2024-07-23 07:00:00,16017.94140625,18552.40625,17726.96875
2024-07-23 08:00:00,15103.7080078125,18552.40625,17726.96875
2024-07-23 09:00:00,14953.5283203125,18552.40625,17679.6640625
2024-07-23 10:00:00,14953.5283203125,18650.892578125,16940.87890625
2024-07-23 11:00:00,15502.078125,18475.478515625,16812.912109375
2024-07-23 12:00:00,15502.078125,18475.478515625,16812.912109375
2024-07-23 13:00:00,15608.3916015625,18447.296875,17417.505859375
2024-07-23 14:00:00,14985.626953125,18427.09375,17444.69921875
2024-07-23 15:00:00,14619.955078125,18427.09375,17417.505859375
2024-07-23 16:00:00,14619.955078125,17423.283203125,16352.7099609375
2024-07-23 17:00:00,14938.1650390625,17423.283203125,16352.7099609375
2024-07-23 18:00:00,14938.1650390625,18472.876953125,17505.013671875
2024-07-23 19:00:00,14938.1650390625,18724.8125,17676.673828125
2024-07-23 20:00:00,14961.0,18724.8125,17821.9375
2024-07-23 21:00:00,14961.0,18551.359375,17821.9375
2024-07-23 22:00:00,14071.8837890625,18523.423828125,17643.537109375
2024-07-23 23:00:00,14061.529296875,17769.39453125,17353.96875
2024-07-24 00:00:00,13795.9052734375,17731.10546875,16798.46240234375
2024-07-24 01:00:00,12576.73974609375,15156.734375,14443.36474609375
2024-07-24 02:00:00,12181.4130859375,13883.3515625,13596.8564453125
2024-07-24 03:00:00,12181.4130859375,13883.3515625,13596.8564453125
2024-07-24 04:00:00,12181.4130859375,14290.66796875,12691.6259765625
2024-07-24 05:00:00,11616.3603515625,14290.66796875,12549.4912109375
2024-07-24 06:00:00,11616.3603515625,14290.66796875,12023.2822265625
2024-07-24 07:00:00,11367.2890625,14537.9990234375,11452.0185546875
2024-07-24 08:00:00,11804.4794921875,14791.4814453125,12023.2822265625
2024-07-24 09:00:00,11287.0029296875,15052.4296875,12477.2705078125
2024-07-24 10:00:00,11287.0029296875,15052.4296875,12477.2705078125
2024-07-24 11:00:00,9397.677734375,11509.6533203125,9784.486328125
2024-07-24 12:00:00,9397.677734375,11509.6533203125,9784.486328125
2024-07-24 13:00:00,9397.677734375,11310.3232421875,9784.486328125
2024-07-24 14:00:00,9497.78125,11675.8603515625,10394.1796875
2024-07-24 15:00:00,9217.6015625,11675.8603515625,10289.890625
2024-07-24 16:00:00,8533.45703125,11675.8603515625,10289.890625
2024-07-24 17:00:00,8245.806640625,11634.693359375,9411.013671875
2024-07-24 18:00:00,8117.5615234375,11252.8232421875,8658.349609375
2024-07-24 19:00:00,8117.5615234375,11252.8232421875,8658.349609375
2024-07-24 20:00:00,10270.5595703125,12454.1064453125,10603.0
2024-07-24 21:00:00,11328.724609375,14156.5546875,12928.7939453125
2024-07-24 22:00:00,12393.3857421875,14818.6474609375,13119.5693359375
2024-07-24 23:00:00,12393.3857421875,14818.6474609375,13237.7763671875
2024-07-25 00:00:00,12378.4013671875,14598.0732421875,13428.6474609375
2024-07-25 01:00:00,13701.7333984375,16764.0751953125,15143.6044921875
2024-07-25 02:00:00,13641.4619140625,16488.927734375,14944.185546875
2024-07-25 03:00:00,13583.458984375,15614.21484375,14847.1259765625
2024-07-25 04:00:00,12174.8125,15225.7734375,13382.046875
2024-07-25 05:00:00,11925.4755859375,14935.927734375,12498.2783203125
2024-07-25 06:00:00,11591.2900390625,14349.7138671875,12492.0576171875
2024-07-25 07:00:00,10326.5908203125,12408.712890625,10343.2421875
2024-07-25 08:00:00,8166.74072265625,11512.2998046875,8839.2841796875
2024-07-25 09:00:00,7280.8095703125,8768.091796875,6450.498046875
2024-07-25 10:00:00,4886.765625,5375.4375,3423.571044921875
2024-07-25 11:00:00,3823.735595703125,4103.65771484375,3116.089111328125
2024-07-25 12:00:00,3326.807861328125,3827.114501953125,3079.468017578125
2024-07-25 13:00:00,3104.867919921875,3371.359619140625,3079.468017578125
2024-07-25 14:00:00,2572.299560546875,3371.359619140625,3079.468017578125
2024-07-25 15:00:00,2855.515380859375,3361.382080078125,2662.0419921875
2024-07-25 16:00:00,2855.515380859375,3361.382080078125,2389.761474609375
2024-07-25 17:00:00,3112.423583984375,3361.382080078125,2389.761474609375
2024-07-25 18:00:00,3293.6220703125,3653.30224609375,2559.949462890625
2024-07-25 19:00:00,3985.602783203125,4009.88232421875,2806.83837890625
2024-07-25 20:00:00,3985.602783203125,4601.8505859375,2861.25927734375
2024-07-25 21:00:00,3985.602783203125,5004.2265625,3659.37646484375
2024-07-25 22:00:00,5304.99072265625,6887.0283203125,5034.40625
2024-07-25 23:00:00,6102.2333984375,8917.958984375,6142.5361328125
2024-07-26 00:00:00,6259.793701171875,8941.51708984375,6527.967041015625
2024-07-26 01:00:00,8333.643310546875,11168.310546875,8220.908935546875
2024-07-26 02:00:00,7855.40185546875,10958.2529296875,8141.88818359375
2024-07-26 03:00:00,7330.80419921875,10370.1796875,6729.857421875
2024-07-26 04:00:00,5385.9423828125,7818.70654296875,4838.3515625
2024-07-26 05:00:00,4600.10009765625,6084.78955078125,3743.681640625
2024-07-26 06:00:00,4600.10009765625,6084.78955078125,3743.681640625
2024-07-26 07:00:00,4447.2236328125,5677.4609375,3556.09326171875
2024-07-26 08:00:00,4447.2236328125,5677.4609375,3556.09326171875
2024-07-26 09:00:00,3898.701171875,4710.99853515625,3336.873779296875
2024-07-26 10:00:00,3898.701171875,4710.99853515625,3336.873779296875
2024-07-26 11:00:00,3835.5595703125,5244.29541015625,3519.66552734375
2024-07-26 12:00:00,4225.3271484375,5501.00341796875,3679.9580078125
2024-07-26 13:00:00,4587.73876953125,5921.03759765625,3960.784912109375
2024-07-26 14:00:00,4834.02490234375,6944.64599609375,4500.85498046875
2024-07-26 15:00:00,4873.64697265625,7205.25390625,4993.84423828125
2024-07-26 16:00:00,5818.14208984375,7205.25390625,5273.5703125
2024-07-26 17:00:00,6491.4775390625,9073.4091796875,6808.5234375
2024-07-26 18:00:00,7287.328125,9532.767578125,6981.4248046875
2024-07-26 19:00:00,8865.826171875,11058.9462890625,8595.5908203125
2024-07-26 20:00:00,9250.287109375,12502.7255859375,10035.3115234375
2024-07-26 21:00:00,10125.556640625,13170.7158203125,10490.05859375
2024-07-26 22:00:00,10321.86328125,13649.388671875,11067.3759765625
2024-07-26 23:00:00,10347.3251953125,14254.8505859375,11909.533203125
2024-07-27 00:00:00,10876.73828125,13995.86962890625,11488.45458984375
2024-07-27 01:00:00,9956.1416015625,12530.712890625,8842.54931640625
2024-07-27 02:00:00,10068.216796875,12427.2216796875,8796.8115234375
2024-07-27 03:00:00,10372.794921875,12345.1826171875,9025.0693359375
2024-07-27 04:00:00,10068.216796875,12054.037109375,9053.7802734375
2024-07-27 05:00:00,9186.83203125,11942.1064453125,9053.7802734375
2024-07-27 06:00:00,9186.83203125,12054.037109375,9053.7802734375
2024-07-27 07:00:00,9186.83203125,11942.1064453125,9088.515625
2024-07-27 08:00:00,8738.8564453125,11755.2119140625,9247.970703125
2024-07-27 09:00:00,8093.67333984375,11451.51953125,9088.515625
2024-07-27 10:00:00,7441.1630859375,11434.9619140625,8785.2421875
2024-07-27 11:00:00,7240.2197265625,11328.0810546875,8737.12890625
2024-07-27 12:00:00,7240.2197265625,11328.0810546875,8785.2421875
2024-07-27 13:00:00,7330.8798828125,11328.0810546875,9100.91796875
2024-07-27 14:00:00,7577.9228515625,11124.9912109375,9100.91796875
2024-07-27 15:00:00,7398.03515625,11103.01171875,8811.6279296875
2024-07-27 16:00:00,7398.03515625,10043.177734375,8470.1103515625
2024-07-27 17:00:00,7271.64892578125,9347.599609375,7523.0791015625
2024-07-27 18:00:00,7230.900390625,9347.599609375,7523.0791015625
2024-07-27 19:00:00,7271.64892578125,9976.9736328125,8024.69677734375
2024-07-27 20:00:00,7399.96435546875,10205.0849609375,8158.85107421875
2024-07-27 21:00:00,8549.2998046875,10434.4775390625,8843.11328125
2024-07-27 22:00:00,9521.2802734375,12744.4033203125,9308.244140625
2024-07-27 23:00:00,10160.4951171875,13626.57421875,11433.7421875
2024-07-28 00:00:00,10665.29638671875,14264.96630859375,12136.595703125
2024-07-28 01:00:00,10620.71630859375,12656.962890625,10979.94775390625
2024-07-28 02:00:00,10566.4345703125,12603.3642578125,10628.501953125
2024-07-28 03:00:00,10566.4345703125,12603.3642578125,10628.501953125
2024-07-28 04:00:00,11053.283203125,13492.580078125,11364.53125
2024-07-28 05:00:00,11298.720703125,14006.8720703125,12209.818359375
2024-07-28 06:00:00,11298.720703125,14006.8720703125,12209.818359375
2024-07-28 07:00:00,10768.46875,12849.47265625,11411.974609375
2024-07-28 08:00:00,10413.46875,12739.1240234375,11014.001953125
2024-07-28 09:00:00,9621.4228515625,12739.1240234375,11217.986328125
2024-07-28 10:00:00,9433.4453125,12371.23828125,10757.9921875
2024-07-28 11:00:00,8831.958984375,12371.23828125,9965.265625
2024-07-28 12:00:00,8501.0029296875,10833.078125,9431.826171875
2024-07-28 13:00:00,8242.0712890625,10833.078125,9431.826171875
2024-07-28 14:00:00,8242.0712890625,10843.3291015625,9668.771484375
2024-07-28 15:00:00,10373.521484375,12316.1962890625,12063.8056640625
2024-07-28 16:00:00,10373.521484375,12743.6103515625,12283.75390625
2024-07-28 17:00:00,10523.1982421875,13264.8642578125,12849.169921875
2024-07-28 18:00:00,11122.255859375,13517.9140625,13356.18359375
2024-07-28 19:00:00,11586.376953125,13733.671875,13750.080078125
2024-07-28 20:00:00,13057.8681640625,15614.4228515625,15325.751953125
2024-07-28 21:00:00,13873.8193359375,18459.376953125,17296.798828125
2024-07-28 22:00:00,14807.734375,18935.666015625,17808.36328125
2024-07-28 23:00:00,14893.025390625,19064.26953125,18062.59765625
2024-07-29 00:00:00,15046.4736328125,18999.9677734375,18128.1328125
2024-07-29 01:00:00,16015.1181640625,18754.498046875,17967.0625
2024-07-29 02:00:00,16199.2236328125,18833.759765625,17943.130859375
2024-07-29 03:00:00,16802.2578125,18837.44921875,17578.513671875
2024-07-29 04:00:00,16859.748046875,18875.109375,17505.01953125
2024-07-29 05:00:00,16833.712890625,18875.109375,17448.197265625
2024-07-29 06:00:00,16859.748046875,18610.7265625,17483.548828125
2024-07-29 07:00:00,17117.140625,18523.34765625,17448.197265625
2024-07-29 08:00:00,17157.423828125,18523.34765625,17483.548828125
2024-07-29 09:00:00,17157.423828125,18841.6875,17319.072265625
2024-07-29 10:00:00,16536.798828125,18841.6875,17100.62109375
2024-07-29 11:00:00,16408.20703125,18258.19140625,16739.828125
2024-07-29 12:00:00,16336.4814453125,18226.8984375,16387.34375
2024-07-29 13:00:00,15895.7998046875,18226.8984375,16387.34375
2024-07-29 14:00:00,15785.62890625,18226.8984375,16387.34375
2024-07-29 15:00:00,15479.94921875,17991.982421875,16020.7138671875
2024-07-29 16:00:00,15479.94921875,17991.982421875,16020.7138671875
2024-07-29 17:00:00,15479.94921875,18016.51953125,16486.8828125
2024-07-29 18:00:00,14935.6259765625,18016.51953125,16718.42578125
2024-07-29 19:00:00,14785.8896484375,17755.86328125,16718.42578125
2024-07-29 20:00:00,14334.3974609375,17379.603515625,16171.521484375
2024-07-29 21:00:00,14262.697265625,17379.603515625,16171.521484375
2024-07-29 22:00:00,13993.48046875,17787.44140625,16522.150390625
2024-07-29 23:00:00,13934.6796875,17944.203125,16709.97265625
2024-07-30 00:00:00,13964.080078125,18054.26953125,16735.20703125
2024-07-30 01:00:00,13552.51806640625,15730.83544921875,15413.09423828125
2024-07-30 02:00:00,13477.15625,15381.0419921875,15024.7685546875
2024-07-30 03:00:00,13627.8798828125,15381.0419921875,14893.3974609375
2024-07-30 04:00:00,13349.9013671875,15328.7001953125,14734.6279296875
2024-07-30 05:00:00,13693.3583984375,15508.8017578125,14734.6279296875
2024-07-30 06:00:00,13999.1953125,16984.26953125,16377.7939453125
2024-07-30 07:00:00,14042.1171875,16984.26953125,16377.7939453125
2024-07-30 08:00:00,13999.1953125,16912.5,16446.76171875
2024-07-30 09:00:00,13762.8076171875,16891.84765625,16310.7138671875
2024-07-30 10:00:00,13759.802734375,16352.11328125,16310.7138671875
2024-07-30 11:00:00,13486.3818359375,16255.0888671875,15818.8681640625
2024-07-30 12:00:00,12745.11328125,15649.7890625,15565.630859375
2024-07-30 13:00:00,11688.078125,14758.1708984375,14612.4775390625
2024-07-30 14:00:00,11260.3388671875,14285.494140625,13064.1845703125
2024-07-30 15:00:00,10803.6962890625,13136.623046875,12459.8515625
2024-07-30 16:00:00,9562.5185546875,12215.5400390625,11182.3642578125
2024-07-30 17:00:00,9382.818359375,11218.39453125,10366.8447265625
2024-07-30 18:00:00,9072.2041015625,11203.4267578125,9314.96484375
2024-07-30 19:00:00,9382.818359375,11218.39453125,9314.96484375
2024-07-30 20:00:00,9670.4951171875,12502.830078125,9881.5302734375
2024-07-30 21:00:00,10054.9521484375,12641.001953125,10360.1318359375
2024-07-30 22:00:00,11286.4765625,14125.5,11491.7666015625
2024-07-30 23:00:00,11342.24609375,14125.5,11941.8505859375
2024-07-31 00:00:00,11533.59814453125,14304.3173828125,12022.3388671875
2024-07-31 01:00:00,12697.91845703125,15728.04248046875,13342.95068359375
2024-07-31 02:00:00,12276.505859375,15644.875,13176.328125
2024-07-31 03:00:00,12090.00390625,15193.046875,12611.826171875
2024-07-31 04:00:00,11851.80078125,14924.08203125,12372.3271484375
2024-07-31 05:00:00,11738.1787109375,14621.720703125,11580.6279296875
2024-07-31 06:00:00,11315.2705078125,13398.091796875,10378.025390625
2024-07-31 07:00:00,10931.0830078125,13283.5390625,10131.41796875
2024-07-31 08:00:00,10541.1025390625,11726.5283203125,8657.9267578125
2024-07-31 09:00:00,8168.0830078125,7758.794921875,5615.30859375
2024-07-31 10:00:00,5101.2587890625,5313.4951171875,3365.249267578125
2024-07-31 11:00:00,4586.95556640625,5099.099609375,3317.84326171875
2024-07-31 12:00:00,4046.919921875,3882.59033203125,3231.2587890625
2024-07-31 13:00:00,3838.48193359375,3882.59033203125,3020.21875
2024-07-31 14:00:00,3838.48193359375,3891.295654296875,3020.21875
2024-07-31 15:00:00,4166.85693359375,3916.747314453125,3553.611572265625
2024-07-31 16:00:00,4432.583984375,4341.6279296875,3675.1201171875
2024-07-31 17:00:00,5071.38623046875,4840.17333984375,4370.19873046875
2024-07-31 18:00:00,5356.16748046875,5214.525390625,5116.0791015625
2024-07-31 19:00:00,7589.79931640625,8247.96484375,7453.32763671875
2024-07-31 20:00:00,10423.4873046875,12387.921875,10194.4052734375
2024-07-31 21:00:00,11262.87109375,14033.30078125,11847.0009765625
2024-07-31 22:00:00,12371.0576171875,15306.5263671875,12798.7529296875
2024-07-31 23:00:00,12487.92578125,15784.7626953125,14539.26171875
2024-08-01 00:00:00,12948.4228515625,16201.74951171875,15055.77392578125
2024-08-01 01:00:00,14753.74267578125,17376.5654296875,16367.6845703125
2024-08-01 02:00:00,14698.65625,17226.513671875,16358.173828125
2024-08-01 03:00:00,14698.65625,17226.513671875,16358.173828125
2024-08-01 04:00:00,15226.890625,17469.701171875,16364.6708984375
2024-08-01 05:00:00,15226.890625,17469.701171875,16364.6708984375
2024-08-01 06:00:00,15083.05078125,17212.77734375,15810.2431640625
2024-08-01 07:00:00,12831.9091796875,14567.8642578125,13366.9521484375
2024-08-01 08:00:00,10261.5087890625,12905.1015625,11731.2978515625
2024-08-01 09:00:00,10155.474609375,12757.615234375,11442.1298828125
2024-08-01 10:00:00,8439.1826171875,10182.255859375,8716.904296875
2024-08-01 11:00:00,6469.4765625,6866.88037109375,5996.07861328125
2024-08-01 12:00:00,6469.4765625,6866.88037109375,5996.07861328125
2024-08-01 13:00:00,5950.68359375,6697.09619140625,5745.0947265625
2024-08-01 14:00:00,6315.537109375,6697.09619140625,5745.0947265625
2024-08-01 15:00:00,6315.537109375,6343.4580078125,5051.26123046875
2024-08-01 16:00:00,6315.537109375,6292.90869140625,4919.6611328125
2024-08-01 17:00:00,6419.3447265625,6155.8623046875,4907.5849609375
2024-08-01 18:00:00,6419.3447265625,6155.8623046875,4907.5849609375
2024-08-01 19:00:00,8486.6943359375,8574.8115234375,7030.66796875
2024-08-01 20:00:00,11106.2626953125,11205.4873046875,9069.7421875
2024-08-01 21:00:00,11981.4013671875,12326.5283203125,10267.615234375
2024-08-01 22:00:00,12911.376953125,13763.15234375,11663.4140625
2024-08-01 23:00:00,13568.98828125,15085.1240234375,12253.0439453125
2024-08-02 00:00:00,13672.68310546875,15160.98828125,12614.2880859375
2024-08-02 01:00:00,13916.9169921875,15365.4072265625,13846.98046875
2024-08-02 02:00:00,13422.923828125,15681.568359375,13587.33984375
2024-08-02 03:00:00,13419.1181640625,15681.568359375,13587.33984375
2024-08-02 04:00:00,12357.96484375,14121.4228515625,12093.984375
2024-08-02 05:00:00,11985.91796875,13924.4599609375,11525.8271484375
2024-08-02 06:00:00,11916.8916015625,12649.4716796875,11400.0986328125
2024-08-02 07:00:00,10908.9892578125,10328.076171875,8608.861328125
2024-08-02 08:00:00,10566.017578125,10013.9462890625,7790.4677734375
2024-08-02 09:00:00,9078.900390625,9266.73046875,6669.134765625
2024-08-02 10:00:00,6045.01611328125,6666.7490234375,3707.81640625
2024-08-02 11:00:00,4783.5283203125,4098.09814453125,2758.43603515625
2024-08-02 12:00:00,3869.958740234375,3932.73095703125,2558.007080078125
2024-08-02 13:00:00,3249.048828125,3834.37451171875,2558.007080078125
2024-08-02 14:00:00,3249.048828125,3664.058837890625,2558.007080078125
2024-08-02 15:00:00,3555.74755859375,3664.058837890625,2630.254638671875
2024-08-02 16:00:00,3555.74755859375,3664.058837890625,2565.43359375
2024-08-02 17:00:00,3411.70703125,3683.083251953125,2565.43359375
2024-08-02 18:00:00,3232.2568359375,3683.083251953125,2565.43359375
2024-08-02 19:00:00,3232.2568359375,3805.095703125,2961.941650390625
2024-08-02 20:00:00,3811.791259765625,4089.62451171875,3065.89013671875
2024-08-02 21:00:00,4500.77783203125,5475.86474609375,3879.201171875
2024-08-02 22:00:00,5764.23974609375,7289.68212890625,4855.8203125
2024-08-02 23:00:00,7111.26318359375,8818.5751953125,5447.27734375
2024-08-03 00:00:00,7623.1865234375,9979.97900390625,6742.07470703125
2024-08-03 01:00:00,11336.13330078125,14041.46240234375,12599.58740234375
2024-08-03 02:00:00,11860.6708984375,14675.9599609375,13174.6484375
2024-08-03 03:00:00,12632.42578125,15523.5791015625,13174.6484375
2024-08-03 04:00:00,12632.42578125,15802.0439453125,13174.6484375
2024-08-03 05:00:00,12557.314453125,15523.5791015625,12962.205078125
2024-08-03 06:00:00,11187.8828125,13239.0888671875,10948.4697265625
2024-08-03 07:00:00,10326.1865234375,11762.6904296875,10258.6279296875
2024-08-03 08:00:00,8931.068359375,10822.93359375,8585.3671875
2024-08-03 09:00:00,7572.62841796875,9047.90625,6196.03125
2024-08-03 10:00:00,4964.11865234375,6450.8701171875,3737.603515625
2024-08-03 11:00:00,4129.3623046875,4953.482421875,3240.5966796875
2024-08-03 12:00:00,4027.406982421875,4682.478515625,3171.140869140625
2024-08-03 13:00:00,3730.927001953125,4004.95361328125,3024.55615234375
2024-08-03 14:00:00,3560.3095703125,3397.784912109375,2771.64990234375
2024-08-03 15:00:00,3547.26318359375,3249.335693359375,2677.1533203125
2024-08-03 16:00:00,3309.64501953125,3348.9482421875,2771.64990234375
2024-08-03 17:00:00,3162.18115234375,3347.16455078125,2677.1533203125
2024-08-03 18:00:00,2885.166259765625,3347.16455078125,2440.630615234375
2024-08-03 19:00:00,2885.166259765625,3195.867919921875,2440.630615234375
2024-08-03 20:00:00,3159.355224609375,3195.867919921875,2567.01318359375
2024-08-03 21:00:00,3376.793701171875,3692.371826171875,2571.3505859375
2024-08-03 22:00:00,4087.7939453125,4704.0625,3449.528564453125
2024-08-03 23:00:00,4087.7939453125,4704.0625,3449.528564453125
2024-08-04 00:00:00,3881.476806640625,4143.8265380859375,3377.4312744140625
2024-08-04 01:00:00,3607.4847412109375,3259.9090576171875,2617.9183349609375
2024-08-04 02:00:00,3606.439697265625,3236.425537109375,2550.48095703125
2024-08-04 03:00:00,3257.4375,3089.64599609375,2377.407958984375
2024-08-04 04:00:00,2956.29736328125,2546.909423828125,2337.30615234375
2024-08-04 05:00:00,2956.29736328125,2546.909423828125,2302.57861328125
2024-08-04 06:00:00,3004.403076171875,2525.984130859375,2302.57861328125
2024-08-04 07:00:00,3004.403076171875,2585.7333984375,2333.102783203125
2024-08-04 08:00:00,3007.31689453125,2623.420166015625,2333.102783203125
2024-08-04 09:00:00,2921.3076171875,2623.420166015625,2306.240478515625
2024-08-04 10:00:00,2846.932373046875,2573.197509765625,2306.240478515625
2024-08-04 11:00:00,2846.932373046875,2432.0244140625,2313.901611328125
2024-08-04 12:00:00,2846.932373046875,2134.549072265625,2313.901611328125
2024-08-04 13:00:00,2673.443115234375,2134.549072265625,2174.8974609375
2024-08-04 14:00:00,2673.443115234375,2134.549072265625,1926.014892578125
2024-08-04 15:00:00,2728.938232421875,2244.29150390625,1926.014892578125
2024-08-04 16:00:00,2849.0107421875,2488.858642578125,1968.841552734375
2024-08-04 17:00:00,2849.0107421875,2491.70556640625,2111.2060546875
2024-08-04 18:00:00,2849.0107421875,2507.089599609375,2311.097412109375
2024-08-04 19:00:00,3091.939208984375,2955.873779296875,2275.8916015625
2024-08-04 20:00:00,3095.3369140625,3217.236572265625,2275.8916015625
2024-08-04 21:00:00,3204.341064453125,3277.0751953125,2275.8916015625
2024-08-04 22:00:00,3323.448974609375,3596.975830078125,2515.185302734375
2024-08-04 23:00:00,3323.448974609375,3601.443603515625,2515.185302734375
2024-08-05 00:00:00,3195.880615234375,3653.7950439453125,2416.130859375
2024-08-05 01:00:00,2991.3212890625,2477.021728515625,1867.716064453125
2024-08-05 02:00:00,2834.09521484375,2495.6083984375,1792.4932861328125
2024-08-05 03:00:00,2753.091796875,2495.6083984375,1792.4932861328125
2024-08-05 04:00:00,2753.091796875,2706.6025390625,1792.4932861328125
2024-08-05 05:00:00,2666.886962890625,2480.2802734375,1826.3255615234375
2024-08-05 06:00:00,2600.025390625,2959.844970703125,2117.461181640625
2024-08-05 07:00:00,2600.025390625,2959.844970703125,2117.461181640625
2024-08-05 08:00:00,2615.048095703125,3316.803466796875,2405.129638671875
2024-08-05 09:00:00,2690.564208984375,3363.65234375,2513.1162109375
2024-08-05 10:00:00,2797.444091796875,3316.803466796875,2513.1162109375
2024-08-05 11:00:00,2797.444091796875,2994.3759765625,2214.5498046875
2024-08-05 12:00:00,2550.787353515625,2709.021484375,2214.5498046875
2024-08-05 13:00:00,2472.323974609375,2559.24658203125,2214.5498046875
2024-08-05 14:00:00,2472.323974609375,2544.96533203125,2253.746826171875
2024-08-05 15:00:00,2694.0791015625,2544.96533203125,2079.093017578125
2024-08-05 16:00:00,2694.0791015625,2896.794189453125,2253.746826171875
2024-08-05 17:00:00,2736.783203125,2918.8388671875,2484.003173828125
2024-08-05 18:00:00,2588.668212890625,3038.757080078125,2515.86474609375
2024-08-05 19:00:00,2596.10107421875,3047.086181640625,3034.177978515625
2024-08-05 20:00:00,2596.10107421875,3038.757080078125,2624.732177734375
2024-08-05 21:00:00,2620.675537109375,3851.4140625,3034.177978515625
2024-08-05 22:00:00,3947.046630859375,3851.4140625,3055.808837890625
2024-08-05 23:00:00,3988.66015625,3852.509033203125,3137.63525390625
2024-08-06 00:00:00,4061.4898681640625,4111.5423583984375,3207.84619140625
2024-08-06 01:00:00,3622.36376953125,2991.812255859375,2870.1968994140625
2024-08-06 02:00:00,3546.59326171875,2839.92919921875,2730.929931640625
2024-08-06 03:00:00,3476.6875,2508.864501953125,2644.62451171875
2024-08-06 04:00:00,3082.957763671875,2428.41748046875,2072.722412109375
2024-08-06 05:00:00,3082.957763671875,2508.864501953125,2072.722412109375
2024-08-06 06:00:00,3188.201904296875,3109.88525390625,2167.079833984375
2024-08-06 07:00:00,3188.201904296875,3109.88525390625,2398.431640625
2024-08-06 08:00:00,3012.9814453125,3155.400634765625,2398.431640625
2024-08-06 09:00:00,2857.373291015625,2979.950439453125,2358.18115234375
2024-08-06 10:00:00,2727.70068359375,2559.492431640625,2324.684326171875
2024-08-06 11:00:00,2646.9052734375,2506.7587890625,2259.639892578125
2024-08-06 12:00:00,2610.935302734375,2476.68310546875,2201.13916015625
2024-08-06 13:00:00,2610.935302734375,2441.624267578125,2222.5205078125
2024-08-06 14:00:00,2439.577880859375,2476.68310546875,2195.4384765625
2024-08-06 15:00:00,2413.00390625,2612.597900390625,2214.92578125
2024-08-06 16:00:00,2413.00390625,2839.861328125,2214.92578125
2024-08-06 17:00:00,2413.00390625,2839.861328125,2263.414794921875
2024-08-06 18:00:00,2488.59716796875,2637.286376953125,2263.414794921875
2024-08-06 19:00:00,2593.492431640625,2637.286376953125,2424.260986328125
2024-08-06 20:00:00,2918.971923828125,2798.002197265625,2490.30078125
2024-08-06 21:00:00,3090.920166015625,2920.9765625,2716.82275390625
2024-08-06 22:00:00,4044.93505859375,3590.588134765625,3288.559814453125
2024-08-06 23:00:00,4161.65380859375,3590.588134765625,3288.559814453125
2024-08-07 00:00:00,4279.1025390625,3229.5482177734375,3054.1492919921875
2024-08-07 01:00:00,5071.97802734375,4898.264404296875,3540.924560546875
2024-08-07 02:00:00,5304.609375,5190.2666015625,3833.831298828125
2024-08-07 03:00:00,5304.609375,5577.8779296875,5116.56005859375
2024-08-07 04:00:00,5182.18017578125,5577.8779296875,5261.18408203125
2024-08-07 05:00:00,4966.7470703125,4621.91455078125,5261.18408203125
2024-08-07 06:00:00,4469.49609375,4380.22216796875,4757.43896484375
2024-08-07 07:00:00,4121.35107421875,4240.69873046875,3792.7734375
2024-08-07 08:00:00,3270.19873046875,4190.0283203125,2781.8173828125
2024-08-07 09:00:00,3163.5556640625,4026.87060546875,2502.99658203125
2024-08-07 10:00:00,3011.214111328125,3717.49658203125,2452.210205078125
2024-08-07 11:00:00,3163.5556640625,3112.890625,2452.210205078125
2024-08-07 12:00:00,3116.119384765625,3112.890625,2452.210205078125
2024-08-07 13:00:00,3116.119384765625,3459.560791015625,2242.540771484375
2024-08-07 14:00:00,3083.28466796875,3632.228515625,2242.540771484375
2024-08-07 15:00:00,3083.28466796875,3632.228515625,2382.48193359375
2024-08-07 16:00:00,3511.525634765625,3586.152587890625,2461.410888671875
2024-08-07 17:00:00,3698.873291015625,3586.152587890625,2461.410888671875
2024-08-07 18:00:00,3757.190185546875,3728.099365234375,3015.837158203125
2024-08-07 19:00:00,3824.578125,3879.394775390625,3540.6865234375
2024-08-07 20:00:00,4622.33447265625,5249.49169921875,3564.25341796875
2024-08-07 21:00:00,5450.13330078125,6098.41845703125,4090.838623046875
2024-08-07 22:00:00,6982.9990234375,6955.89794921875,4968.2822265625
2024-08-07 23:00:00,7180.3974609375,7012.21435546875,5420.40087890625
2024-08-08 00:00:00,7663.9140625,7984.942626953125,5740.39990234375
2024-08-08 01:00:00,8483.833984375,10445.35546875,6922.476318359375
2024-08-08 02:00:00,8691.0400390625,10811.3564453125,7191.85546875
2024-08-08 03:00:00,10118.6845703125,11899.7431640625,8926.197265625
2024-08-08 04:00:00,10750.2177734375,12194.4365234375,9801.48828125
2024-08-08 05:00:00,10750.2177734375,12518.6904296875,9801.48828125
2024-08-08 06:00:00,9780.0087890625,12518.6904296875,9334.0986328125
2024-08-08 07:00:00,8898.30078125,11455.869140625,8142.19921875
2024-08-08 08:00:00,6102.61376953125,9493.255859375,6503.69580078125
2024-08-08 09:00:00,5531.57470703125,7430.0537109375,5406.24267578125
2024-08-08 10:00:00,3430.6044921875,4752.53271484375,2717.80712890625
2024-08-08 11:00:00,3182.3984375,4647.31884765625,2515.20166015625
2024-08-08 12:00:00,3242.064208984375,3767.077880859375,2359.27392578125
2024-08-08 13:00:00,2701.969970703125,3571.019775390625,2155.730712890625
2024-08-08 14:00:00,2764.630615234375,3767.077880859375,2359.27392578125
2024-08-08 15:00:00,2764.630615234375,3950.743408203125,2445.34033203125
2024-08-08 16:00:00,3163.72119140625,4032.177490234375,2857.90966796875
2024-08-08 17:00:00,3274.936767578125,4032.177490234375,2859.89599609375
2024-08-08 18:00:00,3668.792724609375,4650.849609375,3573.338623046875
2024-08-08 19:00:00,3668.792724609375,4785.86572265625,3573.338623046875
2024-08-08 20:00:00,3568.85546875,4920.6875,3461.8037109375
2024-08-08 21:00:00,3568.85546875,5069.62646484375,3461.8037109375
2024-08-08 22:00:00,4545.11767578125,5108.21875,3717.654296875
2024-08-08 23:00:00,4545.11767578125,5425.0810546875,3717.654296875
2024-08-09 00:00:00,4346.698486328125,5652.792724609375,3732.1396484375
2024-08-09 01:00:00,3481.702392578125,3846.6251220703125,3026.3194580078125
2024-08-09 02:00:00,3382.722412109375,3734.571533203125,2928.736083984375
2024-08-09 03:00:00,3166.594970703125,3734.571533203125,2851.7109375
2024-08-09 04:00:00,3128.73193359375,3677.8974609375,2420.043212890625
2024-08-09 05:00:00,3166.594970703125,3572.77880859375,2851.7109375
2024-08-09 06:00:00,3210.775146484375,3572.77880859375,2792.591064453125
2024-08-09 07:00:00,3210.775146484375,3572.77880859375,2792.591064453125
2024-08-09 08:00:00,2785.748779296875,3572.1005859375,2339.5703125
2024-08-09 09:00:00,2593.36376953125,3251.842529296875,2339.5703125
2024-08-09 10:00:00,2593.36376953125,3242.465087890625,2400.4560546875
2024-08-09 11:00:00,2899.92919921875,2944.38720703125,2400.4560546875
2024-08-09 12:00:00,2913.255859375,2788.311279296875,2467.91943359375
2024-08-09 13:00:00,2959.275634765625,2944.38720703125,2479.722900390625
2024-08-09 14:00:00,2959.275634765625,2788.311279296875,2479.722900390625
2024-08-09 15:00:00,2599.36083984375,2634.031005859375,2449.543212890625
2024-08-09 16:00:00,2444.656982421875,2570.93310546875,2361.0126953125
2024-08-09 17:00:00,2373.25390625,2570.93310546875,2164.340087890625
2024-08-09 18:00:00,2407.978271484375,2570.93310546875,2164.340087890625
2024-08-09 19:00:00,2407.978271484375,3025.28466796875,2303.29345703125
2024-08-09 20:00:00,2528.739990234375,3111.95849609375,2362.218994140625
2024-08-09 21:00:00,2796.959228515625,3134.995849609375,2455.093994140625
2024-08-09 22:00:00,3370.552490234375,3682.197021484375,2662.376953125
2024-08-09 23:00:00,3370.552490234375,4065.87255859375,2758.148681640625
2024-08-10 00:00:00,3287.3819580078125,4086.1064453125,2732.8446044921875
2024-08-10 01:00:00,3267.1329345703125,2695.6138916015625,2387.2276611328125
2024-08-10 02:00:00,3317.338134765625,2856.564208984375,2459.3359375
2024-08-10 03:00:00,3481.07666015625,3551.97509765625,2617.44384765625
2024-08-10 04:00:00,3481.07666015625,3551.97509765625,2580.702392578125
2024-08-10 05:00:00,3113.247802734375,3093.3173828125,2580.702392578125
2024-08-10 06:00:00,2781.6962890625,3093.3173828125,2580.702392578125
2024-08-10 07:00:00,2781.6962890625,3188.2158203125,2481.42236328125
2024-08-10 08:00:00,2832.20556640625,3188.2158203125,2590.70556640625
2024-08-10 09:00:00,2837.046142578125,3223.28662109375,2590.70556640625
2024-08-10 10:00:00,3397.160400390625,3155.308837890625,2620.276611328125
2024-08-10 11:00:00,3397.160400390625,2805.75,2620.276611328125
2024-08-10 12:00:00,3189.97021484375,2562.728271484375,2611.60595703125
2024-08-10 13:00:00,3090.08642578125,2562.728271484375,2506.137939453125
2024-08-10 14:00:00,2694.365478515625,2571.82568359375,2506.137939453125
2024-08-10 15:00:00,2694.365478515625,2635.27783203125,2506.137939453125
2024-08-10 16:00:00,2589.817138671875,2677.72509765625,2389.61572265625
2024-08-10 17:00:00,2573.592529296875,2683.838134765625,2389.61572265625
2024-08-10 18:00:00,2573.592529296875,2850.15283203125,2495.728271484375
2024-08-10 19:00:00,2913.548583984375,2871.8251953125,2567.514404296875
2024-08-10 20:00:00,2988.899658203125,3026.5126953125,2737.045166015625
2024-08-10 21:00:00,3129.4541015625,3214.826416015625,2768.32373046875
2024-08-10 22:00:00,3501.87841796875,3655.832763671875,3080.216064453125
2024-08-10 23:00:00,3591.385009765625,3712.394775390625,3080.216064453125
2024-08-11 00:00:00,3678.325927734375,3814.0531005859375,3101.7698974609375
2024-08-11 01:00:00,3477.9764404296875,2451.519775390625,2441.3673095703125
2024-08-11 02:00:00,3544.895751953125,2496.51416015625,2561.15869140625
2024-08-11 03:00:00,3544.895751953125,2703.372314453125,2561.15869140625
2024-08-11 04:00:00,3544.895751953125,2621.965576171875,2524.580322265625
2024-08-11 05:00:00,3363.65673828125,2958.64794921875,2524.580322265625
2024-08-11 06:00:00,3131.714111328125,3271.7236328125,2716.5341796875
2024-08-11 07:00:00,2875.38623046875,3271.7236328125,2716.5341796875
2024-08-11 08:00:00,3116.254638671875,2804.843994140625,2600.38525390625
2024-08-11 09:00:00,3097.14404296875,2804.843994140625,2600.38525390625
2024-08-11 10:00:00,3097.14404296875,2853.955322265625,2670.143310546875
2024-08-11 11:00:00,3097.14404296875,2900.67138671875,2670.143310546875
2024-08-11 12:00:00,3086.6005859375,2989.818603515625,2660.844482421875
2024-08-11 13:00:00,3076.612060546875,2989.818603515625,2660.844482421875
2024-08-11 14:00:00,3049.021484375,2884.695556640625,2676.636474609375
2024-08-11 15:00:00,2840.80810546875,2863.120361328125,2676.636474609375
2024-08-11 16:00:00,2794.47021484375,2608.58349609375,2342.3564453125
2024-08-11 17:00:00,2715.2734375,2608.58349609375,2267.82958984375
2024-08-11 18:00:00,2746.81103515625,2608.58349609375,2267.82958984375
2024-08-11 19:00:00,2746.81103515625,2741.405029296875,2493.179931640625
2024-08-11 20:00:00,2856.50927734375,2750.286376953125,2493.179931640625
2024-08-11 21:00:00,3018.261474609375,2897.296875,2493.179931640625
2024-08-11 22:00:00,3445.472900390625,3481.274169921875,2695.874267578125
2024-08-11 23:00:00,3445.472900390625,3481.274169921875,2695.874267578125
2024-08-12 00:00:00,3551.233154296875,3424.396240234375,2565.7918701171875
2024-08-12 01:00:00,3142.0848388671875,2506.523193359375,1998.2174072265625
2024-08-12 02:00:00,3142.373291015625,2478.502197265625,2044.7318115234375
2024-08-12 03:00:00,3126.082275390625,2478.502197265625,2216.9130859375
2024-08-12 04:00:00,2899.1787109375,2662.461181640625,2372.057373046875
2024-08-12 05:00:00,2699.784912109375,2680.961669921875,2376.95751953125
2024-08-12 06:00:00,2666.938720703125,2680.961669921875,2376.95751953125
2024-08-12 07:00:00,2666.938720703125,2797.7607421875,2475.579345703125
2024-08-12 08:00:00,2833.623779296875,3114.34033203125,2475.579345703125
2024-08-12 09:00:00,2833.623779296875,3114.34033203125,2507.349365234375
2024-08-12 10:00:00,2873.155517578125,2918.126953125,2590.75537109375
2024-08-12 11:00:00,2947.108154296875,2833.151123046875,2507.349365234375
2024-08-12 12:00:00,3009.88330078125,2833.151123046875,2441.1640625
2024-08-12 13:00:00,3327.65771484375,2839.873291015625,2441.1640625
2024-08-12 14:00:00,3327.65771484375,2941.88916015625,2650.41943359375
2024-08-12 15:00:00,3497.69140625,2955.071533203125,2650.41943359375
2024-08-12 16:00:00,3277.9873046875,2941.88916015625,2314.71826171875
2024-08-12 17:00:00,2747.544921875,2741.557861328125,1975.0052490234375
2024-08-12 18:00:00,2624.033203125,2678.0732421875,1849.9359130859375
2024-08-12 19:00:00,2624.033203125,2678.0732421875,1849.9359130859375
2024-08-12 20:00:00,2838.927978515625,2769.78759765625,2546.91748046875
2024-08-12 21:00:00,3026.493408203125,3082.71728515625,2669.93603515625
2024-08-12 22:00:00,3312.0576171875,3467.094970703125,2690.544921875
2024-08-12 23:00:00,3312.0576171875,3616.23974609375,2690.544921875
2024-08-13 00:00:00,3072.3846435546875,3659.3663330078125,2717.180908203125
2024-08-13 01:00:00,2684.661376953125,2242.57275390625,1844.0193481445312
2024-08-13 02:00:00,2683.727294921875,2254.115478515625,1936.625
2024-08-13 03:00:00,2559.837890625,2555.962158203125,1947.2808837890625
2024-08-13 04:00:00,2537.67431640625,2805.9404296875,2100.772216796875
2024-08-13 05:00:00,2559.837890625,2857.10302734375,2100.772216796875
2024-08-13 06:00:00,2537.67431640625,2937.63623046875,2100.772216796875
2024-08-13 07:00:00,2474.71728515625,2937.63623046875,2187.28955078125
2024-08-13 08:00:00,2474.71728515625,2599.388671875,2437.28662109375
2024-08-13 09:00:00,2709.80126953125,2598.4482421875,2260.751220703125
2024-08-13 10:00:00,2734.482421875,2599.388671875,2320.737548828125
2024-08-13 11:00:00,2734.482421875,2546.893310546875,2260.751220703125
2024-08-13 12:00:00,2734.482421875,2546.893310546875,2187.505859375
2024-08-13 13:00:00,2710.546630859375,2519.38037109375,2187.505859375
2024-08-13 14:00:00,2584.126220703125,2514.933349609375,2294.4296875
2024-08-13 15:00:00,2559.54150390625,2472.927001953125,2294.4296875
2024-08-13 16:00:00,2533.8134765625,2472.927001953125,2049.635498046875
2024-08-13 17:00:00,2533.8134765625,2469.57373046875,2003.046142578125
2024-08-13 18:00:00,2651.506103515625,2469.57373046875,2003.046142578125
2024-08-13 19:00:00,2853.747314453125,2810.092041015625,2095.835205078125
2024-08-13 20:00:00,3184.341064453125,2810.092041015625,2240.3583984375
2024-08-13 21:00:00,3459.369873046875,2810.092041015625,2440.138916015625
2024-08-13 22:00:00,3459.369873046875,3473.219482421875,2773.74169921875
2024-08-13 23:00:00,3382.642822265625,3473.219482421875,2778.9521484375
2024-08-14 00:00:00,3194.24560546875,3489.119140625,2826.331298828125
2024-08-14 01:00:00,2879.6822509765625,2877.9827880859375,2231.3631591796875
2024-08-14 02:00:00,2836.771728515625,2817.529296875,2213.3017578125
2024-08-14 03:00:00,2617.587890625,2741.187255859375,2085.021484375
2024-08-14 04:00:00,2617.587890625,2769.5048828125,2085.021484375
2024-08-14 05:00:00,2989.765625,2769.5048828125,2022.9700927734375
2024-08-14 06:00:00,3007.46240234375,2771.2451171875,2037.3466796875
2024-08-14 07:00:00,3007.46240234375,2849.02685546875,2037.3466796875
2024-08-14 08:00:00,2977.653076171875,2908.1025390625,2155.535400390625
2024-08-14 09:00:00,2977.653076171875,2908.1025390625,2155.535400390625
2024-08-14 10:00:00,2977.653076171875,2584.792724609375,2162.635986328125
2024-08-14 11:00:00,2784.16552734375,2431.18994140625,2317.293212890625
2024-08-14 12:00:00,2784.16552734375,2431.18994140625,2324.2392578125
2024-08-14 13:00:00,3146.400390625,2696.88525390625,2574.713134765625
2024-08-14 14:00:00,3146.400390625,2696.88525390625,2574.713134765625
2024-08-14 15:00:00,2717.489990234375,2416.69677734375,2394.3798828125
2024-08-14 16:00:00,2577.084228515625,2365.88623046875,2309.23779296875
2024-08-14 17:00:00,2576.23876953125,2365.88623046875,1984.6329345703125
2024-08-14 18:00:00,2577.084228515625,2426.79638671875,1984.6329345703125
2024-08-14 19:00:00,2625.254150390625,2451.85595703125,2070.07177734375
2024-08-14 20:00:00,2718.46240234375,2609.992919921875,2368.504638671875
2024-08-14 21:00:00,2808.3818359375,2793.12841796875,2512.041259765625
2024-08-14 22:00:00,3176.906494140625,3397.09814453125,2512.041259765625
2024-08-14 23:00:00,3176.906494140625,3397.09814453125,2591.2431640625
2024-08-15 00:00:00,3100.51611328125,3289.1549072265625,2523.4146728515625
2024-08-15 01:00:00,2936.3408203125,2927.2607421875,2529.740966796875
2024-08-15 02:00:00,2882.30078125,2819.43701171875,2452.0439453125
2024-08-15 03:00:00,2833.0615234375,2819.43701171875,2382.977294921875
2024-08-15 04:00:00,2833.0615234375,2980.158203125,2382.977294921875
2024-08-15 05:00:00,2839.044677734375,2980.158203125,2382.977294921875
2024-08-15 06:00:00,2839.044677734375,3085.59814453125,2395.1220703125
2024-08-15 07:00:00,2808.22998046875,2953.678466796875,2395.1220703125
2024-08-15 08:00:00,2649.408935546875,2616.5908203125,2395.1220703125
2024-08-15 09:00:00,2803.943359375,2445.69140625,2286.58154296875
2024-08-15 10:00:00,2646.382080078125,2445.69140625,2286.58154296875
2024-08-15 11:00:00,2803.943359375,2540.1103515625,2328.831787109375
2024-08-15 12:00:00,3069.741943359375,2667.7314453125,2404.729248046875
2024-08-15 13:00:00,3172.17529296875,2822.26708984375,2452.985107421875
2024-08-15 14:00:00,3268.221923828125,2853.176025390625,2452.985107421875
2024-08-15 15:00:00,3268.221923828125,2853.176025390625,2459.57666015625
2024-08-15 16:00:00,3050.296875,2853.176025390625,2363.961181640625
2024-08-15 17:00:00,2449.71435546875,2480.654296875,2363.961181640625
2024-08-15 18:00:00,2441.763916015625,2426.4365234375,2107.480712890625
2024-08-15 19:00:00,2442.32470703125,2426.4365234375,2107.480712890625
2024-08-15 20:00:00,2442.32470703125,2501.70556640625,2204.285400390625
2024-08-15 21:00:00,2651.538818359375,2649.32080078125,2268.48779296875
2024-08-15 22:00:00,3184.528564453125,3180.141845703125,2435.8984375
2024-08-15 23:00:00,3184.528564453125,3244.1064453125,2435.8984375
2024-08-16 00:00:00,3088.9078369140625,3273.5218505859375,2463.5189208984375
2024-08-16 01:00:00,2663.0648193359375,3185.248779296875,2566.9697265625
2024-08-16 02:00:00,2596.66162109375,3159.791259765625,2807.531494140625
2024-08-16 03:00:00,2596.66162109375,3159.791259765625,2807.531494140625
2024-08-16 04:00:00,2683.93212890625,3067.23193359375,2662.880126953125
2024-08-16 05:00:00,2701.8818359375,2954.23486328125,2641.484130859375
2024-08-16 06:00:00,2683.93212890625,2873.2490234375,2548.80126953125
2024-08-16 07:00:00,2676.773193359375,2855.729736328125,2609.36328125
2024-08-16 08:00:00,2568.461181640625,2603.69384765625,2548.80126953125
2024-08-16 09:00:00,2565.410888671875,2415.37744140625,2253.203857421875
2024-08-16 10:00:00,2556.328125,2333.053466796875,2209.217041015625
2024-08-16 11:00:00,2556.328125,2333.053466796875,2209.217041015625
2024-08-16 12:00:00,2842.0205078125,2615.308349609375,2324.016845703125
2024-08-16 13:00:00,2963.93359375,2667.70947265625,2324.016845703125
2024-08-16 14:00:00,2963.93359375,2615.308349609375,2272.6396484375
2024-08-16 15:00:00,2852.942138671875,2540.962646484375,2272.6396484375
2024-08-16 16:00:00,2664.628173828125,2367.7666015625,2376.2236328125
2024-08-16 17:00:00,2571.46142578125,2367.7666015625,2376.2236328125
2024-08-16 18:00:00,2571.46142578125,2405.943115234375,2342.453857421875
2024-08-16 19:00:00,2474.264404296875,2421.066650390625,2302.12353515625
2024-08-16 20:00:00,2474.264404296875,2612.16162109375,2270.864501953125
2024-08-16 21:00:00,2474.264404296875,2612.16162109375,2302.12353515625
2024-08-16 22:00:00,2967.306396484375,3051.009765625,2406.080810546875
2024-08-16 23:00:00,2967.306396484375,3385.376220703125,2406.080810546875
2024-08-17 00:00:00,2831.8699951171875,3385.686279296875,2435.0767822265625
2024-08-17 01:00:00,2445.0906982421875,2576.3916015625,1993.9918823242188
2024-08-17 02:00:00,2436.4755859375,2619.83642578125,2039.19384765625
2024-08-17 03:00:00,2436.4755859375,2677.5478515625,2262.153564453125
2024-08-17 04:00:00,2350.588134765625,2677.5478515625,2293.219482421875
2024-08-17 05:00:00,2247.432373046875,2831.01806640625,2293.219482421875
2024-08-17 06:00:00,2247.432373046875,2837.28173828125,2300.46240234375
2024-08-17 07:00:00,2444.494384765625,2837.28173828125,2300.46240234375
2024-08-17 08:00:00,2449.9375,2706.6396484375,2122.85791015625
2024-08-17 09:00:00,2509.482421875,2511.603515625,2122.85791015625
2024-08-17 10:00:00,2509.482421875,2257.599609375,2188.5732421875
2024-08-17 11:00:00,2672.526123046875,2257.599609375,2317.627685546875
2024-08-17 12:00:00,2672.526123046875,2674.861083984375,2495.42822265625
2024-08-17 13:00:00,2708.580810546875,2674.861083984375,2495.42822265625
2024-08-17 14:00:00,2708.580810546875,2674.861083984375,2425.42529296875
2024-08-17 15:00:00,2736.2724609375,2451.8115234375,2360.57958984375
2024-08-17 16:00:00,2736.2724609375,2373.793212890625,2182.642822265625
2024-08-17 17:00:00,2643.307861328125,2160.87646484375,2113.760498046875
2024-08-17 18:00:00,2643.307861328125,2160.87646484375,2113.760498046875
2024-08-17 19:00:00,2762.302978515625,2449.359375,2203.585205078125
2024-08-17 20:00:00,2826.92529296875,2509.956787109375,2334.3779296875
2024-08-17 21:00:00,2878.480712890625,2582.99169921875,2456.29052734375
2024-08-17 22:00:00,3061.648193359375,3143.984375,2569.662109375
2024-08-17 23:00:00,3061.648193359375,3155.42138671875,2569.662109375
2024-08-18 00:00:00,2982.9267578125,3209.3536376953125,2656.9991455078125
2024-08-18 01:00:00,2855.4354248046875,2784.3065185546875,1915.6565551757812
2024-08-18 02:00:00,3149.698486328125,3072.70068359375,2117.977783203125
2024-08-18 03:00:00,3149.698486328125,3072.70068359375,2212.608154296875
2024-08-18 04:00:00,3062.65478515625,3087.458251953125,2212.608154296875
2024-08-18 05:00:00,2951.35888671875,3001.947509765625,1999.77587890625
2024-08-18 06:00:00,2804.966796875,2798.626708984375,1999.77587890625
2024-08-18 07:00:00,2595.677978515625,2663.194580078125,2030.6114501953125
2024-08-18 08:00:00,2572.683837890625,2565.216796875,2194.53564453125
2024-08-18 09:00:00,2485.349365234375,2530.108642578125,2269.33203125
2024-08-18 10:00:00,2485.349365234375,2530.108642578125,2343.328369140625
2024-08-18 11:00:00,3128.40234375,2534.841796875,2343.328369140625
2024-08-18 12:00:00,3378.609375,2698.789306640625,2343.328369140625
2024-08-18 13:00:00,3378.609375,2926.917724609375,2302.783203125
2024-08-18 14:00:00,3378.609375,2965.987060546875,2271.762939453125
2024-08-18 15:00:00,3263.728515625,2926.917724609375,2271.762939453125
2024-08-18 16:00:00,2839.035888671875,2932.38916015625,2358.58349609375
2024-08-18 17:00:00,2600.28662109375,2747.58740234375,2358.58349609375
2024-08-18 18:00:00,2600.28662109375,2870.966552734375,2093.833740234375
2024-08-18 19:00:00,2914.345703125,2870.966552734375,2093.833740234375
2024-08-18 20:00:00,3158.39306640625,3049.236328125,3065.4091796875
2024-08-18 21:00:00,3344.951904296875,3083.39013671875,3231.7900390625
2024-08-18 22:00:00,3923.62451171875,3337.706298828125,3231.7900390625
2024-08-18 23:00:00,4215.53369140625,3337.706298828125,3000.705810546875
2024-08-19 00:00:00,4299.518798828125,3219.844482421875,2969.0377197265625
2024-08-19 01:00:00,3769.0150146484375,2393.69091796875,2038.1047973632812
2024-08-19 02:00:00,3577.375,2538.475341796875,2151.715576171875
2024-08-19 03:00:00,3488.85693359375,2574.5400390625,2337.349609375
2024-08-19 04:00:00,3488.85693359375,2689.389404296875,2431.33349609375
2024-08-19 05:00:00,3448.13720703125,3024.729248046875,2337.349609375
2024-08-19 06:00:00,3951.458984375,3287.647216796875,2311.507080078125
2024-08-19 07:00:00,3499.224853515625,3203.80126953125,2311.507080078125
2024-08-19 08:00:00,3499.224853515625,3203.80126953125,2229.667236328125
2024-08-19 09:00:00,3000.177734375,2674.755126953125,2150.631103515625
2024-08-19 10:00:00,2784.74365234375,2655.765380859375,2150.631103515625
2024-08-19 11:00:00,2749.162353515625,2655.765380859375,2179.864013671875
2024-08-19 12:00:00,2784.74365234375,2672.544189453125,2284.294677734375
2024-08-19 13:00:00,2749.162353515625,2796.993896484375,2284.294677734375
2024-08-19 14:00:00,2738.50341796875,2885.53759765625,2154.861083984375
2024-08-19 15:00:00,2738.50341796875,2885.53759765625,2123.4013671875
2024-08-19 16:00:00,2543.713134765625,2777.34326171875,2123.4013671875
2024-08-19 17:00:00,2537.64990234375,2777.34326171875,2123.4013671875
2024-08-19 18:00:00,2537.64990234375,3004.600830078125,2311.52587890625
2024-08-19 19:00:00,2655.747314453125,3004.600830078125,2311.52587890625
2024-08-19 20:00:00,2655.747314453125,2690.979736328125,2010.1949462890625
2024-08-19 21:00:00,2655.747314453125,2690.979736328125,1975.2041015625
2024-08-19 22:00:00,2841.052734375,2805.21240234375,1975.2041015625
2024-08-19 23:00:00,3190.99462890625,3027.61572265625,2368.679931640625
2024-08-20 00:00:00,3286.3197021484375,3064.7564697265625,2481.2989501953125
2024-08-20 01:00:00,2787.0498046875,2551.346923828125,1688.7963256835938
2024-08-20 02:00:00,2793.610107421875,2448.404052734375,1608.7177734375
2024-08-20 03:00:00,2910.459716796875,2448.404052734375,1608.7177734375
2024-08-20 04:00:00,2793.610107421875,2494.52978515625,1943.9864501953125
2024-08-20 05:00:00,2777.150146484375,2568.35498046875,2373.8544921875
2024-08-20 06:00:00,2777.150146484375,2568.35498046875,2476.7958984375
2024-08-20 07:00:00,2768.751220703125,2552.86865234375,2465.380126953125
2024-08-20 08:00:00,2804.23486328125,2552.86865234375,2476.7958984375
2024-08-20 09:00:00,2789.06396484375,2962.3740234375,2465.380126953125
2024-08-20 10:00:00,2804.23486328125,2962.3740234375,2329.124755859375
2024-08-20 11:00:00,2840.3955078125,2962.3740234375,2329.124755859375
2024-08-20 12:00:00,2840.3955078125,2980.386474609375,2428.78466796875
2024-08-20 13:00:00,2845.52685546875,3004.43896484375,2517.40087890625
2024-08-20 14:00:00,2626.57958984375,2980.386474609375,2517.40087890625
2024-08-20 15:00:00,2626.73876953125,2758.515625,2497.87451171875
2024-08-20 16:00:00,2575.93115234375,2605.763671875,2497.87451171875
2024-08-20 17:00:00,2619.061279296875,2586.12451171875,2645.83544921875
2024-08-20 18:00:00,2619.061279296875,2605.763671875,2645.83544921875
2024-08-20 19:00:00,2882.063720703125,3057.920654296875,2514.70849609375
2024-08-20 20:00:00,2895.044677734375,3534.972412109375,2514.70849609375
2024-08-20 21:00:00,3379.66796875,4951.50927734375,3540.714111328125
2024-08-20 22:00:00,3871.01708984375,4951.50927734375,3725.220458984375
2024-08-20 23:00:00,4188.13525390625,4951.50927734375,3787.89013671875
2024-08-21 00:00:00,4483.09912109375,5133.375732421875,3861.7811279296875
2024-08-21 01:00:00,4873.5029296875,5767.506103515625,4035.768310546875
2024-08-21 02:00:00,5045.52587890625,6674.72802734375,4546.31396484375
2024-08-21 03:00:00,5108.59521484375,6706.93408203125,4869.01123046875
2024-08-21 04:00:00,5306.376953125,6706.93408203125,4869.01123046875
2024-08-21 05:00:00,5306.376953125,6027.35400390625,4592.28466796875
2024-08-21 06:00:00,4754.82861328125,6027.35400390625,3992.183837890625
2024-08-21 07:00:00,4754.82861328125,6070.962890625,3992.183837890625
2024-08-21 08:00:00,4853.625,6528.3115234375,5807.43017578125
2024-08-21 09:00:00,5993.408203125,8214.3662109375,6644.34521484375
2024-08-21 10:00:00,5993.408203125,8564.962890625,6644.34521484375
2024-08-21 11:00:00,5810.36083984375,8557.7333984375,6012.67919921875
2024-08-21 12:00:00,5810.36083984375,8557.7333984375,5911.32373046875
2024-08-21 13:00:00,6143.59765625,8557.7333984375,5911.32373046875
2024-08-21 14:00:00,6781.6845703125,9268.72265625,7452.23291015625
2024-08-21 15:00:00,6826.083984375,10695.2822265625,7490.5498046875
2024-08-21 16:00:00,7784.6806640625,11305.474609375,7834.97216796875
2024-08-21 17:00:00,8036.435546875,11401.0595703125,7834.97216796875
2024-08-21 18:00:00,7784.6806640625,11854.6484375,7834.97216796875
2024-08-21 19:00:00,7807.77294921875,11882.7568359375,7947.2568359375
2024-08-21 20:00:00,7807.77294921875,11882.7568359375,8316.7060546875
2024-08-21 21:00:00,8152.06005859375,11882.7568359375,8375.5634765625
2024-08-21 22:00:00,8695.455078125,12651.763671875,9130.1806640625
2024-08-21 23:00:00,8787.412109375,13323.369140625,10437.751953125
2024-08-22 00:00:00,9079.00830078125,13540.86376953125,10526.0361328125
2024-08-22 01:00:00,9237.87109375,12792.505859375,9633.98974609375
2024-08-22 02:00:00,9387.8994140625,12758.83203125,9531.109375
2024-08-22 03:00:00,9387.8994140625,12491.7490234375,9363.294921875
2024-08-22 04:00:00,9202.7412109375,11939.0302734375,8524.224609375
2024-08-22 05:00:00,8320.419921875,11774.0126953125,8302.0283203125
2024-08-22 06:00:00,8320.419921875,11667.1123046875,8188.5439453125
2024-08-22 07:00:00,8320.419921875,11533.6416015625,8016.45703125
2024-08-22 08:00:00,6999.51904296875,10997.3310546875,7559.07568359375
2024-08-22 09:00:00,6603.33642578125,10260.125,7495.32568359375
2024-08-22 10:00:00,6600.5712890625,10260.125,7559.07568359375
2024-08-22 11:00:00,6600.5712890625,11587.3896484375,8903.4033203125
2024-08-22 12:00:00,6997.39306640625,13056.703125,10057.369140625
2024-08-22 13:00:00,8600.3486328125,13383.2099609375,10162.84375
2024-08-22 14:00:00,9927.6396484375,14308.310546875,11590.734375
2024-08-22 15:00:00,11194.84375,15168.8984375,13824.8818359375
2024-08-22 16:00:00,12204.546875,15213.3271484375,14255.9765625
2024-08-22 17:00:00,12524.765625,15689.7880859375,14499.3505859375
2024-08-22 18:00:00,12613.75,16261.9560546875,14896.8779296875
2024-08-22 19:00:00,13059.17578125,16313.2373046875,15089.0927734375
2024-08-22 20:00:00,13631.1181640625,17196.169921875,15752.3974609375
2024-08-22 21:00:00,13631.1181640625,17827.66015625,16279.3095703125
2024-08-22 22:00:00,13313.44921875,18373.369140625,16534.431640625
2024-08-22 23:00:00,13313.44921875,18437.763671875,17060.630859375
2024-08-23 00:00:00,13911.15283203125,18767.5771484375,17122.4501953125
2024-08-23 01:00:00,14049.4228515625,17602.1572265625,16697.1123046875
2024-08-23 02:00:00,14225.4150390625,17573.154296875,16719.01953125
2024-08-23 03:00:00,14258.798828125,17631.16015625,17089.591796875
2024-08-23 04:00:00,14675.939453125,18176.783203125,17400.892578125
2024-08-23 05:00:00,15148.123046875,18212.322265625,17522.017578125
2024-08-23 06:00:00,15908.181640625,18212.322265625,17594.244140625
2024-08-23 07:00:00,15908.181640625,18094.96484375,17594.244140625
2024-08-23 08:00:00,15222.0107421875,17637.40625,16654.482421875
2024-08-23 09:00:00,14748.896484375,17619.236328125,16414.51171875
2024-08-23 10:00:00,14748.896484375,16141.8984375,15279.6142578125
2024-08-23 11:00:00,14049.23828125,15993.3818359375,14919.6279296875
2024-08-23 12:00:00,12532.3564453125,14985.8076171875,13951.6025390625
2024-08-23 13:00:00,12172.318359375,13793.955078125,13069.0576171875
2024-08-23 14:00:00,10706.9150390625,10550.1123046875,9471.833984375
2024-08-23 15:00:00,8942.962890625,9731.4423828125,8144.607421875
2024-08-23 16:00:00,8395.3056640625,8219.765625,7536.9384765625
2024-08-23 17:00:00,7247.41650390625,8087.03857421875,6335.80712890625
2024-08-23 18:00:00,7247.41650390625,8087.03857421875,6335.80712890625
2024-08-23 19:00:00,8351.0556640625,9434.240234375,7500.29052734375
2024-08-23 20:00:00,9410.5693359375,11320.95703125,9745.1904296875
2024-08-23 21:00:00,11822.2412109375,13465.2109375,11289.8837890625
2024-08-23 22:00:00,12299.3828125,13490.2333984375,11540.2060546875
2024-08-23 23:00:00,12589.072265625,15346.87109375,12233.5185546875
2024-08-24 00:00:00,12601.65771484375,15382.1533203125,12312.1884765625
2024-08-24 01:00:00,13106.275390625,15353.49755859375,13265.03662109375
2024-08-24 02:00:00,13349.3203125,15581.4443359375,12926.2333984375
2024-08-24 03:00:00,13768.5048828125,15232.88671875,12759.63671875
2024-08-24 04:00:00,13768.5048828125,15232.88671875,11174.29296875
2024-08-24 05:00:00,12755.779296875,14602.6796875,10788.625
2024-08-24 06:00:00,12742.138671875,13418.64453125,10683.248046875
2024-08-24 07:00:00,10781.4482421875,11211.451171875,9058.8203125
2024-08-24 08:00:00,9394.775390625,10908.7841796875,7677.55615234375
2024-08-24 09:00:00,7616.8125,8953.388671875,5996.56396484375
2024-08-24 10:00:00,5711.09765625,8089.736328125,4062.3193359375
2024-08-24 11:00:00,5084.79345703125,5195.5107421875,3941.33203125
2024-08-24 12:00:00,3453.1728515625,3611.398681640625,2327.921875
2024-08-24 13:00:00,3251.983642578125,2821.3603515625,2022.4398193359375
2024-08-24 14:00:00,2781.30810546875,2586.282958984375,1833.178466796875
2024-08-24 15:00:00,2585.612060546875,2502.505126953125,1833.178466796875
2024-08-24 16:00:00,2585.612060546875,2502.505126953125,1960.392578125
2024-08-24 17:00:00,2585.612060546875,2546.364990234375,1962.496337890625
2024-08-24 18:00:00,2601.960205078125,2698.282470703125,1971.73388671875
2024-08-24 19:00:00,3419.412353515625,3079.0693359375,2549.505859375
2024-08-24 20:00:00,3713.558349609375,3544.182861328125,2866.017578125
2024-08-24 21:00:00,3840.560546875,4030.194580078125,2983.20947265625
2024-08-24 22:00:00,5066.6416015625,5192.0888671875,3877.27392578125
2024-08-24 23:00:00,5066.6416015625,5192.0888671875,3877.27392578125
2024-08-25 00:00:00,4871.185302734375,5011.960205078125,3521.3704833984375
2024-08-25 01:00:00,3823.7530517578125,3988.7615966796875,2387.42529296875
2024-08-25 02:00:00,3779.562744140625,4745.79345703125,2365.941162109375
2024-08-25 03:00:00,3779.562744140625,5031.65966796875,2677.219482421875
2024-08-25 04:00:00,3779.562744140625,5369.8310546875,2877.54150390625
2024-08-25 05:00:00,3697.4970703125,5369.8310546875,3019.363037109375
2024-08-25 06:00:00,3697.4970703125,5306.77978515625,3115.48486328125
2024-08-25 07:00:00,3618.27783203125,4802.64208984375,3019.363037109375
2024-08-25 08:00:00,3618.27783203125,4064.4130859375,3095.150634765625
2024-08-25 09:00:00,3240.627197265625,3361.844970703125,2918.89697265625
2024-08-25 10:00:00,2969.228271484375,2912.754638671875,2507.318115234375
2024-08-25 11:00:00,2739.163330078125,2715.064208984375,2401.362548828125
2024-08-25 12:00:00,2594.512939453125,2610.183349609375,2332.25732421875
2024-08-25 13:00:00,2427.548828125,2402.298095703125,2147.094482421875
2024-08-25 14:00:00,2084.990234375,2402.298095703125,1999.1905517578125
2024-08-25 15:00:00,2084.990234375,2715.2021484375,1999.1905517578125
2024-08-25 16:00:00,2419.811279296875,2715.2021484375,2270.047607421875
2024-08-25 17:00:00,2419.811279296875,2715.2021484375,2413.667724609375
2024-08-25 18:00:00,2316.81640625,3075.223876953125,2413.667724609375
2024-08-25 19:00:00,2316.81640625,3160.62890625,2413.667724609375
2024-08-25 20:00:00,3054.187255859375,3278.726318359375,2296.485595703125
2024-08-25 21:00:00,3094.73876953125,3346.889404296875,2620.6611328125
2024-08-25 22:00:00,3882.00341796875,4021.531005859375,2763.876708984375
2024-08-25 23:00:00,3914.816650390625,4021.531005859375,2763.876708984375
2024-08-26 00:00:00,3906.4840087890625,3890.98779296875,2850.7034912109375
2024-08-26 01:00:00,3145.8502197265625,3114.0640869140625,2566.23388671875
2024-08-26 02:00:00,2941.9404296875,3132.171630859375,2443.11865234375
2024-08-26 03:00:00,2941.9404296875,3140.21728515625,2179.4833984375
2024-08-26 04:00:00,2974.11669921875,3140.21728515625,2179.4833984375
2024-08-26 05:00:00,2974.11669921875,3184.54345703125,2356.36572265625
2024-08-26 06:00:00,2963.643798828125,3184.54345703125,2391.663818359375
2024-08-26 07:00:00,2826.52392578125,3150.113037109375,2356.36572265625
2024-08-26 08:00:00,2505.5458984375,2909.038330078125,2219.9736328125
2024-08-26 09:00:00,2505.5458984375,2909.038330078125,2219.9736328125
2024-08-26 10:00:00,2505.5458984375,2650.9150390625,2141.3046875
2024-08-26 11:00:00,2482.021728515625,2650.9150390625,2141.3046875
2024-08-26 12:00:00,2325.731689453125,2446.187255859375,2071.912353515625
2024-08-26 13:00:00,2325.731689453125,2446.187255859375,2071.912353515625
2024-08-26 14:00:00,2526.88671875,2697.54833984375,2438.418212890625
2024-08-26 15:00:00,2526.88671875,2697.54833984375,2438.418212890625
2024-08-26 16:00:00,2513.330322265625,2413.685791015625,2024.24755859375
2024-08-26 17:00:00,2412.18212890625,2351.456298828125,2024.24755859375
2024-08-26 18:00:00,2513.330322265625,2413.685791015625,1813.3453369140625
2024-08-26 19:00:00,2722.14599609375,2581.481201171875,1911.7008056640625
2024-08-26 20:00:00,2879.4912109375,2984.313720703125,1911.7008056640625
2024-08-26 21:00:00,2997.87744140625,3036.88134765625,2048.459716796875
2024-08-26 22:00:00,3257.92724609375,3806.41650390625,2991.9970703125
2024-08-26 23:00:00,3759.265869140625,4199.080078125,3086.685546875
2024-08-27 00:00:00,3797.264404296875,4374.40478515625,3211.0712890625
2024-08-27 01:00:00,3159.2591552734375,3535.704833984375,2752.5040283203125
2024-08-27 02:00:00,3106.2431640625,3097.595458984375,2682.533935546875
2024-08-27 03:00:00,2648.910888671875,2516.176513671875,1987.80908203125
2024-08-27 04:00:00,2580.559326171875,2516.176513671875,1877.82470703125
2024-08-27 05:00:00,2575.94970703125,2690.860107421875,1877.82470703125
2024-08-27 06:00:00,2580.559326171875,2921.204345703125,2062.83447265625
2024-08-27 07:00:00,2661.931884765625,2690.860107421875,2109.422607421875
2024-08-27 08:00:00,2711.13427734375,2489.676025390625,2109.422607421875
2024-08-27 09:00:00,2711.13427734375,2489.676025390625,2048.880126953125
2024-08-27 10:00:00,2787.745361328125,2782.317138671875,2003.931884765625
2024-08-27 11:00:00,2787.745361328125,2880.453369140625,2048.880126953125
2024-08-27 12:00:00,2357.451904296875,2973.691650390625,2003.931884765625
2024-08-27 13:00:00,2357.451904296875,3012.8564453125,1917.991943359375
2024-08-27 14:00:00,2357.451904296875,3012.8564453125,1903.7513427734375
2024-08-27 15:00:00,2350.520751953125,2736.964111328125,1658.1593017578125
2024-08-27 16:00:00,2252.209716796875,2619.51220703125,1637.3101806640625
2024-08-27 17:00:00,2168.310791015625,2619.51220703125,1658.1593017578125
2024-08-27 18:00:00,2250.684814453125,2619.51220703125,1749.881103515625
2024-08-27 19:00:00,2250.684814453125,2740.904296875,2073.01318359375
2024-08-27 20:00:00,2403.219482421875,2830.808349609375,2073.01318359375
2024-08-27 21:00:00,2600.456787109375,3071.890625,2252.71533203125
2024-08-27 22:00:00,3336.10009765625,3530.593017578125,2736.118408203125
2024-08-27 23:00:00,3336.10009765625,3612.932861328125,2736.118408203125
2024-08-28 00:00:00,3307.642333984375,3681.652099609375,2829.78466796875
2024-08-28 01:00:00,3397.065185546875,3755.412353515625,2925.8934326171875
2024-08-28 02:00:00,3466.7451171875,3838.66259765625,2936.675537109375
2024-08-28 03:00:00,3466.7451171875,4062.896728515625,2936.675537109375
2024-08-28 04:00:00,3346.294921875,4095.11181640625,3152.24951171875
2024-08-28 05:00:00,3219.701904296875,4095.11181640625,3240.5205078125
2024-08-28 06:00:00,3219.701904296875,4030.018310546875,3422.781005859375
2024-08-28 07:00:00,3544.117431640625,4030.018310546875,3422.781005859375
2024-08-28 08:00:00,3803.876953125,4324.66162109375,3455.076171875
2024-08-28 09:00:00,3803.876953125,4524.07275390625,3669.299072265625
2024-08-28 10:00:00,3414.420654296875,4524.07275390625,3669.299072265625
2024-08-28 11:00:00,3022.869384765625,4240.01904296875,3138.135986328125
2024-08-28 12:00:00,2704.34228515625,3909.517822265625,2726.952880859375
2024-08-28 13:00:00,2704.34228515625,3549.69482421875,2702.552001953125
2024-08-28 14:00:00,2704.34228515625,3318.38232421875,2618.308837890625
2024-08-28 15:00:00,2600.065673828125,3102.50634765625,2580.79541015625
2024-08-28 16:00:00,2442.65625,3039.6728515625,2129.291748046875
2024-08-28 17:00:00,2442.65625,3039.46484375,2129.291748046875
2024-08-28 18:00:00,2498.388671875,3039.46484375,2369.949462890625
2024-08-28 19:00:00,2846.94580078125,3421.966064453125,2612.160400390625
2024-08-28 20:00:00,3035.763916015625,3421.966064453125,2623.32763671875
2024-08-28 21:00:00,3046.108642578125,3470.291015625,2879.410400390625
2024-08-28 22:00:00,3508.2607421875,4064.635986328125,3129.82958984375
2024-08-28 23:00:00,3545.711669921875,4064.74072265625,3129.82958984375
2024-08-29 00:00:00,3526.9862060546875,4064.6883544921875,2787.461181640625
2024-08-29 01:00:00,4408.689208984375,5037.8779296875,3833.2135009765625
2024-08-29 02:00:00,4357.8349609375,5490.73828125,3879.510498046875
2024-08-29 03:00:00,4622.55517578125,5763.76025390625,4085.5615234375
2024-08-29 04:00:00,4647.1220703125,6132.60107421875,4333.271484375
2024-08-29 05:00:00,4830.24755859375,6132.60107421875,4527.544921875
2024-08-29 06:00:00,5031.7744140625,6177.83154296875,4571.10791015625
2024-08-29 07:00:00,6286.52001953125,6812.75146484375,4571.10791015625
2024-08-29 08:00:00,6484.16259765625,8224.376953125,5415.72119140625
2024-08-29 09:00:00,7318.66259765625,8534.5869140625,6229.2197265625
2024-08-29 10:00:00,7586.74462890625,8534.5869140625,6229.2197265625
2024-08-29 11:00:00,7586.74462890625,8497.7265625,6215.05419921875
2024-08-29 12:00:00,6692.126953125,8497.7265625,6215.05419921875
2024-08-29 13:00:00,6554.271484375,9166.3701171875,6327.83935546875
2024-08-29 14:00:00,6692.126953125,9166.3701171875,6567.0322265625
2024-08-29 15:00:00,6945.794921875,9023.3271484375,6567.0322265625
2024-08-29 16:00:00,7205.89599609375,9023.3271484375,6401.849609375
2024-08-29 17:00:00,7042.9775390625,8974.0439453125,6287.73095703125
2024-08-29 18:00:00,7407.5048828125,9166.568359375,6176.6396484375
2024-08-29 19:00:00,7479.53857421875,9227.4931640625,6176.6396484375
2024-08-29 20:00:00,7479.53857421875,9426.009765625,6918.04638671875
2024-08-29 21:00:00,7895.640625,9892.017578125,7242.185546875
2024-08-29 22:00:00,8592.181640625,10471.9443359375,7340.53076171875
2024-08-29 23:00:00,8647.859375,10655.9892578125,7692.11083984375
2024-08-30 00:00:00,8641.6572265625,10697.35791015625,7806.21044921875
2024-08-30 01:00:00,8618.02783203125,10203.31494140625,7229.029541015625
2024-08-30 02:00:00,8497.8154296875,10055.1728515625,7150.126953125
2024-08-30 03:00:00,7723.18017578125,9708.5078125,7142.494140625
2024-08-30 04:00:00,7654.251953125,9414.4013671875,6709.3037109375
2024-08-30 05:00:00,6560.95751953125,9126.9306640625,6538.8349609375
2024-08-30 06:00:00,6496.447265625,9066.1025390625,6527.44140625
2024-08-30 07:00:00,6546.88818359375,8755.2978515625,5906.1748046875
2024-08-30 08:00:00,6237.16259765625,8334.5146484375,5835.61279296875
2024-08-30 09:00:00,5328.05908203125,7162.0576171875,4676.2958984375
2024-08-30 10:00:00,4359.84375,5321.3193359375,3448.057861328125
2024-08-30 11:00:00,4323.24267578125,4754.00048828125,3377.13671875
2024-08-30 12:00:00,3561.436767578125,4068.369140625,2692.5556640625
2024-08-30 13:00:00,3170.73779296875,3662.8994140625,2692.5556640625
2024-08-30 14:00:00,3114.84521484375,3662.8994140625,2692.5556640625
2024-08-30 15:00:00,2913.335693359375,3581.627197265625,2583.158935546875
2024-08-30 16:00:00,2913.335693359375,3896.1669921875,2583.158935546875
2024-08-30 17:00:00,3030.433349609375,3652.42578125,2617.257080078125
2024-08-30 18:00:00,3118.045166015625,3652.42578125,2617.257080078125
2024-08-30 19:00:00,3147.491455078125,3525.652099609375,2588.98583984375
2024-08-30 20:00:00,3147.491455078125,3463.744873046875,2472.854248046875
2024-08-30 21:00:00,3147.491455078125,3525.652099609375,2588.98583984375
2024-08-30 22:00:00,3422.064208984375,4091.45068359375,2503.33837890625
2024-08-30 23:00:00,3422.064208984375,4091.45068359375,2503.33837890625
2024-08-31 00:00:00,3430.7432861328125,4048.3651123046875,2409.8795166015625
2024-08-31 01:00:00,4092.7271728515625,4668.058837890625,2799.7623291015625
2024-08-31 02:00:00,4074.827392578125,4586.6123046875,2810.96435546875
2024-08-31 03:00:00,4057.47607421875,4515.82568359375,2788.560302734375
2024-08-31 04:00:00,3732.5458984375,4312.5546875,2819.63525390625
2024-08-31 05:00:00,3471.143798828125,4312.5546875,2691.663330078125
2024-08-31 06:00:00,3334.076904296875,3894.43798828125,2691.663330078125
2024-08-31 07:00:00,2927.20556640625,3272.80322265625,2183.8037109375
2024-08-31 08:00:00,2927.20556640625,3203.8291015625,2183.8037109375
2024-08-31 09:00:00,3098.783935546875,3203.8291015625,2371.588623046875
2024-08-31 10:00:00,3212.32861328125,3476.143310546875,2493.16796875
2024-08-31 11:00:00,3331.270263671875,3627.65478515625,2514.88623046875
2024-08-31 12:00:00,3467.322265625,3627.65478515625,2984.175537109375
2024-08-31 13:00:00,3331.270263671875,3649.460693359375,3011.982421875
2024-08-31 14:00:00,3388.444091796875,3360.83837890625,3070.138671875
2024-08-31 15:00:00,3183.64892578125,3360.83837890625,3070.138671875
2024-08-31 16:00:00,2628.177734375,2922.3349609375,2608.619140625
2024-08-31 17:00:00,2628.177734375,2840.4013671875,2499.068603515625
2024-08-31 18:00:00,2691.6767578125,2840.4013671875,2306.7685546875
2024-08-31 19:00:00,2874.221923828125,2877.763671875,2499.068603515625
2024-08-31 20:00:00,2907.439453125,2884.06396484375,2616.516357421875
2024-08-31 21:00:00,3225.365966796875,2884.06396484375,2692.98681640625
2024-08-31 22:00:00,3507.369384765625,3544.15869140625,2906.526123046875
2024-08-31 23:00:00,3510.797607421875,3603.36474609375,2921.558837890625
2024-09-01 00:00:00,3532.154052734375,3725.7581787109375,2988.329345703125
2024-09-01 01:00:00,3816.9666748046875,3644.0921630859375,2485.1654052734375
2024-09-01 02:00:00,4221.7724609375,3745.261962890625,2757.495361328125
2024-09-01 03:00:00,4634.93359375,4296.75732421875,3048.281005859375
2024-09-01 04:00:00,4914.81591796875,5129.21533203125,3409.232421875
2024-09-01 05:00:00,5263.2724609375,5520.41357421875,3543.185302734375
2024-09-01 06:00:00,5638.61279296875,6039.06591796875,4147.30126953125
2024-09-01 07:00:00,5834.337890625,6313.87109375,4147.30126953125
2024-09-01 08:00:00,5834.337890625,6039.06591796875,4077.063720703125
2024-09-01 09:00:00,5481.74853515625,4979.349609375,3513.5947265625
2024-09-01 10:00:00,5248.98193359375,4825.72021484375,3513.5947265625
2024-09-01 11:00:00,4863.37890625,4819.294921875,3642.80419921875
2024-09-01 12:00:00,4555.48388671875,4358.18896484375,3642.80419921875
2024-09-01 13:00:00,3908.208740234375,4072.19970703125,3465.958251953125
2024-09-01 14:00:00,3908.208740234375,4072.19970703125,3462.177490234375
2024-09-01 15:00:00,3798.23974609375,3997.817626953125,3206.468505859375
2024-09-01 16:00:00,3921.374267578125,4307.01025390625,2932.521240234375
2024-09-01 17:00:00,4004.1015625,4307.01025390625,2932.521240234375
2024-09-01 18:00:00,4293.52001953125,4424.833984375,3068.51123046875
2024-09-01 19:00:00,5112.0234375,5581.72265625,4080.34130859375
2024-09-01 20:00:00,7476.97412109375,6397.89111328125,4198.5478515625
2024-09-01 21:00:00,7493.34033203125,6875.1337890625,4421.30810546875
2024-09-01 22:00:00,8034.87255859375,7413.96240234375,5594.8740234375
2024-09-01 23:00:00,8034.87255859375,7440.673828125,5594.8740234375
2024-09-02 00:00:00,7557.30126953125,7712.207275390625,5159.5595703125
2024-09-02 01:00:00,6457.00146484375,6768.40966796875,3304.240234375
2024-09-02 02:00:00,5991.7744140625,6577.10205078125,3220.90576171875
2024-09-02 03:00:00,5511.09521484375,5798.98876953125,2914.752685546875
2024-09-02 04:00:00,5249.51025390625,5380.4248046875,2914.752685546875
2024-09-02 05:00:00,5077.306640625,5373.9326171875,2914.752685546875
2024-09-02 06:00:00,4167.60400390625,4237.6865234375,2651.8896484375
2024-09-02 07:00:00,3466.408203125,3777.22265625,2430.6943359375
2024-09-02 08:00:00,3156.6767578125,3682.813720703125,2564.349365234375
2024-09-02 09:00:00,3068.279052734375,2814.40234375,2550.68017578125
2024-09-02 10:00:00,2754.447021484375,2692.789306640625,2564.349365234375
2024-09-02 11:00:00,2676.649658203125,2692.789306640625,2623.054443359375
2024-09-02 12:00:00,2653.871826171875,3148.13525390625,2929.396484375
2024-09-02 13:00:00,2653.871826171875,3362.70849609375,3130.116943359375
2024-09-02 14:00:00,2653.871826171875,3367.954345703125,3059.176025390625
2024-09-02 15:00:00,3044.037353515625,3367.954345703125,3059.176025390625
2024-09-02 16:00:00,3169.08056640625,3367.954345703125,2578.73095703125
2024-09-02 17:00:00,3058.849365234375,3385.223388671875,2578.73095703125
2024-09-02 18:00:00,3129.2666015625,3437.781005859375,2646.94580078125
2024-09-02 19:00:00,3129.2666015625,3478.889404296875,2740.558837890625
2024-09-02 20:00:00,3712.8662109375,4139.3779296875,3585.29833984375
2024-09-02 21:00:00,5014.90771484375,5156.5029296875,4427.802734375
2024-09-02 22:00:00,5769.310546875,7219.0078125,5519.705078125
2024-09-02 23:00:00,6507.55908203125,8262.396484375,5632.763671875
2024-09-03 00:00:00,6577.307373046875,8564.31201171875,6158.2607421875
2024-09-03 01:00:00,5833.377685546875,7087.009521484375,5177.025390625
2024-09-03 02:00:00,5348.7998046875,6511.1474609375,4511.69384765625
2024-09-03 03:00:00,4623.330078125,5602.02783203125,4235.26953125
2024-09-03 04:00:00,4268.50537109375,5051.5859375,3947.29638671875
2024-09-03 05:00:00,4133.40625,4846.419921875,3748.447998046875
2024-09-03 06:00:00,3362.845947265625,4370.775390625,3612.2919921875
2024-09-03 07:00:00,3301.251953125,4187.5390625,3284.124755859375
2024-09-03 08:00:00,3159.654296875,4187.5390625,3187.011962890625
2024-09-03 09:00:00,3135.908203125,4030.851318359375,3054.83203125
2024-09-03 10:00:00,3107.3671875,3699.69482421875,2697.808349609375
2024-09-03 11:00:00,2922.90185546875,3696.68017578125,2629.251708984375
2024-09-03 12:00:00,2732.470947265625,3128.966552734375,2596.3134765625
2024-09-03 13:00:00,2568.28125,2985.4716796875,2405.74853515625
2024-09-03 14:00:00,2568.28125,2872.66357421875,2307.55615234375
2024-09-03 15:00:00,2539.287841796875,2805.708251953125,2307.55615234375
2024-09-03 16:00:00,2522.5234375,2798.154052734375,2307.55615234375
2024-09-03 17:00:00,2465.6826171875,2798.154052734375,1922.2027587890625
2024-09-03 18:00:00,2465.6826171875,2862.41357421875,1922.2027587890625
2024-09-03 19:00:00,2554.989013671875,3388.81591796875,2168.06640625
2024-09-03 20:00:00,2910.482177734375,3493.37451171875,2429.222900390625
2024-09-03 21:00:00,3172.885009765625,3611.49365234375,2598.30810546875
2024-09-03 22:00:00,3437.173095703125,4099.95947265625,2604.289306640625
2024-09-03 23:00:00,3437.173095703125,4099.95947265625,2604.289306640625
2024-09-04 00:00:00,3261.9881591796875,4009.5242919921875,2467.593017578125
2024-09-04 01:00:00,2759.7091064453125,2358.2210693359375,1857.7620849609375
2024-09-04 02:00:00,2730.685546875,2387.615966796875,1856.9471435546875
2024-09-04 03:00:00,2690.0849609375,2514.876220703125,1976.7279052734375
2024-09-04 04:00:00,2573.866943359375,2660.78076171875,1928.3330078125
2024-09-04 05:00:00,2573.866943359375,2663.81396484375,2016.3004150390625
2024-09-04 06:00:00,2659.754638671875,2857.46875,2094.689453125
2024-09-04 07:00:00,2697.874755859375,2857.46875,2094.689453125
2024-09-04 08:00:00,2716.017578125,2807.37353515625,2081.886474609375
2024-09-04 09:00:00,2734.716552734375,2807.37353515625,2081.886474609375
2024-09-04 10:00:00,2840.171142578125,2587.84765625,2206.511474609375
2024-09-04 11:00:00,2782.377197265625,2815.406494140625,2322.8173828125
2024-09-04 12:00:00,2983.483642578125,2831.957763671875,2216.26708984375
2024-09-04 13:00:00,2782.377197265625,2871.700439453125,2322.8173828125
2024-09-04 14:00:00,2575.6103515625,2918.63427734375,2216.26708984375
2024-09-04 15:00:00,2575.6103515625,2918.63427734375,2107.60888671875
2024-09-04 16:00:00,2663.15380859375,2726.253173828125,2107.60888671875
2024-09-04 17:00:00,2958.169677734375,2726.253173828125,2219.6923828125
2024-09-04 18:00:00,3075.8349609375,2922.08740234375,2574.91796875
2024-09-04 19:00:00,4086.81884765625,3909.614013671875,2681.7353515625
2024-09-04 20:00:00,4100.31640625,4115.068359375,2740.446533203125
2024-09-04 21:00:00,4552.03125,4155.58251953125,3056.036376953125
2024-09-04 22:00:00,5645.40869140625,5395.60009765625,4090.3759765625
2024-09-04 23:00:00,5863.65966796875,5711.5390625,4090.3759765625
2024-09-05 00:00:00,5970.727783203125,5765.228515625,4173.46044921875
2024-09-05 01:00:00,7828.62353515625,8325.712646484375,5330.8681640625
2024-09-05 02:00:00,8385.71484375,8796.0751953125,5924.5654296875
2024-09-05 03:00:00,9240.4921875,9644.5498046875,6397.4111328125
2024-09-05 04:00:00,10373.638671875,10753.638671875,7035.61962890625
2024-09-05 05:00:00,11573.763671875,12330.37890625,8154.32568359375
2024-09-05 06:00:00,12350.7060546875,13187.15625,9152.8232421875
2024-09-05 07:00:00,12350.7060546875,13187.15625,9152.8232421875
2024-09-05 08:00:00,11732.3955078125,12794.42578125,8773.849609375
2024-09-05 09:00:00,10812.8818359375,12383.7138671875,8505.3876953125
2024-09-05 10:00:00,10765.224609375,10722.2001953125,8162.4599609375
2024-09-05 11:00:00,8344.1337890625,8625.7119140625,5902.83154296875
2024-09-05 12:00:00,7638.75341796875,8497.3154296875,5902.83154296875
2024-09-05 13:00:00,7638.75341796875,8497.3154296875,5925.57666015625
2024-09-05 14:00:00,7693.1357421875,8883.716796875,6733.0927734375
2024-09-05 15:00:00,7708.92431640625,9028.697265625,6955.296875
2024-09-05 16:00:00,8080.931640625,9090.673828125,6978.60693359375
2024-09-05 17:00:00,8920.71875,10572.3642578125,7284.044921875
2024-09-05 18:00:00,8923.419921875,10961.0478515625,7495.4638671875
2024-09-05 19:00:00,10445.3984375,12136.8330078125,9405.7509765625
2024-09-05 20:00:00,11213.552734375,13119.1875,9908.4931640625
2024-09-05 21:00:00,11213.552734375,13147.228515625,9976.6337890625
2024-09-05 22:00:00,10645.900390625,13599.2099609375,9976.6337890625
2024-09-05 23:00:00,10457.435546875,13599.2099609375,9340.5126953125
2024-09-06 00:00:00,10271.44970703125,13627.30419921875,9287.37255859375
2024-09-06 01:00:00,6487.1357421875,8410.150146484375,5452.968017578125
2024-09-06 02:00:00,4429.3974609375,5627.85693359375,4054.4033203125
2024-09-06 03:00:00,3222.70458984375,3682.8720703125,3268.55517578125
2024-09-06 04:00:00,3154.813232421875,3542.46923828125,2925.678466796875
2024-09-06 05:00:00,3222.70458984375,3542.46923828125,3096.743408203125
2024-09-06 06:00:00,3636.323974609375,3958.208984375,3096.743408203125
2024-09-06 07:00:00,3860.243896484375,4148.8408203125,3822.283203125
2024-09-06 08:00:00,4466.89306640625,4625.6064453125,4432.048828125
2024-09-06 09:00:00,4803.1796875,5313.3388671875,4432.048828125
2024-09-06 10:00:00,4803.1796875,5313.3388671875,4107.75390625
2024-09-06 11:00:00,4054.437744140625,4328.16162109375,3626.12890625
2024-09-06 12:00:00,3524.1953125,4122.76123046875,3517.45849609375
2024-09-06 13:00:00,3502.095703125,3831.0048828125,3329.851318359375
2024-09-06 14:00:00,2669.818115234375,2999.740478515625,2406.828125
2024-09-06 15:00:00,2634.79443359375,2999.740478515625,2289.830078125
2024-09-06 16:00:00,2669.818115234375,3156.812744140625,2289.830078125
2024-09-06 17:00:00,2634.79443359375,3156.812744140625,2424.268798828125
2024-09-06 18:00:00,2653.433349609375,3177.9345703125,2593.189208984375
2024-09-06 19:00:00,2653.433349609375,3177.9345703125,2593.189208984375
2024-09-06 20:00:00,2744.577392578125,3201.709716796875,2643.52392578125
2024-09-06 21:00:00,2912.96044921875,3268.159912109375,2659.458984375
2024-09-06 22:00:00,3073.558349609375,3807.54931640625,2822.5234375
2024-09-06 23:00:00,3200.98974609375,4035.070068359375,2822.5234375
2024-09-07 00:00:00,3258.0030517578125,3921.3096923828125,2795.941650390625
2024-09-07 01:00:00,3633.904541015625,4276.979248046875,2496.355224609375
2024-09-07 02:00:00,3780.641845703125,4439.2880859375,2505.93505859375
2024-09-07 03:00:00,3953.06103515625,4994.642578125,3534.31005859375
2024-09-07 04:00:00,6118.2294921875,7868.56591796875,5834.2822265625
2024-09-07 05:00:00,6118.2294921875,7868.56591796875,6100.181640625
2024-09-07 06:00:00,6015.1787109375,7440.89306640625,6100.181640625
2024-09-07 07:00:00,5737.4306640625,6721.53955078125,5889.0439453125
2024-09-07 08:00:00,4134.87353515625,5266.04345703125,3776.647216796875
2024-09-07 09:00:00,3602.39404296875,4081.753173828125,2878.2978515625
2024-09-07 10:00:00,3568.94677734375,3843.114013671875,2575.217529296875
2024-09-07 11:00:00,3602.39404296875,3719.887939453125,2575.217529296875
2024-09-07 12:00:00,3574.048583984375,3459.2919921875,2659.774658203125
2024-09-07 13:00:00,3574.048583984375,3339.119140625,2659.774658203125
2024-09-07 14:00:00,3250.618896484375,3339.119140625,2659.774658203125
2024-09-07 15:00:00,3247.979736328125,3339.119140625,2651.19970703125
2024-09-07 16:00:00,2837.6416015625,3362.658935546875,2690.926513671875
2024-09-07 17:00:00,2789.25634765625,3191.84228515625,2690.926513671875
2024-09-07 18:00:00,2837.6416015625,3362.658935546875,2868.21240234375
2024-09-07 19:00:00,2905.119140625,3563.0185546875,2875.193603515625
2024-09-07 20:00:00,3044.742919921875,3805.81640625,3031.957763671875
2024-09-07 21:00:00,3147.053955078125,4213.99072265625,3338.802490234375
2024-09-07 22:00:00,3694.24560546875,4634.29296875,3479.27099609375
2024-09-07 23:00:00,3763.79541015625,4634.29296875,3479.27099609375
2024-09-08 00:00:00,3833.6466064453125,4908.2119140625,3409.66064453125
2024-09-08 01:00:00,3389.623779296875,3472.48779296875,2881.9342041015625
2024-09-08 02:00:00,3388.516845703125,3513.505859375,2890.056884765625
2024-09-08 03:00:00,3293.84912109375,3534.307861328125,2890.056884765625
2024-09-08 04:00:00,2925.624267578125,4177.6240234375,2606.291748046875
2024-09-08 05:00:00,2925.624267578125,4190.1533203125,2606.291748046875
2024-09-08 06:00:00,2841.292724609375,4190.1533203125,2606.291748046875
2024-09-08 07:00:00,2636.90625,3418.852294921875,2310.795654296875
2024-09-08 08:00:00,2523.474853515625,3016.60302734375,2227.538818359375
2024-09-08 09:00:00,2523.474853515625,2562.17822265625,2146.48974609375
2024-09-08 10:00:00,2623.91064453125,2562.17822265625,2146.48974609375
2024-09-08 11:00:00,3078.57470703125,2493.285888671875,2179.172607421875
2024-09-08 12:00:00,3078.57470703125,2686.342041015625,2189.595947265625
2024-09-08 13:00:00,2778.85498046875,2540.09765625,2189.595947265625
2024-09-08 14:00:00,2778.85498046875,2550.591552734375,2208.248046875
2024-09-08 15:00:00,2778.85498046875,2540.09765625,2303.002197265625
2024-09-08 16:00:00,2763.227783203125,2501.132080078125,2354.1015625
2024-09-08 17:00:00,2763.227783203125,2501.132080078125,2447.43505859375
2024-09-08 18:00:00,2815.95849609375,2598.67041015625,2457.580810546875
2024-09-08 19:00:00,2815.95849609375,2809.5771484375,2495.974853515625
2024-09-08 20:00:00,2821.777099609375,2833.221435546875,2689.8388671875
2024-09-08 21:00:00,2841.0625,3171.683837890625,2737.7529296875
2024-09-08 22:00:00,3354.45263671875,3808.677001953125,2737.7529296875
2024-09-08 23:00:00,3354.45263671875,3808.677001953125,2713.072021484375
2024-09-09 00:00:00,3170.490966796875,3784.6435546875,2503.4583740234375
2024-09-09 01:00:00,2701.3846435546875,2540.2900390625,2301.498046875
2024-09-09 02:00:00,2636.32470703125,2567.575439453125,2295.24755859375
2024-09-09 03:00:00,2656.456298828125,2712.399169921875,2293.689208984375
2024-09-09 04:00:00,2656.456298828125,2811.367919921875,2245.812744140625
2024-09-09 05:00:00,2703.554443359375,2950.170654296875,2263.441162109375
2024-09-09 06:00:00,2733.451416015625,2950.170654296875,2263.441162109375
2024-09-09 07:00:00,2733.451416015625,2853.011474609375,2263.441162109375
2024-09-09 08:00:00,2719.42529296875,2852.69140625,2306.373046875
2024-09-09 09:00:00,2652.201904296875,2533.2060546875,2306.373046875
2024-09-09 10:00:00,2719.42529296875,2494.92333984375,2306.373046875
2024-09-09 11:00:00,2710.9541015625,2366.562744140625,2282.185546875
2024-09-09 12:00:00,2710.9541015625,2343.18896484375,2270.953369140625
2024-09-09 13:00:00,2564.74951171875,2262.68798828125,2158.468017578125
2024-09-09 14:00:00,2270.702392578125,2255.649658203125,2158.468017578125
2024-09-09 15:00:00,2270.702392578125,2198.50537109375,1975.3724365234375
2024-09-09 16:00:00,2461.117919921875,2198.50537109375,1821.25244140625
2024-09-09 17:00:00,2692.194091796875,2205.334716796875,1975.3724365234375
2024-09-09 18:00:00,2833.11279296875,2232.69189453125,2034.5228271484375
2024-09-09 19:00:00,2833.11279296875,2854.7978515625,2473.22265625
2024-09-09 20:00:00,2811.512451171875,3054.151123046875,2755.448486328125
2024-09-09 21:00:00,2811.512451171875,3331.100341796875,3062.81884765625
2024-09-09 22:00:00,3293.210693359375,3808.727294921875,3081.2041015625
2024-09-09 23:00:00,3474.261962890625,3954.2939453125,3081.2041015625
2024-09-10 00:00:00,3609.11376953125,4009.5423583984375,2969.5257568359375
2024-09-10 01:00:00,3477.635986328125,3268.5413818359375,2122.356201171875
2024-09-10 02:00:00,3619.278564453125,3201.68017578125,2124.51513671875
2024-09-10 03:00:00,3922.13671875,3208.87353515625,2258.54150390625
2024-09-10 04:00:00,3922.13671875,3201.68017578125,2258.54150390625
2024-09-10 05:00:00,3792.5673828125,3208.87353515625,2235.380615234375
2024-09-10 06:00:00,3792.5673828125,3271.333984375,2235.380615234375
2024-09-10 07:00:00,3725.256591796875,3585.34521484375,2307.84912109375
2024-09-10 08:00:00,3286.599365234375,3615.338134765625,2307.84912109375
2024-09-10 09:00:00,3142.28173828125,3615.338134765625,2044.513427734375
2024-09-10 10:00:00,2832.92919921875,2914.07275390625,2044.513427734375
2024-09-10 11:00:00,2832.92919921875,2914.07275390625,2220.52001953125
2024-09-10 12:00:00,2838.359619140625,2962.241943359375,2578.817626953125
2024-09-10 13:00:00,2838.359619140625,2982.4365234375,2578.817626953125
2024-09-10 14:00:00,2918.7529296875,3031.221923828125,2384.1328125
2024-09-10 15:00:00,2857.4296875,3104.4208984375,2136.558837890625
2024-09-10 16:00:00,2952.569091796875,3104.4208984375,2136.558837890625
2024-09-10 17:00:00,2962.173095703125,3104.4208984375,2359.716064453125
2024-09-10 18:00:00,3029.6728515625,3151.504638671875,2821.782470703125
2024-09-10 19:00:00,3856.642333984375,3489.065673828125,2821.782470703125
2024-09-10 20:00:00,3917.675537109375,3853.60205078125,3034.8310546875
2024-09-10 21:00:00,4624.00927734375,4715.20703125,3581.458740234375
2024-09-10 22:00:00,6584.19921875,7070.234375,5023.8916015625
2024-09-10 23:00:00,6939.96728515625,7177.05859375,5023.8916015625
2024-09-11 00:00:00,7243.169189453125,7282.794677734375,4953.80224609375
2024-09-11 01:00:00,6000.90478515625,5506.255859375,3377.050537109375
2024-09-11 02:00:00,5760.421875,5436.19873046875,3206.76123046875
2024-09-11 03:00:00,5066.18212890625,4875.1357421875,3206.76123046875
2024-09-11 04:00:00,4684.978515625,4852.4921875,2898.087646484375
2024-09-11 05:00:00,3845.230224609375,4475.62841796875,2620.288818359375
2024-09-11 06:00:00,3543.345703125,3371.443603515625,2472.133544921875
2024-09-11 07:00:00,3024.38916015625,3371.443603515625,2472.133544921875
2024-09-11 08:00:00,2773.276123046875,3218.537109375,2415.361083984375
2024-09-11 09:00:00,2952.666259765625,2550.7275390625,2415.361083984375
2024-09-11 10:00:00,2891.747314453125,2395.0849609375,2317.45703125
2024-09-11 11:00:00,2952.666259765625,2395.0849609375,1984.2906494140625
2024-09-11 12:00:00,3022.21435546875,2395.0849609375,1886.2890625
2024-09-11 13:00:00,3022.21435546875,2464.822509765625,1886.2890625
2024-09-11 14:00:00,2865.446044921875,2464.822509765625,2300.67236328125
2024-09-11 15:00:00,2865.446044921875,2218.204345703125,2300.67236328125
2024-09-11 16:00:00,2865.446044921875,2096.933837890625,2126.71337890625
2024-09-11 17:00:00,2804.795654296875,1979.678466796875,2109.19970703125
2024-09-11 18:00:00,2804.795654296875,1979.678466796875,2126.71337890625
2024-09-11 19:00:00,2961.504150390625,2485.90380859375,2568.501708984375
2024-09-11 20:00:00,2961.504150390625,2508.540771484375,2568.501708984375
2024-09-11 21:00:00,3150.6376953125,3070.69775390625,2627.705322265625
2024-09-11 22:00:00,3522.908447265625,3831.31640625,2692.937744140625
2024-09-11 23:00:00,3522.908447265625,3831.31640625,2692.937744140625
2024-09-12 00:00:00,3521.297119140625,3728.7705078125,2375.4281005859375
2024-09-12 01:00:00,2537.68701171875,2465.2166748046875,2132.8148193359375
2024-09-12 02:00:00,2545.923828125,2422.292724609375,2094.477294921875
2024-09-12 03:00:00,2529.4501953125,2422.292724609375,2094.477294921875
2024-09-12 04:00:00,2573.40966796875,2422.292724609375,2356.8203125
2024-09-12 05:00:00,2573.40966796875,2423.041259765625,2361.4365234375
2024-09-12 06:00:00,2632.1396484375,2453.182861328125,2554.409912109375
2024-09-12 07:00:00,2632.1396484375,2923.1162109375,2554.409912109375
2024-09-12 08:00:00,2632.1396484375,2923.1162109375,2582.1337890625
2024-09-12 09:00:00,2612.609619140625,2785.931640625,2500.837158203125
2024-09-12 10:00:00,2784.34326171875,2549.58447265625,2582.1337890625
2024-09-12 11:00:00,2637.863525390625,2399.056396484375,2500.837158203125
2024-09-12 12:00:00,2747.00048828125,2399.056396484375,2308.503173828125
2024-09-12 13:00:00,2637.863525390625,2176.981689453125,2195.641845703125
2024-09-12 14:00:00,2358.568603515625,1995.21435546875,2061.133056640625
2024-09-12 15:00:00,2164.3095703125,1965.6390380859375,1864.1416015625
2024-09-12 16:00:00,2104.42333984375,1995.21435546875,1864.1416015625
2024-09-12 17:00:00,2164.3095703125,2159.076171875,1868.1561279296875
2024-09-12 18:00:00,2301.33154296875,2539.88623046875,2205.875244140625
2024-09-12 19:00:00,2399.0869140625,2820.852294921875,2289.8583984375
2024-09-12 20:00:00,2551.010009765625,2963.656494140625,2377.376708984375
2024-09-12 21:00:00,2764.179931640625,3032.16845703125,2377.376708984375
2024-09-12 22:00:00,2934.804443359375,3232.6630859375,2187.88916015625
2024-09-12 23:00:00,2934.804443359375,3232.6630859375,2111.366943359375
2024-09-13 00:00:00,2995.662109375,3314.8719482421875,1864.7966918945312
2024-09-13 01:00:00,4448.8779296875,5827.1015625,3762.23828125
2024-09-13 02:00:00,4481.77294921875,5812.86669921875,3960.90966796875
2024-09-13 03:00:00,4578.822265625,5402.16748046875,3960.90966796875
2024-09-13 04:00:00,4860.02783203125,5402.16748046875,3845.98095703125
2024-09-13 05:00:00,4993.14453125,5412.15185546875,3716.41357421875
2024-09-13 06:00:00,5093.8505859375,5412.15185546875,3716.41357421875
2024-09-13 07:00:00,5308.38671875,5169.75341796875,3471.169189453125
2024-09-13 08:00:00,5308.38671875,4763.2646484375,3357.784423828125
2024-09-13 09:00:00,4731.138671875,3903.41259765625,2881.700927734375
2024-09-13 10:00:00,3563.78955078125,3473.73828125,2723.365966796875
2024-09-13 11:00:00,3140.853759765625,3092.722900390625,2623.541259765625
2024-09-13 12:00:00,3140.853759765625,2630.55810546875,2387.728271484375
2024-09-13 13:00:00,2905.10107421875,2630.55810546875,2387.728271484375
2024-09-13 14:00:00,2905.10107421875,2723.017578125,2387.728271484375
2024-09-13 15:00:00,2636.20947265625,3446.287109375,2308.796875
2024-09-13 16:00:00,2520.153076171875,3446.287109375,2265.12109375
2024-09-13 17:00:00,2505.419189453125,3104.111083984375,2211.6923828125
2024-09-13 18:00:00,2505.419189453125,3046.06640625,2211.6923828125
2024-09-13 19:00:00,2755.15087890625,3046.06640625,2468.6513671875
2024-09-13 20:00:00,3086.2763671875,3559.8359375,2710.802978515625
2024-09-13 21:00:00,3121.901611328125,4188.259765625,3217.844970703125
2024-09-13 22:00:00,3402.156982421875,4692.50732421875,3217.844970703125
2024-09-13 23:00:00,3690.970947265625,4990.94189453125,3373.422119140625
2024-09-14 00:00:00,3946.3900146484375,5182.8583984375,3282.743408203125
2024-09-14 01:00:00,7140.359130859375,9915.51904296875,7253.046630859375
2024-09-14 02:00:00,7050.67529296875,9337.298828125,7217.72998046875
2024-09-14 03:00:00,6907.79345703125,9076.1669921875,6753.76318359375
2024-09-14 04:00:00,6256.3125,6759.9384765625,5413.77880859375
2024-09-14 05:00:00,4260.35693359375,6046.9970703125,3479.63720703125
2024-09-14 06:00:00,4224.66943359375,4387.74462890625,3351.564453125
2024-09-14 07:00:00,3879.113037109375,4189.06396484375,3067.12109375
2024-09-14 08:00:00,3478.0341796875,3989.551513671875,2639.28125
2024-09-14 09:00:00,3260.62646484375,4050.08203125,2665.59716796875
2024-09-14 10:00:00,3108.484130859375,3635.625244140625,2639.28125
2024-09-14 11:00:00,3108.484130859375,4010.475830078125,2665.59716796875
2024-09-14 12:00:00,3277.91748046875,3936.70458984375,3128.837646484375
2024-09-14 13:00:00,3382.99462890625,3936.70458984375,3128.837646484375
2024-09-14 14:00:00,3382.99462890625,3743.27490234375,3053.245361328125
2024-09-14 15:00:00,2945.53564453125,3639.882568359375,2723.748291015625
2024-09-14 16:00:00,2945.53564453125,3639.882568359375,2723.748291015625
2024-09-14 17:00:00,2946.448486328125,3690.3837890625,3086.696533203125
2024-09-14 18:00:00,3613.178466796875,4052.966552734375,3086.696533203125
2024-09-14 19:00:00,3625.10400390625,4392.03076171875,3175.123291015625
2024-09-14 20:00:00,3725.39404296875,4609.9140625,3338.779541015625
2024-09-14 21:00:00,3984.719970703125,4628.41259765625,3890.705810546875
2024-09-14 22:00:00,3986.758544921875,5371.23486328125,3890.705810546875
2024-09-14 23:00:00,3986.758544921875,5371.23486328125,3871.85009765625
2024-09-15 00:00:00,3807.1475830078125,5001.058837890625,3260.2459716796875
2024-09-15 01:00:00,3130.3739013671875,2907.1776123046875,2194.0369873046875
2024-09-15 02:00:00,3129.095458984375,2981.397216796875,2241.0068359375
2024-09-15 03:00:00,3291.577392578125,3029.031005859375,2275.657958984375
2024-09-15 04:00:00,3129.095458984375,3070.30908203125,2241.0068359375
2024-09-15 05:00:00,3065.76123046875,3070.30908203125,2521.38916015625
2024-09-15 06:00:00,3040.168701171875,2731.106689453125,2450.619873046875
2024-09-15 07:00:00,2841.1650390625,2637.658447265625,2450.619873046875
2024-09-15 08:00:00,2841.1650390625,2637.658447265625,2169.427978515625
2024-09-15 09:00:00,2759.471435546875,2667.38134765625,2086.628662109375
2024-09-15 10:00:00,2759.471435546875,2729.5263671875,2080.45703125
2024-09-15 11:00:00,2680.417724609375,2729.5263671875,2080.45703125
2024-09-15 12:00:00,2680.417724609375,2729.5263671875,2204.23583984375
2024-09-15 13:00:00,2811.423583984375,3130.7421875,2722.536865234375
2024-09-15 14:00:00,3109.54833984375,3528.84130859375,3206.482421875
2024-09-15 15:00:00,3324.0595703125,3692.18505859375,3256.793701171875
2024-09-15 16:00:00,3968.14453125,4699.8818359375,3949.399169921875
2024-09-15 17:00:00,5625.55126953125,6236.24951171875,4648.4052734375
2024-09-15 18:00:00,5778.1982421875,6570.4521484375,4862.32763671875
2024-09-15 19:00:00,5625.55126953125,6570.4521484375,4862.32763671875
2024-09-15 20:00:00,4370.41796875,6291.5888671875,4414.63525390625
2024-09-15 21:00:00,4370.41796875,6291.5888671875,4414.63525390625
2024-09-15 22:00:00,5199.7138671875,6501.6650390625,4451.42333984375
2024-09-15 23:00:00,5493.15625,6988.1376953125,4789.49072265625
2024-09-16 00:00:00,5586.108154296875,7003.601318359375,4802.337158203125
2024-09-16 01:00:00,3612.9276123046875,4639.0908203125,3360.5750732421875
2024-09-16 02:00:00,3646.243408203125,4535.23291015625,3245.806884765625
2024-09-16 03:00:00,3570.986083984375,4196.064453125,3163.559814453125
2024-09-16 04:00:00,3391.344482421875,4117.625,3078.261962890625
2024-09-16 05:00:00,3293.918212890625,3846.1865234375,3067.349609375
2024-09-16 06:00:00,3293.918212890625,3846.1865234375,3078.261962890625
2024-09-16 07:00:00,3293.918212890625,3932.6337890625,3004.70849609375
2024-09-16 08:00:00,3255.56640625,3932.6337890625,3004.70849609375
2024-09-16 09:00:00,3116.75732421875,3583.866943359375,2678.447265625
2024-09-16 10:00:00,2917.578125,3051.464111328125,2337.441650390625
2024-09-16 11:00:00,2681.025390625,3041.46044921875,2313.570068359375
2024-09-16 12:00:00,2681.025390625,3029.615234375,2316.583984375
2024-09-16 13:00:00,2703.481201171875,3029.615234375,2237.61279296875
2024-09-16 14:00:00,2710.306884765625,3227.89111328125,2316.583984375
2024-09-16 15:00:00,2956.868896484375,3367.193115234375,2587.40234375
2024-09-16 16:00:00,3066.372314453125,3367.193115234375,2658.418701171875
2024-09-16 17:00:00,3102.8505859375,3112.950439453125,2665.94140625
2024-09-16 18:00:00,3206.6767578125,3112.950439453125,2747.046875
2024-09-16 19:00:00,3309.576904296875,3619.6337890625,3028.117919921875
2024-09-16 20:00:00,3436.0078125,3670.337646484375,3134.1220703125
2024-09-16 21:00:00,3746.04248046875,3896.288818359375,3166.370361328125
2024-09-16 22:00:00,4679.0927734375,4378.478515625,3427.51708984375
2024-09-16 23:00:00,4679.0927734375,4612.9541015625,3427.51708984375
2024-09-17 00:00:00,4543.681640625,4716.0927734375,3362.3046875
2024-09-17 01:00:00,4551.77197265625,3063.8206787109375,2295.821533203125
2024-09-17 02:00:00,4471.6513671875,3350.309326171875,2374.9228515625
2024-09-17 03:00:00,4471.6513671875,3498.8642578125,2374.9228515625
2024-09-17 04:00:00,4864.1162109375,4233.583984375,2863.58203125
2024-09-17 05:00:00,4864.1162109375,4233.583984375,2863.58203125
2024-09-17 06:00:00,4696.28125,4162.62548828125,2782.330810546875
2024-09-17 07:00:00,4199.8369140625,4085.90966796875,2734.848876953125
2024-09-17 08:00:00,3896.17431640625,4019.3662109375,2629.768310546875
2024-09-17 09:00:00,3838.7578125,4019.3662109375,2546.185546875
2024-09-17 10:00:00,3257.133544921875,3782.34423828125,2457.1396484375
2024-09-17 11:00:00,3108.072021484375,3130.745361328125,2449.99462890625
2024-09-17 12:00:00,2779.8818359375,3125.050048828125,2449.99462890625
2024-09-17 13:00:00,2779.8818359375,3054.75927734375,2329.549072265625
2024-09-17 14:00:00,2799.4111328125,3054.75927734375,2359.4833984375
2024-09-17 15:00:00,2984.896240234375,3104.41162109375,2359.4833984375
2024-09-17 16:00:00,2984.896240234375,3104.41162109375,2359.4833984375
2024-09-17 17:00:00,2984.896240234375,3110.3388671875,2456.105224609375
2024-09-17 18:00:00,3235.70068359375,3962.802001953125,2846.220703125
2024-09-17 19:00:00,3428.54150390625,3962.802001953125,2846.220703125
2024-09-17 20:00:00,3235.70068359375,3962.802001953125,2846.220703125
2024-09-17 21:00:00,3428.54150390625,3995.333251953125,3201.334228515625
2024-09-17 22:00:00,4095.831298828125,4434.88427734375,3227.765625
2024-09-17 23:00:00,4095.831298828125,4672.6142578125,3201.334228515625
2024-09-18 00:00:00,3972.5130615234375,4728.302978515625,3331.0181884765625
2024-09-18 01:00:00,2994.169189453125,2756.731201171875,2087.5333251953125
2024-09-18 02:00:00,3073.084716796875,2775.177490234375,2137.89599609375
2024-09-18 03:00:00,3088.500244140625,2939.587646484375,2778.873046875
2024-09-18 04:00:00,3381.31787109375,3479.998046875,2802.60986328125
2024-09-18 05:00:00,3752.4169921875,4075.235107421875,2778.873046875
2024-09-18 06:00:00,3752.4169921875,4075.235107421875,2655.21435546875
2024-09-18 07:00:00,3685.534423828125,3513.567626953125,2450.416748046875
2024-09-18 08:00:00,3608.583740234375,3408.733642578125,2450.416748046875
2024-09-18 09:00:00,3357.159912109375,3087.817626953125,2450.416748046875
2024-09-18 10:00:00,3090.936767578125,3009.71826171875,2384.598388671875
2024-09-18 11:00:00,2632.41357421875,2618.251220703125,2284.2666015625
2024-09-18 12:00:00,2632.41357421875,2618.251220703125,2265.09912109375
2024-09-18 13:00:00,2616.040771484375,2944.27685546875,2212.52001953125
2024-09-18 14:00:00,2543.63134765625,2944.27685546875,2083.104248046875
2024-09-18 15:00:00,2494.28466796875,3003.867919921875,1861.253173828125
2024-09-18 16:00:00,2543.63134765625,3150.25048828125,1861.253173828125
2024-09-18 17:00:00,2926.0263671875,3150.25048828125,2032.6163330078125
2024-09-18 18:00:00,2926.0263671875,3248.06591796875,2044.786865234375
2024-09-18 19:00:00,2926.0263671875,3206.654296875,2044.786865234375
2024-09-18 20:00:00,3564.9921875,3248.06591796875,2376.432373046875
2024-09-18 21:00:00,3566.83251953125,3309.316162109375,2469.267333984375
2024-09-18 22:00:00,3911.3515625,4467.6806640625,3223.827392578125
2024-09-18 23:00:00,3911.3515625,4878.98388671875,3223.827392578125
2024-09-19 00:00:00,3801.942626953125,5090.48876953125,3252.02392578125
2024-09-19 01:00:00,7482.957763671875,7594.68310546875,5467.8193359375
2024-09-19 02:00:00,6822.63037109375,7203.40771484375,5366.05322265625
2024-09-19 03:00:00,5808.92236328125,6550.36669921875,4312.0400390625
2024-09-19 04:00:00,5051.21337890625,4606.9482421875,3442.676513671875
2024-09-19 05:00:00,4301.56787109375,3742.385009765625,3129.364990234375
2024-09-19 06:00:00,3906.15478515625,3652.457275390625,3001.3349609375
2024-09-19 07:00:00,3731.79443359375,3568.248046875,2767.39599609375
2024-09-19 08:00:00,3195.83251953125,3189.308837890625,2530.37890625
2024-09-19 09:00:00,3195.83251953125,3189.308837890625,2530.37890625
2024-09-19 10:00:00,3280.3642578125,3189.308837890625,2651.567626953125
2024-09-19 11:00:00,3401.715576171875,4223.7353515625,2874.372802734375
2024-09-19 12:00:00,3401.715576171875,4223.7353515625,2874.372802734375
2024-09-19 13:00:00,3380.7978515625,3436.463134765625,2409.254150390625
2024-09-19 14:00:00,3380.7978515625,3436.463134765625,2409.254150390625
2024-09-19 15:00:00,4295.2216796875,4485.1962890625,3510.754150390625
2024-09-19 16:00:00,4539.78466796875,5728.49365234375,4531.96728515625
2024-09-19 17:00:00,5778.1337890625,6819.53076171875,4709.55810546875
2024-09-19 18:00:00,6629.501953125,8800.9521484375,6247.47216796875
2024-09-19 19:00:00,7231.1396484375,10177.84765625,6584.7607421875
2024-09-19 20:00:00,7678.849609375,11777.5126953125,7415.26513671875
2024-09-19 21:00:00,8477.9326171875,12237.154296875,8659.685546875
2024-09-19 22:00:00,11243.580078125,13903.7841796875,9828.80078125
2024-09-19 23:00:00,11991.609375,14753.8916015625,11562.1826171875
2024-09-20 00:00:00,12164.60986328125,14884.91748046875,11594.41552734375
2024-09-20 01:00:00,9945.3291015625,12893.48193359375,8907.529296875
2024-09-20 02:00:00,9649.1796875,12508.001953125,8847.876953125
2024-09-20 03:00:00,9269.0166015625,12484.5791015625,8530.517578125
2024-09-20 04:00:00,9207.890625,11540.41796875,8265.201171875
2024-09-20 05:00:00,7579.92236328125,11286.2109375,7813.7783203125
2024-09-20 06:00:00,7475.14404296875,11212.498046875,7672.28271484375
2024-09-20 07:00:00,6518.14404296875,9361.986328125,6783.47021484375
2024-09-20 08:00:00,5405.1171875,6180.96728515625,4427.30322265625
2024-09-20 09:00:00,4673.591796875,5906.87158203125,3782.49072265625
2024-09-20 10:00:00,3498.48388671875,5906.87158203125,3782.49072265625
2024-09-20 11:00:00,3498.48388671875,6176.00537109375,4244.8310546875
2024-09-20 12:00:00,5188.07568359375,7627.7470703125,4673.37255859375
2024-09-20 13:00:00,5371.623046875,7627.7470703125,4673.37255859375
2024-09-20 14:00:00,5455.12353515625,7764.90576171875,4673.37255859375
2024-09-20 15:00:00,7853.171875,8735.0185546875,5272.544921875
2024-09-20 16:00:00,8155.5439453125,10670.392578125,6634.82666015625
2024-09-20 17:00:00,8155.5439453125,10670.392578125,6634.82666015625
2024-09-20 18:00:00,7680.24072265625,9806.5986328125,6634.82666015625
2024-09-20 19:00:00,7680.24072265625,9757.5986328125,7158.8740234375
2024-09-20 20:00:00,10074.0830078125,9806.5986328125,9108.181640625
2024-09-20 21:00:00,11174.3515625,11494.94921875,9219.6982421875
2024-09-20 22:00:00,11174.3515625,11494.94921875,9219.6982421875
2024-09-20 23:00:00,8596.6279296875,9585.232421875,7495.72314453125
2024-09-21 00:00:00,8086.5771484375,9498.44775390625,7424.1142578125
2024-09-21 01:00:00,6509.497802734375,8303.204345703125,6142.879638671875
2024-09-21 02:00:00,6527.828125,8869.140625,6306.5029296875
2024-09-21 03:00:00,6992.10302734375,9141.3857421875,6688.34619140625
2024-09-21 04:00:00,7210.50048828125,9414.7880859375,7824.2880859375
2024-09-21 05:00:00,8047.66552734375,9814.4482421875,8032.30126953125
2024-09-21 06:00:00,8478.7587890625,9814.4482421875,8396.4365234375
2024-09-21 07:00:00,8487.8701171875,10396.33203125,8430.7294921875
2024-09-21 08:00:00,9310.82421875,10575.5107421875,8498.56640625
2024-09-21 09:00:00,9364.576171875,11050.185546875,8498.56640625
2024-09-21 10:00:00,9310.82421875,11050.185546875,8498.56640625
2024-09-21 11:00:00,8591.80859375,10570.482421875,8544.6396484375
2024-09-21 12:00:00,8591.80859375,10570.482421875,9136.1044921875
2024-09-21 13:00:00,8338.044921875,10766.884765625,8729.001953125
2024-09-21 14:00:00,9123.8095703125,11315.8173828125,8828.1416015625
2024-09-21 15:00:00,9123.8095703125,11394.0869140625,8828.1416015625
2024-09-21 16:00:00,10199.3173828125,12781.6748046875,11086.5029296875
2024-09-21 17:00:00,11248.673828125,14275.650390625,11987.42578125
2024-09-21 18:00:00,11696.052734375,14275.650390625,11987.42578125
2024-09-21 19:00:00,11696.052734375,13740.1328125,11555.693359375
2024-09-21 20:00:00,11696.052734375,12703.03125,11384.31640625
2024-09-21 21:00:00,11419.8994140625,12558.935546875,10541.103515625
2024-09-21 22:00:00,9151.1767578125,10543.7177734375,9324.578125
2024-09-21 23:00:00,7417.83154296875,9412.572265625,7021.58447265625
2024-09-22 00:00:00,7147.470458984375,9000.57421875,6545.566650390625
2024-09-22 01:00:00,9705.16650390625,11423.54443359375,9040.01904296875
2024-09-22 02:00:00,9597.2568359375,11337.16015625,8689.38671875
2024-09-22 03:00:00,9134.9169921875,10847.7001953125,8608.650390625
2024-09-22 04:00:00,7939.138671875,9768.9619140625,7760.06298828125
2024-09-22 05:00:00,7107.79296875,9347.2998046875,7424.53857421875
2024-09-22 06:00:00,6915.017578125,9347.2998046875,7215.49267578125
2024-09-22 07:00:00,6840.93603515625,9347.2998046875,7215.49267578125
2024-09-22 08:00:00,6489.3837890625,9231.201171875,6720.30029296875
2024-09-22 09:00:00,6419.30029296875,9083.3232421875,6373.9931640625
2024-09-22 10:00:00,5490.04052734375,8397.6748046875,5431.572265625
2024-09-22 11:00:00,5281.10498046875,8340.0791015625,5386.216796875
2024-09-22 12:00:00,5009.40869140625,7928.26025390625,5334.490234375
2024-09-22 13:00:00,5009.40869140625,7925.9189453125,5386.216796875
2024-09-22 14:00:00,5322.142578125,7761.67431640625,5359.5771484375
2024-09-22 15:00:00,5322.142578125,7761.67431640625,5460.5166015625
2024-09-22 16:00:00,5218.1455078125,7761.67431640625,5517.17626953125
2024-09-22 17:00:00,5218.1455078125,7853.056640625,5517.17626953125
2024-09-22 18:00:00,5391.49462890625,7853.056640625,5429.53955078125
2024-09-22 19:00:00,5391.49462890625,7812.0009765625,5381.31884765625
2024-09-22 20:00:00,5143.3916015625,7606.767578125,4935.47998046875
2024-09-22 21:00:00,5143.3916015625,7606.767578125,4935.47998046875
2024-09-22 22:00:00,6201.01513671875,8672.072265625,5995.26953125
2024-09-22 23:00:00,6739.81494140625,8672.072265625,5995.26953125
2024-09-23 00:00:00,6470.4150390625,8492.98681640625,5785.464111328125
2024-09-23 01:00:00,4498.048095703125,5269.200439453125,3521.121337890625
2024-09-23 02:00:00,4537.5068359375,5132.75341796875,3471.49609375
2024-09-23 03:00:00,4806.431640625,5009.67724609375,3471.49609375
2024-09-23 04:00:00,4806.431640625,4978.603515625,3451.024658203125
2024-09-23 05:00:00,4301.4423828125,5009.67724609375,3552.12890625
2024-09-23 06:00:00,4169.24169921875,5011.0966796875,3508.843017578125
2024-09-23 07:00:00,3911.897705078125,5011.0966796875,3508.843017578125
2024-09-23 08:00:00,3911.897705078125,5011.0966796875,3508.843017578125
2024-09-23 09:00:00,3557.094482421875,4650.58984375,3360.70556640625
2024-09-23 10:00:00,3557.094482421875,4320.79443359375,3400.5693359375
2024-09-23 11:00:00,3376.340576171875,4179.0751953125,3360.70556640625
2024-09-23 12:00:00,3352.3427734375,3795.956298828125,3208.983642578125
2024-09-23 13:00:00,3104.566650390625,3621.0869140625,3160.088134765625
2024-09-23 14:00:00,3079.731201171875,3621.0869140625,3103.869873046875
2024-09-23 15:00:00,2988.40478515625,3586.904296875,3080.614990234375
2024-09-23 16:00:00,2801.975341796875,3287.478515625,2792.000244140625
2024-09-23 17:00:00,2801.975341796875,3139.24072265625,2754.427734375
2024-09-23 18:00:00,2901.91552734375,3139.24072265625,2718.90234375
2024-09-23 19:00:00,3018.612060546875,3289.541259765625,2678.3134765625
2024-09-23 20:00:00,3059.06689453125,3455.84033203125,2600.08935546875
2024-09-23 21:00:00,3075.2080078125,3455.84033203125,2449.1728515625
2024-09-23 22:00:00,3256.3828125,3897.538330078125,2449.1728515625
2024-09-23 23:00:00,3290.681640625,3897.538330078125,2590.475341796875
2024-09-24 00:00:00,3273.5322265625,3850.328369140625,2690.4549560546875
2024-09-24 01:00:00,3305.5760498046875,3184.526123046875,2136.6541748046875
2024-09-24 02:00:00,3302.220703125,3273.964599609375,2145.87255859375
2024-09-24 03:00:00,3268.40771484375,3481.6943359375,2349.594482421875
2024-09-24 04:00:00,2987.772216796875,3578.959716796875,2359.26025390625
2024-09-24 05:00:00,2987.772216796875,3481.6943359375,2577.676513671875
2024-09-24 06:00:00,2974.196533203125,3461.805908203125,2577.676513671875
2024-09-24 07:00:00,2971.16064453125,3245.159423828125,2303.59619140625
2024-09-24 08:00:00,2663.126220703125,3063.49658203125,2303.59619140625
2024-09-24 09:00:00,2661.208984375,2869.352294921875,2303.59619140625
2024-09-24 10:00:00,2606.904052734375,2857.521240234375,2236.268798828125
2024-09-24 11:00:00,2585.627685546875,2869.352294921875,2073.52392578125
2024-09-24 12:00:00,2339.175048828125,2877.87353515625,2073.52392578125
2024-09-24 13:00:00,2339.175048828125,3095.843505859375,2174.965087890625
2024-09-24 14:00:00,2640.830810546875,3152.8916015625,2208.499755859375
2024-09-24 15:00:00,2800.38623046875,3203.801025390625,2183.468017578125
2024-09-24 16:00:00,2881.9423828125,3203.801025390625,2183.468017578125
2024-09-24 17:00:00,2881.9423828125,3023.141845703125,2087.587646484375
2024-09-24 18:00:00,2866.8876953125,3023.141845703125,2087.587646484375
2024-09-24 19:00:00,2866.8876953125,3338.314697265625,2168.515380859375
2024-09-24 20:00:00,2980.817626953125,3488.669921875,2777.848876953125
2024-09-24 21:00:00,3377.170166015625,4384.60302734375,2943.78662109375
2024-09-24 22:00:00,3659.205810546875,4325.69580078125,3016.4951171875
2024-09-24 23:00:00,3659.205810546875,4325.69580078125,3016.4951171875
2024-09-25 00:00:00,3499.365234375,4290.188720703125,2862.2022705078125
2024-09-25 01:00:00,3332.779296875,3912.2257080078125,2449.1048583984375
2024-09-25 02:00:00,3323.69970703125,3499.303955078125,2284.50927734375
2024-09-25 03:00:00,3162.684814453125,3459.740234375,2446.1015625
2024-09-25 04:00:00,3039.16064453125,3257.35205078125,2245.724609375
2024-09-25 05:00:00,2991.88427734375,3235.5390625,2341.625732421875
2024-09-25 06:00:00,2991.88427734375,3199.21728515625,2285.744384765625
2024-09-25 07:00:00,3241.052734375,3199.21728515625,2341.625732421875
2024-09-25 08:00:00,3241.052734375,3501.02099609375,2285.744384765625
2024-09-25 09:00:00,3148.248779296875,3501.02099609375,2207.52783203125
2024-09-25 10:00:00,2680.112548828125,3228.576416015625,2195.69287109375
2024-09-25 11:00:00,2537.3662109375,3163.297607421875,2207.52783203125
2024-09-25 12:00:00,2680.112548828125,3183.52001953125,2116.5478515625
2024-09-25 13:00:00,2521.58935546875,3163.297607421875,1926.2747802734375
2024-09-25 14:00:00,2642.935546875,2951.59619140625,1887.5035400390625
2024-09-25 15:00:00,2642.935546875,2911.719482421875,1926.2747802734375
2024-09-25 16:00:00,2642.935546875,2951.59619140625,1959.558837890625
2024-09-25 17:00:00,2764.258544921875,2971.724609375,2128.52880859375
2024-09-25 18:00:00,2926.351806640625,3309.221923828125,2228.990478515625
2024-09-25 19:00:00,3162.510498046875,3487.2802734375,2544.905029296875
2024-09-25 20:00:00,3208.543701171875,3879.5048828125,2781.712158203125
2024-09-25 21:00:00,3599.98828125,4203.71044921875,3327.339111328125
2024-09-25 22:00:00,4886.40185546875,5100.24365234375,3701.190185546875
2024-09-25 23:00:00,4886.40185546875,5100.24365234375,3701.190185546875
2024-09-26 00:00:00,4855.216796875,5388.6572265625,3922.9632568359375
2024-09-26 01:00:00,5917.787353515625,6015.896240234375,4094.1162109375
2024-09-26 02:00:00,5838.7744140625,5673.87890625,3961.95751953125
2024-09-26 03:00:00,5774.970703125,5619.99072265625,3445.753662109375
2024-09-26 04:00:00,5099.97412109375,5106.84619140625,3442.23828125
2024-09-26 05:00:00,5099.97412109375,4974.0224609375,3014.65087890625
2024-09-26 06:00:00,4847.0625,4974.0224609375,2765.664306640625
2024-09-26 07:00:00,4124.14990234375,4456.40966796875,2677.938720703125
2024-09-26 08:00:00,3586.053955078125,4086.808349609375,2210.8798828125
2024-09-26 09:00:00,3527.817138671875,3413.12744140625,2043.2447509765625
2024-09-26 10:00:00,3313.328125,3413.12744140625,2043.2447509765625
2024-09-26 11:00:00,3185.445556640625,3333.88427734375,2192.990478515625
2024-09-26 12:00:00,3313.328125,3174.54833984375,2192.990478515625
2024-09-26 13:00:00,3185.445556640625,3125.7197265625,2158.649169921875
2024-09-26 14:00:00,3133.34912109375,3125.7197265625,2158.649169921875
2024-09-26 15:00:00,3133.34912109375,3353.0048828125,2582.088623046875
2024-09-26 16:00:00,3133.34912109375,3353.0048828125,2582.088623046875
2024-09-26 17:00:00,3196.203369140625,3562.450439453125,2466.11865234375
2024-09-26 18:00:00,3512.77294921875,3562.450439453125,2466.11865234375
2024-09-26 19:00:00,3644.865478515625,3618.505126953125,2581.749267578125
2024-09-26 20:00:00,3886.625732421875,4302.17333984375,2793.29736328125
2024-09-26 21:00:00,3998.831787109375,4548.3583984375,3022.46630859375
2024-09-26 22:00:00,4338.4794921875,5050.45458984375,3022.46630859375
2024-09-26 23:00:00,4338.4794921875,5050.45458984375,3022.46630859375
2024-09-27 00:00:00,4125.9329833984375,4752.807861328125,2835.0450439453125
2024-09-27 01:00:00,3096.921142578125,3119.6572265625,1930.9384765625
2024-09-27 02:00:00,3173.25,3182.57861328125,2025.0216064453125
2024-09-27 03:00:00,3173.25,3256.888427734375,2379.854736328125
2024-09-27 04:00:00,3268.593017578125,3347.14697265625,2406.441650390625
2024-09-27 05:00:00,3290.076171875,3347.14697265625,2479.419677734375
2024-09-27 06:00:00,3434.7724609375,3347.14697265625,2479.419677734375
2024-09-27 07:00:00,3492.725830078125,3367.781494140625,2479.419677734375
2024-09-27 08:00:00,3434.7724609375,3565.191162109375,2892.02587890625
2024-09-27 09:00:00,3261.86083984375,3774.77197265625,2937.201171875
2024-09-27 10:00:00,3261.86083984375,3565.191162109375,2937.201171875
2024-09-27 11:00:00,3346.246337890625,3301.488037109375,2832.48974609375
2024-09-27 12:00:00,3620.774658203125,3301.488037109375,2296.4091796875
2024-09-27 13:00:00,3530.36279296875,3517.16015625,2296.4091796875
2024-09-27 14:00:00,3620.774658203125,3950.107421875,2629.447021484375
2024-09-27 15:00:00,3799.90234375,4099.34716796875,2744.94921875
2024-09-27 16:00:00,3867.90380859375,4148.3564453125,2844.642822265625
2024-09-27 17:00:00,3867.90380859375,4230.2451171875,2844.642822265625
2024-09-27 18:00:00,4037.58740234375,4404.40185546875,3035.412109375
2024-09-27 19:00:00,4080.8935546875,4417.1552734375,3148.24365234375
2024-09-27 20:00:00,4037.58740234375,4690.95654296875,3442.005859375
2024-09-27 21:00:00,3681.26318359375,4690.95654296875,3442.005859375
2024-09-27 22:00:00,3681.26318359375,4690.95654296875,3098.46533203125
2024-09-27 23:00:00,3692.71435546875,4681.3642578125,2803.43115234375
2024-09-28 00:00:00,3727.6612548828125,4615.486083984375,2921.802001953125
2024-09-28 01:00:00,3585.958740234375,4250.969970703125,3053.032470703125
2024-09-28 02:00:00,3552.18115234375,4164.7138671875,3125.04638671875
2024-09-28 03:00:00,3552.18115234375,4164.7138671875,3125.04638671875
2024-09-28 04:00:00,4277.34375,5317.009765625,3780.185791015625
2024-09-28 05:00:00,4277.34375,5317.009765625,3780.185791015625
2024-09-28 06:00:00,4277.34375,5202.935546875,3149.364501953125
2024-09-28 07:00:00,4383.54638671875,5172.26953125,3094.782470703125
2024-09-28 08:00:00,4808.40478515625,5172.26953125,3149.364501953125
2024-09-28 09:00:00,4986.939453125,5579.0390625,3730.024658203125
2024-09-28 10:00:00,4986.939453125,5579.0390625,3814.201416015625
2024-09-28 11:00:00,4986.939453125,6077.755859375,4118.75
2024-09-28 12:00:00,4930.0361328125,5784.48046875,4050.281005859375
2024-09-28 13:00:00,4930.0361328125,5784.48046875,4050.281005859375
2024-09-28 14:00:00,4930.0361328125,5649.8896484375,4050.281005859375
2024-09-28 15:00:00,4005.474853515625,5004.68310546875,4023.260986328125
2024-09-28 16:00:00,4005.474853515625,4670.71923828125,3615.285888671875
2024-09-28 17:00:00,3799.43505859375,4583.90234375,3191.282470703125
2024-09-28 18:00:00,3281.755615234375,4174.03515625,2945.3046875
2024-09-28 19:00:00,3137.99365234375,3881.12744140625,2807.386474609375
2024-09-28 20:00:00,3137.99365234375,3867.998291015625,2807.386474609375
2024-09-28 21:00:00,3152.45703125,3867.998291015625,2899.970458984375
2024-09-28 22:00:00,3327.014404296875,4242.79248046875,3055.767333984375
2024-09-28 23:00:00,3327.014404296875,4588.80615234375,3067.89306640625
2024-09-29 00:00:00,3100.3271484375,4629.668701171875,3174.568359375
2024-09-29 01:00:00,3312.55029296875,4218.04638671875,2793.1141357421875
2024-09-29 02:00:00,3302.662353515625,4150.3408203125,2777.3447265625
2024-09-29 03:00:00,3300.176025390625,4146.8525390625,2821.4345703125
2024-09-29 04:00:00,3165.917236328125,4150.3408203125,2866.006591796875
2024-09-29 05:00:00,3072.510986328125,4146.8525390625,2866.006591796875
2024-09-29 06:00:00,3165.917236328125,4233.81396484375,2866.006591796875
2024-09-29 07:00:00,3069.206298828125,4043.44091796875,3027.4384765625
2024-09-29 08:00:00,3034.763916015625,4043.44091796875,3027.4384765625
2024-09-29 09:00:00,2965.481201171875,3961.526123046875,2938.625
2024-09-29 10:00:00,2782.8173828125,3862.280517578125,2697.7255859375
2024-09-29 11:00:00,2645.949462890625,3846.156982421875,2688.3134765625
2024-09-29 12:00:00,2734.901611328125,3717.85498046875,2571.447265625
2024-09-29 13:00:00,2734.901611328125,3846.156982421875,2571.447265625
2024-09-29 14:00:00,2836.86669921875,3871.25439453125,2660.099365234375
2024-09-29 15:00:00,2854.0166015625,3871.25439453125,2660.099365234375
2024-09-29 16:00:00,2854.0166015625,3598.0361328125,2561.989013671875
2024-09-29 17:00:00,2854.0166015625,3522.773193359375,2521.973876953125
2024-09-29 18:00:00,2961.233642578125,3598.0361328125,2486.340087890625
2024-09-29 19:00:00,2964.919189453125,3863.693603515625,2486.340087890625
2024-09-29 20:00:00,3123.53564453125,4094.259765625,2879.758544921875
2024-09-29 21:00:00,3303.16015625,4410.53271484375,3059.393798828125
2024-09-29 22:00:00,3450.66552734375,4580.30078125,3059.393798828125
2024-09-29 23:00:00,3450.66552734375,4580.30078125,3056.70849609375
2024-09-30 00:00:00,3459.164794921875,4452.24755859375,2861.8731689453125
2024-09-30 01:00:00,3054.8282470703125,3059.501708984375,2180.2674560546875
2024-09-30 02:00:00,3172.9697265625,3060.08349609375,2182.14306640625
2024-09-30 03:00:00,3884.30712890625,4153.78955078125,3125.947509765625
2024-09-30 04:00:00,4048.855712890625,4764.3779296875,3345.90234375
2024-09-30 05:00:00,4491.53271484375,5425.20703125,3924.17626953125
2024-09-30 06:00:00,4491.53271484375,5425.20703125,3924.17626953125
2024-09-30 07:00:00,4113.935546875,5028.04833984375,3800.6630859375
2024-09-30 08:00:00,3569.4599609375,3941.282958984375,2676.800537109375
2024-09-30 09:00:00,2856.18310546875,3668.73193359375,2676.800537109375
2024-09-30 10:00:00,2856.18310546875,3668.73193359375,2657.95849609375
2024-09-30 11:00:00,2851.973876953125,3788.923828125,2657.95849609375
2024-09-30 12:00:00,2851.973876953125,3788.923828125,2657.95849609375
2024-09-30 13:00:00,2821.691650390625,3500.54638671875,2654.26123046875
2024-09-30 14:00:00,2821.691650390625,3322.222900390625,2475.096923828125
2024-09-30 15:00:00,2897.7724609375,3322.222900390625,2463.935302734375
2024-09-30 16:00:00,2966.276123046875,3429.26220703125,2475.096923828125
2024-09-30 17:00:00,3476.74853515625,3974.091552734375,2958.478271484375
2024-09-30 18:00:00,3912.495849609375,4159.30322265625,3226.702880859375
2024-09-30 19:00:00,5044.82470703125,5541.14013671875,4024.23193359375
2024-09-30 20:00:00,7382.05126953125,7746.83740234375,5603.212890625
2024-09-30 21:00:00,8255.380859375,8567.88671875,6654.88671875
2024-09-30 22:00:00,10117.1474609375,11558.2939453125,8077.6015625
2024-09-30 23:00:00,10750.1591796875,12321.4228515625,9317.8369140625
2024-10-01 00:00:00,11192.9404296875,13092.3740234375,9943.08740234375
2024-10-01 01:00:00,14399.65283203125,15512.23876953125,12861.6025390625
2024-10-01 02:00:00,15258.9765625,15909.3896484375,13321.09765625
2024-10-01 03:00:00,15814.7880859375,16658.658203125,13609.5986328125
2024-10-01 04:00:00,16636.296875,18056.251953125,14110.9423828125
2024-10-01 05:00:00,16636.296875,18168.86328125,14632.26171875
2024-10-01 06:00:00,17401.689453125,18415.54296875,14908.732421875
2024-10-01 07:00:00,16570.384765625,18168.86328125,14632.26171875
2024-10-01 08:00:00,16047.822265625,17667.455078125,14122.2900390625
2024-10-01 09:00:00,13845.1484375,16247.6787109375,14011.7421875
2024-10-01 10:00:00,13802.41796875,16070.1640625,13258.6611328125
2024-10-01 11:00:00,12528.580078125,14988.673828125,12538.4833984375
2024-10-01 12:00:00,12337.9921875,14931.396484375,12365.9091796875
2024-10-01 13:00:00,12337.9921875,14782.8701171875,12232.7890625
2024-10-01 14:00:00,12703.38671875,13985.654296875,12022.2880859375
2024-10-01 15:00:00,13140.841796875,14782.8701171875,12022.2880859375
2024-10-01 16:00:00,13684.8583984375,15427.6669921875,13021.400390625
2024-10-01 17:00:00,15396.435546875,17092.412109375,14443.326171875
2024-10-01 18:00:00,15886.05078125,17577.6015625,14582.2314453125
2024-10-01 19:00:00,16233.12109375,18022.630859375,14689.19921875
2024-10-01 20:00:00,16842.15625,19009.482421875,15621.66015625
2024-10-01 21:00:00,16842.15625,19009.482421875,15621.66015625
2024-10-01 22:00:00,16258.7314453125,18047.9296875,15118.908203125
2024-10-01 23:00:00,14491.4306640625,17111.8046875,13005.69921875
2024-10-02 00:00:00,14326.96875,16170.9560546875,12518.474609375
2024-10-02 01:00:00,17254.8388671875,19078.2568359375,14806.177734375
2024-10-02 02:00:00,17083.083984375,18976.673828125,14691.115234375
2024-10-02 03:00:00,16948.099609375,18976.673828125,14244.814453125
2024-10-02 04:00:00,16948.099609375,18976.673828125,14042.5390625
2024-10-02 05:00:00,15963.560546875,18373.849609375,12981.9013671875
2024-10-02 06:00:00,15081.779296875,16442.0,11500.455078125
2024-10-02 07:00:00,14038.974609375,15867.13671875,10584.4873046875
2024-10-02 08:00:00,8785.28515625,10421.623046875,4687.8037109375
2024-10-02 09:00:00,5202.79736328125,5024.71533203125,2576.475341796875
2024-10-02 10:00:00,4852.98193359375,4280.51904296875,2351.31640625
2024-10-02 11:00:00,3817.445068359375,3870.722412109375,2502.9345703125
2024-10-02 12:00:00,3256.5400390625,3417.867919921875,2484.16552734375
2024-10-02 13:00:00,3256.5400390625,3417.867919921875,2502.9345703125
2024-10-02 14:00:00,3077.238525390625,3417.867919921875,2484.16552734375
2024-10-02 15:00:00,3066.8837890625,3120.859619140625,2405.724365234375
2024-10-02 16:00:00,2497.328125,2889.655517578125,2157.22998046875
2024-10-02 17:00:00,2497.328125,2841.082275390625,2123.392822265625
2024-10-02 18:00:00,2679.857421875,2841.082275390625,2157.22998046875
2024-10-02 19:00:00,2926.493896484375,3090.787109375,2409.710693359375
2024-10-02 20:00:00,2926.493896484375,3096.51416015625,2409.710693359375
2024-10-02 21:00:00,3083.471923828125,3096.51416015625,2286.484130859375
2024-10-02 22:00:00,3083.471923828125,3261.3447265625,2286.484130859375
2024-10-02 23:00:00,3083.471923828125,3420.404052734375,2398.591552734375
2024-10-03 00:00:00,3116.4471435546875,3444.6680908203125,2617.4127197265625
2024-10-03 01:00:00,4056.541748046875,4683.976806640625,2504.65576171875
2024-10-03 02:00:00,4081.98046875,4758.65234375,2608.380615234375
2024-10-03 03:00:00,4867.51708984375,5567.28076171875,3038.697998046875
2024-10-03 04:00:00,5325.6328125,6607.68896484375,3983.53515625
2024-10-03 05:00:00,5687.35498046875,6687.728515625,4599.53857421875
2024-10-03 06:00:00,5943.12451171875,7870.9453125,4626.650390625
2024-10-03 07:00:00,6033.2021484375,7870.9453125,4993.01318359375
2024-10-03 08:00:00,6608.16650390625,7983.61767578125,5670.841796875
2024-10-03 09:00:00,6409.9853515625,9193.0693359375,6269.029296875
2024-10-03 10:00:00,6409.9853515625,9193.0693359375,6269.029296875
2024-10-03 11:00:00,5045.75927734375,8860.40625,5220.45068359375
2024-10-03 12:00:00,4167.79541015625,6485.44091796875,3820.248291015625
2024-10-03 13:00:00,3853.85888671875,6474.78662109375,3668.509521484375
2024-10-03 14:00:00,3307.250732421875,5003.08642578125,2807.64794921875
2024-10-03 15:00:00,3307.250732421875,4821.892578125,2807.64794921875
2024-10-03 16:00:00,3820.17822265625,4821.892578125,2929.408447265625
2024-10-03 17:00:00,3978.246337890625,4820.54443359375,2943.646484375
2024-10-03 18:00:00,3978.246337890625,4708.6748046875,3164.52099609375
2024-10-03 19:00:00,3630.44677734375,4332.91552734375,3164.52099609375
2024-10-03 20:00:00,2882.56640625,3763.78759765625,2520.5673828125
2024-10-03 21:00:00,2882.56640625,3763.78759765625,2358.837646484375
2024-10-03 22:00:00,3135.026611328125,3763.78759765625,2232.43994140625
2024-10-03 23:00:00,3401.618408203125,3803.48681640625,2232.43994140625
2024-10-04 00:00:00,3620.2664794921875,3908.384765625,2382.155029296875
2024-10-04 01:00:00,3266.966552734375,3114.986572265625,1723.7061157226562
2024-10-04 02:00:00,3329.497802734375,3161.608154296875,1732.915771484375
2024-10-04 03:00:00,3504.700439453125,3540.00634765625,2126.6328125
2024-10-04 04:00:00,3990.190673828125,4105.708984375,2524.359375
2024-10-04 05:00:00,4116.6875,4388.51611328125,2873.113037109375
2024-10-04 06:00:00,4116.6875,4388.51611328125,3352.323486328125
2024-10-04 07:00:00,4116.6875,4000.604248046875,3352.323486328125
2024-10-04 08:00:00,3957.79345703125,3600.831787109375,2942.855712890625
2024-10-04 09:00:00,2918.133544921875,3106.3046875,2234.757568359375
2024-10-04 10:00:00,2510.87744140625,2566.69189453125,1823.197265625
2024-10-04 11:00:00,2507.875732421875,2566.69189453125,1823.197265625
2024-10-04 12:00:00,2441.84619140625,2549.69921875,1949.558349609375
2024-10-04 13:00:00,2365.493896484375,2467.3505859375,1949.558349609375
2024-10-04 14:00:00,2390.989501953125,2467.3505859375,1825.730712890625
2024-10-04 15:00:00,2390.989501953125,2710.92236328125,1825.730712890625
2024-10-04 16:00:00,2390.989501953125,2801.15869140625,1820.4332275390625
2024-10-04 17:00:00,2391.449951171875,2931.8623046875,1915.3973388671875
2024-10-04 18:00:00,2685.651123046875,2931.8623046875,2005.2900390625
2024-10-04 19:00:00,2963.669921875,2931.8623046875,2301.253662109375
2024-10-04 20:00:00,3012.121337890625,2970.955810546875,2415.253173828125
2024-10-04 21:00:00,3340.80712890625,3008.171630859375,2559.943115234375
2024-10-04 22:00:00,3660.91943359375,3879.30029296875,2901.776611328125
2024-10-04 23:00:00,3660.91943359375,3879.30029296875,2901.776611328125
2024-10-05 00:00:00,3571.405517578125,3909.473388671875,2655.47314453125
2024-10-05 01:00:00,3808.8123779296875,3274.57861328125,2313.521484375
2024-10-05 02:00:00,3800.968017578125,3197.444580078125,2399.769775390625
2024-10-05 03:00:00,3648.53759765625,3197.444580078125,2416.26171875
2024-10-05 04:00:00,3483.325439453125,3197.444580078125,2401.343505859375
2024-10-05 05:00:00,3403.86279296875,3278.597900390625,2401.343505859375
2024-10-05 06:00:00,2983.534423828125,3278.597900390625,2340.01806640625
2024-10-05 07:00:00,2696.920166015625,3107.2197265625,2264.060302734375
2024-10-05 08:00:00,2629.677001953125,2813.258056640625,2264.060302734375
2024-10-05 09:00:00,2629.677001953125,2645.91259765625,2264.060302734375
2024-10-05 10:00:00,2516.364990234375,2645.91259765625,2201.888427734375
2024-10-05 11:00:00,2535.657958984375,2689.802001953125,2201.888427734375
2024-10-05 12:00:00,2388.210693359375,2689.802001953125,2201.888427734375
2024-10-05 13:00:00,2473.61083984375,2747.8515625,2246.0771484375
2024-10-05 14:00:00,2473.61083984375,2747.8515625,2208.276611328125
2024-10-05 15:00:00,2473.724365234375,2747.8515625,2246.0771484375
2024-10-05 16:00:00,2570.634765625,2811.842041015625,2208.276611328125
2024-10-05 17:00:00,2570.634765625,3034.53564453125,2382.521728515625
2024-10-05 18:00:00,2939.463623046875,3189.304443359375,2517.432861328125
2024-10-05 19:00:00,3041.376220703125,3591.0380859375,2678.759521484375
2024-10-05 20:00:00,3205.60791015625,3629.156494140625,2803.120361328125
2024-10-05 21:00:00,3529.801513671875,3734.781494140625,2970.508544921875
2024-10-05 22:00:00,3564.50048828125,4366.4501953125,3173.91943359375
2024-10-05 23:00:00,3564.50048828125,4366.4501953125,3173.91943359375
2024-10-06 00:00:00,3436.5518798828125,3875.881591796875,2961.7572021484375
2024-10-06 01:00:00,3469.53662109375,3573.167724609375,2290.640625
2024-10-06 02:00:00,3520.57763671875,3590.553466796875,2354.2109375
2024-10-06 03:00:00,3418.49560546875,3555.781982421875,2442.735107421875
2024-10-06 04:00:00,3327.120849609375,3294.42138671875,2442.735107421875
2024-10-06 05:00:00,3256.226318359375,3293.825439453125,2413.849853515625
2024-10-06 06:00:00,3256.226318359375,3293.825439453125,2284.913818359375
2024-10-06 07:00:00,3030.352783203125,2834.010498046875,2284.913818359375
2024-10-06 08:00:00,3030.352783203125,2822.52978515625,2285.076416015625
2024-10-06 09:00:00,3030.352783203125,2822.52978515625,2285.076416015625
2024-10-06 10:00:00,3016.99072265625,2795.096435546875,2212.767333984375
2024-10-06 11:00:00,3016.99072265625,2765.777587890625,2212.767333984375
2024-10-06 12:00:00,2741.89404296875,2765.777587890625,2231.447021484375
2024-10-06 13:00:00,2736.198974609375,2837.58447265625,2273.49853515625
2024-10-06 14:00:00,2741.89404296875,2969.884033203125,2467.548583984375
2024-10-06 15:00:00,3115.292724609375,3172.033935546875,2526.210205078125
2024-10-06 16:00:00,3128.87451171875,3188.650146484375,2490.86474609375
2024-10-06 17:00:00,3199.694091796875,3232.3076171875,2526.210205078125
2024-10-06 18:00:00,3128.87451171875,4092.34423828125,2574.356201171875
2024-10-06 19:00:00,3329.65185546875,4335.3330078125,2832.482421875
2024-10-06 20:00:00,3505.13330078125,4092.34423828125,2748.777587890625
2024-10-06 21:00:00,3552.22314453125,3734.4130859375,3068.070556640625
2024-10-06 22:00:00,3552.22314453125,3734.4130859375,2998.755126953125
2024-10-06 23:00:00,3807.693603515625,3967.260498046875,3037.983154296875
2024-10-07 00:00:00,3871.0860595703125,4024.4813232421875,3018.369140625
2024-10-07 01:00:00,5308.57470703125,5601.466064453125,3786.83349609375
2024-10-07 02:00:00,5536.244140625,5913.59619140625,3862.302734375
2024-10-07 03:00:00,5536.244140625,6153.76513671875,3862.302734375
2024-10-07 04:00:00,5536.244140625,6443.259765625,4638.0029296875
2024-10-07 05:00:00,5467.69189453125,6443.259765625,3829.13720703125
2024-10-07 06:00:00,5120.79638671875,5556.7412109375,4870.6474609375
2024-10-07 07:00:00,4706.85498046875,5537.82470703125,4138.78466796875
2024-10-07 08:00:00,4650.30078125,5537.82470703125,4138.78466796875
2024-10-07 09:00:00,3902.894775390625,4816.4697265625,2819.052490234375
2024-10-07 10:00:00,3255.124267578125,3879.65283203125,2812.961669921875
2024-10-07 11:00:00,3015.705322265625,3389.560302734375,2571.191162109375
2024-10-07 12:00:00,2597.812255859375,2918.001953125,2290.728271484375
2024-10-07 13:00:00,2597.812255859375,2903.345458984375,2158.18603515625
2024-10-07 14:00:00,2864.59814453125,2903.345458984375,2158.18603515625
2024-10-07 15:00:00,3351.088134765625,3233.82763671875,2741.2109375
2024-10-07 16:00:00,3351.088134765625,3233.82763671875,2741.2109375
2024-10-07 17:00:00,3244.394287109375,3233.82763671875,2630.772216796875
2024-10-07 18:00:00,3244.394287109375,3258.44921875,2630.772216796875
2024-10-07 19:00:00,3398.864501953125,3361.960205078125,2763.85986328125
2024-10-07 20:00:00,3620.738525390625,3471.1201171875,2969.779541015625
2024-10-07 21:00:00,3676.23681640625,3483.173095703125,2969.779541015625
2024-10-07 22:00:00,4241.2705078125,4094.947509765625,2969.779541015625
2024-10-07 23:00:00,4241.2705078125,4094.947509765625,2862.204833984375
2024-10-08 00:00:00,4121.2684326171875,3983.26806640625,2863.05908203125
2024-10-08 01:00:00,3398.7698974609375,2937.5926513671875,2144.30029296875
2024-10-08 02:00:00,3428.61474609375,2978.403076171875,2185.19677734375
2024-10-08 03:00:00,3428.61474609375,2998.62841796875,2598.347900390625
2024-10-08 04:00:00,3361.12060546875,3056.57275390625,2598.347900390625
2024-10-08 05:00:00,3354.289794921875,3024.365966796875,2474.94189453125
2024-10-08 06:00:00,3354.289794921875,3056.57275390625,2398.29248046875
2024-10-08 07:00:00,3132.69921875,3190.885986328125,2392.7861328125
2024-10-08 08:00:00,2980.437255859375,3190.885986328125,2315.475341796875
2024-10-08 09:00:00,2936.706787109375,3147.894775390625,2315.475341796875
2024-10-08 10:00:00,2936.706787109375,3147.894775390625,2544.75439453125
2024-10-08 11:00:00,3068.34423828125,3523.98974609375,2564.939453125
2024-10-08 12:00:00,3068.34423828125,3551.433837890625,2624.642578125
2024-10-08 13:00:00,2983.727783203125,3551.433837890625,2606.1474609375
2024-10-08 14:00:00,2925.372802734375,3569.1337890625,2624.642578125
2024-10-08 15:00:00,2925.372802734375,3547.733642578125,2606.1474609375
2024-10-08 16:00:00,3140.16650390625,3569.1337890625,2439.554931640625
2024-10-08 17:00:00,3182.363037109375,3632.264404296875,2426.765869140625
2024-10-08 18:00:00,3198.430908203125,3662.828125,2377.2177734375
2024-10-08 19:00:00,3305.321044921875,3746.046142578125,2377.2177734375
2024-10-08 20:00:00,3305.321044921875,3754.636474609375,2416.80908203125
2024-10-08 21:00:00,3336.88720703125,3991.221435546875,2416.80908203125
2024-10-08 22:00:00,3295.944091796875,4106.37890625,2369.15478515625
2024-10-08 23:00:00,3279.01708984375,4106.37890625,2310.384033203125
2024-10-09 00:00:00,3262.963134765625,4026.4781494140625,2226.3988037109375
2024-10-09 01:00:00,3351.0970458984375,3529.989501953125,2160.0509033203125
2024-10-09 02:00:00,3338.76953125,3677.512939453125,2291.12060546875
2024-10-09 03:00:00,3338.76953125,3677.512939453125,2424.84912109375
2024-10-09 04:00:00,3249.053466796875,3625.7099609375,2541.670166015625
2024-10-09 05:00:00,3241.66796875,3550.612548828125,2541.670166015625
2024-10-09 06:00:00,3245.93408203125,3548.697265625,2372.016845703125
2024-10-09 07:00:00,3173.159912109375,3548.697265625,2372.016845703125
2024-10-09 08:00:00,3173.159912109375,3481.75732421875,2436.513427734375
2024-10-09 09:00:00,2864.7763671875,3466.908203125,2444.554931640625
2024-10-09 10:00:00,2776.655029296875,3371.776611328125,2598.98828125
2024-10-09 11:00:00,2645.861083984375,3282.151123046875,2598.98828125
2024-10-09 12:00:00,2590.668701171875,3273.3271484375,2419.655029296875
2024-10-09 13:00:00,2553.643798828125,3186.260498046875,2419.655029296875
2024-10-09 14:00:00,2531.560546875,3186.260498046875,2482.477294921875
2024-10-09 15:00:00,2553.643798828125,3142.89794921875,2482.477294921875
2024-10-09 16:00:00,2624.885986328125,3016.0380859375,2396.876953125
2024-10-09 17:00:00,2647.8251953125,2828.2099609375,2116.79345703125
2024-10-09 18:00:00,2690.371826171875,2828.2099609375,2109.605224609375
2024-10-09 19:00:00,2698.046875,3042.8662109375,2083.066650390625
2024-10-09 20:00:00,2730.7119140625,3075.54541015625,2055.407958984375
2024-10-09 21:00:00,2837.38330078125,3147.375244140625,2055.407958984375
2024-10-09 22:00:00,3146.6796875,3389.370849609375,2229.916015625
2024-10-09 23:00:00,3146.6796875,3389.370849609375,2229.916015625
2024-10-10 00:00:00,3054.498779296875,3326.2960205078125,2119.5321655273438
2024-10-10 01:00:00,3051.400146484375,2792.1297607421875,1595.3453979492188
2024-10-10 02:00:00,3164.005859375,2747.97119140625,1664.8692626953125
2024-10-10 03:00:00,3204.065185546875,2857.867431640625,1772.2718505859375
2024-10-10 04:00:00,3294.484130859375,2956.77685546875,1948.2470703125
2024-10-10 05:00:00,3244.92041015625,3179.9697265625,2215.6220703125
2024-10-10 06:00:00,3409.499755859375,3179.9697265625,2235.157958984375
2024-10-10 07:00:00,3642.94921875,3360.311279296875,2355.11328125
2024-10-10 08:00:00,3642.94921875,3395.22802734375,2235.157958984375
2024-10-10 09:00:00,3440.685302734375,3395.22802734375,2164.585205078125
2024-10-10 10:00:00,3321.778564453125,3363.568603515625,2139.929931640625
2024-10-10 11:00:00,2895.04052734375,3140.26318359375,2162.2373046875
2024-10-10 12:00:00,2895.04052734375,3140.26318359375,2162.2373046875
2024-10-10 13:00:00,3295.16162109375,3178.25341796875,2246.316162109375
2024-10-10 14:00:00,3353.9658203125,3443.94287109375,2246.316162109375
2024-10-10 15:00:00,3353.9658203125,3717.71826171875,2246.316162109375
2024-10-10 16:00:00,3022.19580078125,3443.94287109375,2201.644287109375
2024-10-10 17:00:00,3022.19580078125,3490.4443359375,2348.6328125
2024-10-10 18:00:00,3033.53173828125,3490.4443359375,2589.83349609375
2024-10-10 19:00:00,3917.634033203125,3926.140380859375,3012.389404296875
2024-10-10 20:00:00,4656.458984375,4627.2724609375,3396.20068359375
2024-10-10 21:00:00,5782.84326171875,6562.65625,4155.64794921875
2024-10-10 22:00:00,7010.33837890625,6899.47216796875,4528.87060546875
2024-10-10 23:00:00,7010.33837890625,6899.47216796875,4539.8984375
2024-10-11 00:00:00,6819.261474609375,6710.918212890625,4534.384521484375
2024-10-11 01:00:00,4884.379150390625,4856.980224609375,2842.103515625
2024-10-11 02:00:00,4827.0712890625,4848.029296875,2873.140625
2024-10-11 03:00:00,4827.0712890625,4865.93115234375,2839.693115234375
2024-10-11 04:00:00,4544.39697265625,4608.705078125,2839.693115234375
2024-10-11 05:00:00,4433.36767578125,4449.8369140625,2839.693115234375
2024-10-11 06:00:00,4137.47314453125,4449.8369140625,2967.319580078125
2024-10-11 07:00:00,4053.572509765625,4175.9892578125,2967.319580078125
2024-10-11 08:00:00,3629.3994140625,4026.530029296875,2947.286865234375
2024-10-11 09:00:00,3428.598876953125,3992.304443359375,2595.301025390625
2024-10-11 10:00:00,3158.92333984375,3273.24755859375,2576.74853515625
2024-10-11 11:00:00,2899.224365234375,2971.124267578125,2382.962890625
2024-10-11 12:00:00,2889.45068359375,2971.124267578125,2380.185791015625
2024-10-11 13:00:00,2889.45068359375,3146.080322265625,2354.575927734375
2024-10-11 14:00:00,3079.470458984375,3651.696533203125,2380.185791015625
2024-10-11 15:00:00,3083.019775390625,3651.696533203125,2393.94580078125
2024-10-11 16:00:00,3277.254638671875,3633.962646484375,2513.59765625
2024-10-11 17:00:00,3376.825927734375,3633.962646484375,2513.59765625
2024-10-11 18:00:00,3595.04150390625,3668.656494140625,2515.677734375
2024-10-11 19:00:00,3963.872314453125,4077.1044921875,3406.187255859375
2024-10-11 20:00:00,4524.3603515625,4388.328125,3473.550048828125
2024-10-11 21:00:00,4967.68408203125,4908.796875,3473.550048828125
2024-10-11 22:00:00,6436.71826171875,6743.63720703125,4337.060546875
2024-10-11 23:00:00,6595.4697265625,6749.42919921875,4452.841796875
2024-10-12 00:00:00,6700.302001953125,6982.11181640625,4472.6796875
2024-10-12 01:00:00,7805.392333984375,7843.643310546875,4515.492919921875
2024-10-12 02:00:00,7986.07470703125,8357.625,4644.673828125
2024-10-12 03:00:00,7986.07470703125,8590.87109375,4644.673828125
2024-10-12 04:00:00,7844.97802734375,8481.935546875,4520.44921875
2024-10-12 05:00:00,7537.916015625,8481.935546875,4434.47509765625
2024-10-12 06:00:00,5732.0244140625,6080.654296875,3304.645751953125
2024-10-12 07:00:00,5088.13134765625,5993.052734375,3304.645751953125
2024-10-12 08:00:00,5061.486328125,5900.552734375,3297.446533203125
2024-10-12 09:00:00,4888.11767578125,5034.43310546875,3199.905029296875
2024-10-12 10:00:00,3528.179931640625,3754.183349609375,2494.970458984375
2024-10-12 11:00:00,3257.686767578125,3445.40771484375,2406.892333984375
2024-10-12 12:00:00,2962.199951171875,3201.381103515625,2276.91015625
2024-10-12 13:00:00,2911.45263671875,3201.381103515625,2203.974609375
2024-10-12 14:00:00,2911.45263671875,3153.695556640625,2203.974609375
2024-10-12 15:00:00,2915.50634765625,3153.695556640625,2203.974609375
2024-10-12 16:00:00,2915.50634765625,3153.695556640625,2100.380126953125
2024-10-12 17:00:00,2915.50634765625,3665.147705078125,2100.380126953125
2024-10-12 18:00:00,3000.11767578125,3944.035888671875,2297.627197265625
2024-10-12 19:00:00,3433.8583984375,4001.85400390625,2326.7021484375
2024-10-12 20:00:00,3458.677734375,4397.8125,2326.7021484375
2024-10-12 21:00:00,3883.99462890625,4534.146484375,2776.943603515625
2024-10-12 22:00:00,3900.323486328125,4807.21484375,3004.345458984375
2024-10-12 23:00:00,3900.323486328125,4807.21484375,3004.345458984375
2024-10-13 00:00:00,3545.58740234375,4570.5859375,2785.0863037109375
2024-10-13 01:00:00,3271.3154296875,3529.48095703125,1547.6104125976562
2024-10-13 02:00:00,3371.754638671875,3533.042236328125,1555.7899169921875
2024-10-13 03:00:00,3371.754638671875,3525.919677734375,1640.0706787109375
2024-10-13 04:00:00,3453.216796875,3243.704833984375,1705.597900390625
2024-10-13 05:00:00,3475.53662109375,3173.4013671875,1688.747314453125
2024-10-13 06:00:00,3475.53662109375,3243.704833984375,1705.597900390625
2024-10-13 07:00:00,3350.631591796875,3418.840087890625,1911.97314453125
2024-10-13 08:00:00,3174.73828125,3418.840087890625,2041.5528564453125
2024-10-13 09:00:00,2773.6748046875,3279.14794921875,2129.525634765625
2024-10-13 10:00:00,2584.537353515625,3047.75927734375,2101.40869140625
2024-10-13 11:00:00,2584.537353515625,3047.75927734375,2129.525634765625
2024-10-13 12:00:00,2830.234619140625,3084.7021484375,2522.69775390625
2024-10-13 13:00:00,2860.497314453125,3229.6865234375,2802.758056640625
2024-10-13 14:00:00,2912.689453125,3329.821044921875,2911.492919921875
2024-10-13 15:00:00,2912.689453125,3329.821044921875,2911.492919921875
2024-10-13 16:00:00,2336.265625,2877.431396484375,2078.323974609375
2024-10-13 17:00:00,2336.265625,2877.431396484375,1932.935302734375
2024-10-13 18:00:00,2418.968505859375,2877.431396484375,1756.0418701171875
2024-10-13 19:00:00,2485.991943359375,2900.767333984375,1756.0418701171875
2024-10-13 20:00:00,2767.433349609375,3103.033935546875,2184.79931640625
2024-10-13 21:00:00,2887.7099609375,3162.104736328125,2208.192626953125
2024-10-13 22:00:00,3221.244873046875,3280.9814453125,2208.192626953125
2024-10-13 23:00:00,3221.244873046875,3712.004150390625,2208.192626953125
2024-10-14 00:00:00,3779.143798828125,4788.6497802734375,2957.8860473632812
2024-10-14 01:00:00,3457.21337890625,3394.383544921875,2011.7239990234375
2024-10-14 02:00:00,3470.057861328125,3250.315673828125,2089.513916015625
2024-10-14 03:00:00,3509.30712890625,3551.117919921875,2092.6103515625
2024-10-14 04:00:00,3509.30712890625,3519.521484375,2092.6103515625
2024-10-14 05:00:00,3509.30712890625,3519.521484375,2111.619140625
2024-10-14 06:00:00,3527.77587890625,3519.521484375,2111.619140625
2024-10-14 07:00:00,3527.77587890625,3989.15478515625,2342.82861328125
2024-10-14 08:00:00,3275.694091796875,3989.15478515625,2342.82861328125
2024-10-14 09:00:00,3275.694091796875,4158.1083984375,2072.4970703125
2024-10-14 10:00:00,3354.19091796875,3657.111572265625,2021.8544921875
2024-10-14 11:00:00,3354.19091796875,3471.297607421875,1541.0146484375
2024-10-14 12:00:00,3213.07421875,3471.297607421875,1541.0146484375
2024-10-14 13:00:00,3213.07421875,3642.900634765625,1714.294921875
2024-10-14 14:00:00,3341.465576171875,3642.900634765625,1892.8780517578125
2024-10-14 15:00:00,3776.07666015625,3698.727294921875,2041.310791015625
2024-10-14 16:00:00,4325.08544921875,5417.9384765625,3449.607421875
2024-10-14 17:00:00,4866.8935546875,5743.5390625,3487.77294921875
2024-10-14 18:00:00,6021.671875,7194.06298828125,5533.95703125
2024-10-14 19:00:00,7906.25244140625,9936.4189453125,7869.91162109375
2024-10-14 20:00:00,7906.25244140625,9936.4189453125,7869.91162109375
2024-10-14 21:00:00,7363.23828125,9772.1259765625,5502.6162109375
2024-10-14 22:00:00,6839.84521484375,9772.1259765625,5502.6162109375
2024-10-14 23:00:00,6521.5185546875,9198.974609375,5110.59619140625
2024-10-15 00:00:00,6326.240478515625,9658.5439453125,5393.201904296875
2024-10-15 01:00:00,5408.400390625,6315.57568359375,5239.7978515625
2024-10-15 02:00:00,5507.29248046875,6724.90771484375,5239.1767578125
2024-10-15 03:00:00,5584.83935546875,6837.904296875,5239.1767578125
2024-10-15 04:00:00,6668.1201171875,7709.9921875,5521.87548828125
2024-10-15 05:00:00,7348.24609375,8125.048828125,5664.4140625
2024-10-15 06:00:00,7348.24609375,8125.048828125,5664.4140625
2024-10-15 07:00:00,6317.4970703125,6857.77490234375,5327.73876953125
2024-10-15 08:00:00,6274.2529296875,6857.77490234375,5057.1376953125
2024-10-15 09:00:00,6274.2529296875,7500.3447265625,5000.12255859375
2024-10-15 10:00:00,6409.7158203125,7500.3447265625,5000.12255859375
2024-10-15 11:00:00,6409.7158203125,7179.18603515625,4898.4013671875
2024-10-15 12:00:00,6333.18310546875,7179.18603515625,4898.4013671875
2024-10-15 13:00:00,6333.18310546875,7710.90625,4925.49658203125
2024-10-15 14:00:00,7252.17529296875,8559.5556640625,5036.078125
2024-10-15 15:00:00,7932.78076171875,8730.5283203125,5867.4482421875
2024-10-15 16:00:00,8354.05078125,9751.642578125,5913.46923828125
2024-10-15 17:00:00,9728.1982421875,12116.1123046875,7828.263671875
2024-10-15 18:00:00,11950.4638671875,13279.5712890625,9914.16015625
2024-10-15 19:00:00,12356.2109375,14045.619140625,10304.92578125
2024-10-15 20:00:00,12356.2109375,14053.3486328125,10304.92578125
2024-10-15 21:00:00,11876.91015625,14053.3486328125,9684.484375
2024-10-15 22:00:00,9393.654296875,10166.36328125,7432.7265625
2024-10-15 23:00:00,8771.1513671875,9389.892578125,7205.85888671875
2024-10-16 00:00:00,8505.9619140625,9342.578125,7184.9501953125
2024-10-16 01:00:00,5762.019775390625,6553.713134765625,4844.984375
2024-10-16 02:00:00,4892.23681640625,5522.92529296875,4671.34375
2024-10-16 03:00:00,4202.6611328125,4439.478515625,3052.433349609375
2024-10-16 04:00:00,3008.8916015625,3069.570068359375,2106.12939453125
2024-10-16 05:00:00,3008.8916015625,2880.648193359375,2106.12939453125
2024-10-16 06:00:00,3080.232666015625,2880.648193359375,2216.057373046875
2024-10-16 07:00:00,3166.226806640625,3175.423828125,2216.057373046875
2024-10-16 08:00:00,3166.226806640625,3175.423828125,2118.6796875
2024-10-16 09:00:00,2737.769287109375,2517.236572265625,1799.1075439453125
2024-10-16 10:00:00,2737.769287109375,2517.236572265625,1799.1075439453125
2024-10-16 11:00:00,2608.81494140625,2548.276611328125,1806.8271484375
2024-10-16 12:00:00,2493.721923828125,2633.7861328125,1876.4443359375
2024-10-16 13:00:00,2493.721923828125,2642.63427734375,1876.4443359375
2024-10-16 14:00:00,2554.81591796875,2642.63427734375,2157.462158203125
2024-10-16 15:00:00,2584.480224609375,2642.63427734375,2237.546142578125
2024-10-16 16:00:00,2776.946044921875,2915.434814453125,2278.30322265625
2024-10-16 17:00:00,2846.809326171875,3075.34326171875,2410.04833984375
2024-10-16 18:00:00,3026.97314453125,3078.3994140625,2552.797607421875
2024-10-16 19:00:00,3274.773681640625,3541.797119140625,2552.797607421875
2024-10-16 20:00:00,3359.789306640625,3541.797119140625,2607.532470703125
2024-10-16 21:00:00,3452.55419921875,3548.0693359375,2843.506591796875
2024-10-16 22:00:00,4165.67138671875,4680.39306640625,3086.2890625
2024-10-16 23:00:00,4246.375,4982.91064453125,3225.500732421875
2024-10-17 00:00:00,4362.43701171875,5080.36279296875,3251.356689453125
2024-10-17 01:00:00,4394.67041015625,4295.7587890625,2739.3565673828125
2024-10-17 02:00:00,4028.7412109375,3703.3818359375,2810.6396484375
2024-10-17 03:00:00,4400.88134765625,3703.3818359375,3138.615966796875
2024-10-17 04:00:00,4248.08056640625,3703.3818359375,3224.516845703125
2024-10-17 05:00:00,4248.08056640625,3616.65283203125,3224.516845703125
2024-10-17 06:00:00,4094.1640625,3653.849609375,3198.7890625
2024-10-17 07:00:00,3863.362060546875,3566.7763671875,2857.095458984375
2024-10-17 08:00:00,3475.323486328125,3431.368896484375,2723.272216796875
2024-10-17 09:00:00,3181.9736328125,3215.07080078125,2492.52001953125
2024-10-17 10:00:00,2848.28173828125,3215.07080078125,2259.413818359375
2024-10-17 11:00:00,2776.91796875,3350.063232421875,2259.413818359375
2024-10-17 12:00:00,2776.91796875,3528.37939453125,2716.440673828125
2024-10-17 13:00:00,2726.0283203125,3350.063232421875,2716.440673828125
2024-10-17 14:00:00,2726.0283203125,2897.438720703125,2360.484619140625
2024-10-17 15:00:00,2769.74072265625,2862.675537109375,2137.276123046875
2024-10-17 16:00:00,2997.9189453125,2862.675537109375,2137.276123046875
2024-10-17 17:00:00,2997.9189453125,2913.006591796875,2271.852294921875
2024-10-17 18:00:00,2888.36962890625,2913.006591796875,2280.735107421875
2024-10-17 19:00:00,2888.36962890625,2913.006591796875,2341.241943359375
2024-10-17 20:00:00,3089.0244140625,2983.989013671875,2665.99365234375
2024-10-17 21:00:00,3373.931396484375,3213.963134765625,2779.605224609375
2024-10-17 22:00:00,4106.30615234375,3907.7646484375,3136.420654296875
2024-10-17 23:00:00,4205.67822265625,4007.291015625,3136.420654296875
2024-10-18 00:00:00,4235.1259765625,4207.53369140625,3257.2978515625
2024-10-18 01:00:00,4213.458984375,3758.9139404296875,2336.3680419921875
2024-10-18 02:00:00,4184.322265625,3882.28173828125,2401.426513671875
2024-10-18 03:00:00,4124.55419921875,3708.72900390625,2678.2890625
2024-10-18 04:00:00,4124.55419921875,3882.28173828125,2763.99267578125
2024-10-18 05:00:00,4128.9111328125,3903.587158203125,2795.972412109375
2024-10-18 06:00:00,4146.73828125,3976.54248046875,3021.335693359375
2024-10-18 07:00:00,4146.73828125,3979.978271484375,3152.408935546875
2024-10-18 08:00:00,4241.2958984375,4043.87841796875,3494.218505859375
2024-10-18 09:00:00,3980.964111328125,4782.56689453125,3357.15478515625
2024-10-18 10:00:00,4393.1044921875,4784.48681640625,3428.075439453125
2024-10-18 11:00:00,4532.8916015625,4784.48681640625,3428.075439453125
2024-10-18 12:00:00,4635.85498046875,4901.9130859375,3597.7001953125
2024-10-18 13:00:00,5761.8583984375,6693.68359375,4459.45556640625
2024-10-18 14:00:00,9964.3720703125,9667.9765625,7776.94189453125
2024-10-18 15:00:00,11681.2255859375,12279.873046875,9525.3583984375
2024-10-18 16:00:00,12992.82421875,13599.0107421875,9897.572265625
2024-10-18 17:00:00,12996.982421875,14280.06640625,11369.7822265625
2024-10-18 18:00:00,13054.916015625,14940.2060546875,12020.453125
2024-10-18 19:00:00,13054.916015625,15642.560546875,12020.453125
2024-10-18 20:00:00,13690.46484375,15428.3876953125,12020.453125
2024-10-18 21:00:00,13690.46484375,15642.560546875,12306.6484375
2024-10-18 22:00:00,13371.19140625,15428.3876953125,12306.6484375
2024-10-18 23:00:00,11559.412109375,13260.703125,11145.1923828125
2024-10-19 00:00:00,11126.39794921875,13008.861328125,10486.76220703125
2024-10-19 01:00:00,8665.59423828125,10028.29541015625,6992.567138671875
2024-10-19 02:00:00,9011.0185546875,10088.1435546875,7340.34912109375
2024-10-19 03:00:00,8286.01171875,10088.1435546875,7340.34912109375
2024-10-19 04:00:00,7192.33642578125,9004.5185546875,6191.85400390625
2024-10-19 05:00:00,6100.37353515625,6369.2255859375,4605.03125
2024-10-19 06:00:00,6100.37353515625,6369.2255859375,4605.03125
2024-10-19 07:00:00,7498.982421875,8234.0732421875,6038.5712890625
2024-10-19 08:00:00,9524.0009765625,9361.69140625,7641.88720703125
2024-10-19 09:00:00,9816.83984375,11052.880859375,8588.8740234375
2024-10-19 10:00:00,10685.97265625,12068.9384765625,10137.3095703125
2024-10-19 11:00:00,10685.97265625,12816.2021484375,10371.8212890625
2024-10-19 12:00:00,10817.4072265625,13003.3486328125,10371.8212890625
2024-10-19 13:00:00,11024.353515625,13088.0126953125,10141.5517578125
2024-10-19 14:00:00,11024.353515625,13088.0126953125,10141.5517578125
2024-10-19 15:00:00,10429.478515625,12451.646484375,10141.5517578125
2024-10-19 16:00:00,10166.48828125,12042.3916015625,9479.8134765625
2024-10-19 17:00:00,9891.1357421875,11374.2666015625,8795.2080078125
2024-10-19 18:00:00,9891.1357421875,11374.2666015625,8795.2080078125
2024-10-19 19:00:00,10402.5146484375,12436.31640625,9925.3408203125
2024-10-19 20:00:00,10856.0048828125,12436.31640625,9925.3408203125
2024-10-19 21:00:00,11088.8935546875,12436.31640625,10120.1826171875
2024-10-19 22:00:00,11301.9912109375,13088.3935546875,10466.65234375
2024-10-19 23:00:00,11301.9912109375,13250.705078125,10509.2060546875
2024-10-20 00:00:00,11672.533203125,13482.40673828125,10606.68505859375
2024-10-20 01:00:00,12525.751953125,13427.85693359375,10070.70947265625
2024-10-20 02:00:00,12534.712890625,13293.5341796875,10183.544921875
2024-10-20 03:00:00,12313.6728515625,13293.5341796875,10183.544921875
2024-10-20 04:00:00,12035.138671875,13152.9599609375,9965.5
2024-10-20 05:00:00,11984.12109375,13152.9599609375,9824.48828125
2024-10-20 06:00:00,11905.6337890625,13128.392578125,9682.1455078125
2024-10-20 07:00:00,11795.306640625,13106.416015625,9647.134765625
2024-10-20 08:00:00,11313.712890625,12126.3212890625,8648.6455078125
2024-10-20 09:00:00,10078.50390625,12114.9775390625,8642.72265625
2024-10-20 10:00:00,9371.162109375,11629.69140625,7963.76953125
2024-10-20 11:00:00,7914.96240234375,11258.22265625,7610.51708984375
2024-10-20 12:00:00,5819.11669921875,9263.431640625,5378.85205078125
2024-10-20 13:00:00,5186.26025390625,7020.24072265625,4079.717041015625
2024-10-20 14:00:00,4735.98486328125,6280.63818359375,4056.456298828125
2024-10-20 15:00:00,4735.98486328125,5500.083984375,3940.7412109375
2024-10-20 16:00:00,4533.26123046875,5490.67041015625,3940.7412109375
2024-10-20 17:00:00,4533.26123046875,5379.51708984375,4002.9521484375
2024-10-20 18:00:00,4533.26123046875,5379.51708984375,4075.583740234375
2024-10-20 19:00:00,4616.37939453125,5625.66748046875,4708.53564453125
2024-10-20 20:00:00,4857.00634765625,7152.5791015625,6527.10498046875
2024-10-20 21:00:00,5284.55615234375,8716.328125,6715.31494140625
2024-10-20 22:00:00,5728.3486328125,8716.328125,6527.10498046875
2024-10-20 23:00:00,5728.3486328125,7708.32568359375,5144.66943359375
2024-10-21 00:00:00,4692.675048828125,5952.8603515625,3785.787841796875
2024-10-21 01:00:00,5541.28125,5795.31787109375,4103.996337890625
2024-10-21 02:00:00,5363.67822265625,5419.96728515625,4061.8876953125
2024-10-21 03:00:00,4416.49169921875,4714.2255859375,3162.2001953125
2024-10-21 04:00:00,4384.8828125,4601.55908203125,2823.491455078125
2024-10-21 05:00:00,4200.3486328125,4601.55908203125,2796.9521484375
2024-10-21 06:00:00,4040.205078125,4601.55908203125,2796.9521484375
2024-10-21 07:00:00,3746.2685546875,5157.92431640625,3088.270751953125
2024-10-21 08:00:00,3896.4560546875,5157.92431640625,3088.270751953125
2024-10-21 09:00:00,3741.454833984375,5378.080078125,2429.083251953125
2024-10-21 10:00:00,3771.461669921875,5378.080078125,2159.0693359375
2024-10-21 11:00:00,3741.454833984375,5378.080078125,2159.0693359375
2024-10-21 12:00:00,3709.87451171875,4707.041015625,2187.032958984375
2024-10-21 13:00:00,3709.87451171875,4707.041015625,2842.965087890625
2024-10-21 14:00:00,3684.4892578125,4517.18310546875,2842.965087890625
2024-10-21 15:00:00,3684.4892578125,4517.18310546875,2791.34716796875
2024-10-21 16:00:00,3684.4892578125,4172.68798828125,2237.0830078125
2024-10-21 17:00:00,3557.248291015625,4032.89697265625,2191.714599609375
2024-10-21 18:00:00,3725.68212890625,4032.89697265625,2191.714599609375
2024-10-21 19:00:00,4323.66748046875,5392.72705078125,2957.421142578125
2024-10-21 20:00:00,4772.568359375,6304.00439453125,3281.9560546875
2024-10-21 21:00:00,4772.568359375,6304.00439453125,3281.9560546875
2024-10-21 22:00:00,3868.1552734375,5995.4296875,2734.368896484375
2024-10-21 23:00:00,3721.350341796875,5738.48876953125,2608.698974609375
2024-10-22 00:00:00,3623.2244873046875,5269.457275390625,2557.147216796875
2024-10-22 01:00:00,3763.691162109375,4380.6412353515625,2370.842041015625
2024-10-22 02:00:00,3762.9228515625,4027.5390625,2328.784912109375
2024-10-22 03:00:00,3762.9228515625,4027.5390625,2328.784912109375
2024-10-22 04:00:00,4337.42041015625,4038.821533203125,2543.866455078125
2024-10-22 05:00:00,4551.3486328125,4309.76318359375,2896.987060546875
2024-10-22 06:00:00,4633.23291015625,4309.76318359375,3027.07568359375
2024-10-22 07:00:00,4874.6025390625,5159.32666015625,3226.777099609375
2024-10-22 08:00:00,4926.7275390625,5553.95947265625,3568.90283203125
2024-10-22 09:00:00,5713.55419921875,5962.19189453125,4489.2333984375
2024-10-22 10:00:00,5959.85546875,7349.62548828125,4811.19873046875
2024-10-22 11:00:00,5713.55419921875,7746.2490234375,4925.787109375
2024-10-22 12:00:00,5959.85546875,7746.2490234375,6002.78271484375
2024-10-22 13:00:00,5818.9365234375,7010.42236328125,4925.787109375
2024-10-22 14:00:00,6218.76904296875,7010.42236328125,5657.97412109375
2024-10-22 15:00:00,7023.32421875,9537.5966796875,5657.97412109375
2024-10-22 16:00:00,8199.7119140625,10852.833984375,6382.67724609375
2024-10-22 17:00:00,8199.7119140625,11464.3134765625,6582.6015625
2024-10-22 18:00:00,8199.7119140625,11665.9931640625,6649.86279296875
2024-10-22 19:00:00,8524.720703125,11665.9931640625,7931.97265625
2024-10-22 20:00:00,9638.130859375,12672.2265625,9196.126953125
2024-10-22 21:00:00,11103.4169921875,14135.92578125,11110.703125
2024-10-22 22:00:00,11489.1953125,14765.904296875,11134.431640625
2024-10-22 23:00:00,13064.296875,16255.759765625,13919.0029296875
2024-10-23 00:00:00,14027.25048828125,16799.259765625,14233.20849609375
2024-10-23 01:00:00,17402.2587890625,19381.2177734375,16831.4541015625
2024-10-23 02:00:00,17241.462890625,19273.677734375,16603.7265625
2024-10-23 03:00:00,18176.763671875,18614.919921875,15821.3232421875
2024-10-23 04:00:00,18328.046875,18614.919921875,15821.3232421875
2024-10-23 05:00:00,18533.115234375,19098.322265625,16260.6279296875
2024-10-23 06:00:00,18943.984375,19665.337890625,16260.6279296875
2024-10-23 07:00:00,18943.984375,19665.337890625,15917.1376953125
2024-10-23 08:00:00,17795.193359375,18619.994140625,15339.4794921875
2024-10-23 09:00:00,16904.701171875,18340.58203125,15013.091796875
2024-10-23 10:00:00,16014.990234375,18148.6796875,14487.8046875
2024-10-23 11:00:00,16014.990234375,17897.046875,14109.4501953125
2024-10-23 12:00:00,16014.990234375,17897.046875,13722.6103515625
2024-10-23 13:00:00,15698.4375,18161.259765625,13722.6103515625
2024-10-23 14:00:00,15698.4375,18720.48046875,13916.126953125
2024-10-23 15:00:00,16990.36328125,18772.8125,14871.9501953125
2024-10-23 16:00:00,16990.36328125,18989.794921875,14885.9541015625
2024-10-23 17:00:00,16990.36328125,18772.8125,14885.9541015625
2024-10-23 18:00:00,17177.658203125,18658.833984375,14797.2919921875
2024-10-23 19:00:00,17177.658203125,18606.2578125,14256.5986328125
2024-10-23 20:00:00,15547.6591796875,16754.1796875,12694.380859375
2024-10-23 21:00:00,15257.6630859375,16168.353515625,12690.3984375
2024-10-23 22:00:00,14321.369140625,14583.8076171875,11236.6416015625
2024-10-23 23:00:00,13744.7119140625,14004.0556640625,10133.7705078125
2024-10-24 00:00:00,13378.01953125,13625.98486328125,10037.3369140625
2024-10-24 01:00:00,10713.6962890625,9647.3681640625,6478.4560546875
2024-10-24 02:00:00,10603.19140625,9255.0615234375,6381.53466796875
2024-10-24 03:00:00,10603.19140625,8635.646484375,5678.80615234375
2024-10-24 04:00:00,10772.666015625,8108.1962890625,5370.50537109375
2024-10-24 05:00:00,10772.666015625,8059.32177734375,5216.236328125
2024-10-24 06:00:00,9833.2978515625,6894.38134765625,5012.61962890625
2024-10-24 07:00:00,9677.4775390625,6601.31298828125,4868.69287109375
2024-10-24 08:00:00,7107.74560546875,5292.34814453125,3452.925537109375
2024-10-24 09:00:00,5401.21875,4501.19384765625,2450.056640625
2024-10-24 10:00:00,3809.330810546875,3673.525634765625,1413.4879150390625
2024-10-24 11:00:00,2885.546142578125,3065.881103515625,1355.326171875
2024-10-24 12:00:00,2492.602294921875,2994.833740234375,1355.326171875
2024-10-24 13:00:00,2492.602294921875,2994.833740234375,1433.90087890625
2024-10-24 14:00:00,2600.109375,2994.833740234375,1624.5648193359375
2024-10-24 15:00:00,2657.0908203125,3030.361328125,1695.025390625
2024-10-24 16:00:00,2830.34912109375,3063.61376953125,1853.922119140625
2024-10-24 17:00:00,2831.126220703125,3076.825439453125,1853.922119140625
2024-10-24 18:00:00,2830.34912109375,3063.61376953125,1730.7381591796875
2024-10-24 19:00:00,2903.12939453125,3019.447509765625,1730.7381591796875
2024-10-24 20:00:00,2739.514404296875,3019.447509765625,1799.6265869140625
2024-10-24 21:00:00,2926.553955078125,3071.088134765625,1853.7684326171875
2024-10-24 22:00:00,3037.189697265625,3453.004150390625,2280.68310546875
2024-10-24 23:00:00,3037.189697265625,3455.0419921875,2280.68310546875
2024-10-25 00:00:00,3193.447998046875,3596.0,2252.9453125
2024-10-25 01:00:00,2650.88623046875,2628.9757080078125,1522.4208374023438
2024-10-25 02:00:00,2693.86572265625,2635.0908203125,1658.5367431640625
2024-10-25 03:00:00,2798.71435546875,3039.73095703125,1857.4171142578125
2024-10-25 04:00:00,3159.6279296875,3066.264892578125,2005.199951171875
2024-10-25 05:00:00,3159.6279296875,3164.35595703125,2351.409423828125
2024-10-25 06:00:00,3018.377197265625,3330.7578125,2351.409423828125
2024-10-25 07:00:00,2984.598388671875,3164.35595703125,2350.37060546875
2024-10-25 08:00:00,2939.2509765625,3106.719482421875,2350.37060546875
2024-10-25 09:00:00,2931.46240234375,3008.400634765625,2653.595703125
2024-10-25 10:00:00,2852.246826171875,3008.400634765625,2653.595703125
2024-10-25 11:00:00,2925.197509765625,3021.7265625,2313.168701171875
2024-10-25 12:00:00,2866.314208984375,3241.406494140625,2313.168701171875
2024-10-25 13:00:00,2925.197509765625,3299.9521484375,2372.75244140625
2024-10-25 14:00:00,2866.314208984375,3244.756103515625,2411.533447265625
2024-10-25 15:00:00,2970.368896484375,3244.756103515625,2495.740966796875
2024-10-25 16:00:00,2991.201416015625,3244.756103515625,2547.150146484375
2024-10-25 17:00:00,3046.18115234375,3270.70947265625,2547.150146484375
2024-10-25 18:00:00,3759.75146484375,3404.050048828125,2788.35498046875
2024-10-25 19:00:00,3759.75146484375,3270.70947265625,2801.45654296875
2024-10-25 20:00:00,3869.32275390625,3436.046142578125,2904.759765625
2024-10-25 21:00:00,3869.32275390625,3440.794677734375,3099.978759765625
2024-10-25 22:00:00,4194.0859375,3982.958740234375,3178.042724609375
2024-10-25 23:00:00,4194.0859375,4046.0654296875,3178.042724609375
2024-10-26 00:00:00,3818.969482421875,4121.097412109375,2922.54248046875
2024-10-26 01:00:00,3311.5709228515625,3328.0343017578125,2475.8807373046875
2024-10-26 02:00:00,3227.458740234375,3192.09423828125,2271.886474609375
2024-10-26 03:00:00,3043.139404296875,3192.09423828125,2468.513671875
2024-10-26 04:00:00,2990.124267578125,3132.6259765625,2219.447265625
2024-10-26 05:00:00,2813.834716796875,2929.245361328125,2012.2152099609375
2024-10-26 06:00:00,2813.834716796875,2929.245361328125,2012.2152099609375
2024-10-26 07:00:00,3008.8232421875,3220.01953125,2408.60888671875
2024-10-26 08:00:00,3008.8232421875,3272.162841796875,2408.60888671875
2024-10-26 09:00:00,3008.8232421875,3272.162841796875,2670.559814453125
2024-10-26 10:00:00,3584.4609375,4265.5078125,3373.2734375
2024-10-26 11:00:00,3584.4609375,4265.5078125,3373.2734375
2024-10-26 12:00:00,3218.43505859375,3707.8505859375,3004.9423828125
2024-10-26 13:00:00,2691.1103515625,2881.18359375,2098.3251953125
2024-10-26 14:00:00,2558.502685546875,2876.1884765625,2024.321044921875
2024-10-26 15:00:00,2691.1103515625,2859.740966796875,2098.3251953125
2024-10-26 16:00:00,2747.76220703125,2859.740966796875,1986.608154296875
2024-10-26 17:00:00,2778.0654296875,3019.544189453125,2186.673095703125
2024-10-26 18:00:00,2844.498046875,3033.757568359375,2449.163330078125
2024-10-26 19:00:00,2844.498046875,3416.077392578125,2522.377197265625
2024-10-26 20:00:00,3122.666259765625,3416.077392578125,2522.377197265625
2024-10-26 21:00:00,3336.695556640625,3566.713623046875,2540.442138671875
2024-10-26 22:00:00,3524.48681640625,3575.2060546875,2956.076171875
2024-10-26 23:00:00,3755.482666015625,4018.656982421875,3003.679931640625
2024-10-27 00:00:00,3886.720947265625,4023.6209716796875,3217.4271240234375
2024-10-27 01:00:00,4362.995361328125,4068.2236328125,2529.295166015625
2024-10-27 02:00:00,4606.7412109375,4159.45947265625,2583.7158203125
2024-10-27 03:00:00,6573.42822265625,5959.06787109375,3272.45654296875
2024-10-27 04:00:00,6683.962890625,6122.66455078125,3823.201904296875
2024-10-27 05:00:00,6760.00732421875,6975.6201171875,4264.67529296875
2024-10-27 06:00:00,6683.962890625,7430.81591796875,4264.67529296875
2024-10-27 07:00:00,6150.68798828125,7430.81591796875,4129.27783203125
2024-10-27 08:00:00,6150.68798828125,7430.81591796875,4129.27783203125
2024-10-27 09:00:00,6338.4638671875,7628.0322265625,4381.97705078125
2024-10-27 10:00:00,6338.4638671875,7628.0322265625,4381.97705078125
2024-10-27 11:00:00,5841.2451171875,6965.6337890625,4239.83447265625
2024-10-27 12:00:00,4991.8203125,5844.64697265625,3294.569580078125
2024-10-27 13:00:00,4991.8203125,5417.1181640625,3277.265625
2024-10-27 14:00:00,4808.65576171875,4876.89013671875,2606.37939453125
2024-10-27 15:00:00,5222.9873046875,5392.84375,3277.265625
2024-10-27 16:00:00,5516.8994140625,5392.84375,3819.6015625
2024-10-27 17:00:00,6717.255859375,6958.60693359375,4803.13134765625
2024-10-27 18:00:00,6720.41015625,6958.60693359375,4803.13134765625
2024-10-27 19:00:00,6717.255859375,6958.60693359375,4690.51416015625
2024-10-27 20:00:00,5935.9755859375,6869.7275390625,4457.51806640625
2024-10-27 21:00:00,5935.9755859375,6869.7275390625,4513.44189453125
2024-10-27 22:00:00,6011.501953125,6664.0673828125,4457.51806640625
2024-10-27 23:00:00,6011.501953125,6338.6689453125,4464.11181640625
2024-10-28 00:00:00,5855.41162109375,6419.393798828125,4407.835693359375
2024-10-28 01:00:00,5126.97021484375,6027.569580078125,4267.6202392578125
2024-10-28 02:00:00,5062.0078125,5883.48095703125,4029.052978515625
2024-10-28 03:00:00,4459.75341796875,4228.869140625,3358.558349609375
2024-10-28 04:00:00,3972.142578125,4228.869140625,3310.2412109375
2024-10-28 05:00:00,3972.142578125,4230.60595703125,3358.558349609375
2024-10-28 06:00:00,5097.86962890625,4730.5712890625,3547.282470703125
2024-10-28 07:00:00,5318.791015625,5142.51318359375,3793.0654296875
2024-10-28 08:00:00,5318.791015625,5466.60205078125,3842.1611328125
2024-10-28 09:00:00,4982.7451171875,5585.916015625,4165.72705078125
2024-10-28 10:00:00,4982.7451171875,5811.3154296875,4259.79150390625
2024-10-28 11:00:00,5158.40234375,5996.357421875,4689.35107421875
2024-10-28 12:00:00,5158.40234375,5996.357421875,4689.35107421875
2024-10-28 13:00:00,4642.2080078125,5793.63330078125,4093.618408203125
2024-10-28 14:00:00,4372.4326171875,5083.90869140625,3750.54638671875
2024-10-28 15:00:00,4282.298828125,4675.61474609375,3441.43212890625
2024-10-28 16:00:00,4010.374755859375,4611.19775390625,3271.242431640625
2024-10-28 17:00:00,4010.374755859375,4611.19775390625,3271.242431640625
2024-10-28 18:00:00,4162.650390625,4872.8564453125,3607.009033203125
2024-10-28 19:00:00,4162.650390625,4872.8564453125,3607.009033203125
2024-10-28 20:00:00,3762.421142578125,3800.29443359375,2737.9521484375
2024-10-28 21:00:00,3420.500732421875,3800.29443359375,2495.97607421875
2024-10-28 22:00:00,3371.69580078125,3946.328125,2495.97607421875
2024-10-28 23:00:00,3237.499755859375,3946.328125,2234.91650390625
2024-10-29 00:00:00,3201.7891845703125,3984.100341796875,2367.4951171875
2024-10-29 01:00:00,3117.4710693359375,3225.06005859375,1707.4951782226562
2024-10-29 02:00:00,3100.293212890625,3154.492431640625,1755.3778076171875
2024-10-29 03:00:00,3041.520751953125,3050.23193359375,1671.185791015625
2024-10-29 04:00:00,2988.431640625,3050.23193359375,1744.4173583984375
2024-10-29 05:00:00,2988.431640625,3088.2001953125,1744.4173583984375
2024-10-29 06:00:00,2988.431640625,3088.2001953125,2086.1376953125
2024-10-29 07:00:00,2901.65625,3059.36669921875,2133.394287109375
2024-10-29 08:00:00,2883.74755859375,2809.977783203125,2133.394287109375
2024-10-29 09:00:00,2717.248291015625,2735.118408203125,2078.656005859375
2024-10-29 10:00:00,2717.248291015625,2735.118408203125,2022.6312255859375
2024-10-29 11:00:00,3027.674560546875,2735.118408203125,2022.6312255859375
2024-10-29 12:00:00,3027.674560546875,2734.056396484375,2004.500732421875
2024-10-29 13:00:00,2878.0615234375,2577.430419921875,2004.500732421875
2024-10-29 14:00:00,2626.364013671875,2577.430419921875,1967.19873046875
2024-10-29 15:00:00,2626.364013671875,2701.546142578125,1946.4312744140625
2024-10-29 16:00:00,2912.06298828125,2933.874755859375,1942.3656005859375
2024-10-29 17:00:00,3298.22216796875,3197.96875,1942.3656005859375
2024-10-29 18:00:00,3604.553466796875,3204.19970703125,2022.55322265625
2024-10-29 19:00:00,4172.34619140625,4364.8447265625,2593.4345703125
2024-10-29 20:00:00,4245.75146484375,4364.8447265625,2663.92529296875
2024-10-29 21:00:00,4291.96923828125,4778.072265625,3037.005615234375
2024-10-29 22:00:00,5388.3818359375,5709.6435546875,3341.956298828125
2024-10-29 23:00:00,6111.64697265625,7371.35107421875,3792.19677734375
2024-10-30 00:00:00,6200.219482421875,7465.465576171875,3970.201171875
2024-10-30 01:00:00,8312.544921875,10321.33984375,5337.85986328125
2024-10-30 02:00:00,8914.7080078125,10647.7626953125,5827.90576171875
2024-10-30 03:00:00,9401.90234375,11212.951171875,5907.82470703125
2024-10-30 04:00:00,9401.90234375,11392.90234375,6193.81298828125
2024-10-30 05:00:00,9018.1015625,11212.951171875,6193.81298828125
2024-10-30 06:00:00,8283.7470703125,9906.130859375,5786.37548828125
2024-10-30 07:00:00,8087.2802734375,9792.798828125,5615.70361328125
2024-10-30 08:00:00,6523.185546875,8293.107421875,4758.08740234375
2024-10-30 09:00:00,5966.04638671875,7280.900390625,3004.72412109375
2024-10-30 10:00:00,4805.06591796875,5348.33154296875,2839.285400390625
2024-10-30 11:00:00,3421.50927734375,3506.253662109375,1719.044677734375
2024-10-30 12:00:00,2837.495849609375,2984.001708984375,1716.0244140625
2024-10-30 13:00:00,2746.24853515625,2949.673828125,1719.044677734375
2024-10-30 14:00:00,2746.24853515625,2771.7880859375,1926.6024169921875
2024-10-30 15:00:00,3055.65966796875,2771.7880859375,1935.9505615234375
2024-10-30 16:00:00,3259.915771484375,2910.08544921875,2051.044921875
2024-10-30 17:00:00,3259.915771484375,2910.08544921875,2062.649658203125
2024-10-30 18:00:00,3163.282958984375,2910.08544921875,2156.0478515625
2024-10-30 19:00:00,3163.282958984375,3094.831298828125,2156.0478515625
2024-10-30 20:00:00,3045.28857421875,3103.7060546875,2336.55029296875
2024-10-30 21:00:00,3277.677490234375,3103.7060546875,2449.770751953125
2024-10-30 22:00:00,3600.4267578125,3718.80615234375,3083.088134765625
2024-10-30 23:00:00,3600.4267578125,3996.111328125,3083.088134765625
2024-10-31 00:00:00,3466.7720947265625,4030.3109130859375,2954.79833984375
2024-10-31 01:00:00,3074.2305908203125,2740.375,1780.656005859375
2024-10-31 02:00:00,3123.84228515625,2882.78076171875,1776.770263671875
2024-10-31 03:00:00,3316.297119140625,2933.638916015625,1831.39013671875
2024-10-31 04:00:00,3444.02001953125,3193.2431640625,1934.6907958984375
2024-10-31 05:00:00,3464.041748046875,3220.7861328125,1942.325927734375
2024-10-31 06:00:00,3507.969970703125,3437.73486328125,2136.108154296875
2024-10-31 07:00:00,3464.041748046875,3220.7861328125,2136.108154296875
2024-10-31 08:00:00,3484.896484375,3144.59033203125,2103.205322265625
2024-10-31 09:00:00,3263.795166015625,2839.716064453125,2045.11669921875
2024-10-31 10:00:00,3233.502197265625,2839.716064453125,2103.205322265625
2024-10-31 11:00:00,3142.08935546875,3216.872802734375,2182.3125
2024-10-31 12:00:00,2935.899658203125,3216.872802734375,2182.3125
2024-10-31 13:00:00,2935.899658203125,2831.697509765625,2182.3125
2024-10-31 14:00:00,3333.928955078125,2831.697509765625,2193.321044921875
2024-10-31 15:00:00,3349.540283203125,2849.1162109375,2193.321044921875
2024-10-31 16:00:00,3349.540283203125,2851.216796875,2193.321044921875
2024-10-31 17:00:00,3510.08935546875,2851.216796875,2432.46337890625
2024-10-31 18:00:00,3836.4462890625,3292.9794921875,2432.46337890625
2024-10-31 19:00:00,3836.4462890625,3415.834228515625,2432.46337890625
2024-10-31 20:00:00,3862.609375,3569.978759765625,2542.5390625
2024-10-31 21:00:00,4332.2451171875,4126.21533203125,2912.2978515625
2024-10-31 22:00:00,4808.01220703125,5483.0078125,3879.052490234375
2024-10-31 23:00:00,5274.7685546875,5523.455078125,4267.88232421875
2024-11-01 00:00:00,5397.361083984375,6096.5859375,4202.5579833984375
2024-11-01 01:00:00,5750.324951171875,5619.1455078125,4072.2603759765625
2024-11-01 02:00:00,4904.2607421875,5309.6875,3906.089599609375
2024-11-01 03:00:00,4792.55078125,5013.46240234375,3362.089599609375
2024-11-01 04:00:00,4792.55078125,4856.40380859375,3362.089599609375
2024-11-01 05:00:00,4886.29296875,4856.40380859375,3375.66455078125
2024-11-01 06:00:00,4886.29296875,4524.78955078125,3587.7431640625
2024-11-01 07:00:00,4830.1328125,4419.15234375,3375.66455078125
2024-11-01 08:00:00,4531.51318359375,4346.98095703125,3218.9287109375
2024-11-01 09:00:00,3818.408203125,3985.861328125,3128.8916015625
2024-11-01 10:00:00,3733.91064453125,3962.279541015625,2815.7626953125
2024-11-01 11:00:00,2878.811767578125,3853.91064453125,2676.528564453125
2024-11-01 12:00:00,2759.310302734375,3756.736083984375,2507.6513671875
2024-11-01 13:00:00,2771.1162109375,3182.998046875,2507.6513671875
2024-11-01 14:00:00,2745.8955078125,3175.924560546875,1888.1649169921875
2024-11-01 15:00:00,2745.8955078125,3048.820068359375,1992.08935546875
2024-11-01 16:00:00,2667.814208984375,2992.60888671875,1925.291748046875
2024-11-01 17:00:00,2614.381591796875,2992.60888671875,1992.08935546875
2024-11-01 18:00:00,2614.381591796875,3186.000732421875,2296.16650390625
2024-11-01 19:00:00,2786.4833984375,3186.000732421875,2881.372802734375
2024-11-01 20:00:00,2876.145263671875,3264.937255859375,2881.372802734375
2024-11-01 21:00:00,2954.75927734375,3264.937255859375,2881.372802734375
2024-11-01 22:00:00,2976.538818359375,3686.55810546875,2941.080322265625
2024-11-01 23:00:00,2954.75927734375,3686.55810546875,2941.080322265625
2024-11-02 00:00:00,3083.697509765625,3424.3228759765625,2890.1553955078125
2024-11-02 01:00:00,4945.569580078125,6735.795166015625,4222.3865966796875
2024-11-02 02:00:00,5185.2919921875,7228.92431640625,4547.4970703125
2024-11-02 03:00:00,7080.6875,9007.8095703125,6830.25927734375
2024-11-02 04:00:00,8566.5244140625,10288.5380859375,7656.9248046875
2024-11-02 05:00:00,9566.4501953125,11899.2841796875,9084.3671875
2024-11-02 06:00:00,10804.529296875,11919.8271484375,10804.3994140625
2024-11-02 07:00:00,11465.177734375,12711.9794921875,11476.9697265625
2024-11-02 08:00:00,11465.177734375,12827.677734375,11930.845703125
2024-11-02 09:00:00,11450.4755859375,12827.677734375,11476.9697265625
2024-11-02 10:00:00,11035.40625,12611.2080078125,10950.6181640625
2024-11-02 11:00:00,9427.181640625,11668.734375,9225.935546875
2024-11-02 12:00:00,8302.4658203125,10339.1943359375,8576.810546875
2024-11-02 13:00:00,8302.4658203125,9843.0693359375,8332.2724609375
2024-11-02 14:00:00,8105.70263671875,9405.9169921875,8126.802734375
2024-11-02 15:00:00,7062.36474609375,7858.52783203125,6449.806640625
2024-11-02 16:00:00,5983.24169921875,6244.43505859375,5101.3125
2024-11-02 17:00:00,5099.6318359375,5046.888671875,4250.74609375
2024-11-02 18:00:00,3604.068603515625,4205.58349609375,3389.6513671875
2024-11-02 19:00:00,3177.508056640625,3425.786376953125,2887.80712890625
2024-11-02 20:00:00,2954.4716796875,3130.98046875,2821.508056640625
2024-11-02 21:00:00,2954.4716796875,3130.98046875,2607.23486328125
2024-11-02 22:00:00,2877.693115234375,3235.87060546875,2507.029296875
2024-11-02 23:00:00,3014.041259765625,3427.94921875,2389.063720703125
2024-11-03 00:00:00,2889.6837158203125,3384.448486328125,2323.7489013671875
2024-11-03 01:00:00,2735.808837890625,2711.3548583984375,2244.6005859375
2024-11-03 02:00:00,2739.72607421875,2839.7919921875,2180.915771484375
2024-11-03 03:00:00,2579.11962890625,2839.7919921875,2033.8970947265625
2024-11-03 04:00:00,2479.591796875,2960.84033203125,2017.8203125
2024-11-03 05:00:00,2479.591796875,2913.415283203125,2017.8203125
2024-11-03 06:00:00,2561.336669921875,2960.84033203125,2018.149658203125
2024-11-03 07:00:00,2561.336669921875,3181.41015625,2216.60400390625
2024-11-03 08:00:00,2864.70849609375,3269.20654296875,2219.096435546875
2024-11-03 09:00:00,3137.513427734375,3269.20654296875,2219.096435546875
2024-11-03 10:00:00,3137.513427734375,3269.20654296875,2219.096435546875
2024-11-03 11:00:00,3288.33935546875,3042.8037109375,2244.75244140625
2024-11-03 12:00:00,3088.52978515625,3042.8037109375,2305.20703125
2024-11-03 13:00:00,3366.7626953125,3218.7666015625,2425.9580078125
2024-11-03 14:00:00,3413.578857421875,3911.810791015625,2598.510986328125
2024-11-03 15:00:00,3413.578857421875,3916.12646484375,2610.85888671875
2024-11-03 16:00:00,3413.612060546875,4611.8564453125,2672.28857421875
2024-11-03 17:00:00,6816.8515625,8035.00927734375,5351.5498046875
2024-11-03 18:00:00,11202.330078125,13236.6279296875,10466.4697265625
2024-11-03 19:00:00,11700.1416015625,14043.0478515625,11344.7392578125
2024-11-03 20:00:00,11792.1611328125,15000.62109375,11575.8173828125
2024-11-03 21:00:00,11843.705078125,15000.62109375,12563.04296875
2024-11-03 22:00:00,12024.798828125,15271.458984375,12628.8359375
2024-11-03 23:00:00,13434.07421875,16586.603515625,15169.9873046875
2024-11-04 00:00:00,15258.5634765625,17543.201171875,15997.06396484375
2024-11-04 01:00:00,18615.3193359375,19037.1337890625,18284.3876953125
2024-11-04 02:00:00,18376.05078125,18998.4921875,18275.271484375
2024-11-04 03:00:00,18376.05078125,19056.60546875,18293.50390625
2024-11-04 04:00:00,18286.017578125,18920.505859375,18254.875
2024-11-04 05:00:00,18094.890625,19056.60546875,18441.28515625
2024-11-04 06:00:00,18094.890625,19236.876953125,18372.873046875
2024-11-04 07:00:00,17949.8671875,19245.111328125,18372.873046875
2024-11-04 08:00:00,17764.990234375,19236.876953125,18211.5625
2024-11-04 09:00:00,17188.041015625,19045.791015625,17617.96484375
2024-11-04 10:00:00,17136.138671875,18684.033203125,16944.693359375
2024-11-04 11:00:00,15993.6953125,16854.861328125,15703.7451171875
2024-11-04 12:00:00,15860.0361328125,16772.88671875,14974.41796875
2024-11-04 13:00:00,15431.00390625,16370.9892578125,14688.64453125
2024-11-04 14:00:00,14880.33203125,15494.853515625,14037.5927734375
2024-11-04 15:00:00,13772.0029296875,14504.103515625,12894.1455078125
2024-11-04 16:00:00,13035.931640625,13849.5,12581.64453125
2024-11-04 17:00:00,11959.8994140625,12136.2041015625,10345.197265625
2024-11-04 18:00:00,11202.6572265625,11547.552734375,9278.03125
2024-11-04 19:00:00,8557.888671875,9467.8232421875,6703.169921875
2024-11-04 20:00:00,7556.7666015625,8390.68359375,5367.90673828125
2024-11-04 21:00:00,6675.841796875,8231.041015625,4016.077880859375
2024-11-04 22:00:00,6586.33935546875,6618.873046875,3794.379638671875
2024-11-04 23:00:00,5563.38525390625,5450.95361328125,3689.93212890625
2024-11-05 00:00:00,5083.8916015625,4674.246337890625,3223.5072021484375
2024-11-05 01:00:00,3705.9879150390625,3309.2684326171875,2327.14892578125
2024-11-05 02:00:00,3703.53076171875,3234.018798828125,2049.12060546875
2024-11-05 03:00:00,2967.652587890625,3075.5419921875,1927.036865234375
2024-11-05 04:00:00,2770.60400390625,2768.676025390625,1887.4552001953125
2024-11-05 05:00:00,2616.118408203125,2606.09130859375,1887.4552001953125
2024-11-05 06:00:00,2566.809326171875,2592.110595703125,1887.4552001953125
2024-11-05 07:00:00,2441.642822265625,2606.09130859375,1860.0927734375
2024-11-05 08:00:00,2441.642822265625,2719.23876953125,1953.1619873046875
2024-11-05 09:00:00,2758.42822265625,2727.16845703125,1953.1619873046875
2024-11-05 10:00:00,2758.42822265625,3244.525390625,2157.462890625
2024-11-05 11:00:00,2673.302001953125,3244.525390625,2157.462890625
2024-11-05 12:00:00,2673.302001953125,2814.48583984375,2010.6204833984375
2024-11-05 13:00:00,2743.239501953125,2814.48583984375,2010.6204833984375
2024-11-05 14:00:00,3351.31591796875,3085.749755859375,2068.56884765625
2024-11-05 15:00:00,3401.876220703125,3657.996826171875,2748.534423828125
2024-11-05 16:00:00,4180.94384765625,4897.5830078125,3585.94970703125
2024-11-05 17:00:00,4949.345703125,5686.75341796875,3866.2978515625
2024-11-05 18:00:00,5111.4267578125,5760.9541015625,4167.2841796875
2024-11-05 19:00:00,5500.6728515625,5806.46875,4735.8955078125
2024-11-05 20:00:00,5572.583984375,6593.576171875,5337.33154296875
2024-11-05 21:00:00,5572.583984375,6605.9267578125,5800.9736328125
2024-11-05 22:00:00,5786.67138671875,7133.6904296875,5800.9736328125
2024-11-05 23:00:00,5786.67138671875,7245.53662109375,5755.2138671875
2024-11-06 00:00:00,5722.429931640625,7189.613525390625,5723.435546875
2024-11-06 01:00:00,6453.335205078125,7534.178955078125,5524.06005859375
2024-11-06 02:00:00,7040.89306640625,7826.7001953125,6144.85400390625
2024-11-06 03:00:00,7812.619140625,8351.595703125,6212.28369140625
2024-11-06 04:00:00,8853.9033203125,9483.9736328125,6225.69775390625
2024-11-06 05:00:00,10783.98046875,11102.880859375,7915.83154296875
2024-11-06 06:00:00,10783.98046875,11102.880859375,7915.83154296875
2024-11-06 07:00:00,9070.9111328125,9375.8056640625,6178.77978515625
2024-11-06 08:00:00,7480.8447265625,8271.8251953125,5274.6435546875
2024-11-06 09:00:00,6011.28515625,6397.93115234375,4443.48583984375
2024-11-06 10:00:00,4753.15673828125,5337.8955078125,3577.819091796875
2024-11-06 11:00:00,3681.13818359375,3291.5244140625,2488.6435546875
2024-11-06 12:00:00,3497.3955078125,3029.283935546875,2398.2685546875
2024-11-06 13:00:00,3356.63330078125,2844.47900390625,2268.513916015625
2024-11-06 14:00:00,3356.63330078125,2844.47900390625,2221.3193359375
2024-11-06 15:00:00,3520.9853515625,2886.07421875,2268.513916015625
2024-11-06 16:00:00,3562.4599609375,2945.70751953125,2221.3193359375
2024-11-06 17:00:00,3562.4599609375,2886.07421875,2153.02783203125
2024-11-06 18:00:00,2969.96337890625,2491.183349609375,1970.441650390625
2024-11-06 19:00:00,2951.312255859375,2264.978515625,1970.441650390625
2024-11-06 20:00:00,2889.227294921875,2264.978515625,1848.81201171875
2024-11-06 21:00:00,2889.227294921875,2671.570068359375,1848.81201171875
2024-11-06 22:00:00,2955.04150390625,3121.958984375,2066.999755859375
2024-11-06 23:00:00,3163.152587890625,3199.318359375,2162.65087890625
2024-11-07 00:00:00,3213.920654296875,3612.1427001953125,2406.4349365234375
2024-11-07 01:00:00,3299.9876708984375,3069.51611328125,2537.294921875
2024-11-07 02:00:00,3602.5673828125,3402.43505859375,2461.943603515625
2024-11-07 03:00:00,3735.01953125,3471.49609375,2819.806396484375
2024-11-07 04:00:00,4290.29150390625,3869.625732421875,2615.97802734375
2024-11-07 05:00:00,4851.3203125,4102.64794921875,2634.949951171875
2024-11-07 06:00:00,4851.3203125,4102.64794921875,2634.949951171875
2024-11-07 07:00:00,4638.14404296875,4459.0751953125,2634.949951171875
2024-11-07 08:00:00,4329.37890625,4459.0751953125,2490.077880859375
2024-11-07 09:00:00,4017.29296875,3874.04150390625,2297.111328125
2024-11-07 10:00:00,3581.712646484375,3576.41455078125,2116.674072265625
2024-11-07 11:00:00,3581.712646484375,3352.79052734375,2045.863525390625
2024-11-07 12:00:00,3701.78076171875,3334.792724609375,1922.985595703125
2024-11-07 13:00:00,3701.78076171875,3129.323486328125,1922.985595703125
2024-11-07 14:00:00,3395.2978515625,2659.5380859375,1922.985595703125
2024-11-07 15:00:00,3212.306640625,2659.5380859375,1736.457275390625
2024-11-07 16:00:00,3212.306640625,2857.36865234375,1997.5826416015625
2024-11-07 17:00:00,3250.0068359375,2931.117919921875,2029.9573974609375
2024-11-07 18:00:00,3285.36279296875,3392.544677734375,2477.22265625
2024-11-07 19:00:00,3884.0185546875,4273.73779296875,2936.54833984375
2024-11-07 20:00:00,3935.967529296875,4363.85009765625,3402.398681640625
2024-11-07 21:00:00,4085.153564453125,4546.41650390625,3473.303466796875
2024-11-07 22:00:00,4672.9033203125,5049.2021484375,3473.303466796875
2024-11-07 23:00:00,4918.02685546875,5051.3525390625,3767.515380859375
2024-11-08 00:00:00,4974.045654296875,5634.24951171875,3718.1802978515625
2024-11-08 01:00:00,5044.580810546875,5078.893310546875,2781.885498046875
2024-11-08 02:00:00,5020.28955078125,4812.87109375,2635.59130859375
2024-11-08 03:00:00,4326.46240234375,4812.87109375,2635.59130859375
2024-11-08 04:00:00,4326.46240234375,5024.02197265625,3042.032958984375
2024-11-08 05:00:00,4475.341796875,5278.3505859375,3046.83935546875
2024-11-08 06:00:00,4627.5703125,5469.41552734375,3225.169677734375
2024-11-08 07:00:00,4627.5703125,5469.41552734375,3127.25146484375
2024-11-08 08:00:00,4322.70751953125,5398.40576171875,3127.25146484375
2024-11-08 09:00:00,4252.306640625,4432.8525390625,2699.390625
2024-11-08 10:00:00,3675.37939453125,3706.2509765625,2512.525634765625
2024-11-08 11:00:00,3586.687744140625,3262.72998046875,2512.525634765625
2024-11-08 12:00:00,3586.687744140625,3052.080322265625,2652.029052734375
2024-11-08 13:00:00,3379.323486328125,2850.4111328125,2652.029052734375
2024-11-08 14:00:00,3265.673828125,2850.4111328125,2635.505126953125
2024-11-08 15:00:00,3077.6484375,2933.245849609375,2635.505126953125
2024-11-08 16:00:00,3265.673828125,2936.92431640625,2704.887451171875
2024-11-08 17:00:00,3148.923828125,3024.59326171875,2808.801025390625
2024-11-08 18:00:00,3148.923828125,3269.31103515625,2862.897216796875
2024-11-08 19:00:00,3148.923828125,3269.31103515625,2962.0595703125
2024-11-08 20:00:00,3366.864990234375,3498.283935546875,3030.171875
2024-11-08 21:00:00,3549.53173828125,4076.70166015625,3030.171875
2024-11-08 22:00:00,3549.53173828125,4076.70166015625,3030.171875
2024-11-08 23:00:00,3936.523681640625,4399.408203125,3433.278076171875
2024-11-09 00:00:00,3943.745361328125,4514.7724609375,3705.3057861328125
2024-11-09 01:00:00,3964.353271484375,3328.9053955078125,2453.638916015625
2024-11-09 02:00:00,4142.9326171875,3338.83837890625,2143.527587890625
2024-11-09 03:00:00,4142.9326171875,3518.7275390625,2733.982421875
2024-11-09 04:00:00,3979.8876953125,3338.83837890625,2733.982421875
2024-11-09 05:00:00,3415.083251953125,3310.247802734375,2818.0390625
2024-11-09 06:00:00,3387.14697265625,3310.247802734375,2901.151123046875
2024-11-09 07:00:00,3305.789794921875,3357.05419921875,2985.575927734375
2024-11-09 08:00:00,3149.889404296875,3357.05419921875,2985.575927734375
2024-11-09 09:00:00,3305.789794921875,3357.05419921875,2804.35595703125
2024-11-09 10:00:00,3380.416015625,3114.69384765625,2767.40869140625
2024-11-09 11:00:00,3482.442626953125,3184.96728515625,2444.1708984375
2024-11-09 12:00:00,3380.416015625,3184.96728515625,2444.1708984375
2024-11-09 13:00:00,3293.384033203125,3184.96728515625,2374.563720703125
2024-11-09 14:00:00,3192.76123046875,3148.119140625,2527.9658203125
2024-11-09 15:00:00,2992.3076171875,3067.589599609375,2323.095458984375
2024-11-09 16:00:00,2959.577880859375,2797.4443359375,2288.0185546875
2024-11-09 17:00:00,2959.577880859375,2797.4443359375,2120.924072265625
2024-11-09 18:00:00,3101.795166015625,2839.636962890625,2120.924072265625
2024-11-09 19:00:00,3390.482666015625,3045.593017578125,2142.303955078125
2024-11-09 20:00:00,3403.41015625,3332.28857421875,2917.53369140625
2024-11-09 21:00:00,4074.04052734375,4021.866455078125,3290.787353515625
2024-11-09 22:00:00,4340.0615234375,4455.412109375,3679.773193359375
2024-11-09 23:00:00,5062.62109375,5056.71337890625,3874.505615234375
2024-11-10 00:00:00,5117.6044921875,5621.943359375,4213.5430908203125
2024-11-10 01:00:00,5016.11962890625,5163.7890625,3156.2430419921875
2024-11-10 02:00:00,4905.72802734375,5063.8291015625,3248.593505859375
2024-11-10 03:00:00,4905.72802734375,5063.8291015625,3297.139892578125
2024-11-10 04:00:00,5403.875,5512.185546875,4102.92919921875
2024-11-10 05:00:00,5431.4248046875,5818.91748046875,4134.8349609375
2024-11-10 06:00:00,5431.4248046875,5818.91748046875,4102.92919921875
2024-11-10 07:00:00,5278.01806640625,4876.55908203125,4039.927001953125
2024-11-10 08:00:00,5147.55419921875,4876.55908203125,3932.522216796875
2024-11-10 09:00:00,5258.08642578125,5068.158203125,3932.522216796875
2024-11-10 10:00:00,5147.55419921875,5068.158203125,3248.35595703125
2024-11-10 11:00:00,4968.78271484375,5068.158203125,3160.095703125
2024-11-10 12:00:00,4320.59326171875,4588.38671875,2838.657958984375
2024-11-10 13:00:00,4839.8466796875,4503.3779296875,3079.1474609375
2024-11-10 14:00:00,4652.23486328125,4497.00732421875,3079.1474609375
2024-11-10 15:00:00,4652.23486328125,4052.741455078125,3139.6787109375
2024-11-10 16:00:00,4652.23486328125,4052.741455078125,3522.033935546875
2024-11-10 17:00:00,4746.72900390625,4241.28125,4330.6884765625
2024-11-10 18:00:00,4854.44482421875,4401.79443359375,4330.6884765625
2024-11-10 19:00:00,4854.44482421875,4715.423828125,4122.85498046875
2024-11-10 20:00:00,5329.677734375,4770.34619140625,4122.85498046875
2024-11-10 21:00:00,5627.47412109375,5487.44970703125,4306.6298828125
2024-11-10 22:00:00,5627.47412109375,5759.443359375,4446.6181640625
2024-11-10 23:00:00,5356.24365234375,5759.443359375,4446.6181640625
2024-11-11 00:00:00,5151.624267578125,5591.43115234375,4314.5125732421875
2024-11-11 01:00:00,4491.58935546875,4162.02978515625,3359.7584228515625
2024-11-11 02:00:00,4195.703125,4149.306640625,3185.8115234375
2024-11-11 03:00:00,3997.933349609375,4091.6728515625,3048.442138671875
2024-11-11 04:00:00,3624.159912109375,3503.08349609375,2853.95556640625
2024-11-11 05:00:00,3624.159912109375,3402.19091796875,2853.95556640625
2024-11-11 06:00:00,3624.159912109375,3402.19091796875,2691.50048828125
2024-11-11 07:00:00,3371.186767578125,3402.19091796875,2653.884765625
2024-11-11 08:00:00,3239.38037109375,3047.30810546875,2609.11181640625
2024-11-11 09:00:00,3103.165283203125,2926.27587890625,2514.410888671875
2024-11-11 10:00:00,2978.71044921875,2830.654541015625,2609.11181640625
2024-11-11 11:00:00,3055.7216796875,2830.654541015625,2460.96728515625
2024-11-11 12:00:00,3055.7216796875,2830.654541015625,2608.42333984375
2024-11-11 13:00:00,3206.39990234375,3142.42041015625,2578.0439453125
2024-11-11 14:00:00,3206.39990234375,3142.42041015625,2578.0439453125
2024-11-11 15:00:00,3148.9345703125,3071.1220703125,2578.0439453125
2024-11-11 16:00:00,3025.8662109375,3071.1220703125,2584.376708984375
2024-11-11 17:00:00,3025.8662109375,3175.376953125,2584.376708984375
2024-11-11 18:00:00,3122.52685546875,3320.129150390625,2555.83642578125
2024-11-11 19:00:00,3537.74267578125,3535.750244140625,2555.83642578125
2024-11-11 20:00:00,3888.5947265625,3535.750244140625,2754.13916015625
2024-11-11 21:00:00,4981.2958984375,4897.92138671875,3195.122802734375
2024-11-11 22:00:00,5820.763671875,7191.28759765625,4938.17138671875
2024-11-11 23:00:00,8456.0634765625,10936.7001953125,7459.2705078125
2024-11-12 00:00:00,8860.49169921875,11759.70458984375,8170.57763671875
2024-11-12 01:00:00,12113.17041015625,14214.56884765625,10765.05810546875
2024-11-12 02:00:00,13464.2138671875,14930.580078125,11906.9345703125
2024-11-12 03:00:00,15639.1533203125,16161.458984375,14490.9169921875
2024-11-12 04:00:00,15639.1533203125,16184.7685546875,14916.8076171875
2024-11-12 05:00:00,15650.1513671875,16502.53125,15034.564453125
2024-11-12 06:00:00,16186.5126953125,17069.82421875,14948.5166015625
2024-11-12 07:00:00,16311.3642578125,17069.82421875,14948.5166015625
2024-11-12 08:00:00,16311.3642578125,16645.421875,12884.6357421875
2024-11-12 09:00:00,12865.5458984375,14579.169921875,10365.169921875
2024-11-12 10:00:00,9817.705078125,10692.9453125,7945.97119140625
2024-11-12 11:00:00,6447.396484375,7005.2353515625,4874.23876953125
2024-11-12 12:00:00,5714.84033203125,4917.54541015625,3533.38134765625
2024-11-12 13:00:00,4382.47021484375,3724.506103515625,2650.122314453125
2024-11-12 14:00:00,4187.9326171875,3568.482421875,2650.122314453125
2024-11-12 15:00:00,3849.952392578125,3428.704833984375,2714.7783203125
2024-11-12 16:00:00,3617.58056640625,3350.252685546875,2776.93701171875
2024-11-12 17:00:00,3617.58056640625,3350.252685546875,2844.562744140625
2024-11-12 18:00:00,4016.685791015625,3223.919677734375,3216.609130859375
2024-11-12 19:00:00,4016.685791015625,3223.919677734375,3216.609130859375
2024-11-12 20:00:00,3775.052001953125,3215.793212890625,3181.318115234375
2024-11-12 21:00:00,3775.052001953125,3215.793212890625,3181.318115234375
2024-11-12 22:00:00,3653.155029296875,3952.564453125,3453.0498046875
2024-11-12 23:00:00,3417.96484375,3952.564453125,3453.0498046875
2024-11-13 00:00:00,3288.4420166015625,3799.5860595703125,3319.86279296875
2024-11-13 01:00:00,3160.243896484375,2892.4337158203125,2855.755859375
2024-11-13 02:00:00,3098.180419921875,2861.337646484375,2845.973388671875
2024-11-13 03:00:00,2930.128662109375,2748.494384765625,2725.948974609375
2024-11-13 04:00:00,2930.128662109375,2733.772705078125,2651.0927734375
2024-11-13 05:00:00,2981.008544921875,2748.494384765625,2616.4755859375
2024-11-13 06:00:00,2981.008544921875,2733.772705078125,2431.6748046875
2024-11-13 07:00:00,2881.905029296875,2612.96728515625,2371.804931640625
2024-11-13 08:00:00,2881.905029296875,2488.668701171875,2257.427490234375
2024-11-13 09:00:00,2963.04736328125,2488.668701171875,2204.50341796875
2024-11-13 10:00:00,3155.448974609375,2702.961669921875,2204.50341796875
2024-11-13 11:00:00,3306.55029296875,2898.732177734375,2304.6875
2024-11-13 12:00:00,3379.10546875,3080.2705078125,2520.18212890625
2024-11-13 13:00:00,3522.76611328125,3080.2705078125,2520.18212890625
2024-11-13 14:00:00,3505.935302734375,2973.921630859375,2477.633544921875
2024-11-13 15:00:00,3505.935302734375,2879.092041015625,2477.633544921875
2024-11-13 16:00:00,3505.935302734375,2796.926513671875,2613.593017578125
2024-11-13 17:00:00,3767.1572265625,2879.092041015625,2699.6865234375
2024-11-13 18:00:00,4020.820068359375,3219.6845703125,2709.161376953125
2024-11-13 19:00:00,4020.820068359375,4105.38232421875,3173.382080078125
2024-11-13 20:00:00,3839.17431640625,4105.38232421875,3272.962890625
2024-11-13 21:00:00,3723.416259765625,4339.2041015625,3333.59814453125
2024-11-13 22:00:00,3723.416259765625,4552.04736328125,3732.336669921875
2024-11-13 23:00:00,4071.883544921875,4552.04736328125,3732.336669921875
2024-11-14 00:00:00,4079.190185546875,4513.063720703125,3831.62109375
2024-11-14 01:00:00,4995.62109375,4434.05712890625,3123.9591064453125
2024-11-14 02:00:00,5085.86669921875,4377.71337890625,3256.911376953125
2024-11-14 03:00:00,5085.86669921875,4377.71337890625,3450.976806640625
2024-11-14 04:00:00,4363.85302734375,3913.244873046875,3256.911376953125
2024-11-14 05:00:00,4252.20849609375,3913.244873046875,3423.1923828125
2024-11-14 06:00:00,4252.20849609375,4055.370849609375,2888.3203125
2024-11-14 07:00:00,4347.9404296875,4229.93798828125,3423.1923828125
2024-11-14 08:00:00,4388.02490234375,4229.93798828125,3337.901611328125
2024-11-14 09:00:00,4388.02490234375,4229.93798828125,3337.901611328125
2024-11-14 10:00:00,3878.630615234375,3654.577880859375,2775.477294921875
2024-11-14 11:00:00,3767.668701171875,3553.182861328125,2504.05078125
2024-11-14 12:00:00,3767.668701171875,3425.108154296875,2368.203369140625
2024-11-14 13:00:00,3745.29638671875,3425.108154296875,2325.24072265625
2024-11-14 14:00:00,3568.97802734375,3441.156005859375,2319.9384765625
2024-11-14 15:00:00,3568.97802734375,3952.04833984375,2319.9384765625
2024-11-14 16:00:00,4887.83544921875,4141.2353515625,3331.0
2024-11-14 17:00:00,4923.2900390625,4820.29931640625,3714.831787109375
2024-11-14 18:00:00,4923.2900390625,5218.73974609375,3906.451904296875
2024-11-14 19:00:00,5362.00048828125,5324.83447265625,4101.99462890625
2024-11-14 20:00:00,5574.08056640625,5850.271484375,4254.8544921875
2024-11-14 21:00:00,5574.08056640625,6395.810546875,4693.9619140625
2024-11-14 22:00:00,5574.08056640625,6672.14111328125,4656.6689453125
2024-11-14 23:00:00,6160.85693359375,7100.08154296875,4656.6689453125
2024-11-15 00:00:00,6222.419677734375,7162.75439453125,4608.185302734375
2024-11-15 01:00:00,7128.30712890625,7225.619873046875,5409.252685546875
2024-11-15 02:00:00,6907.2177734375,7094.5498046875,5302.24951171875
2024-11-15 03:00:00,6536.51171875,7809.23046875,5105.32080078125
2024-11-15 04:00:00,5534.375,7094.5498046875,4119.1787109375
2024-11-15 05:00:00,5244.0078125,6911.337890625,4119.1787109375
2024-11-15 06:00:00,4870.1533203125,5355.4150390625,4067.50048828125
2024-11-15 07:00:00,4544.4619140625,5164.35595703125,3644.8525390625
2024-11-15 08:00:00,3832.767578125,3690.60400390625,3172.07421875
2024-11-15 09:00:00,3413.2919921875,3608.50048828125,3029.88623046875
2024-11-15 10:00:00,3328.101318359375,3608.50048828125,2609.093994140625
2024-11-15 11:00:00,3167.072021484375,3517.37744140625,2586.49658203125
2024-11-15 12:00:00,3167.072021484375,3253.546142578125,2586.49658203125
2024-11-15 13:00:00,3146.1015625,3046.81298828125,2530.333740234375
2024-11-15 14:00:00,2946.1416015625,3046.81298828125,2659.103515625
2024-11-15 15:00:00,2946.1416015625,3086.279541015625,2516.242431640625
2024-11-15 16:00:00,3105.885498046875,3120.308837890625,2554.255859375
2024-11-15 17:00:00,3105.885498046875,3207.7939453125,2554.255859375
2024-11-15 18:00:00,3052.4443359375,3215.574951171875,2667.102294921875
2024-11-15 19:00:00,3052.4443359375,3266.924560546875,2720.281982421875
2024-11-15 20:00:00,3245.58056640625,3597.22900390625,2767.7783203125
2024-11-15 21:00:00,3424.363525390625,3605.67626953125,2900.156005859375
2024-11-15 22:00:00,3702.814697265625,3906.605224609375,3225.624267578125
2024-11-15 23:00:00,3731.25341796875,4664.15087890625,3397.18701171875
2024-11-16 00:00:00,3797.072021484375,4711.370849609375,3415.99609375
2024-11-16 01:00:00,4369.615966796875,3080.933349609375,2637.55419921875
2024-11-16 02:00:00,4397.48974609375,3122.10693359375,2644.69384765625
2024-11-16 03:00:00,4397.48974609375,3120.7646484375,2630.41455078125
2024-11-16 04:00:00,3747.226806640625,3148.301025390625,2334.659912109375
2024-11-16 05:00:00,3747.226806640625,3148.301025390625,2334.659912109375
2024-11-16 06:00:00,4318.7041015625,3449.1083984375,2804.43701171875
2024-11-16 07:00:00,4530.81982421875,3689.0654296875,2804.43701171875
2024-11-16 08:00:00,4689.5361328125,3890.3447265625,2968.368408203125
2024-11-16 09:00:00,4530.81982421875,4102.837890625,3010.071533203125
2024-11-16 10:00:00,4624.3369140625,4165.2216796875,3251.300537109375
2024-11-16 11:00:00,4624.3369140625,5269.4091796875,3186.595458984375
2024-11-16 12:00:00,5653.9033203125,5904.35009765625,3298.455810546875
2024-11-16 13:00:00,5681.61962890625,6121.615234375,3620.563232421875
2024-11-16 14:00:00,5681.61962890625,6709.91552734375,3746.355712890625
2024-11-16 15:00:00,5980.4287109375,6999.08544921875,4050.03173828125
2024-11-16 16:00:00,7888.833984375,9751.0654296875,7215.83154296875
2024-11-16 17:00:00,9738.6044921875,11963.541015625,9508.0517578125
2024-11-16 18:00:00,11638.8857421875,13425.3798828125,11570.53515625
2024-11-16 19:00:00,12306.736328125,13878.9111328125,11836.943359375
2024-11-16 20:00:00,14059.4951171875,15361.0693359375,14291.49609375
2024-11-16 21:00:00,14636.701171875,15414.193359375,14555.486328125
2024-11-16 22:00:00,14964.50390625,16280.2587890625,15571.5419921875
2024-11-16 23:00:00,14636.701171875,15414.193359375,14555.486328125
2024-11-17 00:00:00,14406.68701171875,15543.1025390625,15037.91357421875
2024-11-17 01:00:00,14600.8955078125,14841.10791015625,14257.17333984375
2024-11-17 02:00:00,14395.6279296875,14618.1611328125,14188.509765625
2024-11-17 03:00:00,14395.6279296875,14070.701171875,13553.583984375
2024-11-17 04:00:00,12530.4482421875,13273.7412109375,11689.8388671875
2024-11-17 05:00:00,11087.12109375,11426.025390625,8611.8017578125
2024-11-17 06:00:00,10962.701171875,11426.025390625,8611.8017578125
2024-11-17 07:00:00,10962.701171875,11426.025390625,8181.99462890625
2024-11-17 08:00:00,8314.1337890625,8233.5869140625,6006.23876953125
2024-11-17 09:00:00,5784.1611328125,5545.05810546875,3255.73193359375
2024-11-17 10:00:00,3676.729736328125,3418.780029296875,1732.28857421875
2024-11-17 11:00:00,3450.4052734375,3285.13818359375,1002.6236572265625
2024-11-17 12:00:00,2991.499267578125,2615.517578125,1002.6236572265625
2024-11-17 13:00:00,2991.499267578125,2615.517578125,1449.840576171875
2024-11-17 14:00:00,2814.089599609375,2467.300048828125,1473.2860107421875
2024-11-17 15:00:00,2600.868896484375,2188.571044921875,1559.9686279296875
2024-11-17 16:00:00,2601.75146484375,2188.571044921875,1651.0594482421875
2024-11-17 17:00:00,2601.75146484375,2280.903076171875,1684.506591796875
2024-11-17 18:00:00,2833.57861328125,2417.51708984375,2046.092529296875
2024-11-17 19:00:00,2850.8798828125,2458.9716796875,2156.27294921875
2024-11-17 20:00:00,3213.727294921875,3321.3017578125,2578.24365234375
2024-11-17 21:00:00,3444.513427734375,3539.53271484375,2756.405029296875
2024-11-17 22:00:00,4956.7109375,5601.5224609375,4098.2783203125
2024-11-17 23:00:00,5277.921875,6235.6591796875,4724.3427734375
2024-11-18 00:00:00,5875.117919921875,6460.79638671875,4754.98779296875
2024-11-18 01:00:00,4940.263671875,5865.307861328125,4103.074462890625
2024-11-18 02:00:00,5376.38818359375,6030.4697265625,3480.05517578125
2024-11-18 03:00:00,4883.0703125,5443.1826171875,3257.4892578125
2024-11-18 04:00:00,4883.0703125,5443.1826171875,2642.790283203125
2024-11-18 05:00:00,4018.101806640625,4250.7451171875,2162.637939453125
2024-11-18 06:00:00,3962.890380859375,3505.919189453125,2162.637939453125
2024-11-18 07:00:00,3797.841064453125,3176.936767578125,2017.4444580078125
2024-11-18 08:00:00,3962.890380859375,3176.936767578125,2127.8837890625
2024-11-18 09:00:00,4172.85693359375,3158.9501953125,2127.8837890625
2024-11-18 10:00:00,4172.85693359375,3158.9501953125,2127.8837890625
2024-11-18 11:00:00,3825.523681640625,3158.9501953125,2132.577880859375
2024-11-18 12:00:00,3825.523681640625,3604.190185546875,2735.139404296875
2024-11-18 13:00:00,3816.96630859375,3604.190185546875,2735.139404296875
2024-11-18 14:00:00,3874.2177734375,3479.36865234375,2752.646240234375
2024-11-18 15:00:00,3816.96630859375,2981.575927734375,2526.766357421875
2024-11-18 16:00:00,3414.9072265625,2981.575927734375,2752.646240234375
2024-11-18 17:00:00,3388.902099609375,2788.187744140625,2985.24853515625
2024-11-18 18:00:00,3414.9072265625,2696.347412109375,2985.24853515625
2024-11-18 19:00:00,3363.72021484375,2682.373291015625,2850.47119140625
2024-11-18 20:00:00,3605.892822265625,2696.347412109375,2850.47119140625
2024-11-18 21:00:00,3633.5185546875,2850.2373046875,3065.798095703125
2024-11-18 22:00:00,3851.094482421875,3293.481201171875,3225.836181640625
2024-11-18 23:00:00,3851.094482421875,3393.010986328125,3225.836181640625
2024-11-19 00:00:00,3761.7711181640625,3349.2733154296875,3051.47216796875
2024-11-19 01:00:00,3691.6455078125,2258.415771484375,2837.1414794921875
2024-11-19 02:00:00,3790.158203125,2317.178955078125,2656.874755859375
2024-11-19 03:00:00,3790.158203125,2494.353515625,2803.571533203125
2024-11-19 04:00:00,3670.895751953125,2922.401611328125,2803.571533203125
2024-11-19 05:00:00,3636.9052734375,2958.778076171875,2803.571533203125
2024-11-19 06:00:00,3636.9052734375,3139.444091796875,2762.345947265625
2024-11-19 07:00:00,3871.769775390625,3293.95068359375,2762.345947265625
2024-11-19 08:00:00,4145.91650390625,4182.31494140625,2762.345947265625
2024-11-19 09:00:00,4145.91650390625,4182.31494140625,2694.271728515625
2024-11-19 10:00:00,3740.552734375,3504.7529296875,2469.05810546875
2024-11-19 11:00:00,3610.99267578125,3363.888916015625,2469.05810546875
2024-11-19 12:00:00,3518.67333984375,3343.8662109375,2538.103515625
2024-11-19 13:00:00,3518.67333984375,3343.8662109375,2601.37939453125
2024-11-19 14:00:00,4007.7890625,3846.09326171875,2813.928466796875
2024-11-19 15:00:00,4814.32373046875,4269.599609375,3367.571044921875
2024-11-19 16:00:00,5353.96875,5365.41796875,4188.47119140625
2024-11-19 17:00:00,7026.5263671875,8465.98828125,6140.87451171875
2024-11-19 18:00:00,9157.650390625,10436.29296875,7763.16650390625
2024-11-19 19:00:00,9572.1455078125,10525.22265625,7963.138671875
2024-11-19 20:00:00,9955.5224609375,11628.4921875,8044.7099609375
2024-11-19 21:00:00,10495.35546875,11725.3251953125,8632.0380859375
2024-11-19 22:00:00,10605.80078125,12144.48828125,9579.8251953125
2024-11-19 23:00:00,11163.080078125,13129.3251953125,11225.4560546875
2024-11-20 00:00:00,11903.04443359375,13691.21142578125,11989.20703125
2024-11-20 01:00:00,16000.63232421875,16399.9755859375,14705.333984375
2024-11-20 02:00:00,15109.3798828125,15713.185546875,13530.576171875
2024-11-20 03:00:00,15036.2333984375,15672.359375,12971.337890625
2024-11-20 04:00:00,15036.2333984375,15430.9501953125,12394.5595703125
2024-11-20 05:00:00,15036.2333984375,15354.05859375,11979.7568359375
2024-11-20 06:00:00,11556.939453125,12829.634765625,8591.2080078125
2024-11-20 07:00:00,10562.4228515625,11596.951171875,7793.9189453125
2024-11-20 08:00:00,10459.18359375,11256.427734375,7425.70556640625
2024-11-20 09:00:00,9466.0126953125,11132.5517578125,6613.185546875
2024-11-20 10:00:00,7780.62060546875,8978.2890625,5047.708984375
2024-11-20 11:00:00,6544.224609375,6764.88720703125,4285.34228515625
2024-11-20 12:00:00,6544.224609375,6764.88720703125,4285.34228515625
2024-11-20 13:00:00,7756.3603515625,7188.24072265625,4899.12060546875
2024-11-20 14:00:00,7756.3603515625,7188.24072265625,4899.12060546875
2024-11-20 15:00:00,7891.97021484375,6764.84619140625,4899.12060546875
2024-11-20 16:00:00,8222.6396484375,6764.84619140625,5534.22998046875
2024-11-20 17:00:00,9931.3349609375,9514.2158203125,7331.71875
2024-11-20 18:00:00,10382.7587890625,11543.7265625,8174.77490234375
2024-11-20 19:00:00,11918.4560546875,12673.265625,9626.462890625
2024-11-20 20:00:00,13934.1005859375,14754.189453125,11441.5068359375
2024-11-20 21:00:00,14439.1806640625,15663.0498046875,11559.443359375
2024-11-20 22:00:00,15357.75,16565.431640625,13011.9287109375
2024-11-20 23:00:00,15357.75,16565.431640625,13455.30078125
2024-11-21 00:00:00,15169.68359375,16180.84521484375,13503.06640625
2024-11-21 01:00:00,14613.310546875,16056.52783203125,12188.2138671875
2024-11-21 02:00:00,14220.59375,15840.5791015625,12129.5234375
2024-11-21 03:00:00,14165.56640625,15294.189453125,11880.6259765625
2024-11-21 04:00:00,14165.56640625,15294.189453125,11847.380859375
2024-11-21 05:00:00,14177.10546875,15381.48046875,11847.380859375
2024-11-21 06:00:00,14177.10546875,15381.48046875,12112.51171875
2024-11-21 07:00:00,14177.10546875,15381.48046875,12112.51171875
2024-11-21 08:00:00,14030.7607421875,15333.4345703125,11846.6748046875
2024-11-21 09:00:00,12652.1630859375,12872.0556640625,11484.5966796875
2024-11-21 10:00:00,11539.6474609375,12408.302734375,11093.4609375
2024-11-21 11:00:00,11539.6474609375,12408.302734375,11093.4609375
2024-11-21 12:00:00,11875.36328125,12660.580078125,11941.4033203125
2024-11-21 13:00:00,12756.482421875,12894.2177734375,12565.8671875
2024-11-21 14:00:00,14338.724609375,13943.662109375,13512.9140625
2024-11-21 15:00:00,14961.9423828125,14984.1572265625,15029.03515625
2024-11-21 16:00:00,15663.5205078125,15690.259765625,15200.6025390625
2024-11-21 17:00:00,16529.05078125,16466.169921875,15994.4931640625
2024-11-21 18:00:00,16622.974609375,16580.94921875,15994.4931640625
2024-11-21 19:00:00,16622.974609375,16580.94921875,16263.1279296875
2024-11-21 20:00:00,16485.935546875,16580.94921875,16318.896484375
2024-11-21 21:00:00,16229.0576171875,16853.533203125,16318.896484375
2024-11-21 22:00:00,15643.50390625,16853.533203125,15396.81640625
2024-11-21 23:00:00,15401.6298828125,15775.1328125,15265.5234375
2024-11-22 00:00:00,14808.8154296875,15252.9853515625,14614.1650390625
2024-11-22 01:00:00,13553.91259765625,12741.72021484375,12538.7861328125
2024-11-22 02:00:00,13092.78125,13163.3505859375,11934.2353515625
2024-11-22 03:00:00,13030.291015625,13163.3505859375,11803.2060546875
2024-11-22 04:00:00,12391.3837890625,13021.970703125,10427.8466796875
2024-11-22 05:00:00,10855.134765625,11773.5751953125,9505.2861328125
2024-11-22 06:00:00,10467.837890625,11558.0693359375,7669.41845703125
2024-11-22 07:00:00,10039.3408203125,10913.87109375,7387.85107421875
2024-11-22 08:00:00,7044.505859375,8378.072265625,5562.890625
2024-11-22 09:00:00,5325.18017578125,5272.5224609375,3005.735107421875
2024-11-22 10:00:00,3759.167724609375,3396.138671875,2479.80224609375
2024-11-22 11:00:00,3598.78271484375,3085.802978515625,1791.5303955078125
2024-11-22 12:00:00,3393.77490234375,2728.58642578125,1775.3834228515625
2024-11-22 13:00:00,3598.78271484375,2947.815185546875,1791.5303955078125
2024-11-22 14:00:00,3774.277587890625,2947.815185546875,1854.73486328125
2024-11-22 15:00:00,3917.541015625,3274.788330078125,2491.599853515625
2024-11-22 16:00:00,3987.784423828125,3402.603759765625,2557.98193359375
2024-11-22 17:00:00,4072.6796875,3444.50048828125,2724.090087890625
2024-11-22 18:00:00,4756.556640625,3539.099609375,3269.35791015625
2024-11-22 19:00:00,4756.556640625,3539.099609375,3269.35791015625
2024-11-22 20:00:00,3543.890380859375,3398.36328125,2891.8525390625
2024-11-22 21:00:00,3543.890380859375,3398.36328125,2891.8525390625
2024-11-22 22:00:00,3869.5498046875,4055.005859375,3149.195556640625
2024-11-22 23:00:00,3992.435791015625,4119.607421875,3192.23876953125
2024-11-23 00:00:00,3930.9927978515625,4311.041259765625,3227.2701416015625
2024-11-23 01:00:00,3294.9052734375,3077.940673828125,2795.80322265625
2024-11-23 02:00:00,3229.552978515625,3071.39990234375,2792.95751953125
2024-11-23 03:00:00,3151.185302734375,3036.984375,2798.64892578125
2024-11-23 04:00:00,3151.185302734375,3008.764404296875,2815.372314453125
2024-11-23 05:00:00,3242.636474609375,3027.593505859375,2815.372314453125
2024-11-23 06:00:00,3322.2314453125,3008.764404296875,2669.056884765625
2024-11-23 07:00:00,3242.636474609375,2917.306640625,2610.800048828125
2024-11-23 08:00:00,2822.459228515625,2682.7607421875,2462.024658203125
2024-11-23 09:00:00,2673.365478515625,2591.22412109375,2306.86865234375
2024-11-23 10:00:00,2557.883056640625,2243.08740234375,2225.546875
2024-11-23 11:00:00,2351.305419921875,2243.08740234375,2178.77099609375
2024-11-23 12:00:00,2351.305419921875,2460.18701171875,2178.77099609375
2024-11-23 13:00:00,2522.01171875,2460.18701171875,2204.32666015625
2024-11-23 14:00:00,2708.122802734375,2194.072509765625,2214.44873046875
2024-11-23 15:00:00,2733.38671875,2194.072509765625,2214.44873046875
2024-11-23 16:00:00,2884.798095703125,2194.072509765625,2210.471435546875
2024-11-23 17:00:00,2905.730224609375,2356.990234375,2210.471435546875
2024-11-23 18:00:00,2912.375244140625,2217.590576171875,2327.094970703125
2024-11-23 19:00:00,2912.375244140625,2574.3564453125,2327.094970703125
2024-11-23 20:00:00,2802.753173828125,2605.2646484375,2327.094970703125
2024-11-23 21:00:00,2802.753173828125,2700.076904296875,2394.2119140625
2024-11-23 22:00:00,3307.848388671875,3591.07568359375,3263.00048828125
2024-11-23 23:00:00,3307.848388671875,3736.360595703125,3263.00048828125
2024-11-24 00:00:00,3276.531982421875,3859.3262939453125,3259.886962890625
2024-11-24 01:00:00,3777.7215576171875,2775.7701416015625,2551.248046875
2024-11-24 02:00:00,3998.447021484375,2812.06396484375,2858.12744140625
2024-11-24 03:00:00,4360.4794921875,3704.690673828125,3306.828857421875
2024-11-24 04:00:00,5559.1513671875,4541.55419921875,3446.47802734375
2024-11-24 05:00:00,5559.1513671875,4541.55419921875,3446.47802734375
2024-11-24 06:00:00,5251.85693359375,4414.404296875,3382.843017578125
2024-11-24 07:00:00,4372.12939453125,4036.274169921875,2881.44287109375
2024-11-24 08:00:00,4163.83251953125,3727.7802734375,2743.890625
2024-11-24 09:00:00,3986.9443359375,3470.839599609375,2586.644287109375
2024-11-24 10:00:00,3079.2705078125,3403.869384765625,2460.4736328125
2024-11-24 11:00:00,3079.2705078125,3361.1650390625,2347.8076171875
2024-11-24 12:00:00,3320.99853515625,3361.1650390625,2347.8076171875
2024-11-24 13:00:00,3396.06982421875,2926.549072265625,2451.847412109375
2024-11-24 14:00:00,3550.9931640625,2706.5703125,2451.847412109375
2024-11-24 15:00:00,3725.173828125,2592.414794921875,2339.244384765625
2024-11-24 16:00:00,3725.173828125,2592.414794921875,2339.244384765625
2024-11-24 17:00:00,3725.173828125,2917.657470703125,2874.083984375
2024-11-24 18:00:00,4604.43505859375,3548.72265625,3071.308837890625
2024-11-24 19:00:00,4703.96142578125,3679.238037109375,3071.308837890625
2024-11-24 20:00:00,5440.3583984375,4190.1279296875,3071.308837890625
2024-11-24 21:00:00,5440.3583984375,4288.8203125,3305.827392578125
2024-11-24 22:00:00,5440.3583984375,5323.62451171875,4148.25634765625
2024-11-24 23:00:00,5287.9658203125,5323.62451171875,4148.25634765625
2024-11-25 00:00:00,5058.460205078125,5269.43896484375,3980.7579345703125
2024-11-25 01:00:00,5093.849365234375,4018.23193359375,3141.0224609375
2024-11-25 02:00:00,4962.60693359375,4081.05322265625,3098.7646484375
2024-11-25 03:00:00,4995.04541015625,4230.89501953125,2913.56396484375
2024-11-25 04:00:00,4865.61669921875,4326.60205078125,2723.688232421875
2024-11-25 05:00:00,4375.43798828125,4230.89501953125,2723.688232421875
2024-11-25 06:00:00,4375.43798828125,3791.217041015625,3179.37255859375
2024-11-25 07:00:00,4161.55615234375,3753.742431640625,3179.37255859375
2024-11-25 08:00:00,3789.321533203125,3606.415283203125,3163.8779296875
2024-11-25 09:00:00,3458.493896484375,3474.6572265625,2316.971435546875
2024-11-25 10:00:00,3458.493896484375,3323.879150390625,2152.44140625
2024-11-25 11:00:00,3538.195068359375,3323.879150390625,2152.44140625
2024-11-25 12:00:00,3955.6904296875,3614.276123046875,2250.392333984375
2024-11-25 13:00:00,3955.6904296875,3614.276123046875,2250.392333984375
2024-11-25 14:00:00,3402.97314453125,3376.312255859375,1992.0338134765625
2024-11-25 15:00:00,3402.97314453125,3294.66748046875,1943.3428955078125
2024-11-25 16:00:00,3210.60498046875,3294.66748046875,1943.3428955078125
2024-11-25 17:00:00,3498.099853515625,3715.091064453125,2046.350341796875
2024-11-25 18:00:00,4258.33203125,4594.73095703125,3778.079345703125
2024-11-25 19:00:00,6358.6494140625,6293.83154296875,5109.73681640625
2024-11-25 20:00:00,8684.880859375,8962.6513671875,7605.57421875
2024-11-25 21:00:00,10061.4169921875,10817.515625,9855.1826171875
2024-11-25 22:00:00,11351.1298828125,12460.82421875,11233.0595703125
2024-11-25 23:00:00,13108.0361328125,14279.14453125,12546.62109375
2024-11-26 00:00:00,13952.36962890625,15247.41259765625,13499.8857421875
2024-11-26 01:00:00,14516.11181640625,15729.90234375,14283.708984375
2024-11-26 02:00:00,14869.25390625,15982.5390625,14482.3837890625
2024-11-26 03:00:00,16125.4580078125,16796.42578125,15835.578125
2024-11-26 04:00:00,16221.634765625,17123.85546875,16414.755859375
2024-11-26 05:00:00,16877.0,17895.060546875,16973.736328125
2024-11-26 06:00:00,17028.697265625,18824.404296875,16973.736328125
2024-11-26 07:00:00,17028.697265625,18824.404296875,16835.779296875
2024-11-26 08:00:00,17278.119140625,18019.740234375,16279.736328125
2024-11-26 09:00:00,17278.119140625,18019.740234375,16279.736328125
2024-11-26 10:00:00,18305.78125,18996.0859375,16515.412109375
2024-11-26 11:00:00,18611.609375,18996.0859375,16586.109375
2024-11-26 12:00:00,19043.390625,18766.95703125,16586.109375
2024-11-26 13:00:00,19043.390625,18688.037109375,16586.109375
2024-11-26 14:00:00,18274.41015625,18766.95703125,15882.19140625
2024-11-26 15:00:00,17261.6328125,18921.033203125,15882.19140625
2024-11-26 16:00:00,17261.6328125,18921.033203125,16032.982421875
2024-11-26 17:00:00,17722.16796875,18638.021484375,16102.38671875
2024-11-26 18:00:00,17827.541015625,18638.021484375,16461.20703125
2024-11-26 19:00:00,18032.80078125,19023.11328125,17873.39453125
2024-11-26 20:00:00,18032.80078125,19160.1953125,17873.39453125
2024-11-26 21:00:00,17985.634765625,19181.3203125,17875.84375
2024-11-26 22:00:00,17946.9453125,19392.02734375,17837.828125
2024-11-26 23:00:00,17362.658203125,19697.984375,17837.828125
2024-11-27 00:00:00,17238.337890625,19584.08203125,17465.580078125
2024-11-27 01:00:00,17386.1455078125,18575.6953125,16214.24951171875
2024-11-27 02:00:00,17292.009765625,18460.708984375,15955.8994140625
2024-11-27 03:00:00,16675.03125,18413.263671875,15808.27734375
2024-11-27 04:00:00,16177.255859375,18219.79296875,15545.9267578125
2024-11-27 05:00:00,15760.9599609375,17704.095703125,15369.87109375
2024-11-27 06:00:00,15535.564453125,16880.427734375,15250.4091796875
2024-11-27 07:00:00,15535.564453125,16880.427734375,15250.4091796875
2024-11-27 08:00:00,15762.18359375,16880.427734375,16315.7958984375
2024-11-27 09:00:00,15762.18359375,16855.783203125,16315.7958984375
2024-11-27 10:00:00,14939.744140625,16465.462890625,15433.68359375
2024-11-27 11:00:00,14939.744140625,16312.982421875,14326.0400390625
2024-11-27 12:00:00,15182.8642578125,16312.982421875,14326.0400390625
2024-11-27 13:00:00,15182.8642578125,16009.8193359375,14326.0400390625
2024-11-27 14:00:00,15177.9482421875,15896.0224609375,14309.8671875
2024-11-27 15:00:00,14095.6279296875,15344.830078125,14084.4375
2024-11-27 16:00:00,13297.83203125,14297.0107421875,13279.3427734375
2024-11-27 17:00:00,13216.4248046875,14276.9208984375,13118.908203125
2024-11-27 18:00:00,12521.6494140625,14072.2216796875,13010.09375
2024-11-27 19:00:00,12521.6494140625,14072.2216796875,12960.271484375
2024-11-27 20:00:00,12856.9521484375,14414.0576171875,13010.09375
2024-11-27 21:00:00,13749.7587890625,14492.599609375,13246.0966796875
2024-11-27 22:00:00,15278.8291015625,16256.734375,15425.8212890625
2024-11-27 23:00:00,15633.6484375,17001.09765625,16641.42578125
2024-11-28 00:00:00,15729.6796875,17415.998046875,16845.56640625
2024-11-28 01:00:00,16625.9951171875,18774.404296875,17187.890625
2024-11-28 02:00:00,16659.353515625,18637.330078125,17064.83984375
2024-11-28 03:00:00,17141.68359375,18587.90625,16829.1328125
2024-11-28 04:00:00,17460.92578125,18516.82421875,16578.88671875
2024-11-28 05:00:00,17460.92578125,18516.82421875,16578.88671875
2024-11-28 06:00:00,17024.92578125,18361.076171875,15906.001953125
2024-11-28 07:00:00,16698.5859375,18307.37109375,15509.5048828125
2024-11-28 08:00:00,16500.302734375,18327.7265625,15509.5048828125
2024-11-28 09:00:00,16346.552734375,18015.453125,15249.3046875
2024-11-28 10:00:00,16500.302734375,17231.427734375,15536.3779296875
2024-11-28 11:00:00,16321.4248046875,17231.427734375,15772.2177734375
2024-11-28 12:00:00,16371.0078125,17451.291015625,15878.1650390625
2024-11-28 13:00:00,16321.4248046875,17451.291015625,15878.1650390625
2024-11-28 14:00:00,16371.0078125,17662.494140625,15886.7080078125
2024-11-28 15:00:00,16656.685546875,17959.259765625,15886.7080078125
2024-11-28 16:00:00,17154.173828125,18155.9609375,15886.7080078125
2024-11-28 17:00:00,17605.572265625,18155.9609375,15618.1044921875
2024-11-28 18:00:00,17606.671875,18099.970703125,15440.2822265625
2024-11-28 19:00:00,17753.197265625,18035.248046875,15440.2822265625
2024-11-28 20:00:00,17753.197265625,17970.18359375,15897.033203125
2024-11-28 21:00:00,17660.03125,17970.18359375,16073.8740234375
2024-11-28 22:00:00,16937.94921875,18017.142578125,16073.8740234375
2024-11-28 23:00:00,16761.7265625,18075.904296875,15893.88671875
2024-11-29 00:00:00,16739.138671875,18046.5234375,15820.9150390625
2024-11-29 01:00:00,15712.85205078125,16667.8310546875,15725.408203125
2024-11-29 02:00:00,15762.2041015625,16904.244140625,15911.6103515625
2024-11-29 03:00:00,15806.5107421875,17198.470703125,15911.6103515625
2024-11-29 04:00:00,15833.615234375,17717.978515625,15911.6103515625
2024-11-29 05:00:00,15858.7373046875,17990.4765625,16772.1640625
2024-11-29 06:00:00,16897.625,19120.357421875,17387.76953125
2024-11-29 07:00:00,17226.359375,19165.140625,17426.8828125
2024-11-29 08:00:00,17293.9609375,19165.140625,17426.8828125
2024-11-29 09:00:00,17226.359375,18798.11328125,17112.15234375
2024-11-29 10:00:00,17024.931640625,18671.142578125,16962.419921875
2024-11-29 11:00:00,16924.53515625,18661.3359375,16794.798828125
2024-11-29 12:00:00,16353.0244140625,18634.01171875,15520.205078125
2024-11-29 13:00:00,16053.744140625,18634.01171875,15520.205078125
2024-11-29 14:00:00,15912.6875,18568.751953125,15520.205078125
2024-11-29 15:00:00,15531.28125,17392.212890625,15421.875
2024-11-29 16:00:00,15175.07421875,15918.05078125,15313.05859375
2024-11-29 17:00:00,15142.4228515625,15870.0751953125,14695.568359375
2024-11-29 18:00:00,15142.4228515625,15870.0751953125,14334.37890625
2024-11-29 19:00:00,15755.7021484375,16538.958984375,14334.37890625
2024-11-29 20:00:00,16069.1708984375,16841.177734375,14840.9091796875
2024-11-29 21:00:00,16321.755859375,16991.5703125,15300.2275390625
2024-11-29 22:00:00,16454.18359375,17209.234375,15415.298828125
2024-11-29 23:00:00,16454.18359375,17209.234375,15796.2880859375
2024-11-30 00:00:00,16442.01171875,16888.8798828125,15976.16748046875
2024-11-30 01:00:00,16811.0244140625,17626.8115234375,16137.8447265625
2024-11-30 02:00:00,16494.66796875,18114.296875,16512.69921875
2024-11-30 03:00:00,16494.66796875,18578.337890625,16924.10546875
2024-11-30 04:00:00,17122.03515625,18925.38671875,17446.080078125
2024-11-30 05:00:00,17874.232421875,19059.3671875,17822.1484375
2024-11-30 06:00:00,18629.671875,19355.01953125,18327.541015625
2024-11-30 07:00:00,19145.85546875,19565.880859375,18327.541015625
2024-11-30 08:00:00,19145.85546875,19590.767578125,18247.177734375
2024-11-30 09:00:00,18958.689453125,19590.767578125,17585.712890625
2024-11-30 10:00:00,17830.708984375,18523.28125,15990.9189453125
2024-11-30 11:00:00,17248.966796875,17944.453125,15333.498046875
2024-11-30 12:00:00,16754.28125,17944.453125,15333.498046875
2024-11-30 13:00:00,16754.28125,18024.08203125,15358.978515625
2024-11-30 14:00:00,17116.0859375,18147.85546875,15583.923828125
2024-11-30 15:00:00,17232.177734375,18580.35546875,16803.86328125
2024-11-30 16:00:00,17556.1640625,18657.875,17239.177734375
2024-11-30 17:00:00,17588.96875,19411.546875,18042.1328125
2024-11-30 18:00:00,17968.419921875,19411.546875,18042.1328125
2024-11-30 19:00:00,17968.419921875,19258.0078125,18042.1328125
2024-11-30 20:00:00,18732.830078125,19258.0078125,18658.75
2024-11-30 21:00:00,18732.830078125,19165.7734375,18658.75
2024-11-30 22:00:00,18548.677734375,18908.19921875,18181.720703125
2024-11-30 23:00:00,18548.677734375,18908.19921875,18181.720703125
2024-12-01 00:00:00,18636.3583984375,19117.39453125,18378.919921875
2024-12-01 01:00:00,18051.0849609375,18425.12109375,18030.626953125
2024-12-01 02:00:00,18587.37890625,18421.5390625,18167.169921875
2024-12-01 03:00:00,18614.435546875,18421.5390625,18167.169921875
2024-12-01 04:00:00,18587.37890625,18421.5390625,17443.451171875
2024-12-01 05:00:00,18261.75390625,18271.775390625,16797.970703125
2024-12-01 06:00:00,17215.845703125,18115.439453125,15094.263671875
2024-12-01 07:00:00,15297.7919921875,16749.1171875,13144.8740234375
2024-12-01 08:00:00,15254.419921875,16166.697265625,12587.2080078125
2024-12-01 09:00:00,14203.2509765625,14263.044921875,10323.9677734375
2024-12-01 10:00:00,11060.7255859375,11644.599609375,7192.1064453125
2024-12-01 11:00:00,9475.4326171875,9144.2119140625,6104.86474609375
2024-12-01 12:00:00,8630.62109375,7556.48046875,4605.666015625
2024-12-01 13:00:00,8387.9287109375,7536.6611328125,4605.666015625
2024-12-01 14:00:00,8159.3837890625,7448.31494140625,4844.41064453125
2024-12-01 15:00:00,8159.3837890625,7448.31494140625,5297.98681640625
2024-12-01 16:00:00,8344.4228515625,8222.6103515625,6049.51806640625
2024-12-01 17:00:00,9498.3505859375,10186.841796875,8271.712890625
2024-12-01 18:00:00,10674.2998046875,11250.95703125,8271.712890625
2024-12-01 19:00:00,10674.2998046875,11250.95703125,8135.10400390625
2024-12-01 20:00:00,9199.33984375,10758.884765625,7077.455078125
2024-12-01 21:00:00,9199.33984375,10758.884765625,7077.455078125
2024-12-01 22:00:00,10209.0703125,11989.1337890625,9316.69921875
2024-12-01 23:00:00,11608.5869140625,13338.490234375,10627.25
2024-12-02 00:00:00,11681.701171875,14093.810546875,11159.3916015625
2024-12-02 01:00:00,13335.50537109375,15579.9873046875,12778.90771484375
2024-12-02 02:00:00,13867.6845703125,15550.9248046875,13353.08203125
2024-12-02 03:00:00,14318.6591796875,15995.408203125,13690.5634765625
2024-12-02 04:00:00,14531.3759765625,16429.609375,13934.728515625
2024-12-02 05:00:00,14836.373046875,16614.37109375,14294.2470703125
2024-12-02 06:00:00,14836.373046875,16720.9921875,14742.150390625
2024-12-02 07:00:00,15501.60546875,16872.1328125,15708.0107421875
2024-12-02 08:00:00,17441.541015625,18095.392578125,17096.396484375
2024-12-02 09:00:00,17441.541015625,18151.84375,17096.396484375
2024-12-02 10:00:00,15000.6953125,18095.392578125,16498.076171875
2024-12-02 11:00:00,15000.6953125,17510.734375,15708.734375
2024-12-02 12:00:00,16063.1865234375,17510.734375,15708.734375
2024-12-02 13:00:00,17479.740234375,18888.81640625,16853.421875
2024-12-02 14:00:00,17668.552734375,18899.322265625,16994.642578125
2024-12-02 15:00:00,18012.44921875,18899.322265625,17134.173828125
2024-12-02 16:00:00,18012.44921875,18846.052734375,17134.173828125
2024-12-02 17:00:00,18026.640625,18806.046875,17287.703125
2024-12-02 18:00:00,18026.640625,18280.2578125,17738.55078125
2024-12-02 19:00:00,17605.962890625,18211.25,17852.763671875
2024-12-02 20:00:00,17370.341796875,18211.25,17738.55078125
2024-12-02 21:00:00,17230.1015625,18211.25,17696.91015625
2024-12-02 22:00:00,16498.09375,17378.529296875,15892.97265625
2024-12-02 23:00:00,14678.9306640625,16580.1328125,14811.775390625
2024-12-03 00:00:00,13960.83154296875,16378.0439453125,14305.775390625
2024-12-03 01:00:00,11897.0849609375,14600.173828125,11102.30908203125
2024-12-03 02:00:00,12066.8359375,14718.8349609375,11139.6865234375
2024-12-03 03:00:00,12513.32421875,14696.5947265625,11064.931640625
2024-12-03 04:00:00,12535.6328125,14774.185546875,11309.888671875
2024-12-03 05:00:00,12564.4013671875,14696.5947265625,11309.888671875
2024-12-03 06:00:00,13709.5703125,14576.408203125,11617.5068359375
2024-12-03 07:00:00,13709.5703125,14495.1845703125,11617.5068359375
2024-12-03 08:00:00,12896.5390625,13493.212890625,11034.6484375
2024-12-03 09:00:00,12089.439453125,13331.873046875,10706.00390625
2024-12-03 10:00:00,10163.4228515625,11805.1376953125,9125.2626953125
2024-12-03 11:00:00,9606.9716796875,11506.2138671875,9125.2626953125
2024-12-03 12:00:00,9591.44140625,10970.6220703125,8938.0595703125
2024-12-03 13:00:00,9315.2724609375,10156.6904296875,8757.8564453125
2024-12-03 14:00:00,9028.07421875,9532.4150390625,7534.81298828125
2024-12-03 15:00:00,8518.3193359375,8510.1533203125,6658.1943359375
2024-12-03 16:00:00,7845.76171875,7818.75439453125,5789.796875
2024-12-03 17:00:00,7957.5732421875,8510.1533203125,6658.1943359375
2024-12-03 18:00:00,7957.5732421875,8535.4521484375,6959.89404296875
2024-12-03 19:00:00,9544.28125,10407.65625,8974.4892578125
2024-12-03 20:00:00,9904.4208984375,10981.21875,9226.7998046875
2024-12-03 21:00:00,11644.79296875,13556.41015625,12012.720703125
2024-12-03 22:00:00,12409.755859375,15036.9267578125,13387.4296875
2024-12-03 23:00:00,13719.4580078125,15400.525390625,14183.3779296875
2024-12-04 00:00:00,13932.11865234375,15735.62841796875,14559.8916015625
2024-12-04 01:00:00,14484.60791015625,15939.4658203125,14875.4638671875
2024-12-04 02:00:00,14444.65234375,15929.79296875,14859.6064453125
2024-12-04 03:00:00,14607.40625,15949.138671875,14354.07421875
2024-12-04 04:00:00,14607.40625,16088.8486328125,14354.07421875
2024-12-04 05:00:00,14683.3603515625,16239.353515625,14829.7177734375
2024-12-04 06:00:00,15004.568359375,16495.404296875,15431.185546875
2024-12-04 07:00:00,15004.568359375,16495.404296875,15431.185546875
2024-12-04 08:00:00,13447.7900390625,15376.9736328125,14090.8359375
2024-12-04 09:00:00,13118.4580078125,15076.9296875,13855.0849609375
2024-12-04 10:00:00,11330.00390625,13936.5078125,12377.703125
2024-12-04 11:00:00,10792.3505859375,12742.36328125,12268.220703125
2024-12-04 12:00:00,10792.3505859375,10915.951171875,10573.806640625
2024-12-04 13:00:00,10932.388671875,10915.951171875,10573.806640625
2024-12-04 14:00:00,11712.697265625,11865.509765625,11191.501953125
2024-12-04 15:00:00,12111.1435546875,13662.681640625,12253.6904296875
2024-12-04 16:00:00,12626.6474609375,14280.6630859375,13247.66796875
2024-12-04 17:00:00,14066.9814453125,15242.42578125,14375.84765625
2024-12-04 18:00:00,15346.05859375,16895.46484375,16220.314453125
2024-12-04 19:00:00,15406.3408203125,17138.904296875,16523.203125
2024-12-04 20:00:00,15406.3408203125,17138.904296875,16523.203125
2024-12-04 21:00:00,15390.0224609375,16879.34375,16169.6953125
2024-12-04 22:00:00,15167.9287109375,16879.34375,16003.9296875
2024-12-04 23:00:00,15167.9287109375,16879.34375,16039.3310546875
2024-12-05 00:00:00,15132.80126953125,16660.177734375,16021.63037109375
2024-12-05 01:00:00,16131.6220703125,18221.224609375,15650.85693359375
2024-12-05 02:00:00,16081.5986328125,18189.65234375,15689.4931640625
2024-12-05 03:00:00,15927.9052734375,18050.060546875,15612.220703125
2024-12-05 04:00:00,15752.65234375,18050.060546875,15699.912109375
2024-12-05 05:00:00,15472.04296875,18050.060546875,15699.912109375
2024-12-05 06:00:00,15268.5595703125,17251.560546875,15809.1513671875
2024-12-05 07:00:00,15268.5595703125,17251.560546875,15822.787109375
2024-12-05 08:00:00,15352.470703125,17188.400390625,15822.787109375
2024-12-05 09:00:00,15705.3359375,17188.400390625,15346.96484375
2024-12-05 10:00:00,16007.494140625,17188.400390625,15335.41015625
2024-12-05 11:00:00,16155.3330078125,17802.140625,15346.96484375
2024-12-05 12:00:00,16210.4990234375,17857.796875,15335.41015625
2024-12-05 13:00:00,16210.4990234375,18150.556640625,15443.3740234375
2024-12-05 14:00:00,16289.0380859375,18544.09375,15443.3740234375
2024-12-05 15:00:00,16393.2578125,18544.09375,15691.69921875
2024-12-05 16:00:00,16506.19140625,18544.09375,15859.17578125
2024-12-05 17:00:00,16873.484375,18557.681640625,15859.17578125
2024-12-05 18:00:00,16906.708984375,18810.203125,16008.6142578125
2024-12-05 19:00:00,16873.484375,18855.1875,16498.5859375
2024-12-05 20:00:00,16836.326171875,19078.958984375,16780.927734375
2024-12-05 21:00:00,16836.326171875,18974.580078125,16920.345703125
2024-12-05 22:00:00,16861.955078125,19039.982421875,17008.3671875
2024-12-05 23:00:00,16881.150390625,19039.982421875,17022.908203125
2024-12-06 00:00:00,16921.7529296875,19169.2978515625,17107.0341796875
2024-12-06 01:00:00,17800.9951171875,18887.896484375,16524.029296875
2024-12-06 02:00:00,17367.822265625,18693.216796875,16197.37890625
2024-12-06 03:00:00,16977.765625,18551.58203125,15319.1904296875
2024-12-06 04:00:00,15945.4140625,18417.701171875,15205.60546875
2024-12-06 05:00:00,15825.5576171875,18358.748046875,15130.734375
2024-12-06 06:00:00,15801.3603515625,18417.701171875,15130.734375
2024-12-06 07:00:00,15796.7060546875,18716.7109375,15597.1259765625
2024-12-06 08:00:00,15417.5390625,18716.7109375,15597.1259765625
2024-12-06 09:00:00,15403.322265625,18151.21875,14746.9296875
2024-12-06 10:00:00,14756.236328125,17168.099609375,14318.361328125
2024-12-06 11:00:00,14756.236328125,16873.234375,14318.361328125
2024-12-06 12:00:00,15406.2275390625,16866.634765625,14621.43359375
2024-12-06 13:00:00,15751.34765625,16873.234375,14727.447265625
2024-12-06 14:00:00,15800.5400390625,17665.38671875,15023.189453125
2024-12-06 15:00:00,15800.5400390625,17702.69140625,15069.6845703125
2024-12-06 16:00:00,15800.5400390625,17901.96875,15069.6845703125
2024-12-06 17:00:00,15743.0126953125,17901.96875,15069.6845703125
2024-12-06 18:00:00,15205.517578125,16663.755859375,14801.3623046875
2024-12-06 19:00:00,15121.970703125,16534.5625,14400.384765625
2024-12-06 20:00:00,15118.306640625,16439.234375,14295.716796875
2024-12-06 21:00:00,14649.0556640625,15402.2392578125,14255.591796875
2024-12-06 22:00:00,14290.36328125,15402.2392578125,14255.591796875
2024-12-06 23:00:00,14290.36328125,16423.734375,15381.2158203125
2024-12-07 00:00:00,14312.59423828125,16963.5771484375,15612.86767578125
2024-12-07 01:00:00,13543.02001953125,15968.33935546875,14040.3232421875
2024-12-07 02:00:00,13380.6875,15723.9365234375,14195.5205078125
2024-12-07 03:00:00,13530.5419921875,16160.7919921875,14250.720703125
2024-12-07 04:00:00,13530.5419921875,16160.7919921875,14613.4326171875
2024-12-07 05:00:00,14374.189453125,17083.408203125,15390.30859375
2024-12-07 06:00:00,14501.4765625,18095.6484375,15821.658203125
2024-12-07 07:00:00,14501.4765625,18095.6484375,15959.0947265625
2024-12-07 08:00:00,14501.4765625,17804.10546875,15959.0947265625
2024-12-07 09:00:00,14259.1650390625,17535.8828125,15926.0087890625
2024-12-07 10:00:00,14496.2685546875,16760.197265625,14931.921875
2024-12-07 11:00:00,14394.1484375,16760.197265625,14815.9697265625
2024-12-07 12:00:00,14496.2685546875,16760.197265625,14815.9697265625
2024-12-07 13:00:00,14394.1484375,16794.689453125,14815.9697265625
2024-12-07 14:00:00,14534.626953125,17390.455078125,14910.625
2024-12-07 15:00:00,14457.7685546875,17390.455078125,14944.431640625
2024-12-07 16:00:00,14534.626953125,16668.658203125,14971.419921875
2024-12-07 17:00:00,14457.7685546875,16186.392578125,15494.0087890625
2024-12-07 18:00:00,14445.5498046875,16068.8046875,15573.244140625
2024-12-07 19:00:00,14445.5498046875,16068.8046875,15748.744140625
2024-12-07 20:00:00,14981.4833984375,16630.23046875,16434.13671875
2024-12-07 21:00:00,15397.8681640625,16895.34375,16526.0703125
2024-12-07 22:00:00,15397.8681640625,17837.421875,16772.30078125
2024-12-07 23:00:00,15688.9169921875,18160.970703125,16841.75390625
2024-12-08 00:00:00,15497.66357421875,18305.33203125,16807.02734375
2024-12-08 01:00:00,14856.416015625,16437.20166015625,15291.6826171875
2024-12-08 02:00:00,14635.7607421875,16593.888671875,15760.4462890625
2024-12-08 03:00:00,14412.6025390625,17359.8671875,15760.4462890625
2024-12-08 04:00:00,14412.6025390625,17580.19140625,15290.7294921875
2024-12-08 05:00:00,14793.517578125,17818.423828125,15290.7294921875
2024-12-08 06:00:00,16524.732421875,19270.9921875,15666.4951171875
2024-12-08 07:00:00,17083.447265625,19482.93359375,15712.08984375
2024-12-08 08:00:00,17083.447265625,19482.93359375,15666.4951171875
2024-12-08 09:00:00,17054.69921875,18920.4765625,14994.9482421875
2024-12-08 10:00:00,13565.5888671875,15628.89453125,12171.1435546875
2024-12-08 11:00:00,11299.7314453125,12736.98828125,10223.8037109375
2024-12-08 12:00:00,8297.451171875,10489.1171875,8159.2724609375
2024-12-08 13:00:00,8050.77294921875,8544.6201171875,7093.02783203125
2024-12-08 14:00:00,6790.99365234375,7336.94384765625,5159.51708984375
2024-12-08 15:00:00,6270.99951171875,5546.578125,4109.03662109375
2024-12-08 16:00:00,6270.99951171875,5546.578125,4109.03662109375
2024-12-08 17:00:00,6994.94873046875,5949.302734375,4711.38427734375
2024-12-08 18:00:00,8135.82958984375,5969.63525390625,5550.46142578125
2024-12-08 19:00:00,8306.9443359375,6489.92431640625,5635.68994140625
2024-12-08 20:00:00,8789.6298828125,7335.814453125,5635.68994140625
2024-12-08 21:00:00,9139.7568359375,7742.03466796875,6060.6064453125
2024-12-08 22:00:00,9186.541015625,7742.03466796875,6446.88330078125
2024-12-08 23:00:00,9270.279296875,8411.697265625,6737.97900390625
2024-12-09 00:00:00,9228.41015625,7894.769775390625,6592.43115234375
2024-12-09 01:00:00,8215.33154296875,6639.5576171875,4874.5361328125
2024-12-09 02:00:00,8253.3916015625,6653.8154296875,5103.86376953125
2024-12-09 03:00:00,9299.3642578125,7651.82421875,5954.7880859375
2024-12-09 04:00:00,9299.3642578125,8155.08935546875,5954.7880859375
2024-12-09 05:00:00,9758.8427734375,8285.357421875,6338.48193359375
2024-12-09 06:00:00,9315.115234375,8155.08935546875,5782.21533203125
2024-12-09 07:00:00,9315.115234375,6944.8134765625,5507.958984375
2024-12-09 08:00:00,8401.9580078125,6815.1923828125,5142.4208984375
2024-12-09 09:00:00,8254.6962890625,6589.0302734375,4992.23486328125
2024-12-09 10:00:00,7311.09521484375,6573.07666015625,4935.998046875
2024-12-09 11:00:00,7311.09521484375,6573.07666015625,4992.23486328125
2024-12-09 12:00:00,6660.685546875,7725.0283203125,5286.9287109375
2024-12-09 13:00:00,6868.32177734375,7725.0283203125,5286.9287109375
2024-12-09 14:00:00,6868.32177734375,7725.0283203125,5286.9287109375
2024-12-09 15:00:00,7908.95068359375,8438.8271484375,6109.3115234375
2024-12-09 16:00:00,8117.59375,9109.9892578125,7279.42333984375
2024-12-09 17:00:00,9922.23828125,10970.52734375,8399.326171875
2024-12-09 18:00:00,12592.333984375,13474.1630859375,9966.8486328125
2024-12-09 19:00:00,13408.3125,15716.0458984375,12396.5595703125
2024-12-09 20:00:00,14969.404296875,16656.33203125,13012.0068359375
2024-12-09 21:00:00,14969.404296875,16656.33203125,13105.7041015625
2024-12-09 22:00:00,14772.59765625,16525.130859375,13511.83203125
2024-12-09 23:00:00,14047.6728515625,16525.130859375,13726.9755859375
2024-12-10 00:00:00,13966.42724609375,16625.8359375,13784.83203125
2024-12-10 01:00:00,16284.951171875,17733.5439453125,15468.85986328125
2024-12-10 02:00:00,16356.4150390625,17856.515625,15615.318359375
2024-12-10 03:00:00,17591.716796875,18428.796875,15615.318359375
2024-12-10 04:00:00,17591.716796875,18428.796875,15375.046875
2024-12-10 05:00:00,17569.54296875,18292.068359375,14670.3330078125
2024-12-10 06:00:00,16480.712890625,17786.662109375,14279.5048828125
2024-12-10 07:00:00,16052.6748046875,16290.8701171875,13227.1005859375
2024-12-10 08:00:00,13840.7353515625,14150.2080078125,11136.6181640625
2024-12-10 09:00:00,12674.85546875,10419.390625,7518.48876953125
2024-12-10 10:00:00,9662.53515625,8939.9384765625,7176.630859375
2024-12-10 11:00:00,6718.9140625,5480.7490234375,4561.0888671875
2024-12-10 12:00:00,6718.9140625,5480.7490234375,4561.0888671875
2024-12-10 13:00:00,6532.2958984375,7059.4619140625,4277.10595703125
2024-12-10 14:00:00,6532.2958984375,7059.4619140625,4277.10595703125
2024-12-10 15:00:00,6322.75634765625,5088.306640625,3435.773193359375
2024-12-10 16:00:00,6150.1552734375,4656.8740234375,3435.773193359375
2024-12-10 17:00:00,6018.18310546875,4350.650390625,3435.773193359375
2024-12-10 18:00:00,6018.18310546875,4452.05029296875,3839.52001953125
2024-12-10 19:00:00,6207.345703125,4452.05029296875,4351.62158203125
2024-12-10 20:00:00,7061.2578125,5187.6591796875,4778.47509765625
2024-12-10 21:00:00,7614.28515625,5694.287109375,5243.25341796875
2024-12-10 22:00:00,9477.953125,8230.857421875,6676.61767578125
2024-12-10 23:00:00,12333.59765625,10926.09375,8935.0068359375
2024-12-11 00:00:00,13000.40380859375,12316.01611328125,9224.63427734375
2024-12-11 01:00:00,14886.951171875,15787.84912109375,11176.384765625
2024-12-11 02:00:00,14233.658203125,15317.42578125,10152.7578125
2024-12-11 03:00:00,10772.16796875,12908.9169921875,6790.47314453125
2024-12-11 04:00:00,6783.7255859375,8552.43359375,4397.427734375
2024-12-11 05:00:00,3959.12060546875,4082.68701171875,3113.107177734375
2024-12-11 06:00:00,3330.05322265625,3435.78369140625,2491.54345703125
2024-12-11 07:00:00,3303.831787109375,3088.7255859375,2324.62060546875
2024-12-11 08:00:00,3178.515380859375,2983.700927734375,2324.62060546875
2024-12-11 09:00:00,3128.779052734375,2915.212646484375,2324.62060546875
2024-12-11 10:00:00,2752.215087890625,2713.55126953125,2285.68603515625
2024-12-11 11:00:00,2673.619873046875,2705.17626953125,2285.68603515625
2024-12-11 12:00:00,2426.64404296875,2713.55126953125,2355.5751953125
2024-12-11 13:00:00,2342.423583984375,2778.7265625,2355.5751953125
2024-12-11 14:00:00,2342.423583984375,2964.17626953125,2449.3564453125
2024-12-11 15:00:00,2701.308837890625,2991.399658203125,2696.30322265625
2024-12-11 16:00:00,2701.308837890625,2991.399658203125,2696.30322265625
2024-12-11 17:00:00,2833.169921875,2962.962646484375,2696.30322265625
2024-12-11 18:00:00,2665.560791015625,2657.290771484375,2774.785400390625
2024-12-11 19:00:00,2665.560791015625,2702.09033203125,2774.785400390625
2024-12-11 20:00:00,2601.746337890625,2702.09033203125,2682.1748046875
2024-12-11 21:00:00,2601.746337890625,2801.495361328125,2682.1748046875
2024-12-11 22:00:00,3075.836181640625,3599.09619140625,3435.837158203125
2024-12-11 23:00:00,4073.5146484375,4406.65771484375,3580.263916015625
2024-12-12 00:00:00,4100.69677734375,4473.33544921875,3664.5653076171875
2024-12-12 01:00:00,4253.7451171875,4459.374755859375,3785.1290283203125
2024-12-12 02:00:00,4628.841796875,4968.29541015625,4413.4599609375
2024-12-12 03:00:00,5108.19091796875,5655.40380859375,4984.2861328125
2024-12-12 04:00:00,6121.822265625,5669.07763671875,5582.20068359375
2024-12-12 05:00:00,6842.32470703125,7386.41650390625,7451.2978515625
2024-12-12 06:00:00,8372.64453125,9067.310546875,8681.3720703125
2024-12-12 07:00:00,9060.7900390625,9985.984375,8795.3740234375
2024-12-12 08:00:00,9281.1416015625,10291.9609375,8896.6748046875
2024-12-12 09:00:00,9281.1416015625,10291.9609375,8896.6748046875
2024-12-12 10:00:00,8887.353515625,9512.6474609375,6820.93212890625
2024-12-12 11:00:00,7640.8896484375,8153.26416015625,5257.6328125
2024-12-12 12:00:00,5978.59326171875,6443.0224609375,4530.779296875
2024-12-12 13:00:00,5257.99365234375,5052.095703125,2920.012939453125
2024-12-12 14:00:00,4010.1259765625,4254.0654296875,2340.263427734375
2024-12-12 15:00:00,4010.1259765625,4254.0654296875,2340.263427734375
2024-12-12 16:00:00,4192.26318359375,5300.0322265625,3233.10400390625
2024-12-12 17:00:00,4370.58056640625,5514.84521484375,3560.801025390625
2024-12-12 18:00:00,5056.2294921875,5556.45751953125,3575.361328125
2024-12-12 19:00:00,5612.01123046875,7028.91748046875,4207.7216796875
2024-12-12 20:00:00,7215.70068359375,7926.65087890625,5282.13232421875
2024-12-12 21:00:00,8021.962890625,8216.8837890625,5716.33984375
2024-12-12 22:00:00,8886.869140625,8981.1787109375,6222.126953125
2024-12-12 23:00:00,10485.658203125,11418.916015625,7688.99169921875
2024-12-13 00:00:00,11485.42626953125,12320.70751953125,8866.581298828125
2024-12-13 01:00:00,15445.02783203125,16167.20458984375,12977.6669921875
2024-12-13 02:00:00,16309.1484375,16679.857421875,13497.736328125
2024-12-13 03:00:00,16309.1484375,16679.857421875,13497.736328125
2024-12-13 04:00:00,14727.4267578125,15691.4833984375,12557.2587890625
2024-12-13 05:00:00,14181.6640625,15460.25,11980.5908203125
2024-12-13 06:00:00,11779.9609375,12901.84765625,9280.5078125
2024-12-13 07:00:00,8854.921875,10586.9921875,7730.66845703125
2024-12-13 08:00:00,8854.921875,9936.54296875,7232.0234375
2024-12-13 09:00:00,8607.21484375,9685.1123046875,7192.05419921875
2024-12-13 10:00:00,8370.9296875,8642.78125,6237.474609375
2024-12-13 11:00:00,8302.1669921875,7951.69873046875,5996.36083984375
2024-12-13 12:00:00,7711.7001953125,7629.0263671875,5410.60791015625
2024-12-13 13:00:00,6771.59521484375,6724.01025390625,4852.8115234375
2024-12-13 14:00:00,6135.9169921875,5382.1630859375,4528.19873046875
2024-12-13 15:00:00,6135.9169921875,5382.1630859375,4528.19873046875
2024-12-13 16:00:00,7748.43310546875,6964.68017578125,5686.69482421875
2024-12-13 17:00:00,9114.8564453125,9606.1201171875,8686.572265625
2024-12-13 18:00:00,9455.9619140625,10296.99609375,8907.255859375
2024-12-13 19:00:00,10048.205078125,11141.2685546875,10067.26171875
2024-12-13 20:00:00,11314.5419921875,12409.5712890625,11032.9541015625
2024-12-13 21:00:00,11472.4384765625,13553.4951171875,11245.3896484375
2024-12-13 22:00:00,11730.7138671875,13553.4951171875,11245.3896484375
2024-12-13 23:00:00,11730.7138671875,13454.203125,11113.5693359375
2024-12-14 00:00:00,11090.783203125,13155.2255859375,10641.39404296875
2024-12-14 01:00:00,11277.84326171875,13348.703125,10938.5927734375
2024-12-14 02:00:00,11203.6728515625,12954.65234375,10566.0205078125
2024-12-14 03:00:00,10051.2802734375,11172.45703125,10432.6572265625
2024-12-14 04:00:00,10051.2802734375,11172.45703125,10432.6572265625
2024-12-14 05:00:00,10743.1611328125,13353.5166015625,11786.8037109375
2024-12-14 06:00:00,10970.7197265625,14001.5791015625,12016.70703125
2024-12-14 07:00:00,14429.2294921875,16553.48046875,13993.1005859375
2024-12-14 08:00:00,14739.9306640625,18294.53125,15639.849609375
2024-12-14 09:00:00,14739.9306640625,18294.53125,15639.849609375
2024-12-14 10:00:00,12850.130859375,16905.81640625,14447.6572265625
2024-12-14 11:00:00,11667.4462890625,16882.685546875,13831.16015625
2024-12-14 12:00:00,11154.24609375,14976.8525390625,13548.0263671875
2024-12-14 13:00:00,11154.24609375,14976.8525390625,13548.0263671875
2024-12-14 14:00:00,12469.53515625,15236.5478515625,14274.384765625
2024-12-14 15:00:00,12830.701171875,15450.6953125,14961.3828125
2024-12-14 16:00:00,13970.7685546875,16747.517578125,15708.763671875
2024-12-14 17:00:00,14399.43359375,17861.580078125,16512.06640625
2024-12-14 18:00:00,14444.3115234375,17903.24609375,16599.234375
2024-12-14 19:00:00,14444.3115234375,18034.111328125,16599.234375
2024-12-14 20:00:00,14418.904296875,18034.111328125,16447.212890625
2024-12-14 21:00:00,13953.056640625,16993.1328125,16052.3984375
2024-12-14 22:00:00,13953.056640625,16993.1328125,16052.3984375
2024-12-14 23:00:00,14889.912109375,19078.158203125,17345.5234375
2024-12-15 00:00:00,15007.01611328125,19127.46875,17474.3974609375
2024-12-15 01:00:00,14739.14892578125,19254.681640625,17008.0771484375
2024-12-15 02:00:00,15049.337890625,19232.462890625,16963.5625
2024-12-15 03:00:00,15106.650390625,19232.462890625,16963.5625
2024-12-15 04:00:00,15159.302734375,19275.0234375,17074.857421875
2024-12-15 05:00:00,15159.302734375,19419.798828125,17074.857421875
2024-12-15 06:00:00,14792.2939453125,19504.3359375,16824.1328125
2024-12-15 07:00:00,14498.4013671875,19504.3359375,16268.1494140625
2024-12-15 08:00:00,14118.115234375,18959.048828125,16243.33203125
2024-12-15 09:00:00,13937.7197265625,18375.345703125,15664.59375
2024-12-15 10:00:00,13937.7197265625,18270.185546875,15062.7431640625
2024-12-15 11:00:00,14027.287109375,18261.119140625,15010.7900390625
2024-12-15 12:00:00,14308.451171875,18270.185546875,15010.7900390625
2024-12-15 13:00:00,14538.6767578125,18261.119140625,15095.4169921875
2024-12-15 14:00:00,14820.3369140625,18224.0703125,15130.4296875
2024-12-15 15:00:00,14820.3369140625,18133.04296875,15130.4296875
2024-12-15 16:00:00,14796.3828125,18032.076171875,15052.5283203125
2024-12-15 17:00:00,14395.9609375,17619.458984375,14944.76171875
2024-12-15 18:00:00,14356.3818359375,17217.587890625,14653.87890625
2024-12-15 19:00:00,14089.6240234375,16038.6328125,14653.87890625
2024-12-15 20:00:00,13427.671875,16038.6328125,14773.5078125
2024-12-15 21:00:00,13053.263671875,16038.6328125,14773.5078125
2024-12-15 22:00:00,12777.830078125,16067.8798828125,14773.5078125
2024-12-15 23:00:00,12777.830078125,16067.8798828125,14994.4814453125
2024-12-16 00:00:00,13225.6396484375,16529.72509765625,15323.9189453125
2024-12-16 01:00:00,14304.6708984375,17843.1435546875,16383.697265625
2024-12-16 02:00:00,14576.8125,17801.603515625,16395.71484375
2024-12-16 03:00:00,14590.3974609375,17801.603515625,16623.17578125
2024-12-16 04:00:00,14859.7080078125,17801.603515625,16807.615234375
2024-12-16 05:00:00,14969.103515625,18442.84375,16807.615234375
2024-12-16 06:00:00,15486.10546875,18507.72265625,16955.7109375
2024-12-16 07:00:00,15545.7041015625,18598.560546875,17409.318359375
2024-12-16 08:00:00,15486.10546875,18686.857421875,17409.318359375
2024-12-16 09:00:00,13945.916015625,18598.560546875,16425.416015625
2024-12-16 10:00:00,12604.986328125,17637.44140625,15365.89453125
2024-12-16 11:00:00,11834.951171875,16060.697265625,14369.6083984375
2024-12-16 12:00:00,11799.5126953125,14973.470703125,13484.5166015625
2024-12-16 13:00:00,11630.2021484375,13646.2666015625,12151.904296875
2024-12-16 14:00:00,11307.9306640625,13168.4990234375,11857.3486328125
2024-12-16 15:00:00,11160.4521484375,12676.6923828125,10916.55078125
2024-12-16 16:00:00,10947.412109375,12355.46484375,10916.55078125
2024-12-16 17:00:00,10696.59765625,12355.46484375,10664.1796875
2024-12-16 18:00:00,10522.1865234375,12466.6181640625,11021.0869140625
2024-12-16 19:00:00,10359.8125,12466.6181640625,10381.0810546875
2024-12-16 20:00:00,10522.1865234375,11477.7666015625,10399.5322265625
2024-12-16 21:00:00,10720.1923828125,11477.7666015625,10399.5322265625
2024-12-16 22:00:00,10760.44921875,12215.5830078125,11204.8720703125
2024-12-16 23:00:00,10760.44921875,12243.255859375,11358.021484375
2024-12-17 00:00:00,10672.77294921875,12229.41943359375,11525.08154296875
2024-12-17 01:00:00,11527.62841796875,13140.005859375,12453.6630859375
2024-12-17 02:00:00,11827.91015625,13479.107421875,12789.0185546875
2024-12-17 03:00:00,11834.43359375,13828.783203125,12856.5712890625
2024-12-17 04:00:00,13026.3232421875,14846.0537109375,13325.6669921875
2024-12-17 05:00:00,13026.3232421875,14846.0537109375,13325.6669921875
2024-12-17 06:00:00,12899.302734375,14490.4794921875,13295.0390625
2024-12-17 07:00:00,12740.5361328125,14345.9384765625,13086.662109375
2024-12-17 08:00:00,12740.5361328125,14345.9384765625,13295.0390625
2024-12-17 09:00:00,12422.73046875,14543.8212890625,13188.0869140625
2024-12-17 10:00:00,12253.166015625,14543.8212890625,13188.0869140625
2024-12-17 11:00:00,11429.380859375,13987.5146484375,12295.357421875
2024-12-17 12:00:00,10828.1982421875,13130.0810546875,12033.677734375
2024-12-17 13:00:00,10684.4609375,12464.013671875,11665.962890625
2024-12-17 14:00:00,10556.7197265625,11951.380859375,11197.68359375
2024-12-17 15:00:00,10552.466796875,11443.1513671875,11196.10546875
2024-12-17 16:00:00,10302.8486328125,11443.1513671875,10771.41015625
2024-12-17 17:00:00,10302.8486328125,11451.53515625,10636.265625
2024-12-17 18:00:00,10329.5693359375,11892.3095703125,10771.41015625
2024-12-17 19:00:00,11325.8310546875,12742.7861328125,11155.193359375
2024-12-17 20:00:00,11367.578125,12742.7861328125,11155.193359375
2024-12-17 21:00:00,11367.578125,12225.75390625,10704.5185546875
2024-12-17 22:00:00,9717.6083984375,12139.1494140625,10405.4296875
2024-12-17 23:00:00,9717.6083984375,12225.75390625,10405.4296875
2024-12-18 00:00:00,10648.759765625,13140.263671875,10734.9052734375
2024-12-18 01:00:00,11710.40087890625,14828.82470703125,11204.26171875
2024-12-18 02:00:00,11655.3466796875,14357.947265625,11044.12890625
2024-12-18 03:00:00,11653.2294921875,14315.0126953125,10351.43359375
2024-12-18 04:00:00,11614.125,13237.857421875,10194.98046875
2024-12-18 05:00:00,11339.6884765625,10606.9033203125,8870.443359375
2024-12-18 06:00:00,11099.017578125,10350.1982421875,8634.4599609375
2024-12-18 07:00:00,9061.97265625,7558.04833984375,6618.63671875
2024-12-18 08:00:00,7232.64990234375,7454.16796875,6584.8212890625
2024-12-18 09:00:00,6903.98046875,6238.91162109375,6584.8212890625
2024-12-18 10:00:00,6563.419921875,5253.64013671875,5116.40771484375
2024-12-18 11:00:00,5538.4658203125,5122.62451171875,5081.41552734375
2024-12-18 12:00:00,4779.80029296875,4909.9072265625,4923.25830078125
2024-12-18 13:00:00,4100.83203125,3500.961669921875,3392.805419921875
2024-12-18 14:00:00,4100.83203125,3500.961669921875,3392.805419921875
2024-12-18 15:00:00,4123.853515625,3738.76171875,3485.49755859375
2024-12-18 16:00:00,4568.30615234375,4410.439453125,4407.4384765625
2024-12-18 17:00:00,4934.27880859375,4662.9619140625,4649.8466796875
2024-12-18 18:00:00,5702.375,5018.06005859375,5348.66796875
2024-12-18 19:00:00,5702.375,5195.7080078125,5541.81787109375
2024-12-18 20:00:00,5247.22998046875,6055.42236328125,5788.572265625
2024-12-18 21:00:00,5247.22998046875,6667.86572265625,5541.81787109375
2024-12-18 22:00:00,5347.09228515625,7386.72216796875,5814.9111328125
2024-12-18 23:00:00,5347.09228515625,7502.82568359375,5353.2431640625
2024-12-19 00:00:00,5323.021240234375,7647.564453125,5473.47705078125
2024-12-19 01:00:00,5361.5732421875,6522.8994140625,5653.080810546875
2024-12-19 02:00:00,5008.62646484375,6217.60302734375,5011.236328125
2024-12-19 03:00:00,4778.23681640625,5164.89404296875,4491.8642578125
2024-12-19 04:00:00,4743.5048828125,4952.03515625,4491.8642578125
2024-12-19 05:00:00,4778.23681640625,5108.7646484375,4741.67236328125
2024-12-19 06:00:00,5109.24853515625,4952.03515625,4741.67236328125
2024-12-19 07:00:00,5109.24853515625,4943.13916015625,4197.966796875
2024-12-19 08:00:00,4940.84912109375,4746.25732421875,3822.020263671875
2024-12-19 09:00:00,4649.36669921875,4290.55126953125,3401.21044921875
2024-12-19 10:00:00,4472.27880859375,3489.8359375,2147.67431640625
2024-12-19 11:00:00,4260.93505859375,3408.000732421875,2001.218994140625
2024-12-19 12:00:00,3900.674072265625,2964.092529296875,2147.67431640625
2024-12-19 13:00:00,3593.155517578125,2964.092529296875,2408.29150390625
2024-12-19 14:00:00,3900.674072265625,3106.64599609375,2481.919921875
2024-12-19 15:00:00,4044.849365234375,3106.64599609375,2762.710205078125
2024-12-19 16:00:00,4270.39697265625,3279.262939453125,2991.703369140625
2024-12-19 17:00:00,5709.3984375,4352.56787109375,4297.8447265625
2024-12-19 18:00:00,6998.8486328125,5185.71484375,5206.9853515625
2024-12-19 19:00:00,10172.845703125,7888.17236328125,8411.25390625
2024-12-19 20:00:00,11645.955078125,10249.521484375,10070.52734375
2024-12-19 21:00:00,12310.1630859375,11147.09765625,11109.2509765625
2024-12-19 22:00:00,14317.353515625,11707.8203125,12197.916015625
2024-12-19 23:00:00,14400.1181640625,13182.5556640625,12427.3076171875
2024-12-20 00:00:00,14714.3251953125,13210.20263671875,12519.48876953125
2024-12-20 01:00:00,18629.759765625,18529.634765625,17407.375
2024-12-20 02:00:00,18430.73046875,18557.580078125,16775.57421875
2024-12-20 03:00:00,18052.9375,18557.580078125,17284.1796875
2024-12-20 04:00:00,17865.419921875,18453.87890625,17122.00390625
2024-12-20 05:00:00,17437.55078125,18266.990234375,17122.00390625
2024-12-20 06:00:00,17299.375,18232.9765625,16695.529296875
2024-12-20 07:00:00,14490.1123046875,16379.1943359375,14485.0966796875
2024-12-20 08:00:00,14100.486328125,15460.873046875,14050.2119140625
2024-12-20 09:00:00,14100.486328125,15460.873046875,14050.2119140625
2024-12-20 10:00:00,15620.2880859375,17116.763671875,15643.923828125
2024-12-20 11:00:00,15995.84375,17508.794921875,15796.45703125
2024-12-20 12:00:00,15620.2880859375,17508.794921875,15796.45703125
2024-12-20 13:00:00,15117.90625,17450.845703125,15415.169921875
2024-12-20 14:00:00,14802.642578125,16279.94921875,14917.767578125
2024-12-20 15:00:00,13641.884765625,14666.4111328125,13274.6630859375
2024-12-20 16:00:00,13307.9697265625,14221.6982421875,12537.310546875
2024-12-20 17:00:00,11414.6123046875,12433.5087890625,11080.9501953125
2024-12-20 18:00:00,11276.0615234375,12299.5029296875,10116.23046875
2024-12-20 19:00:00,11318.46875,12299.5029296875,10116.23046875
2024-12-20 20:00:00,11276.0615234375,12604.4931640625,9924.2265625
2024-12-20 21:00:00,11266.6328125,13212.3974609375,10353.609375
2024-12-20 22:00:00,11266.6328125,13570.88671875,10714.6787109375
2024-12-20 23:00:00,11266.6328125,13570.88671875,10714.6787109375
2024-12-21 00:00:00,10270.4599609375,13577.775390625,10884.37060546875
2024-12-21 01:00:00,9388.50634765625,11576.41845703125,9834.9443359375
2024-12-21 02:00:00,8883.3564453125,11674.2197265625,9393.201171875
2024-12-21 03:00:00,10094.2099609375,11775.4833984375,10276.6875
2024-12-21 04:00:00,10332.126953125,12232.8154296875,9809.994140625
2024-12-21 05:00:00,10376.8837890625,12573.287109375,10735.05859375
2024-12-21 06:00:00,10376.8837890625,12573.287109375,10735.05859375
2024-12-21 07:00:00,10706.3232421875,13343.5517578125,10793.16015625
2024-12-21 08:00:00,11266.6201171875,13381.54296875,11870.4658203125
2024-12-21 09:00:00,11433.3740234375,13343.5517578125,11870.4658203125
2024-12-21 10:00:00,11654.0419921875,12486.9677734375,11715.73046875
2024-12-21 11:00:00,11889.5,12486.9677734375,11715.73046875
2024-12-21 12:00:00,12918.130859375,13854.451171875,11715.73046875
2024-12-21 13:00:00,13099.630859375,14480.7470703125,12170.6728515625
2024-12-21 14:00:00,13469.4013671875,14480.7470703125,12442.0390625
2024-12-21 15:00:00,13480.6845703125,14046.3486328125,12442.0390625
2024-12-21 16:00:00,13469.4013671875,13743.7119140625,12478.1181640625
2024-12-21 17:00:00,12997.876953125,13743.7119140625,12480.998046875
2024-12-21 18:00:00,12997.876953125,14283.513671875,12632.8095703125
2024-12-21 19:00:00,12820.912109375,14548.26953125,12972.431640625
2024-12-21 20:00:00,11659.5400390625,14548.26953125,12632.8095703125
2024-12-21 21:00:00,11245.53125,14355.408203125,11216.26171875
2024-12-21 22:00:00,10139.4892578125,11659.9560546875,10471.34765625
2024-12-21 23:00:00,10139.4892578125,11659.9560546875,10471.34765625
2024-12-22 00:00:00,10230.21484375,11646.1689453125,10349.25244140625
2024-12-22 01:00:00,10767.85595703125,11261.59521484375,10551.14306640625
2024-12-22 02:00:00,11575.0498046875,11750.267578125,11032.6728515625
2024-12-22 03:00:00,11610.275390625,12634.869140625,11032.6728515625
2024-12-22 04:00:00,11910.3125,12767.119140625,11032.6728515625
2024-12-22 05:00:00,12372.3232421875,14249.8359375,12085.5673828125
2024-12-22 06:00:00,15320.2216796875,16960.76171875,15067.80078125
2024-12-22 07:00:00,15389.0986328125,18230.25390625,15862.009765625
2024-12-22 08:00:00,15350.0029296875,18230.25390625,15862.009765625
2024-12-22 09:00:00,15350.0029296875,17436.1875,14481.4716796875
2024-12-22 10:00:00,12425.427734375,15943.4130859375,12575.0244140625
2024-12-22 11:00:00,11413.73828125,14827.94921875,11587.482421875
2024-12-22 12:00:00,11413.73828125,13968.107421875,11380.09375
2024-12-22 13:00:00,11678.234375,13962.3564453125,11380.09375
2024-12-22 14:00:00,11931.400390625,13948.50390625,11509.5078125
2024-12-22 15:00:00,12369.5810546875,13962.3564453125,11601.7958984375
2024-12-22 16:00:00,13059.0263671875,14355.486328125,11969.5595703125
2024-12-22 17:00:00,13059.0263671875,15057.3955078125,12227.0888671875
2024-12-22 18:00:00,13249.568359375,15511.59765625,12263.3818359375
2024-12-22 19:00:00,15085.7939453125,17494.873046875,13828.2861328125
2024-12-22 20:00:00,16038.01953125,18050.853515625,14573.6123046875
2024-12-22 21:00:00,16048.740234375,18400.318359375,14901.8125
2024-12-22 22:00:00,16352.548828125,18698.765625,15026.3525390625
2024-12-22 23:00:00,16664.314453125,18741.85546875,15854.2548828125
2024-12-23 00:00:00,16909.505859375,18888.7490234375,15959.31689453125
2024-12-23 01:00:00,18078.169921875,19835.1650390625,17680.013671875
2024-12-23 02:00:00,18087.462890625,19679.658203125,17937.3515625
2024-12-23 03:00:00,19190.404296875,19164.943359375,18157.390625
2024-12-23 04:00:00,19426.3515625,19061.599609375,18426.556640625
2024-12-23 05:00:00,19573.994140625,18961.728515625,18480.56640625
2024-12-23 06:00:00,19479.720703125,18961.728515625,18506.900390625
2024-12-23 07:00:00,19573.994140625,18961.728515625,18506.900390625
2024-12-23 08:00:00,19479.720703125,18966.849609375,18248.744140625
2024-12-23 09:00:00,19028.0078125,18822.625,18124.1640625
2024-12-23 10:00:00,18003.357421875,18805.74609375,17492.865234375
2024-12-23 11:00:00,15968.6484375,17946.115234375,16018.9375
2024-12-23 12:00:00,15507.0341796875,17264.173828125,15635.7470703125
2024-12-23 13:00:00,15039.6767578125,16631.650390625,15193.46484375
2024-12-23 14:00:00,14803.2568359375,16520.384765625,14521.5244140625
2024-12-23 15:00:00,14560.578125,15196.1845703125,13993.9375
2024-12-23 16:00:00,13778.302734375,13428.744140625,12601.0478515625
2024-12-23 17:00:00,13567.904296875,13428.744140625,12153.4677734375
2024-12-23 18:00:00,13113.650390625,13503.6494140625,11385.259765625
2024-12-23 19:00:00,13113.650390625,13682.986328125,11412.2568359375
2024-12-23 20:00:00,13000.0478515625,14675.5712890625,11390.740234375
2024-12-23 21:00:00,13000.0478515625,14823.111328125,11412.2568359375
2024-12-23 22:00:00,14024.048828125,15839.9228515625,12072.884765625
2024-12-23 23:00:00,14448.421875,16231.048828125,12503.275390625
2024-12-24 00:00:00,14607.62451171875,16429.41015625,12741.541015625
2024-12-24 01:00:00,16953.544921875,18720.8564453125,15920.3623046875
2024-12-24 02:00:00,16953.470703125,18669.177734375,15715.3427734375
2024-12-24 03:00:00,16816.935546875,18487.572265625,15199.142578125
2024-12-24 04:00:00,16780.482421875,17984.087890625,14637.91796875
2024-12-24 05:00:00,16345.6884765625,17473.021484375,14275.5556640625
2024-12-24 06:00:00,15928.3115234375,17069.396484375,12631.2900390625
2024-12-24 07:00:00,12164.7177734375,13926.4365234375,9692.69921875
2024-12-24 08:00:00,11056.890625,11328.0986328125,7018.6572265625
2024-12-24 09:00:00,8748.861328125,7206.22021484375,4552.48681640625
2024-12-24 10:00:00,4874.7724609375,3702.556640625,3280.817138671875
2024-12-24 11:00:00,3443.861083984375,3205.2890625,2407.748291015625
2024-12-24 12:00:00,3107.73583984375,2687.609130859375,2242.57421875
2024-12-24 13:00:00,3107.73583984375,2687.609130859375,2242.57421875
2024-12-24 14:00:00,3156.146240234375,2771.55517578125,2371.50048828125
2024-12-24 15:00:00,3751.6728515625,2771.55517578125,2371.50048828125
2024-12-24 16:00:00,4041.94580078125,2771.55517578125,2371.50048828125
2024-12-24 17:00:00,4946.638671875,3519.906005859375,3076.148681640625
2024-12-24 18:00:00,6321.4443359375,5405.80322265625,4466.6494140625
2024-12-24 19:00:00,7119.5087890625,6357.357421875,5031.14599609375
2024-12-24 20:00:00,8530.875,6444.30322265625,5345.59033203125
2024-12-24 21:00:00,8736.001953125,7524.4501953125,6299.11669921875
2024-12-24 22:00:00,10252.9853515625,7524.4501953125,6741.01904296875
2024-12-24 23:00:00,11543.189453125,9912.7490234375,8516.8115234375
2024-12-25 00:00:00,11794.0859375,10469.82568359375,9351.31787109375
2024-12-25 01:00:00,14778.6943359375,14487.84228515625,13907.0390625
2024-12-25 02:00:00,16166.5517578125,15559.11328125,14883.1953125
2024-12-25 03:00:00,16596.361328125,16778.837890625,15078.2802734375
2024-12-25 04:00:00,16645.259765625,16942.115234375,15453.30859375
2024-12-25 05:00:00,18479.80078125,17641.552734375,16400.37109375
2024-12-25 06:00:00,18540.587890625,17667.154296875,16816.357421875
2024-12-25 07:00:00,18816.4921875,17782.830078125,17008.34765625
2024-12-25 08:00:00,18895.69140625,18117.44140625,17008.34765625
2024-12-25 09:00:00,19655.056640625,18117.44140625,17208.9140625
2024-12-25 10:00:00,19655.056640625,18068.904296875,17191.33984375
2024-12-25 11:00:00,18349.865234375,18068.904296875,17191.33984375
2024-12-25 12:00:00,17851.96875,18251.783203125,17191.33984375
2024-12-25 13:00:00,17764.671875,18251.783203125,17069.669921875
2024-12-25 14:00:00,17764.671875,18084.626953125,16741.0703125
2024-12-25 15:00:00,17764.671875,17747.4296875,16741.0703125
2024-12-25 16:00:00,18180.83984375,17747.4296875,17237.375
2024-12-25 17:00:00,18901.81640625,18009.888671875,17666.94140625
2024-12-25 18:00:00,20026.248046875,18063.720703125,18471.7265625
2024-12-25 19:00:00,20267.9921875,19141.166015625,19198.158203125
2024-12-25 20:00:00,20267.9921875,19652.869140625,19198.158203125
2024-12-25 21:00:00,19736.197265625,19652.869140625,19192.5078125
2024-12-25 22:00:00,19483.056640625,19548.470703125,18841.404296875
2024-12-25 23:00:00,19287.36328125,19456.384765625,18677.94921875
2024-12-26 00:00:00,19343.24609375,19216.9736328125,18709.4453125
2024-12-26 01:00:00,18549.6572265625,18930.6279296875,18480.20703125
2024-12-26 02:00:00,18290.091796875,18812.400390625,18398.794921875
2024-12-26 03:00:00,18064.1640625,18602.771484375,17261.93359375
2024-12-26 04:00:00,18064.1640625,18498.587890625,16762.322265625
2024-12-26 05:00:00,18027.04296875,18498.587890625,16762.322265625
2024-12-26 06:00:00,17759.236328125,18306.798828125,16888.224609375
2024-12-26 07:00:00,17759.236328125,18158.861328125,16888.224609375
2024-12-26 08:00:00,17759.236328125,17692.494140625,16476.4921875
2024-12-26 09:00:00,17582.8359375,17692.494140625,16405.4140625
2024-12-26 10:00:00,17578.9453125,17657.341796875,16372.6708984375
2024-12-26 11:00:00,16313.8154296875,16782.591796875,15832.2919921875
2024-12-26 12:00:00,14873.1806640625,15786.35546875,14750.63671875
2024-12-26 13:00:00,14270.345703125,15749.875,14741.46484375
2024-12-26 14:00:00,13927.4521484375,15401.5869140625,13955.20703125
2024-12-26 15:00:00,13250.1826171875,15055.365234375,13838.95703125
2024-12-26 16:00:00,13250.1826171875,15055.365234375,13703.5107421875
2024-12-26 17:00:00,13765.6640625,15335.4013671875,13838.95703125
2024-12-26 18:00:00,14271.29296875,16159.53125,14459.037109375
2024-12-26 19:00:00,14271.29296875,16187.7060546875,15043.4619140625
2024-12-26 20:00:00,13789.2958984375,16277.318359375,15043.4619140625
2024-12-26 21:00:00,13789.2958984375,16277.318359375,14881.755859375
2024-12-26 22:00:00,13999.2333984375,15493.3349609375,14666.3564453125
2024-12-26 23:00:00,14227.77734375,15493.3349609375,14881.755859375
2024-12-27 00:00:00,14415.96728515625,15747.6455078125,14730.90087890625
2024-12-27 01:00:00,14887.912109375,16579.603515625,16116.501953125
2024-12-27 02:00:00,14914.7861328125,16595.998046875,16165.06640625
2024-12-27 03:00:00,15277.361328125,17325.361328125,16537.09765625
2024-12-27 04:00:00,15277.361328125,17516.82421875,16537.09765625
2024-12-27 05:00:00,15060.353515625,17516.82421875,16134.3916015625
2024-12-27 06:00:00,14480.1474609375,16418.05078125,15512.302734375
2024-12-27 07:00:00,14480.1474609375,16418.05078125,14974.5966796875
2024-12-27 08:00:00,14890.423828125,16069.671875,14683.9296875
2024-12-27 09:00:00,14890.423828125,16062.46875,13883.5224609375
2024-12-27 10:00:00,13375.6064453125,15316.3798828125,13222.8740234375
2024-12-27 11:00:00,12914.4482421875,13827.69140625,12647.5888671875
2024-12-27 12:00:00,12914.4482421875,13797.6044921875,12631.1298828125
2024-12-27 13:00:00,12961.3955078125,13797.6044921875,12631.1298828125
2024-12-27 14:00:00,12993.28515625,14700.5234375,12646.064453125
2024-12-27 15:00:00,15164.8271484375,16371.982421875,15291.294921875
2024-12-27 16:00:00,15393.212890625,17290.55859375,15802.220703125
2024-12-27 17:00:00,15393.212890625,17290.55859375,15802.220703125
2024-12-27 18:00:00,15260.77734375,17276.646484375,15318.3544921875
2024-12-27 19:00:00,15260.77734375,17214.865234375,15318.3544921875
2024-12-27 20:00:00,15744.630859375,17276.646484375,15518.5263671875
2024-12-27 21:00:00,16320.265625,18146.89453125,15898.7666015625
2024-12-27 22:00:00,16320.265625,18146.89453125,15898.7666015625
2024-12-27 23:00:00,16091.236328125,17826.474609375,15705.146484375
2024-12-28 00:00:00,15996.2880859375,17578.6591796875,15540.955078125
2024-12-28 01:00:00,17045.884765625,18491.1044921875,15649.2314453125
2024-12-28 02:00:00,17032.638671875,18489.908203125,15608.5029296875
2024-12-28 03:00:00,16629.306640625,18478.990234375,15521.60546875
2024-12-28 04:00:00,16576.69921875,18098.52734375,15521.60546875
2024-12-28 05:00:00,16249.60546875,17452.24609375,15534.974609375
2024-12-28 06:00:00,16081.365234375,17452.24609375,16017.6181640625
2024-12-28 07:00:00,16249.60546875,17961.46875,16204.3583984375
2024-12-28 08:00:00,16380.4560546875,18919.076171875,16825.298828125
2024-12-28 09:00:00,16380.4560546875,18919.076171875,16825.298828125
2024-12-28 10:00:00,16251.57421875,18179.150390625,16438.75390625
2024-12-28 11:00:00,15790.015625,17628.41796875,16242.51953125
2024-12-28 12:00:00,15369.37890625,17212.11328125,15472.8974609375
2024-12-28 13:00:00,15346.498046875,16947.39453125,15278.81640625
2024-12-28 14:00:00,14981.3232421875,15696.634765625,15090.1142578125
2024-12-28 15:00:00,14503.2646484375,14745.263671875,13875.9912109375
2024-12-28 16:00:00,14503.2646484375,14745.263671875,13875.9912109375
2024-12-28 17:00:00,15305.7021484375,15872.177734375,14604.9931640625
2024-12-28 18:00:00,16600.833984375,17027.548828125,16727.546875
2024-12-28 19:00:00,16914.98828125,17435.37890625,17241.45703125
2024-12-28 20:00:00,17076.701171875,17898.076171875,17405.640625
2024-12-28 21:00:00,17077.673828125,18212.888671875,17628.884765625
2024-12-28 22:00:00,17104.45703125,18469.513671875,17688.78515625
2024-12-28 23:00:00,17256.083984375,18837.896484375,17688.78515625
2024-12-29 00:00:00,17231.1025390625,19129.46875,17723.8251953125
2024-12-29 01:00:00,17440.7802734375,19110.896484375,17925.708984375
2024-12-29 02:00:00,17505.9375,19064.732421875,17734.015625
2024-12-29 03:00:00,17322.466796875,19114.853515625,17562.830078125
2024-12-29 04:00:00,17120.7734375,19064.732421875,17501.3359375
2024-12-29 05:00:00,16940.501953125,18436.810546875,17276.205078125
2024-12-29 06:00:00,16811.7734375,18100.93359375,17012.375
2024-12-29 07:00:00,16272.25390625,18021.134765625,16307.6875
2024-12-29 08:00:00,15825.3583984375,17194.205078125,15581.2060546875
2024-12-29 09:00:00,15189.3525390625,17116.876953125,14632.7421875
2024-12-29 10:00:00,13843.958984375,16026.3779296875,13447.1357421875
2024-12-29 11:00:00,12821.580078125,14887.671875,12604.880859375
2024-12-29 12:00:00,12148.8515625,13350.2802734375,11203.7685546875
2024-12-29 13:00:00,11902.52734375,13350.2802734375,11203.7685546875
2024-12-29 14:00:00,11902.52734375,13439.169921875,11459.1103515625
2024-12-29 15:00:00,12467.109375,13593.884765625,12170.4091796875
2024-12-29 16:00:00,14449.8564453125,14287.0625,13439.18359375
2024-12-29 17:00:00,15384.7275390625,15360.2958984375,15420.5615234375
2024-12-29 18:00:00,15513.0634765625,16076.60546875,15690.5751953125
2024-12-29 19:00:00,17413.724609375,17509.130859375,17068.767578125
2024-12-29 20:00:00,17887.5546875,17714.279296875,17068.767578125
2024-12-29 21:00:00,17887.5546875,17714.279296875,16829.724609375
2024-12-29 22:00:00,16510.4921875,17624.435546875,15960.4775390625
2024-12-29 23:00:00,13939.5869140625,16302.11328125,15064.677734375
2024-12-30 00:00:00,13752.05078125,16237.41845703125,14729.41455078125
2024-12-30 01:00:00,14449.2744140625,15886.57080078125,14265.5048828125
2024-12-30 02:00:00,14746.9560546875,16166.17578125,14836.8720703125
2024-12-30 03:00:00,16570.09375,16946.779296875,15975.720703125
2024-12-30 04:00:00,17192.208984375,18290.04296875,16175.7783203125
2024-12-30 05:00:00,17378.705078125,18990.58203125,17050.20703125
2024-12-30 06:00:00,17695.00390625,19170.638671875,17084.728515625
2024-12-30 07:00:00,18344.724609375,19469.5,17767.298828125
2024-12-30 08:00:00,18344.724609375,19912.40234375,18334.1796875
2024-12-30 09:00:00,18333.3359375,19912.40234375,18334.1796875
2024-12-30 10:00:00,18333.3359375,19777.431640625,18117.41015625
2024-12-30 11:00:00,18327.171875,19529.197265625,17917.37109375
2024-12-30 12:00:00,18573.751953125,19529.197265625,17855.279296875
2024-12-30 13:00:00,19084.046875,19556.15625,17732.02734375
2024-12-30 14:00:00,19084.046875,19593.47265625,17830.416015625
2024-12-30 15:00:00,18925.578125,19593.47265625,17745.818359375
2024-12-30 16:00:00,18669.9296875,19564.2265625,17830.416015625
2024-12-30 17:00:00,18669.9296875,19564.2265625,17887.150390625
2024-12-30 18:00:00,18781.953125,19622.166015625,18255.203125
2024-12-30 19:00:00,18912.2734375,19775.859375,18366.18359375
2024-12-30 20:00:00,18912.2734375,19775.859375,18366.18359375
2024-12-30 21:00:00,18912.2734375,19658.33984375,18179.740234375
2024-12-30 22:00:00,19010.298828125,19622.796875,17945.25
2024-12-30 23:00:00,19010.298828125,19622.796875,17818.4765625
2024-12-31 00:00:00,18964.216796875,19684.7529296875,17581.556640625
2024-12-31 01:00:00,17344.5,18005.64453125,15510.4921875
2024-12-31 02:00:00,16754.529296875,17689.58984375,15021.2744140625
2024-12-31 03:00:00,16612.033203125,17127.904296875,15004.912109375
2024-12-31 04:00:00,15989.8427734375,16553.669921875,13815.625
2024-12-31 05:00:00,15290.2412109375,15144.9033203125,13137.78515625
2024-12-31 06:00:00,14147.837890625,14306.6640625,13045.5
2024-12-31 07:00:00,14147.837890625,14306.6640625,13045.5
2024-12-31 08:00:00,14696.98828125,15600.013671875,13294.9169921875
2024-12-31 09:00:00,14823.70703125,16701.146484375,14798.1650390625
2024-12-31 10:00:00,14823.70703125,16701.146484375,14798.1650390625
2024-12-31 11:00:00,14039.1044921875,16182.03125,14514.986328125
2024-12-31 12:00:00,11294.966796875,13220.09765625,11051.0986328125
2024-12-31 13:00:00,9208.3095703125,9550.228515625,7722.14892578125
2024-12-31 14:00:00,8474.8046875,9481.0087890625,7722.14892578125
2024-12-31 15:00:00,8474.8046875,9481.0087890625,7726.73095703125
2024-12-31 16:00:00,9576.0107421875,9942.431640625,7802.05615234375
2024-12-31 17:00:00,10733.15234375,10419.6962890625,8874.4013671875
2024-12-31 18:00:00,12231.1875,13534.8203125,10901.2919921875
2024-12-31 19:00:00,13850.1748046875,15458.6904296875,12604.9306640625
2024-12-31 20:00:00,15559.8837890625,16614.947265625,13967.3564453125
2024-12-31 21:00:00,15980.498046875,17794.7265625,15263.9462890625
2024-12-31 22:00:00,16025.810546875,17921.52734375,15388.1865234375
2024-12-31 23:00:00,16051.4765625,18012.541015625,15388.1865234375
2025-01-01 00:00:00,17339.439453125,18383.669921875,16270.95068359375
