forecast_kst_dtm,kpx_group_1,kpx_group_2,kpx_group_3
2024-01-01 01:00:00,2910.8998506862354,2701.523941642393,2246.4566965364065
2024-01-01 02:00:00,2901.083697212766,2685.0085906284176,2182.8248321621395
2024-01-01 03:00:00,2455.0820587534577,2472.76791758404,2182.8248321621395
2024-01-01 04:00:00,2218.496163182994,2472.76791758404,2246.9916675933932
2024-01-01 05:00:00,2218.496163182994,2503.721775117754,2274.221956904784
2024-01-01 06:00:00,2588.161961650134,2572.708672351594,2413.3141014597486
2024-01-01 07:00:00,2907.785827950423,2712.5113433270044,2413.937234719961
2024-01-01 08:00:00,3329.0712870809875,2879.9337551430594,2758.1126915119435
2024-01-01 09:00:00,3503.5350200362154,2941.050765584325,2758.1126915119435
2024-01-01 10:00:00,3537.875020122637,3234.695604405781,2436.9130024829365
2024-01-01 11:00:00,3609.073128305137,3408.3937463252573,2436.9130024829365
2024-01-01 12:00:00,3609.073128305137,3671.0710732261564,2536.986862402235
2024-01-01 13:00:00,3999.3389084239557,3688.910570928946,2626.50540764364
2024-01-01 14:00:00,4340.234625294664,4094.474343176603,3080.6030392883827
2024-01-01 15:00:00,4524.01546017848,4694.236488079754,3080.6030392883827
2024-01-01 16:00:00,4663.682766488309,4728.71435394051,3080.6030392883827
2024-01-01 17:00:00,6651.486211729597,5931.844170354345,4439.7460943524475
2024-01-01 18:00:00,9883.22390951493,11581.239955570316,9998.513705211337
2024-01-01 19:00:00,15678.67950880997,16156.147688451325,15321.647005120114
2024-01-01 20:00:00,17614.09041214225,17720.572847840598,16891.87391106041
2024-01-01 21:00:00,17833.029919420624,18858.906298097834,18185.11202450738
2024-01-01 22:00:00,17833.029919420624,18858.906298097834,18185.11202450738
2024-01-01 23:00:00,17335.581891818176,18518.998869670388,17492.982019221945
2024-01-02 00:00:00,17203.817886582692,18164.99945741634,17325.32769354583
2024-01-02 01:00:00,19254.291435222272,19515.710711218373,18469.6448639832
2024-01-02 02:00:00,18803.147532260486,19246.282392493136,18415.364409844966
2024-01-02 03:00:00,18283.829339264725,19146.739183678168,17795.18464615239
2024-01-02 04:00:00,18212.299395889437,19146.739183678168,17718.02412027619
2024-01-02 05:00:00,18212.299395889437,19185.501114875748,17718.02412027619
2024-01-02 06:00:00,18335.658581907428,19185.501114875748,17435.879294551
2024-01-02 07:00:00,18335.658581907428,19003.416369462004,17435.879294551
2024-01-02 08:00:00,18204.2149920435,18395.75013617734,17265.36338659749
2024-01-02 09:00:00,17546.125542372418,17952.469489611307,16693.06835809419
2024-01-02 10:00:00,17443.129521029237,17952.469489611307,16637.777903780538
2024-01-02 11:00:00,17443.129521029237,18061.92067348572,16410.239394150216
2024-01-02 12:00:00,17682.51571231939,18090.19591691077,16236.37179566848
2024-01-02 13:00:00,17682.51571231939,18090.19591691077,16159.939141102135
2024-01-02 14:00:00,17449.120479512098,17850.942514044436,15859.581635518402
2024-01-02 15:00:00,17216.323239947167,17704.77878449449,15785.404110621428
2024-01-02 16:00:00,16408.849324798368,16949.950080417548,15184.531012719872
2024-01-02 17:00:00,15131.619016409928,15918.558016866311,14243.616880789277
2024-01-02 18:00:00,14418.405299039121,15228.271940011778,12379.508372442633
2024-01-02 19:00:00,12840.922809752392,14021.749590732337,10774.653334904424
2024-01-02 20:00:00,12467.425718373772,13161.043329936114,9987.658369605108
2024-01-02 21:00:00,12216.085763151565,11849.826678452073,8739.186827322668
2024-01-02 22:00:00,10416.170208754605,9751.177574710897,7566.3605810111185
2024-01-02 23:00:00,10133.477683715842,9251.84460667455,7472.155209076433
2024-01-03 00:00:00,9685.550929565452,9077.636565666648,7376.62122489704
2024-01-03 01:00:00,8088.227883764319,7808.111388328084,6331.994682882583
2024-01-03 02:00:00,8407.422233114488,7859.539656817804,6352.516968369539
2024-01-03 03:00:00,9885.063716872068,9506.558465849517,7298.504204061521
2024-01-03 04:00:00,9885.063716872068,9506.558465849517,7298.504204061521
2024-01-03 05:00:00,9476.426592176158,9045.732665872443,6973.604288881058
2024-01-03 06:00:00,7597.886254030384,7337.05299697718,5410.043226377893
2024-01-03 07:00:00,7597.886254030384,7337.05299697718,5410.043226377893
2024-01-03 08:00:00,8349.192587075417,7858.785938245162,6149.371869541196
2024-01-03 09:00:00,9129.809125877533,9160.891630130702,6853.663848579212
2024-01-03 10:00:00,9898.551712777222,12256.835780643032,8906.828359650943
2024-01-03 11:00:00,10787.059398379952,12636.271013259893,9500.769937027444
2024-01-03 12:00:00,10787.059398379952,13096.511215287679,10413.480234552379
2024-01-03 13:00:00,10498.497474728714,13096.511215287679,10413.480234552379
2024-01-03 14:00:00,10498.497474728714,13261.174608973559,10413.480234552379
2024-01-03 15:00:00,11331.044536744812,12386.752574611552,10719.095030269084
2024-01-03 16:00:00,11988.711168889433,12386.752574611552,11162.148600199007
2024-01-03 17:00:00,12300.361032053068,12386.752574611552,11162.148600199007
2024-01-03 18:00:00,12300.361032053068,13906.334193505658,11376.690542813949
2024-01-03 19:00:00,12234.414868334046,14107.068411522458,11448.08498676206
2024-01-03 20:00:00,12186.256738492848,13906.334193505658,11376.690542813949
2024-01-03 21:00:00,11189.417608672496,12242.876694954753,9709.373697979408
2024-01-03 22:00:00,9891.98700086935,11809.038584378755,9362.40539704102
2024-01-03 23:00:00,9891.98700086935,11809.038584378755,9362.40539704102
2024-01-04 00:00:00,10433.66037490811,12211.549876190446,9196.885887713826
2024-01-04 01:00:00,8847.451325296488,9254.963874521476,7147.851953914506
2024-01-04 02:00:00,9272.316994897585,9676.714610623374,7229.873204836974
2024-01-04 03:00:00,10140.264566679638,10141.872496992431,7324.535711857156
2024-01-04 04:00:00,10803.567088536623,11076.611790560117,7954.996878939955
2024-01-04 05:00:00,11755.716699246954,12386.366075511767,9014.819217629312
2024-01-04 06:00:00,13347.194637234501,14110.436250746434,10342.4370570368
2024-01-04 07:00:00,15554.080460516323,15535.363608446287,12506.99866747543
2024-01-04 08:00:00,15941.337087541193,15994.026635631928,12915.362707068096
2024-01-04 09:00:00,15941.337087541193,16109.232229173334,12915.362707068096
2024-01-04 10:00:00,15700.601388107045,16109.232229173334,12899.620293432901
2024-01-04 11:00:00,15124.869893717321,15812.248463809814,12620.747538552747
2024-01-04 12:00:00,12102.544174897926,14205.861759586007,11355.0153964716
2024-01-04 13:00:00,12102.544174897926,14205.861759586007,11355.0153964716
2024-01-04 14:00:00,12710.441884101994,14620.925386302875,12494.415993553543
2024-01-04 15:00:00,14694.989477104222,15115.550736215897,14090.477280236959
2024-01-04 16:00:00,14949.396450805623,15681.437085965348,14666.996580637317
2024-01-04 17:00:00,16713.931256786407,17575.264401287153,16519.569340963695
2024-01-04 18:00:00,17485.37256485004,18264.352655528644,17344.169252961514
2024-01-04 19:00:00,18616.39979895665,19340.49742674533,18123.861723433587
2024-01-04 20:00:00,19341.361637529426,19403.939454957697,18509.61852699322
2024-01-04 21:00:00,19597.136920956204,19403.939454957697,18509.61852699322
2024-01-04 22:00:00,19597.136920956204,19403.939454957697,18509.61852699322
2024-01-04 23:00:00,19677.75656465602,19481.93885439588,18507.238532943822
2024-01-05 00:00:00,19783.656907928096,19581.813162085557,18535.90619748331
2024-01-05 01:00:00,20532.162049796105,19477.823319138828,18487.826903577625
2024-01-05 02:00:00,20543.447109017703,19507.327722757058,18536.876996558673
2024-01-05 03:00:00,20580.867501605502,19636.547643484635,18699.50252078938
2024-01-05 04:00:00,20580.867501605502,19850.782947055664,18699.50252078938
2024-01-05 05:00:00,20393.637810263306,19850.782947055664,18517.42261555528
2024-01-05 06:00:00,20354.343466915027,19590.391503027546,18104.758227271122
2024-01-05 07:00:00,20329.946118396976,19522.53523055522,17823.730230660887
2024-01-05 08:00:00,20187.0475625364,19269.786143227746,17847.760767518113
2024-01-05 09:00:00,19944.708229387088,19228.003428658514,17847.760767518113
2024-01-05 10:00:00,19744.598411632716,19080.787871429486,17847.760767518113
2024-01-05 11:00:00,19145.714151745484,19070.779609719604,17657.403930120123
2024-01-05 12:00:00,19053.934649160794,18608.639096699477,17198.862402792893
2024-01-05 13:00:00,19052.745233047786,18590.263954040223,16813.082013650903
2024-01-05 14:00:00,17701.42090933522,17529.345224556502,16469.676890248542
2024-01-05 15:00:00,17444.000410811208,17292.708035221276,16118.783737070804
2024-01-05 16:00:00,16762.265916606713,16739.769694185256,16118.734485779603
2024-01-05 17:00:00,16575.312440598525,16632.319584814308,15676.788114353092
2024-01-05 18:00:00,15870.435282544931,16442.733806760272,15480.499203461333
2024-01-05 19:00:00,14900.687729734442,15526.418530164607,14380.098792208533
2024-01-05 20:00:00,14753.31276534163,15437.987526384415,14329.781002824375
2024-01-05 21:00:00,14045.346688078458,15526.418530164607,13858.187969646056
2024-01-05 22:00:00,13712.317326764256,15642.613336283734,13786.19929847402
2024-01-05 23:00:00,13647.75664709241,15642.613336283734,13786.19929847402
2024-01-06 00:00:00,13453.207921214202,15590.569170030572,13356.407507123207
2024-01-06 01:00:00,12947.747481540331,14547.390004505389,11742.21130759129
2024-01-06 02:00:00,12704.03938306657,14091.663299864254,11225.152235212076
2024-01-06 03:00:00,12051.628152512176,13671.021321604558,10496.117031938651
2024-01-06 04:00:00,11776.715834039233,13023.802066485867,9693.409069957564
2024-01-06 05:00:00,11610.944057484683,12690.054570993443,9267.925330903485
2024-01-06 06:00:00,11470.002272165346,12364.435387337722,9204.418526710651
2024-01-06 07:00:00,11395.622109578955,12111.850073768128,9204.418526710651
2024-01-06 08:00:00,11395.622109578955,11879.06109820155,9204.418526710651
2024-01-06 09:00:00,10318.014842677421,11066.091939718897,8709.350775668772
2024-01-06 10:00:00,8403.99016436862,8982.559466371848,7451.4055631491965
2024-01-06 11:00:00,7969.752952362524,7984.297391971578,6679.299000399993
2024-01-06 12:00:00,7833.553677538558,7702.897309456702,6508.235429383249
2024-01-06 13:00:00,7969.752952362524,7329.0776936811,6508.235429383249
2024-01-06 14:00:00,8066.533943480211,7329.0776936811,6318.446314427086
2024-01-06 15:00:00,8671.340451224594,7406.072150963786,6318.446314427086
2024-01-06 16:00:00,8671.340451224594,8169.59108772392,7364.850329918797
2024-01-06 17:00:00,8828.42398841014,8746.299199029247,7637.606246017103
2024-01-06 18:00:00,8828.42398841014,8834.808170463231,7672.678793001181
2024-01-06 19:00:00,9912.513381186664,8789.958272110185,7853.2879608388885
2024-01-06 20:00:00,9912.513381186664,8834.808170463231,8053.411723783155
2024-01-06 21:00:00,9912.513381186664,9043.684191330907,8088.609524474539
2024-01-06 22:00:00,9994.391674090513,9148.73371753243,8401.256053200017
2024-01-06 23:00:00,10055.4357673886,9737.701970059086,8611.129273113695
2024-01-07 00:00:00,10510.153567838643,10359.064304077436,8982.275838072359
2024-01-07 01:00:00,10669.620583970587,10277.888009440458,9349.152702299514
2024-01-07 02:00:00,11053.693371443851,10280.929463056957,9179.763078600356
2024-01-07 03:00:00,11279.350232805013,10400.987626105338,9179.763078600356
2024-01-07 04:00:00,11456.671913617572,11260.731993692569,9925.090728285042
2024-01-07 05:00:00,11664.504761280192,11375.236853342973,9949.497285844125
2024-01-07 06:00:00,11761.216692569527,11458.063023502262,10145.020484768635
2024-01-07 07:00:00,12746.227836031107,11931.743035779367,10663.10294417825
2024-01-07 08:00:00,12843.870455565375,12458.163694879757,11076.763719530936
2024-01-07 09:00:00,13931.522298530443,14119.990110035567,11896.968122594822
2024-01-07 10:00:00,13931.522298530443,15497.095957765452,13205.817030791008
2024-01-07 11:00:00,14120.152970345613,15549.664576614556,13205.817030791008
2024-01-07 12:00:00,14058.643950154044,15670.175408140965,13301.284972571122
2024-01-07 13:00:00,14058.643950154044,16167.306105313643,13301.284972571122
2024-01-07 14:00:00,14058.643950154044,16233.52431835191,13336.413324692334
2024-01-07 15:00:00,14453.54988514148,16233.52431835191,13336.413324692334
2024-01-07 16:00:00,14453.54988514148,15853.815045762723,13217.081727578374
2024-01-07 17:00:00,14330.817157292773,15767.70229391693,12887.450688227134
2024-01-07 18:00:00,14330.62279122867,15370.282875074201,12609.923236014747
2024-01-07 19:00:00,13529.329395238286,14264.36608272006,12431.901010528276
2024-01-07 20:00:00,11935.530050727513,13693.779291744682,11097.8489952946
2024-01-07 21:00:00,9682.935594292421,10888.358831019066,7723.223980057004
2024-01-07 22:00:00,9254.939279222843,10353.018522669729,7605.493155003322
2024-01-07 23:00:00,8464.542921807799,8228.930715840163,6273.258270520974
2024-01-08 00:00:00,8395.395791988445,8119.338223173871,6100.74310251611
2024-01-08 01:00:00,7064.670309754041,6898.0996036032375,4700.110738192948
2024-01-08 02:00:00,7210.5791356615355,7169.343924859361,4858.496851515667
2024-01-08 03:00:00,7556.551352288753,7174.462335218777,5052.471451624117
2024-01-08 04:00:00,7954.559269890522,7418.037203092467,5269.931293190743
2024-01-08 05:00:00,8190.9101852742415,7418.037203092467,5399.0773064849855
2024-01-08 06:00:00,8496.742604007584,9149.623413601601,6789.356095699361
2024-01-08 07:00:00,8981.9736314798,9523.809153134789,7040.80398382035
2024-01-08 08:00:00,9626.337249221891,9523.809153134789,7040.80398382035
2024-01-08 09:00:00,9626.337249221891,8887.969569364905,6838.801852956014
2024-01-08 10:00:00,9089.187751741914,8887.969569364905,6590.843186507821
2024-01-08 11:00:00,8065.3889720097595,9131.211996338821,6307.013885456071
2024-01-08 12:00:00,8065.3889720097595,9527.916561639417,6307.013885456071
2024-01-08 13:00:00,8299.491556031982,9781.520026048234,6712.618277146091
2024-01-08 14:00:00,8541.270963778896,10105.115750748073,6900.457215075536
2024-01-08 15:00:00,9152.453787550197,10130.105630818625,7606.195019979807
2024-01-08 16:00:00,9615.780251630971,11523.93511105533,8083.581093189406
2024-01-08 17:00:00,11253.732902731837,12871.631634966989,10049.54388889665
2024-01-08 18:00:00,16680.04990625771,17373.485920353036,15885.435225683177
2024-01-08 19:00:00,18428.85633210622,18343.16231821682,16806.675109807944
2024-01-08 20:00:00,19810.269758086273,18752.904617097338,18315.88425302723
2024-01-08 21:00:00,19810.269758086273,19049.434198444425,18315.88425302723
2024-01-08 22:00:00,19730.732082855557,19334.376002574874,17858.995950067685
2024-01-08 23:00:00,19610.837238061406,19338.358265768584,17709.603624113643
2024-01-09 00:00:00,19442.491432203,19353.879800307786,17755.92289908667
2024-01-09 01:00:00,19483.358749093823,18990.88522642244,17389.38281606754
2024-01-09 02:00:00,19357.30202796674,19131.29805599725,17437.84364935491
2024-01-09 03:00:00,19345.463667410735,19190.470851042544,17437.84364935491
2024-01-09 04:00:00,19255.831283776315,19190.470851042544,17347.80264028858
2024-01-09 05:00:00,19028.64585792908,19167.18030424193,16980.44199522329
2024-01-09 06:00:00,18152.63863605053,18761.25093513764,16737.330503071003
2024-01-09 07:00:00,17547.661235673924,18192.07552761856,16462.39126738735
2024-01-09 08:00:00,16445.901443464605,17416.74482530605,15717.101464301551
2024-01-09 09:00:00,16176.437023672004,17057.899732680064,14630.068076169555
2024-01-09 10:00:00,13731.052075514086,15931.914501391517,11788.036243367378
2024-01-09 11:00:00,10972.986476326996,12798.593930557327,9994.728791383486
2024-01-09 12:00:00,8958.46391971484,10413.758862569777,7402.367406983518
2024-01-09 13:00:00,8958.46391971484,10413.758862569777,7402.367406983518
2024-01-09 14:00:00,8958.46391971484,10413.758862569777,7523.479142030621
2024-01-09 15:00:00,8337.343816580129,10175.488098078782,7683.478168309938
2024-01-09 16:00:00,8337.343816580129,10175.488098078782,7683.478168309938
2024-01-09 17:00:00,8554.078619891496,11372.910414502823,8868.555644939439
2024-01-09 18:00:00,9203.753202499258,11479.302534398754,9163.82729252126
2024-01-09 19:00:00,9215.351908182853,11781.910295266833,9181.956178112037
2024-01-09 20:00:00,9203.753202499258,12013.964534665172,9163.82729252126
2024-01-09 21:00:00,9017.442188768584,12013.964534665172,8733.950324708952
2024-01-09 22:00:00,8516.13259584296,10780.76167610029,8547.887680566088
2024-01-09 23:00:00,7482.480323973818,9178.26835379878,7120.421175717015
2024-01-10 00:00:00,6785.9715520768,8287.632348862153,6344.635741530463
2024-01-10 01:00:00,4220.182567381178,4719.877944283516,4103.05614423794
2024-01-10 02:00:00,3841.2790567216957,3944.2319695212886,3896.4341129809522
2024-01-10 03:00:00,3841.2790567216957,3944.2319695212886,3835.8243765515917
2024-01-10 04:00:00,4060.1565591665894,4087.018068705893,3896.4341129809522
2024-01-10 05:00:00,4089.202275178788,4087.018068705893,3835.8243765515917
2024-01-10 06:00:00,4404.531915078277,3821.4416979464745,3397.9501217557845
2024-01-10 07:00:00,4176.369327862916,3821.4416979464745,3361.396116415398
2024-01-10 08:00:00,4176.369327862916,3792.7312687909157,3354.481550589825
2024-01-10 09:00:00,3842.5184175098557,3511.180219489571,3032.387853384843
2024-01-10 10:00:00,3070.734369713083,3320.489996285681,3032.387853384843
2024-01-10 11:00:00,3070.734369713083,3320.489996285681,3315.0326029733856
2024-01-10 12:00:00,3222.3103734565257,3320.489996285681,3315.0326029733856
2024-01-10 13:00:00,3222.3103734565257,3123.3499612127894,3130.759172297608
2024-01-10 14:00:00,2795.631442468277,2853.2801965473927,2858.5193522448703
2024-01-10 15:00:00,2567.0775536773876,2746.212234308684,2839.80392184897
2024-01-10 16:00:00,2567.0775536773876,2701.7189996823213,2767.6954626207184
2024-01-10 17:00:00,2863.3984154005207,2701.7189996823213,2767.6954626207184
2024-01-10 18:00:00,3488.0502495590276,3087.676808003499,2833.6329020488492
2024-01-10 19:00:00,4149.361890624938,4306.814418848003,3471.4310274652853
2024-01-10 20:00:00,5546.076012389285,5088.452056657348,4255.894341587845
2024-01-10 21:00:00,6641.545188505457,6283.3604184670085,5252.11683013124
2024-01-10 22:00:00,8060.272712172739,8543.761313315788,6180.754069502601
2024-01-10 23:00:00,10611.186924591068,11526.284212913346,9578.455116163308
2024-01-11 00:00:00,10658.76979817481,11620.837357392586,9717.559218495131
2024-01-11 01:00:00,15506.466006810284,17156.056552805632,14863.53006872875
2024-01-11 02:00:00,16624.383484254104,18271.07493872473,15737.086060526344
2024-01-11 03:00:00,18331.91130779944,19255.16024598358,17202.544781203957
2024-01-11 04:00:00,19106.500760972267,19711.065713040618,17605.998502153707
2024-01-11 05:00:00,19507.129492323125,20589.227849900984,18421.25556353123
2024-01-11 06:00:00,19536.667001911537,20589.227849900984,18421.25556353123
2024-01-11 07:00:00,19536.667001911537,20100.41689897584,18381.163234788688
2024-01-11 08:00:00,19605.20280990144,20029.99607787549,18342.95713405232
2024-01-11 09:00:00,19605.20280990144,19989.247228985078,18275.312997064728
2024-01-11 10:00:00,18890.34518482431,19989.247228985078,17898.886466539447
2024-01-11 11:00:00,18510.941204367253,19777.278393236702,17588.67817891423
2024-01-11 12:00:00,17893.29192296723,19036.39876769175,17194.325614870988
2024-01-11 13:00:00,17482.14023129624,18913.603901809078,16927.97178622797
2024-01-11 14:00:00,17482.14023129624,18757.36191506715,16813.821114120638
2024-01-11 15:00:00,17904.896724033337,18757.36191506715,16813.821114120638
2024-01-11 16:00:00,18079.708209695713,18772.483567603813,16953.58365841197
2024-01-11 17:00:00,19042.434951138654,18999.60010829009,17472.144138407468
2024-01-11 18:00:00,19066.31950980039,18999.60010829009,17472.144138407468
2024-01-11 19:00:00,19042.434951138654,18999.60010829009,17333.354173479725
2024-01-11 20:00:00,18851.791333168403,19011.7674041692,17153.921568339603
2024-01-11 21:00:00,18848.71105118509,19011.7674041692,17153.921568339603
2024-01-11 22:00:00,18406.668938743227,18883.38707198289,17231.488423962262
2024-01-11 23:00:00,18107.86768022647,18883.38707198289,17231.488423962262
2024-01-12 00:00:00,17655.101717254776,18897.96693671691,16868.71055940127
2024-01-12 01:00:00,17175.245064751536,18435.306271269677,17013.73490932816
2024-01-12 02:00:00,16974.362462639274,18441.213138991992,16786.494278970396
2024-01-12 03:00:00,16777.42376988494,18441.213138991992,16748.5119074498
2024-01-12 04:00:00,16714.856405430684,18963.774432589275,16699.06516695965
2024-01-12 05:00:00,16347.276764579728,18963.774432589275,16338.862838105333
2024-01-12 06:00:00,15981.371198657467,18472.402617044612,16331.188919165568
2024-01-12 07:00:00,15681.369889063135,18472.402617044612,15967.738166831768
2024-01-12 08:00:00,14868.832991408,18505.62082179501,15700.322514330648
2024-01-12 09:00:00,14659.737014273003,18505.62082179501,15175.639290137222
2024-01-12 10:00:00,12761.586553578065,15894.913465221081,12203.546381018825
2024-01-12 11:00:00,10878.207440766462,13236.558662170613,9909.936300113532
2024-01-12 12:00:00,8670.34156082638,10681.240449285873,7682.775457498219
2024-01-12 13:00:00,8616.81907882541,9549.780786309304,7501.978255159947
2024-01-12 14:00:00,8616.81907882541,9549.780786309304,7501.978255159947
2024-01-12 15:00:00,9100.67822511708,10192.290475262838,7966.005269658002
2024-01-12 16:00:00,10536.755743652504,12175.915627472796,9875.74895408213
2024-01-12 17:00:00,11905.908391466244,13242.986172721136,11139.14640442331
2024-01-12 18:00:00,13000.185226243211,14850.988239425002,13039.75833921944
2024-01-12 19:00:00,14487.53948221829,16490.67470300773,14802.312771140754
2024-01-12 20:00:00,15024.646191311545,17332.638400199812,15790.905247054843
2024-01-12 21:00:00,15024.646191311545,17332.638400199812,15790.905247054843
2024-01-12 22:00:00,14978.367434316699,17209.62004413987,15670.072023060104
2024-01-12 23:00:00,14593.523290408737,17101.416902514706,15164.166242399355
2024-01-13 00:00:00,13915.89323272307,16664.82953615045,14631.380817025989
2024-01-13 01:00:00,14316.479135100775,17543.85261494138,14908.783909292375
2024-01-13 02:00:00,14454.717185843008,17335.108807433728,14736.981993697444
2024-01-13 03:00:00,14471.413363815775,17335.108807433728,14736.981993697444
2024-01-13 04:00:00,14495.48273709662,17231.337662620168,14754.77976409191
2024-01-13 05:00:00,14471.413363815775,17231.337662620168,14754.77976409191
2024-01-13 06:00:00,14239.073352153102,15938.830545802328,13609.257504450492
2024-01-13 07:00:00,12784.264138041297,14413.915258444362,11504.64870004525
2024-01-13 08:00:00,9694.630938195078,11433.648884340446,7972.16712375333
2024-01-13 09:00:00,5507.26969311863,6018.505565931067,3329.0044307367198
2024-01-13 10:00:00,3916.0946768901313,3365.6246222963955,2252.2335119977615
2024-01-13 11:00:00,2958.9328861325125,2318.394754498119,1804.6729187231977
2024-01-13 12:00:00,2745.6937863337703,2223.3424635066103,1742.2648100383813
2024-01-13 13:00:00,2672.657548786198,2212.4737171965944,1742.2648100383813
2024-01-13 14:00:00,2609.5351082753464,2223.3424635066103,1747.9403020882787
2024-01-13 15:00:00,2609.5351082753464,2373.3656716527785,1795.8267440145567
2024-01-13 16:00:00,2756.9700658473585,2501.808701953938,2136.1063878256623
2024-01-13 17:00:00,3308.0308211289944,2681.658287393763,2160.952383353346
2024-01-13 18:00:00,3944.1371637855614,3272.8175602923866,2524.6546137225555
2024-01-13 19:00:00,4517.075968949821,3747.164363147401,2733.6550081859627
2024-01-13 20:00:00,6263.948774845523,5186.720913728006,3939.8896364485163
2024-01-13 21:00:00,6296.057508178735,6132.88636398588,4572.7744038422625
2024-01-13 22:00:00,10309.027683580585,10769.836687138273,8068.424658014995
2024-01-13 23:00:00,12968.902852291742,16305.565151347972,12626.6809800521
2024-01-14 00:00:00,13571.22008488476,16751.7919891086,13211.221570408732
2024-01-14 01:00:00,16858.195831854147,17798.26061500515,15711.123257860318
2024-01-14 02:00:00,18208.457296281915,18428.591509723472,16818.696959548764
2024-01-14 03:00:00,18498.030736744528,18832.26652821696,16959.299432176176
2024-01-14 04:00:00,18609.755146592768,18951.112742295045,17110.265247280473
2024-01-14 05:00:00,18609.755146592768,18951.112742295045,17110.265247280473
2024-01-14 06:00:00,18875.310367656475,18815.7535657817,17421.796885837884
2024-01-14 07:00:00,19524.278429405025,18815.7535657817,17421.796885837884
2024-01-14 08:00:00,19524.278429405025,19849.776332834233,17769.54900774774
2024-01-14 09:00:00,18827.318335144904,19849.776332834233,17769.54900774774
2024-01-14 10:00:00,17398.15359531964,19465.105000886648,17215.668936208385
2024-01-14 11:00:00,16791.31240990882,19276.386777764255,16875.006622743374
2024-01-14 12:00:00,16590.90945991726,19276.386777764255,16726.80214580484
2024-01-14 13:00:00,16356.970020685378,19370.398665598397,16653.093057495007
2024-01-14 14:00:00,16188.274566995382,19440.902327668653,16694.216664582316
2024-01-14 15:00:00,15633.941521430988,19440.902327668653,16606.37472951314
2024-01-14 16:00:00,15375.014499121786,19002.666517287485,16694.216664582316
2024-01-14 17:00:00,15097.104133612715,18567.403352097204,16368.007846601187
2024-01-14 18:00:00,14928.8340702099,17208.997143421395,15183.35765159798
2024-01-14 19:00:00,13087.336315771317,15430.364215368372,13252.52184396383
2024-01-14 20:00:00,11165.821762468917,13333.68500305753,10738.55551229883
2024-01-14 21:00:00,10049.209730277584,12712.049847999026,9284.510742487508
2024-01-14 22:00:00,7612.788667139541,10288.479596453199,6972.324828754975
2024-01-14 23:00:00,7111.156530158306,8420.833021126376,6422.560203076731
2024-01-15 00:00:00,6882.195353311144,8076.912054987446,6380.531568326862
2024-01-15 01:00:00,4401.0232957739645,4181.194105644775,3833.666987659496
2024-01-15 02:00:00,4538.006848605326,4593.771959902573,4128.13521359443
2024-01-15 03:00:00,4818.473720633463,4638.788292616892,4182.582152086561
2024-01-15 04:00:00,4876.962715862099,4812.553127717813,4319.702642788349
2024-01-15 05:00:00,5479.287331992748,5403.959898894249,4626.397313126167
2024-01-15 06:00:00,5795.285285944128,5708.244113235123,4654.5131830517885
2024-01-15 07:00:00,6269.925601920965,6671.438112974899,4971.982217417559
2024-01-15 08:00:00,6287.574125810893,6671.438112974899,4971.982217417559
2024-01-15 09:00:00,6269.925601920965,6401.265005868414,4623.791952082125
2024-01-15 10:00:00,5177.014805361216,6401.265005868414,4614.419093702428
2024-01-15 11:00:00,5177.014805361216,6416.363484647687,4614.419093702428
2024-01-15 12:00:00,5686.623581701324,6694.177166015882,5074.876836963081
2024-01-15 13:00:00,5859.365110256862,7056.223210897876,5272.070488097166
2024-01-15 14:00:00,6364.542475645941,7056.223210897876,5272.070488097166
2024-01-15 15:00:00,6364.542475645941,6772.546237684759,4661.82693076254
2024-01-15 16:00:00,6156.781308150399,6461.09787405365,4095.243093266283
2024-01-15 17:00:00,6103.332770542595,6461.09787405365,4041.692665169706
2024-01-15 18:00:00,6103.332770542595,6615.462703168027,4041.692665169706
2024-01-15 19:00:00,6626.150497436676,7515.651808962757,4688.588837824681
2024-01-15 20:00:00,6626.150497436676,7515.651808962757,4833.377512988048
2024-01-15 21:00:00,6888.497845960994,7569.265726293987,4921.172130779375
2024-01-15 22:00:00,6581.552655314741,7289.915328136977,4833.377512988048
2024-01-15 23:00:00,6378.502318004369,7002.343736598836,4603.656981105766
2024-01-16 00:00:00,5996.543177420865,6577.352233022282,4403.14182652313
2024-01-16 01:00:00,10832.38008461523,11771.265261071618,7911.0841866586825
2024-01-16 02:00:00,10824.968392541336,11761.127712119423,7862.371057072429
2024-01-16 03:00:00,6634.058654664754,7531.127627849846,4617.962697586684
2024-01-16 04:00:00,4835.221302998105,4271.314900913004,3010.5522718049124
2024-01-16 05:00:00,4026.3317530476684,3105.965642161738,2672.4978667512896
2024-01-16 06:00:00,4026.3317530476684,3105.965642161738,2617.754316540265
2024-01-16 07:00:00,3506.6975025202905,2579.962143149981,2450.8021127813568
2024-01-16 08:00:00,3413.4387179313135,2930.8177207857852,2578.8799986077274
2024-01-16 09:00:00,3413.4387179313135,2915.119537997257,2578.8799986077274
2024-01-16 10:00:00,3412.090306486773,2930.8177207857852,2688.9570626537366
2024-01-16 11:00:00,3439.3156419619327,3032.078174621153,2843.0622288497448
2024-01-16 12:00:00,3612.3025789902154,3088.4234413617514,3002.203049875744
2024-01-16 13:00:00,3994.3882630756198,3592.3692844867874,3331.5946623047466
2024-01-16 14:00:00,4117.182856543018,3592.3692844867874,3333.994627325592
2024-01-16 15:00:00,4143.711544471744,3630.487830445674,3626.6219484516632
2024-01-16 16:00:00,4634.69454617163,3630.487830445674,3626.6219484516632
2024-01-16 17:00:00,5755.958342543193,5038.783985268681,4842.5697305041795
2024-01-16 18:00:00,11660.597745729448,9185.788519566187,9223.891938081193
2024-01-16 19:00:00,14566.026915772221,13686.273301322339,12517.802338524245
2024-01-16 20:00:00,15413.626324213688,15701.443199964164,14164.63017812671
2024-01-16 21:00:00,16179.82260890833,16927.92642653404,15028.747462571535
2024-01-16 22:00:00,16767.234665955635,17073.87067115912,15171.735267837343
2024-01-16 23:00:00,17444.761493436577,17699.448019961397,16001.121272939321
2024-01-17 00:00:00,18372.406494560688,18248.350225071466,16492.760662515713
2024-01-17 01:00:00,20250.50480172743,20010.457872778505,18403.19964910624
2024-01-17 02:00:00,20209.22195399913,20121.202265660395,18397.34033443815
2024-01-17 03:00:00,20291.787649455735,20154.325981104572,18342.484288753018
2024-01-17 04:00:00,20429.37312439171,20587.684002519232,18232.506655902827
2024-01-17 05:00:00,20585.982252280482,20587.684002519232,18067.447408931577
2024-01-17 06:00:00,20585.982252280482,20399.219952384483,18057.47734129778
2024-01-17 07:00:00,20400.793173552247,20366.854112968354,17948.33552104797
2024-01-17 08:00:00,19446.48122964678,20032.521765335583,17322.354365711606
2024-01-17 09:00:00,18211.42090089141,18671.933420407364,17044.527522185228
2024-01-17 10:00:00,17823.140694889862,18671.933420407364,16735.16431197116
2024-01-17 11:00:00,17714.190183030994,19281.289042628076,16672.959759277637
2024-01-17 12:00:00,17714.190183030994,19302.11103773986,16735.16431197116
2024-01-17 13:00:00,17826.796877223318,19450.902343497,17042.342674937467
2024-01-17 14:00:00,17826.796877223318,19450.902343497,17042.342674937467
2024-01-17 15:00:00,17156.1024083979,18889.639238386044,16279.571692777632
2024-01-17 16:00:00,16428.084476598237,18121.119645104092,15991.138074036595
2024-01-17 17:00:00,16097.615528517097,17618.298101685818,15276.05394816613
2024-01-17 18:00:00,16097.615528517097,17618.298101685818,15276.05394816613
2024-01-17 19:00:00,16465.074768814462,17653.844340162603,16545.01957825473
2024-01-17 20:00:00,16465.074768814462,17653.844340162603,16545.01957825473
2024-01-17 21:00:00,15827.491454226376,17439.76633506176,15775.960999434557
2024-01-17 22:00:00,15661.317253920843,17439.76633506176,15775.960999434557
2024-01-17 23:00:00,15033.966126874046,17348.726720200597,15592.920519438665
2024-01-18 00:00:00,14884.318692508115,17300.478925247007,15319.717962233222
2024-01-18 01:00:00,11604.810807686343,14603.739285159947,11940.279423175185
2024-01-18 02:00:00,10760.174280854284,13706.951115449087,10999.153840698655
2024-01-18 03:00:00,10693.793614273038,13369.500215165317,10332.550759621638
2024-01-18 04:00:00,10068.460188605779,12240.151051394078,9550.247667134476
2024-01-18 05:00:00,8567.692850295825,10379.535042511447,8331.759689621906
2024-01-18 06:00:00,6688.928400130212,9151.632644950776,7186.75109655915
2024-01-18 07:00:00,5540.11148489523,6432.45713492896,5151.04301914175
2024-01-18 08:00:00,3756.6872491398512,3714.62263812023,3202.600892766973
2024-01-18 09:00:00,3176.8264761019723,3186.525282211292,2730.3899454500274
2024-01-18 10:00:00,2870.7663432033537,2734.69448980039,2488.267505264358
2024-01-18 11:00:00,2811.5218978424537,2602.0398368005162,2325.4504869830894
2024-01-18 12:00:00,2811.5218978424537,2602.0398368005162,2325.4504869830894
2024-01-18 13:00:00,3021.350057087393,2870.1100844274742,2484.1024540422195
2024-01-18 14:00:00,3060.272295948609,3205.2816770238906,2862.283500566783
2024-01-18 15:00:00,3978.6834237622425,4025.0763650757267,3274.640695690142
2024-01-18 16:00:00,4587.606894796397,5814.509587738931,3931.924765489668
2024-01-18 17:00:00,6162.454310501909,8237.131498420289,7005.049898193107
2024-01-18 18:00:00,7501.861316890834,9709.627149019207,8093.794107297044
2024-01-18 19:00:00,7920.29455211301,11202.43688295425,8934.148429173241
2024-01-18 20:00:00,7920.29455211301,11202.43688295425,8934.148429173241
2024-01-18 21:00:00,7078.186148169926,10059.18490551817,7775.56808040615
2024-01-18 22:00:00,5933.4471038838365,8647.315562277416,6822.874960322498
2024-01-18 23:00:00,5601.308527316798,8002.439350902894,6663.34613701731
2024-01-19 00:00:00,5366.426074214931,7972.495470223965,6263.046490369885
2024-01-19 01:00:00,6415.473702356796,9966.90384155633,7485.910859543406
2024-01-19 02:00:00,6102.607356990452,9542.347725321155,7148.4336156732825
2024-01-19 03:00:00,5105.5740980593055,7312.768119981131,5668.230449456179
2024-01-19 04:00:00,4507.811624529198,5912.654915817644,4674.516610539038
2024-01-19 05:00:00,4106.912859588596,5038.911349359838,4224.268298371074
2024-01-19 06:00:00,3995.77764960524,4946.562028772847,4215.668736714425
2024-01-19 07:00:00,3695.1742278078646,4639.000176382598,3963.87117278589
2024-01-19 08:00:00,3052.272121110529,3366.3292178302227,3388.452024447727
2024-01-19 09:00:00,2931.857042294215,3310.408718876273,3321.293495610982
2024-01-19 10:00:00,2698.5077158027657,3214.3833528668706,3188.9137415917385
2024-01-19 11:00:00,2670.9621214823164,2966.2448255367244,3123.7869942027282
2024-01-19 12:00:00,2548.5332388058114,2932.6826776321623,2937.7589583157887
2024-01-19 13:00:00,2548.5332388058114,2929.183487259,2937.7589583157887
2024-01-19 14:00:00,2629.954853748347,2929.183487259,2936.121433705962
2024-01-19 15:00:00,2891.882283276478,3099.771041654792,2939.8128950896994
2024-01-19 16:00:00,2942.520756044569,3329.3797958375617,3143.545470527601
2024-01-19 17:00:00,2981.752255405467,3472.7784454689345,3275.7726692626875
2024-01-19 18:00:00,3067.133277421643,3610.949496724986,3306.5522638356474
2024-01-19 19:00:00,3442.1732683829805,3741.8140969487895,3420.89217685771
2024-01-19 20:00:00,3707.6543785044278,4064.910614192037,3469.303887700241
2024-01-19 21:00:00,3728.530852965004,4194.632855545501,3523.754109718654
2024-01-19 22:00:00,4267.078934665097,5267.582735361793,4373.612530996258
2024-01-19 23:00:00,4763.732903852802,5426.749873183542,4747.732750181637
2024-01-20 00:00:00,5050.364835621036,5884.5772788324775,4907.463910761491
2024-01-20 01:00:00,7888.653986314281,10427.7194650694,8257.83656022523
2024-01-20 02:00:00,7903.82911296207,11296.690627821992,8831.07693558832
2024-01-20 03:00:00,8248.775110065893,11502.01787341043,8903.22419361793
2024-01-20 04:00:00,8607.405447547131,12408.09174224164,9624.55401406498
2024-01-20 05:00:00,8892.003555877669,12425.006585449013,9958.682920295167
2024-01-20 06:00:00,9295.005847183167,12652.913545081818,10005.299533576881
2024-01-20 07:00:00,9295.005847183167,12652.913545081818,10041.54667766012
2024-01-20 08:00:00,9295.005847183167,13204.535670587964,10041.54667766012
2024-01-20 09:00:00,9001.91071975918,12348.796666137063,10041.54667766012
2024-01-20 10:00:00,8970.65211716767,12532.753860859902,9914.445613318663
2024-01-20 11:00:00,8687.865246548065,12376.811848181775,9721.003929707565
2024-01-20 12:00:00,8687.865246548065,12376.811848181775,9562.829553327407
2024-01-20 13:00:00,8687.865246548065,12376.811848181775,9562.829553327407
2024-01-20 14:00:00,9044.094669870148,12094.064057677042,9859.267471018804
2024-01-20 15:00:00,9159.415035073715,12528.52818906348,10179.102643182494
2024-01-20 16:00:00,9786.292176069313,13230.914154883096,10680.744376716331
2024-01-20 17:00:00,9821.291242947613,13637.540047429144,10880.204108301448
2024-01-20 18:00:00,10812.419865547892,13974.156749358986,11960.906165093013
2024-01-20 19:00:00,11043.143995785405,14497.228224830764,12312.424255520005
2024-01-20 20:00:00,11043.143995785405,14497.228224830764,12312.424255520005
2024-01-20 21:00:00,10716.44704774283,14159.341841449495,12303.117425188506
2024-01-20 22:00:00,10381.834691439157,14159.341841449495,11401.371696903736
2024-01-20 23:00:00,10019.54259301088,14233.743860536259,11376.41330266321
2024-01-21 00:00:00,9909.687699952457,14270.225650536158,11385.052063228035
2024-01-21 01:00:00,11166.69124612339,13090.925831952138,11343.438180533634
2024-01-21 02:00:00,10980.549682148627,12727.623530083434,10969.568967595314
2024-01-21 03:00:00,9880.712256020639,11963.951381365649,10409.815088250503
2024-01-21 04:00:00,9537.82128490071,11051.988386409437,9311.88054754184
2024-01-21 05:00:00,9127.118251289015,10290.128706243328,8750.606392349966
2024-01-21 06:00:00,7698.050383223606,9363.389307420315,7532.787108002098
2024-01-21 07:00:00,6489.3449476769,8805.35947410404,7008.751561866835
2024-01-21 08:00:00,5684.38978534271,5875.630816753122,4688.088403915043
2024-01-21 09:00:00,5127.666105583963,5789.331312430446,4643.174749240314
2024-01-21 10:00:00,4008.944841501166,3725.3184210518766,2841.078485811787
2024-01-21 11:00:00,3399.705738869413,3449.775104906338,2751.4176680840574
2024-01-21 12:00:00,3243.697121332744,3360.460869997398,2712.109893259318
2024-01-21 13:00:00,3200.0995406390475,3355.6440020103014,2751.4176680840574
2024-01-21 14:00:00,3084.060084485181,3168.3734840057004,2712.109893259318
2024-01-21 15:00:00,2841.9215913657818,2873.7851709994698,2539.709249430053
2024-01-21 16:00:00,2518.7241700521863,2670.6137242000723,2439.0611298460876
2024-01-21 17:00:00,2518.7241700521863,2670.6137242000723,2376.2039909066793
2024-01-21 18:00:00,2668.453816500677,2648.9637012833637,2376.2039909066793
2024-01-21 19:00:00,2864.785291211304,2701.968958862611,2544.612418763242
2024-01-21 20:00:00,3320.8093064757836,3166.0256457398486,2560.520009766012
2024-01-21 21:00:00,3908.0041594564354,3967.232985944982,2995.0398262234326
2024-01-21 22:00:00,4898.325751886473,5440.083268834118,4222.029018740206
2024-01-21 23:00:00,5413.05426335064,7057.249275763097,4580.82068276223
2024-01-22 00:00:00,6109.849167135422,7763.2170899283565,5408.708912755719
2024-01-22 01:00:00,11388.54951923052,12928.944666063857,10948.319280890797
2024-01-22 02:00:00,12264.548171283264,13813.240627056386,11603.665451998098
2024-01-22 03:00:00,13489.201739438553,14591.722197802254,12626.8091371745
2024-01-22 04:00:00,14438.462035491044,17026.285371255177,15016.39706854047
2024-01-22 05:00:00,16605.77791394979,18257.385160733433,16472.71043671159
2024-01-22 06:00:00,17636.36109277414,18446.813676506154,16905.83092300449
2024-01-22 07:00:00,17636.36109277414,18446.813676506154,16905.83092300449
2024-01-22 08:00:00,17384.275418564153,18283.099846606587,16649.84043749991
2024-01-22 09:00:00,16888.403050553028,18053.698760307278,15699.892345859942
2024-01-22 10:00:00,15991.776136562117,17901.983957823413,15239.129673796571
2024-01-22 11:00:00,15620.38202026239,17732.550470594157,14890.937477841366
2024-01-22 12:00:00,15495.632420380567,17234.779733097475,14302.727148672348
2024-01-22 13:00:00,15113.811053248626,17221.959118253148,14111.563708925896
2024-01-22 14:00:00,15080.81702008305,16853.131860687638,14046.404411322077
2024-01-22 15:00:00,14816.79958911195,16853.131860687638,14111.563708925896
2024-01-22 16:00:00,14816.79958911195,17325.64391985663,14537.915737153215
2024-01-22 17:00:00,15124.954687497035,17787.50616678221,15294.86867309307
2024-01-22 18:00:00,15124.954687497035,18331.56179643467,15666.950100334663
2024-01-22 19:00:00,15000.39138870158,18331.56179643467,15983.570107181094
2024-01-22 20:00:00,15000.39138870158,18076.95074185782,16144.628526007862
2024-01-22 21:00:00,15148.25226985488,18076.95074185782,16144.628526007862
2024-01-22 22:00:00,15148.25226985488,18059.052741315772,16064.730687297846
2024-01-22 23:00:00,15064.805434531463,17774.45984564816,16029.946648441683
2024-01-23 00:00:00,14981.776003302366,17621.133734672097,15708.608226477387
2024-01-23 01:00:00,14946.8377025794,17334.758158065495,14601.766937603956
2024-01-23 02:00:00,15045.62068450104,17949.934928527175,14806.549129365321
2024-01-23 03:00:00,15379.443962711917,18250.358169165942,15107.182821389002
2024-01-23 04:00:00,16358.751804160536,18533.69771628475,15964.585047556984
2024-01-23 05:00:00,16888.623265127426,18896.63960776986,16405.97205853249
2024-01-23 06:00:00,16891.472043237514,19138.003661091032,16405.97205853249
2024-01-23 07:00:00,16970.54973464975,19138.003661091032,16542.36051324771
2024-01-23 08:00:00,16970.54973464975,18729.203194713926,16319.877633986427
2024-01-23 09:00:00,16529.828499124527,18729.203194713926,16319.877633986427
2024-01-23 10:00:00,16340.720657735426,18719.210439729948,16173.371770324204
2024-01-23 11:00:00,16291.567028948533,18670.788710685323,16125.95610761674
2024-01-23 12:00:00,16070.07142429263,17582.154365092567,14984.603872520971
2024-01-23 13:00:00,15866.519342129162,17339.003386503704,14287.53027755982
2024-01-23 14:00:00,15795.989978223344,17309.07702793534,14139.555049121735
2024-01-23 15:00:00,15866.519342129162,17224.389767710945,14287.53027755982
2024-01-23 16:00:00,16155.578299938945,17224.389767710945,15243.426063106268
2024-01-23 17:00:00,16239.540329492826,17676.764816017512,15294.832307568091
2024-01-23 18:00:00,16322.848344466945,17896.228435353212,15495.980036370485
2024-01-23 19:00:00,16708.84494472892,18468.12486216425,16270.652606736312
2024-01-23 20:00:00,16708.84494472892,18924.44915729767,16307.517936988545
2024-01-23 21:00:00,16472.99221398934,18996.422979714815,16307.517936988545
2024-01-23 22:00:00,16434.059798093305,19181.60770233653,15845.58054548487
2024-01-23 23:00:00,16162.440304669924,18996.422979714815,15745.914739621712
2024-01-24 00:00:00,16080.580097231166,19178.055658902373,15770.92969962973
2024-01-24 01:00:00,16621.2513289622,19033.61973307122,15679.753279284687
2024-01-24 02:00:00,16812.277661410266,19092.38189441853,15646.999737303555
2024-01-24 03:00:00,16951.10067964467,19124.39315623511,15712.506821265819
2024-01-24 04:00:00,17554.121513171587,20004.391510978418,15906.464126151153
2024-01-24 05:00:00,17554.121513171587,20056.111931586125,15906.464126151153
2024-01-24 06:00:00,17563.526898321048,20004.391510978418,15397.055505505763
2024-01-24 07:00:00,17158.395818447596,19950.469872321817,14809.81633301742
2024-01-24 08:00:00,17004.110504182005,19610.86693712071,14637.92315411999
2024-01-24 09:00:00,15368.604312702146,17723.275521785687,13957.225731474391
2024-01-24 10:00:00,12530.288419528468,15107.52990231454,11513.4154818055
2024-01-24 11:00:00,8109.582443468435,8877.338146999433,6642.345426056214
2024-01-24 12:00:00,7752.131742767061,8260.548874053771,6528.139763064029
2024-01-24 13:00:00,7272.472544214998,6283.313604297148,5685.4770738907455
2024-01-24 14:00:00,6336.354192741032,5831.80097054686,5142.177622729467
2024-01-24 15:00:00,6336.354192741032,5831.80097054686,5142.177622729467
2024-01-24 16:00:00,7098.173901745441,6129.482823342638,5300.4830441570575
2024-01-24 17:00:00,7348.750581788493,6879.050842579195,5300.4830441570575
2024-01-24 18:00:00,7614.157625869749,7109.777058395963,5378.439417657438
2024-01-24 19:00:00,7767.77977928936,7869.94377953833,5404.664683000812
2024-01-24 20:00:00,9119.418354618574,9612.446782116695,6984.987429495634
2024-01-24 21:00:00,9913.503910027499,9802.244865167744,7229.217302691931
2024-01-24 22:00:00,9913.503910027499,9802.244865167744,7229.217302691931
2024-01-24 23:00:00,9370.447510008362,8989.430758582364,6780.892195398135
2024-01-25 00:00:00,9232.503960821407,8742.959275160134,6662.897088444131
2024-01-25 01:00:00,10442.717569883014,10248.889223724687,7030.002767031504
2024-01-25 02:00:00,11171.509077524768,11181.207449352996,7639.642366235571
2024-01-25 03:00:00,11918.175713629278,11782.080489638955,8921.775326303872
2024-01-25 04:00:00,11918.175713629278,11782.080489638955,8921.775326303872
2024-01-25 05:00:00,11725.590436459986,10821.839499318883,8321.166564266065
2024-01-25 06:00:00,10894.652308295628,9561.750532772265,7423.566300092239
2024-01-25 07:00:00,10877.975358145975,9561.750532772265,7423.566300092239
2024-01-25 08:00:00,10219.281439066279,9488.41620157465,6920.500413964897
2024-01-25 09:00:00,10219.281439066279,8584.378996067226,6920.500413964897
2024-01-25 10:00:00,9391.024942719352,7484.33635317556,5638.181501747739
2024-01-25 11:00:00,7148.744771563659,6915.59718865164,5290.745974845183
2024-01-25 12:00:00,6377.7340631857005,5722.229844806833,4527.6591949555395
2024-01-25 13:00:00,5225.870573215191,4489.92052746801,3738.180711660288
2024-01-25 14:00:00,5225.870573215191,4489.92052746801,3738.180711660288
2024-01-25 15:00:00,6557.568709741172,5941.978865063767,4523.178906275358
2024-01-25 16:00:00,8817.6407570023,8563.299755030264,6497.707572189875
2024-01-25 17:00:00,9236.579238956294,10101.128815997192,7681.809820393952
2024-01-25 18:00:00,10255.514780192063,12144.606612437366,8837.992338370874
2024-01-25 19:00:00,13869.56281837869,14295.28530124664,10470.255193921144
2024-01-25 20:00:00,14832.905623511071,16240.670062792758,12023.087505676962
2024-01-25 21:00:00,15716.223599372513,17663.93842576461,12498.166410014119
2024-01-25 22:00:00,15716.223599372513,17663.93842576461,13592.869936115036
2024-01-25 23:00:00,15788.902128919435,17026.03039455442,13626.447083692878
2024-01-26 00:00:00,15698.379285378222,16963.789860708195,13715.354615223303
2024-01-26 01:00:00,14514.846299211915,15777.6349917802,12746.963919853772
2024-01-26 02:00:00,15239.304191699222,16667.934371475323,13241.863292929536
2024-01-26 03:00:00,16779.91270634981,17883.178035441648,14278.625656681597
2024-01-26 04:00:00,17509.46113517248,18614.369315953405,14735.733835983943
2024-01-26 05:00:00,17512.99859368915,18704.976777140917,15478.075863583546
2024-01-26 06:00:00,17512.99859368915,18614.369315953405,15478.075863583546
2024-01-26 07:00:00,17459.733839422297,18441.87217624701,14347.439337594104
2024-01-26 08:00:00,17298.52106582221,18312.30972073037,13890.017950995452
2024-01-26 09:00:00,15833.273248939906,17068.735686116466,12330.589474206372
2024-01-26 10:00:00,14384.235120447169,14951.02011857382,10118.175023029664
2024-01-26 11:00:00,10392.805461589869,12014.937613839065,8014.264879597928
2024-01-26 12:00:00,7191.811269059161,10256.231464924198,6302.471015014284
2024-01-26 13:00:00,7191.811269059161,8538.312512893683,6037.651426056235
2024-01-26 14:00:00,8020.9268962276055,8538.312512893683,6037.651426056235
2024-01-26 15:00:00,8094.036945170497,8891.990177773274,6311.279185284281
2024-01-26 16:00:00,8858.295813676046,9063.407853628072,6566.1417734201195
2024-01-26 17:00:00,9125.83608052489,9917.525295224903,6566.1417734201195
2024-01-26 18:00:00,10495.397721340822,11655.886068887086,8458.602909772751
2024-01-26 19:00:00,12569.634343330425,14780.022513999564,11334.29504724543
2024-01-26 20:00:00,15827.16421422383,17003.909585312467,13345.38900238503
2024-01-26 21:00:00,17096.98275998842,17438.813944860904,14345.499308803288
2024-01-26 22:00:00,17096.98275998842,17438.813944860904,14345.499308803288
2024-01-26 23:00:00,17333.677036181332,17438.813944860904,14345.499308803288
2024-01-27 00:00:00,17092.289952874125,17747.434341100387,14373.420122446656
2024-01-27 01:00:00,19068.87523875491,18598.49778502649,16972.32816828395
2024-01-27 02:00:00,18877.397423889015,18530.338192068768,16927.984866320385
2024-01-27 03:00:00,18599.568445069403,18260.478489030844,16195.358250954694
2024-01-27 04:00:00,18517.276863301056,18241.02598297259,15798.121585485127
2024-01-27 05:00:00,16749.284734735134,17531.5715423306,13181.321172966243
2024-01-27 06:00:00,15581.257968475762,17404.498653626575,12058.13880256724
2024-01-27 07:00:00,13889.542150199874,15684.751383516155,10779.636207499332
2024-01-27 08:00:00,13857.793260421935,14301.783874736424,10710.891556498664
2024-01-27 09:00:00,12092.627816883596,12992.653922996966,8930.373769737169
2024-01-27 10:00:00,9643.279489226468,10575.944093786158,6178.893974970697
2024-01-27 11:00:00,6746.353406422881,8637.772959204129,4942.823366118405
2024-01-27 12:00:00,6344.586292486684,6948.37433180366,4209.151368515135
2024-01-27 13:00:00,5316.078877085235,5533.984826322272,3194.3010207232737
2024-01-27 14:00:00,5289.820905825787,5124.03383694617,3117.9407339347704
2024-01-27 15:00:00,5193.801714607314,5097.455701035933,3117.9407339347704
2024-01-27 16:00:00,5193.801714607314,5097.455701035933,3117.9407339347704
2024-01-27 17:00:00,5847.975218348604,5343.879011752932,3748.6749553390387
2024-01-27 18:00:00,6448.501179677431,6244.72691318509,4164.843817717423
2024-01-27 19:00:00,6448.501179677431,6244.72691318509,4245.832889648342
2024-01-27 20:00:00,6867.236450957777,6944.450948721571,4883.494707577576
2024-01-27 21:00:00,7497.23315972131,6400.401136248929,4883.494707577576
2024-01-27 22:00:00,7497.23315972131,6400.401136248929,4883.494707577576
2024-01-27 23:00:00,6593.372469707749,5734.901219921368,4614.812954605303
2024-01-28 00:00:00,6468.841721895504,5629.695280687848,4482.89650741496
2024-01-28 01:00:00,6045.1048383426105,5178.235766784554,3665.843398943008
2024-01-28 02:00:00,5760.913874710852,5059.9906956371715,3659.077661004685
2024-01-28 03:00:00,5738.717359158809,4843.520590773908,3659.077661004685
2024-01-28 04:00:00,5738.717359158809,4843.520590773908,3829.3031724669736
2024-01-28 05:00:00,6421.086445086826,5302.682201598982,4078.2471233869815
2024-01-28 06:00:00,6500.096543748647,5933.820979600998,4766.938371353742
2024-01-28 07:00:00,7739.021073840284,7418.694601358953,5789.691395762928
2024-01-28 08:00:00,9223.888136912898,7418.694601358953,5973.45197001397
2024-01-28 09:00:00,9223.888136912898,7328.665202686461,5973.45197001397
2024-01-28 10:00:00,6793.726812067971,5786.264851600128,4538.586734384991
2024-01-28 11:00:00,5234.759164611229,4867.454983535931,3937.3005216703423
2024-01-28 12:00:00,4792.375038869922,4367.553786338402,3479.962867747542
2024-01-28 13:00:00,4443.174262406962,3895.4507098556737,3182.2087263146373
2024-01-28 14:00:00,4001.159613883613,3300.1718095598626,3001.6659474756893
2024-01-28 15:00:00,3977.8993977328055,3300.1718095598626,3001.6659474756893
2024-01-28 16:00:00,3977.8993977328055,3435.8373695906403,3039.9668231349197
2024-01-28 17:00:00,4861.504626939769,3810.065719970121,3255.04706551065
2024-01-28 18:00:00,5007.330608215658,4079.871896536937,3287.290595751482
2024-01-28 19:00:00,7114.478103125783,4977.936502010949,4619.119198601702
2024-01-28 20:00:00,7700.2223889619145,6395.845901854163,5449.9854086069145
2024-01-28 21:00:00,7700.2223889619145,6395.845901854163,5449.9854086069145
2024-01-28 22:00:00,7392.642862207327,6307.133889474348,5336.7217178325545
2024-01-28 23:00:00,7392.642862207327,6307.133889474348,5336.7217178325545
2024-01-29 00:00:00,7742.883529030241,6150.317933799671,5656.6959597667355
2024-01-29 01:00:00,8889.800633817616,7952.330210812319,6905.143570659144
2024-01-29 02:00:00,9007.468286604591,8199.569508017317,7019.5360678813795
2024-01-29 03:00:00,11630.07587725126,9239.048543178751,8312.498751974596
2024-01-29 04:00:00,12147.73402825417,9809.728953039381,8423.929401291056
2024-01-29 05:00:00,12651.166398371779,11767.014613843503,9772.933008113792
2024-01-29 06:00:00,14596.765596207732,13181.797296611763,10917.573737073404
2024-01-29 07:00:00,14596.765596207732,13181.797296611763,10917.573737073404
2024-01-29 08:00:00,14012.56383256723,12567.543715364996,10587.014787207849
2024-01-29 09:00:00,12952.41377524022,11020.500463119835,9006.736509580409
2024-01-29 10:00:00,11108.542003788412,9347.823914320024,7625.687894308154
2024-01-29 11:00:00,9377.929152099816,7418.9297712156185,6138.224107358015
2024-01-29 12:00:00,7700.686747355695,6130.085999708344,4673.083519506952
2024-01-29 13:00:00,6552.741044419034,5541.823657984004,4163.828468057707
2024-01-29 14:00:00,5956.854214351863,5114.193596503771,3737.637970660767
2024-01-29 15:00:00,5326.000353528752,4386.43995906316,3378.2504015308136
2024-01-29 16:00:00,4445.769196572677,4123.295251666682,3168.7350735309874
2024-01-29 17:00:00,4445.769196572677,4370.4046145435095,3072.2850861881466
2024-01-29 18:00:00,4818.320802208293,4370.4046145435095,3072.2850861881466
2024-01-29 19:00:00,6544.383740880485,5801.699253317942,3862.984528130842
2024-01-29 20:00:00,6958.645312312243,5802.159070126157,4212.2400751240075
2024-01-29 21:00:00,7253.829403191261,6091.672051984552,4633.057005247894
2024-01-29 22:00:00,7533.675268156594,6091.672051984552,5104.205503705207
2024-01-29 23:00:00,7533.675268156594,6255.011232894426,5424.11213743972
2024-01-30 00:00:00,7411.1311916817185,6075.169996398036,5264.158820572464
2024-01-30 01:00:00,5610.198813139583,3812.3831187638343,3600.73327619888
2024-01-30 02:00:00,5603.274870798361,3894.7657761423493,3572.244031908466
2024-01-30 03:00:00,5303.049689580987,3894.7657761423493,3468.8833712593755
2024-01-30 04:00:00,5056.8911314368725,3707.971861507011,3249.3978255386673
2024-01-30 05:00:00,5052.798521351584,3707.971861507011,3249.3978255386673
2024-01-30 06:00:00,4922.073378933251,3707.971861507011,3249.3978255386673
2024-01-30 07:00:00,4501.117697294209,3705.2048514537005,3196.3576399234184
2024-01-30 08:00:00,4501.117697294209,3696.11851327271,3196.3576399234184
2024-01-30 09:00:00,4489.302430667254,3472.2445967644135,3196.3576399234184
2024-01-30 10:00:00,4000.289626799361,3227.941534950749,2891.409995639234
2024-01-30 11:00:00,3851.345163429389,3201.7576751134334,2711.8140995921917
2024-01-30 12:00:00,3591.741988403724,3168.3621507255602,2711.8140995921917
2024-01-30 13:00:00,3530.633010424878,3168.3621507255602,2715.90699736014
2024-01-30 14:00:00,3530.633010424878,3168.3621507255602,2763.9050298543116
2024-01-30 15:00:00,3568.530418349886,3258.411357889683,2763.9050298543116
2024-01-30 16:00:00,3691.5355728871887,3306.362938842278,2763.9050298543116
2024-01-30 17:00:00,3946.98837854827,3526.832225259278,2820.462242468405
2024-01-30 18:00:00,4854.97366572882,3743.0958663857978,2923.3480352365923
2024-01-30 19:00:00,5535.641290541115,4796.848109072691,3574.6565142885834
2024-01-30 20:00:00,5664.699956497438,5516.440462082087,3692.348356371253
2024-01-30 21:00:00,5683.9715865703765,6112.0645496907955,4167.631771601803
2024-01-30 22:00:00,7885.639356437028,8058.789646046035,5475.136345774986
2024-01-30 23:00:00,9841.007746712901,10004.011905894939,7123.3208096996095
2024-01-31 00:00:00,10987.779564202714,11660.17879249369,8375.931067900976
2024-01-31 01:00:00,13894.925540134635,15034.338275536393,11803.635583170468
2024-01-31 02:00:00,13789.169729803602,15372.33415957909,12031.510157335459
2024-01-31 03:00:00,13789.169729803602,15372.33415957909,12304.282026951396
2024-01-31 04:00:00,13789.169729803602,14915.169423837477,12304.282026951396
2024-01-31 05:00:00,13779.461897972844,14555.391248173804,11591.897758187159
2024-01-31 06:00:00,13100.665873210908,14104.454785692651,10549.358361295954
2024-01-31 07:00:00,12970.10006612083,13531.576215594145,10342.376018336214
2024-01-31 08:00:00,11737.52629500343,11963.653573946494,9041.301339372889
2024-01-31 09:00:00,8866.254914066765,10448.003760731113,7066.097092852086
2024-01-31 10:00:00,7421.058745046132,8497.36377246234,5393.20395376734
2024-01-31 11:00:00,7162.825166023885,8074.085267620244,5159.380963581218
2024-01-31 12:00:00,7127.221002943782,8074.085267620244,4962.999406069249
2024-01-31 13:00:00,7127.221002943782,7796.253240975404,4962.999406069249
2024-01-31 14:00:00,7870.53798875326,7796.253240975404,5553.381310236407
2024-01-31 15:00:00,7870.53798875326,7796.253240975404,5758.9183603081165
2024-01-31 16:00:00,7776.564132136377,7400.946858650937,5758.9183603081165
2024-01-31 17:00:00,7776.564132136377,7400.946858650937,5592.411647274669
2024-01-31 18:00:00,8458.546650026808,8063.497429837487,5592.411647274669
2024-01-31 19:00:00,9350.339323546763,9650.164423104896,6405.959741694749
2024-01-31 20:00:00,10494.196921319597,11426.071273428784,8021.274063765933
2024-01-31 21:00:00,11687.029855307863,13422.72084322223,9424.054440131147
2024-01-31 22:00:00,12949.937005609409,15061.34394830489,11609.9008935853
2024-01-31 23:00:00,14701.674627861943,16087.223788164014,12243.016009582525
2024-02-01 00:00:00,14765.522004727078,16156.728733370492,12356.827147821998
2024-02-01 01:00:00,14901.171769970873,15261.043063982997,11829.618720544564
2024-02-01 02:00:00,13450.334182235074,14458.847477135449,10291.74854306503
2024-02-01 03:00:00,10778.073602912304,11474.72973063875,7365.2261052547665
2024-02-01 04:00:00,8929.066359644747,9863.27350572942,6077.859317258897
2024-02-01 05:00:00,4856.805360883447,4981.390343181751,3204.2089256355102
2024-02-01 06:00:00,3723.690302396898,3659.544969099352,2657.172223877071
2024-02-01 07:00:00,3222.7042649618693,3256.1599272787957,2593.2615592438706
2024-02-01 08:00:00,2711.9609453894964,2504.9877211991698,1843.1542844211108
2024-02-01 09:00:00,2541.991077067507,2504.9877211991698,1804.6794296368366
2024-02-01 10:00:00,2474.1786603531627,2523.934223958083,1843.1542844211108
2024-02-01 11:00:00,2474.1786603531627,2528.05309809213,1983.2165201429132
2024-02-01 12:00:00,2597.0763208503004,2533.8946374078378,2000.8603527283144
2024-02-01 13:00:00,2725.577962826842,2805.7919473026514,2321.4589662440276
2024-02-01 14:00:00,2841.6827769255638,2820.825630910276,2569.016193118771
2024-02-01 15:00:00,3285.286624555866,2910.6473517254176,2711.997284015971
2024-02-01 16:00:00,3532.6563680246013,3571.1464211083635,3436.4150508103507
2024-02-01 17:00:00,3532.6563680246013,3571.1464211083635,3436.4150508103507
2024-02-01 18:00:00,2626.3848122799454,2826.929589873967,2668.9820417862566
2024-02-01 19:00:00,2626.3848122799454,2826.929589873967,2668.9820417862566
2024-02-01 20:00:00,2729.814988211439,2866.7841782564055,2584.075065322151
2024-02-01 21:00:00,2910.4799125699146,2944.320732499827,2869.947172622016
2024-02-01 22:00:00,2910.4799125699146,2866.7841782564055,2861.48599943528
2024-02-01 23:00:00,3012.705253788814,2812.080214697682,2861.48599943528
2024-02-02 00:00:00,3075.6392871288026,2785.5827991600436,2732.6200717246957
2024-02-02 01:00:00,3310.213169097534,2870.7430684076,2457.192079635791
2024-02-02 02:00:00,3232.443364262058,2898.045862735861,2396.558385582294
2024-02-02 03:00:00,3129.028712554807,2924.114922744301,2517.8257736892874
2024-02-02 04:00:00,3129.028712554807,2930.138255828807,2528.010165401712
2024-02-02 05:00:00,3446.9197020670194,3101.481213366916,2759.36141000857
2024-02-02 06:00:00,3701.4807744760474,3530.916378292747,2963.8021173404013
2024-02-02 07:00:00,4216.066245382316,3697.274397740884,3119.705658446551
2024-02-02 08:00:00,4311.017806524441,3921.5157135062123,3280.2423708837277
2024-02-02 09:00:00,4311.017806524441,4065.512933296618,3280.2423708837277
2024-02-02 10:00:00,3947.3085968399764,4065.512933296618,3047.0493547773035
2024-02-02 11:00:00,3904.5343121938977,3740.7238361719405,2968.9695395540493
2024-02-02 12:00:00,3334.2285856063013,3365.8707556644085,2623.4211556583873
2024-02-02 13:00:00,3165.7455469252372,3365.030279983997,2527.0543011549257
2024-02-02 14:00:00,2774.6856282438393,3365.030279983997,2388.7682811046716
2024-02-02 15:00:00,2774.6856282438393,3316.989336824653,2355.7510516373195
2024-02-02 16:00:00,2935.71480671308,2938.9038503804304,2355.7510516373195
2024-02-02 17:00:00,3144.275886567706,2922.247759553416,2561.8108580759895
2024-02-02 18:00:00,3208.5322989755978,2895.636360616682,2561.8108580759895
2024-02-02 19:00:00,3276.590889907763,2895.636360616682,2447.38919521795
2024-02-02 20:00:00,3276.590889907763,2797.4945946921753,2447.38919521795
2024-02-02 21:00:00,3276.590889907763,2913.1799619391654,2488.5956507311707
2024-02-02 22:00:00,3435.925745637367,3123.215655960192,2613.4489943905455
2024-02-02 23:00:00,3435.925745637367,3123.215655960192,2696.486563524422
2024-02-03 00:00:00,3368.5887713708353,3028.497171109102,2764.1592408069655
2024-02-03 01:00:00,3355.487527751715,2797.5491738399023,2514.024599320336
2024-02-03 02:00:00,3311.3835396461172,2771.8002633513647,2534.3143612631993
2024-02-03 03:00:00,3301.8470201019577,2771.8002633513647,2598.8854329933934
2024-02-03 04:00:00,3163.5890508358566,2945.586305834348,2598.8854329933934
2024-02-03 05:00:00,3301.8470201019577,2980.493760150076,2704.9634091061976
2024-02-03 06:00:00,3376.7552619623334,3121.694715231209,2732.008366646232
2024-02-03 07:00:00,3479.9959484285973,3121.694715231209,2758.056417478239
2024-02-03 08:00:00,3479.9959484285973,2991.2385115170264,2758.056417478239
2024-02-03 09:00:00,3009.7857725892927,2950.353352890505,2517.1883067820663
2024-02-03 10:00:00,3009.7857725892927,2950.353352890505,2430.118941139969
2024-02-03 11:00:00,3009.7857725892927,2950.353352890505,2387.383225890042
2024-02-03 12:00:00,2901.273728366157,2978.047956800476,2097.026815709383
2024-02-03 13:00:00,2897.2784772448945,2866.211926813386,1961.110076560592
2024-02-03 14:00:00,2875.6456551561037,2825.4995869380027,2040.6603937339635
2024-02-03 15:00:00,2770.3154550154777,2744.1255684382986,2040.6603937339635
2024-02-03 16:00:00,2677.628324269739,2635.6973662492746,2266.2330765026845
2024-02-03 17:00:00,2677.628324269739,2635.6973662492746,2277.6387731495706
2024-02-03 18:00:00,2874.8541396460223,2648.543269981751,2371.7490922581796
2024-02-03 19:00:00,2993.203256418788,2812.5391883600682,2425.9030522211788
2024-02-03 20:00:00,3020.5929515288794,2845.726463101876,2425.9030522211788
2024-02-03 21:00:00,3397.40922617187,3011.0025774999413,2425.9030522211788
2024-02-03 22:00:00,3830.2388631343506,3386.42829290906,2437.417333619411
2024-02-03 23:00:00,3871.8108402192875,3386.42829290906,2677.6769975806606
2024-02-04 00:00:00,3914.1361892664745,3400.462526679984,2706.7041397114817
2024-02-04 01:00:00,3191.3699802541346,2991.8940342312326,2514.902699553055
2024-02-04 02:00:00,3335.7715653026326,3388.280769491662,2476.6523539152986
2024-02-04 03:00:00,3545.1309672726966,3423.590979288686,2681.552883618636
2024-02-04 04:00:00,3689.5105280571543,3766.9616339501977,2928.482941599087
2024-02-04 05:00:00,3689.5105280571543,3766.9616339501977,2928.482941599087
2024-02-04 06:00:00,3465.4476086369928,3045.0480879993333,2856.627987321534
2024-02-04 07:00:00,3432.9779756073453,3045.0480879993333,2832.9863165719785
2024-02-04 08:00:00,3432.9779756073453,3045.0480879993333,2732.023100946474
2024-02-04 09:00:00,3012.924549338433,2914.8700203529743,2513.3337729010373
2024-02-04 10:00:00,2947.491935796563,2828.953143658754,2510.297063968487
2024-02-04 11:00:00,2635.1452679130603,2773.80002446858,2216.9059116753283
2024-02-04 12:00:00,2559.340292220374,2711.464757090681,2216.9059116753283
2024-02-04 13:00:00,2634.9703033953156,2711.464757090681,2223.1986315406766
2024-02-04 14:00:00,2634.9703033953156,2702.5476635779405,2274.486764621248
2024-02-04 15:00:00,2711.5093968553842,2691.0726138909654,2336.8260392041407
2024-02-04 16:00:00,2711.5093968553842,2505.0319686420735,2356.21243706652
2024-02-04 17:00:00,2619.8781097178216,2463.872800706328,2413.563434931446
2024-02-04 18:00:00,2602.1495244043203,2505.0319686420735,2459.4104780711195
2024-02-04 19:00:00,2610.482588995199,2551.6351059024937,2520.1271895386076
2024-02-04 20:00:00,2610.482588995199,2742.856683435384,2536.1033725789184
2024-02-04 21:00:00,2794.0782437248477,2883.4628257972886,2624.484291405996
2024-02-04 22:00:00,2794.0782437248477,2883.4628257972886,2624.484291405996
2024-02-04 23:00:00,2751.62365029594,2806.436935255384,2497.9933963465223
2024-02-05 00:00:00,2702.956361707429,2736.607573849915,2413.1674011407076
2024-02-05 01:00:00,6454.7895353522545,7947.895265450095,5982.166929968041
2024-02-05 02:00:00,7998.196760298184,9685.379529965092,7621.243960694837
2024-02-05 03:00:00,10339.321052549783,11077.943991186574,9607.537785500277
2024-02-05 04:00:00,10658.26197607455,12418.579496933144,10705.603805787414
2024-02-05 05:00:00,13066.847686319023,15084.463627337225,13930.903381231783
2024-02-05 06:00:00,16160.60135313003,17155.242673342826,16396.46395901768
2024-02-05 07:00:00,16784.25210635444,17567.595511903968,16396.46395901768
2024-02-05 08:00:00,16784.25210635444,17567.595511903968,16323.722487520141
2024-02-05 09:00:00,16378.279604594305,17111.418601518308,16297.709220648012
2024-02-05 10:00:00,15276.909895082445,16310.45316006625,15550.891847643012
2024-02-05 11:00:00,14245.851443811316,15440.201261409835,15257.375623441816
2024-02-05 12:00:00,12967.064792228311,15117.804772339878,13767.152021099115
2024-02-05 13:00:00,12222.526248087583,14502.385112787819,12941.743379920077
2024-02-05 14:00:00,11842.484061953455,13960.586824878486,12185.03662737249
2024-02-05 15:00:00,10835.00637152419,13006.622464142483,11229.018551834899
2024-02-05 16:00:00,9436.10941079176,11721.808629960029,9755.40423255631
2024-02-05 17:00:00,8521.814296861328,9959.373110464508,9152.670940685934
2024-02-05 18:00:00,6270.991393181576,6827.499173473913,6164.162955613489
2024-02-05 19:00:00,4963.949187751677,4892.970292310312,4588.75326796585
2024-02-05 20:00:00,3044.358968890331,3551.5387068902974,2718.8775493478342
2024-02-05 21:00:00,3035.943731438879,3197.212867006961,2395.7363948612297
2024-02-05 22:00:00,2953.004504444796,3121.915022629108,2395.7363948612297
2024-02-05 23:00:00,3035.943731438879,2879.884322192481,2438.3641907618508
2024-02-06 00:00:00,3016.5454483532467,2848.1206446592287,2564.3317719030574
2024-02-06 01:00:00,3015.0132147513323,2984.920081662249,2690.905572488754
2024-02-06 02:00:00,3039.3987321452505,2966.3362116600138,2796.2847041066284
2024-02-06 03:00:00,3244.580840336113,3003.503951664484,2805.530554228244
2024-02-06 04:00:00,3397.939529214554,3065.811920448035,2805.530554228244
2024-02-06 05:00:00,3397.939529214554,3065.811920448035,2876.1040868519603
2024-02-06 06:00:00,3419.8373464940005,3071.1402966214455,2876.1040868519603
2024-02-06 07:00:00,3361.1380413376305,3087.6680124925892,3175.271012299055
2024-02-06 08:00:00,3419.8373464940005,3125.3295666963154,3236.893398991244
2024-02-06 09:00:00,3605.1055166072933,3674.8907578842163,3222.103908258282
2024-02-06 10:00:00,3605.1055166072933,3674.8907578842163,3222.103908258282
2024-02-06 11:00:00,3362.076790264172,3674.8907578842163,3117.214436654647
2024-02-06 12:00:00,3362.076790264172,3813.879640014636,3117.214436654647
2024-02-06 13:00:00,3807.1419735957293,3905.9708060824305,3255.66706241086
2024-02-06 14:00:00,3997.7102722783347,3922.4539716884838,3255.66706241086
2024-02-06 15:00:00,4193.257394221556,4309.6113560144195,3278.3919893381485
2024-02-06 16:00:00,4197.376970061501,4346.259225764776,3305.149545976698
2024-02-06 17:00:00,4434.526140865852,4346.259225764776,3657.104818632415
2024-02-06 18:00:00,4662.6891882802065,4353.273273664071,3679.3997306751335
2024-02-06 19:00:00,4698.789604630258,4353.273273664071,3871.8314742095595
2024-02-06 20:00:00,5318.697395924469,4736.505810821434,4562.969259433216
2024-02-06 21:00:00,6062.493458307426,5513.4303497359015,5103.995356376289
2024-02-06 22:00:00,6201.317442280847,6204.16370373085,5424.4883037548825
2024-02-06 23:00:00,6563.742981810594,6204.16370373085,5610.965986675679
2024-02-07 00:00:00,6572.0205841943125,6387.249450758469,5647.781633546045
2024-02-07 01:00:00,5610.514969492582,5601.964807588336,4628.340988393858
2024-02-07 02:00:00,5532.962069678106,5333.26104042525,4607.186979935554
2024-02-07 03:00:00,4726.124839157205,4757.558887662775,4360.14930850449
2024-02-07 04:00:00,4675.327942314751,4482.752466926659,4319.720371900121
2024-02-07 05:00:00,4351.818073051845,4482.752466926659,4319.720371900121
2024-02-07 06:00:00,4351.818073051845,4482.752466926659,4319.720371900121
2024-02-07 07:00:00,4415.029220015289,4451.94127392032,4305.361180744554
2024-02-07 08:00:00,4415.029220015289,4451.94127392032,4163.524558336454
2024-02-07 09:00:00,4070.494378575301,4334.314363941025,3715.032428064276
2024-02-07 10:00:00,2836.4547559198736,2982.4035870949674,2480.0389885857257
2024-02-07 11:00:00,2777.827435164033,2764.6308406563257,2420.7690410098157
2024-02-07 12:00:00,2653.2911297557885,2636.3952751128313,2400.404859213745
2024-02-07 13:00:00,2653.2911297557885,2599.976867306747,2400.404859213745
2024-02-07 14:00:00,2924.7009827765737,2599.976867306747,2515.0173413175207
2024-02-07 15:00:00,2924.7009827765737,2793.8033400831105,2642.887741770133
2024-02-07 16:00:00,2976.3744054655785,2893.997189187786,2667.7666283633544
2024-02-07 17:00:00,3487.6289959543983,3182.4013117878717,3023.766796977632
2024-02-07 18:00:00,3920.045351415487,3216.12016242187,3314.174977109913
2024-02-07 19:00:00,3933.5819086227734,3533.646462287464,3338.6942366491885
2024-02-07 20:00:00,4373.795649972019,3913.023573471314,3608.0145708506507
2024-02-07 21:00:00,4942.849171204839,4660.389724551627,4251.195121155101
2024-02-07 22:00:00,6644.885772735807,6086.981515882007,6021.325474793806
2024-02-07 23:00:00,6644.885772735807,6086.981515882007,6021.325474793806
2024-02-08 00:00:00,6485.200187346609,6022.420216027373,5620.288229617179
2024-02-08 01:00:00,6179.462172492468,5643.132171332432,4843.135724530991
2024-02-08 02:00:00,6651.5427771035975,6040.937400195076,5104.8061102357715
2024-02-08 03:00:00,7019.08047317598,7140.722993072814,5758.130585113539
2024-02-08 04:00:00,8984.038833114904,8648.297116734197,6485.414267533548
2024-02-08 05:00:00,9074.848383998742,8648.297116734197,6701.707036418267
2024-02-08 06:00:00,9198.506153881732,8560.748483114108,6485.414267533548
2024-02-08 07:00:00,9198.506153881732,8233.466284067523,6473.461795936598
2024-02-08 08:00:00,8430.86953201507,7950.613955755003,5873.586555930828
2024-02-08 09:00:00,7587.8659731003045,7465.028095164153,5446.870218212666
2024-02-08 10:00:00,5691.726060319012,5631.013366832814,4103.2486742177225
2024-02-08 11:00:00,5175.404404571064,4734.684264544482,3950.717877123898
2024-02-08 12:00:00,4767.714855334651,4634.465095517904,3528.5343220350273
2024-02-08 13:00:00,4024.99733885233,4252.820312521182,3080.5767827133463
2024-02-08 14:00:00,3546.410553312555,3188.758448577022,2796.801671782821
2024-02-08 15:00:00,3445.711954281966,3058.5873400736905,2632.041228774173
2024-02-08 16:00:00,3445.711954281966,2993.2598004939873,2628.308492992419
2024-02-08 17:00:00,3578.96039068666,2993.2598004939873,2628.308492992419
2024-02-08 18:00:00,3954.75670785421,3225.550299735724,2959.525584463082
2024-02-08 19:00:00,4370.091729817968,3745.9231532472804,3363.797738707833
2024-02-08 20:00:00,5068.002063700593,5246.435893405091,3737.1301484124356
2024-02-08 21:00:00,5340.133159206613,5446.841202387615,3982.170517220119
2024-02-08 22:00:00,5374.958562480477,5494.404116757338,3982.170517220119
2024-02-08 23:00:00,5470.505267537936,5494.404116757338,3978.346196955195
2024-02-09 00:00:00,5475.967776914449,5307.150528897824,3948.712535994212
2024-02-09 01:00:00,4100.636249862159,3700.415740513712,2878.155466716329
2024-02-09 02:00:00,4588.578184634191,4138.318066739363,3244.918055457593
2024-02-09 03:00:00,5523.506992530101,5176.486534112759,3760.915506070477
2024-02-09 04:00:00,5660.649818417084,5184.494640120744,4146.392407933053
2024-02-09 05:00:00,6176.818343930687,5314.16022328082,4146.392407933053
2024-02-09 06:00:00,6273.4972250618,5467.388108593748,4079.0720877411177
2024-02-09 07:00:00,6509.523249509679,5752.792553629471,4079.0720877411177
2024-02-09 08:00:00,7112.501378977127,6179.159663070279,4296.056172237567
2024-02-09 09:00:00,7112.501378977127,6179.159663070279,4296.056172237567
2024-02-09 10:00:00,7090.548023104886,6179.159663070279,4296.056172237567
2024-02-09 11:00:00,7090.548023104886,6979.028138077093,4848.906994045088
2024-02-09 12:00:00,7508.367550326295,6979.028138077093,5098.1255036391285
2024-02-09 13:00:00,7843.866820848823,6979.028138077093,5653.375681249806
2024-02-09 14:00:00,8584.211239776549,7735.323630664303,6128.324804011334
2024-02-09 15:00:00,8917.800901278062,8112.9605837291765,6759.101307801182
2024-02-09 16:00:00,9990.519173290306,8339.009807433158,7386.732645085654
2024-02-09 17:00:00,10073.05942858267,8916.825685761954,7756.9959198720435
2024-02-09 18:00:00,12376.924545984715,12521.568799490447,10709.439242356033
2024-02-09 19:00:00,12677.546010005792,12986.695604496028,11672.069926469483
2024-02-09 20:00:00,12893.428246130017,14045.549507680442,12564.723497792636
2024-02-09 21:00:00,12897.210999191253,15228.024263970801,13222.118700931936
2024-02-09 22:00:00,14041.028090700152,16702.15935483135,14212.622761412898
2024-02-09 23:00:00,14952.377011373354,16912.972324786388,14515.145143405414
2024-02-10 00:00:00,15342.083662231233,17054.458399318133,14783.202944100623
2024-02-10 01:00:00,16119.96504207966,16232.674734754899,14314.303654464826
2024-02-10 02:00:00,15826.553483197198,15383.462532992195,13795.156222164409
2024-02-10 03:00:00,15553.433471602886,15383.462532992195,13795.156222164409
2024-02-10 04:00:00,15461.058930285752,15580.841666999226,13816.905015142573
2024-02-10 05:00:00,15435.409814325034,16244.586327508106,14030.665576486179
2024-02-10 06:00:00,15396.56114197504,16244.586327508106,14030.665576486179
2024-02-10 07:00:00,14629.981311546027,16603.11014187017,13274.83841454988
2024-02-10 08:00:00,14451.63526268077,15704.726869481068,13218.684909479454
2024-02-10 09:00:00,14295.746524434657,14957.730322998304,12579.348332060044
2024-02-10 10:00:00,12277.223327616404,13766.410347851841,11514.09829583986
2024-02-10 11:00:00,11649.003059235847,12196.794596913493,11002.588031951702
2024-02-10 12:00:00,11649.003059235847,11336.891305800533,10040.603715628644
2024-02-10 13:00:00,11649.003059235847,11166.337223024977,9958.19913304965
2024-02-10 14:00:00,10748.694481992115,9982.039168534671,9019.250501113293
2024-02-10 15:00:00,10673.955215209624,9982.039168534671,9019.250501113293
2024-02-10 16:00:00,10748.694481992115,10513.806844612036,9326.34311710476
2024-02-10 17:00:00,11944.59745351842,11666.965378507974,10201.087665242278
2024-02-10 18:00:00,11998.246790374922,12365.458159036374,10568.49954235077
2024-02-10 19:00:00,11998.246790374922,12365.458159036374,10568.49954235077
2024-02-10 20:00:00,11914.515649640918,12762.372940569625,9851.296427984615
2024-02-10 21:00:00,11914.515649640918,12314.111060272702,9804.217776725705
2024-02-10 22:00:00,12010.418495958427,12470.838439809582,9609.246880968738
2024-02-10 23:00:00,12407.836873566815,12406.859662155732,9804.217776725705
2024-02-11 00:00:00,12421.08312488312,12438.849050982657,9716.857993919384
2024-02-11 01:00:00,13271.441888015801,13837.844219170805,11837.039216364385
2024-02-11 02:00:00,13748.622431085441,14546.634968054204,12520.12540253803
2024-02-11 03:00:00,13748.622431085441,14595.952188827505,12520.12540253803
2024-02-11 04:00:00,13652.734727286846,14595.952188827505,12445.677398062435
2024-02-11 05:00:00,13652.734727286846,14595.952188827505,12445.677398062435
2024-02-11 06:00:00,14140.864718316818,14644.13884263932,13102.480444152181
2024-02-11 07:00:00,14892.535857613368,16060.318931529426,14299.51960154696
2024-02-11 08:00:00,14983.840977837437,16644.726587045552,14560.202047036262
2024-02-11 09:00:00,14983.840977837437,16644.726587045552,14560.202047036262
2024-02-11 10:00:00,14828.863093295786,16350.006907202634,14397.128970727212
2024-02-11 11:00:00,14444.866690616638,15708.294651610928,14372.92524726666
2024-02-11 12:00:00,14365.135362896533,14022.851452346731,13693.823693286537
2024-02-11 13:00:00,14365.135362896533,13091.20609793388,12847.502644784912
2024-02-11 14:00:00,14192.659782814075,12361.045409061675,11384.647449867527
2024-02-11 15:00:00,14192.659782814075,12361.045409061675,11384.647449867527
2024-02-11 16:00:00,14689.507688489079,13123.297246585615,11859.47578567419
2024-02-11 17:00:00,15053.297884750224,13416.102251161381,12821.385887725339
2024-02-11 18:00:00,15053.297884750224,13416.102251161381,12821.385887725339
2024-02-11 19:00:00,14347.991547943733,13033.266716085782,12525.818813929076
2024-02-11 20:00:00,12411.861077486428,11096.981709317337,10855.288984060424
2024-02-11 21:00:00,12031.449146022953,11030.292523651562,10528.629538632336
2024-02-11 22:00:00,11456.217691500624,10985.389688227928,10229.287269277376
2024-02-11 23:00:00,11107.64233799419,11030.292523651562,10177.035460972606
2024-02-12 00:00:00,10996.14908530949,11287.790048325463,9843.839919358019
2024-02-12 01:00:00,7303.970339695955,8512.778096553728,5528.968854956186
2024-02-12 02:00:00,7236.747429347399,7283.466966399246,4970.976896651833
2024-02-12 03:00:00,7236.747429347399,7283.466966399246,4970.976896651833
2024-02-12 04:00:00,8554.864066721317,7595.54114060937,5831.470336062834
2024-02-12 05:00:00,9698.14266134112,8762.704282630515,6349.41062862228
2024-02-12 06:00:00,9959.988901370236,9462.32712307924,6785.152590342668
2024-02-12 07:00:00,11371.361325767044,10471.02630827875,8525.810391893296
2024-02-12 08:00:00,12790.223713308525,12699.924334581196,10627.142547674961
2024-02-12 09:00:00,12802.348897103191,13269.699883765725,10648.712033724461
2024-02-12 10:00:00,12802.348897103191,13310.829397365549,10859.485470734877
2024-02-12 11:00:00,12274.22702802438,13269.699883765725,10648.712033724461
2024-02-12 12:00:00,12237.149468194833,12369.02531710843,10374.203988440444
2024-02-12 13:00:00,12237.149468194833,12369.02531710843,10374.203988440444
2024-02-12 14:00:00,14926.702043157882,15618.655751825561,13660.45075233447
2024-02-12 15:00:00,15553.025051227512,15618.655751825561,14639.888134947783
2024-02-12 16:00:00,15553.025051227512,15549.916325249258,14639.888134947783
2024-02-12 17:00:00,16337.452697630059,15549.916325249258,15112.172218835132
2024-02-12 18:00:00,16337.452697630059,15900.194092057369,15134.242295022506
2024-02-12 19:00:00,17532.53984343232,17099.463262357476,16244.7203683531
2024-02-12 20:00:00,18066.09778464288,18354.534106650528,17254.704735011303
2024-02-12 21:00:00,18824.00378574941,18962.406030976632,17783.635398175633
2024-02-12 22:00:00,19363.843988846027,19281.141492938634,18055.208400315867
2024-02-12 23:00:00,19446.76906624006,19314.863012815505,18216.159224849216
2024-02-13 00:00:00,19496.12675399623,19396.932746019054,18250.164865176455
2024-02-13 01:00:00,19541.16787989914,19412.81903483106,17868.23539415439
2024-02-13 02:00:00,19640.106174394077,19532.250217293233,17905.317003032244
2024-02-13 03:00:00,19793.652824491233,19538.90061395728,17948.86597731328
2024-02-13 04:00:00,19796.77397680339,19661.865931418066,17952.40576528517
2024-02-13 05:00:00,19793.652824491233,19661.865931418066,17952.40576528517
2024-02-13 06:00:00,19680.56571706319,19552.04697682613,17877.715461803025
2024-02-13 07:00:00,19651.353028037018,19360.34568640213,17800.185045030234
2024-02-13 08:00:00,19060.076517719623,18883.838332261665,17533.336044642485
2024-02-13 09:00:00,19036.980657714965,18883.838332261665,17529.38936267556
2024-02-13 10:00:00,18603.974855438348,18871.453068625575,17529.38936267556
2024-02-13 11:00:00,18148.582288581238,18871.453068625575,17529.38936267556
2024-02-13 12:00:00,18148.582288581238,18537.26372938611,17351.69432634631
2024-02-13 13:00:00,18345.255240666436,18514.639472884322,17154.922568533293
2024-02-13 14:00:00,18737.948354701824,18514.639472884322,17154.922568533293
2024-02-13 15:00:00,19082.112158596585,18813.87784276029,17564.79614791758
2024-02-13 16:00:00,19173.41159372835,18823.637019492715,17578.587043509422
2024-02-13 17:00:00,19675.0847060977,18956.634488775657,17751.862631577533
2024-02-13 18:00:00,19715.09864275128,18956.634488775657,17841.236576913714
2024-02-13 19:00:00,19715.09864275128,18820.76356166727,17960.670177278724
2024-02-13 20:00:00,19632.75494555188,18820.76356166727,18086.389726629517
2024-02-13 21:00:00,19632.75494555188,18829.22416653656,18208.28884821142
2024-02-13 22:00:00,19805.000996019393,18989.310404795975,18208.28884821142
2024-02-13 23:00:00,19902.35904471031,19091.8133557623,18233.727070042492
2024-02-14 00:00:00,19853.680020364853,19200.673345641364,18099.956106578335
2024-02-14 01:00:00,20330.67351127237,19560.283962106947,18340.252413879272
2024-02-14 02:00:00,20390.79364632744,19421.21551684636,18396.051102253314
2024-02-14 03:00:00,20401.94581784653,19387.03125540752,18305.64101510379
2024-02-14 04:00:00,20406.95255664048,19383.038671745013,18305.64101510379
2024-02-14 05:00:00,20401.94581784653,19293.92394047999,18210.035938682537
2024-02-14 06:00:00,20088.959513538,19270.257270251615,18210.035938682537
2024-02-14 07:00:00,19751.63463518468,19203.45597658606,18094.51185130262
2024-02-14 08:00:00,19519.221331222747,18984.15898067588,17867.213718684197
2024-02-14 09:00:00,19066.126831549474,18984.15898067588,17794.326027783936
2024-02-14 10:00:00,18748.672860881135,19007.78904166021,17602.033852458095
2024-02-14 11:00:00,18333.109214105985,19078.322991027904,17602.033852458095
2024-02-14 12:00:00,17849.63118705242,19078.322991027904,17599.06448057893
2024-02-14 13:00:00,17249.60886953458,18634.893902727832,17132.926895753764
2024-02-14 14:00:00,16937.521599966196,18150.629363559114,16748.006522258118
2024-02-14 15:00:00,16363.208607830142,17500.864743267382,16389.49112258161
2024-02-14 16:00:00,14895.719858606588,15577.902092825685,14880.793860997306
2024-02-14 17:00:00,14823.378951493025,15577.902092825685,14253.220037511175
2024-02-14 18:00:00,14823.378951493025,16437.864103621756,14253.220037511175
2024-02-14 19:00:00,15770.278097745966,17080.534309736337,15498.3988362798
2024-02-14 20:00:00,16443.001619332455,17080.534309736337,16336.486640730838
2024-02-14 21:00:00,16958.834777931625,17160.317484357107,16404.51121638036
2024-02-14 22:00:00,17097.73695629657,17160.317484357107,16567.36278680846
2024-02-14 23:00:00,17415.595490193176,17160.317484357107,16462.22593543087
2024-02-15 00:00:00,17423.587053356347,17227.639910161983,16519.314002213272
2024-02-15 01:00:00,16259.670747880016,17098.745877809786,15415.53765478371
2024-02-15 02:00:00,16011.831212141513,16559.49550338811,15044.274564069234
2024-02-15 03:00:00,13849.137904165851,15508.39681565906,13353.992431213253
2024-02-15 04:00:00,13543.41517019782,14321.028672465816,12233.892346204808
2024-02-15 05:00:00,11132.443178308726,11713.91026442077,9427.52678652389
2024-02-15 06:00:00,10472.891368901966,11366.195101419271,7818.572727127454
2024-02-15 07:00:00,9526.337917240833,9847.655725454317,7818.572727127454
2024-02-15 08:00:00,8345.921123777025,9802.184974590606,7480.795106321595
2024-02-15 09:00:00,8386.304710368278,9131.380276116884,7439.511242935715
2024-02-15 10:00:00,7922.864276556214,8946.666792650121,7395.54529168055
2024-02-15 11:00:00,8113.229650909966,8732.09675967627,7088.899561284561
2024-02-15 12:00:00,7872.473427755741,8258.133937114218,6521.986593202629
2024-02-15 13:00:00,5934.557467635084,6357.391181893555,4840.920304029141
2024-02-15 14:00:00,5491.817376666511,5720.736002557753,4389.43113345825
2024-02-15 15:00:00,4163.282950834624,4211.336981301523,3522.535951795787
2024-02-15 16:00:00,3986.634042610808,4159.498299357036,3260.70271823371
2024-02-15 17:00:00,3726.3366697515753,3927.1976317172725,2979.242933698347
2024-02-15 18:00:00,3658.0999672002263,3673.844875478434,2859.339142365311
2024-02-15 19:00:00,3497.974163851007,3357.5694522996055,2566.9191792197967
2024-02-15 20:00:00,3497.7493025443246,3128.2492307958846,2515.475308389311
2024-02-15 21:00:00,3434.1703473829984,3128.2492307958846,2515.475308389311
2024-02-15 22:00:00,3379.3552712176215,3087.7107113390166,2729.399820592929
2024-02-15 23:00:00,3244.306727089825,3087.7107113390166,2729.399820592929
2024-02-16 00:00:00,3103.17189105866,2948.1264782910403,2651.398498061215
2024-02-16 01:00:00,2722.173385658237,2471.433044128581,2290.1651522448583
2024-02-16 02:00:00,2695.205006972,2455.590318467299,2229.7208731323417
2024-02-16 03:00:00,2695.205006972,2493.194187171541,2350.6094313573744
2024-02-16 04:00:00,3045.022658776654,2463.473012230872,2307.4500313821286
2024-02-16 05:00:00,3196.8853030924324,2521.63836064312,2343.0115728789533
2024-02-16 06:00:00,3266.7034029066126,2521.63836064312,2343.0115728789533
2024-02-16 07:00:00,3446.042778920107,2661.4930252561057,2459.53182805392
2024-02-16 08:00:00,4003.2104375846784,3198.4496661785024,2738.907391216423
2024-02-16 09:00:00,4003.2104375846784,3631.117345232463,2819.7034470699655
2024-02-16 10:00:00,3823.2172721752227,3657.4701138238174,2819.7034470699655
2024-02-16 11:00:00,3823.2172721752227,3631.117345232463,2633.3333779528593
2024-02-16 12:00:00,3868.3113695134866,3657.4701138238174,2633.3333779528593
2024-02-16 13:00:00,3978.1016267396153,3693.533249997118,3079.4502168294835
2024-02-16 14:00:00,4013.6216243501694,3744.061928505117,3107.3054776473537
2024-02-16 15:00:00,4313.918673443234,4559.904853665638,3422.007333206437
2024-02-16 16:00:00,4674.352641200533,4862.49579039128,3502.313990370749
2024-02-16 17:00:00,5191.9975147347195,5001.670644924402,3974.512512524255
2024-02-16 18:00:00,7094.879999467572,6321.286219177413,5441.659220706083
2024-02-16 19:00:00,10519.933485126232,8795.121579285787,7761.923542873551
2024-02-16 20:00:00,11887.872535450986,13033.855296814649,10413.658764170048
2024-02-16 21:00:00,13868.459679706455,15029.492984932984,11860.67164457902
2024-02-16 22:00:00,16329.43058526955,16295.500182548905,13727.155754708912
2024-02-16 23:00:00,17355.32600591602,17192.628329584684,14906.606125083194
2024-02-17 00:00:00,17573.461611287647,17320.018845196704,15070.321975158471
2024-02-17 01:00:00,17521.654595120453,17783.960081303027,14447.59268052533
2024-02-17 02:00:00,17555.91836833182,17922.020173799436,14283.645242184333
2024-02-17 03:00:00,18164.924420485204,17922.020173799436,14103.339131100298
2024-02-17 04:00:00,18481.35220728407,17853.23159223959,13708.741083588033
2024-02-17 05:00:00,18619.13039607545,16966.306898988085,13187.179943115014
2024-02-17 06:00:00,18619.13039607545,16445.872855416434,12868.130819563095
2024-02-17 07:00:00,18156.83278488885,16343.852773848528,12644.226130068015
2024-02-17 08:00:00,16861.937982432544,15930.916245768214,12495.549315314443
2024-02-17 09:00:00,16309.245741918872,15558.388018731179,12356.354272843608
2024-02-17 10:00:00,13270.996402697321,13374.9961398376,10552.618484225666
2024-02-17 11:00:00,10433.229015599089,11318.873436188453,8953.979453686212
2024-02-17 12:00:00,10433.229015599089,11318.873436188453,8953.979453686212
2024-02-17 13:00:00,10734.844730689325,11472.116703234331,8923.440816863003
2024-02-17 14:00:00,10734.844730689325,11472.116703234331,8923.440816863003
2024-02-17 15:00:00,10604.377248744528,11113.945601510606,8708.59634435522
2024-02-17 16:00:00,10604.377248744528,11113.945601510606,8708.59634435522
2024-02-17 17:00:00,11409.997279266452,11608.719804207785,8790.113482882265
2024-02-17 18:00:00,14267.422398065752,13822.782897160248,11051.221512784401
2024-02-17 19:00:00,15139.090044477718,16082.7790547609,13099.16023526813
2024-02-17 20:00:00,15276.5899781454,16082.7790547609,13099.16023526813
2024-02-17 21:00:00,15276.5899781454,16082.7790547609,13099.16023526813
2024-02-17 22:00:00,15944.49179292819,15716.993633386917,14123.976316740658
2024-02-17 23:00:00,15944.49179292819,16139.923390296093,14123.976316740658
2024-02-18 00:00:00,15858.038997076259,15836.154719567,13949.950706262054
2024-02-18 01:00:00,15906.517828733267,15830.216956637549,13239.767317940277
2024-02-18 02:00:00,16137.972027415008,15814.502183099034,12941.627307668849
2024-02-18 03:00:00,16379.91555557449,15814.502183099034,12921.27227591712
2024-02-18 04:00:00,16379.91555557449,15814.502183099034,12837.975036917478
2024-02-18 05:00:00,14901.793310773675,15617.967281295374,11772.807765154128
2024-02-18 06:00:00,13612.919348380407,14727.082150790637,11214.993458178373
2024-02-18 07:00:00,13572.571817235399,14634.802306317764,11124.216514942265
2024-02-18 08:00:00,12304.906901043298,11756.032042068062,9368.572571988276
2024-02-18 09:00:00,10396.460156702893,10132.113737762877,8035.825718475734
2024-02-18 10:00:00,8528.629975726348,9766.416078063805,7042.065954851753
2024-02-18 11:00:00,6501.439606169004,8478.571916494993,6501.657707982881
2024-02-18 12:00:00,5936.532678625747,7756.9388730304545,5686.208346724394
2024-02-18 13:00:00,5655.261425081708,7756.9388730304545,5455.061095947464
2024-02-18 14:00:00,5655.261425081708,8002.043554700658,5379.1478285572
2024-02-18 15:00:00,5939.357037914112,8077.823067484057,5455.061095947464
2024-02-18 16:00:00,6046.136246291154,8428.78995744866,5829.160135914155
2024-02-18 17:00:00,7194.116491677429,9166.436799491788,6296.3937478041
2024-02-18 18:00:00,8689.10833182777,12354.707123593826,8512.371796392708
2024-02-18 19:00:00,10139.007827038657,14149.177868193816,10591.973885533962
2024-02-18 20:00:00,10831.407056699416,14847.786450119918,11519.694494264582
2024-02-18 21:00:00,11561.789689526819,15099.582568066646,11703.67436502564
2024-02-18 22:00:00,12928.326495958132,15874.837140185755,13241.694290239666
2024-02-18 23:00:00,13757.859181268543,15980.126993134652,13643.60284594211
2024-02-19 00:00:00,13886.274217473387,15981.742102940447,13680.78060873401
2024-02-19 01:00:00,15798.367958640443,16638.95381929401,14247.575175004327
2024-02-19 02:00:00,14958.147298423088,15907.232283936915,13631.836381241414
2024-02-19 03:00:00,14958.147298423088,15907.232283936915,13631.836381241414
2024-02-19 04:00:00,14863.987971138815,15907.232283936915,13631.836381241414
2024-02-19 05:00:00,14772.483879619438,15833.58924800551,13567.538075102373
2024-02-19 06:00:00,13946.763205069068,15061.645421766114,12362.505078961714
2024-02-19 07:00:00,12871.590288372405,13715.862874567372,10879.744633292441
2024-02-19 08:00:00,10788.538032451339,12967.856045082106,9360.326094853692
2024-02-19 09:00:00,10407.260322771612,12873.40913560572,9255.18573804105
2024-02-19 10:00:00,10788.538032451339,12967.856045082106,9255.18573804105
2024-02-19 11:00:00,10890.50013568975,13401.843899297965,10470.10762088101
2024-02-19 12:00:00,10932.094630967193,13401.843899297965,11054.334704750585
2024-02-19 13:00:00,11155.028890527612,13521.392338286945,11657.426662698495
2024-02-19 14:00:00,12457.362463326801,13825.937687826128,11702.538965644495
2024-02-19 15:00:00,12457.362463326801,13825.937687826128,11702.538965644495
2024-02-19 16:00:00,10653.558566686403,11698.507619367832,9712.62102750563
2024-02-19 17:00:00,10361.80065221267,11339.493126917503,9478.201552111217
2024-02-19 18:00:00,10333.411302030177,10983.696283415202,9462.109507786276
2024-02-19 19:00:00,8920.533451766438,9807.75134136804,8121.156815020899
2024-02-19 20:00:00,6969.971273485366,7616.030113471531,6466.629622969131
2024-02-19 21:00:00,5445.354033531435,6088.7365235398265,4738.071762600698
2024-02-19 22:00:00,5297.814436560331,5396.147801349295,4545.52350524297
2024-02-19 23:00:00,5002.325258872427,5143.186954450934,4273.470713609245
2024-02-20 00:00:00,5150.069847716379,4906.236787633374,4368.042612615001
2024-02-20 01:00:00,3315.6727259812083,3113.7967749233176,2833.1319283325915
2024-02-20 02:00:00,3422.889709884592,3090.28409600595,2848.061230894571
2024-02-20 03:00:00,3208.4557420778247,2928.834704801625,2625.7395064928105
2024-02-20 04:00:00,3316.5302970660427,3056.1458974970656,2848.061230894571
2024-02-20 05:00:00,3109.3772846377883,3056.1458974970656,2890.5527512684953
2024-02-20 06:00:00,3109.3772846377883,3113.7680985259335,3004.7936670954587
2024-02-20 07:00:00,3109.3772846377883,3535.1874225879246,3026.91149380562
2024-02-20 08:00:00,3551.7400386804125,4107.330731252086,3554.177679521451
2024-02-20 09:00:00,3674.4476953309313,4386.113543621583,3617.5584154926705
2024-02-20 10:00:00,3804.687389200352,4856.561058605531,4033.1625476949657
2024-02-20 11:00:00,3804.687389200352,4908.846893226098,4193.188906953192
2024-02-20 12:00:00,3801.35144952173,5100.160396699896,4318.48127378927
2024-02-20 13:00:00,3801.35144952173,5163.040360818566,4319.189766395482
2024-02-20 14:00:00,3800.9280084635366,5163.040360818566,4318.48127378927
2024-02-20 15:00:00,3798.3342291492736,5075.210057540262,3983.327751020269
2024-02-20 16:00:00,3798.3342291492736,5075.210057540262,3983.327751020269
2024-02-20 17:00:00,4105.778615551523,5260.033794860032,5064.8814904339015
2024-02-20 18:00:00,4253.549536893404,5864.420174768618,5634.031118070528
2024-02-20 19:00:00,4435.970476818267,6634.915470375364,5634.031118070528
2024-02-20 20:00:00,4435.970476818267,6779.627479332454,5533.34645523887
2024-02-20 21:00:00,4435.970476818267,6918.944006197466,5533.34645523887
2024-02-20 22:00:00,4438.854029425616,6918.944006197466,6047.993674668245
2024-02-20 23:00:00,4577.433722689123,6963.828487435458,6047.993674668245
2024-02-21 00:00:00,4508.143876057369,7123.492378737744,5939.957530421694
2024-02-21 01:00:00,5678.411166760369,8022.906731235154,6907.208640744106
2024-02-21 02:00:00,5819.473089434342,8016.690236635327,6691.978107810404
2024-02-21 03:00:00,5819.473089434342,8029.123225834983,6614.723306113195
2024-02-21 04:00:00,5819.473089434342,8029.457705067663,6614.723306113195
2024-02-21 05:00:00,5968.766121731175,8517.3778440799,7095.998267963817
2024-02-21 06:00:00,6429.970191051197,9041.122253037327,7487.4869961702225
2024-02-21 07:00:00,7040.921472510806,9644.249018132608,8148.303275048272
2024-02-21 08:00:00,7929.968388344079,9794.161266101255,8589.221578376542
2024-02-21 09:00:00,8035.643304921272,10167.138256932238,8870.305228070201
2024-02-21 10:00:00,8335.09799294573,10195.313535935444,9625.428150400758
2024-02-21 11:00:00,8335.09799294573,10195.313535935444,9625.428150400758
2024-02-21 12:00:00,7770.184333112229,9112.044168527562,9195.29387797949
2024-02-21 13:00:00,6814.138498976342,9112.044168527562,8135.027503060182
2024-02-21 14:00:00,6814.138498976342,9189.51355436175,8135.027503060182
2024-02-21 15:00:00,8123.295990832392,9353.665531622077,8622.839723630135
2024-02-21 16:00:00,8123.295990832392,9479.415488851704,8727.988881586547
2024-02-21 17:00:00,8264.426485701431,10039.362435075123,8743.035332183937
2024-02-21 18:00:00,8597.687748399529,10850.206244743287,9553.814639021883
2024-02-21 19:00:00,9294.129104022253,11797.19731183543,10175.9945656982
2024-02-21 20:00:00,9336.684528387492,12467.853303474287,10346.788632923945
2024-02-21 21:00:00,9336.684528387492,12467.853303474287,10476.405710018003
2024-02-21 22:00:00,9696.17544595119,12066.964181321375,10588.098940537595
2024-02-21 23:00:00,9911.61479748735,11885.751172985054,10588.098940537595
2024-02-22 00:00:00,9816.229704159108,11976.357677153213,10534.159507504766
2024-02-22 01:00:00,10671.911422406227,12350.40559879768,11398.333504744698
2024-02-22 02:00:00,10572.455138420793,12147.802352213102,11291.14033079632
2024-02-22 03:00:00,10221.274378083366,11116.661180030083,9914.440217339823
2024-02-22 04:00:00,9661.934731551668,11106.7012420198,9757.652778342172
2024-02-22 05:00:00,9547.248996375776,10718.994069925639,9306.30832858441
2024-02-22 06:00:00,9469.98250522609,10718.994069925639,9306.30832858441
2024-02-22 07:00:00,9188.131551470975,10904.440982100476,9300.208822482255
2024-02-22 08:00:00,9188.131551470975,11159.206139169344,9757.78619869874
2024-02-22 09:00:00,9048.408866640215,10904.440982100476,9300.208822482255
2024-02-22 10:00:00,8063.840106474582,10061.301865762656,8623.6704213483
2024-02-22 11:00:00,6598.9578372351925,9401.066047332575,7732.469582826647
2024-02-22 12:00:00,5579.93081390137,8248.815907101123,6395.4191867370555
2024-02-22 13:00:00,5471.120174191559,6761.826110243477,5701.722476197553
2024-02-22 14:00:00,4643.1401441162625,6556.887027004035,5360.892073177724
2024-02-22 15:00:00,4643.1401441162625,5832.508996307545,5092.318979298677
2024-02-22 16:00:00,3632.624023829661,4840.114490146626,3835.4826091115597
2024-02-22 17:00:00,3632.624023829661,3927.6960408851687,3370.7170009246593
2024-02-22 18:00:00,3096.2602479947263,3704.638849973702,3370.7170009246593
2024-02-22 19:00:00,3096.2602479947263,3704.638849973702,3370.7170009246593
2024-02-22 20:00:00,2870.7927064641585,3158.5067125595306,2525.3880935794923
2024-02-22 21:00:00,2870.7927064641585,3158.5067125595306,2525.3880935794923
2024-02-22 22:00:00,2980.262064008903,3158.5067125595306,2753.5833843369405
2024-02-22 23:00:00,2980.262064008903,3008.1743582510926,2848.427677490691
2024-02-23 00:00:00,2970.6539825144737,2960.8305523950967,2801.005530913816
2024-02-23 01:00:00,3621.2284202735773,3549.2843028201023,3267.4493985110553
2024-02-23 02:00:00,3571.3076518534012,3473.745565190101,3129.404107349853
2024-02-23 03:00:00,3167.334886526457,3384.521480709939,3107.11350205827
2024-02-23 04:00:00,3167.334886526457,3384.521480709939,3107.11350205827
2024-02-23 05:00:00,3566.4517672959037,3620.167209690331,3410.9684357884507
2024-02-23 06:00:00,3566.4517672959037,3620.167209690331,3410.9684357884507
2024-02-23 07:00:00,3545.9157313439878,3657.530153978344,3356.8730929450226
2024-02-23 08:00:00,3494.257421566267,3657.530153978344,3356.8730929450226
2024-02-23 09:00:00,3421.703149954189,3657.530153978344,3356.8730929450226
2024-02-23 10:00:00,3119.557012550871,3428.365744404171,3136.9781538453344
2024-02-23 11:00:00,3073.052682847953,3297.8315070352264,3114.659038764491
2024-02-23 12:00:00,2945.2035248513344,3234.944596844817,3018.4535695230134
2024-02-23 13:00:00,2925.127057498664,3220.04275317263,3018.4535695230134
2024-02-23 14:00:00,2862.5314493381234,3126.7122266117367,3018.4535695230134
2024-02-23 15:00:00,2652.6968788000054,3126.7122266117367,3015.6440742924265
2024-02-23 16:00:00,2652.6968788000054,3116.0839484019098,3015.6440742924265
2024-02-23 17:00:00,2738.2832542420824,3155.948139660872,3121.6134446789656
2024-02-23 18:00:00,2887.4185714315145,3379.1166819040054,3342.290836396249
2024-02-23 19:00:00,3048.0973832583704,3379.1166819040054,3342.290836396249
2024-02-23 20:00:00,3157.3694768878804,3393.2757337638454,3311.5839871762655
2024-02-23 21:00:00,3188.5349311763903,3507.66296977454,3277.8341395507914
2024-02-23 22:00:00,3483.5942675842634,3587.991966476506,3311.5839871762655
2024-02-23 23:00:00,3620.334826099276,3714.560132681288,3511.173960531797
2024-02-24 00:00:00,3736.0685200822327,4045.8521962539417,3739.4204869964296
2024-02-24 01:00:00,3524.2426474255626,3950.5289627660377,3489.638804451988
2024-02-24 02:00:00,3665.291088246001,4489.87283871303,3741.737152075629
2024-02-24 03:00:00,3668.3292249707,4489.87283871303,3745.5529985607404
2024-02-24 04:00:00,3665.291088246001,4383.200012996223,3745.5529985607404
2024-02-24 05:00:00,3680.020697492879,4150.384378647841,3724.0435375671286
2024-02-24 06:00:00,3558.402373658503,3846.1346652487127,3538.732139159295
2024-02-24 07:00:00,3164.731475268292,3386.3118387701825,3181.3930156730426
2024-02-24 08:00:00,3164.731475268292,3386.3118387701825,3181.3930156730426
2024-02-24 09:00:00,3164.731475268292,4135.37589948998,3552.0590071621045
2024-02-24 10:00:00,3154.5890652716566,4135.37589948998,3552.0590071621045
2024-02-24 11:00:00,2267.876342647465,2780.596210653689,2585.780839051654
2024-02-24 12:00:00,2160.9956540455314,2678.983315667343,2375.178956666369
2024-02-24 13:00:00,2160.9956540455314,2403.543352909252,2156.1423004327867
2024-02-24 14:00:00,2085.2649359606066,2403.543352909252,2156.1423004327867
2024-02-24 15:00:00,2085.2649359606066,2415.1232706097194,2171.490016988999
2024-02-24 16:00:00,2212.67833596172,2415.1232706097194,2293.3970424834697
2024-02-24 17:00:00,2281.1581355004882,2458.2135400234715,2301.1122095066753
2024-02-24 18:00:00,2351.8087677297563,2524.7443880811998,2320.001518241056
2024-02-24 19:00:00,2571.3216816422237,2703.463748807843,2482.982509689141
2024-02-24 20:00:00,2778.6578821667854,2972.3360092108906,2643.8947206165003
2024-02-24 21:00:00,2778.6578821667854,2972.3360092108906,2643.8947206165003
2024-02-24 22:00:00,3060.9405999163473,3091.8154065687204,2770.0608270153284
2024-02-24 23:00:00,3175.7963410556195,2944.6436814890226,2647.679092672208
2024-02-25 00:00:00,3326.44139124621,3179.1548291612844,2784.3876982628603
2024-02-25 01:00:00,3021.236146890872,2592.047833518649,2214.7554465930116
2024-02-25 02:00:00,3029.2138463228957,2615.1816367451,2249.2198277728685
2024-02-25 03:00:00,3100.1123166907723,2906.8514677542566,2384.2193126876327
2024-02-25 04:00:00,3236.1810836811833,3040.3098403255817,2603.9018173200093
2024-02-25 05:00:00,3252.006614435243,3195.959216758193,2697.781578877764
2024-02-25 06:00:00,3252.006614435243,3195.959216758193,2844.8423746473427
2024-02-25 07:00:00,3154.4400997194316,3062.154468233783,2697.781578877764
2024-02-25 08:00:00,3046.689490466618,2867.8188596004175,2602.3658483843487
2024-02-25 09:00:00,2918.1963492084906,2867.8188596004175,2297.8725019851636
2024-02-25 10:00:00,2918.1963492084906,3070.5373000614263,2425.330090951501
2024-02-25 11:00:00,2687.7218086911125,3070.5373000614263,2296.4295269301283
2024-02-25 12:00:00,2687.7218086911125,3085.1120656082608,2425.330090951501
2024-02-25 13:00:00,2755.7835671301755,3085.1120656082608,2436.2311381937807
2024-02-25 14:00:00,2821.487864789216,3220.6899939204786,2551.2620615511432
2024-02-25 15:00:00,3125.3049297949237,3314.558175792002,2773.071322261971
2024-02-25 16:00:00,3125.3049297949237,3314.558175792002,2845.7955176621836
2024-02-25 17:00:00,2991.662938245616,3308.724831353541,2910.804002933927
2024-02-25 18:00:00,2991.662938245616,3308.724831353541,3115.582403290362
2024-02-25 19:00:00,3000.1593408970907,3308.724831353541,3115.582403290362
2024-02-25 20:00:00,3000.1593408970907,3166.6784478640666,2815.491126105096
2024-02-25 21:00:00,3000.1593408970907,3166.6784478640666,2815.491126105096
2024-02-25 22:00:00,3322.1674734652856,3410.457880191253,3227.048485792669
2024-02-25 23:00:00,3322.1674734652856,3478.01787843953,3227.048485792669
2024-02-26 00:00:00,3337.927778352677,3444.237879315391,3100.119294728409
2024-02-26 01:00:00,3019.1268187379096,2940.584355629966,2545.0131500100038
2024-02-26 02:00:00,3135.993134685418,3042.175899497944,2672.3613049511687
2024-02-26 03:00:00,3135.993134685418,3045.565514546593,2739.4894217226565
2024-02-26 04:00:00,3135.993134685418,3115.9387025818596,2765.1153491024143
2024-02-26 05:00:00,3057.0700824977525,3115.9387025818596,2833.592522864231
2024-02-26 06:00:00,3100.321000603003,3044.8341099175022,2839.4495948673416
2024-02-26 07:00:00,3057.0700824977525,2928.771891225951,2833.592522864231
2024-02-26 08:00:00,2870.9451778809403,2874.660464069744,2755.0546642805866
2024-02-26 09:00:00,2343.173779865513,2667.9892312745023,2487.709064974537
2024-02-26 10:00:00,2343.173779865513,2667.9892312745023,2476.7923974574064
2024-02-26 11:00:00,2411.036182888051,2661.6395199487242,2341.5337367789207
2024-02-26 12:00:00,2416.719287939918,2748.272120837108,2469.7214504467383
2024-02-26 13:00:00,2411.036182888051,2725.6345111387404,2469.7214504467383
2024-02-26 14:00:00,2440.2670522105886,2725.6345111387404,2469.7214504467383
2024-02-26 15:00:00,2465.716697483412,2725.6345111387404,2542.440980801832
2024-02-26 16:00:00,2465.716697483412,2754.3081625952923,2668.328876149097
2024-02-26 17:00:00,2382.8175946832316,2754.3081625952923,2668.328876149097
2024-02-26 18:00:00,2382.8175946832316,2754.3081625952923,2741.4964141418545
2024-02-26 19:00:00,2581.6513865755,2875.2415784697737,2718.490093710436
2024-02-26 20:00:00,2642.14293145428,2986.666071391223,2824.796257186851
2024-02-26 21:00:00,2712.6066209810365,3201.0824808622606,2872.2244657174606
2024-02-26 22:00:00,2831.2186450871695,3388.189189046482,2954.8433156389337
2024-02-26 23:00:00,2961.5870725613086,3408.5528431953135,2955.8732533375896
2024-02-27 00:00:00,2961.8791445992283,3633.9138937287835,3179.5455734679726
2024-02-27 01:00:00,2895.4492377189513,3373.7402222538803,3055.0276507637946
2024-02-27 02:00:00,2914.5053895111296,3229.4635123828552,3143.7733673689204
2024-02-27 03:00:00,2972.510893071031,3583.6096583119747,3170.1090846720645
2024-02-27 04:00:00,2914.5053895111296,3252.627853027876,3143.7733673689204
2024-02-27 05:00:00,2887.638840440135,3782.7938731902773,3267.0121137450883
2024-02-27 06:00:00,2801.8092632501653,3789.1969676117783,3267.0121137450883
2024-02-27 07:00:00,2801.8092632501653,3789.1969676117783,3267.0121137450883
2024-02-27 08:00:00,2510.156175242898,3240.3409859669664,3037.24443199207
2024-02-27 09:00:00,2227.9337562293417,2871.7794179670236,2839.3430585404813
2024-02-27 10:00:00,2208.591961156845,2781.710256608071,2679.076748827427
2024-02-27 11:00:00,2107.8792630386583,2571.556937260558,2547.655116757778
2024-02-27 12:00:00,1920.3717259263224,2413.5776138229753,2345.143471257553
2024-02-27 13:00:00,1814.8293424895644,2223.723177044162,2271.154859492842
2024-02-27 14:00:00,1814.8293424895644,2205.1459433585396,2190.587057070901
2024-02-27 15:00:00,1814.8293424895644,2193.1473378116993,2190.587057070901
2024-02-27 16:00:00,1943.956622991323,2205.1459433585396,2248.8157355763856
2024-02-27 17:00:00,2199.6985476637774,2385.9897754342674,2322.6129731217575
2024-02-27 18:00:00,2390.7392140294332,2726.903407974026,2598.766671999374
2024-02-27 19:00:00,2705.8758024303106,2797.2422194598303,2598.766671999374
2024-02-27 20:00:00,2898.214774387732,3046.8585964713375,2648.797391993681
2024-02-27 21:00:00,3155.6886467468803,3085.103269031716,2648.797391993681
2024-02-27 22:00:00,3727.520661468336,3512.87663154378,2801.4194900611715
2024-02-27 23:00:00,4014.448857108057,4182.54565507153,3282.5927066600316
2024-02-28 00:00:00,4082.197809968213,4466.1906526958555,3381.860222903537
2024-02-28 01:00:00,4458.803059240929,4910.384556558331,3461.2780369159764
2024-02-28 02:00:00,4262.182190250392,4730.892088962801,3162.8201183017545
2024-02-28 03:00:00,4427.288673830304,4730.892088962801,3523.519651264646
2024-02-28 04:00:00,4427.288673830304,4730.892088962801,3523.519651264646
2024-02-28 05:00:00,4923.169578148243,4769.377870606175,3730.5613516116673
2024-02-28 06:00:00,5138.474498884976,5234.523568128466,4621.717192179278
2024-02-28 07:00:00,5138.474498884976,5234.523568128466,4621.717192179278
2024-02-28 08:00:00,4747.3006533688,4761.843625905949,3961.0744715958326
2024-02-28 09:00:00,4039.018538181738,3698.9445194621003,3156.151874763861
2024-02-28 10:00:00,3089.5835930505395,3222.450188125241,2706.8145442042855
2024-02-28 11:00:00,2789.0519828450247,3197.7326887965805,2410.5106081895983
2024-02-28 12:00:00,2647.0483273291075,2981.8082156976284,2257.714122221202
2024-02-28 13:00:00,2614.5117757989474,2917.671889169821,2257.714122221202
2024-02-28 14:00:00,2534.9760860481883,2878.884933713357,2383.8171842363995
2024-02-28 15:00:00,2514.1165404446438,2878.884933713357,2383.8171842363995
2024-02-28 16:00:00,2534.9760860481883,2878.884933713357,2383.8171842363995
2024-02-28 17:00:00,2880.2711261238196,3137.0632588668827,2593.958127367131
2024-02-28 18:00:00,3083.1152580913777,3164.1914900771453,2723.129558414352
2024-02-28 19:00:00,3083.1152580913777,3285.738260549905,2723.129558414352
2024-02-28 20:00:00,3369.4963624373167,3440.1179425463606,2808.034702268281
2024-02-28 21:00:00,3813.99229261024,3589.4412083350994,2808.034702268281
2024-02-28 22:00:00,3849.9023360871347,4121.932394513248,2808.034702268281
2024-02-28 23:00:00,4306.766203539809,4484.219792554929,2994.8565893565874
2024-02-29 00:00:00,4353.802818899967,4502.9752446564535,3200.9580605408128
2024-02-29 01:00:00,5898.065152556179,6874.838009645222,4610.1164812748375
2024-02-29 02:00:00,6272.3418572010505,6827.475591771418,4528.9023831205195
2024-02-29 03:00:00,6272.3418572010505,6827.475591771418,4391.766294971887
2024-02-29 04:00:00,5489.540692597364,5869.251780223503,3904.1983553547507
2024-02-29 05:00:00,4469.81272747006,5171.988505051146,3107.0229752082173
2024-02-29 06:00:00,3628.919433918073,4083.374392043147,2487.352262008291
2024-02-29 07:00:00,3215.7574905937117,2987.5934593021184,2359.397462239586
2024-02-29 08:00:00,2580.6325175339402,2935.2501996245087,1981.7780176039537
2024-02-29 09:00:00,2311.890780079742,2649.905137061688,1808.1784582432113
2024-02-29 10:00:00,2230.99838742104,2574.3439196799472,1772.6558307108692
2024-02-29 11:00:00,2230.99838742104,2382.449018077224,1772.6558307108692
2024-02-29 12:00:00,2339.9667009215777,2570.7065640994015,2020.4284768331042
2024-02-29 13:00:00,2379.178365031773,2382.449018077224,2062.2853001283424
2024-02-29 14:00:00,2379.178365031773,2519.0114141181293,2152.2837856106594
2024-02-29 15:00:00,2414.139115841704,2519.0114141181293,2116.2041412147655
2024-02-29 16:00:00,2414.139115841704,2695.5896362411745,2116.2041412147655
2024-02-29 17:00:00,2414.139115841704,2706.227087087988,2116.2041412147655
2024-02-29 18:00:00,2999.6230568309056,3246.936740342366,2676.276409689803
2024-02-29 19:00:00,3984.7922623185623,4848.855571565512,3746.196400903927
2024-02-29 20:00:00,4732.483226048389,5124.934443724987,3966.203911229449
2024-02-29 21:00:00,5118.681062258121,5243.228658927316,4352.705052490894
2024-02-29 22:00:00,7419.835966056268,8897.790241673782,6174.42167639322
2024-02-29 23:00:00,7596.781211794734,9627.008586472615,6472.288316346028
2024-03-01 00:00:00,8312.056935624601,9882.892054998225,6834.641355327087
2024-03-01 01:00:00,12737.243319367935,13831.574160716178,11898.786597428138
2024-03-01 02:00:00,12973.011930871658,14602.280837067712,12152.458249118272
2024-03-01 03:00:00,14796.858587099192,16433.23439323146,14190.191057019012
2024-03-01 04:00:00,15325.240145186626,16567.10037165165,15386.217521790943
2024-03-01 05:00:00,15412.90107971054,17118.57546835746,15783.194173518426
2024-03-01 06:00:00,15412.90107971054,17363.41591318571,15783.194173518426
2024-03-01 07:00:00,14008.931406031325,17363.41591318571,14740.211868595894
2024-03-01 08:00:00,13940.782741885609,16671.221655673697,13891.72700120112
2024-03-01 09:00:00,13457.885835901423,15497.313760543828,13211.46105755238
2024-03-01 10:00:00,12887.030781227539,14256.487649811927,12394.374885817448
2024-03-01 11:00:00,12708.442230924498,13447.21471480338,11409.03991403701
2024-03-01 12:00:00,12708.442230924498,13431.893260542434,11023.906396185776
2024-03-01 13:00:00,12857.561210519001,13431.893260542434,11023.906396185776
2024-03-01 14:00:00,12857.561210519001,13643.477938291457,11023.906396185776
2024-03-01 15:00:00,12975.566606245784,13644.99235303143,10863.589031755078
2024-03-01 16:00:00,12469.551217424145,13644.99235303143,10700.15160459084
2024-03-01 17:00:00,12301.464116689249,12889.84392809135,10044.207507979392
2024-03-01 18:00:00,11611.026416866685,11789.387728440077,9241.158131459673
2024-03-01 19:00:00,11009.478043062545,10377.149648088225,8782.254253846442
2024-03-01 20:00:00,7896.265757360752,7629.190419449946,6233.788845373709
2024-03-01 21:00:00,7896.265757360752,7629.190419449946,6233.788845373709
2024-03-01 22:00:00,8144.2571627119705,7840.537435419064,6990.883671432575
2024-03-01 23:00:00,8394.8241132341,8150.785841848759,7196.37269391207
2024-03-02 00:00:00,8558.7765453799,8095.983699292411,7282.47116388962
2024-03-02 01:00:00,10918.797220773267,10693.423607682202,9718.019266663367
2024-03-02 02:00:00,12071.979422403796,12124.881356806443,11278.372966293453
2024-03-02 03:00:00,13353.688138876625,14241.083129198178,13041.315544501957
2024-03-02 04:00:00,13710.92459117664,14300.500904160514,13181.438557253312
2024-03-02 05:00:00,13710.92459117664,14961.784938346007,13516.067723817465
2024-03-02 06:00:00,13598.757074193476,15171.48268505328,13751.775252946547
2024-03-02 07:00:00,13598.757074193476,15171.48268505328,13751.775252946547
2024-03-02 08:00:00,14301.972124383345,17416.57841678246,15020.708510649114
2024-03-02 09:00:00,14301.972124383345,17416.57841678246,15020.708510649114
2024-03-02 10:00:00,12218.361126686754,13856.808656864412,12488.475350800669
2024-03-02 11:00:00,12218.361126686754,12487.23331700949,11706.86725906658
2024-03-02 12:00:00,13431.3879371958,12487.23331700949,11706.86725906658
2024-03-02 13:00:00,14941.894021568849,15197.27132919961,13926.945989289921
2024-03-02 14:00:00,15947.87328049554,16156.38964091759,14783.90360846894
2024-03-02 15:00:00,16140.172861417173,16418.914795386754,14882.557949281225
2024-03-02 16:00:00,16287.595256004119,16937.859831718954,15043.946735981288
2024-03-02 17:00:00,16321.591897928516,17131.210172025247,15218.576348026469
2024-03-02 18:00:00,16492.029378070914,17268.490377398306,15362.432974016494
2024-03-02 19:00:00,16537.704125613767,17980.157509170058,15652.409543578291
2024-03-02 20:00:00,16561.69552106545,18060.22366654222,15775.715977589003
2024-03-02 21:00:00,16885.695759996786,18291.277488670552,15836.155876652323
2024-03-02 22:00:00,17266.1198591691,18322.613587280568,16078.03711650518
2024-03-02 23:00:00,17390.282448893988,18417.170017202214,16188.427249091055
2024-03-03 00:00:00,17601.52654211228,18560.04378121227,16272.042094280006
2024-03-03 01:00:00,17639.86936009206,18668.044941680077,16670.716766620277
2024-03-03 02:00:00,17623.11883429165,18656.473967023492,16619.94379787001
2024-03-03 03:00:00,17374.056048192666,18656.473967023492,16224.526712742558
2024-03-03 04:00:00,17012.46746281154,18545.185441909354,16150.507739413379
2024-03-03 05:00:00,16647.49559134742,17801.315931162862,15390.993051086212
2024-03-03 06:00:00,15717.18214260959,17009.63155627314,14714.889262676192
2024-03-03 07:00:00,14422.051711933727,15531.789389669259,13392.862620505102
2024-03-03 08:00:00,12529.972151948352,13639.27799578828,11378.946488100755
2024-03-03 09:00:00,11785.361612816652,12013.531331591474,10869.228359325818
2024-03-03 10:00:00,11785.361612816652,9765.394132728521,8680.435906590956
2024-03-03 11:00:00,11952.914683726583,9765.394132728521,8680.435906590956
2024-03-03 12:00:00,11952.914683726583,9891.402905386578,8992.94850113787
2024-03-03 13:00:00,11471.489894379214,10379.833583016125,9759.789062444142
2024-03-03 14:00:00,11471.489894379214,11553.980757745128,10660.902409591956
2024-03-03 15:00:00,11642.484498190475,12146.701819016214,10660.902409591956
2024-03-03 16:00:00,11972.895354839084,13078.585494800845,10842.72388923619
2024-03-03 17:00:00,12319.095487517185,13513.50167559177,11047.923135209881
2024-03-03 18:00:00,12926.37750871738,13902.45235923229,11994.96682794055
2024-03-03 19:00:00,14526.349920134438,16149.775323037358,14524.886518963109
2024-03-03 20:00:00,15188.604259970389,16880.701356559075,14968.5313636254
2024-03-03 21:00:00,15347.729337406907,16880.701356559075,15053.528149988586
2024-03-03 22:00:00,15465.723372471228,16838.681414179882,15039.53203927667
2024-03-03 23:00:00,15465.723372471228,16838.681414179882,15053.528149988586
2024-03-04 00:00:00,15576.525677423268,17424.056979974863,15289.2738745227
2024-03-04 01:00:00,14199.886899114128,15980.501980206804,14206.442582601416
2024-03-04 02:00:00,14404.09292190242,16389.46019070185,14545.588031057563
2024-03-04 03:00:00,13775.150093666569,16533.846914262314,14152.334225725199
2024-03-04 04:00:00,13663.811332161338,16533.846914262314,14152.334225725199
2024-03-04 05:00:00,11959.25493443391,15145.75597897771,11507.403461319254
2024-03-04 06:00:00,11624.651178574597,14841.353448493503,10505.059680790066
2024-03-04 07:00:00,10613.15402375945,13661.25843164048,9030.627257040796
2024-03-04 08:00:00,9733.86145852319,12653.467817984718,7557.424442891121
2024-03-04 09:00:00,5629.597633038467,6988.191692428991,4253.284793186374
2024-03-04 10:00:00,3652.8556761956256,4163.046200621369,2992.528821069276
2024-03-04 11:00:00,2999.478814719113,3237.961331725831,2177.1600947846764
2024-03-04 12:00:00,2679.234144435425,2637.8487092201003,1785.7024367467668
2024-03-04 13:00:00,2563.0430035479394,2637.8487092201003,1785.7024367467668
2024-03-04 14:00:00,2550.1666090833814,2623.2915875763492,1875.1743633496985
2024-03-04 15:00:00,2550.1666090833814,2670.5528648358595,1875.1743633496985
2024-03-04 16:00:00,2551.56334258313,2670.5528648358595,1875.1743633496985
2024-03-04 17:00:00,2867.3147808208714,2987.9471829265385,2176.1043311997646
2024-03-04 18:00:00,3363.0482341803145,3132.1226690712515,2176.1043311997646
2024-03-04 19:00:00,3400.6729458700274,3192.4952259359425,2258.0747692189493
2024-03-04 20:00:00,3667.4281387546384,3240.190126949032,2261.96193045306
2024-03-04 21:00:00,3740.992852033252,3481.3208098436617,2328.7318776740767
2024-03-04 22:00:00,3882.5329985910853,3548.1841545282527,2604.0860665397713
2024-03-04 23:00:00,3896.727213206068,3861.8578860953758,2822.3936183858073
2024-03-05 00:00:00,3973.1450981100243,4048.6160681572896,2957.651747346493
2024-03-05 01:00:00,2926.511898517757,2979.546478864908,2118.177276766184
2024-03-05 02:00:00,2949.3765021054005,2884.952902985956,2099.4684160455918
2024-03-05 03:00:00,2949.3765021054005,2790.209070879427,2087.8117245207914
2024-03-05 04:00:00,2972.016741867609,2790.209070879427,2087.8117245207914
2024-03-05 05:00:00,3120.3320764174746,2846.0661311386234,2171.9580273773804
2024-03-05 06:00:00,3120.3320764174746,3021.3971026070526,2592.7648600332236
2024-03-05 07:00:00,3120.3320764174746,3046.2163447843773,2614.7177111728306
2024-03-05 08:00:00,3285.9674658017307,3110.723460605757,2614.7177111728306
2024-03-05 09:00:00,3285.9674658017307,3127.164971564337,2565.2118767899774
2024-03-05 10:00:00,2834.765702546939,3110.723460605757,2305.0273149885006
2024-03-05 11:00:00,2540.729888662035,3071.5301682565578,2305.0273149885006
2024-03-05 12:00:00,2540.729888662035,3071.5301682565578,2463.8663680331674
2024-03-05 13:00:00,2848.490951395849,3626.861339215545,2681.2831686407326
2024-03-05 14:00:00,3332.7517712448375,3836.4804892451552,3109.7637272799775
2024-03-05 15:00:00,3429.6375305296033,4379.922598707197,3469.469161865852
2024-03-05 16:00:00,3475.178538849634,4783.8548551836375,3560.511190115577
2024-03-05 17:00:00,3916.2129879888525,5253.947325760593,4127.472524557468
2024-03-05 18:00:00,4473.412986059047,5762.981986491574,4603.797849595827
2024-03-05 19:00:00,4809.090721785537,6295.524380557417,4943.6488766753055
2024-03-05 20:00:00,5115.027298642026,6428.1867139427395,4943.6488766753055
2024-03-05 21:00:00,5189.065846211336,6554.846862958473,4974.966396412677
2024-03-05 22:00:00,5446.380079542559,6659.12508996173,5108.73582456101
2024-03-05 23:00:00,5594.837262911421,7158.110898302553,5654.620627582886
2024-03-06 00:00:00,5972.171890930497,7344.827527522435,5837.828581227419
2024-03-06 01:00:00,6461.904989543513,8052.888191378184,6296.589947645235
2024-03-06 02:00:00,6206.655886828829,8030.745387550039,6130.001465666859
2024-03-06 03:00:00,5912.514460436514,7588.09947452367,5785.221801001661
2024-03-06 04:00:00,5750.966457544366,7412.077827982774,5680.033964837099
2024-03-06 05:00:00,5570.913497563627,6586.51909107808,4934.825158389139
2024-03-06 06:00:00,4971.8863583995535,5566.50031338814,4678.660224376215
2024-03-06 07:00:00,4839.603714895923,5283.187854740146,4253.980606025946
2024-03-06 08:00:00,4758.5136334644685,5236.153557562377,4187.029474147925
2024-03-06 09:00:00,4160.503073063517,4135.8511811972185,3417.334197087811
2024-03-06 10:00:00,3705.0986196150857,3873.194387578626,2966.9849256311873
2024-03-06 11:00:00,3621.454557728056,3873.194387578626,2966.0757290759166
2024-03-06 12:00:00,3516.268662727414,3789.004253228414,2931.449847231463
2024-03-06 13:00:00,3339.3565307725817,3595.507850491037,2742.7102457356573
2024-03-06 14:00:00,3144.1744681473,3557.079281360168,2694.323714220549
2024-03-06 15:00:00,2857.086015090572,3357.4061796396004,2694.323714220549
2024-03-06 16:00:00,2857.086015090572,3357.4061796396004,2816.646958380914
2024-03-06 17:00:00,2857.086015090572,3504.36994897739,3011.5887121251403
2024-03-06 18:00:00,2769.976812483179,3504.36994897739,3011.5887121251403
2024-03-06 19:00:00,2735.0243730270677,3278.627577844002,2969.8777416532803
2024-03-06 20:00:00,2710.293474413148,3277.1355320616117,2728.0968638877043
2024-03-06 21:00:00,2650.721979540799,3235.4065840903836,2728.0968638877043
2024-03-06 22:00:00,2650.721979540799,3235.4065840903836,2836.5408181075095
2024-03-06 23:00:00,2862.279777960172,3235.4065840903836,2836.5408181075095
2024-03-07 00:00:00,2870.21812782719,3057.3558574238755,2686.6592547090604
2024-03-07 01:00:00,2739.057548296739,2619.859097552471,2397.484625027221
2024-03-07 02:00:00,2786.587073585809,2641.857360933173,2368.144442259604
2024-03-07 03:00:00,2936.143611304901,2704.182333903091,2464.9878684425357
2024-03-07 04:00:00,2949.905301243157,2812.594930945884,2616.4516534887916
2024-03-07 05:00:00,3048.2127682927085,2829.026128858541,2683.188793098001
2024-03-07 06:00:00,3275.742388397108,3057.662263132376,2707.5940506816014
2024-03-07 07:00:00,3515.0720532122346,3277.497986263728,2826.789762933984
2024-03-07 08:00:00,3983.233799012412,4028.6291851283195,3191.2016115393076
2024-03-07 09:00:00,3515.0720532122346,4028.6291851283195,2872.082980557366
2024-03-07 10:00:00,3503.03011031594,4120.026728873696,3135.754247951575
2024-03-07 11:00:00,3503.03011031594,4722.121222389762,3053.065704382526
2024-03-07 12:00:00,3777.5874985660753,4792.534697338086,3135.754247951575
2024-03-07 13:00:00,4132.420575833423,4792.534697338086,3368.221880256949
2024-03-07 14:00:00,4963.179763335296,5101.878472626503,3800.6444348757677
2024-03-07 15:00:00,6565.294498722612,7655.298470673949,5743.711052870961
2024-03-07 16:00:00,7351.107625814478,8580.518641823566,7485.5578352948405
2024-03-07 17:00:00,8390.429444696001,8978.42386991546,7769.421447235431
2024-03-07 18:00:00,9413.864782341872,9379.935010842019,7788.997202190748
2024-03-07 19:00:00,9671.215783379937,9401.72616584739,8312.721707357952
2024-03-07 20:00:00,10513.67058774634,9907.585297310805,9217.824646410267
2024-03-07 21:00:00,11816.401597589045,12745.30309784311,11357.050600077195
2024-03-07 22:00:00,13104.388135257948,13763.992150590144,12791.979892519672
2024-03-07 23:00:00,14267.655947916393,14510.988867989134,13538.926556736347
2024-03-08 00:00:00,14371.050324802036,14602.286787272667,13626.520342499321
2024-03-08 01:00:00,15034.006500816515,14863.254197403588,13574.654042862192
2024-03-08 02:00:00,14632.637113745723,14619.72509280869,13089.85911296451
2024-03-08 03:00:00,14116.081401502848,14619.72509280869,12944.789242894436
2024-03-08 04:00:00,13714.14577219575,15550.144088268597,12944.789242894436
2024-03-08 05:00:00,13430.762053247789,15820.3157773644,12872.44315585092
2024-03-08 06:00:00,13557.83251355454,15820.3157773644,12872.44315585092
2024-03-08 07:00:00,13557.83251355454,14869.207377449324,12741.78743536273
2024-03-08 08:00:00,13993.803447697248,14009.762089736894,11944.572054580247
2024-03-08 09:00:00,13993.803447697248,12876.802272309622,11379.474477438884
2024-03-08 10:00:00,13761.612068308023,12685.420866012602,11072.669985024706
2024-03-08 11:00:00,13521.484215964247,12221.297740498176,10868.814018808214
2024-03-08 12:00:00,12800.38440966071,11287.336912521134,10185.291303480562
2024-03-08 13:00:00,12800.38440966071,11287.336912521134,10185.291303480562
2024-03-08 14:00:00,12800.38440966071,11575.150466421688,10386.273270578386
2024-03-08 15:00:00,12046.653181849708,11575.150466421688,10386.273270578386
2024-03-08 16:00:00,10876.631994270054,11214.719306355331,8635.807859928711
2024-03-08 17:00:00,9848.653143661211,9941.439463498647,7466.642063781845
2024-03-08 18:00:00,8147.918133484685,8855.235146859264,6652.733253973058
2024-03-08 19:00:00,7305.3701248234265,6690.111449899091,5527.3090479676375
2024-03-08 20:00:00,7130.111843657125,6672.945516230031,5453.440753070699
2024-03-08 21:00:00,7029.293466212197,6690.111449899091,5527.3090479676375
2024-03-08 22:00:00,6419.683104265567,7041.858534319607,5341.396302044293
2024-03-08 23:00:00,6468.956668230515,7041.858534319607,5261.7167825604365
2024-03-09 00:00:00,6413.611147219188,6820.2322534761115,5031.402993330877
2024-03-09 01:00:00,5301.964311184847,5155.222248737408,3604.7983112817446
2024-03-09 02:00:00,5250.737884048364,5074.76209811593,3516.5483230390687
2024-03-09 03:00:00,5033.21737785568,4834.337148146338,3447.5361270896333
2024-03-09 04:00:00,4902.331454167795,4726.583848226127,3447.5361270896333
2024-03-09 05:00:00,4496.035025256848,4559.278732641838,3447.5361270896333
2024-03-09 06:00:00,4362.36674069982,4129.347875607755,3243.2234468642105
2024-03-09 07:00:00,4147.405596722706,4030.5420152985344,3185.9800517100703
2024-03-09 08:00:00,3343.1506987829353,3282.120731554859,2666.705457081029
2024-03-09 09:00:00,2779.160971703221,2614.4706779968524,2155.8669752869914
2024-03-09 10:00:00,2701.0371622475195,2614.4706779968524,2043.9892131690879
2024-03-09 11:00:00,2571.9211347298524,2568.860087003148,1916.8088010674353
2024-03-09 12:00:00,2655.379011579381,2514.5189415554437,1963.7525437713125
2024-03-09 13:00:00,2655.379011579381,2514.5189415554437,1963.7525437713125
2024-03-09 14:00:00,3020.88329679451,2577.6967950487237,2340.56174084293
2024-03-09 15:00:00,3146.070783358538,2811.881537151335,2359.08786764878
2024-03-09 16:00:00,3302.4801964123776,3251.671552024563,2437.890954769677
2024-03-09 17:00:00,3330.8125268378994,3410.168799098724,2437.890954769677
2024-03-09 18:00:00,3383.842266999212,3441.1620000802372,2437.890954769677
2024-03-09 19:00:00,3479.2252114722664,3691.735498815576,2554.135556692201
2024-03-09 20:00:00,4238.906969703659,4134.724161211779,3088.9020740924643
2024-03-09 21:00:00,5255.940442578069,4709.032863994664,3790.7288931757093
2024-03-09 22:00:00,5771.322902334457,6037.679838811265,4478.478281112765
2024-03-09 23:00:00,6439.43139393675,7565.413991467729,5494.278206947919
2024-03-10 00:00:00,7201.5943273189205,7961.996598235663,6008.569845644735
2024-03-10 01:00:00,9271.06066911973,11640.850896382195,7747.870719649599
2024-03-10 02:00:00,9665.885830905192,12131.116740531977,7919.92054474898
2024-03-10 03:00:00,9712.720724242636,12131.116740531977,7919.92054474898
2024-03-10 04:00:00,9712.720724242636,11575.906612580908,7748.0420181780255
2024-03-10 05:00:00,8968.785923134004,11182.191943205327,6798.766593251598
2024-03-10 06:00:00,8754.480124117339,10163.370163659176,6435.1439164849835
2024-03-10 07:00:00,8554.57338216382,9971.227150054086,6371.887807203903
2024-03-10 08:00:00,7777.743867218761,9083.547344493252,5857.3907238720685
2024-03-10 09:00:00,5819.2568977564515,6856.143913335944,4469.536997265498
2024-03-10 10:00:00,4396.397039598906,5217.805744236727,3758.0053288929766
2024-03-10 11:00:00,3617.998415580342,4139.789087516225,2974.590025020538
2024-03-10 12:00:00,3617.998415580342,4139.789087516225,2974.590025020538
2024-03-10 13:00:00,4014.0051295189282,4389.631093310114,3129.1499596836957
2024-03-10 14:00:00,4539.565375264748,4551.809032363783,3300.4838816522556
2024-03-10 15:00:00,4707.277592618121,4475.431268064492,3573.612511729187
2024-03-10 16:00:00,5077.1490162686405,4799.149526927936,3626.6783257912075
2024-03-10 17:00:00,5130.894418303991,5576.123524856424,4134.908835451414
2024-03-10 18:00:00,5657.633224408905,7693.368921452107,5722.838850460102
2024-03-10 19:00:00,10102.420393169406,12149.659980979279,8789.95504150446
2024-03-10 20:00:00,11728.149485984113,14707.542118917312,10743.100523942208
2024-03-10 21:00:00,13978.7972760389,16632.24041944027,12643.938583772586
2024-03-10 22:00:00,15402.861372913147,17816.761705845573,14468.021249174792
2024-03-10 23:00:00,17423.330392309617,18667.046606694286,16157.888398473626
2024-03-11 00:00:00,18381.19403948132,19014.172100232117,16922.37516565269
2024-03-11 01:00:00,18183.89213567885,19096.547095812595,16718.909269812262
2024-03-11 02:00:00,18919.04243308329,19489.117590053844,17329.487146232022
2024-03-11 03:00:00,19112.972101232077,19489.117590053844,17329.487146232022
2024-03-11 04:00:00,19441.70014950582,19142.03502084175,16961.73411158473
2024-03-11 05:00:00,19441.70014950582,19142.03502084175,16944.968133950366
2024-03-11 06:00:00,19388.954888139902,19126.77646615207,16944.968133950366
2024-03-11 07:00:00,18418.66402746276,18969.392837336803,16632.637865984347
2024-03-11 08:00:00,18028.534116367366,17686.67347428919,15719.545720497525
2024-03-11 09:00:00,17498.006525037494,17600.012933959915,15701.513272203883
2024-03-11 10:00:00,14405.440346202091,15509.056308922538,12571.134083509989
2024-03-11 11:00:00,13208.452984632599,15352.386921298992,12075.668148283206
2024-03-11 12:00:00,12586.032459590033,14996.078779370762,11978.862979665599
2024-03-11 13:00:00,10812.866317659884,13166.43337655775,11084.016849959335
2024-03-11 14:00:00,10692.346606138337,12492.8401751634,10734.574303667752
2024-03-11 15:00:00,10460.16126306555,11483.196314547647,10158.585231821091
2024-03-11 16:00:00,9097.779554875773,10673.75854483174,7892.243770180656
2024-03-11 17:00:00,8222.816655485754,9294.423561624613,7259.760595079037
2024-03-11 18:00:00,7977.933444980471,8622.807336620943,7097.018924974099
2024-03-11 19:00:00,7977.933444980471,8622.807336620943,7097.018924974099
2024-03-11 20:00:00,8308.001666419394,10200.795907891747,7415.599078898708
2024-03-11 21:00:00,8565.358010695623,10851.864020339384,8017.392429442518
2024-03-11 22:00:00,9427.094888538102,11622.845894838405,9484.788499493314
2024-03-11 23:00:00,9751.54619153591,12005.029515899128,9645.4540730526
2024-03-12 00:00:00,9750.110054904617,11813.937705368768,9852.489676335774
2024-03-12 01:00:00,11553.206963240196,14506.300264268004,9668.939714992477
2024-03-12 02:00:00,12101.495659602695,14859.51207968884,9929.053282505804
2024-03-12 03:00:00,12101.495659602695,14859.51207968884,9929.053282505804
2024-03-12 04:00:00,8890.940948959025,11262.867490614311,7037.121485347459
2024-03-12 05:00:00,7024.093088737422,8518.159174587352,5385.982425997373
2024-03-12 06:00:00,5654.229323121226,6557.851540814931,4668.252836832855
2024-03-12 07:00:00,4913.479857382527,5699.253001708093,4163.987088714249
2024-03-12 08:00:00,3784.8979153560554,4894.3875896017835,3340.973729817216
2024-03-12 09:00:00,3072.8739656820385,3589.6915347289623,2595.597735117044
2024-03-12 10:00:00,3072.8739656820385,3589.6915347289623,2489.6251372534434
2024-03-12 11:00:00,3414.855650131821,3605.0633573164378,2489.6251372534434
2024-03-12 12:00:00,3787.391174957942,3642.9923630854923,2765.5796638765146
2024-03-12 13:00:00,4111.355643555651,3923.1316831728864,2975.024361445233
2024-03-12 14:00:00,4202.520256970014,4054.655700686845,3166.150557111235
2024-03-12 15:00:00,4224.265878550682,4145.316597463087,3448.0799818450687
2024-03-12 16:00:00,4442.240938518428,4147.387962751548,3563.645315549083
2024-03-12 17:00:00,4442.240938518428,4344.547562166171,3629.852716444224
2024-03-12 18:00:00,4192.054592195988,4347.156497636218,3563.645315549083
2024-03-12 19:00:00,3861.9458883530488,4347.156497636218,3478.034268575425
2024-03-12 20:00:00,3823.2113790054236,3828.6997110362367,3397.636862517229
2024-03-12 21:00:00,3823.2113790054236,3828.6997110362367,3210.5074486557596
2024-03-12 22:00:00,4021.0156801675594,4013.235636336836,3210.5074486557596
2024-03-12 23:00:00,4646.823670942782,4904.331931375383,4007.569840985351
2024-03-13 00:00:00,4744.10484050269,5093.560657062282,4034.929355916
2024-03-13 01:00:00,6228.378813753699,7206.995134012042,5473.118278924761
2024-03-13 02:00:00,6800.588759707318,8143.635082564257,6109.26030171674
2024-03-13 03:00:00,9104.2775769312,10958.115426076649,7915.188304371443
2024-03-13 04:00:00,10947.245893779258,13517.229200489735,10582.065254737907
2024-03-13 05:00:00,12436.748960392026,15317.125841836634,12096.535241599895
2024-03-13 06:00:00,12757.10628960031,15317.125841836634,13170.33798466039
2024-03-13 07:00:00,12864.176439065968,15868.14109201385,13288.6194058828
2024-03-13 08:00:00,12757.10628960031,15059.630934679371,13170.33798466039
2024-03-13 09:00:00,12280.902546338173,14873.898055514186,11500.757679707629
2024-03-13 10:00:00,11794.728335818278,13103.282531272176,10869.031738255257
2024-03-13 11:00:00,9802.599765179588,10226.835401969085,8426.525970295368
2024-03-13 12:00:00,9802.599765179588,10125.599852678872,8426.525970295368
2024-03-13 13:00:00,10024.185447466134,10125.599852678872,8822.208421883483
2024-03-13 14:00:00,11274.020693087183,11584.12849306025,9613.718804086882
2024-03-13 15:00:00,12201.691191711598,12569.894448729072,10562.944322546418
2024-03-13 16:00:00,15202.971120069298,16078.271142519405,13695.038511426596
2024-03-13 17:00:00,15956.284495305492,18374.015536840092,15094.430758919825
2024-03-13 18:00:00,16548.844952753647,18613.253618560677,15534.351930587673
2024-03-13 19:00:00,16947.060439205496,19147.531603882584,16835.12941056611
2024-03-13 20:00:00,17299.176919515543,19450.76628539392,17082.910886971105
2024-03-13 21:00:00,17321.49131976652,19450.76628539392,17286.46519976361
2024-03-13 22:00:00,17321.49131976652,19401.136470889895,17297.381055462174
2024-03-13 23:00:00,17308.626526974353,19401.136470889895,17297.381055462174
2024-03-14 00:00:00,17263.460417987757,19464.382129798854,17240.835464116637
2024-03-14 01:00:00,16557.768954644333,19121.108708115156,16905.016126078903
2024-03-14 02:00:00,16475.63364893598,19130.118288357084,16893.71082342511
2024-03-14 03:00:00,16475.63364893598,19203.484950197657,16638.334318283574
2024-03-14 04:00:00,16085.696258526677,19400.901414229425,16638.334318283574
2024-03-14 05:00:00,15927.127355174298,19400.901414229425,16574.2095243212
2024-03-14 06:00:00,15908.741461210646,18818.65417404753,16574.2095243212
2024-03-14 07:00:00,15392.300352919236,18489.852601750936,15477.406980161875
2024-03-14 08:00:00,13587.625511259079,17163.3783960653,13371.041045185377
2024-03-14 09:00:00,13215.158849901802,14629.001944310508,11160.36798898075
2024-03-14 10:00:00,10125.36351462781,11650.255006848392,8697.020688558852
2024-03-14 11:00:00,7893.42418196926,9387.067289041119,7175.912446124783
2024-03-14 12:00:00,6870.583265194107,7606.022920846629,5944.976599379508
2024-03-14 13:00:00,6426.711737169791,5878.058338715289,4861.831746018692
2024-03-14 14:00:00,6426.711737169791,5878.058338715289,4861.831746018692
2024-03-14 15:00:00,6688.442983871544,6170.5570436306625,5640.429317675164
2024-03-14 16:00:00,8675.205320978263,8580.295847209738,7336.291216110144
2024-03-14 17:00:00,9443.463880305975,8758.50811090031,8536.693593961623
2024-03-14 18:00:00,10371.120448923055,10460.107186439713,9268.72033346695
2024-03-14 19:00:00,11849.025156257045,13116.626311123986,11634.955087201794
2024-03-14 20:00:00,14352.240362176846,17050.225630891997,14705.663897318726
2024-03-14 21:00:00,16076.777537549573,18628.784967630058,16710.16362230009
2024-03-14 22:00:00,17065.93516716728,18628.784967630058,17575.766212183058
2024-03-14 23:00:00,17281.817097536717,18838.119745481745,18080.907127979637
2024-03-15 00:00:00,17318.751014865746,18671.499723725523,18099.36978318754
2024-03-15 01:00:00,17229.480952484682,18716.186473915153,17140.74542942872
2024-03-15 02:00:00,17454.700795191922,18632.78508441378,17107.768657895704
2024-03-15 03:00:00,17660.4136598277,18799.587863416527,17173.722200961736
2024-03-15 04:00:00,19030.89689443024,18851.444923523803,17950.11552851861
2024-03-15 05:00:00,19109.033729200706,18863.543822213225,18037.59874047311
2024-03-15 06:00:00,19239.429190212253,18870.893166967744,18073.64774525843
2024-03-15 07:00:00,19436.131646079863,19079.23844452037,18192.26399496007
2024-03-15 08:00:00,19436.131646079863,19114.909415543825,18192.26399496007
2024-03-15 09:00:00,18883.58857016926,19161.246747223,18074.275724730534
2024-03-15 10:00:00,17243.271971596165,19275.244876102635,17683.902297244545
2024-03-15 11:00:00,16830.26202979358,19275.244876102635,17071.73163607713
2024-03-15 12:00:00,16796.005242689982,19073.198795816254,16608.99439292437
2024-03-15 13:00:00,16615.1438806147,19025.688787635037,16266.308979920079
2024-03-15 14:00:00,16395.965397964297,18652.765739214643,16227.447356786713
2024-03-15 15:00:00,16375.010052693771,18311.17161405629,16227.447356786713
2024-03-15 16:00:00,16234.85621528454,18034.655909377445,16455.65453449006
2024-03-15 17:00:00,15692.342626859725,17653.88056992888,16501.00371511399
2024-03-15 18:00:00,15450.08444539131,17653.61464249457,16501.00371511399
2024-03-15 19:00:00,14987.534787402587,17441.477134992627,15463.618434349988
2024-03-15 20:00:00,14341.945027543154,17400.307957784815,14668.746251636458
2024-03-15 21:00:00,14341.945027543154,16285.849273687763,13076.59489295624
2024-03-15 22:00:00,14983.34547341635,16285.849273687763,13076.59489295624
2024-03-15 23:00:00,14983.34547341635,16285.849273687763,13076.59489295624
2024-03-16 00:00:00,12633.062993283453,14411.091819717376,11370.345805702884
2024-03-16 01:00:00,8041.312846522962,7148.683522625584,5512.783731112733
2024-03-16 02:00:00,6774.979315382485,5865.6806988402695,4727.814261864623
2024-03-16 03:00:00,4267.600488025525,3491.3962629065727,3030.5411313125924
2024-03-16 04:00:00,3719.0461907279328,3491.3962629065727,2536.330160051103
2024-03-16 05:00:00,3320.4307380995624,3500.221555571842,2536.330160051103
2024-03-16 06:00:00,3288.2989437315737,3508.534361493638,2522.115905584075
2024-03-16 07:00:00,3269.5611363286916,3508.534361493638,2501.268730694939
2024-03-16 08:00:00,3241.348899409041,3216.3750410194452,2203.4030525126664
2024-03-16 09:00:00,3269.5611363286916,3216.3750410194452,2203.4030525126664
2024-03-16 10:00:00,3320.2721226730982,3323.9432629379808,2269.77238159316
2024-03-16 11:00:00,3320.2721226730982,3501.8828772966735,2388.9563905795326
2024-03-16 12:00:00,3290.6837890067463,3501.8828772966735,2388.9563905795326
2024-03-16 13:00:00,3019.063796372071,3501.8828772966735,2105.649255822891
2024-03-16 14:00:00,3019.063796372071,3701.596829255717,2091.4106838870457
2024-03-16 15:00:00,3147.55206647702,3751.1028390142324,2105.649255822891
2024-03-16 16:00:00,3783.363571610127,3767.5255828222885,2118.6902110406313
2024-03-16 17:00:00,4979.050255417151,6756.722102290177,4318.202084467135
2024-03-16 18:00:00,6044.1890808135595,7494.787821721611,5716.722497413131
2024-03-16 19:00:00,7040.241901281444,9762.382600295748,7170.303921610784
2024-03-16 20:00:00,8804.627747756456,11166.243271861818,9492.232417677003
2024-03-16 21:00:00,10013.927175047525,12012.686626505441,10078.717595551234
2024-03-16 22:00:00,10999.943252197387,13917.317220171224,11504.354089791475
2024-03-16 23:00:00,11761.147562044538,14236.750967047648,12335.258635169059
2024-03-17 00:00:00,13711.330181440466,15307.601031282145,13695.93965666094
2024-03-17 01:00:00,16579.639691078137,19274.07195353884,16912.979423216333
2024-03-17 02:00:00,17719.14847594619,19970.661353722156,17398.410972752194
2024-03-17 03:00:00,18038.952516524423,19970.661353722156,17398.410972752194
2024-03-17 04:00:00,18218.204238129765,19174.523678935664,17310.833541876662
2024-03-17 05:00:00,18218.204238129765,19140.09531893797,17280.87849517263
2024-03-17 06:00:00,18218.204238129765,19134.867583702893,17125.486065732366
2024-03-17 07:00:00,17796.64747859269,19134.867583702893,16610.132190022614
2024-03-17 08:00:00,17484.06025105673,19105.45158688121,16545.831297740624
2024-03-17 09:00:00,16193.606652356772,19088.85700443633,15904.24507960879
2024-03-17 10:00:00,15768.676157578706,19088.85700443633,15359.36950928663
2024-03-17 11:00:00,15354.42036738011,17726.8683984358,13669.00478103424
2024-03-17 12:00:00,14228.467812465871,14469.195970397423,11706.156169705284
2024-03-17 13:00:00,12128.07766899308,12090.231302101789,9283.982857286766
2024-03-17 14:00:00,11231.183529494852,10299.149475491522,8498.349763940543
2024-03-17 15:00:00,8696.70450038993,8379.159793593251,6510.631586595296
2024-03-17 16:00:00,7829.689297911935,7487.136022546647,6061.176939932187
2024-03-17 17:00:00,5935.044036228652,6506.756534875854,4479.02416210865
2024-03-17 18:00:00,5099.0862217322665,4932.3238740699835,3285.241638615252
2024-03-17 19:00:00,4318.74981234842,4222.5904284910375,2662.79866709918
2024-03-17 20:00:00,4318.74981234842,4092.482805660335,2662.79866709918
2024-03-17 21:00:00,4318.74981234842,3954.2912819727812,2872.713732596435
2024-03-17 22:00:00,4431.625196588348,3954.2912819727812,2940.9590514545807
2024-03-17 23:00:00,4730.277043632181,3941.059801495164,3089.346086683544
2024-03-18 00:00:00,4767.400651019168,3885.426400171137,3220.0535285293618
2024-03-18 01:00:00,2531.9773820503647,2325.7814153234885,1572.4800561724114
2024-03-18 02:00:00,2412.068858058815,2348.65391423625,1578.0721747356508
2024-03-18 03:00:00,2407.1894279600624,2394.991153044748,1625.7613303562111
2024-03-18 04:00:00,2407.1894279600624,2501.8086832653034,1858.4359838780322
2024-03-18 05:00:00,2847.942474591683,3075.9453492176326,2265.198597260449
2024-03-18 06:00:00,3027.631063442616,3180.0274426477067,2320.3675502058522
2024-03-18 07:00:00,3562.6798603695984,3447.4008615549983,2327.4507405078416
2024-03-18 08:00:00,3562.6798603695984,3447.4008615549983,2327.4507405078416
2024-03-18 09:00:00,3490.6011113400214,3276.33929774229,2021.9849998393688
2024-03-18 10:00:00,2972.776990221058,2867.297791743627,2021.9849998393688
2024-03-18 11:00:00,2972.776990221058,2867.297791743627,2527.105884461849
2024-03-18 12:00:00,4449.402937647597,4110.950036156086,3550.4228403065185
2024-03-18 13:00:00,6298.5240533590495,5411.9629555525535,4677.828867362453
2024-03-18 14:00:00,7156.831382012312,6325.302714473188,5031.413216050961
2024-03-18 15:00:00,7698.68216608903,6385.002279555032,5477.851777292723
2024-03-18 16:00:00,7698.68216608903,7103.678760875266,6315.127408837973
2024-03-18 17:00:00,7519.414518385665,7103.678760875266,6315.127408837973
2024-03-18 18:00:00,6641.267252137423,7103.678760875266,6405.8288576917275
2024-03-18 19:00:00,6641.267252137423,7443.12383035089,6405.8288576917275
2024-03-18 20:00:00,7331.243576948507,8603.980171946396,7292.969534129874
2024-03-18 21:00:00,9921.76558097691,10373.248158294584,9541.412105239015
2024-03-18 22:00:00,11001.773050748245,13419.773617811015,11218.945450537905
2024-03-18 23:00:00,11910.619355358198,14974.8514248255,12785.477359795137
2024-03-19 00:00:00,12469.417951854135,15139.43306964129,13011.431873860041
2024-03-19 01:00:00,12925.518368961144,16168.123100872495,13341.583835246536
2024-03-19 02:00:00,13720.549607149826,16002.73004731143,13722.99634178024
2024-03-19 03:00:00,14555.525566903874,16333.51615443356,14259.790361536341
2024-03-19 04:00:00,15753.70609772363,16638.475453425657,15428.914556577516
2024-03-19 05:00:00,16516.503173160232,17419.672102876346,15581.41127918126
2024-03-19 06:00:00,16516.503173160232,18509.57405316378,16890.044993646377
2024-03-19 07:00:00,16317.244589771872,18550.909307461356,16890.044993646377
2024-03-19 08:00:00,15456.080877885324,18509.57405316378,16496.613457220134
2024-03-19 09:00:00,14594.036461221505,18257.905345358748,16082.764978214287
2024-03-19 10:00:00,14218.337328156553,16973.160217392062,15144.430744963285
2024-03-19 11:00:00,13879.880229682352,16920.266036563997,15061.283390744225
2024-03-19 12:00:00,14144.129300994828,16920.266036563997,15065.164256421243
2024-03-19 13:00:00,14144.129300994828,17145.85734142345,15065.164256421243
2024-03-19 14:00:00,14994.142664526842,18155.18059950281,15391.289956066768
2024-03-19 15:00:00,15820.925055578837,18155.18059950281,15416.969364505025
2024-03-19 16:00:00,15971.505561601545,18159.03338998539,15416.969364505025
2024-03-19 17:00:00,15971.505561601545,18459.406031025872,15491.46061973894
2024-03-19 18:00:00,15971.505561601545,18729.956209160307,15497.735599415091
2024-03-19 19:00:00,15958.766429505766,18729.956209160307,15497.735599415091
2024-03-19 20:00:00,14350.422723303735,17992.712466776808,14449.576842389555
2024-03-19 21:00:00,14156.581837175147,16530.737979008067,13265.311853948111
2024-03-19 22:00:00,14156.581837175147,16372.27322253171,13265.311853948111
2024-03-19 23:00:00,14493.916944074663,16149.260097274999,13705.868321405334
2024-03-20 00:00:00,14917.92716699501,16260.766659903355,13925.001586836526
2024-03-20 01:00:00,13214.565567860613,14595.144650425722,11674.164041253103
2024-03-20 02:00:00,12007.351840891819,13993.824018229952,11866.886509254711
2024-03-20 03:00:00,11818.407351437792,13498.203627161545,11081.874998760384
2024-03-20 04:00:00,9477.434586612992,11094.16267249532,9434.215439420845
2024-03-20 05:00:00,7169.549130802472,8171.670904573492,6609.888605453087
2024-03-20 06:00:00,6795.707700738312,8171.670904573492,6201.821264779531
2024-03-20 07:00:00,6417.710706079636,8171.670904573492,6201.821264779531
2024-03-20 08:00:00,5968.021395444218,6263.78166463239,5585.378152424897
2024-03-20 09:00:00,5357.181263053319,6212.182270094301,5103.0683787505095
2024-03-20 10:00:00,5163.561926031021,4444.491465262515,4103.118559505388
2024-03-20 11:00:00,4578.231214250855,4372.259100755513,4070.327631601753
2024-03-20 12:00:00,4578.231214250855,4372.259100755513,3703.5668183075913
2024-03-20 13:00:00,4769.570509276326,4495.705224080848,3703.5668183075913
2024-03-20 14:00:00,4775.890460219794,4495.705224080848,3703.5668183075913
2024-03-20 15:00:00,4775.890460219794,4259.233990805554,3656.8615526325957
2024-03-20 16:00:00,4391.634478836806,4259.233990805554,3527.0897880497478
2024-03-20 17:00:00,4356.015512513679,4711.850419559514,3457.829259286935
2024-03-20 18:00:00,4356.015512513679,4833.628801122953,3457.829259286935
2024-03-20 19:00:00,4808.906669484516,5382.093455893673,4266.532270348316
2024-03-20 20:00:00,6000.903528678087,7510.132731174333,6116.935783537728
2024-03-20 21:00:00,6630.587220354209,7777.994983812336,6246.310160268971
2024-03-20 22:00:00,7656.648434249997,7865.421638576321,6985.683390494528
2024-03-20 23:00:00,7875.60525993744,8091.980988795124,7098.095443269805
2024-03-21 00:00:00,8004.54377157382,7978.701313685722,7041.889416882166
2024-03-21 01:00:00,6740.050873432849,7264.734128694753,5595.519950394236
2024-03-21 02:00:00,6734.2862573982975,7133.27091334221,5590.271688408444
2024-03-21 03:00:00,6726.276305753502,7133.27091334221,5350.189859674896
2024-03-21 04:00:00,6390.502670549705,7353.22692340828,5341.166379389274
2024-03-21 05:00:00,5954.982584708796,7594.697626962957,5059.965714608043
2024-03-21 06:00:00,5919.119658169917,7353.22692340828,4781.825528147359
2024-03-21 07:00:00,5730.51472661949,7300.439985849732,4404.053465063405
2024-03-21 08:00:00,5438.479361968747,6525.392039299257,3979.5610502860764
2024-03-21 09:00:00,4185.9022900456675,4846.97457510897,3138.0336345245655
2024-03-21 10:00:00,3573.0552940154803,3602.1234258544746,2948.715367645521
2024-03-21 11:00:00,3573.0552940154803,3602.1234258544746,2948.715367645521
2024-03-21 12:00:00,3755.5101582196307,3756.291130863729,2948.715367645521
2024-03-21 13:00:00,4303.079056480458,4153.38871507727,2889.271386321863
2024-03-21 14:00:00,4303.079056480458,4153.38871507727,2889.271386321863
2024-03-21 15:00:00,4021.4375840338507,4153.38871507727,3149.627171546631
2024-03-21 16:00:00,4021.4375840338507,4386.943728057477,3170.725851662296
2024-03-21 17:00:00,4291.661034780293,4656.284702741197,3366.22119879925
2024-03-21 18:00:00,4763.949564210465,5339.5246195079035,3656.7835433562313
2024-03-21 19:00:00,4767.591154212847,5550.085549169788,3928.7124456613296
2024-03-21 20:00:00,5325.253671725043,6298.404760785322,4602.509511097505
2024-03-21 21:00:00,5624.869677012005,6587.3771735089085,4986.1875543051765
2024-03-21 22:00:00,6661.409823724787,7911.780839216936,5834.919595284613
2024-03-21 23:00:00,6661.409823724787,7911.780839216936,5834.919595284613
2024-03-22 00:00:00,6389.315131410092,7885.980472961762,5529.886438152664
2024-03-22 01:00:00,4170.401349255071,4723.172210820399,3118.2921628421964
2024-03-22 02:00:00,4252.420627019589,4843.804366539716,3188.1132176365054
2024-03-22 03:00:00,4120.0429595888245,4602.5400551010825,3146.933486479761
2024-03-22 04:00:00,4120.0429595888245,4576.469618336225,3146.933486479761
2024-03-22 05:00:00,3718.07741091713,3830.458889940159,2852.469117314298
2024-03-22 06:00:00,3718.07741091713,3830.458889940159,2751.485654322557
2024-03-22 07:00:00,3725.7202985427875,3855.811310320336,2751.485654322557
2024-03-22 08:00:00,4178.800842989175,4608.3167594921015,3353.805265634448
2024-03-22 09:00:00,4196.885965032203,5169.147793108341,3790.515584795
2024-03-22 10:00:00,4751.164210092136,5673.765424314489,4460.490642490331
2024-03-22 11:00:00,6356.700297322783,7848.650805752349,5855.68093233428
2024-03-22 12:00:00,6487.777794902322,7872.014179753016,6005.365026555899
2024-03-22 13:00:00,7025.977719676237,8277.420859051586,6295.712020540062
2024-03-22 14:00:00,8360.030854898398,10406.362974077576,7748.694369465235
2024-03-22 15:00:00,11281.66712974407,13591.00013515098,10830.814150519573
2024-03-22 16:00:00,12372.883824114935,14251.266713201267,11763.257321055129
2024-03-22 17:00:00,13300.400370666257,15348.52663228848,12925.35700095657
2024-03-22 18:00:00,13919.306906334872,16044.320344808866,13794.68117327052
2024-03-22 19:00:00,14602.035748162583,17112.401590084297,14601.097169528954
2024-03-22 20:00:00,14602.035748162583,17112.401590084297,14601.097169528954
2024-03-22 21:00:00,14085.102540811407,16742.967787113572,14136.011105199697
2024-03-22 22:00:00,13636.391347237022,16639.408194835207,14109.87328693255
2024-03-22 23:00:00,13039.174808258287,16567.234089681227,13969.21548226953
2024-03-23 00:00:00,12916.389816332765,16396.008476566756,14039.517508581903
2024-03-23 01:00:00,14476.13860243079,17423.29971530859,15171.794931522705
2024-03-23 02:00:00,14427.492696414842,17280.238997212924,14948.444578760653
2024-03-23 03:00:00,13816.92464514292,16561.82115468345,14567.868726560857
2024-03-23 04:00:00,13246.452891946285,15309.495817067658,13878.421224614514
2024-03-23 05:00:00,11829.564552929944,14039.311204027166,12259.797793260488
2024-03-23 06:00:00,11687.229069661986,13754.26866217329,11916.956690034334
2024-03-23 07:00:00,10888.345939001036,13754.26866217329,11508.99326193848
2024-03-23 08:00:00,10283.854034434731,12649.58875997427,10797.336051704153
2024-03-23 09:00:00,10142.35450720408,11514.264596263867,9984.75238721784
2024-03-23 10:00:00,7932.5143789576105,8724.916396015478,6728.18571992841
2024-03-23 11:00:00,7184.1139727820755,7067.391952753387,5458.6025488115165
2024-03-23 12:00:00,6176.378819883491,5803.811731461733,4544.307114491058
2024-03-23 13:00:00,5796.879993941568,5505.927989862078,4054.1185981085996
2024-03-23 14:00:00,5282.929641694855,5103.049743295201,3744.8568992973087
2024-03-23 15:00:00,5238.613967178149,4551.332427495767,3165.9022354710596
2024-03-23 16:00:00,4981.143049738946,4139.878829383161,3021.174351129356
2024-03-23 17:00:00,4040.468829519976,3458.1941959980613,2679.078824648891
2024-03-23 18:00:00,3996.64984810037,3458.1941959980613,2679.078824648891
2024-03-23 19:00:00,3996.64984810037,3963.369414087619,2998.674806943076
2024-03-23 20:00:00,4044.4527004223355,4094.476921968971,3057.2080754791
2024-03-23 21:00:00,4446.995414656917,4400.780823804628,3176.429855903268
2024-03-23 22:00:00,4446.995414656917,4400.780823804628,3176.429855903268
2024-03-23 23:00:00,3426.0333789590522,3833.677124818674,2732.981052314014
2024-03-24 00:00:00,3363.6008854762285,3660.4831282674922,2574.236552217837
2024-03-24 01:00:00,3172.210404659965,2759.970887525973,2189.93507158422
2024-03-24 02:00:00,3182.661757708679,2849.8992719479907,2286.992654794305
2024-03-24 03:00:00,3299.8238129685406,2999.5108328664865,2296.1841591083926
2024-03-24 04:00:00,3299.8238129685406,3060.5975485914887,2296.1841591083926
2024-03-24 05:00:00,3299.8238129685406,3231.7741040010105,2296.1841591083926
2024-03-24 06:00:00,3796.2220640041924,3726.506011368792,2863.009545299219
2024-03-24 07:00:00,3809.384285370876,3886.1775875950943,3217.146948499664
2024-03-24 08:00:00,4238.839306283629,4821.05921846751,3875.644429876133
2024-03-24 09:00:00,4238.839306283629,4865.307242652596,3875.644429876133
2024-03-24 10:00:00,4153.53750905632,4864.314588914449,3776.979057891406
2024-03-24 11:00:00,3799.308512130031,4864.314588914449,3569.5618596083686
2024-03-24 12:00:00,3799.308512130031,4864.314588914449,3569.5618596083686
2024-03-24 13:00:00,3677.384433345025,5247.12222999419,3885.460045252683
2024-03-24 14:00:00,3677.384433345025,5604.948004028083,3893.0817440709934
2024-03-24 15:00:00,3677.384433345025,5604.948004028083,4049.3990579112824
2024-03-24 16:00:00,3765.129658198462,5189.735172510731,3893.0817440709934
2024-03-24 17:00:00,3802.559459870439,4872.107179208026,3869.666545393347
2024-03-24 18:00:00,3991.6022149002806,4872.107179208026,3869.666545393347
2024-03-24 19:00:00,4214.264765360583,6622.929188915405,4513.803429258398
2024-03-24 20:00:00,4214.264765360583,7393.012609489017,4745.868897598864
2024-03-24 21:00:00,4098.972093046604,7393.012609489017,4745.868897598864
2024-03-24 22:00:00,4057.244397284138,7337.810638900664,4694.420838928296
2024-03-24 23:00:00,4098.972093046604,6943.389147044208,4669.055279515675
2024-03-25 00:00:00,4189.650409723375,6653.692098760528,4598.6701664081465
2024-03-25 01:00:00,3704.215485907997,3868.2718953138074,3473.217265976986
2024-03-25 02:00:00,3686.292396736136,3848.7794119285036,3457.1758961139467
2024-03-25 03:00:00,3727.627759478101,3848.7794119285036,3457.1758961139467
2024-03-25 04:00:00,3686.292396736136,4303.465044038419,3383.2253399388437
2024-03-25 05:00:00,3501.4013344444525,4303.465044038419,3383.2253399388437
2024-03-25 06:00:00,3361.574949549202,4309.59435258125,2996.3420804746465
2024-03-25 07:00:00,3307.961617074857,4200.4149377755,2996.3420804746465
2024-03-25 08:00:00,3307.961617074857,4200.4149377755,2996.3420804746465
2024-03-25 09:00:00,2817.5507470301177,3617.921435834257,2813.929076248579
2024-03-25 10:00:00,2801.0804326411685,3402.2274213045325,2782.062472890281
2024-03-25 11:00:00,2817.5507470301177,3404.0509340644444,2782.062472890281
2024-03-25 12:00:00,3023.24331605927,3404.0509340644444,2710.424696612649
2024-03-25 13:00:00,3070.0062403711563,3404.0509340644444,2710.424696612649
2024-03-25 14:00:00,3070.0062403711563,3409.765395406125,2790.988506059211
2024-03-25 15:00:00,3100.5018055461464,3904.216899903403,3039.6636459735173
2024-03-25 16:00:00,3722.825964760507,4772.655173081902,3551.520755269326
2024-03-25 17:00:00,3884.587624928089,5467.949476919015,4213.198013750923
2024-03-25 18:00:00,4605.350595308728,7198.201724853272,5271.408869689461
2024-03-25 19:00:00,5064.635401597795,8652.887003073583,6003.944069041382
2024-03-25 20:00:00,5329.284585825235,8945.859729130434,6868.561828406734
2024-03-25 21:00:00,5329.284585825235,8945.859729130434,6868.561828406734
2024-03-25 22:00:00,5256.17753831019,8265.138688833782,6085.951088347849
2024-03-25 23:00:00,5256.17753831019,8265.138688833782,6085.951088347849
2024-03-26 00:00:00,5553.181584094982,8331.192263100747,6100.340740524349
2024-03-26 01:00:00,11714.649912945195,14836.853621393951,13080.288929160004
2024-03-26 02:00:00,11816.379077773821,15155.768501470433,13352.276513795983
2024-03-26 03:00:00,11816.379077773821,15155.768501470433,13352.276513795983
2024-03-26 04:00:00,10676.849421496278,14999.138831715685,12188.002005515573
2024-03-26 05:00:00,10676.849421496278,13150.347692790321,11565.343564779923
2024-03-26 06:00:00,10735.593615024138,13062.824084861428,11512.270710776738
2024-03-26 07:00:00,10735.593615024138,12942.901604715145,11248.503039201012
2024-03-26 08:00:00,8999.253356329029,10374.476175744781,9668.894938913336
2024-03-26 09:00:00,8078.626349312815,9401.270012370722,8277.880090162604
2024-03-26 10:00:00,6601.739261339884,7535.641613623351,6304.280663096415
2024-03-26 11:00:00,5681.729471860426,6425.18162142354,5367.681354510054
2024-03-26 12:00:00,5257.452096286266,4816.9787409913815,3982.842624628343
2024-03-26 13:00:00,3960.652596586813,4634.190963800543,3258.862531925631
2024-03-26 14:00:00,3617.574121954819,3765.445533078252,2829.590116930213
2024-03-26 15:00:00,3597.3693308283246,3511.918849084289,2829.590116930213
2024-03-26 16:00:00,3597.3693308283246,3495.656477243849,2750.4263514030163
2024-03-26 17:00:00,3307.8248960630654,3360.770601622143,2917.3488064598546
2024-03-26 18:00:00,3307.8248960630654,3360.770601622143,3219.824852808722
2024-03-26 19:00:00,3699.281813491085,3589.8017990139647,3277.7982961443477
2024-03-26 20:00:00,3960.363198386338,3892.714928939278,3334.220532878497
2024-03-26 21:00:00,4105.822008872145,3932.2580680104284,3334.220532878497
2024-03-26 22:00:00,4573.329187556736,4230.230451382187,3550.461694721941
2024-03-26 23:00:00,4763.42211013344,5067.419545901924,3957.42840414227
2024-03-27 00:00:00,4924.059143968307,5212.859641786807,4015.342608262794
2024-03-27 01:00:00,5120.722053567155,4894.6657187758665,3639.160243239907
2024-03-27 02:00:00,4827.166334168922,4873.188008139387,3308.69004519531
2024-03-27 03:00:00,4827.166334168922,4873.188008139387,3308.69004519531
2024-03-27 04:00:00,4655.578650402664,5190.557435168301,3320.9117203796623
2024-03-27 05:00:00,4655.578650402664,5190.557435168301,3320.9117203796623
2024-03-27 06:00:00,4280.428517118538,4290.372994653733,2938.209455499543
2024-03-27 07:00:00,3953.3273793028975,3764.995030570074,2709.674061755884
2024-03-27 08:00:00,3730.981273663719,3680.504015449762,2604.462831983755
2024-03-27 09:00:00,3585.330462292557,3476.8053135700707,2482.9704835350703
2024-03-27 10:00:00,3516.2687524669445,3398.079965653114,2403.381754486974
2024-03-27 11:00:00,3450.530751626096,3131.276426502558,2403.381754486974
2024-03-27 12:00:00,3350.088749356586,3131.276426502558,2417.966270214859
2024-03-27 13:00:00,3346.0949850911966,3173.507789373015,2575.048231153699
2024-03-27 14:00:00,3346.0949850911966,3983.970809031537,2817.0847937566605
2024-03-27 15:00:00,3604.0682175096745,3983.970809031537,2817.0847937566605
2024-03-27 16:00:00,3702.7431263164153,4160.058787009904,2817.0847937566605
2024-03-27 17:00:00,3980.9365877519,4160.058787009904,2823.4737718972515
2024-03-27 18:00:00,5292.121238282869,5048.9903174646915,4027.411941594071
2024-03-27 19:00:00,8713.840914432714,7379.957416815746,6189.48197515999
2024-03-27 20:00:00,9961.247811467761,9729.948452320776,7864.986767011296
2024-03-27 21:00:00,10569.90839099948,11938.035737745638,8249.01492717105
2024-03-27 22:00:00,10737.039317017072,15488.3755675271,11714.08198870144
2024-03-27 23:00:00,10964.923381172717,15488.3755675271,11714.73280933522
2024-03-28 00:00:00,11069.458972019447,15299.374982225912,11906.333926489262
2024-03-28 01:00:00,9454.976813995248,11159.46256527855,8309.322817453289
2024-03-28 02:00:00,9044.032783531504,12039.46518271771,8673.560377342934
2024-03-28 03:00:00,9044.032783531504,12039.46518271771,8238.611757293174
2024-03-28 04:00:00,9044.032783531504,12039.46518271771,8238.611757293174
2024-03-28 05:00:00,9190.146551946944,12311.3218914308,8238.611757293174
2024-03-28 06:00:00,8357.877685494203,10081.40560300543,6640.489581479487
2024-03-28 07:00:00,9412.755270733196,12596.240614683975,8682.007485575077
2024-03-28 08:00:00,9412.755270733196,12596.240614683975,9515.767875098472
2024-03-28 09:00:00,9412.755270733196,12596.240614683975,9515.767875098472
2024-03-28 10:00:00,9102.226113769857,12524.3363404277,10299.981832766347
2024-03-28 11:00:00,9003.894710401726,11777.509502587596,9722.131476709566
2024-03-28 12:00:00,8982.137667247196,11782.760588462821,9722.131476709566
2024-03-28 13:00:00,8982.137667247196,11782.760588462821,9722.131476709566
2024-03-28 14:00:00,10223.28160522458,13815.06058920379,10123.169685326287
2024-03-28 15:00:00,11707.446874530942,15142.634565123106,12352.37758086249
2024-03-28 16:00:00,11707.446874530942,15142.634565123106,12352.37758086249
2024-03-28 17:00:00,11178.773183300718,14196.231478665379,11373.078053699875
2024-03-28 18:00:00,11017.108145214268,13573.449483866652,10705.96968779105
2024-03-28 19:00:00,10634.95196046961,13545.020716484349,10705.96968779105
2024-03-28 20:00:00,10759.383109566461,13442.786130902425,10730.81355787465
2024-03-28 21:00:00,10759.383109566461,13430.067228106145,10763.332873066238
2024-03-28 22:00:00,11166.370239941461,13430.067228106145,11323.403603499812
2024-03-28 23:00:00,13465.124186823243,14651.501546187723,13780.911963075816
2024-03-29 00:00:00,14172.481278636047,15433.223242712815,13901.760217800142
2024-03-29 01:00:00,17660.575150446337,19468.464802084804,16745.573990762714
2024-03-29 02:00:00,17366.591831084515,19628.38869599335,16916.4932867105
2024-03-29 03:00:00,17358.62598422308,19794.358903655157,16918.852603812793
2024-03-29 04:00:00,16806.323118710086,19794.358903655157,16918.852603812793
2024-03-29 05:00:00,15297.5175215854,17827.669123098884,15844.853263198002
2024-03-29 06:00:00,14585.277760812725,17106.412360484435,14861.446590514353
2024-03-29 07:00:00,12306.397124352236,17106.412360484435,13793.500083415225
2024-03-29 08:00:00,12306.397124352236,16659.964754901204,13536.926874566798
2024-03-29 09:00:00,12922.667631399843,17239.51545829705,13793.500083415225
2024-03-29 10:00:00,13793.873301954041,17277.381420257825,14608.669601085105
2024-03-29 11:00:00,14049.98071906654,17427.889349108293,14646.76825405962
2024-03-29 12:00:00,13793.873301954041,17968.956396932423,14646.76825405962
2024-03-29 13:00:00,13350.985698742257,18121.76606863631,14670.750580133037
2024-03-29 14:00:00,13348.717035695756,18167.76959852326,14670.750580133037
2024-03-29 15:00:00,13348.717035695756,18167.76959852326,14670.750580133037
2024-03-29 16:00:00,13910.01169712455,18068.446988267293,14301.453280827915
2024-03-29 17:00:00,14291.963221529008,17944.18084045832,14301.453280827915
2024-03-29 18:00:00,14291.963221529008,17944.18084045832,14467.731985653832
2024-03-29 19:00:00,14421.388621029928,18174.319768837508,14739.55986029014
2024-03-29 20:00:00,15095.67335900685,18603.621034105032,15403.94097984377
2024-03-29 21:00:00,15888.960470605152,18955.057900611744,15906.152800096363
2024-03-29 22:00:00,16672.536822495786,18955.057900611744,16467.281900803217
2024-03-29 23:00:00,16845.91445696869,18861.113834080017,16572.847870745733
2024-03-30 00:00:00,16971.122880690153,18830.60781267955,16561.439214581584
2024-03-30 01:00:00,11805.207906887834,14445.84095601038,11816.646456090093
2024-03-30 02:00:00,11342.813771693265,14344.402179984007,11179.881640038324
2024-03-30 03:00:00,10882.192968668418,13886.374254347893,10905.872738222843
2024-03-30 04:00:00,9783.149981284283,12571.595277204073,9381.598277978308
2024-03-30 05:00:00,9783.149981284283,12571.595277204073,9381.598277978308
2024-03-30 06:00:00,10420.944241719048,13545.967638981418,10184.97202032348
2024-03-30 07:00:00,10737.256445982177,13545.967638981418,10184.97202032348
2024-03-30 08:00:00,10737.256445982177,13520.198668971518,10146.464989601853
2024-03-30 09:00:00,10123.723985867638,12420.881617244793,10146.464989601853
2024-03-30 10:00:00,9924.034071300895,12375.217681861486,10341.59271345313
2024-03-30 11:00:00,10123.723985867638,12420.881617244793,10363.778197887445
2024-03-30 12:00:00,11061.267714893842,13462.495133381602,11497.037242528986
2024-03-30 13:00:00,11910.1891374919,13933.42601119015,12215.11922154606
2024-03-30 14:00:00,11985.407667591204,14488.564862326046,13012.331964164088
2024-03-30 15:00:00,12655.551476246741,14488.564862326046,13012.331964164088
2024-03-30 16:00:00,13111.37704869727,14127.306100450098,11837.267040730436
2024-03-30 17:00:00,13111.37704869727,12156.27920093616,11370.841986773068
2024-03-30 18:00:00,10627.079033507856,11340.976823943014,9595.22330958599
2024-03-30 19:00:00,10627.079033507856,11340.976823943014,9570.756406484124
2024-03-30 20:00:00,10810.823915824263,12467.925046834784,9570.756406484124
2024-03-30 21:00:00,11595.479503953984,13347.125584681718,10168.840665490068
2024-03-30 22:00:00,11595.479503953984,13347.125584681718,10168.840665490068
2024-03-30 23:00:00,11423.392055272128,13347.125584681718,10343.689576550432
2024-03-31 00:00:00,10963.94865088162,12814.776487575898,9939.834855057168
2024-03-31 01:00:00,11324.012644303588,13659.259167148335,10705.988003670776
2024-03-31 02:00:00,11125.877834304465,14038.266856767043,10718.951275892094
2024-03-31 03:00:00,11050.347767079144,14552.689142104346,10718.951275892094
2024-03-31 04:00:00,11050.347767079144,14558.759568789465,10418.456887709111
2024-03-31 05:00:00,11588.65004236058,14733.732796529503,10418.456887709111
2024-03-31 06:00:00,12235.437260210625,15226.916443752163,10414.209178952286
2024-03-31 07:00:00,12235.437260210625,15226.916443752163,10414.209178952286
2024-03-31 08:00:00,9251.254636437323,11948.438557615413,7110.636955445353
2024-03-31 09:00:00,7471.1515823232385,10405.654945269,6201.520553560207
2024-03-31 10:00:00,5364.412718084905,6956.111335743718,4505.439506127761
2024-03-31 11:00:00,3399.603390284904,3892.307400867549,2551.1544265383695
2024-03-31 12:00:00,2974.943637373496,3227.269230092803,2223.4465133660465
2024-03-31 13:00:00,2768.3287550245786,3177.8100742492293,2159.858467702994
2024-03-31 14:00:00,2536.3705428281282,3177.8100742492293,2159.858467702994
2024-03-31 15:00:00,2536.3705428281282,3140.3874006202323,1953.0763808780314
2024-03-31 16:00:00,2547.698650791851,3042.65638202814,1953.0763808780314
2024-03-31 17:00:00,2582.341004190409,3042.65638202814,2049.669111244496
2024-03-31 18:00:00,2835.9209305247296,3227.487834412748,2198.028017267451
2024-03-31 19:00:00,3709.882029640429,3765.9938191256733,2677.196511740119
2024-03-31 20:00:00,4751.362603017614,5772.34947803065,3742.4554463213994
2024-03-31 21:00:00,5057.159494601653,7451.519037944701,4422.341780696306
2024-03-31 22:00:00,6311.726393305656,10393.511332192185,6279.143903594131
2024-03-31 23:00:00,7495.070260986128,10410.0420653675,6935.645672455113
2024-04-01 00:00:00,7515.807514167874,10453.499580681382,6945.42384455679
2024-04-01 01:00:00,6772.559205718686,8409.345470731336,5418.195755991806
2024-04-01 02:00:00,6813.206891207346,8260.187979279091,5440.087286494078
2024-04-01 03:00:00,6990.261633958294,8260.187979279091,5669.402773446783
2024-04-01 04:00:00,7555.94706228851,8706.259022729228,6040.694270778803
2024-04-01 05:00:00,7560.732234866799,8801.137861369712,6233.5112413019115
2024-04-01 06:00:00,8472.620040863801,10053.410565633383,7271.064914920818
2024-04-01 07:00:00,8547.61350242578,10587.199217277393,7536.323938484646
2024-04-01 08:00:00,9535.95732195908,10587.199217277393,8557.75408452609
2024-04-01 09:00:00,9938.552870344643,10486.8877877327,8557.75408452609
2024-04-01 10:00:00,9938.552870344643,9856.432737052146,8367.055744618181
2024-04-01 11:00:00,9879.479313792834,9406.14728044864,8367.055744618181
2024-04-01 12:00:00,9505.96001943803,9335.066777002012,8367.055744618181
2024-04-01 13:00:00,9505.96001943803,9052.231908650983,8316.506179072629
2024-04-01 14:00:00,10107.555160589594,9052.231908650983,8316.506179072629
2024-04-01 15:00:00,10420.457467313312,9345.104698306079,8467.34449261038
2024-04-01 16:00:00,10420.457467313312,9345.104698306079,8467.34449261038
2024-04-01 17:00:00,7807.526886534874,9651.473186608822,7737.756281520883
2024-04-01 18:00:00,7807.526886534874,9651.473186608822,7737.756281520883
2024-04-01 19:00:00,9908.594415540532,11610.595305334002,9017.857379807534
2024-04-01 20:00:00,10680.605787921138,13338.56839641346,11155.022577023132
2024-04-01 21:00:00,11189.53412824751,13990.469764373574,11302.651457287464
2024-04-01 22:00:00,11316.459860029147,15935.462649981642,11664.025553426196
2024-04-01 23:00:00,11457.732969136172,15935.462649981642,11664.025553426196
2024-04-02 00:00:00,11387.096414582658,16000.010793954905,11589.320548437772
2024-04-02 01:00:00,9956.20081954417,13350.324458394698,9705.487841667831
2024-04-02 02:00:00,9789.264259657297,13336.036275738768,9502.4761617058
2024-04-02 03:00:00,9147.674435476198,12293.655380533255,8649.132556239112
2024-04-02 04:00:00,8799.910169829713,11622.640267417102,7391.546437656111
2024-04-02 05:00:00,8799.910169829713,11622.640267417102,7391.546437656111
2024-04-02 06:00:00,8353.152065067146,11622.640267417102,7391.546437656111
2024-04-02 07:00:00,8353.152065067146,11089.17144025855,6849.570491482193
2024-04-02 08:00:00,6570.148830568595,10175.064726884206,6133.300877293959
2024-04-02 09:00:00,6020.610135520747,8069.3531856288555,5053.408323547081
2024-04-02 10:00:00,5183.058734831635,6576.324769915834,4051.513211836176
2024-04-02 11:00:00,4924.187049022446,6169.421080196133,4039.258292977202
2024-04-02 12:00:00,4385.05099501405,4981.215248468494,3524.1079468257
2024-04-02 13:00:00,4160.396013859013,4618.487422645298,3240.392233604306
2024-04-02 14:00:00,3524.715746562518,3829.072175000073,2261.28338051518
2024-04-02 15:00:00,3452.1244454264934,3743.4043987946484,2214.6175928006332
2024-04-02 16:00:00,3204.407738983525,3743.4043987946484,2109.523115453604
2024-04-02 17:00:00,3204.407738983525,3915.700116244871,2109.523115453604
2024-04-02 18:00:00,3257.2877580620498,3915.700116244871,2256.6372666432353
2024-04-02 19:00:00,3418.6151295957147,3869.436726659899,2482.1617489332775
2024-04-02 20:00:00,3418.6151295957147,3852.2061226052356,2556.83000366721
2024-04-02 21:00:00,3513.799358206305,3869.436726659899,2568.746418513212
2024-04-02 22:00:00,3593.3657778834286,4154.365056960299,2983.8362550212005
2024-04-02 23:00:00,3741.860395225114,4154.365056960299,2983.8362550212005
2024-04-03 00:00:00,3667.6130865542714,4064.1237996701484,2914.8739884257907
2024-04-03 01:00:00,3707.9102175848852,3768.264411450679,2774.4681825878397
2024-04-03 02:00:00,3608.829512172688,3594.54889869497,2651.501823977261
2024-04-03 03:00:00,3366.7254907142064,3434.7477711952074,2651.501823977261
2024-04-03 04:00:00,3201.2364829092044,3384.2309959695,2589.533521640308
2024-04-03 05:00:00,3078.1243639531017,3290.259862536419,2589.533521640308
2024-04-03 06:00:00,3078.1243639531017,3290.259862536419,2632.3965666465506
2024-04-03 07:00:00,3341.120318517442,3166.615978199189,2832.852737581931
2024-04-03 08:00:00,3418.5039322469484,3478.270458496953,3039.1347489249524
2024-04-03 09:00:00,3425.6257244168837,3722.605274042699,3039.1347489249524
2024-04-03 10:00:00,3425.6257244168837,3722.605274042699,3039.1347489249524
2024-04-03 11:00:00,3185.825510302346,3617.1745018591064,3029.652864948223
2024-04-03 12:00:00,3156.357923504778,3617.1745018591064,2997.1074568096546
2024-04-03 13:00:00,3156.357923504778,3772.3515473907055,2997.1074568096546
2024-04-03 14:00:00,3140.337568768288,3944.639798285203,2997.1074568096546
2024-04-03 15:00:00,3084.568455393811,3948.795731535624,2983.840319057604
2024-04-03 16:00:00,3084.568455393811,3973.140913285371,2983.840319057604
2024-04-03 17:00:00,3084.568455393811,3973.140913285371,3028.4014792821017
2024-04-03 18:00:00,3256.0578514850067,3998.1394335509344,3245.448316928153
2024-04-03 19:00:00,3352.05112532349,3998.1394335509344,3339.894445903757
2024-04-03 20:00:00,3619.0706730195475,3876.065138917146,3388.704707336944
2024-04-03 21:00:00,3663.613850973418,3876.065138917146,3388.704707336944
2024-04-03 22:00:00,4130.593865369176,4215.751124546276,3658.3100681342985
2024-04-03 23:00:00,4130.593865369176,4215.751124546276,3658.3100681342985
2024-04-04 00:00:00,4313.694015683503,4425.925248156176,3788.9313410431128
2024-04-04 01:00:00,3342.192861653938,3306.0346378717377,2647.27602098416
2024-04-04 02:00:00,3360.7148857672605,3351.11405372952,2721.052663016365
2024-04-04 03:00:00,3560.9341405138875,3549.1698254146067,2953.953275966147
2024-04-04 04:00:00,3560.9341405138875,3549.1698254146067,3016.3893865222913
2024-04-04 05:00:00,3560.9341405138875,3549.1698254146067,2989.0575575645366
2024-04-04 06:00:00,3559.934696933088,3458.8934727343394,2989.0575575645366
2024-04-04 07:00:00,3340.101267245401,3458.8934727343394,2949.4091662192304
2024-04-04 08:00:00,3254.364966801506,3254.6729525720143,2799.174273309703
2024-04-04 09:00:00,3254.364966801506,3254.6729525720143,2799.174273309703
2024-04-04 10:00:00,3249.143346281013,3342.8206193066703,2933.7394618720814
2024-04-04 11:00:00,3265.948443812714,3390.278378670742,3067.213480409275
2024-04-04 12:00:00,3404.9737353758073,3415.8006976205443,3067.213480409275
2024-04-04 13:00:00,3464.3782983949445,3415.8006976205443,2868.6306310282985
2024-04-04 14:00:00,3464.3782983949445,3230.1387651489413,2776.091636242086
2024-04-04 15:00:00,3251.105865686955,3168.374245355162,2552.600962131153
2024-04-04 16:00:00,3211.170684551955,3048.8807610635995,2477.1891418445125
2024-04-04 17:00:00,3196.918550036457,2944.401380541358,2347.789400913692
2024-04-04 18:00:00,2623.527793924283,2632.1404526726715,2106.9427664694454
2024-04-04 19:00:00,2623.527793924283,2632.1404526726715,2106.9427664694454
2024-04-04 20:00:00,2812.3942631736163,2936.3514121623602,2308.8649029232606
2024-04-04 21:00:00,3085.3671001749635,3081.4342459524914,2309.99857270315
2024-04-04 22:00:00,3510.676387559327,3666.0955850533655,2648.300054371873
2024-04-04 23:00:00,3633.8348478898383,3672.64339352261,2648.300054371873
2024-04-05 00:00:00,3686.30678482848,3777.037294328416,2677.078957730605
2024-04-05 01:00:00,3468.083755061508,3108.840939478704,2319.8350186712605
2024-04-05 02:00:00,3392.057624019534,3082.304219872794,2309.705389572875
2024-04-05 03:00:00,3289.014475790644,3081.2764240163533,2309.705389572875
2024-04-05 04:00:00,3105.4733211274133,3040.8060191995105,2242.1238656393466
2024-04-05 05:00:00,3105.4733211274133,3040.8060191995105,2242.1238656393466
2024-04-05 06:00:00,3234.2002872362896,3251.605545878323,2308.576579423755
2024-04-05 07:00:00,3389.5017530491195,3291.278974266804,2412.1016240786375
2024-04-05 08:00:00,3389.5017530491195,3379.803887909312,2448.67806537693
2024-04-05 09:00:00,3350.983938216386,3379.803887909312,2448.67806537693
2024-04-05 10:00:00,3312.8403924122113,3379.803887909312,2382.272453276347
2024-04-05 11:00:00,3312.8403924122113,3493.6341864297456,2382.272453276347
2024-04-05 12:00:00,3393.454134648849,3655.06505102786,2514.1035844134663
2024-04-05 13:00:00,3417.9872669042657,3702.6699195403226,2678.92791144292
2024-04-05 14:00:00,3816.635335111868,4159.53685007281,2963.71823240916
2024-04-05 15:00:00,3835.79857197916,4159.53685007281,2963.71823240916
2024-04-05 16:00:00,4080.6044731644843,3837.275226654195,3032.583132184801
2024-04-05 17:00:00,3835.79857197916,3837.275226654195,3032.583132184801
2024-04-05 18:00:00,4080.6044731644843,4360.850421539799,3164.184100336163
2024-04-05 19:00:00,5023.886589519729,5143.089357102607,4138.717583310066
2024-04-05 20:00:00,6141.5302030997755,6589.540917489836,5387.193868950928
2024-04-05 21:00:00,6159.834828881261,7841.745713053213,5836.3374290806705
2024-04-05 22:00:00,7922.112064953637,10388.773675030272,6932.343783836736
2024-04-05 23:00:00,9971.86185918001,12910.954025013425,8767.899417309194
2024-04-06 00:00:00,10670.00247144042,14183.711943781253,9943.282565675527
2024-04-06 01:00:00,14017.805216675948,15764.762926350162,11852.40658422426
2024-04-06 02:00:00,13634.391599834134,16254.380638686498,11705.16808508127
2024-04-06 03:00:00,13374.355783522373,16335.137385111151,11531.30200134515
2024-04-06 04:00:00,13266.097421148434,16335.137385111151,10086.339343770285
2024-04-06 05:00:00,12707.262590949602,16091.651108627653,10086.339343770285
2024-04-06 06:00:00,12376.796393389168,15383.653984968434,9881.101955630234
2024-04-06 07:00:00,12376.796393389168,15383.653984968434,9881.101955630234
2024-04-06 08:00:00,10236.413461623424,12441.835164058379,7362.862469826365
2024-04-06 09:00:00,6129.643621265075,7651.596676794451,4210.278252512569
2024-04-06 10:00:00,4939.328273902268,6516.541688018598,3651.301701165337
2024-04-06 11:00:00,3328.5857686915756,4101.707493729924,2203.3822956128147
2024-04-06 12:00:00,3328.5857686915756,4101.707493729924,2203.3822956128147
2024-04-06 13:00:00,3993.1781262162776,4328.596516611556,2655.260205804743
2024-04-06 14:00:00,4337.266427835319,4613.707545501198,3183.863706930739
2024-04-06 15:00:00,4768.97758188814,5221.309012918609,3473.121991836814
2024-04-06 16:00:00,4877.86109354051,5275.891185485652,3612.1153990143225
2024-04-06 17:00:00,5725.5332389828945,6441.2557954037175,4526.295081841364
2024-04-06 18:00:00,6905.077334992423,7608.6859260162,5420.556497757965
2024-04-06 19:00:00,8859.05598500461,10811.99220098637,7352.73705604874
2024-04-06 20:00:00,12241.00967630553,14212.84048367659,10533.795702560692
2024-04-06 21:00:00,13389.92936484795,14841.207747507073,11420.990593430717
2024-04-06 22:00:00,13389.92936484795,16062.183713229864,12176.363895306344
2024-04-06 23:00:00,13269.80407008304,16062.183713229864,12176.363895306344
2024-04-07 00:00:00,12729.013539802947,15275.624483884112,11601.446482948943
2024-04-07 01:00:00,12774.532002760305,15867.470509749543,10159.40866968719
2024-04-07 02:00:00,12685.519865233984,15389.69857136196,9839.905801630597
2024-04-07 03:00:00,12733.759717345518,14930.214543182097,9839.905801630597
2024-04-07 04:00:00,12733.759717345518,14778.507255158964,9854.897075229794
2024-04-07 05:00:00,12733.759717345518,13825.866782445646,9854.897075229794
2024-04-07 06:00:00,9515.115157268525,9618.72041059405,6904.982234406163
2024-04-07 07:00:00,7682.730915620161,7733.318437438332,5675.913150687988
2024-04-07 08:00:00,7288.287471160771,6046.301788238705,4913.580463208869
2024-04-07 09:00:00,6149.55692184008,4798.706337567573,4055.878305256398
2024-04-07 10:00:00,3804.824402353514,3523.301816802223,3094.7685835532766
2024-04-07 11:00:00,2966.066334848489,3193.3320377808723,2552.549930008965
2024-04-07 12:00:00,2455.0856928784897,2486.93764522564,1947.2926121765122
2024-04-07 13:00:00,2455.0856928784897,2486.93764522564,1947.2926121765122
2024-04-07 14:00:00,2583.7492486184797,2638.123829512624,1949.3673828658957
2024-04-07 15:00:00,2662.447773215179,2638.123829512624,1975.7669084856286
2024-04-07 16:00:00,2952.1018654343393,2638.123829512624,2071.483838243333
2024-04-07 17:00:00,3406.9358206592456,2667.186344229186,2158.284112060837
2024-04-07 18:00:00,3876.462080621322,3189.8327571052796,2587.345041916997
2024-04-07 19:00:00,4965.08956126831,4108.251312464073,3649.929462333478
2024-04-07 20:00:00,7238.676584760098,6925.514143634294,5399.809872943864
2024-04-07 21:00:00,10160.776821256173,9063.80466985581,7156.550449037102
2024-04-07 22:00:00,11057.509099558805,11040.739920647855,9180.7650993377
2024-04-07 23:00:00,12756.529007091991,12065.744317604429,10243.36874369357
2024-04-08 00:00:00,13174.157446994348,12584.539511783583,10784.119005785562
2024-04-08 01:00:00,6653.911500355138,5977.382053193029,4567.229034335489
2024-04-08 02:00:00,6232.80529502515,5727.605083865391,4389.175929421889
2024-04-08 03:00:00,5901.67823934233,5343.729014303416,4165.929761430376
2024-04-08 04:00:00,5402.851274493024,5037.914887785085,3984.134154055098
2024-04-08 05:00:00,5360.761045379537,4995.198656932972,3862.9058717068424
2024-04-08 06:00:00,3657.772938227425,3721.3637096217963,3227.7311311320527
2024-04-08 07:00:00,3271.939910233074,3457.440761202517,2515.7115479631198
2024-04-08 08:00:00,3059.7479211669856,3038.706196897407,2439.8506389964605
2024-04-08 09:00:00,2612.968384266198,2818.0331249573173,2040.9950067077582
2024-04-08 10:00:00,2264.67283902155,2733.2133897405265,1741.3547281320302
2024-04-08 11:00:00,2108.1761605310103,2483.3044707500208,1741.3547281320302
2024-04-08 12:00:00,2108.1761605310103,2301.2494449379637,1756.0760465544813
2024-04-08 13:00:00,2122.1104846786266,2301.2494449379637,1806.619749468219
2024-04-08 14:00:00,2163.461269934002,2307.5845087189527,1806.619749468219
2024-04-08 15:00:00,2164.5127704341744,2355.490256179277,1798.7956178152076
2024-04-08 16:00:00,2165.525413080858,2417.4124773976346,1798.7956178152076
2024-04-08 17:00:00,2535.0212433496904,2504.1777745154955,2119.6260037488364
2024-04-08 18:00:00,2664.0281845354198,2777.763939788227,2184.5787730719144
2024-04-08 19:00:00,2846.4225605236716,2805.0883534544987,2266.2901295868887
2024-04-08 20:00:00,3223.6596057105025,2973.49184071916,2429.4628741251763
2024-04-08 21:00:00,3360.452775226625,3281.075387759183,2525.1312321249147
2024-04-08 22:00:00,3872.863545340817,3964.962298550768,3192.224173022064
2024-04-08 23:00:00,3943.175306140859,3967.10412138573,3553.766491899251
2024-04-09 00:00:00,4023.944999049747,4100.066308572282,3560.8355098332404
2024-04-09 01:00:00,6635.403799619291,6956.299976107666,6147.654867407183
2024-04-09 02:00:00,7026.131016123263,7826.709618812184,6663.528364711395
2024-04-09 03:00:00,7289.82703095944,8825.065766686628,6676.946419304307
2024-04-09 04:00:00,8586.596778535888,8962.159220397381,6811.265123599226
2024-04-09 05:00:00,9684.28787924909,9789.064099053056,8171.794376891796
2024-04-09 06:00:00,9792.814014595331,10461.603275942101,8219.058849386056
2024-04-09 07:00:00,9792.814014595331,11145.909217307213,8219.058849386056
2024-04-09 08:00:00,9653.038353590491,11145.909217307213,8094.553568492964
2024-04-09 09:00:00,8623.65009480335,10596.73345687587,7615.251409131492
2024-04-09 10:00:00,7195.395261025742,8848.644638498694,6725.025326714234
2024-04-09 11:00:00,6118.565591604104,6542.720748676981,5402.966936549556
2024-04-09 12:00:00,5564.679836660548,5017.962505789963,4732.231072736431
2024-04-09 13:00:00,5086.9938149695945,3879.360506367375,3725.671351666542
2024-04-09 14:00:00,3894.024572005737,3443.972088969783,2945.590070890451
2024-04-09 15:00:00,3504.1013841110025,3387.687559213197,2911.3554158885745
2024-04-09 16:00:00,3020.226297561516,2423.144345498399,2176.3936199352347
2024-04-09 17:00:00,2717.721972161237,2298.628338886707,1929.8367515881716
2024-04-09 18:00:00,2522.5004935960437,2250.7590886946687,1744.1885481049806
2024-04-09 19:00:00,2522.5004935960437,2250.7590886946687,1744.1885481049806
2024-04-09 20:00:00,2900.589058591908,2435.9041683455825,1978.874886083402
2024-04-09 21:00:00,3047.404103696204,2693.1876492319084,2134.9995480676794
2024-04-09 22:00:00,3531.6952963106223,3624.5015361186897,2578.572445993426
2024-04-09 23:00:00,3625.796225816738,3773.0293672922335,2578.572445993426
2024-04-10 00:00:00,3750.328125408121,3918.2925759061523,2600.197419807061
2024-04-10 01:00:00,4289.993263374644,4257.427407492422,2791.5132305203706
2024-04-10 02:00:00,4615.622710758593,4599.792834496836,3156.856776742191
2024-04-10 03:00:00,4908.907580237492,4622.438877580463,3170.545733316431
2024-04-10 04:00:00,4916.61572006808,4673.126469643182,3298.4641103785725
2024-04-10 05:00:00,5261.149100156681,5004.95316748067,4006.6759958174234
2024-04-10 06:00:00,6079.013763453646,6765.74818200602,4578.333849947843
2024-04-10 07:00:00,6079.013763453646,6765.74818200602,4578.333849947843
2024-04-10 08:00:00,5008.6360658595895,4921.919467733862,3390.4053228234916
2024-04-10 09:00:00,4630.909557731391,4200.899530690482,3295.9019487376913
2024-04-10 10:00:00,3595.5811221697904,3459.61964767939,2612.49002076303
2024-04-10 11:00:00,2904.3991543468283,2955.930752800886,2471.4482522074222
2024-04-10 12:00:00,2789.9440020222364,2955.930752800886,2208.7538102755257
2024-04-10 13:00:00,2789.9440020222364,3001.4038505611547,2052.459441846782
2024-04-10 14:00:00,3024.616972142977,3132.809737042221,2052.459441846782
2024-04-10 15:00:00,3512.327125909491,3236.8916713060835,2183.650424218934
2024-04-10 16:00:00,4600.259434164525,3824.6485514558967,2552.0208987132132
2024-04-10 17:00:00,4996.968895369367,4692.118973585042,3354.4937452976183
2024-04-10 18:00:00,5471.225834687294,5248.231513721761,3702.7392143101943
2024-04-10 19:00:00,6752.204705184359,6395.13302794408,4758.834005134674
2024-04-10 20:00:00,8077.231000663471,7782.566914121735,5812.291926687299
2024-04-10 21:00:00,8077.231000663471,8123.768165731881,5812.291926687299
2024-04-10 22:00:00,7795.110059378994,7782.566914121735,5793.500556264384
2024-04-10 23:00:00,7795.110059378994,8422.162129996339,5793.500556264384
2024-04-11 00:00:00,7702.638642951519,8287.193328536157,5494.354308163682
2024-04-11 01:00:00,7731.433485694806,7450.918750897697,4852.278351265474
2024-04-11 02:00:00,7443.150794763828,7324.37964786928,4805.989750776542
2024-04-11 03:00:00,6995.194223262809,6353.718495640888,4478.520036607222
2024-04-11 04:00:00,5455.338817418491,5653.513705472857,3916.9082154826438
2024-04-11 05:00:00,4618.8804103656785,5034.697864044439,3500.8885157025666
2024-04-11 06:00:00,4129.219260235331,4764.987606569783,3486.0834550372138
2024-04-11 07:00:00,4077.1447855644956,4504.055620014873,3344.551877031542
2024-04-11 08:00:00,3889.9293006298203,4449.815954951237,3036.0297540929023
2024-04-11 09:00:00,3340.5149921735706,3913.9453871435007,2666.05440805574
2024-04-11 10:00:00,3309.540272352101,3743.714577487671,2666.05440805574
2024-04-11 11:00:00,3309.540272352101,3743.714577487671,2567.852248612292
2024-04-11 12:00:00,2784.0274227963682,3537.2020126879042,2270.0952739156464
2024-04-11 13:00:00,2701.0783808501938,2926.88994702109,2186.7489924932406
2024-04-11 14:00:00,2701.0783808501938,2926.88994702109,2163.0680970128847
2024-04-11 15:00:00,2739.790167872963,2926.88994702109,2091.17930785647
2024-04-11 16:00:00,2739.790167872963,2795.46616908908,2078.5750809728506
2024-04-11 17:00:00,2739.790167872963,2795.46616908908,2078.5750809728506
2024-04-11 18:00:00,2955.1706211841138,3207.1403247641633,2397.8872854903366
2024-04-11 19:00:00,3307.2239729413986,3224.223693969799,2479.7398004324205
2024-04-11 20:00:00,3921.632107850549,4202.850551718638,3320.8327208955293
2024-04-11 21:00:00,4077.8199781442154,4723.15409747645,3391.8889974992867
2024-04-11 22:00:00,5199.893724431739,6027.139745966586,4683.8566871671455
2024-04-11 23:00:00,5761.617769973962,6027.139745966586,4683.8566871671455
2024-04-12 00:00:00,5865.9667170962,5918.510882382505,4639.314038156309
2024-04-12 01:00:00,11220.372177402514,12753.692607320176,8984.044324481476
2024-04-12 02:00:00,11377.551601797875,12484.446887009859,8747.284608316353
2024-04-12 03:00:00,11377.551601797875,11997.203346338902,7957.538396670289
2024-04-12 04:00:00,10079.537029529292,11335.959942437843,7336.141313984197
2024-04-12 05:00:00,9538.894080085247,9899.172915991363,6347.48803556906
2024-04-12 06:00:00,8776.701264974585,9029.469957143665,6089.422336978834
2024-04-12 07:00:00,8093.443525164596,7282.125800925722,5697.117027808356
2024-04-12 08:00:00,5472.00166698433,4773.048086558416,4061.668503538835
2024-04-12 09:00:00,4289.689035283115,4012.0784969726,3506.88868154455
2024-04-12 10:00:00,3292.527767520796,3239.0730580853015,2644.294891704734
2024-04-12 11:00:00,3059.0239794583845,3190.4071956396892,2415.4827793491654
2024-04-12 12:00:00,2796.4787853666603,2996.5673348943296,2139.6106187428677
2024-04-12 13:00:00,2665.581454156017,2675.264351544865,2086.9286539435257
2024-04-12 14:00:00,2662.399083245383,2675.264351544865,2086.9286539435257
2024-04-12 15:00:00,2662.399083245383,2710.620646305787,2113.4753266604885
2024-04-12 16:00:00,2720.917943079152,2822.700121038043,2286.013063831545
2024-04-12 17:00:00,2906.79142838562,3013.4130851074433,2508.7245550988755
2024-04-12 18:00:00,3332.7692396295633,3263.907529385657,2569.371123534086
2024-04-12 19:00:00,4172.819326266978,4518.220482427603,3797.104723403457
2024-04-12 20:00:00,5079.070035071081,5433.188773011238,4164.289484904325
2024-04-12 21:00:00,6620.490306063091,6139.788579472095,4640.647373705759
2024-04-12 22:00:00,7567.412952171912,8186.965531684485,6040.0441789384195
2024-04-12 23:00:00,7840.1261805834165,8186.965531684485,6040.0441789384195
2024-04-13 00:00:00,7843.293228295115,8131.088963004357,5982.515625185728
2024-04-13 01:00:00,5941.488637020466,5204.690110620122,4115.649769111745
2024-04-13 02:00:00,5968.031132702487,5362.325898612306,4358.999404392265
2024-04-13 03:00:00,6265.302426276293,6118.019803883191,4493.069015085775
2024-04-13 04:00:00,6385.01681368597,6614.855001394264,4705.421986098156
2024-04-13 05:00:00,6687.101455876897,6614.855001394264,4705.421986098156
2024-04-13 06:00:00,6687.101455876897,5971.151989156349,4658.834116090318
2024-04-13 07:00:00,5412.5970316527555,5391.134724612292,4058.867514643875
2024-04-13 08:00:00,3922.2687282436373,3723.050725412387,2803.572676034403
2024-04-13 09:00:00,3383.6658473579105,3575.0194369264427,2742.1960041624466
2024-04-13 10:00:00,2494.1485136456995,3109.615136266607,2226.0169844323173
2024-04-13 11:00:00,2490.7859384614126,2829.2377206386313,2093.9620899466127
2024-04-13 12:00:00,2490.7859384614126,2817.4028677149527,2073.24082478779
2024-04-13 13:00:00,2461.532779389621,2490.8750146984257,2006.0526422587282
2024-04-13 14:00:00,2400.4721430548884,2435.2833152720036,1998.3568509862052
2024-04-13 15:00:00,2461.532779389621,2490.8750146984257,2006.0526422587282
2024-04-13 16:00:00,2610.025995665702,2707.9881555540655,1940.9388890633024
2024-04-13 17:00:00,2654.0842803954797,2787.5332901377215,1999.8309621781573
2024-04-13 18:00:00,2824.946258488171,3223.819794746121,1999.8309621781573
2024-04-13 19:00:00,3233.685466177389,3492.5587014181,2604.906643963285
2024-04-13 20:00:00,3846.4761640899183,4240.779248647635,2869.082687310352
2024-04-13 21:00:00,4413.384152050499,5348.3182828940435,3109.2545571337932
2024-04-13 22:00:00,5953.919363644998,7024.669196996198,4783.2961512867905
2024-04-13 23:00:00,6307.123551212782,7024.669196996198,5086.287485175495
2024-04-14 00:00:00,6714.49049383067,6959.457212887488,5350.195071439612
2024-04-14 01:00:00,5219.224545190587,4866.307061028054,3851.0778676891687
2024-04-14 02:00:00,5264.762340048736,4845.806969169107,3896.1362547616095
2024-04-14 03:00:00,5173.686750332437,4588.009251700227,3806.0194806167274
2024-04-14 04:00:00,4042.3580842708543,3969.8833028687977,3212.4803239120506
2024-04-14 05:00:00,3992.99815917067,3969.8833028687977,3108.0109845990532
2024-04-14 06:00:00,3992.99815917067,3969.8833028687977,3092.277012464701
2024-04-14 07:00:00,3515.2489967426654,3930.653423596733,2797.3460746305745
2024-04-14 08:00:00,3054.8277497114887,3182.672262002009,2371.5191571176647
2024-04-14 09:00:00,2612.1235766458385,2843.7172698898735,1984.4490704421448
2024-04-14 10:00:00,2612.1235766458385,2843.7172698898735,1984.4490704421448
2024-04-14 11:00:00,2730.232131815189,2915.9163728017643,2165.478605327859
2024-04-14 12:00:00,2923.3894326756317,3230.6592339579784,2197.343795860345
2024-04-14 13:00:00,3000.227344932505,3230.6592339579784,2165.478605327859
2024-04-14 14:00:00,3000.227344932505,3162.0564797328734,2163.4016153236516
2024-04-14 15:00:00,2516.239645827293,2771.6651922066785,1807.4539140825557
2024-04-14 16:00:00,2432.687346334878,2743.884693430321,1719.656016693521
2024-04-14 17:00:00,2432.687346334878,2743.884693430321,1719.656016693521
2024-04-14 18:00:00,3151.281300393609,3715.5939695498905,2495.2320247219714
2024-04-14 19:00:00,4458.491866940387,4819.828531955057,3506.804869070096
2024-04-14 20:00:00,4976.920483812953,5745.743542707043,3917.5547637765194
2024-04-14 21:00:00,5020.498724543585,5847.452297917513,4034.358343053723
2024-04-14 22:00:00,5936.332274012064,6818.945140861254,4889.715321006348
2024-04-14 23:00:00,6401.497716358068,7473.9907382816655,5426.210065034379
2024-04-15 00:00:00,6959.642188783577,8904.482134801548,6139.848960059433
2024-04-15 01:00:00,9055.09350654249,10903.696227569388,7810.869498429009
2024-04-15 02:00:00,9138.769551676329,11029.549830641048,7839.131672882531
2024-04-15 03:00:00,9598.575747936171,11508.488688013826,7880.732191931018
2024-04-15 04:00:00,9598.575747936171,11508.488688013826,7880.732191931018
2024-04-15 05:00:00,8982.267030400546,10576.955824944736,7403.700195872245
2024-04-15 06:00:00,8931.178592089502,10281.903212373061,7199.557999887358
2024-04-15 07:00:00,8931.178592089502,10281.903212373061,7376.02706309919
2024-04-15 08:00:00,9676.674921072288,10570.68707114611,7376.02706309919
2024-04-15 09:00:00,9937.743839392813,11317.840549613291,8394.972659750147
2024-04-15 10:00:00,10566.331764284156,12269.226451638338,8855.970944819743
2024-04-15 11:00:00,13073.208178042047,15441.58322661593,12067.008732587205
2024-04-15 12:00:00,13648.356450919217,16088.222732736007,13083.30047540147
2024-04-15 13:00:00,14497.909260043092,16088.222732736007,13407.400054987109
2024-04-15 14:00:00,15683.919019085759,17599.19126120921,14519.531090458662
2024-04-15 15:00:00,15683.919019085759,17599.19126120921,14519.531090458662
2024-04-15 16:00:00,15855.67137988011,18075.108408908527,15845.825471382175
2024-04-15 17:00:00,15174.415308053785,17875.768407266743,15738.562125464523
2024-04-15 18:00:00,15174.415308053785,17916.719295348223,15738.562125464523
2024-04-15 19:00:00,14525.538572520181,17875.768407266743,15622.6313098518
2024-04-15 20:00:00,13413.49649432899,15745.476723366533,14377.196758043061
2024-04-15 21:00:00,11226.514502269565,14392.593574122158,11487.508960095545
2024-04-15 22:00:00,11226.514502269565,13761.388906050686,11487.508960095545
2024-04-15 23:00:00,11024.077959838223,13771.401645946264,11487.508960095545
2024-04-16 00:00:00,11234.487506138736,13766.395275998475,11557.921669334955
2024-04-16 01:00:00,14831.493683602836,16619.263474455132,15281.777876677334
2024-04-16 02:00:00,14907.43815039742,17135.53712942615,15642.433868302463
2024-04-16 03:00:00,14910.865127788877,17135.53712942615,15642.433868302463
2024-04-16 04:00:00,14910.865127788877,17067.487893747588,15245.106002979292
2024-04-16 05:00:00,14910.865127788877,16371.649929250325,14871.182771462272
2024-04-16 06:00:00,14914.969314103048,16371.649929250325,14871.182771462272
2024-04-16 07:00:00,14914.969314103048,16710.69253135788,14871.182771462272
2024-04-16 08:00:00,14914.969314103048,16824.872565626003,15156.032568994717
2024-04-16 09:00:00,15536.767692389121,17039.41162648193,15359.445127666264
2024-04-16 10:00:00,15536.767692389121,17039.41162648193,15359.445127666264
2024-04-16 11:00:00,14736.293871279908,15940.005905994249,13521.77973624802
2024-04-16 12:00:00,14284.875812687693,15360.605652131484,13213.049101516594
2024-04-16 13:00:00,13995.019947320228,15134.714876070959,12778.674736960496
2024-04-16 14:00:00,13515.937469615892,13782.374359099116,11739.128140894012
2024-04-16 15:00:00,13347.890796056163,13616.65321544846,11481.165349876783
2024-04-16 16:00:00,11941.21066024842,11782.834441234929,9960.975300527298
2024-04-16 17:00:00,11662.389232850172,11296.656279896368,9399.151213117697
2024-04-16 18:00:00,11553.785366694432,10565.399318838869,9233.995435748293
2024-04-16 19:00:00,10736.941411121037,10565.399318838869,9185.748732342687
2024-04-16 20:00:00,10735.517574546491,10786.915309533704,8802.968683399866
2024-04-16 21:00:00,10492.90900160767,11267.160092628683,8802.968683399866
2024-04-16 22:00:00,10311.469388176554,12893.160033019281,9263.080393373191
2024-04-16 23:00:00,10311.469388176554,12893.160033019281,9263.080393373191
2024-04-17 00:00:00,9903.514920433125,11440.99121441961,8536.359988975084
2024-04-17 01:00:00,5923.231093509972,6569.760974104574,4679.591858241357
2024-04-17 02:00:00,6756.593427765372,6728.399285826425,5028.680494872594
2024-04-17 03:00:00,7818.081236718703,7616.507615424615,5831.249543093976
2024-04-17 04:00:00,7818.081236718703,7616.507615424615,5831.249543093976
2024-04-17 05:00:00,7486.393664779726,7179.3366946282695,5472.908575639114
2024-04-17 06:00:00,6248.380818409007,6109.69030730095,4863.29979246238
2024-04-17 07:00:00,5098.976389415164,4711.9425282844,3788.780378680779
2024-04-17 08:00:00,3498.092128441028,3116.2075575558083,2616.893013518166
2024-04-17 09:00:00,3050.9700212659054,2986.2825627461307,2394.6831303654058
2024-04-17 10:00:00,2619.5600577241694,2843.4936785776667,2166.3092681480007
2024-04-17 11:00:00,2544.446554427719,2791.1621842494255,2019.99917786502
2024-04-17 12:00:00,2544.446554427719,2764.788937138052,1938.7926913288734
2024-04-17 13:00:00,2544.446554427719,2726.9664223612363,2019.99917786502
2024-04-17 14:00:00,2562.1368101844964,2719.2141618312744,2033.5595075330195
2024-04-17 15:00:00,2660.8214990621495,2710.8315723363476,2248.4232336832943
2024-04-17 16:00:00,2660.8214990621495,2622.358580186747,2248.4232336832943
2024-04-17 17:00:00,2660.8214990621495,2650.9097832607868,2223.9794102206815
2024-04-17 18:00:00,2732.550755184076,2650.9097832607868,2223.9794102206815
2024-04-17 19:00:00,3155.8120898750885,2906.2415632884595,2406.7552767965103
2024-04-17 20:00:00,3173.50707788596,3130.2555937081593,2608.344527411621
2024-04-17 21:00:00,3256.4909953188735,3417.4298130181114,2736.832043684762
2024-04-17 22:00:00,4094.226842309317,4454.328891490115,3301.2372532606023
2024-04-17 23:00:00,4889.197047458445,4852.720256225186,3914.095546988066
2024-04-18 00:00:00,5104.227990870761,4922.032249808108,3918.0150479557215
2024-04-18 01:00:00,3827.605708556226,3939.743110522938,2730.622482217806
2024-04-18 02:00:00,3782.7805411464024,3885.832728161634,2692.629999349211
2024-04-18 03:00:00,3629.293828586987,3482.3470614894186,2692.629999349211
2024-04-18 04:00:00,3312.5413604822816,3365.1030108238688,2689.1568380270173
2024-04-18 05:00:00,3300.7063807646896,3300.746035871876,2668.820070349868
2024-04-18 06:00:00,3264.096627011336,3103.5639435683015,2418.7856922570295
2024-04-18 07:00:00,3001.493352873619,3090.741281020363,2277.814316684298
2024-04-18 08:00:00,2963.3232408434187,3090.741281020363,2277.814316684298
2024-04-18 09:00:00,2864.3729581563503,3090.741281020363,2300.488128192691
2024-04-18 10:00:00,2788.0886149307407,2832.191198043408,2300.488128192691
2024-04-18 11:00:00,2721.5094927979026,2738.7588645062956,2088.04194638314
2024-04-18 12:00:00,2788.0886149307407,2738.7588645062956,2088.04194638314
2024-04-18 13:00:00,2866.6098910194096,2755.8236697561742,2442.8529195580772
2024-04-18 14:00:00,3176.7900773315705,3621.933286843144,2614.9151570183817
2024-04-18 15:00:00,3182.5254269437987,3621.933286843144,2617.17622083803
2024-04-18 16:00:00,3487.0066928499305,3614.3641591202527,2614.9151570183817
2024-04-18 17:00:00,3571.4515543899165,3614.3641591202527,2617.17622083803
2024-04-18 18:00:00,3826.074736599797,3896.2467790450187,3015.6277235558628
2024-04-18 19:00:00,4401.167564422065,4861.633680287381,3562.8581595633063
2024-04-18 20:00:00,5288.993977566883,6744.022146187494,4193.680118313878
2024-04-18 21:00:00,5876.684213778662,7730.900556947742,4880.589311020238
2024-04-18 22:00:00,7918.629256511277,10206.864584279296,6945.978821574373
2024-04-18 23:00:00,8197.416463969608,10565.255275860885,7222.368169590547
2024-04-19 00:00:00,8815.43276751953,11496.140566529175,8062.384673756675
2024-04-19 01:00:00,12847.014382237947,14267.461854478646,10608.830142129313
2024-04-19 02:00:00,12485.034303794573,13814.319439618406,10167.08794293521
2024-04-19 03:00:00,9732.296042354177,12245.064456938842,8543.196261290756
2024-04-19 04:00:00,9732.296042354177,12245.064456938842,8543.196261290756
2024-04-19 05:00:00,9843.1993003778,12430.644249229092,8453.699256521222
2024-04-19 06:00:00,9843.1993003778,12476.320270042732,8512.517448062776
2024-04-19 07:00:00,10060.472838338726,12476.320270042732,8512.517448062776
2024-04-19 08:00:00,10651.969850026417,13386.208676489954,9138.484062909196
2024-04-19 09:00:00,10651.969850026417,13386.208676489954,9138.484062909196
2024-04-19 10:00:00,6892.425862234459,8885.772054311437,5801.1636713372245
2024-04-19 11:00:00,6092.449963243196,6720.798004353829,4539.663017818218
2024-04-19 12:00:00,5772.676183776888,6132.503070823426,4428.697352723111
2024-04-19 13:00:00,5177.171882577224,4982.718651056469,3649.201897810132
2024-04-19 14:00:00,4134.255141195465,3508.2951279301037,2746.5225489467116
2024-04-19 15:00:00,4134.255141195465,3449.617308248856,2746.5225489467116
2024-04-19 16:00:00,4134.255141195465,3438.7479392290093,2746.5225489467116
2024-04-19 17:00:00,4042.7728845626525,3438.7479392290093,2818.11860026158
2024-04-19 18:00:00,3957.6478360885667,3550.5390482858506,2818.11860026158
2024-04-19 19:00:00,4042.7728845626525,3737.0800109443,2915.2864301016775
2024-04-19 20:00:00,4046.4695260130293,4000.7478250372515,3071.1984782918653
2024-04-19 21:00:00,4194.304110746491,4035.723902103668,3123.2373311169986
2024-04-19 22:00:00,4366.594223629366,4035.723902103668,3158.8436673060564
2024-04-19 23:00:00,4366.594223629366,4148.413115448852,3158.8436673060564
2024-04-20 00:00:00,4288.691680717438,3966.786917104888,3103.8683410001363
2024-04-20 01:00:00,3537.907880194939,3287.0393296608963,2399.880576761476
2024-04-20 02:00:00,3324.8387788120394,3071.6486913446447,2304.315621418458
2024-04-20 03:00:00,3312.595987210374,2964.146732890577,2159.4795630651183
2024-04-20 04:00:00,2868.081675224663,2891.412449802226,2144.120996574547
2024-04-20 05:00:00,2868.081675224663,2870.6009815793686,2144.120996574547
2024-04-20 06:00:00,3193.4770339253296,2891.412449802226,2356.093016603437
2024-04-20 07:00:00,3244.136542283743,3015.896221854785,2356.093016603437
2024-04-20 08:00:00,3268.6407672283003,3015.896221854785,2356.093016603437
2024-04-20 09:00:00,3275.493897773432,3015.896221854785,2401.4806179618267
2024-04-20 10:00:00,3275.493897773432,3017.496975241322,2401.4806179618267
2024-04-20 11:00:00,3460.4101436275073,3441.468595176936,2423.5731789614065
2024-04-20 12:00:00,3460.4101436275073,3870.299060583293,2800.3725776403376
2024-04-20 13:00:00,4019.683107786406,4072.1838128976874,3096.101733351704
2024-04-20 14:00:00,4389.934571918541,4711.662262911375,3237.487454722825
2024-04-20 15:00:00,4574.577869437386,4980.708816662266,3276.9091793950283
2024-04-20 16:00:00,4829.190718916281,5121.606820032097,3574.5622564214805
2024-04-20 17:00:00,4996.7026056578325,5549.290470658323,3885.3197733832612
2024-04-20 18:00:00,5696.411031256246,6025.963758220088,4835.906699040284
2024-04-20 19:00:00,5696.411031256246,6025.963758220088,4835.906699040284
2024-04-20 20:00:00,5086.407432547126,5914.99236956358,4236.076717218357
2024-04-20 21:00:00,4634.274338855118,5640.471116328649,4061.544282939512
2024-04-20 22:00:00,4329.569145980582,4984.673328752879,4040.5502421652136
2024-04-20 23:00:00,3868.1530793467928,5016.3180178247885,3861.911114083048
2024-04-21 00:00:00,3824.7971246671614,4850.161054788501,3816.5738925153064
2024-04-21 01:00:00,5951.962004558791,7125.460871287565,6376.478083395454
2024-04-21 02:00:00,5935.186551154407,6880.094718212909,5817.6947251708
2024-04-21 03:00:00,5880.243221094406,6880.094718212909,5671.67646291565
2024-04-21 04:00:00,5422.651065537282,6795.585894176579,5402.921903800243
2024-04-21 05:00:00,5422.651065537282,6795.585894176579,5402.921903800243
2024-04-21 06:00:00,5933.351260358111,7164.827076116146,5632.414458561238
2024-04-21 07:00:00,7313.8235642362415,8600.021410907419,7115.579458474126
2024-04-21 08:00:00,7842.582208195452,10266.286648785728,7745.285861178423
2024-04-21 09:00:00,8260.82338226578,10458.000637561494,8137.0704307130945
2024-04-21 10:00:00,8358.148353074012,10528.868922650743,8878.76702136965
2024-04-21 11:00:00,8477.941203590959,10968.314495492352,8886.47516336129
2024-04-21 12:00:00,8847.529150668537,12219.414115665928,9228.793180608216
2024-04-21 13:00:00,8847.529150668537,12219.414115665928,9228.793180608216
2024-04-21 14:00:00,8374.382606084564,12103.394977367712,9176.4617132662
2024-04-21 15:00:00,8374.382606084564,12103.394977367712,9176.4617132662
2024-04-21 16:00:00,8959.550497900616,12621.389767626311,10010.946319290442
2024-04-21 17:00:00,8959.550497900616,12621.389767626311,10010.946319290442
2024-04-21 18:00:00,8864.151055883412,12462.213033554212,9529.04056012457
2024-04-21 19:00:00,8752.741562954521,12455.822574621398,9507.048488155295
2024-04-21 20:00:00,8611.610108710991,12384.280899267647,9206.44512401822
2024-04-21 21:00:00,8550.203944205705,12045.182051451367,8499.482833720169
2024-04-21 22:00:00,7877.275932189691,11389.576199082105,7886.636372010314
2024-04-21 23:00:00,6969.797358117513,10491.973739330628,7385.025346949228
2024-04-22 00:00:00,6954.645868255488,10398.730255001079,7211.999856890028
2024-04-22 01:00:00,6355.22889064264,7393.835650777399,5660.616933264792
2024-04-22 02:00:00,6330.0378563270115,7062.014089566392,5370.556634221344
2024-04-22 03:00:00,5809.212632884017,6799.596216478922,5215.286724290499
2024-04-22 04:00:00,5328.0720894498345,6671.719330346279,4871.878676227252
2024-04-22 05:00:00,5230.024648249184,6295.270537421929,4842.1153004016505
2024-04-22 06:00:00,4458.129036317497,5658.462169704712,4082.764509428048
2024-04-22 07:00:00,4458.129036317497,5589.4156818209885,3940.961016061724
2024-04-22 08:00:00,4525.050966250241,5658.462169704712,4082.764509428048
2024-04-22 09:00:00,4525.050966250241,5589.4156818209885,4447.610004844852
2024-04-22 10:00:00,4438.877814622787,5589.045628909393,4447.610004844852
2024-04-22 11:00:00,4003.9333563798223,5081.639244923693,4118.43600236023
2024-04-22 12:00:00,3686.9750399202603,4266.24337510922,3452.172672254999
2024-04-22 13:00:00,3677.1162927544524,4028.7542158572714,3268.9890192078137
2024-04-22 14:00:00,3677.1162927544524,3987.625694017067,3268.9890192078137
2024-04-22 15:00:00,3721.957429852847,3893.0724645773394,3335.4896556894882
2024-04-22 16:00:00,3721.957429852847,3893.0724645773394,3388.5133338448604
2024-04-22 17:00:00,3220.11449914306,3761.498662660114,3388.5133338448604
2024-04-22 18:00:00,3220.11449914306,3930.693619171816,3426.164591734045
2024-04-22 19:00:00,3454.476252698172,4408.216075039119,3528.0110815661465
2024-04-22 20:00:00,3946.7101868325612,4820.161706547692,3533.370926418042
2024-04-22 21:00:00,3946.7101868325612,4820.161706547692,3533.370926418042
2024-04-22 22:00:00,3946.7101868325612,4820.161706547692,3533.370926418042
2024-04-22 23:00:00,4652.216701442951,5007.128342524417,3984.802703214094
2024-04-23 00:00:00,4727.700648077239,5085.412789716755,4077.1395409231645
2024-04-23 01:00:00,5024.060878078069,5243.136097949779,4596.999463627833
2024-04-23 02:00:00,4436.959142600376,5320.845481099686,4282.469176579854
2024-04-23 03:00:00,4425.196531534431,5320.845481099686,4282.469176579854
2024-04-23 04:00:00,4425.196531534431,5648.890135671477,4345.13214227222
2024-04-23 05:00:00,5112.91520072707,6030.916655660736,4583.688448850153
2024-04-23 06:00:00,5190.509299320776,6286.3340023986475,4871.947944480304
2024-04-23 07:00:00,6562.042714961515,7680.720748120909,6017.123321173623
2024-04-23 08:00:00,6562.042714961515,8470.457536134392,6403.785240043244
2024-04-23 09:00:00,5973.823387796311,8553.551618779433,6403.785240043244
2024-04-23 10:00:00,5676.4926141638,8479.041418812785,6293.170963857906
2024-04-23 11:00:00,5290.203437452136,8553.551618779433,6293.170963857906
2024-04-23 12:00:00,5290.203437452136,8479.041418812785,6382.0030253248715
2024-04-23 13:00:00,5631.57512845213,8609.474637440979,6519.666066199827
2024-04-23 14:00:00,5631.57512845213,8550.17703955152,6505.01678555169
2024-04-23 15:00:00,5456.578833638165,8550.17703955152,6505.01678555169
2024-04-23 16:00:00,5226.191441502726,7701.024675849105,5688.660400300951
2024-04-23 17:00:00,4541.116816476241,7494.36213417302,5424.621459155514
2024-04-23 18:00:00,4136.461625040318,6456.996412212558,5278.525223963595
2024-04-23 19:00:00,4112.830043650722,4980.733297441445,4140.169744360232
2024-04-23 20:00:00,3324.999796796953,4027.763559337607,3623.1703400822253
2024-04-23 21:00:00,3324.999796796953,4027.763559337607,3623.1703400822253
2024-04-23 22:00:00,3945.838082556159,4777.8389622183495,3633.7473084840844
2024-04-23 23:00:00,3945.838082556159,4777.8389622183495,3633.7473084840844
2024-04-24 00:00:00,3798.4612242316452,4716.487770924805,3438.3133306988175
2024-04-24 01:00:00,4013.9513924292437,3924.648011441127,3007.266663768869
2024-04-24 02:00:00,3833.32985737575,3862.283665141548,2921.4559759985195
2024-04-24 03:00:00,3246.557971469791,3410.2865406166443,2608.7370507836304
2024-04-24 04:00:00,3044.878570429682,3114.307524550209,2464.1414152971984
2024-04-24 05:00:00,3044.878570429682,3092.130528460376,2417.108472365254
2024-04-24 06:00:00,3148.844407335964,3092.130528460376,2412.6061325822325
2024-04-24 07:00:00,3165.8858320561317,3233.386261789405,2359.357179271342
2024-04-24 08:00:00,3573.7983483661383,3420.1718884534666,2412.6061325822325
2024-04-24 09:00:00,3669.814455267887,3787.380999566782,2749.3779891068843
2024-04-24 10:00:00,4683.158151642431,4986.109081506214,3702.9348083674586
2024-04-24 11:00:00,5226.047604009298,5515.929113554099,4417.2474225374035
2024-04-24 12:00:00,5655.362118207945,5780.839260375078,4783.981296649576
2024-04-24 13:00:00,6328.997108951303,5961.607677196201,5002.246701051033
2024-04-24 14:00:00,7454.169051331625,8518.198450712856,6481.644546415369
2024-04-24 15:00:00,8475.234345326951,9002.192525109649,6865.211581845487
2024-04-24 16:00:00,8512.037549663099,9002.192525109649,6908.308194028362
2024-04-24 17:00:00,8475.234345326951,8939.938544843859,6865.211581845487
2024-04-24 18:00:00,8675.448990751916,8939.938544843859,6908.308194028362
2024-04-24 19:00:00,8675.448990751916,10375.076311944329,7924.559707416466
2024-04-24 20:00:00,8817.486316001668,10471.292459212707,8191.1538691416235
2024-04-24 21:00:00,9551.697459151063,10559.950968444045,8663.88507037474
2024-04-24 22:00:00,9852.020391711223,11798.22230361836,9276.143634727272
2024-04-24 23:00:00,11456.154163267256,14522.93678962136,10710.010895290352
2024-04-25 00:00:00,11879.039024968275,14898.911010128906,11467.326868255896
2024-04-25 01:00:00,12976.021281810983,15965.687483095631,12368.392723186123
2024-04-25 02:00:00,13291.87182325049,16177.332409756456,12634.256556709588
2024-04-25 03:00:00,13524.385399878938,16177.332409756456,12909.905063376184
2024-04-25 04:00:00,13926.502520964877,16177.332409756456,12909.905063376184
2024-04-25 05:00:00,14005.948484405642,16404.677802534574,12834.338687973845
2024-04-25 06:00:00,13926.502520964877,16404.677802534574,12767.277358892723
2024-04-25 07:00:00,13256.531412005954,15410.04643982449,11998.197903406417
2024-04-25 08:00:00,13127.707133280715,14603.80806199527,11937.76133954699
2024-04-25 09:00:00,11958.364158094479,12865.210244746591,10514.33528049763
2024-04-25 10:00:00,10043.11555244961,11448.352830972048,8830.785659939474
2024-04-25 11:00:00,8413.369913221413,8213.088845371249,6283.58066388624
2024-04-25 12:00:00,8112.239218719539,8021.069088815078,6283.58066388624
2024-04-25 13:00:00,8001.296491916781,7742.9932707633925,6294.941733324468
2024-04-25 14:00:00,8112.239218719539,7742.9932707633925,6604.717266927137
2024-04-25 15:00:00,9463.425517675732,10370.380806890314,8666.151634793978
2024-04-25 16:00:00,9616.774687961684,10370.380806890314,9296.132713632705
2024-04-25 17:00:00,10027.130665467299,10890.075557534345,9731.191232799185
2024-04-25 18:00:00,11179.589645907048,11270.96300424617,10217.088485903734
2024-04-25 19:00:00,12734.112963164807,12476.728864719766,11872.254570312405
2024-04-25 20:00:00,14624.963492713068,15351.477691076598,13486.982635677175
2024-04-25 21:00:00,16557.878009762313,17835.51130841091,14855.874083357447
2024-04-25 22:00:00,18659.494488123342,18069.176567361854,15562.012508287537
2024-04-25 23:00:00,18659.494488123342,18069.176567361854,15562.012508287537
2024-04-26 00:00:00,18469.104994448993,18111.95039061935,15590.314960101608
2024-04-26 01:00:00,17503.422959767395,17003.67856317614,13816.661475536392
2024-04-26 02:00:00,17492.53420607068,16687.875983906764,13462.06636062182
2024-04-26 03:00:00,16304.960081170899,13745.797092552335,12146.262794149132
2024-04-26 04:00:00,14972.2528826733,12798.484726910083,11172.788738420499
2024-04-26 05:00:00,12698.020025684364,10534.810715554977,8610.228267663832
2024-04-26 06:00:00,10522.958235942056,8374.390555166385,7207.731539860912
2024-04-26 07:00:00,8162.930502418991,7135.404535891644,5745.612818929318
2024-04-26 08:00:00,6247.409831025534,5133.213641625073,4070.6593348500537
2024-04-26 09:00:00,3528.888876068851,3287.6715490153206,2518.1377825995473
2024-04-26 10:00:00,2555.6863133948827,2560.8456082020775,1962.6192634471274
2024-04-26 11:00:00,2203.6122832129936,2560.8456082020775,1846.057133226686
2024-04-26 12:00:00,2203.6122832129936,2592.6111763380572,1846.057133226686
2024-04-26 13:00:00,2130.5413984408747,2592.6111763380572,1846.057133226686
2024-04-26 14:00:00,2205.95367970781,2470.5491143464274,1628.4158888570341
2024-04-26 15:00:00,2211.3940130621218,2470.5491143464274,1628.4158888570341
2024-04-26 16:00:00,2608.2321147243592,2472.7720745126676,1762.9335692337488
2024-04-26 17:00:00,2664.3910549976945,2482.3027665159157,1812.809244391429
2024-04-26 18:00:00,3295.748971905969,3041.6096258366415,2384.0626016193446
2024-04-26 19:00:00,3941.7889684352112,3809.773244813551,3415.117271032311
2024-04-26 20:00:00,4726.639165640217,4993.051892477436,3939.852542343222
2024-04-26 21:00:00,6139.882282373938,6320.686201688555,4953.927747849726
2024-04-26 22:00:00,7672.218533434119,8526.381500108208,6330.163508532811
2024-04-26 23:00:00,8311.594875030598,8943.790923247803,6989.894823243389
2024-04-27 00:00:00,8760.610954642983,9372.634201260411,7185.833841401774
2024-04-27 01:00:00,12647.989621449,11922.45446906637,10189.386919593173
2024-04-27 02:00:00,12948.870987029188,11792.883852113455,9933.226769312838
2024-04-27 03:00:00,13534.574092067749,11254.416165609147,9701.532793729266
2024-04-27 04:00:00,13113.602363336895,11254.416165609147,9601.6876860482
2024-04-27 05:00:00,13113.602363336895,10907.60770052781,9187.177866469454
2024-04-27 06:00:00,8478.295429146918,8009.401143359154,6358.522860004261
2024-04-27 07:00:00,6728.492393026366,7035.951000240051,5267.884734492936
2024-04-27 08:00:00,5931.614431999815,5562.575273684657,4339.802132488012
2024-04-27 09:00:00,3451.5672175669206,3329.2904607312753,2567.408956827175
2024-04-27 10:00:00,2681.352648896278,2856.043628260747,2119.081351375776
2024-04-27 11:00:00,2540.7921292865476,2696.7910585890227,1962.0698516623966
2024-04-27 12:00:00,2540.7921292865476,2696.7910585890227,1910.3244731507737
2024-04-27 13:00:00,2576.69036733598,2626.4203471138735,1851.587023401217
2024-04-27 14:00:00,2576.69036733598,2627.3152507335944,1826.0020788609243
2024-04-27 15:00:00,2576.69036733598,2627.3152507335944,1826.0020788609243
2024-04-27 16:00:00,2808.0240993052444,2705.66500756187,1903.8045156065914
2024-04-27 17:00:00,2850.8299962181804,2709.5343394991514,2046.8830288604427
2024-04-27 18:00:00,2887.0452363021564,2828.620273960866,2046.8830288604427
2024-04-27 19:00:00,3420.839991425837,3004.0975854790063,2613.0710209647214
2024-04-27 20:00:00,4009.552279119906,3845.929957189031,3179.1798068871053
2024-04-27 21:00:00,4788.934100208801,4799.630162410841,3766.596676553475
2024-04-27 22:00:00,6100.27259948256,6254.548556159999,4875.353295923923
2024-04-27 23:00:00,6275.760212398342,6582.202655228789,5169.697168477565
2024-04-28 00:00:00,6953.540340365297,6804.997963509008,5374.63148747153
2024-04-28 01:00:00,6693.696719631392,6276.754668476842,4608.040990798037
2024-04-28 02:00:00,6560.912542406577,6088.650221190301,4558.31668824611
2024-04-28 03:00:00,5385.770012664408,5312.555471563947,3747.195680416644
2024-04-28 04:00:00,4335.650121989189,4405.851136212982,3299.5458095492177
2024-04-28 05:00:00,3817.1713297640913,3691.9356928214947,2777.068390300329
2024-04-28 06:00:00,3375.9452863844863,3423.666373727004,2694.443606149479
2024-04-28 07:00:00,3199.725803473454,3404.867201728829,2629.854852347866
2024-04-28 08:00:00,2834.8484974464614,2772.1663706974286,2109.350208263186
2024-04-28 09:00:00,2782.4563896504733,2692.9707402719373,2008.0722951513294
2024-04-28 10:00:00,2690.7573428074083,2535.128435495916,1973.2174512456945
2024-04-28 11:00:00,2625.1461828619945,2535.128435495916,1970.474459365282
2024-04-28 12:00:00,2690.7573428074083,2692.451646546707,1973.2174512456945
2024-04-28 13:00:00,2565.22362716963,2692.451646546707,1901.6460200575414
2024-04-28 14:00:00,2492.9202339799317,2488.4301162176876,1740.814679010357
2024-04-28 15:00:00,2492.9202339799317,2488.4301162176876,1740.814679010357
2024-04-28 16:00:00,2917.107797120448,2859.4020453739618,1970.6695599601019
2024-04-28 17:00:00,3251.9246497606523,3061.255746468601,2001.8265247155846
2024-04-28 18:00:00,3251.9246497606523,3159.886794763831,2233.6368876834467
2024-04-28 19:00:00,3142.004435390031,3237.8374091721744,2362.750978769786
2024-04-28 20:00:00,3126.6575494292015,3159.886794763831,2472.106406375647
2024-04-28 21:00:00,3142.004435390031,3237.8374091721744,2502.3848692784813
2024-04-28 22:00:00,3591.7514494002135,3525.5440214605114,2936.911906084628
2024-04-28 23:00:00,3657.3194201309007,3525.5440214605114,2936.911906084628
2024-04-29 00:00:00,3724.6275145459413,3307.774424552337,2745.698361928571
2024-04-29 01:00:00,3189.748928485741,2965.9284431557553,2348.561243224347
2024-04-29 02:00:00,3192.7387445804693,3244.0711974046003,2454.482298708311
2024-04-29 03:00:00,3186.7591123910133,3251.556900655906,2508.0372775219153
2024-04-29 04:00:00,3200.2626496018356,3480.105885909418,2662.5990441533245
2024-04-29 05:00:00,3736.079512700994,3887.4658487560155,2929.1730125935455
2024-04-29 06:00:00,4023.6906486506778,4122.3105142859085,3270.0071320016013
2024-04-29 07:00:00,4040.339009013863,4519.0477208577195,3461.955460514132
2024-04-29 08:00:00,4023.6906486506778,4601.495074035638,3461.955460514132
2024-04-29 09:00:00,3974.5712811417934,4902.725495428092,3672.652683381373
2024-04-29 10:00:00,3810.8711380603286,4601.495074035638,3334.602851123126
2024-04-29 11:00:00,3311.9290693329194,3641.5633067004746,2720.3550579066223
2024-04-29 12:00:00,3311.9290693329194,3641.5633067004746,2720.3550579066223
2024-04-29 13:00:00,3251.3055333399034,3716.429622010231,2807.0449296901716
2024-04-29 14:00:00,3363.478737325626,3962.8283167508853,2817.9764382989383
2024-04-29 15:00:00,3606.1891933595484,4285.200059748965,3117.038716010039
2024-04-29 16:00:00,3853.9413300470233,4948.019277511359,3504.5701773053706
2024-04-29 17:00:00,3853.9413300470233,4948.019277511359,3664.6514075948544
2024-04-29 18:00:00,3711.661038396109,4877.578076587806,3664.6514075948544
2024-04-29 19:00:00,3711.661038396109,4688.594306703548,3664.6514075948544
2024-04-29 20:00:00,3604.452589096254,4572.388045573972,3593.6591898133397
2024-04-29 21:00:00,3609.3954153930063,4181.683732060394,3535.3875428660003
2024-04-29 22:00:00,3609.3954153930063,4157.237033248368,3448.9213920106354
2024-04-29 23:00:00,3942.2249810574044,4181.683732060394,3448.9213920106354
2024-04-30 00:00:00,3992.968532519214,4182.4761288036825,3315.2739207434106
2024-04-30 01:00:00,5188.185239377555,5881.269323309105,3979.598441158119
2024-04-30 02:00:00,5322.810784515432,5619.961352762801,3873.893167237623
2024-04-30 03:00:00,5493.851253576722,6142.57729385541,3873.893167237623
2024-04-30 04:00:00,6254.2750061246625,6397.621967432261,4515.345876974898
2024-04-30 05:00:00,6974.7800785746,7106.6716911108615,4863.7323116972375
2024-04-30 06:00:00,6974.7800785746,7498.5853907105875,4863.7323116972375
2024-04-30 07:00:00,6211.5531665995295,7498.5853907105875,4049.168359052042
2024-04-30 08:00:00,5601.507243207842,5865.828625043434,3410.1795422838304
2024-04-30 09:00:00,5495.756793799619,5482.764321774614,3053.1877109488087
2024-04-30 10:00:00,4852.947118753605,5076.238797317991,2824.154637929877
2024-04-30 11:00:00,4668.696783316416,4726.497907353602,2678.4083888859955
2024-04-30 12:00:00,4536.146286933528,4572.441625899215,2565.0760327588127
2024-04-30 13:00:00,4042.191418410789,4058.744585199125,2565.0760327588127
2024-04-30 14:00:00,3754.560262936565,3207.5140828557496,2233.460903077465
2024-04-30 15:00:00,3681.9440239790893,3207.5140828557496,2233.460903077465
2024-04-30 16:00:00,3550.898952985962,3250.532986149847,2354.999840130964
2024-04-30 17:00:00,3550.898952985962,3401.974107468024,2694.333044155331
2024-04-30 18:00:00,3123.198626335211,3401.974107468024,2711.8122007279603
2024-04-30 19:00:00,3043.0882694749935,3401.974107468024,2767.6137218743884
2024-04-30 20:00:00,3043.0882694749935,3616.5448290279937,2767.6137218743884
2024-04-30 21:00:00,3139.209456730807,3867.2966030270823,3039.7653269757507
2024-04-30 22:00:00,3495.3888526853516,4229.157199141757,3552.3655476067433
2024-04-30 23:00:00,3656.3335363370097,4241.980122017265,3587.1871151800915
2024-05-01 00:00:00,3996.527517973518,4437.3190302228395,3642.053902551656
2024-05-01 01:00:00,4829.619880659906,5021.44162136546,3958.9361923386205
2024-05-01 02:00:00,5085.953553509343,5465.8036416670875,4222.3423052502885
2024-05-01 03:00:00,5098.734723628231,5939.980435752988,4222.3423052502885
2024-05-01 04:00:00,5427.28631595778,6034.216859361865,4427.47778949506
2024-05-01 05:00:00,5098.734723628231,5939.980435752988,4082.052462221167
2024-05-01 06:00:00,4640.311161505835,5893.363164601554,4082.052462221167
2024-05-01 07:00:00,4466.160965248175,5893.363164601554,3820.4917512874745
2024-05-01 08:00:00,4414.771424348399,5796.271951266617,3820.4917512874745
2024-05-01 09:00:00,4466.160965248175,5796.271951266617,4209.384577002483
2024-05-01 10:00:00,4433.035849862356,5553.943476112285,4317.353667079622
2024-05-01 11:00:00,4433.035849862356,5144.229754097345,4317.353667079622
2024-05-01 12:00:00,4329.634972701717,4446.787920965446,3880.1670229387105
2024-05-01 13:00:00,4053.2433164651093,4018.5315618290647,3648.1797655231553
2024-05-01 14:00:00,3747.387018574124,3602.344685057843,3130.000645379828
2024-05-01 15:00:00,3734.9531729097994,3596.759570788346,2998.907970848224
2024-05-01 16:00:00,2953.6774004912627,3298.47119501004,2713.11045263047
2024-05-01 17:00:00,2953.6774004912627,3208.9943669366844,2670.0200326646077
2024-05-01 18:00:00,3056.8549953964166,3119.779241308327,2627.4409675371817
2024-05-01 19:00:00,3086.647911918777,2908.981844917911,2404.6868669330956
2024-05-01 20:00:00,3307.83377046463,2908.981844917911,2404.6868669330956
2024-05-01 21:00:00,3996.8723462305434,3967.233829042246,2868.098709133009
2024-05-01 22:00:00,4422.087955997508,4548.150877433503,3305.500771071608
2024-05-01 23:00:00,4495.226510098518,4759.92608136319,3394.203343723007
2024-05-02 00:00:00,4458.657233048013,4654.038479398347,3349.8520573973074
2024-05-02 01:00:00,4243.159245714709,4158.366465232105,2906.2481046611765
2024-05-02 02:00:00,4210.624117435586,4017.6875024641495,2920.167907624538
2024-05-02 03:00:00,4210.624117435586,4017.6875024641495,2920.167907624538
2024-05-02 04:00:00,4203.949716925134,4017.6875024641495,2920.167907624538
2024-05-02 05:00:00,3865.623036333088,3277.6888016053103,2675.351276728286
2024-05-02 06:00:00,3806.12712469339,3273.889114413574,2614.851266288718
2024-05-02 07:00:00,3525.530781941781,3097.0128931364497,2570.055947061689
2024-05-02 08:00:00,3468.6298521586878,2944.441743904111,2427.863958640556
2024-05-02 09:00:00,3247.7254866251415,2779.07544127585,2190.482438852173
2024-05-02 10:00:00,2780.1523088168874,2668.885457085776,2074.0556189844483
2024-05-02 11:00:00,2780.1523088168874,2668.885457085776,2074.0556189844483
2024-05-02 12:00:00,2780.1523088168874,2668.885457085776,2120.0075526474257
2024-05-02 13:00:00,2759.3414462251594,2580.7729058588875,2120.0075526474257
2024-05-02 14:00:00,2759.3414462251594,2580.7729058588875,2120.0075526474257
2024-05-02 15:00:00,2759.3414462251594,2602.1581106712815,2209.7315895017837
2024-05-02 16:00:00,2797.8956066799174,2640.5181197195143,2209.7315895017837
2024-05-02 17:00:00,2948.8458426356747,2748.35146925128,2233.8475998081744
2024-05-02 18:00:00,3554.0075404184668,3151.883586172808,2537.1639129748205
2024-05-02 19:00:00,3963.572238058023,3766.898086708764,2705.980656810732
2024-05-02 20:00:00,4213.166913160018,3912.4072699473354,2974.7118985439574
2024-05-02 21:00:00,5028.813967706092,4973.992523302509,3676.6937401142363
2024-05-02 22:00:00,7288.141856005392,7251.998002300403,5409.374603898922
2024-05-02 23:00:00,7288.141856005392,7371.549004293976,5491.021468284119
2024-05-03 00:00:00,7282.338083040754,7322.824928383639,5468.934106423509
2024-05-03 01:00:00,7527.394057908947,6605.219789518151,5207.388351959415
2024-05-03 02:00:00,8124.7970746905,7102.542698815158,5622.4442142645585
2024-05-03 03:00:00,8450.846294053805,7996.549893151588,6124.6559098032185
2024-05-03 04:00:00,8450.846294053805,7996.549893151588,6124.6559098032185
2024-05-03 05:00:00,8327.34467355207,7435.654022410876,5648.813796500753
2024-05-03 06:00:00,7730.647888755765,6654.2498536803205,5577.625793487857
2024-05-03 07:00:00,6743.46187111624,5609.179963256154,4717.497013419845
2024-05-03 08:00:00,4556.327103481366,4352.865249458915,3235.615873795402
2024-05-03 09:00:00,3375.2072794252736,3211.76745452142,2545.7264263135635
2024-05-03 10:00:00,2734.1052728498207,3022.4245483299173,2160.602412576177
2024-05-03 11:00:00,2669.175704554884,2997.91441637053,2029.986965766288
2024-05-03 12:00:00,2669.175704554884,2929.3784384750484,2029.986965766288
2024-05-03 13:00:00,3041.9767803275527,2929.3784384750484,2269.560339660206
2024-05-03 14:00:00,3163.925700529472,2991.096507261147,2464.51028997916
2024-05-03 15:00:00,3163.925700529472,2991.096507261147,2464.51028997916
2024-05-03 16:00:00,2871.5368610967953,2803.838835427459,2369.1052365154815
2024-05-03 17:00:00,2871.5368610967953,2803.838835427459,2369.1052365154815
2024-05-03 18:00:00,3023.322473488137,3038.7865462269483,2380.5927123687215
2024-05-03 19:00:00,3321.045340898786,3225.262526623806,2722.9351121716873
2024-05-03 20:00:00,3808.94374826753,3570.0108365269166,2781.835303276765
2024-05-03 21:00:00,4050.559041776976,3828.8525190694854,2942.9481292423834
2024-05-03 22:00:00,4803.105550368159,4493.903974929579,3535.9658019588474
2024-05-03 23:00:00,4803.105550368159,4493.903974929579,3535.9658019588474
2024-05-04 00:00:00,4677.737416171691,4303.568168230133,3415.12887044528
2024-05-04 01:00:00,4746.881473418018,4237.5337755737055,3495.5521951922083
2024-05-04 02:00:00,4910.180729052981,4375.128530695114,3695.2467305566884
2024-05-04 03:00:00,5784.061552770663,5843.761839330929,4381.245748632317
2024-05-04 04:00:00,6405.225493472911,5994.5569554577,4518.835291700247
2024-05-04 05:00:00,6491.729086209836,6777.725472696877,4738.267506446378
2024-05-04 06:00:00,6491.729086209836,6777.725472696877,4738.267506446378
2024-05-04 07:00:00,5330.884831267609,5986.2868332573,3904.8371603897263
2024-05-04 08:00:00,4501.713941521921,5277.42765664872,3346.890772095858
2024-05-04 09:00:00,4307.746250096203,3923.5681510387594,2927.9618595226907
2024-05-04 10:00:00,3817.008972592122,3638.761198068446,2867.6506415098065
2024-05-04 11:00:00,3133.152946477438,3361.2130862761064,2290.499467045087
2024-05-04 12:00:00,2856.6484301126993,3027.255135905377,2214.8316148967506
2024-05-04 13:00:00,2761.1466550609703,3005.1192184562783,1980.8187008623565
2024-05-04 14:00:00,2385.260183609862,2781.045303106463,1866.816245253626
2024-05-04 15:00:00,2385.260183609862,2781.045303106463,1866.816245253626
2024-05-04 16:00:00,3431.253414641794,3570.7719549079075,2534.2197894417686
2024-05-04 17:00:00,3782.4587004746327,3673.6604246494508,2615.263721417029
2024-05-04 18:00:00,4627.01672719266,5620.768469674578,3744.633997263306
2024-05-04 19:00:00,5661.559040709789,7157.462673355029,4885.866871300971
2024-05-04 20:00:00,8106.470987968636,8917.74639530275,7237.7942368650765
2024-05-04 21:00:00,8267.618193794175,9326.421742885388,7293.050394622909
2024-05-04 22:00:00,10729.179117520744,12004.205093410386,10236.782921786695
2024-05-04 23:00:00,10729.179117520744,13336.823523337676,10334.95099714805
2024-05-05 00:00:00,11203.970497533057,13544.789411682841,11052.670510291087
2024-05-05 01:00:00,10085.808500715211,11986.863917584753,8758.293403825017
2024-05-05 02:00:00,9975.373740827163,12315.637091125434,8836.34250021768
2024-05-05 03:00:00,9975.373740827163,12315.637091125434,8836.34250021768
2024-05-05 04:00:00,10436.566659991866,13396.438961295938,9541.066804749247
2024-05-05 05:00:00,12837.770770082929,15188.902427074365,12047.48810439207
2024-05-05 06:00:00,13853.478712292743,15194.004338890038,12302.310020556082
2024-05-05 07:00:00,14122.69242201828,15539.698911909009,12981.591437442641
2024-05-05 08:00:00,14695.267871954304,16489.73764826691,13963.387452452467
2024-05-05 09:00:00,14976.581267021062,16507.342932228134,14163.23484112873
2024-05-05 10:00:00,15220.850940610242,16892.92489616767,14215.323571850842
2024-05-05 11:00:00,16643.733160900872,17557.428438172617,15586.734529283209
2024-05-05 12:00:00,16779.13462283756,17564.57426727037,15767.30139722321
2024-05-05 13:00:00,16779.13462283756,17557.428438172617,15767.30139722321
2024-05-05 14:00:00,16234.72728224783,18367.244391929664,15678.246332578527
2024-05-05 15:00:00,16234.72728224783,18367.244391929664,15678.246332578527
2024-05-05 16:00:00,17019.314244063928,18451.54221220127,15678.246332578527
2024-05-05 17:00:00,17319.582461603266,18459.746210531906,15811.342165297227
2024-05-05 18:00:00,17804.375552914,18459.746210531906,15811.342165297227
2024-05-05 19:00:00,17894.12391603144,18459.746210531906,15869.830721453758
2024-05-05 20:00:00,18238.017309558076,18655.047429428145,16267.459205271569
2024-05-05 21:00:00,18239.64539321901,18655.047429428145,16279.76730727484
2024-05-05 22:00:00,18238.017309558076,18663.26643012845,16267.459205271569
2024-05-05 23:00:00,17799.160459879735,18733.51285756268,16279.76730727484
2024-05-06 00:00:00,17571.917024550974,18801.438609401535,16359.687697508858
2024-05-06 01:00:00,17281.280602211737,18656.084300528422,16154.41150905627
2024-05-06 02:00:00,17113.410474534296,18569.829523172713,16036.450156894376
2024-05-06 03:00:00,16236.381064317926,17307.61819858409,15393.813932428293
2024-05-06 04:00:00,13524.221194532822,15812.442050990945,13705.676163419223
2024-05-06 05:00:00,13420.277927064846,15812.442050990945,13697.670141352613
2024-05-06 06:00:00,13420.277927064846,15812.442050990945,13697.670141352613
2024-05-06 07:00:00,13420.277927064846,15883.898562439605,13697.670141352613
2024-05-06 08:00:00,13866.605980146054,16576.925826656185,14399.528142745246
2024-05-06 09:00:00,14807.875510553964,16611.626140571694,14932.758408087855
2024-05-06 10:00:00,14807.875510553964,16611.626140571694,14932.758408087855
2024-05-06 11:00:00,14361.17404242683,15729.23114522397,14555.423337605283
2024-05-06 12:00:00,13677.439442037203,15729.23114522397,14097.432848661152
2024-05-06 13:00:00,13677.439442037203,16022.013609265117,14097.432848661152
2024-05-06 14:00:00,13677.439442037203,16022.013609265117,14097.432848661152
2024-05-06 15:00:00,12889.211935813244,15226.314868064515,13162.086761735893
2024-05-06 16:00:00,12679.833639312335,15044.042875892826,13162.086761735893
2024-05-06 17:00:00,12369.456709656894,15044.042875892826,13162.086761735893
2024-05-06 18:00:00,12369.456709656894,13088.477178060846,11710.769246833415
2024-05-06 19:00:00,12190.826941633002,12885.158100408955,10328.286838265634
2024-05-06 20:00:00,11306.179916074982,12644.71162793423,10149.577674603785
2024-05-06 21:00:00,9587.579877401553,11259.382786007447,8278.26496537842
2024-05-06 22:00:00,9587.579877401553,10430.762585327486,8278.26496537842
2024-05-06 23:00:00,10378.847731895012,10430.762585327486,9206.577922238703
2024-05-07 00:00:00,10633.750665175223,10656.794775655717,9248.065905365998
2024-05-07 01:00:00,8715.64663030452,9716.141888766639,7495.549311782896
2024-05-07 02:00:00,7925.673173805388,9013.498612850697,6623.452805294224
2024-05-07 03:00:00,7552.43059200495,8339.630294513914,6302.013098337917
2024-05-07 04:00:00,6355.017886193756,7722.735654636881,5646.3070443674715
2024-05-07 05:00:00,5216.647196563802,6598.887322964944,4752.593921979287
2024-05-07 06:00:00,4825.589677243144,5941.75212676337,4603.312116652059
2024-05-07 07:00:00,4825.589677243144,5730.487586339015,4234.2936390666
2024-05-07 08:00:00,4898.37955094304,4913.822109543111,4405.906540803604
2024-05-07 09:00:00,5267.739446510503,4913.822109543111,4405.906540803604
2024-05-07 10:00:00,5454.5722336301205,5389.559031530771,4444.5731316504825
2024-05-07 11:00:00,5587.22247344969,6688.29984080205,5171.652513938086
2024-05-07 12:00:00,5872.735934498036,6981.531557132446,5791.842619829235
2024-05-07 13:00:00,6154.199486324508,7548.066644141548,6049.192436772015
2024-05-07 14:00:00,6801.169222530538,8024.768429257156,6312.554035616012
2024-05-07 15:00:00,8481.978779964145,9310.909921629553,7636.819034401182
2024-05-07 16:00:00,8490.748807428705,9673.20010583959,8384.849567297715
2024-05-07 17:00:00,9663.143002305585,10800.183523154417,9317.650777860053
2024-05-07 18:00:00,10340.817420204366,11329.890541292229,10276.149031726167
2024-05-07 19:00:00,10733.265284715728,12704.099723917909,11290.795230865398
2024-05-07 20:00:00,11345.147348048753,12605.931356526056,10671.218085095814
2024-05-07 21:00:00,12198.684970634999,12704.099723917909,11290.795230865398
2024-05-07 22:00:00,12198.684970634999,13243.696737884291,11870.334422137204
2024-05-07 23:00:00,11692.610201779094,13243.696737884291,11870.334422137204
2024-05-08 00:00:00,11179.01407479959,12955.994087014657,11457.28574259421
2024-05-08 01:00:00,9202.03763765845,10225.26490883758,8144.522814182259
2024-05-08 02:00:00,8829.31831364561,9661.675612210252,7530.182947768953
2024-05-08 03:00:00,8460.885471185755,9632.715854936516,7401.217902132274
2024-05-08 04:00:00,7933.6175534242675,9098.86362085248,7009.036000837531
2024-05-08 05:00:00,7210.094949091252,8974.630876021667,6937.244869791648
2024-05-08 06:00:00,7210.094949091252,8325.512638189404,6937.244869791648
2024-05-08 07:00:00,7091.809358160749,8141.368891716459,6869.099877269039
2024-05-08 08:00:00,6442.906773280477,7531.458137274171,6394.221928787201
2024-05-08 09:00:00,5802.053290323727,5383.787854064081,4509.311206415421
2024-05-08 10:00:00,5232.58501207754,4946.085263678272,4357.025069073844
2024-05-08 11:00:00,5232.58501207754,4936.132255806218,4214.018125999245
2024-05-08 12:00:00,4970.478624857267,4608.163731619347,4214.018125999245
2024-05-08 13:00:00,4911.756567024271,4466.636281350113,4214.018125999245
2024-05-08 14:00:00,4568.3795206397035,3958.6398530674123,3953.676375823751
2024-05-08 15:00:00,3966.1959248010053,3685.6746895990123,3474.2606720019758
2024-05-08 16:00:00,3808.0626032460154,3311.6113581461163,3058.6359947773713
2024-05-08 17:00:00,3032.9910264516243,2778.4720081456553,2374.100803323526
2024-05-08 18:00:00,3032.9910264516243,2778.4720081456553,2374.100803323526
2024-05-08 19:00:00,3306.5576373813396,3168.237744962925,2709.1405291485726
2024-05-08 20:00:00,3777.028173699387,3512.175618142014,2788.6475042777397
2024-05-08 21:00:00,3978.7104844326254,4072.169565425507,3008.491579260881
2024-05-08 22:00:00,4968.000739889437,5012.473413830032,4082.904025812775
2024-05-08 23:00:00,5624.047953318168,5253.860794510665,4711.826060577197
2024-05-09 00:00:00,6020.653023884389,5621.668937028041,4935.250986519913
2024-05-09 01:00:00,5469.000909454055,6469.774757399702,4140.312185757986
2024-05-09 02:00:00,5724.667602649194,6979.091552553897,4545.659440795942
2024-05-09 03:00:00,7727.829811864025,8485.735611885502,5532.683696174741
2024-05-09 04:00:00,8610.081096366252,9685.792279027972,6363.776402402587
2024-05-09 05:00:00,11599.504480551772,11886.780420580939,8937.441636719279
2024-05-09 06:00:00,12460.59447236735,14596.807047748127,10236.87630343422
2024-05-09 07:00:00,12736.575238856758,14596.807047748127,11127.719182314517
2024-05-09 08:00:00,12736.575238856758,14425.760807380331,11127.719182314517
2024-05-09 09:00:00,11125.479642941826,12514.737842001383,9620.711307656187
2024-05-09 10:00:00,10833.42209908029,10981.581059320322,9067.463305519079
2024-05-09 11:00:00,9092.845883378292,8582.732211045564,7813.526958815113
2024-05-09 12:00:00,8613.016978890837,8336.432804659995,6964.494172438375
2024-05-09 13:00:00,8613.016978890837,8336.432804659995,6964.494172438375
2024-05-09 14:00:00,9245.59414909891,9219.40146646507,7424.969080528412
2024-05-09 15:00:00,9438.900143654646,9559.948456703845,7923.2402521689055
2024-05-09 16:00:00,11243.649881718306,11156.179423199752,10116.907358567929
2024-05-09 17:00:00,12098.899293540195,11982.444335913102,11566.983832754082
2024-05-09 18:00:00,12800.858737791048,13980.473154057234,12690.231678676671
2024-05-09 19:00:00,15425.81336512305,16637.82160399765,15515.384866715283
2024-05-09 20:00:00,16339.040792136837,17093.56016340643,16561.053998777137
2024-05-09 21:00:00,17441.97177720883,17585.915103176707,17383.09199454875
2024-05-09 22:00:00,18325.618290800263,17890.837676977593,18183.562657338407
2024-05-09 23:00:00,18571.90173749158,18052.161296116745,18190.742601989776
2024-05-10 00:00:00,18912.59169583732,18244.180648452602,18241.219119405087
2024-05-10 01:00:00,18965.859371117826,19241.55803428084,18091.364294754083
2024-05-10 02:00:00,18962.268077733013,19244.770312733883,18016.71287986674
2024-05-10 03:00:00,18962.268077733013,19270.649628199397,17792.236540683087
2024-05-10 04:00:00,18962.268077733013,19417.468485532263,17529.610317680723
2024-05-10 05:00:00,18838.622968247604,19270.649628199397,17302.55086029291
2024-05-10 06:00:00,18838.622968247604,18790.81988565468,16028.062607530926
2024-05-10 07:00:00,16221.097914515762,16265.910277709792,12290.287049554348
2024-05-10 08:00:00,15773.332381222153,15226.851560090281,12012.752394613766
2024-05-10 09:00:00,13274.211580476689,14417.347576698754,10494.367605034324
2024-05-10 10:00:00,8762.898952490212,9440.186042811276,6978.376321961742
2024-05-10 11:00:00,7681.090120768515,7389.088711778533,6183.333167704371
2024-05-10 12:00:00,7309.378644864495,7389.088711778533,6183.333167704371
2024-05-10 13:00:00,7309.378644864495,8289.577669801909,7002.765222932219
2024-05-10 14:00:00,7414.496838929798,8880.466714704138,7619.4156267224735
2024-05-10 15:00:00,8965.53393057727,9280.382490955197,8883.297189998426
2024-05-10 16:00:00,9387.106009138086,10717.433021304945,9880.107587006913
2024-05-10 17:00:00,10216.79527423261,10920.923450836044,10208.441933045153
2024-05-10 18:00:00,10668.400143361272,11311.64638674228,10320.81909422167
2024-05-10 19:00:00,12255.517591950345,12764.070742623766,12130.60354785237
2024-05-10 20:00:00,13152.467070469724,14760.858067337733,13663.21272871311
2024-05-10 21:00:00,13185.789362558975,15892.552835894327,13806.941484517174
2024-05-10 22:00:00,13784.638191050952,16342.782923107385,14329.404310127273
2024-05-10 23:00:00,14036.973769214092,16342.782923107385,14387.095560838734
2024-05-11 00:00:00,14234.175961215751,16335.195105785939,14406.812070400341
2024-05-11 01:00:00,17330.908887284295,19017.614497671642,16755.546389684703
2024-05-11 02:00:00,17382.286608065082,19050.23650115242,16905.241033396396
2024-05-11 03:00:00,17610.041447500917,19180.591365173088,17206.44970126065
2024-05-11 04:00:00,18526.080394786833,19215.935900640492,17503.48575676258
2024-05-11 05:00:00,18617.823463232526,19180.591365173088,17503.48575676258
2024-05-11 06:00:00,18617.823463232526,18761.536566433344,17489.723737214696
2024-05-11 07:00:00,17858.285525158873,18759.748344035936,17344.40685716042
2024-05-11 08:00:00,17830.415218480088,18686.65234528374,17268.464028694852
2024-05-11 09:00:00,16765.964754038792,18609.987303004727,16933.668084326702
2024-05-11 10:00:00,16444.669358505835,18324.1670095747,16487.37465597649
2024-05-11 11:00:00,16221.706178941731,18252.127133718805,16210.032410434465
2024-05-11 12:00:00,16221.706178941731,18252.127133718805,16197.756907739076
2024-05-11 13:00:00,16627.577224988927,18252.127133718805,16161.093713831613
2024-05-11 14:00:00,16648.614624836966,18042.66360326766,16161.093713831613
2024-05-11 15:00:00,16648.614624836966,17867.23783852315,16039.937259517556
2024-05-11 16:00:00,16648.614624836966,17867.23783852315,15997.382638245665
2024-05-11 17:00:00,16762.972506133916,17867.23783852315,15913.953212421573
2024-05-11 18:00:00,16762.972506133916,18027.401887035474,15997.382638245665
2024-05-11 19:00:00,16762.972506133916,18079.829552310825,16376.129008850092
2024-05-11 20:00:00,17336.34569363226,18369.692119856067,16592.021374441458
2024-05-11 21:00:00,17336.34569363226,18950.523238382295,16641.627650009264
2024-05-11 22:00:00,16946.786685450723,18950.523238382295,16649.330785486418
2024-05-11 23:00:00,16870.00536840388,19077.3605838928,16781.27671705305
2024-05-12 00:00:00,16822.48321703764,19067.607577991108,16922.792657755985
2024-05-12 01:00:00,13551.876922045052,16380.389679041145,14576.891901744504
2024-05-12 02:00:00,12481.53313524436,15859.074988603219,14013.513856879421
2024-05-12 03:00:00,12334.246138179067,15468.545557210678,13751.79446097087
2024-05-12 04:00:00,9919.181222383744,11166.309798538887,8717.589650588472
2024-05-12 05:00:00,9919.181222383744,11166.309798538887,8717.589650588472
2024-05-12 06:00:00,10429.608224301288,11837.306636637466,9190.192567861784
2024-05-12 07:00:00,14060.934631771652,15520.911657784138,12255.905531269731
2024-05-12 08:00:00,14060.934631771652,15520.911657784138,12255.905531269731
2024-05-12 09:00:00,12733.875534231032,14558.30116891891,11761.936422524503
2024-05-12 10:00:00,11642.900678995118,12547.881355112686,10334.62840223745
2024-05-12 11:00:00,9214.864061754202,9798.504162281988,8146.87782399424
2024-05-12 12:00:00,8468.384638499512,9229.528769709592,7098.50628022813
2024-05-12 13:00:00,8468.384638499512,9229.528769709592,7031.859885369007
2024-05-12 14:00:00,8525.680227941572,9229.528769709592,6741.681411764805
2024-05-12 15:00:00,8735.282981094868,8646.065476391026,6741.681411764805
2024-05-12 16:00:00,8735.282981094868,8646.065476391026,6978.634747377279
2024-05-12 17:00:00,8735.282981094868,8646.065476391026,6978.634747377279
2024-05-12 18:00:00,7614.609106018839,8167.115661762623,5569.26670978351
2024-05-12 19:00:00,6302.036038280198,5866.990639575741,3866.8597502028415
2024-05-12 20:00:00,6302.036038280198,5866.990639575741,3866.8597502028415
2024-05-12 21:00:00,6697.467169282245,7064.5064938836995,4576.161870591446
2024-05-12 22:00:00,7670.099303415312,8390.80302735511,5494.129951036184
2024-05-12 23:00:00,8079.208348875856,8813.405354649027,6260.409453996304
2024-05-13 00:00:00,8146.660582785485,8622.57851133341,5885.9460910245525
2024-05-13 01:00:00,5340.695272692773,4405.133115513463,3363.197823962505
2024-05-13 02:00:00,5331.679490748506,4389.47441261769,3236.892378168709
2024-05-13 03:00:00,4462.069846648066,3856.2899942673926,2933.1737602005865
2024-05-13 04:00:00,3988.951803905444,3762.9096428821185,2903.2171029963583
2024-05-13 05:00:00,3681.912076284846,3431.1320797476137,2363.5742803006565
2024-05-13 06:00:00,3623.4836444762905,3295.152903140174,2217.7214226947863
2024-05-13 07:00:00,3277.486750661706,3210.901978938392,2113.209340331864
2024-05-13 08:00:00,3245.79053539953,3104.103999622407,1936.7973007403402
2024-05-13 09:00:00,3065.403459994687,2893.066911773988,1737.7155017142154
2024-05-13 10:00:00,2698.655885244448,2687.216277428757,1749.463331842487
2024-05-13 11:00:00,2563.1964636169128,2569.293674814204,1749.463331842487
2024-05-13 12:00:00,2619.505622027632,2569.293674814204,1870.1148534480253
2024-05-13 13:00:00,2619.505622027632,2673.683708123149,1985.6250571720004
2024-05-13 14:00:00,2701.700384635379,2731.6474788213227,2159.070220931752
2024-05-13 15:00:00,2848.8555887001,2783.3618803704544,2311.049126685491
2024-05-13 16:00:00,3100.305509469624,3478.552657698428,2537.574749661092
2024-05-13 17:00:00,4499.863905507326,4551.558947385828,3012.0755490316437
2024-05-13 18:00:00,6031.426038297598,7050.172726616142,4589.189319315444
2024-05-13 19:00:00,6470.061755559715,7181.72552733004,5801.590067781521
2024-05-13 20:00:00,6873.684101830562,7747.713392964091,6596.666343837256
2024-05-13 21:00:00,10838.312815247078,10060.448239043399,8949.852637617507
2024-05-13 22:00:00,13077.509360807455,14535.561838594285,11852.117435361299
2024-05-13 23:00:00,14428.687434653484,15264.098118644837,13398.802047180527
2024-05-14 00:00:00,14562.303626556659,15527.52472012547,13935.842896327766
2024-05-14 01:00:00,15181.316263560915,15744.138000750454,12747.82056827041
2024-05-14 02:00:00,15543.023028704341,15909.22328433862,12453.076257446877
2024-05-14 03:00:00,15582.638970210037,15909.22328433862,12474.683141166042
2024-05-14 04:00:00,16060.952170561475,15909.22328433862,12421.021787160782
2024-05-14 05:00:00,16060.952170561475,15876.332719620175,12421.021787160782
2024-05-14 06:00:00,15791.041775183014,15197.04557541817,12346.460975689732
2024-05-14 07:00:00,14960.544318899332,13338.961092566151,11129.862978874397
2024-05-14 08:00:00,12290.003899172474,10785.364792840634,8687.572956214144
2024-05-14 09:00:00,9514.907335801787,9024.57932164335,7107.468362454971
2024-05-14 10:00:00,8125.820272627316,6692.754042055591,6302.7335127030265
2024-05-14 11:00:00,6198.873513439385,5167.421671646655,4733.036040361594
2024-05-14 12:00:00,6135.8461782307295,5167.421671646655,4733.036040361594
2024-05-14 13:00:00,6135.8461782307295,5660.170271665474,4752.793766600638
2024-05-14 14:00:00,6135.8461782307295,5660.170271665474,4752.793766600638
2024-05-14 15:00:00,6106.139516328272,5264.40844410982,3885.149180134483
2024-05-14 16:00:00,6106.139516328272,5264.40844410982,3885.149180134483
2024-05-14 17:00:00,6358.7989636785005,5643.08532600344,4576.232032032747
2024-05-14 18:00:00,7032.692412462546,7099.669341099177,5718.107006334089
2024-05-14 19:00:00,10615.91055350142,9675.993756921433,8514.798911038572
2024-05-14 20:00:00,12961.844661991658,11869.941325046715,10405.137446788827
2024-05-14 21:00:00,14038.916165015873,14551.17256058552,12468.617317372655
2024-05-14 22:00:00,17408.024805791403,17390.040373189644,14949.157383727865
2024-05-14 23:00:00,17510.64505964623,17390.040373189644,14949.157383727865
2024-05-15 00:00:00,17714.15979581165,17463.13508405967,14993.829585196287
2024-05-15 01:00:00,18318.050260908065,18437.546495402054,15699.67324853873
2024-05-15 02:00:00,18358.291437412245,18359.9578563091,15643.42992294925
2024-05-15 03:00:00,18378.092094269214,18308.125523067145,15125.15913521201
2024-05-15 04:00:00,18358.291437412245,18296.83164070754,14845.61511477618
2024-05-15 05:00:00,18274.785971405825,18070.264207411215,14550.20029254891
2024-05-15 06:00:00,18035.124692113382,17955.812221767927,14117.963476451998
2024-05-15 07:00:00,17235.724398593702,16465.321857308638,14117.963476451998
2024-05-15 08:00:00,13787.498486063525,13920.88642158777,11534.1205456856
2024-05-15 09:00:00,10337.745452295385,11702.28123247228,8876.684151767351
2024-05-15 10:00:00,7747.934101000044,8498.455432250621,6163.00373232243
2024-05-15 11:00:00,7230.633885638819,6889.923828711854,5530.141686009289
2024-05-15 12:00:00,5237.029106123514,4806.800300562057,3834.7157169307125
2024-05-15 13:00:00,5234.169724436131,3511.637524259667,3298.5121136864736
2024-05-15 14:00:00,4393.785565120498,3511.637524259667,3298.5121136864736
2024-05-15 15:00:00,4364.34168390808,4490.6214935653525,3219.26391165085
2024-05-15 16:00:00,4393.785565120498,4636.85167695565,3500.898591697986
2024-05-15 17:00:00,6162.386403033712,6857.496741691265,5664.763802335719
2024-05-15 18:00:00,7648.3902818785045,8090.063760610485,6541.971348050964
2024-05-15 19:00:00,9372.88527195828,9639.62224360136,7758.328073975674
2024-05-15 20:00:00,9372.88527195828,9645.562298156805,8091.370870881093
2024-05-15 21:00:00,9686.139449824072,9876.418391215415,8267.360431543284
2024-05-15 22:00:00,8923.733197870059,9876.418391215415,8518.490575355238
2024-05-15 23:00:00,9686.139449824072,10595.422581333676,8962.733200404304
2024-05-16 00:00:00,9491.187229957248,10195.690960309646,8740.611887879772
2024-05-16 01:00:00,14233.941936800577,13942.44834143874,12319.581179148798
2024-05-16 02:00:00,14299.29524074827,13998.6678352579,12249.40618763294
2024-05-16 03:00:00,14443.565471585302,13998.6678352579,12167.72252634475
2024-05-16 04:00:00,14443.565471585302,14334.244252121327,12249.40618763294
2024-05-16 05:00:00,14192.255316789693,14784.191588190286,12771.654179901292
2024-05-16 06:00:00,14192.255316789693,14875.381354677771,12998.95117087234
2024-05-16 07:00:00,14192.255316789693,14875.381354677771,12998.95117087234
2024-05-16 08:00:00,13797.674456008335,14508.614903634403,12857.493921557732
2024-05-16 09:00:00,13797.674456008335,14463.585758654901,12606.926753168478
2024-05-16 10:00:00,13797.674456008335,14348.29202630216,12594.637013756104
2024-05-16 11:00:00,13626.276954027566,14090.900774755279,12314.270312798051
2024-05-16 12:00:00,13159.21922818225,13778.073883863826,12244.288203487731
2024-05-16 13:00:00,10856.993749482488,11923.194022362837,9910.050661200818
2024-05-16 14:00:00,9747.797770767273,10757.03894957004,9024.468359740249
2024-05-16 15:00:00,9042.96885575281,8559.317310076724,7608.684087301505
2024-05-16 16:00:00,7652.381836204336,7575.252716570362,6252.288472544878
2024-05-16 17:00:00,7652.381836204336,7024.093005935455,5009.743489639419
2024-05-16 18:00:00,7441.923053481817,7024.093005935455,5009.743489639419
2024-05-16 19:00:00,7679.763582789977,7542.720090132507,5405.929600528479
2024-05-16 20:00:00,8636.007611190335,9000.785831628275,6508.107585359501
2024-05-16 21:00:00,9556.328658642758,10460.396639092247,7942.0685711445785
2024-05-16 22:00:00,10439.345583949253,12684.51323076132,10369.777142022023
2024-05-16 23:00:00,12018.832965465359,13273.411055085613,11709.469879565484
2024-05-17 00:00:00,12042.190070317392,13974.16142272496,12230.137467587592
2024-05-17 01:00:00,11957.517382223792,13715.363542354131,11544.83176248027
2024-05-17 02:00:00,12194.961001825872,14385.435928012881,11973.176441103726
2024-05-17 03:00:00,12920.114287395987,15907.416571497572,13588.328062393837
2024-05-17 04:00:00,13935.356738604212,15907.416571497572,13588.328062393837
2024-05-17 05:00:00,14365.385290434799,16126.965220014748,13666.27011649255
2024-05-17 06:00:00,14604.149351579685,16126.965220014748,13666.27011649255
2024-05-17 07:00:00,15115.351713071082,16611.342639982293,14491.280429000646
2024-05-17 08:00:00,15503.12792747768,16611.342639982293,14664.487952205867
2024-05-17 09:00:00,15115.351713071082,16321.159520120846,14491.280429000646
2024-05-17 10:00:00,14827.04540981072,16058.692169370337,14065.924510545088
2024-05-17 11:00:00,14827.04540981072,16055.26918685105,14065.924510545088
2024-05-17 12:00:00,15729.363667144304,16055.26918685105,14787.881119156573
2024-05-17 13:00:00,15778.59063220743,16359.852872565642,14787.881119156573
2024-05-17 14:00:00,15778.59063220743,16359.852872565642,14770.472191068422
2024-05-17 15:00:00,15170.991508321295,15818.157617974164,14733.729102433741
2024-05-17 16:00:00,14873.775342645327,15626.072252024625,14469.093495177536
2024-05-17 17:00:00,13973.524110173306,14094.192098589108,13838.733973818225
2024-05-17 18:00:00,13787.334243315368,13911.793820678076,13496.502810319496
2024-05-17 19:00:00,13973.524110173306,14094.192098589108,13838.733973818225
2024-05-17 20:00:00,15356.815334046845,15225.318621203609,14546.620203179598
2024-05-17 21:00:00,15904.457856782228,16677.9544511824,15897.24773265501
2024-05-17 22:00:00,18627.059333964084,18073.468713864168,17324.626381434013
2024-05-17 23:00:00,19354.354682680467,18216.40823189974,17530.867532957374
2024-05-18 00:00:00,19360.16152711407,18276.625294272664,17667.053266717474
2024-05-18 01:00:00,19568.925538488278,18420.43178516262,17666.41210382071
2024-05-18 02:00:00,19741.58026023048,18420.949775197794,17753.022156556002
2024-05-18 03:00:00,19938.829091413598,18430.03689271774,17753.022156556002
2024-05-18 04:00:00,20086.36521310814,18642.016446669128,17793.88396436586
2024-05-18 05:00:00,20156.354850026677,18642.016446669128,17800.6974209692
2024-05-18 06:00:00,20156.354850026677,18547.62483224266,17800.6974209692
2024-05-18 07:00:00,19257.560614995728,18516.847902314687,17449.047530720498
2024-05-18 08:00:00,17853.876541890913,18237.12369942107,17052.497617609293
2024-05-18 09:00:00,13816.69339243939,15562.386951905044,13708.955339246862
2024-05-18 10:00:00,12375.710059885354,13059.39076332637,12165.300720404854
2024-05-18 11:00:00,11324.30725205869,11309.68490562041,11274.259132154995
2024-05-18 12:00:00,10889.900105322276,10265.642852579378,10096.851897941287
2024-05-18 13:00:00,10001.789367542782,9333.174769102054,9261.440824268608
2024-05-18 14:00:00,8984.699104847807,8189.321191631546,8037.836333333997
2024-05-18 15:00:00,8966.309040501064,8189.321191631546,8037.836333333997
2024-05-18 16:00:00,8984.699104847807,8430.437351226476,8162.340715386063
2024-05-18 17:00:00,9276.244832630857,9060.434950738147,8629.441850159625
2024-05-18 18:00:00,10889.987078761787,10996.818110507003,10366.86416623215
2024-05-18 19:00:00,12052.133527908494,12509.172370935832,11849.086919802092
2024-05-18 20:00:00,12882.152166909365,13940.355246056675,12653.684006099218
2024-05-18 21:00:00,13686.465481682646,15397.170982291518,13108.781978179104
2024-05-18 22:00:00,16030.27554996916,17274.20243211505,15179.686712227762
2024-05-18 23:00:00,17440.00489843821,17581.078125729884,15366.510414749824
2024-05-19 00:00:00,17453.228815323604,17638.119884845768,15382.063023660183
2024-05-19 01:00:00,16321.814484729803,17084.9566620627,13545.166132625844
2024-05-19 02:00:00,16267.237128536979,16832.460451967367,13340.136233397678
2024-05-19 03:00:00,14882.760689448682,15456.252559070752,12336.636294599823
2024-05-19 04:00:00,12976.013686943894,13154.35229211316,10129.379990204601
2024-05-19 05:00:00,11818.940865021712,11471.118614731118,9180.970101461655
2024-05-19 06:00:00,7350.014448674595,7421.731030513705,6055.221396925136
2024-05-19 07:00:00,5573.236406132026,5946.741118416246,4563.543834842152
2024-05-19 08:00:00,2799.9131427338166,3178.3457129214444,2216.1309267950705
2024-05-19 09:00:00,2527.0384695745624,2631.733446265168,2093.0730223726327
2024-05-19 10:00:00,2384.490777401263,2553.7784634163754,1927.7862141324956
2024-05-19 11:00:00,2384.490777401263,2460.4122015627895,1885.0205400975017
2024-05-19 12:00:00,2426.7514904347486,2430.153338165356,1772.8973322619288
2024-05-19 13:00:00,2449.2934153738147,2430.153338165356,1882.2031864383414
2024-05-19 14:00:00,2566.015487443358,2470.6322689392305,1882.2031864383414
2024-05-19 15:00:00,2582.860139500789,2505.503362340858,1930.724945176613
2024-05-19 16:00:00,2763.390522482081,2514.9203408188487,2044.8119149279992
2024-05-19 17:00:00,3087.081538714764,2906.494609407054,2219.62352591838
2024-05-19 18:00:00,3257.0503043436925,3262.258461554376,2264.928722655194
2024-05-19 19:00:00,3583.112515264996,3971.1668276184055,2551.0397181893327
2024-05-19 20:00:00,4216.911625134588,4435.019239010827,2910.7086653816086
2024-05-19 21:00:00,5275.780420412724,5542.392390725708,3967.4154299972665
2024-05-19 22:00:00,5676.254505626237,5811.981459177128,4096.7915899612835
2024-05-19 23:00:00,7121.688500882027,7891.224414858245,5783.610676913925
2024-05-20 00:00:00,7782.695997662326,8175.633702092348,5875.830629974176
2024-05-20 01:00:00,12690.88034105739,14701.520391969581,10795.378215232235
2024-05-20 02:00:00,12930.664348220342,14808.159311919133,11098.644699468994
2024-05-20 03:00:00,12951.926357248869,15602.425004512435,11587.036108477387
2024-05-20 04:00:00,14266.967873234747,15602.425004512435,11587.036108477387
2024-05-20 05:00:00,14266.967873234747,15220.193484594847,10293.705012971932
2024-05-20 06:00:00,11340.263706326292,12703.397175567708,7626.591724665023
2024-05-20 07:00:00,9533.238078985542,10350.254047455233,5885.525428840228
2024-05-20 08:00:00,6952.196394003989,8036.081743944374,5071.400882482683
2024-05-20 09:00:00,5664.633471703273,5566.342550741143,3653.827898115052
2024-05-20 10:00:00,4241.9885129693475,4103.270797149063,2531.3530449349864
2024-05-20 11:00:00,3906.1973422994356,3321.8679807598346,2214.3364673101414
2024-05-20 12:00:00,3906.1973422994356,3321.8679807598346,2214.3364673101414
2024-05-20 13:00:00,4160.5212525838015,3890.2026851406745,2840.9289649414322
2024-05-20 14:00:00,4694.133178839818,4348.432710848067,3079.6555684296754
2024-05-20 15:00:00,4890.013562749926,4519.26320928872,3219.617777252059
2024-05-20 16:00:00,4694.133178839818,4650.599118236095,3258.0217531057347
2024-05-20 17:00:00,4393.586721877872,4705.731515575128,3270.183542640526
2024-05-20 18:00:00,4393.586721877872,4951.12077498156,3838.451939092675
2024-05-20 19:00:00,4742.625875187224,4965.00633183406,3880.908747991309
2024-05-20 20:00:00,5521.595622698353,5162.669576043108,4338.226947441059
2024-05-20 21:00:00,5530.9472538094815,5211.656608686108,4455.295094701032
2024-05-20 22:00:00,5530.9472538094815,5162.669576043108,4455.295094701032
2024-05-20 23:00:00,5126.480750874305,5049.654148629349,4207.447756523137
2024-05-21 00:00:00,4730.561403822958,4643.495369801604,3780.5269487274954
2024-05-21 01:00:00,3655.202566457431,3297.292881527353,2740.1131880125376
2024-05-21 02:00:00,3566.429931427978,3265.0691463530106,2734.8006986791092
2024-05-21 03:00:00,3529.3372191935355,3265.0691463530106,2734.8006986791092
2024-05-21 04:00:00,3459.769552241687,3204.602060620261,2734.8006986791092
2024-05-21 05:00:00,3114.154154860582,3144.164663888809,2720.8822134764187
2024-05-21 06:00:00,3105.001025181549,3063.189029216321,2715.002116490681
2024-05-21 07:00:00,3003.9260273619084,2952.7236395203136,2504.4349289782963
2024-05-21 08:00:00,3003.9260273619084,2947.708742732343,2420.797924877482
2024-05-21 09:00:00,3003.9260273619084,2947.708742732343,2380.783175640845
2024-05-21 10:00:00,2847.4385253559394,3092.974764561694,2275.002602898492
2024-05-21 11:00:00,2830.409837179982,3092.974764561694,2257.7732986527917
2024-05-21 12:00:00,2773.0760106068374,3055.4141312570055,2275.002602898492
2024-05-21 13:00:00,2768.536968249386,2867.6301211913724,2302.879510050368
2024-05-21 14:00:00,2773.0760106068374,2867.6301211913724,2349.9505860546515
2024-05-21 15:00:00,2920.9027719440232,2867.6301211913724,2412.616820435175
2024-05-21 16:00:00,2979.3400479072034,2850.4645749121873,2412.616820435175
2024-05-21 17:00:00,3126.230279825587,2850.4645749121873,2412.616820435175
2024-05-21 18:00:00,3248.120924724891,3047.7631065981086,2516.309699110605
2024-05-21 19:00:00,3821.699883077656,3265.3705775869944,2789.653484109779
2024-05-21 20:00:00,4321.835519878041,3639.7754259616863,3173.635361230728
2024-05-21 21:00:00,4349.868163859442,3640.8418028538968,3286.384886662069
2024-05-21 22:00:00,5386.707278746578,4676.001590010837,3882.995492904055
2024-05-21 23:00:00,5555.512642202787,4767.560949405318,3929.935252112751
2024-05-22 00:00:00,5646.630231243402,4923.151953334517,4113.089230141312
2024-05-22 01:00:00,4538.591446648725,3628.0305367157885,3124.323836530893
2024-05-22 02:00:00,4621.079529968582,3773.2682702652614,3240.6575960627197
2024-05-22 03:00:00,4997.661595379912,4316.1066440769555,3470.5112363152475
2024-05-22 04:00:00,4997.661595379912,4316.1066440769555,3470.5112363152475
2024-05-22 05:00:00,4419.638997251732,4237.840982343192,3235.0870505938783
2024-05-22 06:00:00,4223.535663472705,4208.309850466865,3235.0870505938783
2024-05-22 07:00:00,4156.173698802028,3906.9185743031508,3235.0870505938783
2024-05-22 08:00:00,3731.701046841149,3438.8985063271566,2882.4347823943363
2024-05-22 09:00:00,3501.5755153876758,3410.463331959695,2725.0507058233175
2024-05-22 10:00:00,3009.422245477038,3044.436526449795,2595.214172851001
2024-05-22 11:00:00,2897.8316175258587,2897.619419541824,2453.0924951095717
2024-05-22 12:00:00,2897.8316175258587,2738.6719313778167,2386.4439764129925
2024-05-22 13:00:00,2991.434231513786,2738.6719313778167,2386.4439764129925
2024-05-22 14:00:00,3671.023847545409,3213.2107960996996,2590.057298486635
2024-05-22 15:00:00,5275.348547375357,4374.562299165697,3951.1447181308677
2024-05-22 16:00:00,6542.163480214386,5179.584457919811,4468.1985214380475
2024-05-22 17:00:00,7196.438005360091,6775.103112588489,6126.827720250914
2024-05-22 18:00:00,8126.155766116821,7958.609920497361,6930.049273877172
2024-05-22 19:00:00,10724.413819577563,11267.444982833658,9458.950157452531
2024-05-22 20:00:00,13266.736099728276,13573.995098165276,12273.4104574134
2024-05-22 21:00:00,14388.545147638415,15326.520521418399,13508.901948318578
2024-05-22 22:00:00,16019.168918878442,16946.274949128776,15221.214754763747
2024-05-22 23:00:00,18261.618352069192,17866.781641609137,15925.31826608161
2024-05-23 00:00:00,18311.23450307078,17896.440806053175,16029.319861673486
2024-05-23 01:00:00,17538.20880748124,17902.495358534416,16288.520321551485
2024-05-23 02:00:00,17793.86440828811,18212.328872606333,16303.71941548034
2024-05-23 03:00:00,17865.345666797268,18342.390547833005,16273.32122762263
2024-05-23 04:00:00,17865.345666797268,18342.390547833005,15373.636951762383
2024-05-23 05:00:00,17612.0588847923,17699.659889500937,14815.17223070937
2024-05-23 06:00:00,17135.373172646105,17663.406265140093,14437.04460435604
2024-05-23 07:00:00,16827.211052701652,17538.52678406236,13687.35135995195
2024-05-23 08:00:00,14744.615545519526,15665.457183609178,11916.711384115466
2024-05-23 09:00:00,13394.78345101314,14050.872749185151,11291.078274976713
2024-05-23 10:00:00,8895.53177030596,10485.404534899417,7277.157631747131
2024-05-23 11:00:00,7150.354098380665,7626.680247368608,5635.419098125468
2024-05-23 12:00:00,6766.8575793315595,6683.058958589315,5169.2584594678365
2024-05-23 13:00:00,6129.4828069801015,5921.175214527221,4537.085694444573
2024-05-23 14:00:00,6129.4828069801015,5811.580868651169,4427.785128872822
2024-05-23 15:00:00,6150.9671904292,5811.580868651169,4427.785128872822
2024-05-23 16:00:00,6509.359604772076,6378.694466051314,4839.555276593991
2024-05-23 17:00:00,7117.4308376160725,6512.369438287878,5243.693936574608
2024-05-23 18:00:00,8169.558060032396,7674.447583476314,6329.244293460079
2024-05-23 19:00:00,9935.102798001277,9287.462963040995,7648.882016413496
2024-05-23 20:00:00,10769.476814538739,9703.541387384346,8468.626361539229
2024-05-23 21:00:00,10769.476814538739,9703.541387384346,8468.626361539229
2024-05-23 22:00:00,10470.156524038724,9077.770803791227,6749.6843927241525
2024-05-23 23:00:00,7897.665126179389,7075.278558906322,5371.146445479277
2024-05-24 00:00:00,7770.349436447372,7035.741164529243,5304.186031108982
2024-05-24 01:00:00,5659.866250163859,5359.479401636445,3768.1830147639776
2024-05-24 02:00:00,5214.253092651577,5175.185385455131,3571.7276878513926
2024-05-24 03:00:00,4918.63957597293,4495.292032866585,2911.277545833588
2024-05-24 04:00:00,4561.579140847321,4495.292032866585,2911.277545833588
2024-05-24 05:00:00,4352.983090212607,4413.303326449958,2983.132485505825
2024-05-24 06:00:00,4287.625973268974,4317.591204112131,3155.5666481591534
2024-05-24 07:00:00,3692.7102364549573,3977.679204056265,3155.5666481591534
2024-05-24 08:00:00,3433.1055814433303,3526.066881656451,2735.607606756167
2024-05-24 09:00:00,3433.1055814433303,3526.066881656451,2735.607606756167
2024-05-24 10:00:00,3889.685760497168,3897.796668861244,3079.1465051958485
2024-05-24 11:00:00,3889.685760497168,3897.796668861244,3079.1465051958485
2024-05-24 12:00:00,3333.625272774072,3518.5005353267757,2863.1092851297135
2024-05-24 13:00:00,3333.625272774072,3518.5005353267757,2608.5376822345256
2024-05-24 14:00:00,3354.2572330535913,3645.411585949274,2608.5376822345256
2024-05-24 15:00:00,3398.773251378015,3645.411585949274,2607.0819425227705
2024-05-24 16:00:00,3450.1057496509616,3421.0394637251507,2731.995008159079
2024-05-24 17:00:00,3484.3271117259455,3319.300982434686,2599.223069617257
2024-05-24 18:00:00,3484.3271117259455,3208.5535620219125,2456.64402490626
2024-05-24 19:00:00,3484.3271117259455,3130.1559272176805,2456.64402490626
2024-05-24 20:00:00,3539.1450627349027,3130.1559272176805,2562.8455531946115
2024-05-24 21:00:00,3583.431781890847,3165.4415666841087,2625.8293507446324
2024-05-24 22:00:00,4057.7362425821243,3924.1368731920948,2958.957883720902
2024-05-24 23:00:00,4057.7362425821243,3924.1368731920948,2958.957883720902
2024-05-25 00:00:00,3820.2956395191623,3744.7594488821387,2768.0474964359373
2024-05-25 01:00:00,3229.9070171723806,2685.6870611117447,2044.9091929561084
2024-05-25 02:00:00,3210.181589558378,2695.078996830366,2013.7893430780064
2024-05-25 03:00:00,3236.431252983172,2695.078996830366,2013.7893430780064
2024-05-25 04:00:00,3236.431252983172,2755.639502984102,2092.128615034805
2024-05-25 05:00:00,3284.7422122444905,2755.639502984102,2194.838142328005
2024-05-25 06:00:00,3446.224788333458,2749.3100904911967,2194.838142328005
2024-05-25 07:00:00,3284.7422122444905,2749.3100904911967,2174.2536506614474
2024-05-25 08:00:00,3244.5756824816663,2904.9925091733667,2158.805759683991
2024-05-25 09:00:00,3244.5756824816663,2955.7492855715223,2158.805759683991
2024-05-25 10:00:00,3244.5756824816663,3089.251917749961,2237.5694854958087
2024-05-25 11:00:00,3253.305430318145,3122.082438000072,2284.1176694127353
2024-05-25 12:00:00,3253.305430318145,3122.082438000072,2284.1176694127353
2024-05-25 13:00:00,3306.090734021936,3254.1014572712365,2338.955489148552
2024-05-25 14:00:00,3306.090734021936,3363.0254501658246,2431.1168484401214
2024-05-25 15:00:00,3251.593620259845,3363.0254501658246,2431.1168484401214
2024-05-25 16:00:00,3064.7275438770475,3114.91190380842,2239.948016067933
2024-05-25 17:00:00,2930.6030957418825,2899.1926361055284,2128.8355562735674
2024-05-25 18:00:00,3064.7275438770475,3114.91190380842,2119.941166761783
2024-05-25 19:00:00,3156.179749183659,3200.749350341985,2119.941166761783
2024-05-25 20:00:00,3647.060538205653,3751.3372296060015,2546.716652443464
2024-05-25 21:00:00,3918.8365807021014,3765.9889370522587,2681.620953949853
2024-05-25 22:00:00,4782.76178186811,4534.8207273952485,3118.4307560031457
2024-05-25 23:00:00,4782.76178186811,4863.506283076202,3118.4307560031457
2024-05-26 00:00:00,4600.630084491629,4882.683256736958,3026.199465737448
2024-05-26 01:00:00,4905.543114861532,6219.902734374699,3705.614368769224
2024-05-26 02:00:00,4797.757622612328,7005.678985498424,3480.6801970818306
2024-05-26 03:00:00,4797.757622612328,7362.707031202486,4217.208015588496
2024-05-26 04:00:00,6594.06649540989,9596.815600701833,5741.659647077159
2024-05-26 05:00:00,6594.06649540989,9596.815600701833,5741.659647077159
2024-05-26 06:00:00,6162.148059626702,9183.848740410245,5530.566885905467
2024-05-26 07:00:00,5894.408187807405,8683.609159033167,5491.273494776606
2024-05-26 08:00:00,6162.148059626702,9183.848740410245,5530.566885905467
2024-05-26 09:00:00,6925.831189455081,10513.674692903787,7113.201176336055
2024-05-26 10:00:00,7212.520170030363,11246.009090237378,7294.738176175233
2024-05-26 11:00:00,7164.974657356077,12165.79043241228,8902.3843578224
2024-05-26 12:00:00,7833.769696714437,12165.79043241228,9108.90848313087
2024-05-26 13:00:00,7957.831561620418,12165.79043241228,9680.1883379062
2024-05-26 14:00:00,8836.264754318714,12915.962542812476,10094.766672463982
2024-05-26 15:00:00,9798.883563761332,14081.290844737265,11492.73722720662
2024-05-26 16:00:00,10160.321146456708,14314.250987048723,12279.014754447746
2024-05-26 17:00:00,11437.108189977429,15544.005633775247,13392.91839544083
2024-05-26 18:00:00,12317.109796280607,15642.546138241538,13392.91839544083
2024-05-26 19:00:00,12936.978324386986,15747.536240572561,13580.824045099065
2024-05-26 20:00:00,13408.171629305845,16097.57448070593,13667.357879257654
2024-05-26 21:00:00,14203.501493302843,16097.57448070593,14238.489200930915
2024-05-26 22:00:00,14244.732547179397,16108.722374019355,14355.683909400008
2024-05-26 23:00:00,15334.787904713976,17419.106184799646,15531.78684506239
2024-05-27 00:00:00,15858.00339931345,17574.025445025723,15924.038191757903
2024-05-27 01:00:00,17404.252098207922,18017.854191039216,16741.610352093696
2024-05-27 02:00:00,17659.758343072775,19029.257692123538,17045.34612570599
2024-05-27 03:00:00,18370.314369982596,19056.41710765584,17021.06316227133
2024-05-27 04:00:00,18370.314369982596,19326.436100231433,17045.34612570599
2024-05-27 05:00:00,18291.33541775402,19326.436100231433,17021.06316227133
2024-05-27 06:00:00,17321.783943713126,17621.161722890916,15889.551307099968
2024-05-27 07:00:00,17321.44636987699,17522.76561749442,15789.705064707014
2024-05-27 08:00:00,16591.132995083262,17083.482016146347,15404.177673991257
2024-05-27 09:00:00,16075.183124927848,15857.019213340269,14054.079578622297
2024-05-27 10:00:00,15347.418247955293,15069.114886093594,13260.117320842435
2024-05-27 11:00:00,15317.770757520373,15069.114886093594,12990.607222762865
2024-05-27 12:00:00,15317.770757520373,15069.114886093594,12774.10827598171
2024-05-27 13:00:00,15287.58369829545,14865.703537487449,12774.10827598171
2024-05-27 14:00:00,15178.238087656588,14239.580486327846,12485.618110338663
2024-05-27 15:00:00,14847.706482919868,13865.035747162834,12124.789394122168
2024-05-27 16:00:00,14742.990699868376,13250.108814287767,11725.694840370292
2024-05-27 17:00:00,14063.381147691462,12859.025982602087,10852.857259823893
2024-05-27 18:00:00,13883.418268607638,12401.6930212677,10852.857259823893
2024-05-27 19:00:00,13883.418268607638,12401.6930212677,11411.112312844421
2024-05-27 20:00:00,13876.772602471412,12401.6930212677,11411.112312844421
2024-05-27 21:00:00,13063.4150396981,12212.658773351672,11177.632167992546
2024-05-27 22:00:00,12269.927582838889,12212.658773351672,11035.903723966412
2024-05-27 23:00:00,12163.17783041378,12212.658773351672,10978.88224821956
2024-05-28 00:00:00,11676.172089221305,12033.326684423919,10025.06479540161
2024-05-28 01:00:00,5580.733410542847,6141.151927515433,3776.758278524466
2024-05-28 02:00:00,4891.221618950289,5238.756067520431,3457.939639259347
2024-05-28 03:00:00,3761.3389582584045,3666.976295630545,2491.5896033949134
2024-05-28 04:00:00,3737.659759939418,3583.2331352868846,2439.3103843738613
2024-05-28 05:00:00,3761.3389582584045,3666.976295630545,2491.5896033949134
2024-05-28 06:00:00,4750.137918686373,4530.332735788665,3148.860169226606
2024-05-28 07:00:00,5495.024289336014,6714.770352534302,5088.8294350603555
2024-05-28 08:00:00,5994.225101464018,7223.688423831167,5817.481789019612
2024-05-28 09:00:00,7956.569314706282,9113.436663082693,7265.266175691303
2024-05-28 10:00:00,8524.079699674843,9740.123880880497,7911.05440101938
2024-05-28 11:00:00,8642.446821632651,9982.87356385689,8231.68924731109
2024-05-28 12:00:00,8878.182819287758,10212.718937081583,8231.68924731109
2024-05-28 13:00:00,9275.70745873921,10270.717639854402,7873.93786637626
2024-05-28 14:00:00,9275.70745873921,10270.717639854402,7587.287203736346
2024-05-28 15:00:00,7861.743232341236,9175.344438999771,7027.608691826414
2024-05-28 16:00:00,6439.77608484114,6746.592786068692,5683.618389299858
2024-05-28 17:00:00,4548.039366064315,4106.005499903613,2695.1781749163624
2024-05-28 18:00:00,3599.737064397415,3423.5343237306383,2345.1068076490833
2024-05-28 19:00:00,3599.737064397415,3423.5343237306383,2345.1068076490833
2024-05-28 20:00:00,4394.5732873617635,3825.912203814737,2877.055251331898
2024-05-28 21:00:00,4467.573570318136,4505.16473899461,3345.1191247115503
2024-05-28 22:00:00,4621.563439890346,4667.238258135152,3366.2719200141714
2024-05-28 23:00:00,4894.3097347102985,4957.515291607304,3638.026652834373
2024-05-29 00:00:00,4903.267168910235,5195.935945810395,3667.542266767895
2024-05-29 01:00:00,7697.886347893471,7214.833435764111,4823.350813455794
2024-05-29 02:00:00,8196.316587712226,7750.735615123503,4971.494486543473
2024-05-29 03:00:00,9780.103401185866,9442.76428572321,6418.236127502407
2024-05-29 04:00:00,9780.103401185866,9442.76428572321,6418.236127502407
2024-05-29 05:00:00,9392.448155286926,9254.84787577535,6123.200060327825
2024-05-29 06:00:00,7367.67874939056,8276.013152538264,5297.663160209146
2024-05-29 07:00:00,6472.873052601953,6743.08469295499,4376.389320049835
2024-05-29 08:00:00,4858.381675506116,5149.645122110694,3849.626489878815
2024-05-29 09:00:00,3872.304842383717,3802.5872966399643,2728.2666263159244
2024-05-29 10:00:00,3145.708136818237,2866.856345448622,2471.1839824033623
2024-05-29 11:00:00,2975.8217518205956,2765.618978642887,2230.5132847934465
2024-05-29 12:00:00,2975.8217518205956,2765.618978642887,2230.5132847934465
2024-05-29 13:00:00,3111.9208351478424,3014.0877058643705,2310.2787716514986
2024-05-29 14:00:00,4188.637130697279,3429.7373203102443,2844.5309034893626
2024-05-29 15:00:00,4503.160477000342,3439.022105983638,2914.536936445247
2024-05-29 16:00:00,4747.670543304793,3793.747606106702,3253.1295209661644
2024-05-29 17:00:00,5378.397910405141,3857.4840712080054,3629.800022248969
2024-05-29 18:00:00,6468.7195987472105,5396.910408133608,4961.40675458241
2024-05-29 19:00:00,8286.552197314992,6873.6664299647555,5795.48783502777
2024-05-29 20:00:00,9708.180371039598,8364.24425826959,7077.218390145313
2024-05-29 21:00:00,10481.943695882486,9999.0539361472,7794.289734810844
2024-05-29 22:00:00,11884.817581978683,12523.650761707611,10498.905308054507
2024-05-29 23:00:00,12657.134135247921,12654.887789267508,10669.136028406536
2024-05-30 00:00:00,12300.527548464306,12701.614492419596,10675.06162044447
2024-05-30 01:00:00,13643.702079369792,12546.050545430426,9715.977708558992
2024-05-30 02:00:00,13377.7251118738,12259.689945253764,9478.565806652126
2024-05-30 03:00:00,13377.7251118738,12259.689945253764,9451.20022667589
2024-05-30 04:00:00,13500.348577781002,12082.376834825212,8951.326682352761
2024-05-30 05:00:00,13500.348577781002,11573.861012044264,8951.326682352761
2024-05-30 06:00:00,11434.59145782614,10430.428063809619,7997.161036245979
2024-05-30 07:00:00,8729.474282473228,8594.936263886493,6044.729178456739
2024-05-30 08:00:00,5182.891883505974,4905.69182893366,3464.126771703068
2024-05-30 09:00:00,3994.967037090665,3703.233707747981,2979.76238283166
2024-05-30 10:00:00,3371.7995138812526,3293.012707495749,2638.415657134637
2024-05-30 11:00:00,2849.3239285674754,2582.6633741123064,2133.8354934494173
2024-05-30 12:00:00,2681.838098244774,2514.0785086423393,2076.1274875785944
2024-05-30 13:00:00,2681.838098244774,2582.6633741123064,2076.1274875785944
2024-05-30 14:00:00,2681.838098244774,2514.0785086423393,2035.6972715861934
2024-05-30 15:00:00,2508.6229133951247,2610.844479699278,2123.420957127494
2024-05-30 16:00:00,2508.6229133951247,2610.844479699278,2123.420957127494
2024-05-30 17:00:00,2841.7275608482073,2719.7787235401274,2179.796161864446
2024-05-30 18:00:00,3034.946931015446,2941.9460643184884,2507.8230997425912
2024-05-30 19:00:00,3358.000901805915,3395.5632569589447,2831.4500613731275
2024-05-30 20:00:00,3467.256246397899,3430.846266619442,2943.367448604007
2024-05-30 21:00:00,3645.4466548999144,3620.705169867297,2962.4771110274532
2024-05-30 22:00:00,4394.141495563613,4371.470830995545,3458.2882287673174
2024-05-30 23:00:00,4394.141495563613,4403.967700598426,3458.2882287673174
2024-05-31 00:00:00,4260.749965261521,4387.719265796985,3186.9161832376703
2024-05-31 01:00:00,4641.3323876457525,5297.340811956212,3259.9972357296137
2024-05-31 02:00:00,5077.445478904866,5693.97736761848,3567.339409090683
2024-05-31 03:00:00,5077.445478904866,6246.932455492092,3746.039314181578
2024-05-31 04:00:00,5401.518307563719,6308.158129417707,3784.4759207386332
2024-05-31 05:00:00,5791.065546871137,6308.158129417707,4189.020070689915
2024-05-31 06:00:00,6334.169447839737,6308.158129417707,4326.927618128564
2024-05-31 07:00:00,6334.169447839737,6303.830753842956,4326.927618128564
2024-05-31 08:00:00,5729.759637384322,5510.605477724512,3933.540199113966
2024-05-31 09:00:00,4356.182493465915,4129.456212751085,3204.023192199342
2024-05-31 10:00:00,3735.082190329658,3062.3204764456627,2686.1073771834326
2024-05-31 11:00:00,3492.6528165263167,3062.3204764456627,2628.6561492924934
2024-05-31 12:00:00,3492.6528165263167,3111.901003844154,2628.6561492924934
2024-05-31 13:00:00,3747.799166058818,3190.726812904497,2690.9762628915896
2024-05-31 14:00:00,3938.6433249289016,3244.7706443368015,2824.33514006157
2024-05-31 15:00:00,4911.030454568401,3508.90758656791,3118.3547483337866
2024-05-31 16:00:00,4932.629192542419,4357.919847143343,3561.251156447822
2024-05-31 17:00:00,5885.411602951398,4682.171095320824,3816.7242446174723
2024-05-31 18:00:00,6069.179194780745,5532.1488731895515,3935.34179474589
2024-05-31 19:00:00,8185.254427623542,8450.309709127376,6458.137022296849
2024-05-31 20:00:00,9748.536097288492,10719.220058075814,8283.132760998711
2024-05-31 21:00:00,10460.960554839807,11735.411170801815,8640.346732432463
2024-05-31 22:00:00,11056.22586251405,12837.426780604688,10115.963461960959
2024-05-31 23:00:00,11121.791218276232,13793.387996220588,10592.93462974858
2024-06-01 00:00:00,11780.975331021771,14225.901992739773,11225.85315190329
2024-06-01 01:00:00,12652.198559261851,14381.890492196895,11138.423703924464
2024-06-01 02:00:00,11662.40237414037,13431.268559008156,10284.204190793205
2024-06-01 03:00:00,11106.82503862576,12418.92123539509,8744.13648903005
2024-06-01 04:00:00,10284.00745962785,11962.240868708372,8358.951800816218
2024-06-01 05:00:00,9063.913976195652,10934.861988698844,7307.718011982512
2024-06-01 06:00:00,7439.688858942672,8480.13921170584,5855.80689601042
2024-06-01 07:00:00,6487.667987624608,6538.24656204878,5104.454226200777
2024-06-01 08:00:00,4514.8767257007075,4726.454379796222,3775.0768020095884
2024-06-01 09:00:00,3719.188394361533,3187.437627730801,2695.6148456692326
2024-06-01 10:00:00,3300.7431988079343,3187.437627730801,2431.673814621401
2024-06-01 11:00:00,3300.7431988079343,3231.9996868611315,2431.673814621401
2024-06-01 12:00:00,3536.083982202542,3694.4496484610986,2653.2608157109207
2024-06-01 13:00:00,3537.7270770455384,3725.037392001143,2653.2608157109207
2024-06-01 14:00:00,3536.083982202542,3741.7062232331955,2653.2608157109207
2024-06-01 15:00:00,3537.7270770455384,3741.7062232331955,2669.6809564596992
2024-06-01 16:00:00,3526.6172098954908,3795.62957880394,2730.9642707109515
2024-06-01 17:00:00,3537.4770851043722,3913.258872609098,2812.051689102652
2024-06-01 18:00:00,3537.4770851043722,3913.258872609098,2840.6530745708105
2024-06-01 19:00:00,3733.661441772404,3918.332943551898,3111.3352279962764
2024-06-01 20:00:00,3979.2837505848815,4185.345209312909,3111.3352279962764
2024-06-01 21:00:00,4054.9911297867375,4268.87739183385,3129.0039529496407
2024-06-01 22:00:00,4434.278975458645,4491.994558726294,3064.0512782249957
2024-06-01 23:00:00,4726.285477869742,4552.412999296337,3129.0039529496407
2024-06-02 00:00:00,4731.417620017413,4552.487924520483,3334.810640844336
2024-06-02 01:00:00,4101.1805514037205,3894.796440190945,2997.273227642777
2024-06-02 02:00:00,4217.311593808475,4041.8442506152946,3020.9124455567166
2024-06-02 03:00:00,4217.311593808475,4794.645653041483,3547.643412576877
2024-06-02 04:00:00,4540.79428385469,5156.546836189786,3667.4523194151143
2024-06-02 05:00:00,4540.79428385469,5156.546836189786,3667.4523194151143
2024-06-02 06:00:00,4119.846303696701,4642.431442891857,3417.1340289312093
2024-06-02 07:00:00,3691.8347791001797,4303.501061648181,2758.754846500244
2024-06-02 08:00:00,3593.1477586836736,3971.796792717717,2591.8510123048873
2024-06-02 09:00:00,3460.798912091611,3768.407500615756,2529.1656058063336
2024-06-02 10:00:00,3347.608913178472,3323.718617897015,2555.372071621955
2024-06-02 11:00:00,3185.456314953733,3323.718617897015,2555.372071621955
2024-06-02 12:00:00,3185.456314953733,3498.880988971318,2678.501369599121
2024-06-02 13:00:00,3136.75677225062,3498.880988971318,2678.501369599121
2024-06-02 14:00:00,3029.500963105767,3387.06563136174,2470.137616662222
2024-06-02 15:00:00,2965.79562947895,3274.596534462196,2390.481301846286
2024-06-02 16:00:00,2924.250035504224,3141.5453245968997,2470.137616662222
2024-06-02 17:00:00,2924.250035504224,3049.747355175571,2534.0408750734064
2024-06-02 18:00:00,2945.265948879224,3049.747355175571,2567.6600138245835
2024-06-02 19:00:00,3069.0650802138903,3049.747355175571,2557.216911459578
2024-06-02 20:00:00,3180.680158421451,3026.4746275617335,2557.216911459578
2024-06-02 21:00:00,3290.7088033632126,3026.4746275617335,2557.216911459578
2024-06-02 22:00:00,3499.378393931335,3503.9133344726943,2887.23144623198
2024-06-02 23:00:00,3499.378393931335,3503.9133344726943,2887.23144623198
2024-06-03 00:00:00,3600.0347009245897,3556.402130620033,2776.3422523536483
2024-06-03 01:00:00,3670.1643442229724,3353.6592733288926,2442.803092829017
2024-06-03 02:00:00,3590.576911853625,3502.137601366319,2505.2821362226914
2024-06-03 03:00:00,3656.4473154551115,3562.9139498648465,2786.5948785623355
2024-06-03 04:00:00,3633.2976134431083,3562.9139498648465,3075.350561826356
2024-06-03 05:00:00,3633.2976134431083,3449.5661122024417,3075.350561826356
2024-06-03 06:00:00,3294.4998562229675,3370.323643845254,2778.93460141301
2024-06-03 07:00:00,3160.6440992616826,3316.011117266239,2552.474365012123
2024-06-03 08:00:00,3160.6440992616826,3120.97727877535,2519.724675187094
2024-06-03 09:00:00,3160.6440992616826,3033.323900504456,2488.505951617112
2024-06-03 10:00:00,3300.7268899819196,3033.323900504456,2488.505951617112
2024-06-03 11:00:00,3360.829174421532,3117.62934474467,2554.297383732059
2024-06-03 12:00:00,3360.829174421532,3117.62934474467,2572.939717688897
2024-06-03 13:00:00,3294.8446106449965,3108.0725791389837,2651.3598054432227
2024-06-03 14:00:00,3284.940984127793,3108.0725791389837,2651.3598054432227
2024-06-03 15:00:00,3294.8446106449965,3108.0725791389837,2632.274558428799
2024-06-03 16:00:00,3321.0638639133003,3146.98863950477,2561.3692948555345
2024-06-03 17:00:00,3321.0638639133003,3097.3950243188556,2546.502158926596
2024-06-03 18:00:00,3396.309061889755,3271.8031870872665,2546.502158926596
2024-06-03 19:00:00,3567.178601189678,3301.3769606282185,2627.0752651036705
2024-06-03 20:00:00,3609.088002026332,3402.3018838800504,2732.173929330044
2024-06-03 21:00:00,3850.7228497459982,3704.6970209352194,2732.173929330044
2024-06-03 22:00:00,4009.4411325506967,3904.9592499484606,3082.259159273562
2024-06-03 23:00:00,4009.4411325506967,3904.9592499484606,3082.259159273562
2024-06-04 00:00:00,4000.4478765729837,3833.9082298023172,3042.339446030755
2024-06-04 01:00:00,3978.340324204719,3812.056360198845,2648.082940332497
2024-06-04 02:00:00,4126.394632285196,3909.359791484181,2710.180090749342
2024-06-04 03:00:00,4165.292471890316,3975.5114614045933,2764.100778777329
2024-06-04 04:00:00,4658.127460122329,4593.893208256338,3471.7153451341246
2024-06-04 05:00:00,4691.526697095071,4593.893208256338,3471.7153451341246
2024-06-04 06:00:00,4658.127460122329,4505.296750756874,3456.7419305365665
2024-06-04 07:00:00,4614.098901467077,4496.230345041682,3452.603846032518
2024-06-04 08:00:00,3836.847098287796,4079.86447756657,2924.321660721851
2024-06-04 09:00:00,3239.3915960062523,3262.553953648299,2295.206282491004
2024-06-04 10:00:00,2916.1418366232365,2989.3700533654905,2295.206282491004
2024-06-04 11:00:00,2916.1418366232365,2631.395117548834,2291.213400028328
2024-06-04 12:00:00,2951.321163829243,2482.980297069498,2291.213400028328
2024-06-04 13:00:00,2951.321163829243,2318.291424053318,2291.213400028328
2024-06-04 14:00:00,2677.5376096122645,2318.291424053318,2285.3903589403285
2024-06-04 15:00:00,2558.80274937151,2417.163258944116,2119.3301000990286
2024-06-04 16:00:00,2558.80274937151,2458.487506302213,2041.187659423113
2024-06-04 17:00:00,2579.0157327946763,2529.9525312806127,2041.187659423113
2024-06-04 18:00:00,2897.3658490903326,2702.9212925784536,2129.3367252820235
2024-06-04 19:00:00,3251.0155063868374,3026.2487417510683,2553.691837900754
2024-06-04 20:00:00,3680.3913531749704,3362.527492807453,3003.724535627074
2024-06-04 21:00:00,3803.0758448565525,3403.1291989993088,3035.8095456569254
2024-06-04 22:00:00,4769.325725592591,4148.032289627734,3203.5982608795143
2024-06-04 23:00:00,4806.226185284423,4148.032289627734,3414.026504217772
2024-06-05 00:00:00,4787.775955438507,4020.7461690420555,3308.812382548643
2024-06-05 01:00:00,4119.388729809373,3825.7803059473817,2752.6331774275395
2024-06-05 02:00:00,4184.085842354007,3870.339913978975,2737.859991369086
2024-06-05 03:00:00,4271.684147589158,3939.3922947787323,2836.3738090315583
2024-06-05 04:00:00,4191.584830562678,4326.095918611402,3002.3803256085785
2024-06-05 05:00:00,4191.584830562678,4326.095918611402,3002.3803256085785
2024-06-05 06:00:00,3588.548903855336,3886.954784422621,2978.441891140318
2024-06-05 07:00:00,3067.4624571484337,3287.626898905865,2411.560330374069
2024-06-05 08:00:00,2652.863845172359,2668.3199774218015,2106.234529352651
2024-06-05 09:00:00,2617.372726340673,2643.001774482024,2090.723208328574
2024-06-05 10:00:00,2548.9836277166996,2509.2857072820175,2067.8405338196208
2024-06-05 11:00:00,2548.9836277166996,2478.0885571563654,2067.8405338196208
2024-06-05 12:00:00,2608.9496987235475,2478.0885571563654,2222.634752402567
2024-06-05 13:00:00,2744.253328042053,2478.0885571563654,2222.634752402567
2024-06-05 14:00:00,2813.715490587834,2332.9523448935342,2190.0932213419546
2024-06-05 15:00:00,2744.253328042053,2332.9523448935342,2130.3687112218836
2024-06-05 16:00:00,2813.715490587834,2363.845434760255,2190.0932213419546
2024-06-05 17:00:00,2831.1735657120207,2760.447833910771,2350.157916747249
2024-06-05 18:00:00,2971.63869655679,3036.187995899972,2399.45548854003
2024-06-05 19:00:00,3096.347398125892,3173.718098011328,2670.6032319053415
2024-06-05 20:00:00,3910.181423237351,3709.221260897829,3117.281401884906
2024-06-05 21:00:00,4137.6921397625465,4022.1335136019284,3144.460117784281
2024-06-05 22:00:00,4481.914821992891,4455.271693375306,3677.702255756455
2024-06-05 23:00:00,4525.322815613713,4607.011293778146,3753.1965256493977
2024-06-06 00:00:00,4702.970612693687,4839.9499807259745,3767.847357346578
2024-06-06 01:00:00,4526.131588756217,4605.672290747631,3116.6300741990153
2024-06-06 02:00:00,5217.797431437767,5099.393748831687,3632.7655684438496
2024-06-06 03:00:00,5217.797431437767,5099.393748831687,3632.7655684438496
2024-06-06 04:00:00,4245.555949862343,3767.5269241448577,3163.2403292845556
2024-06-06 05:00:00,3568.17580671927,3728.927093616986,2723.016939174096
2024-06-06 06:00:00,3420.1141278995274,3631.323757394578,2707.5714206420325
2024-06-06 07:00:00,3386.5168592229275,3614.95689652715,2703.1683417251743
2024-06-06 08:00:00,2829.574736259111,2890.6899395972455,2353.4729601611043
2024-06-06 09:00:00,2560.4001678579957,2749.182451362075,2102.2803077621047
2024-06-06 10:00:00,2501.481660649729,2523.880983698684,1944.1285251629822
2024-06-06 11:00:00,2501.481660649729,2523.880983698684,1944.1285251629822
2024-06-06 12:00:00,2501.481660649729,2526.7717722662355,2199.4384663370947
2024-06-06 13:00:00,2418.22650507872,2526.7717722662355,2199.4384663370947
2024-06-06 14:00:00,2418.22650507872,2590.4129180152863,2315.265530332671
2024-06-06 15:00:00,2712.9669868368196,2852.945959270418,2338.072409423479
2024-06-06 16:00:00,2712.9669868368196,2979.1109619954755,2338.072409423479
2024-06-06 17:00:00,2770.600057274093,2948.982254890897,2336.4085444600614
2024-06-06 18:00:00,2894.326973249423,3029.3068060025453,2336.4085444600614
2024-06-06 19:00:00,3384.3370989114583,3200.185344999666,2534.838237103506
2024-06-06 20:00:00,3385.8660074620107,3587.613018944498,2675.3355100791223
2024-06-06 21:00:00,3719.4536122346362,3991.7802191495384,2774.9051887093387
2024-06-06 22:00:00,3955.1636420895275,3991.7802191495384,2774.9051887093387
2024-06-06 23:00:00,4546.446400369348,4864.066707504261,3741.219175879081
2024-06-07 00:00:00,4849.901103776694,4981.259146756753,4182.514117998134
2024-06-07 01:00:00,3967.3333824914876,4049.8400004241303,2933.8742097247127
2024-06-07 02:00:00,4162.974555272533,4378.960748214665,3262.986641944324
2024-06-07 03:00:00,4717.647940835415,4922.889571955833,3807.4742530075405
2024-06-07 04:00:00,5238.886735631686,5532.972304167504,4100.562746560679
2024-06-07 05:00:00,5238.886735631686,5532.972304167504,4100.562746560679
2024-06-07 06:00:00,4064.3794606768947,4584.923492165938,3386.788948049165
2024-06-07 07:00:00,3789.118227124419,4171.710670900546,3208.9968614684894
2024-06-07 08:00:00,2738.454069704073,3106.2829022786086,2328.5489922802103
2024-06-07 09:00:00,2596.3121353902397,2757.8353731386283,2100.7733671836713
2024-06-07 10:00:00,2596.3121353902397,2661.8864185893126,2100.7733671836713
2024-06-07 11:00:00,2613.5660289963307,2522.109687769958,2224.85641128362
2024-06-07 12:00:00,2661.964847437001,2522.109687769958,2270.6602488582153
2024-06-07 13:00:00,2613.5660289963307,2404.0245873399845,2224.85641128362
2024-06-07 14:00:00,2285.5637599883776,2438.657591224787,2030.9742172804374
2024-06-07 15:00:00,2285.5637599883776,2258.220636745819,1971.2038881763583
2024-06-07 16:00:00,2405.3938913838497,2438.657591224787,1958.7887250059448
2024-06-07 17:00:00,2449.8786042045663,2723.4562878199204,1958.7887250059448
2024-06-07 18:00:00,2905.190328167531,3054.3182539213585,2087.329437455829
2024-06-07 19:00:00,3423.9017457753844,3944.949384372212,2800.3191558238977
2024-06-07 20:00:00,4308.839159772413,5467.177060115187,3660.333999249214
2024-06-07 21:00:00,4885.021396824571,5549.711421435071,3852.9307024538693
2024-06-07 22:00:00,6251.835062306161,7504.42350545762,5157.637232641141
2024-06-07 23:00:00,7508.826751084691,8258.274124869698,5654.684877077983
2024-06-08 00:00:00,7616.379347232692,9060.169962656508,6069.658088787667
2024-06-08 01:00:00,6787.973440436588,7924.414782498693,5077.7397484012845
2024-06-08 02:00:00,6646.891300973977,7627.241026034842,4688.337655387406
2024-06-08 03:00:00,6646.891300973977,7627.241026034842,4688.337655387406
2024-06-08 04:00:00,7873.754500260293,8769.08789809004,5701.763900257631
2024-06-08 05:00:00,7974.985477491017,9431.536337847743,5730.668442791159
2024-06-08 06:00:00,7873.754500260293,9431.536337847743,5730.668442791159
2024-06-08 07:00:00,7665.511718176955,10195.071377268085,6587.429622958467
2024-06-08 08:00:00,7420.1965167101125,10195.071377268085,6587.429622958467
2024-06-08 09:00:00,5420.737435590515,8111.77730739533,4794.68620105523
2024-06-08 10:00:00,4745.4453104659715,7936.995896070046,4530.585744129103
2024-06-08 11:00:00,4376.169492409792,7223.8136780831355,3724.672098179468
2024-06-08 12:00:00,4745.4453104659715,7754.350954923788,4530.585744129103
2024-06-08 13:00:00,5661.6357594117535,7173.638213525235,5001.721650389609
2024-06-08 14:00:00,5809.687240051185,7314.408439710549,5533.985725323457
2024-06-08 15:00:00,5661.6357594117535,7173.638213525235,5221.985886263215
2024-06-08 16:00:00,5809.687240051185,7026.0504305033155,5328.440445630824
2024-06-08 17:00:00,6257.553235373736,6662.107094138271,5221.985886263215
2024-06-08 18:00:00,6431.91094216423,7026.0504305033155,5328.440445630824
2024-06-08 19:00:00,6934.376064382874,7931.035722662488,5542.189874235616
2024-06-08 20:00:00,7482.863276963105,9507.845937556753,6627.447769139384
2024-06-08 21:00:00,7732.609851405464,10556.29800733439,7670.593417686854
2024-06-08 22:00:00,9166.34747196549,12783.432952295661,9340.210857106875
2024-06-08 23:00:00,10499.8007197064,13734.62574755074,10577.981769111688
2024-06-09 00:00:00,11252.458287190962,14382.277884467218,10936.564744568412
2024-06-09 01:00:00,10158.43785065594,12124.179599221814,8793.913186720283
2024-06-09 02:00:00,10068.314415361017,11807.665575831334,8891.097271745602
2024-06-09 03:00:00,10068.314415361017,11807.665575831334,8926.532788498003
2024-06-09 04:00:00,9993.36217875439,11657.84427512161,8926.532788498003
2024-06-09 05:00:00,10394.52333991928,10301.297757209602,7770.645550030381
2024-06-09 06:00:00,9855.98280745074,9852.723463049237,7514.633316806721
2024-06-09 07:00:00,8678.673891100432,8760.982196193409,6940.97634862495
2024-06-09 08:00:00,6700.943740262948,6674.91473443695,4965.598088275848
2024-06-09 09:00:00,5559.370816080738,5122.612920524484,4165.755258260181
2024-06-09 10:00:00,4010.098415238894,3773.159240269744,2821.0717764728543
2024-06-09 11:00:00,3070.7165005170327,2816.123461624028,2421.6935479762046
2024-06-09 12:00:00,3070.7165005170327,2816.123461624028,2332.942209407015
2024-06-09 13:00:00,3083.2416435049213,2853.45253666706,2356.9660107156824
2024-06-09 14:00:00,3302.4643006628735,3127.361888134502,2355.2435324050166
2024-06-09 15:00:00,3396.5696622192154,3146.5750384177386,2356.9660107156824
2024-06-09 16:00:00,3632.159064550457,3211.3936006877598,2376.2782927329254
2024-06-09 17:00:00,3760.820516306646,3405.589104285068,2613.8317685456996
2024-06-09 18:00:00,3879.3833957692705,3601.394975486509,2665.0378546583634
2024-06-09 19:00:00,4107.965828788415,3995.6008636563884,3406.626979044327
2024-06-09 20:00:00,5036.617645859603,5911.7766437879045,4648.360725947279
2024-06-09 21:00:00,6203.010114668659,6950.765467553329,4791.563286159484
2024-06-09 22:00:00,9977.170833577582,9463.550624798292,7141.979946805176
2024-06-09 23:00:00,10918.629237973139,10897.761448675967,8269.548247650671
2024-06-10 00:00:00,11463.526338986205,11693.309620893306,9297.290632079901
2024-06-10 01:00:00,12948.447256051973,14998.764394516249,11410.6897505138
2024-06-10 02:00:00,13186.666183639463,15283.731140402067,11236.489745953024
2024-06-10 03:00:00,13186.666183639463,15283.731140402067,11120.480432068296
2024-06-10 04:00:00,12069.328033725535,14813.87686869851,10738.769822410202
2024-06-10 05:00:00,10985.560298855902,13485.40097999748,9711.248832853495
2024-06-10 06:00:00,9974.51662196687,12950.69037892014,8711.97001424369
2024-06-10 07:00:00,8084.228206864896,10715.864552110726,7261.909383031004
2024-06-10 08:00:00,7924.819388300115,10234.823481309968,6914.676919517554
2024-06-10 09:00:00,6893.380443223903,7583.320236523611,5271.148815480975
2024-06-10 10:00:00,6308.51916401608,6655.865587875703,5237.879991644959
2024-06-10 11:00:00,6308.51916401608,6199.29187691519,4884.371136487709
2024-06-10 12:00:00,6288.041458083199,5997.350537335568,4532.45903034631
2024-06-10 13:00:00,6202.875646665819,5771.627911878653,3901.0052695909276
2024-06-10 14:00:00,5471.278337252083,5196.336677187157,3699.584263454765
2024-06-10 15:00:00,5404.96307695822,5196.336677187157,3699.584263454765
2024-06-10 16:00:00,5274.061152505417,5288.544009515139,3703.918627835813
2024-06-10 17:00:00,5274.061152505417,5457.06686966356,3867.9440063149755
2024-06-10 18:00:00,5618.224277332602,5796.968358705649,4148.181581211169
2024-06-10 19:00:00,5951.391043136931,7284.751777763688,5263.344266791502
2024-06-10 20:00:00,6565.959974192754,8364.207578412588,5727.389992556134
2024-06-10 21:00:00,8879.670117167585,10944.480955067538,7285.322534693524
2024-06-10 22:00:00,11301.154179158595,12571.921397334527,9536.143745210895
2024-06-10 23:00:00,11615.654207607371,13521.696655475776,9822.93972637642
2024-06-11 00:00:00,12977.517392279507,14207.870068914515,11208.399474005782
2024-06-11 01:00:00,15211.838890465871,16220.1276340138,14110.5167734093
2024-06-11 02:00:00,15185.621835140182,16276.39740917719,14089.980615658229
2024-06-11 03:00:00,15104.24984472736,16276.39740917719,13954.13116362396
2024-06-11 04:00:00,14867.359789152179,16013.35590941051,12991.082283757878
2024-06-11 05:00:00,14402.898636037458,14805.72885852183,12031.81033554668
2024-06-11 06:00:00,13873.693846447544,14803.669254014007,11592.547990188594
2024-06-11 07:00:00,12101.926147133749,12156.634249229051,9188.19987220941
2024-06-11 08:00:00,8439.500706811212,7123.587110033058,5438.374862629705
2024-06-11 09:00:00,4861.761255518004,4148.34615529249,3437.267705839621
2024-06-11 10:00:00,3554.3770052814953,3214.473794132513,2707.3316190060295
2024-06-11 11:00:00,3199.249243168662,3005.6913100971005,2489.1702906940727
2024-06-11 12:00:00,3183.646817637665,2993.3415329354984,2341.2114452958476
2024-06-11 13:00:00,3099.769475143671,2936.885864986569,2288.8993374315205
2024-06-11 14:00:00,2916.972408439838,2811.0541857320272,2113.038806086802
2024-06-11 15:00:00,2916.972408439838,2811.0541857320272,2113.038806086802
2024-06-11 16:00:00,3410.1508700687364,2982.3062036958786,2457.7724476746334
2024-06-11 17:00:00,4055.127091063692,3222.393667594707,2508.8685508351105
2024-06-11 18:00:00,4355.274340012873,4312.621939557201,2735.8271790678923
2024-06-11 19:00:00,4814.812068726581,5247.597090853323,3716.097849445693
2024-06-11 20:00:00,5326.15112730633,5434.17772878095,3851.7679936002764
2024-06-11 21:00:00,5619.320698417514,6141.072851786137,4677.040684540278
2024-06-11 22:00:00,9021.04430529827,8541.449402302347,6479.560451908029
2024-06-11 23:00:00,11131.866900047482,10580.113209056555,8470.3160551482
2024-06-12 00:00:00,12220.494150670367,10942.157802493386,9441.657360212801
2024-06-12 01:00:00,11184.344423359427,10225.303870030075,8274.38762942799
2024-06-12 02:00:00,11113.19582277505,10371.954123447067,8234.017392977421
2024-06-12 03:00:00,11113.19582277505,10579.810759770357,8234.017392977421
2024-06-12 04:00:00,11113.19582277505,10681.885344845907,7985.255051152926
2024-06-12 05:00:00,10938.857303581743,10681.885344845907,7846.9226801750165
2024-06-12 06:00:00,9718.39191671134,9656.535533290822,6741.958758266907
2024-06-12 07:00:00,7327.619836504658,7998.046744080704,5534.828245259173
2024-06-12 08:00:00,6641.542371712337,5923.733976396111,4795.271293313475
2024-06-12 09:00:00,4490.699683387693,4043.696859956769,3206.8445380423
2024-06-12 10:00:00,2870.0809293705242,2700.4242563883518,2443.0466605205247
2024-06-12 11:00:00,2827.795966332697,2626.631634640642,2349.8780476060133
2024-06-12 12:00:00,2770.6390078633644,2578.3523582709604,2269.3558945723826
2024-06-12 13:00:00,2723.710810451091,2578.3523582709604,2269.3558945723826
2024-06-12 14:00:00,2653.1626632624393,2578.3523582709604,2269.3558945723826
2024-06-12 15:00:00,2723.710810451091,2667.7904361495684,2333.360651042345
2024-06-12 16:00:00,3244.6465802743005,2667.7904361495684,2446.4568223928172
2024-06-12 17:00:00,3781.5007511535055,3500.1659978279326,2693.2967901262855
2024-06-12 18:00:00,3955.496074585096,3677.15573832031,2734.9662599610065
2024-06-12 19:00:00,3986.0959777671246,3714.7870732037786,3095.504970344214
2024-06-12 20:00:00,5462.355126137979,5503.176394906834,4130.214822326382
2024-06-12 21:00:00,5495.92292454907,5744.486163323149,4174.909531740425
2024-06-12 22:00:00,6656.941815627419,6130.354350487415,4927.625953106278
2024-06-12 23:00:00,6656.941815627419,6130.354350487415,4927.625953106278
2024-06-13 00:00:00,6468.20828304672,5925.054526120764,4696.848115718742
2024-06-13 01:00:00,5024.785748774728,6043.7617787298,4014.6024872390717
2024-06-13 02:00:00,4978.703757371829,5793.4350679679455,3920.928831475004
2024-06-13 03:00:00,4729.189163908924,4952.0881918120485,3912.0323566628394
2024-06-13 04:00:00,4690.133019316597,4914.61899260766,3713.1025369595527
2024-06-13 05:00:00,4386.75515133637,4832.18233154476,3400.5042736664955
2024-06-13 06:00:00,3920.402237053222,3899.021116978295,3158.952276365385
2024-06-13 07:00:00,3905.309322959771,3863.730427851728,2997.988312966886
2024-06-13 08:00:00,3091.9711636001107,3157.613578739952,2424.77768614413
2024-06-13 09:00:00,2759.152647267092,2729.168387456427,2238.4292243053505
2024-06-13 10:00:00,2700.5451278116097,2729.168387456427,2238.4292243053505
2024-06-13 11:00:00,2700.5451278116097,2778.327500228222,2308.4610307021044
2024-06-13 12:00:00,3038.101935899788,2908.0058166573363,2400.171270488975
2024-06-13 13:00:00,3198.162249169214,2960.3129157243056,2428.681781233058
2024-06-13 14:00:00,3348.484775910104,2960.3129157243056,2716.8761807660658
2024-06-13 15:00:00,3348.484775910104,2960.3129157243056,2716.8761807660658
2024-06-13 16:00:00,3061.687679304037,2825.2050491287255,2450.163573118308
2024-06-13 17:00:00,3061.687679304037,2825.2050491287255,2450.163573118308
2024-06-13 18:00:00,3061.687679304037,3037.518470267344,2450.163573118308
2024-06-13 19:00:00,3207.455537960319,3043.4077871794334,2610.067240376662
2024-06-13 20:00:00,3207.0436295520353,3107.117213104658,2447.0754963858626
2024-06-13 21:00:00,3207.455537960319,3284.550588801137,2610.067240376662
2024-06-13 22:00:00,3824.5408722079255,3820.696508840537,2926.7519426945923
2024-06-13 23:00:00,4178.970886934207,4516.8919395902,3123.7338087188405
2024-06-14 00:00:00,4596.465912085397,5161.873916810417,3373.29369199369
2024-06-14 01:00:00,4487.490395240753,5259.2568613458625,3241.6354250133627
2024-06-14 02:00:00,4772.31797860968,5673.786020952493,3583.4977889618103
2024-06-14 03:00:00,4915.926230238234,5961.922276230618,3608.0778150973188
2024-06-14 04:00:00,5839.578901717736,7263.294511147651,4618.959447890649
2024-06-14 05:00:00,6031.242681349959,7627.679904891635,4804.696048702964
2024-06-14 06:00:00,5966.234634067814,7627.679904891635,4618.959447890649
2024-06-14 07:00:00,5966.234634067814,5868.013033195226,4614.6083259672105
2024-06-14 08:00:00,4495.158498683899,4254.646176755867,3632.9217219517022
2024-06-14 09:00:00,3526.5454449545664,3307.5471833720876,2751.6868739317024
2024-06-14 10:00:00,2941.690390272334,2950.526365340063,2384.985243018447
2024-06-14 11:00:00,2861.8096698840372,2896.5108113427877,2368.557603878614
2024-06-14 12:00:00,2625.1507735424075,2896.5108113427877,2242.8551042658714
2024-06-14 13:00:00,2625.1507735424075,2896.5108113427877,2242.8551042658714
2024-06-14 14:00:00,2895.738185911509,3369.380075321681,2729.4988338575436
2024-06-14 15:00:00,3117.788439299417,3369.380075321681,2729.4988338575436
2024-06-14 16:00:00,3117.788439299417,3079.5791408986815,2589.9836681365573
2024-06-14 17:00:00,3432.5293648504603,3079.5791408986815,2589.9836681365573
2024-06-14 18:00:00,3658.919942470933,3382.4782373666776,2572.49047750213
2024-06-14 19:00:00,3777.457129688454,3427.4047655010654,2797.9040066456464
2024-06-14 20:00:00,4975.6161283141355,5239.192126479419,3722.2022586436055
2024-06-14 21:00:00,5567.162056768301,6279.013760600511,4606.471395830273
2024-06-14 22:00:00,7732.865074427852,7623.034053323866,5741.188643163438
2024-06-14 23:00:00,7885.679063839278,8758.924665049733,6511.383423997826
2024-06-15 00:00:00,8245.690986927562,8216.585422584352,6518.666082646201
2024-06-15 01:00:00,5167.989195253876,5756.391779387734,3766.796809384061
2024-06-15 02:00:00,5154.395486679039,5660.367913917852,3585.3011395380126
2024-06-15 03:00:00,5154.395486679039,5182.1752442699635,3585.3011395380126
2024-06-15 04:00:00,5154.395486679039,5138.222998214008,3512.721592076285
2024-06-15 05:00:00,5297.452865296803,5138.222998214008,3617.7055583514475
2024-06-15 06:00:00,4903.27905025186,5138.222998214008,3512.29796422684
2024-06-15 07:00:00,4903.27905025186,4779.830396555712,3264.005366221344
2024-06-15 08:00:00,3892.4624980932904,3229.767476209746,2728.364978855755
2024-06-15 09:00:00,3731.3740963025716,3229.767476209746,2695.0093525925295
2024-06-15 10:00:00,3556.4014522036655,3242.5716438713876,2728.364978855755
2024-06-15 11:00:00,3259.0419260506023,3245.332011986754,2666.625171858813
2024-06-15 12:00:00,3259.0419260506023,3245.332011986754,2474.0124791774488
2024-06-15 13:00:00,2892.34125552259,3206.375989685813,2194.761879358231
2024-06-15 14:00:00,2890.538426904169,3073.3925273640903,2194.761879358231
2024-06-15 15:00:00,2890.538426904169,3206.375989685813,2485.910237812099
2024-06-15 16:00:00,3230.301609355141,3556.752903419697,2641.2169628970505
2024-06-15 17:00:00,3314.3879173471933,3743.725312493951,2840.4845145800105
2024-06-15 18:00:00,3532.0031900801505,4001.6501695384477,2945.6167252733767
2024-06-15 19:00:00,3888.4544473714805,4124.923652239571,2986.1497618227418
2024-06-15 20:00:00,3964.460473596634,4327.183507182794,3377.783641905791
2024-06-15 21:00:00,5142.251079086868,6137.574247150861,4975.944964948436
2024-06-15 22:00:00,7232.7251206184765,10332.907919932954,7030.348878228959
2024-06-15 23:00:00,9013.437212835637,10957.57603558416,7492.889976921052
2024-06-16 00:00:00,9014.53193618884,11035.551923615123,7926.843622331473
2024-06-16 01:00:00,6565.37983586156,9192.72243013393,5679.5648824770215
2024-06-16 02:00:00,7048.971397813913,10121.0125650089,6146.345330072937
2024-06-16 03:00:00,8523.978977350838,10993.390217945562,7318.038359265101
2024-06-16 04:00:00,8975.04196875642,11377.254109258536,8708.968028969397
2024-06-16 05:00:00,8975.04196875642,11377.254109258536,8708.968028969397
2024-06-16 06:00:00,9209.38626919482,10334.761645614393,8288.869161420067
2024-06-16 07:00:00,8754.70385832168,10151.906069737217,7880.658206969098
2024-06-16 08:00:00,8739.904244338582,9352.211732895585,7333.262682887313
2024-06-16 09:00:00,7981.203157614684,7497.079856936014,5880.466358367512
2024-06-16 10:00:00,6753.4546523333165,5212.963800005118,4592.954483648859
2024-06-16 11:00:00,6219.845732453361,5212.963800005118,4366.268563969505
2024-06-16 12:00:00,6111.314304094731,4944.581753676345,4017.7326699960918
2024-06-16 13:00:00,5671.1418033828795,4944.581753676345,4017.7326699960918
2024-06-16 14:00:00,5671.1418033828795,4944.581753676345,3998.354699123146
2024-06-16 15:00:00,6123.3938664721845,5804.919733250031,3998.354699123146
2024-06-16 16:00:00,6416.733717603098,6143.523523837601,4875.198437010436
2024-06-16 17:00:00,6683.815035644628,6522.639658219746,4992.298577334584
2024-06-16 18:00:00,6683.815035644628,6522.639658219746,5148.745344622224
2024-06-16 19:00:00,7072.44222428068,6907.63311515549,5770.868553431268
2024-06-16 20:00:00,7129.929121058155,7414.9995815267175,6391.765497586609
2024-06-16 21:00:00,7692.038048198313,8220.258272149307,7305.890511054204
2024-06-16 22:00:00,8611.582281256296,9277.372153213188,8546.42523642573
2024-06-16 23:00:00,9869.744997323805,10337.93727713077,9362.650316357778
2024-06-17 00:00:00,10635.442312231315,11368.787821459939,10200.689399878276
2024-06-17 01:00:00,12995.77938297627,13206.875619017086,11355.275872928787
2024-06-17 02:00:00,13490.761251467284,13119.032036103376,11240.582185466403
2024-06-17 03:00:00,13621.51712009419,13294.719201930799,11469.969560391171
2024-06-17 04:00:00,14452.896089373997,15606.862964964681,12234.116309397801
2024-06-17 05:00:00,14452.896089373997,15780.368790596598,12559.269489109538
2024-06-17 06:00:00,14393.014852408349,15780.368790596598,12559.269489109538
2024-06-17 07:00:00,11484.960698764828,12710.67732250621,10068.188995222054
2024-06-17 08:00:00,10910.896945513938,10731.333777823947,8843.60952856513
2024-06-17 09:00:00,9189.889796243011,8648.893342438449,7536.9433133368
2024-06-17 10:00:00,8634.108261459884,8525.573975167039,7228.246929680808
2024-06-17 11:00:00,5884.295697141495,5273.819034325445,3929.136306365318
2024-06-17 12:00:00,4836.099995968309,4249.357340991322,3740.2009314285424
2024-06-17 13:00:00,4440.865966318862,4078.434716998002,3424.5719057215056
2024-06-17 14:00:00,4836.099995968309,4249.357340991322,3740.2009314285424
2024-06-17 15:00:00,5017.621435260611,4623.793614073036,4157.622103471191
2024-06-17 16:00:00,5075.836820596147,4866.822103259563,4303.028357481048
2024-06-17 17:00:00,5952.512507826819,5769.6966164058085,4924.06955926748
2024-06-17 18:00:00,6341.045652013576,6217.937991388806,5284.915175428579
2024-06-17 19:00:00,7121.506345841108,8053.97061929073,6537.900571610315
2024-06-17 20:00:00,8818.49779206143,9672.78451690012,7529.001970932035
2024-06-17 21:00:00,10566.024751451967,11473.884704639991,9180.592212125
2024-06-17 22:00:00,10740.74599872564,12721.408105600505,10405.84773143501
2024-06-17 23:00:00,10740.74599872564,12951.597638327235,10405.84773143501
2024-06-18 00:00:00,10439.863399364227,12836.50287196387,10102.366573876541
2024-06-18 01:00:00,13863.677085873554,14076.925516620571,11623.13962829708
2024-06-18 02:00:00,13739.92444642071,13999.71528843537,11597.844643071285
2024-06-18 03:00:00,10998.822932896543,12003.640930480846,9697.481827852755
2024-06-18 04:00:00,8713.003797704814,10278.062021433121,8065.417323966406
2024-06-18 05:00:00,8264.855334298498,9766.185372253069,7589.819855061336
2024-06-18 06:00:00,7453.083719295634,8520.286712628233,6522.548773552804
2024-06-18 07:00:00,6596.841152481718,6863.75863925103,5605.061486011458
2024-06-18 08:00:00,6284.85859478717,5938.462084459602,4991.85192528094
2024-06-18 09:00:00,4195.380426807559,4068.000556113264,3187.0303731654662
2024-06-18 10:00:00,3025.4885970660252,3192.6875184125033,2635.6623328951014
2024-06-18 11:00:00,3025.4885970660252,2999.491647635815,2498.1262272980357
2024-06-18 12:00:00,2996.171600970046,2999.491647635815,2498.1262272980357
2024-06-18 13:00:00,3042.871178044203,3056.3722457892504,2546.453701793912
2024-06-18 14:00:00,3287.2082878251385,3057.9497299608024,2690.6062688509182
2024-06-18 15:00:00,3560.5941834204473,3348.85407772059,2717.774306802172
2024-06-18 16:00:00,3840.2145834394155,3368.0118677954315,2893.1853216680756
2024-06-18 17:00:00,4850.694524777686,4635.759586974488,3800.1251487300797
2024-06-18 18:00:00,6082.869865625309,5935.926757164487,4191.564007930193
2024-06-18 19:00:00,8255.44811014619,9724.677666329628,7517.717903846086
2024-06-18 20:00:00,11963.641479241554,12126.45150049868,9771.599747103723
2024-06-18 21:00:00,12523.746482306244,12709.698083530704,11034.331253491668
2024-06-18 22:00:00,12694.835540505557,14018.842763569997,11560.875790758535
2024-06-18 23:00:00,13011.398221172043,14018.842763569997,11560.875790758535
2024-06-19 00:00:00,13182.820672062806,13493.923158932266,11327.575856267256
2024-06-19 01:00:00,10679.987804172828,11421.997884254068,8970.819853803707
2024-06-19 02:00:00,9445.201614913174,10934.812057453153,8125.713043014752
2024-06-19 03:00:00,8388.885594920392,10009.936994196043,7094.027415908007
2024-06-19 04:00:00,8388.885594920392,9311.319828130647,6880.44142816369
2024-06-19 05:00:00,8036.811835136544,9200.320332878016,6842.9690182243085
2024-06-19 06:00:00,6841.981382084179,6929.57278458202,5244.209810632977
2024-06-19 07:00:00,5705.4528460248985,5090.567576793315,4159.974885786503
2024-06-19 08:00:00,3958.9531978199607,3926.332776773379,3265.176351191384
2024-06-19 09:00:00,2954.9064848564403,2974.3565978290108,2465.6227052468203
2024-06-19 10:00:00,2900.6423911537336,2974.3565978290108,2465.6227052468203
2024-06-19 11:00:00,2900.6423911537336,3101.0551089313885,2556.715413165419
2024-06-19 12:00:00,3050.749245372551,3101.0551089313885,2597.013313906465
2024-06-19 13:00:00,3050.749245372551,2739.3384089928354,2597.013313906465
2024-06-19 14:00:00,2981.3779231478497,2721.6129904152776,2597.013313906465
2024-06-19 15:00:00,2981.3779231478497,2721.6129904152776,2580.783085138989
2024-06-19 16:00:00,2986.782288421581,3008.91053247628,2487.1722472575084
2024-06-19 17:00:00,3023.099590105258,3037.7119939995277,2562.438727782059
2024-06-19 18:00:00,3409.4443414782627,3306.976716891118,2562.438727782059
2024-06-19 19:00:00,3853.6893932531093,3697.9553443205455,2866.8874443872246
2024-06-19 20:00:00,3853.6893932531093,3737.044802855984,2866.8874443872246
2024-06-19 21:00:00,3990.0254523978847,3878.03905630234,3042.391088871705
2024-06-19 22:00:00,5227.974405606292,5223.445508324701,4066.8531409743896
2024-06-19 23:00:00,5545.784796850271,5965.239974446455,4283.0939817901135
2024-06-20 00:00:00,5466.0928227718505,6071.793713099711,4292.838772459631
2024-06-20 01:00:00,6018.175822473616,5826.710932268985,4446.597748347796
2024-06-20 02:00:00,6034.0543625441605,5729.179786806717,4609.826714989005
2024-06-20 03:00:00,6034.0543625441605,5729.179786806717,4609.826714989005
2024-06-20 04:00:00,4566.317854429509,4992.9280215464205,3657.9646583525378
2024-06-20 05:00:00,4081.1654847750315,4778.260014646728,3294.150874791746
2024-06-20 06:00:00,3980.9877108113374,4498.037648806363,3114.4002170108115
2024-06-20 07:00:00,3067.9721340597703,3334.3031299041418,2601.973344551966
2024-06-20 08:00:00,2968.3321807538364,3133.1485718334607,2400.3387055986764
2024-06-20 09:00:00,2984.58888175549,3122.6771454926247,2400.3387055986764
2024-06-20 10:00:00,2984.58888175549,2963.260111011497,2514.1803370584753
2024-06-20 11:00:00,3158.8605551777946,2861.586324012218,2697.133770788837
2024-06-20 12:00:00,3158.8605551777946,2760.694940510536,2697.133770788837
2024-06-20 13:00:00,3079.2338179023295,2760.694940510536,2557.857416386658
2024-06-20 14:00:00,2930.2955414039043,2969.0890436975014,2537.067676589654
2024-06-20 15:00:00,2836.3902791433693,2969.0890436975014,2500.645806393505
2024-06-20 16:00:00,2836.3902791433693,2966.7939054854896,2492.0527677525783
2024-06-20 17:00:00,2894.157520923861,2966.7939054854896,2492.0527677525783
2024-06-20 18:00:00,3185.717818241472,3216.5036753750796,2558.846942914165
2024-06-20 19:00:00,3512.2354242230517,3438.2777360941654,2843.0602458813764
2024-06-20 20:00:00,3754.6513787351532,4289.987032445586,3241.873329385314
2024-06-20 21:00:00,4488.415880174545,4529.7759250756035,3310.264417901036
2024-06-20 22:00:00,5540.717088029798,5675.852844010006,4256.992458884013
2024-06-20 23:00:00,5540.717088029798,5675.852844010006,4256.992458884013
2024-06-21 00:00:00,5347.26191751039,5333.258888447658,3915.9599359074928
2024-06-21 01:00:00,3476.3442224833316,3420.19882224853,2700.638148438553
2024-06-21 02:00:00,3602.999241265873,3506.874146757275,2847.3437569305415
2024-06-21 03:00:00,3602.999241265873,3506.874146757275,2909.7202246149873
2024-06-21 04:00:00,3955.9650505252016,3642.173893143476,3324.697407530399
2024-06-21 05:00:00,4026.4647852554126,3697.511007465222,3363.669142588455
2024-06-21 06:00:00,3955.9650505252016,3697.511007465222,3324.697407530399
2024-06-21 07:00:00,3361.888913444835,3674.8992427801627,2875.4782987251483
2024-06-21 08:00:00,3195.6368893162653,3525.2966138315933,2516.1293478339508
2024-06-21 09:00:00,3162.4013723687026,3312.618250605314,2516.1293478339508
2024-06-21 10:00:00,3195.6368893162653,3150.9308622991994,2686.0937115716015
2024-06-21 11:00:00,3231.386171259185,3150.9308622991994,2885.8203040055955
2024-06-21 12:00:00,3339.2408593398154,3247.88524715396,2885.8203040055955
2024-06-21 13:00:00,3269.9827363769664,3282.5208267535336,2818.367701096915
2024-06-21 14:00:00,3328.587935741644,3282.5208267535336,2777.172053338198
2024-06-21 15:00:00,3269.9827363769664,3187.8359828598122,2710.374126646084
2024-06-21 16:00:00,3061.73917753008,2888.1599782841404,2520.6628602462793
2024-06-21 17:00:00,3061.73917753008,2888.1599782841404,2520.6628602462793
2024-06-21 18:00:00,3247.0087794433416,3047.953749602415,2542.3078107956944
2024-06-21 19:00:00,3332.9857701211395,3439.5504804371217,2687.6683034905604
2024-06-21 20:00:00,3835.73849735958,3927.5468287992057,2919.049305321239
2024-06-21 21:00:00,4092.76118943699,4041.4836467374234,3182.2827270903335
2024-06-21 22:00:00,4220.527411786088,4379.98940241365,3268.8172483410362
2024-06-21 23:00:00,4220.527411786088,4379.98940241365,3424.3068105474326
2024-06-22 00:00:00,4157.5814980917,4379.217177970659,3346.562029444234
2024-06-22 01:00:00,3911.8003387269105,4833.670905339422,2912.333148341615
2024-06-22 02:00:00,3807.3804073032734,4495.707163123365,2762.9176199473136
2024-06-22 03:00:00,3807.3804073032734,4092.3215405841534,2736.881456005141
2024-06-22 04:00:00,3718.3708392215294,4092.3215405841534,2736.881456005141
2024-06-22 05:00:00,3544.9084222424453,4163.407405454649,2736.881456005141
2024-06-22 06:00:00,3544.9084222424453,4163.407405454649,2693.390776540123
2024-06-22 07:00:00,3514.037368087297,3927.9464781667957,2530.2043412987446
2024-06-22 08:00:00,3376.8485679983387,3165.3453157679314,2423.8009511631253
2024-06-22 09:00:00,3376.8485679983387,3130.922700885651,2366.522175957312
2024-06-22 10:00:00,3425.1286913226713,3130.922700885651,2366.522175957312
2024-06-22 11:00:00,3489.2655780814944,3268.5114574461018,2575.647104962557
2024-06-22 12:00:00,3650.6152257699323,3514.895356548567,2648.865868542537
2024-06-22 13:00:00,3650.6152257699323,3353.4966233005607,2797.6983112982693
2024-06-22 14:00:00,3650.6152257699323,3353.4966233005607,2797.6983112982693
2024-06-22 15:00:00,3405.60034717609,3345.38618153639,2680.4433940815434
2024-06-22 16:00:00,3405.60034717609,3345.38618153639,2680.4433940815434
2024-06-22 17:00:00,3461.46137727678,3345.38618153639,2865.8045584062847
2024-06-22 18:00:00,3508.445572798678,3399.2409163033444,2930.4448586641824
2024-06-22 19:00:00,3508.445572798678,3403.8589535005763,2987.6929392885672
2024-06-22 20:00:00,3508.445572798678,3528.763111986769,3042.384793283526
2024-06-22 21:00:00,3529.923441565216,3594.282066526825,3169.953652096997
2024-06-22 22:00:00,3936.393203956885,4626.31422666295,3846.650371344139
2024-06-22 23:00:00,4998.755007668726,5538.478705650263,4604.937626506409
2024-06-23 00:00:00,5042.536753263161,5576.710917128865,4737.979996020777
2024-06-23 01:00:00,3607.986468530702,3727.6486847877654,2848.564183630697
2024-06-23 02:00:00,3610.6035603017335,3236.0675746528095,2516.67121766347
2024-06-23 03:00:00,3460.603580290773,3199.62397809298,2516.67121766347
2024-06-23 04:00:00,3460.603580290773,3042.5484898075833,2476.5895099832815
2024-06-23 05:00:00,3211.81694443931,3022.844219963662,2572.605037350084
2024-06-23 06:00:00,3211.81694443931,3022.844219963662,2572.605037350084
2024-06-23 07:00:00,3211.81694443931,3022.844219963662,2572.605037350084
2024-06-23 08:00:00,3221.560047255456,3117.1055335088176,2649.356999705384
2024-06-23 09:00:00,3221.560047255456,3258.6422198109267,2836.3364186448202
2024-06-23 10:00:00,3325.6650825221614,3446.658942576355,2865.5408084171067
2024-06-23 11:00:00,3403.8017356697906,3515.777612912487,2968.9121392543257
2024-06-23 12:00:00,3750.9105114758763,3920.9352727046835,3350.8810383753007
2024-06-23 13:00:00,3987.685265549808,4158.650345814054,3424.8331070391446
2024-06-23 14:00:00,4388.269804367212,4298.428692545946,3492.843320336839
2024-06-23 15:00:00,4909.491998425567,4466.088066324055,3875.7106499102106
2024-06-23 16:00:00,4965.491956688861,4853.406685478309,4399.036958330088
2024-06-23 17:00:00,5695.704305825686,5034.999818985676,4656.615656395108
2024-06-23 18:00:00,6112.184737638903,5902.225061247895,5169.943079632189
2024-06-23 19:00:00,6847.133775787431,6969.788850196726,5549.051136055223
2024-06-23 20:00:00,7257.248593377949,7966.379959808258,5624.802655354103
2024-06-23 21:00:00,7355.172787500885,8019.216565563263,5624.802655354103
2024-06-23 22:00:00,7674.392207140915,8062.123091914882,5624.802655354103
2024-06-23 23:00:00,7838.129281682489,10305.874203616386,7181.954168230206
2024-06-24 00:00:00,7923.2994799044445,10413.166529351125,7201.817371488173
2024-06-24 01:00:00,9738.86164461213,12127.559222933427,9441.351646718398
2024-06-24 02:00:00,9675.182913590428,12085.15698101312,9198.191608296233
2024-06-24 03:00:00,9424.646174832475,11305.337526685047,8242.789500997205
2024-06-24 04:00:00,9100.101695822828,11305.337526685047,8205.088485726672
2024-06-24 05:00:00,8888.577580784055,11063.946800328567,8042.42937801831
2024-06-24 06:00:00,8089.0068358655235,11049.864012472766,7712.012004480161
2024-06-24 07:00:00,7741.966487578708,10056.001279079257,6688.107747461942
2024-06-24 08:00:00,7016.203696581057,8378.407173864605,5704.960230470535
2024-06-24 09:00:00,6701.417383108094,7724.149096630439,5543.811203021907
2024-06-24 10:00:00,6701.417383108094,7724.149096630439,5543.811203021907
2024-06-24 11:00:00,6964.930748083387,9440.450657049469,6943.027571239911
2024-06-24 12:00:00,7629.62390497289,9490.501095306236,7358.0073372298775
2024-06-24 13:00:00,8769.088397271244,11160.087842934665,9342.626305425127
2024-06-24 14:00:00,9491.868223754307,11937.568961041601,9884.582293227939
2024-06-24 15:00:00,9976.23460868532,12054.878103767918,10875.492449011905
2024-06-24 16:00:00,10584.562203035714,12318.210100698427,10966.288607396851
2024-06-24 17:00:00,11276.501737362107,12318.210100698427,11884.8982800457
2024-06-24 18:00:00,11588.619240498996,12318.210100698427,12218.218357150623
2024-06-24 19:00:00,11982.421798916334,13048.101101267046,12242.910200270606
2024-06-24 20:00:00,12462.947084964497,13147.433495588391,12337.604043190155
2024-06-24 21:00:00,12959.704122427022,14275.41736257588,12980.37070790962
2024-06-24 22:00:00,13581.381323114601,14797.587696752922,13490.923294503813
2024-06-24 23:00:00,14913.965580398237,15758.13827950455,14267.509055930952
2024-06-25 00:00:00,16084.492593118706,17048.947323835524,15326.058044119389
2024-06-25 01:00:00,16021.80960063087,17281.252823879957,16156.587995202648
2024-06-25 02:00:00,16645.9691649114,17466.470971375562,16420.63138124899
2024-06-25 03:00:00,16765.82774128611,17520.88006962805,16711.676544401907
2024-06-25 04:00:00,17078.538854387476,17520.88006962805,16711.676544401907
2024-06-25 05:00:00,17078.538854387476,17520.88006962805,16553.458165793378
2024-06-25 06:00:00,16027.502794942226,17177.15126178975,16208.158080779618
2024-06-25 07:00:00,15335.985435327451,16872.0376763534,15235.990679202554
2024-06-25 08:00:00,14886.197578381198,15731.919140868773,14878.285223824078
2024-06-25 09:00:00,14635.035949033389,15363.958182500583,14765.094777790664
2024-06-25 10:00:00,14313.564141029525,13788.550893755772,12878.459422178874
2024-06-25 11:00:00,13315.484741940953,13475.684764572103,11909.649746157733
2024-06-25 12:00:00,13166.392483497946,13002.075818355814,11782.336696274415
2024-06-25 13:00:00,13076.037059576804,12696.032536334775,11579.91661928008
2024-06-25 14:00:00,12761.47252980385,11796.190472373662,10902.997015617311
2024-06-25 15:00:00,10022.742162645829,9526.921181628208,8357.804277803607
2024-06-25 16:00:00,8277.553036549512,8808.506409342463,6967.006725246332
2024-06-25 17:00:00,6991.955604232508,6418.100973048195,4905.099929833574
2024-06-25 18:00:00,6512.046510326785,6418.100973048195,4905.099929833574
2024-06-25 19:00:00,6272.69861607272,6059.336331646455,4247.852942968768
2024-06-25 20:00:00,6023.2171748253895,7186.461131202149,4820.052602532177
2024-06-25 21:00:00,6023.2171748253895,7186.461131202149,4820.052602532177
2024-06-25 22:00:00,7816.908129828281,8301.406535596258,5495.7411565926905
2024-06-25 23:00:00,7816.908129828281,8301.406535596258,5931.062092462233
2024-06-26 00:00:00,7641.22348683766,8068.873900221477,5713.4016245274615
2024-06-26 01:00:00,10251.7180232289,12822.864343337424,9230.352215291072
2024-06-26 02:00:00,9676.597311900001,11895.498636883003,8627.166628613744
2024-06-26 03:00:00,8900.004629982765,10847.104377140053,8331.365388707569
2024-06-26 04:00:00,8318.795160141952,9819.122591196534,7625.517484964725
2024-06-26 05:00:00,7925.409011834026,8757.070968203047,6103.167086081587
2024-06-26 06:00:00,6992.0459855221125,7021.401790851599,5410.834572366921
2024-06-26 07:00:00,4884.733232222154,4964.652584586236,3859.2752784978775
2024-06-26 08:00:00,3900.047866500011,3609.795951954574,2881.286738973917
2024-06-26 09:00:00,3226.4043919680726,3030.455443110716,2467.016144312044
2024-06-26 10:00:00,2752.3686698306446,2814.4157483188687,2421.439333840678
2024-06-26 11:00:00,2749.330413896442,2772.5716581533275,2346.04443796931
2024-06-26 12:00:00,2709.5512688774133,2647.3431280142645,2421.439333840678
2024-06-26 13:00:00,2741.4400786253705,2589.647220702978,2449.3114864460476
2024-06-26 14:00:00,2741.4400786253705,2589.647220702978,2449.3114864460476
2024-06-26 15:00:00,2773.322972521237,2434.173041529716,2418.08312992676
2024-06-26 16:00:00,2855.01608204988,2432.281042324751,2395.184553624716
2024-06-26 17:00:00,2905.182243910044,2432.281042324751,2395.184553624716
2024-06-26 18:00:00,3173.598136428046,2928.7883552817048,2476.8864073237874
2024-06-26 19:00:00,3846.9294476281457,3580.9796505516047,2848.7730300294375
2024-06-26 20:00:00,4280.71983474713,4072.7974872201,3291.2446027774067
2024-06-26 21:00:00,5183.104335222654,5262.891256345138,4184.622047333733
2024-06-26 22:00:00,7168.925510808297,7960.508838800297,5467.849439063396
2024-06-26 23:00:00,9059.564847867125,8667.08433927593,7019.001679769775
2024-06-27 00:00:00,9250.143047849851,9090.946584023415,7829.583869621101
2024-06-27 01:00:00,6996.18016532804,7553.447024462397,6000.5893789829
2024-06-27 02:00:00,7039.403690528032,7545.246016661025,5906.5016584759
2024-06-27 03:00:00,6952.956640128048,7348.12396259018,5560.332034740198
2024-06-27 04:00:00,6590.544346258289,6329.073575930559,5026.4378775741625
2024-06-27 05:00:00,6050.029181052491,5816.554910041248,4843.266574310569
2024-06-27 06:00:00,4210.823584258096,4762.923013599148,3763.244020750387
2024-06-27 07:00:00,3670.0717443077874,3914.2570583520296,3063.434990251471
2024-06-27 08:00:00,3356.7731666138848,3572.0894410013425,2731.017633208154
2024-06-27 09:00:00,2785.6961547690507,3125.1385561086418,2316.9658008774986
2024-06-27 10:00:00,2785.6961547690507,2721.8692175669016,2316.9658008774986
2024-06-27 11:00:00,2709.1560429258607,2659.521628434209,2535.6314865517375
2024-06-27 12:00:00,2941.5570264154603,2721.8692175669016,2546.9033926207876
2024-06-27 13:00:00,3221.777467046426,2836.4183727960735,2634.1610138348306
2024-06-27 14:00:00,3221.777467046426,3122.1639960408934,2768.9113276705148
2024-06-27 15:00:00,3093.6101720446104,3122.1639960408934,2768.9113276705148
2024-06-27 16:00:00,3036.661203159986,2910.7398050294632,2414.6524209682702
2024-06-27 17:00:00,3036.661203159986,2910.7398050294632,2414.6524209682702
2024-06-27 18:00:00,3324.3830448559747,2995.3675973917225,2611.3932706983132
2024-06-27 19:00:00,3372.0801308954324,3378.713209300152,2727.44868454524
2024-06-27 20:00:00,4058.9016113705575,4121.412674312145,3000.766263298197
2024-06-27 21:00:00,4088.5095097314634,4403.94597046583,3388.2417600068134
2024-06-27 22:00:00,4921.36867419305,5103.206221211422,4258.008222942277
2024-06-27 23:00:00,5036.231375802522,5235.829386501404,4490.350834207756
2024-06-28 00:00:00,5290.113036266968,5515.4626507985995,4534.8776221510125
2024-06-28 01:00:00,3303.3743936135575,3873.1323553186967,2664.6050323939985
2024-06-28 02:00:00,3186.1436333257043,3747.405191668263,2498.0220443481544
2024-06-28 03:00:00,3186.1436333257043,3747.405191668263,2498.0220443481544
2024-06-28 04:00:00,3280.0316571906005,3786.400722619221,2579.192489757358
2024-06-28 05:00:00,3280.0316571906005,3786.400722619221,2686.2658418464075
2024-06-28 06:00:00,3112.188017607676,3785.244045781355,2686.2658418464075
2024-06-28 07:00:00,2833.360264286359,3524.6371280167355,2417.6275074995347
2024-06-28 08:00:00,2545.7061557817883,2993.2783949410996,2363.895168457981
2024-06-28 09:00:00,2518.29446278329,2678.4959625284673,2256.9859134801345
2024-06-28 10:00:00,2443.13641948787,2515.799372479022,2254.222393056173
2024-06-28 11:00:00,2346.76126166346,2431.484126955337,2136.3657165064687
2024-06-28 12:00:00,2340.7118629466,2431.484126955337,2144.5604904738548
2024-06-28 13:00:00,2340.7118629466,2431.484126955337,2144.5604904738548
2024-06-28 14:00:00,2513.716793421398,2548.978092809214,2250.6412547806603
2024-06-28 15:00:00,2538.9783850625677,2548.978092809214,2252.2156851564578
2024-06-28 16:00:00,2605.8644688243744,2548.978092809214,2257.550213356703
2024-06-28 17:00:00,2950.4817180077653,2737.6920962624245,2302.510853190191
2024-06-28 18:00:00,3101.1043396521445,2846.4058422557355,2311.9899839472387
2024-06-28 19:00:00,3222.1496820746665,3351.6475644459106,2492.4250910003593
2024-06-28 20:00:00,3793.8015609137087,3971.771524019993,3045.6221980790524
2024-06-28 21:00:00,4118.160808714531,4392.171602050678,3267.2989120597167
2024-06-28 22:00:00,6244.896781020245,7817.635052108408,5266.302802120272
2024-06-28 23:00:00,8304.31218061825,9631.05494457543,6969.39597906688
2024-06-29 00:00:00,9730.664044043046,10569.669529495332,8716.257493050469
2024-06-29 01:00:00,8101.380571495928,9021.855333110263,6720.836863944705
2024-06-29 02:00:00,8078.090976396372,8795.169850911121,6585.259650002021
2024-06-29 03:00:00,7894.253755096994,8679.562429369867,6170.163741900388
2024-06-29 04:00:00,7453.863805288012,7859.386069021854,5995.533721405857
2024-06-29 05:00:00,6933.77687191079,6962.847724061625,5043.754873654301
2024-06-29 06:00:00,6054.336027880333,5905.079676254458,4405.652286620728
2024-06-29 07:00:00,4564.0794306331245,4480.0431586286995,3598.808293040472
2024-06-29 08:00:00,3641.5984435973783,3565.532602709828,2918.1288724432297
2024-06-29 09:00:00,3240.348849501239,3253.096788231595,2868.0059241832305
2024-06-29 10:00:00,3026.8494301712662,3149.099350389489,2752.373375242268
2024-06-29 11:00:00,2963.291971450994,3149.099350389489,2593.13465183005
2024-06-29 12:00:00,2963.291971450994,3149.099350389489,2593.13465183005
2024-06-29 13:00:00,3163.618805346964,3287.59920520353,3045.0836516489067
2024-06-29 14:00:00,3403.116823799382,4101.68037733926,3279.5196207635627
2024-06-29 15:00:00,3424.1861879499106,4473.485944951527,3720.025073684837
2024-06-29 16:00:00,4432.18573226788,5276.025908478167,3917.7309718005645
2024-06-29 17:00:00,4907.570365956098,5502.6501120445055,3974.6134343829967
2024-06-29 18:00:00,5622.206703288461,6408.943181797044,4776.333803034004
2024-06-29 19:00:00,6169.674302917734,6794.616593863156,5377.966242326625
2024-06-29 20:00:00,6651.303353407396,7126.313838155763,6063.438897378746
2024-06-29 21:00:00,7697.8925227509535,8313.25001649399,6483.415245882736
2024-06-29 22:00:00,7994.008364528495,10235.57163957469,7772.289856921057
2024-06-29 23:00:00,7994.008364528495,10235.57163957469,7772.289856921057
2024-06-30 00:00:00,6952.796431938605,8761.929546149611,6478.328030083041
2024-06-30 01:00:00,9143.702221723168,10014.61258736984,8486.495509339493
2024-06-30 02:00:00,10072.627180207728,11905.590808270666,9893.385960337338
2024-06-30 03:00:00,10364.182466369986,12590.310313340995,9978.883743272718
2024-06-30 04:00:00,10778.341270229004,13512.760022017357,10501.62598447112
2024-06-30 05:00:00,10778.341270229004,13512.760022017357,10501.62598447112
2024-06-30 06:00:00,10778.341270229004,13512.760022017357,10501.62598447112
2024-06-30 07:00:00,12841.419670733974,16488.84196453016,15033.831107594768
2024-06-30 08:00:00,14063.930453466886,16991.6716247534,16113.52841661578
2024-06-30 09:00:00,15240.534539248216,18015.05116377207,16802.93368056701
2024-06-30 10:00:00,17311.474005596257,18085.977950600336,16802.93368056701
2024-06-30 11:00:00,17422.0618584388,18085.977950600336,16567.216809651225
2024-06-30 12:00:00,18356.724569125363,18085.977950600336,16435.67264296178
2024-06-30 13:00:00,18411.32914212215,18189.248486730176,16205.06141710393
2024-06-30 14:00:00,18356.724569125363,18189.248486730176,16202.040172667945
2024-06-30 15:00:00,18202.09136100353,18055.824553024268,15981.414716412366
2024-06-30 16:00:00,18187.795812556295,17876.050635770072,15981.414716412366
2024-06-30 17:00:00,18202.09136100353,17876.050635770072,16045.199545888716
2024-06-30 18:00:00,18721.006882423844,18207.130411316954,16606.569091224974
2024-06-30 19:00:00,18721.006882423844,18227.278973749024,16639.042152563277
2024-06-30 20:00:00,18320.078659888615,18238.72299811213,16727.369326550986
2024-06-30 21:00:00,17923.5265517445,18370.204220336484,16771.0858874058
2024-06-30 22:00:00,17704.4507937523,18370.204220336484,16771.0858874058
2024-06-30 23:00:00,16978.56033379984,17244.081897066466,16515.76052576407
2024-07-01 00:00:00,16343.63632406763,16987.82546662331,15842.845500124211
2024-07-01 01:00:00,11571.820896157493,12988.390934098567,10784.958033609568
2024-07-01 02:00:00,11766.292595164387,13294.235103836996,11120.416629940159
2024-07-01 03:00:00,11839.501448173818,13918.177466094547,11120.416629940159
2024-07-01 04:00:00,12730.831873318413,14359.601725833088,11120.416629940159
2024-07-01 05:00:00,12730.831873318413,14359.601725833088,10824.702740154238
2024-07-01 06:00:00,12196.854337483584,13645.078397541842,10465.770708635875
2024-07-01 07:00:00,8934.895888450175,10953.331641513729,8200.645797730007
2024-07-01 08:00:00,7587.471380616005,7895.995435533492,6226.430489489639
2024-07-01 09:00:00,4897.287902138387,4475.480644863828,3229.3882457315694
2024-07-01 10:00:00,3705.7029530673412,3618.62998567424,2921.582393686346
2024-07-01 11:00:00,3342.913226008296,3152.3120891597746,2792.8737920022013
2024-07-01 12:00:00,3023.299855713593,3152.3120891597746,2792.8737920022013
2024-07-01 13:00:00,3023.299855713593,3081.236291529816,2491.5340460360762
2024-07-01 14:00:00,3175.3593715997195,3152.9540397071055,2486.1093674970193
2024-07-01 15:00:00,3207.836851716994,3081.236291529816,2486.1093674970193
2024-07-01 16:00:00,3207.836851716994,3015.1478948332224,2489.1961511302547
2024-07-01 17:00:00,3124.5892479651043,2974.3481914710565,2489.1961511302547
2024-07-01 18:00:00,3124.5892479651043,2850.1853658941727,2404.5960291155975
2024-07-01 19:00:00,3124.5892479651043,2850.1853658941727,2404.5960291155975
2024-07-01 20:00:00,3074.038711982433,3067.5112953600974,2477.4309109817173
2024-07-01 21:00:00,3074.038711982433,3135.2171988199966,2496.0305568347694
2024-07-01 22:00:00,3384.2935472604777,3538.139099875326,2779.047980716256
2024-07-01 23:00:00,3572.743918457624,3571.3896478455063,2779.047980716256
2024-07-02 00:00:00,3618.5838436548925,3631.2032319922637,2805.928695551369
2024-07-02 01:00:00,3128.1227136375346,2899.942745625877,2195.111498156023
2024-07-02 02:00:00,2996.811750089056,2842.317908218884,2128.9647939883334
2024-07-02 03:00:00,2996.811750089056,2957.5675830328696,2276.43332050827
2024-07-02 04:00:00,2996.811750089056,2970.271792448503,2269.6246794514122
2024-07-02 05:00:00,3067.961517130164,2970.271792448503,2301.473512400786
2024-07-02 06:00:00,3099.9591830392346,2891.0195621732296,2269.6246794514122
2024-07-02 07:00:00,3197.4405219151713,2891.0195621732296,2344.450764614116
2024-07-02 08:00:00,3215.271514294777,3192.8081947566766,2439.9754837372957
2024-07-02 09:00:00,3215.271514294777,3254.66933668042,2547.599980949804
2024-07-02 10:00:00,3864.132270315772,4589.193394525314,3691.469663344108
2024-07-02 11:00:00,5370.74279268952,5713.082974883512,4205.315329298797
2024-07-02 12:00:00,5404.0054040244895,6919.2942115180285,5540.51653187099
2024-07-02 13:00:00,5370.74279268952,5713.082974883512,4207.671381763745
2024-07-02 14:00:00,4839.824497369596,6533.403892194789,5038.423636525609
2024-07-02 15:00:00,4818.6399068765295,5252.338364497625,4207.671381763745
2024-07-02 16:00:00,4839.824497369596,6508.135385235752,4882.433648515776
2024-07-02 17:00:00,5467.799954006338,6508.135385235752,4882.433648515776
2024-07-02 18:00:00,6312.667581047553,7737.757223410585,5679.19059093362
2024-07-02 19:00:00,7851.936705746106,9805.290070247574,7920.697795832886
2024-07-02 20:00:00,10519.221544477445,11797.540641228998,9173.504087857862
2024-07-02 21:00:00,11622.896127757307,14522.352459869551,11185.824758680134
2024-07-02 22:00:00,11943.666481225066,15539.967422936203,13221.669766399125
2024-07-02 23:00:00,13262.76402881105,16182.681594259324,15074.600885205107
2024-07-03 00:00:00,13802.952358424178,16864.11152687781,15648.267153112425
2024-07-03 01:00:00,15032.845249773272,17767.275457816766,16204.675015324221
2024-07-03 02:00:00,15071.793104330147,17788.526063195495,16454.08953733608
2024-07-03 03:00:00,15071.793104330147,17788.526063195495,16454.08953733608
2024-07-03 04:00:00,15071.793104330147,17788.526063195495,16242.225532618579
2024-07-03 05:00:00,15210.242842038566,17790.432839214824,16242.225532618579
2024-07-03 06:00:00,15735.26961570905,17790.432839214824,16515.90805173055
2024-07-03 07:00:00,16760.272864043865,18156.698545758747,17088.95287994967
2024-07-03 08:00:00,17613.240742237504,18171.53185052704,17487.47967058521
2024-07-03 09:00:00,17613.240742237504,18317.142405986135,17773.291753933285
2024-07-03 10:00:00,16506.50812264573,18317.142405986135,17773.291753933285
2024-07-03 11:00:00,14834.20666319913,17162.794745630097,16486.249790831585
2024-07-03 12:00:00,14782.88942372768,16831.864064721973,16201.257204346974
2024-07-03 13:00:00,14782.88942372768,16504.32648905046,15441.54358050621
2024-07-03 14:00:00,14841.498116136581,16310.81864130063,15344.638538312274
2024-07-03 15:00:00,14972.047030144673,16310.81864130063,15344.638538312274
2024-07-03 16:00:00,15868.220549051533,16310.81864130063,16031.332396104184
2024-07-03 17:00:00,15868.220549051533,16485.823761334246,16031.332396104184
2024-07-03 18:00:00,15234.053300467422,16485.823761334246,16139.344399048347
2024-07-03 19:00:00,15234.053300467422,16486.61764903458,16139.344399048347
2024-07-03 20:00:00,16854.904080178363,17271.634792582397,17175.595432950555
2024-07-03 21:00:00,17046.923187216675,17271.634792582397,17529.60583162502
2024-07-03 22:00:00,17085.228962219866,17450.88114381463,17542.167828522804
2024-07-03 23:00:00,17085.228962219866,17195.341385295796,17542.167828522804
2024-07-04 00:00:00,16676.875059642032,17171.58333685586,17454.513934755218
2024-07-04 01:00:00,15529.649288483983,16303.592444453257,15816.727899938163
2024-07-04 02:00:00,15561.66829719827,16359.981789916637,15822.837121960212
2024-07-04 03:00:00,15893.427309377326,16797.266028269987,16757.632736024487
2024-07-04 04:00:00,15934.09086361033,17225.876659977424,17404.494709417697
2024-07-04 05:00:00,16716.261969673746,17710.762017894624,17808.85663369568
2024-07-04 06:00:00,16921.513259697742,17956.00914392505,17883.927099392506
2024-07-04 07:00:00,16716.261969673746,17710.762017894624,17808.85663369568
2024-07-04 08:00:00,15912.101345776824,16821.283067252807,16748.519091316735
2024-07-04 09:00:00,14993.578267573193,16112.056464940102,16139.430248932014
2024-07-04 10:00:00,14481.568621732678,15691.376292397263,15440.23054223302
2024-07-04 11:00:00,12959.538991788784,14924.087817251237,14456.916318988933
2024-07-04 12:00:00,11243.826696972636,13083.829936877966,12700.589141375292
2024-07-04 13:00:00,10221.412313591476,11735.843593584857,11093.454526938132
2024-07-04 14:00:00,10082.260083334924,11433.65102760715,11093.454526938132
2024-07-04 15:00:00,10060.5392605748,11319.059490891681,11087.320632611369
2024-07-04 16:00:00,10060.5392605748,11433.65102760715,11096.784110461955
2024-07-04 17:00:00,9988.8671877204,11963.078247020105,11764.829378654695
2024-07-04 18:00:00,9988.8671877204,11963.078247020105,11764.829378654695
2024-07-04 19:00:00,9761.402471451916,11963.078247020105,10769.860029800144
2024-07-04 20:00:00,9761.402471451916,12864.891328941801,10769.860029800144
2024-07-04 21:00:00,13751.736843851031,17623.463275146525,15527.17681560075
2024-07-04 22:00:00,14429.329290708552,18426.373181995605,16793.92823065573
2024-07-04 23:00:00,15053.805217870258,19027.35728333501,17618.703319058608
2024-07-05 00:00:00,15268.019950406228,19302.041126921526,17839.978580704395
2024-07-05 01:00:00,14893.516095149644,17991.837685355196,16191.47075244904
2024-07-05 02:00:00,15249.142051416036,18568.377993754817,16815.034538906497
2024-07-05 03:00:00,15739.449540530728,18568.377993754817,16815.034538906497
2024-07-05 04:00:00,15758.336146790642,18065.572968779266,16358.593033478572
2024-07-05 05:00:00,15739.449540530728,17904.939845690555,16224.991263591559
2024-07-05 06:00:00,15758.336146790642,17904.939845690555,15839.263175028935
2024-07-05 07:00:00,16837.735405570278,18105.454761247776,15839.263175028935
2024-07-05 08:00:00,17504.327012668098,18105.454761247776,16281.049605670496
2024-07-05 09:00:00,17504.327012668098,18104.372301208277,16452.629443472986
2024-07-05 10:00:00,17273.221908211304,17326.20332215087,16452.629443472986
2024-07-05 11:00:00,16800.29528625653,16656.66937753645,16008.262440718783
2024-07-05 12:00:00,15860.232227568555,16405.80670896444,15441.217062230853
2024-07-05 13:00:00,14243.905214495706,15559.985047016002,14961.979572283075
2024-07-05 14:00:00,13285.652990344079,14446.27430668253,14044.259107093403
2024-07-05 15:00:00,12884.157402806446,13811.688452097336,13893.538977054297
2024-07-05 16:00:00,12514.82839653145,13777.486677724932,13893.538977054297
2024-07-05 17:00:00,12511.81081907706,13777.486677724932,14275.968999852517
2024-07-05 18:00:00,12514.82839653145,14375.869514840675,14454.748193034373
2024-07-05 19:00:00,13068.89899051008,14602.771764439307,14731.160927653516
2024-07-05 20:00:00,14242.558860641657,15374.97277076795,14771.148485077094
2024-07-05 21:00:00,14525.146232683936,15502.810788049426,15283.771847018052
2024-07-05 22:00:00,15012.37209845037,15765.327696285234,15817.675484136242
2024-07-05 23:00:00,15012.37209845037,17143.892064135372,15817.675484136242
2024-07-06 00:00:00,14759.385703802142,17168.07942597504,15941.76537398769
2024-07-06 01:00:00,15414.376970505846,16251.9696508239,16472.460381720855
2024-07-06 02:00:00,15246.454831621533,16083.627868788879,16414.195788736513
2024-07-06 03:00:00,15235.155459393125,15996.912548792458,16328.104295614252
2024-07-06 04:00:00,14872.11906273124,15734.041234636717,15529.860251337159
2024-07-06 05:00:00,12042.398463911577,13979.679368929885,12427.756690849474
2024-07-06 06:00:00,12042.398463911577,13979.679368929885,12427.756690849474
2024-07-06 07:00:00,11428.355903975764,13471.453191076882,12070.963333470081
2024-07-06 08:00:00,11428.355903975764,13471.453191076882,12070.963333470081
2024-07-06 09:00:00,8501.363701171218,12283.121847837003,10163.028105385634
2024-07-06 10:00:00,8233.100808971209,11874.1500066966,10025.496744090007
2024-07-06 11:00:00,7158.565356858453,10831.824871900293,8672.610841494763
2024-07-06 12:00:00,7158.565356858453,10831.824871900293,8672.610841494763
2024-07-06 13:00:00,8219.872234593033,11491.616504227284,9655.19864328946
2024-07-06 14:00:00,9821.935228181672,13484.662806923854,11059.441237704796
2024-07-06 15:00:00,11096.634304460717,14557.324563782324,11784.15186044463
2024-07-06 16:00:00,12688.946204191943,16285.363740059407,14242.029264915487
2024-07-06 17:00:00,13962.987241946403,18020.527389642357,15904.493597227145
2024-07-06 18:00:00,14214.97175519538,18137.187441638598,15934.964624643446
2024-07-06 19:00:00,15139.492401466205,18420.970705677424,16945.764303845943
2024-07-06 20:00:00,15163.52171209698,18454.949169747455,16945.764303845943
2024-07-06 21:00:00,15341.065723148626,18454.949169747455,16945.764303845943
2024-07-06 22:00:00,15566.106792989327,18863.07097603705,17532.346631417433
2024-07-06 23:00:00,15696.313114250326,18863.36004072462,17532.346631417433
2024-07-07 00:00:00,15631.917720329515,18887.03540317272,17406.974494604226
2024-07-07 01:00:00,14858.450213386943,18174.609289851218,16580.968125817075
2024-07-07 02:00:00,14856.834522660236,18134.007054768583,16399.039674509957
2024-07-07 03:00:00,13939.21395196509,16940.591098661225,16244.723173016278
2024-07-07 04:00:00,13277.118116627424,16728.346007644242,15396.999615650007
2024-07-07 05:00:00,11226.823114832963,14582.269735009573,13496.388708982098
2024-07-07 06:00:00,10506.924983443254,13586.834617696548,12003.764365479135
2024-07-07 07:00:00,10506.924983443254,13586.834617696548,12002.438151553917
2024-07-07 08:00:00,11577.523120960637,14100.778927343737,12003.764365479135
2024-07-07 09:00:00,13621.92511428602,16912.342219869453,15230.02595416585
2024-07-07 10:00:00,15426.398340083135,17751.717583607144,16488.963442475364
2024-07-07 11:00:00,16480.569550217962,18174.47118562013,16706.341748478248
2024-07-07 12:00:00,16480.569550217962,18028.661168616785,16706.341748478248
2024-07-07 13:00:00,16399.996802080488,18028.661168616785,16296.412039091738
2024-07-07 14:00:00,15574.258274976251,17921.009356030143,16296.412039091738
2024-07-07 15:00:00,15574.258274976251,17921.009356030143,16283.980067154585
2024-07-07 16:00:00,15574.258274976251,18057.337199460497,16389.928281964727
2024-07-07 17:00:00,15021.565272736794,18057.337199460497,16727.450766319733
2024-07-07 18:00:00,14752.265411366727,18040.818154843415,16727.450766319733
2024-07-07 19:00:00,13967.35286265,15705.502570829072,15346.715531661195
2024-07-07 20:00:00,13570.650883569257,15705.502570829072,15346.715531661195
2024-07-07 21:00:00,13570.650883569257,16310.20318919296,15743.463059711034
2024-07-07 22:00:00,13570.650883569257,16310.20318919296,15743.463059711034
2024-07-07 23:00:00,12390.362180890534,15221.016856637574,14690.466245710186
2024-07-08 00:00:00,12083.976503056094,14883.366241969827,14003.629268710254
2024-07-08 01:00:00,9967.435525599223,13443.236445133767,11381.949409078834
2024-07-08 02:00:00,9686.896230226743,13227.39754656115,11098.878829811325
2024-07-08 03:00:00,8737.255370068831,11363.030147755922,9032.795521244338
2024-07-08 04:00:00,8737.255370068831,11363.030147755922,9032.795521244338
2024-07-08 05:00:00,9099.148048044852,11648.017408072552,9314.003941556755
2024-07-08 06:00:00,9099.148048044852,11648.017408072552,9314.003941556755
2024-07-08 07:00:00,7739.652526393137,10859.179352471116,8806.53043180527
2024-07-08 08:00:00,7739.652526393137,10859.179352471116,8806.53043180527
2024-07-08 09:00:00,8738.054763475066,12252.255256951203,9975.378020445842
2024-07-08 10:00:00,8857.752837964974,12894.969363572058,10247.755727793483
2024-07-08 11:00:00,11414.990257792326,14197.966201288928,12061.43886037361
2024-07-08 12:00:00,13465.003212867767,16028.6540942938,14295.683477410357
2024-07-08 13:00:00,15468.834015923941,17137.289415060754,15707.262207513108
2024-07-08 14:00:00,15468.834015923941,17137.289415060754,15707.262207513108
2024-07-08 15:00:00,14632.934824861848,16374.306308752095,14778.753763655594
2024-07-08 16:00:00,13247.368517835019,15969.272854200583,14433.878741517128
2024-07-08 17:00:00,13247.368517835019,15730.852320630094,13167.047684586676
2024-07-08 18:00:00,13746.141049626856,15220.06051612597,13167.047684586676
2024-07-08 19:00:00,14011.268992783254,15636.86934268853,13279.193990200749
2024-07-08 20:00:00,14011.268992783254,15220.06051612597,13629.692835179168
2024-07-08 21:00:00,13323.973135114653,15123.011894509382,13629.692835179168
2024-07-08 22:00:00,12920.002711335585,15106.575667080766,13561.127280312532
2024-07-08 23:00:00,12192.64310740956,14032.233207563559,12704.428362191327
2024-07-09 00:00:00,11086.81752740964,12986.582276924142,11534.53090063422
2024-07-09 01:00:00,8163.388764254361,11036.426594380026,8934.707261571104
2024-07-09 02:00:00,8346.951983695413,11059.321087596867,8835.776830446728
2024-07-09 03:00:00,8346.951983695413,11156.318440654979,8834.435193979347
2024-07-09 04:00:00,8161.951908927345,11156.318440654979,8818.646663371695
2024-07-09 05:00:00,8161.951908927345,11096.408736343774,8834.435193979347
2024-07-09 06:00:00,8303.197833406326,10862.088740109277,8473.277558955504
2024-07-09 07:00:00,8303.197833406326,10862.088740109277,8352.097357582543
2024-07-09 08:00:00,7672.652357107011,11193.112882960948,8302.264075017389
2024-07-09 09:00:00,7653.111803175578,11193.112882960948,8302.264075017389
2024-07-09 10:00:00,7377.480563382361,11124.600916352469,8302.264075017389
2024-07-09 11:00:00,7118.831056426643,10898.139467586152,7754.8703024749675
2024-07-09 12:00:00,7118.831056426643,10898.139467586152,7754.8703024749675
2024-07-09 13:00:00,8306.448461029877,11318.116029850295,9332.998537282136
2024-07-09 14:00:00,8306.448461029877,11318.116029850295,9332.998537282136
2024-07-09 15:00:00,8306.448461029877,11048.985408870572,9081.087675075623
2024-07-09 16:00:00,8547.962982616767,11048.985408870572,8356.485992678248
2024-07-09 17:00:00,8547.962982616767,11048.985408870572,8356.485992678248
2024-07-09 18:00:00,8582.399166337496,11292.01944549065,8356.485992678248
2024-07-09 19:00:00,8090.944130014055,11292.01944549065,8116.354257914519
2024-07-09 20:00:00,8632.75148908433,11318.927796281036,8544.565452903033
2024-07-09 21:00:00,9739.614265352344,12347.558950094139,9429.702754408088
2024-07-09 22:00:00,9739.614265352344,12347.558950094139,9603.814345203424
2024-07-09 23:00:00,9190.091838821569,11987.773801577856,9603.814345203424
2024-07-10 00:00:00,7779.219833405185,10529.593038250296,7968.2753934541215
2024-07-10 01:00:00,6796.389856879296,7659.837852091574,6073.062603254993
2024-07-10 02:00:00,6485.022845020634,7440.4840879279855,5971.445627794077
2024-07-10 03:00:00,4942.663733513957,5549.137243661239,4634.234639314649
2024-07-10 04:00:00,4801.14048127337,5496.470162391475,4634.234639314649
2024-07-10 05:00:00,4704.03358834866,5496.470162391475,4634.234639314649
2024-07-10 06:00:00,4469.4074559442915,4612.162154506403,3840.6425528289096
2024-07-10 07:00:00,3509.1015949720413,4089.6961031778183,3639.091693753041
2024-07-10 08:00:00,3206.905656567479,3744.9870985696516,3297.206112093646
2024-07-10 09:00:00,3183.6027022816843,3744.9870985696516,3136.7348385901446
2024-07-10 10:00:00,3128.8194202985023,3794.700396293077,2879.671399215095
2024-07-10 11:00:00,2891.5233586152294,3794.700396293077,2727.023875662315
2024-07-10 12:00:00,3082.232148743207,3060.2294098025877,2514.898242988492
2024-07-10 13:00:00,2982.9219482951203,2983.735915859938,2509.7781870654935
2024-07-10 14:00:00,3040.860265587736,2899.6034303274523,2514.898242988492
2024-07-10 15:00:00,3040.860265587736,2899.6034303274523,2509.7781870654935
2024-07-10 16:00:00,3119.879309022734,2943.5850527968623,2590.2265571212197
2024-07-10 17:00:00,3119.879309022734,3061.3561599541563,2583.383723360231
2024-07-10 18:00:00,2960.9561952491126,3129.6029879910443,2583.383723360231
2024-07-10 19:00:00,2960.9561952491126,3129.6029879910443,2583.383723360231
2024-07-10 20:00:00,3012.339051453534,3320.9937618345966,2793.855184316193
2024-07-10 21:00:00,3239.7754062931554,3468.315282742039,2920.6620222068086
2024-07-10 22:00:00,3940.181188652051,4281.327732420666,3465.410906994701
2024-07-10 23:00:00,3940.181188652051,4281.327732420666,3465.410906994701
2024-07-11 00:00:00,3673.3384944482823,3753.253738171824,3061.169873513607
2024-07-11 01:00:00,3914.016086613492,4391.655420337624,3415.3631780848277
2024-07-11 02:00:00,3873.822467277993,4387.917330588281,3398.058656838366
2024-07-11 03:00:00,3646.560726123509,4312.0360823370975,3258.804504569388
2024-07-11 04:00:00,3631.262899878066,4297.9582309841835,3250.022225159413
2024-07-11 05:00:00,3439.93509452952,3652.756490375951,2887.3536324087167
2024-07-11 06:00:00,3404.954811905095,3490.516667072205,2807.635135088724
2024-07-11 07:00:00,3027.3150813097004,3490.516667072205,2807.635135088724
2024-07-11 08:00:00,3027.3150813097004,3462.5556283860833,2705.007956497367
2024-07-11 09:00:00,2987.2428359692444,3276.3138300470005,2612.619532133705
2024-07-11 10:00:00,2987.2428359692444,3111.2725013416994,2546.550526664382
2024-07-11 11:00:00,2841.7333977781273,2910.9967196233824,2484.366829381688
2024-07-11 12:00:00,2825.1574826509177,2907.16279256631,2454.32917905657
2024-07-11 13:00:00,2841.7333977781273,2768.999708325786,2433.0722817825235
2024-07-11 14:00:00,2825.1574826509177,2768.999708325786,2427.6278992858493
2024-07-11 15:00:00,2784.11092129551,2952.7338851080685,2416.6485093365227
2024-07-11 16:00:00,2784.11092129551,3025.980742236478,2427.6278992858493
2024-07-11 17:00:00,3130.116323439614,3197.120076540824,2363.217875386982
2024-07-11 18:00:00,3136.1947474891413,3242.8694505168996,2449.98042903708
2024-07-11 19:00:00,3229.7511665699176,3694.19325299201,2792.529593299844
2024-07-11 20:00:00,3229.7511665699176,3825.1357879415255,2878.518801346969
2024-07-11 21:00:00,3792.0934836803744,4598.250736767347,3012.6832569310163
2024-07-11 22:00:00,5186.880488814169,5178.551126497607,4592.541384956897
2024-07-11 23:00:00,5186.880488814169,5178.551126497607,4592.541384956897
2024-07-12 00:00:00,4666.940139187754,4660.4418627789955,4154.733625488247
2024-07-12 01:00:00,4017.7969169778758,4842.752683781133,3779.756323754519
2024-07-12 02:00:00,3841.794154840226,4557.921403404973,3691.486937452177
2024-07-12 03:00:00,3678.476901764568,4373.270208385975,3662.277265095144
2024-07-12 04:00:00,3351.9069747558474,4178.787519489068,3548.385991579711
2024-07-12 05:00:00,3312.534714475737,4158.885731525491,3126.1214759594454
2024-07-12 06:00:00,3100.95486700551,4124.490362298343,2935.241717809803
2024-07-12 07:00:00,2935.3964136621735,3820.7610625657026,2733.3067247426548
2024-07-12 08:00:00,2735.750337536785,3170.4759277255976,2693.5781079220096
2024-07-12 09:00:00,2643.7344117083476,3052.3247918562374,2493.8333086599923
2024-07-12 10:00:00,2735.750337536785,2771.410460185486,2342.855678492214
2024-07-12 11:00:00,2667.134407655047,2631.9958566508876,2304.091305171373
2024-07-12 12:00:00,2706.9603839679685,2629.0059454286225,2342.855678492214
2024-07-12 13:00:00,2706.9603839679685,2631.9958566508876,2290.1168770751196
2024-07-12 14:00:00,2706.9603839679685,2666.536176809789,2290.1168770751196
2024-07-12 15:00:00,2675.8397492115478,2676.8854061507773,2290.1168770751196
2024-07-12 16:00:00,2675.8397492115478,2697.1706897516024,2312.9477809807418
2024-07-12 17:00:00,2980.5188635515688,2753.9684248525496,2423.19810563207
2024-07-12 18:00:00,2980.5188635515688,2910.3962590424567,2423.19810563207
2024-07-12 19:00:00,2980.5188635515688,3044.8515412589245,2423.19810563207
2024-07-12 20:00:00,3159.5234354242225,3064.555539647501,2458.3924732567566
2024-07-12 21:00:00,3234.810065425238,3177.630992135603,2537.9573576767148
2024-07-12 22:00:00,3555.837427710242,3503.270341203911,2697.233214711824
2024-07-12 23:00:00,3573.4480170577745,3504.0836619071697,2718.640344943703
2024-07-13 00:00:00,3588.1155787641674,3571.127137995377,2727.1212553264277
2024-07-13 01:00:00,3205.3785808031744,3522.30824120691,2681.923369304367
2024-07-13 02:00:00,3037.1107261761204,3659.607313146199,2664.9760366676414
2024-07-13 03:00:00,3030.298004715824,3385.0091692676215,2479.3494305820286
2024-07-13 04:00:00,3037.1107261761204,3328.1461538249278,2479.3494305820286
2024-07-13 05:00:00,2913.77023075307,3067.268147488503,2583.121965806797
2024-07-13 06:00:00,2928.3326710861684,3297.0638842284693,2675.1915855759307
2024-07-13 07:00:00,2928.3326710861684,3067.268147488503,2589.5299618867652
2024-07-13 08:00:00,2972.095892508664,3013.9572333823926,2589.5299618867652
2024-07-13 09:00:00,2979.617919275686,3013.9572333823926,2589.5299618867652
2024-07-13 10:00:00,2972.095892508664,2861.4268742927807,2559.489086219034
2024-07-13 11:00:00,2937.6125233675693,2796.258536754624,2532.8517335913625
2024-07-13 12:00:00,2863.5328458566673,2796.258536754624,2532.8517335913625
2024-07-13 13:00:00,2863.5328458566673,2927.712876630286,2577.525450838136
2024-07-13 14:00:00,3046.3126198227724,2927.712876630286,2766.2644381356395
2024-07-13 15:00:00,3046.3126198227724,2907.3764010753916,2766.2644381356395
2024-07-13 16:00:00,2724.282236346956,2666.5315491504616,2479.4676531743717
2024-07-13 17:00:00,2724.282236346956,2666.5315491504616,2399.3919394381037
2024-07-13 18:00:00,2792.382541086354,2924.3042065001164,2399.3919394381037
2024-07-13 19:00:00,2914.942646451805,2951.1249719828666,2400.602084434349
2024-07-13 20:00:00,3035.0566824582206,3074.7156884946075,2526.0869654448848
2024-07-13 21:00:00,3290.853186723152,3120.940804470846,2555.906416285552
2024-07-13 22:00:00,3338.1535202134,3594.2329114726135,2766.772961931364
2024-07-13 23:00:00,3338.1535202134,3594.2329114726135,2766.772961931364
2024-07-14 00:00:00,3234.0664196213024,3567.586562747676,2607.949176813483
2024-07-14 01:00:00,2822.2202816423014,2865.8282761096625,2184.873080500597
2024-07-14 02:00:00,2838.8144103017075,2803.0114470738395,2219.4816903877354
2024-07-14 03:00:00,2838.8144103017075,2853.6720832246547,2219.4816903877354
2024-07-14 04:00:00,2913.9396010402124,2853.6720832246547,2219.4816903877354
2024-07-14 05:00:00,3109.1819036957354,3300.086749402342,2492.5264914058357
2024-07-14 06:00:00,3109.1819036957354,3327.0813398805744,2706.809611884092
2024-07-14 07:00:00,3091.2453901893127,3582.504249842016,2714.8614525211283
2024-07-14 08:00:00,3080.051654859525,3595.6732543975,2714.8614525211283
2024-07-14 09:00:00,3059.2881767853814,3582.504249842016,2714.8614525211283
2024-07-14 10:00:00,2703.9591009645646,3320.7513498218054,2717.0296400177126
2024-07-14 11:00:00,2703.9591009645646,3174.638052901845,2837.677729698135
2024-07-14 12:00:00,2913.5677647707503,3171.9850798792227,2901.694178317131
2024-07-14 13:00:00,2913.5677647707503,3120.941308823616,2901.694178317131
2024-07-14 14:00:00,2715.1713863211,3000.28149312563,2853.8722885289103
2024-07-14 15:00:00,2661.821867240376,2900.8059526448196,2793.3312301929595
2024-07-14 16:00:00,2712.8501961031257,2839.801969705763,2641.510842652361
2024-07-14 17:00:00,2712.8501961031257,2839.801969705763,2641.510842652361
2024-07-14 18:00:00,3074.6745961505485,3015.5440109188216,2735.119482328709
2024-07-14 19:00:00,3232.3093514213106,3017.5200881448473,2735.119482328709
2024-07-14 20:00:00,3243.092998719977,3052.991530466877,2735.119482328709
2024-07-14 21:00:00,3285.887750810838,3209.5627702038664,2842.400667576635
2024-07-14 22:00:00,3543.753899533948,3381.8699402275925,2979.035491515827
2024-07-14 23:00:00,3543.753899533948,3458.8182836761744,2979.035491515827
2024-07-15 00:00:00,3534.7689625547487,3524.3523499197245,3039.9812984898317
2024-07-15 01:00:00,3065.143232187902,2955.9255086911326,2852.5557336423435
2024-07-15 02:00:00,3078.355086138881,3015.824108323198,2927.442939257965
2024-07-15 03:00:00,3051.9313782369236,3179.9959700531917,2927.442939257965
2024-07-15 04:00:00,3040.29310292559,3265.726926415641,2858.248149459181
2024-07-15 05:00:00,3015.311583124043,3265.726926415641,2844.5712184238973
2024-07-15 06:00:00,2973.0542288151637,3215.519503731598,2858.248149459181
2024-07-15 07:00:00,2973.0542288151637,3215.519503731598,2899.494307054195
2024-07-15 08:00:00,2973.0542288151637,3111.909926815474,2899.494307054195
2024-07-15 09:00:00,2807.6866305671656,3041.97433344944,2882.798211872251
2024-07-15 10:00:00,2798.2078234847877,3039.8425075010673,2878.6289238735994
2024-07-15 11:00:00,2683.4822385905877,3041.97433344944,2878.6289238735994
2024-07-15 12:00:00,2683.4822385905877,2965.6702025148734,2910.639625314764
2024-07-15 13:00:00,2683.4822385905877,2965.6702025148734,2910.639625314764
2024-07-15 14:00:00,2631.0501355066854,2708.755706460822,2660.9925532475204
2024-07-15 15:00:00,2600.27891881732,2512.142824541175,2481.6841137146744
2024-07-15 16:00:00,2555.7742086811504,2470.0658618239295,2461.0324344846185
2024-07-15 17:00:00,2555.7742086811504,2452.3996455992383,2421.0040766800203
2024-07-15 18:00:00,2761.039267387636,2452.3996455992383,2411.181484298007
2024-07-15 19:00:00,2859.4555699277853,2705.3623831759373,2421.0040766800203
2024-07-15 20:00:00,2970.5450527369244,2945.3036089803354,2447.428937600215
2024-07-15 21:00:00,3118.048780399782,2992.543529146799,2590.5862417620115
2024-07-15 22:00:00,3091.244142185481,3351.2054983722783,2537.2611122566373
2024-07-15 23:00:00,3091.244142185481,3351.2054983722783,2537.2611122566373
2024-07-16 00:00:00,3019.8277983855896,3282.3250740109493,2395.272558801169
2024-07-16 01:00:00,2792.3953766077257,2541.4522259276137,2184.6792955711257
2024-07-16 02:00:00,2829.3446764617593,2547.478097763337,2194.1686432084657
2024-07-16 03:00:00,2857.889295495946,2708.3562265403707,2208.208053949009
2024-07-16 04:00:00,3057.55981000509,2909.4292256138606,2358.8737121850336
2024-07-16 05:00:00,3057.55981000509,3067.478647752678,2358.8737121850336
2024-07-16 06:00:00,3006.338079968763,3145.945394942358,2366.848303174518
2024-07-16 07:00:00,2933.8246750261906,3145.945394942358,2511.2683452202045
2024-07-16 08:00:00,3006.338079968763,3083.899356008703,2531.1466322623637
2024-07-16 09:00:00,2957.2548766312475,2964.1758312525153,2712.3962977181122
2024-07-16 10:00:00,2957.2548766312475,2896.411058589835,2712.3962977181122
2024-07-16 11:00:00,2725.415369838718,2875.897288112523,2657.336790044402
2024-07-16 12:00:00,2676.095769303635,2839.230356707555,2482.399048270137
2024-07-16 13:00:00,2579.411229128963,2839.230356707555,2432.5556670447836
2024-07-16 14:00:00,2579.411229128963,3065.465693185161,2425.966661302141
2024-07-16 15:00:00,2848.215106973467,3323.216781418886,2425.966661302141
2024-07-16 16:00:00,4552.966475567342,5612.811364242798,3926.3083221410247
2024-07-16 17:00:00,5207.255975227503,7025.371873513781,4817.215479773391
2024-07-16 18:00:00,5889.481625664868,9292.713134960359,6333.120338459412
2024-07-16 19:00:00,7633.091254965955,9919.737566997368,7010.218322837968
2024-07-16 20:00:00,7754.337837645575,11698.854123422683,8650.63363531339
2024-07-16 21:00:00,9717.495336126265,13240.436020340425,11178.726135054243
2024-07-16 22:00:00,9756.776404344022,14111.805209226577,11523.950813265243
2024-07-16 23:00:00,10256.434745685538,14111.805209226577,11523.950813265243
2024-07-17 00:00:00,10107.411593590876,14005.84206229095,11293.955285806802
2024-07-17 01:00:00,11229.586127266131,14964.241378378312,12504.057996419146
2024-07-17 02:00:00,11832.78149043694,15113.043516440459,12667.885244882098
2024-07-17 03:00:00,13203.233623120472,16105.76139984993,13904.531575723295
2024-07-17 04:00:00,14169.237399151916,16200.466699589917,14464.1620265876
2024-07-17 05:00:00,14169.237399151916,16200.466699589917,14464.1620265876
2024-07-17 06:00:00,14169.237399151916,15920.724557427462,14476.150699263579
2024-07-17 07:00:00,13524.99223258308,15920.724557427462,14476.150699263579
2024-07-17 08:00:00,14389.903255017009,16207.712323327281,14713.580354812453
2024-07-17 09:00:00,15217.231099887256,17669.480730504918,15668.71538200096
2024-07-17 10:00:00,15217.231099887256,17694.034412571513,15956.743194504093
2024-07-17 11:00:00,15086.715784414166,17809.24677186835,16045.118235666558
2024-07-17 12:00:00,15086.715784414166,18014.866542080563,16769.052145395428
2024-07-17 13:00:00,15011.407307253749,17809.24677186835,16699.03545324823
2024-07-17 14:00:00,15217.189079386673,18116.943399919255,16699.03545324823
2024-07-17 15:00:00,15217.189079386673,18090.467625415902,16699.03545324823
2024-07-17 16:00:00,15217.189079386673,18090.467625415902,16685.964597434206
2024-07-17 17:00:00,13566.016531864985,17004.54912463363,15763.42276332732
2024-07-17 18:00:00,13382.089894215937,16277.224837010732,15203.684217725211
2024-07-17 19:00:00,12990.243209846256,15512.663167503017,14876.847972940028
2024-07-17 20:00:00,12088.616881659824,15512.663167503017,14876.847972940028
2024-07-17 21:00:00,11834.997796462998,15323.298342597252,14317.610089195072
2024-07-17 22:00:00,11677.606926753891,14605.452340424701,14304.961923793171
2024-07-17 23:00:00,10170.116099004292,14588.036394151128,12366.717222347226
2024-07-18 00:00:00,10116.562792307885,14233.679837001844,12056.273796951493
2024-07-18 01:00:00,11015.746535811108,13808.931917302989,12202.038396422446
2024-07-18 02:00:00,11406.782724184066,13913.712139676398,12204.555956645738
2024-07-18 03:00:00,11788.440185199152,15010.004023924936,12831.686272785866
2024-07-18 04:00:00,13249.44346819873,16973.662608170416,15029.949147150517
2024-07-18 05:00:00,13422.31382417185,17482.48676574445,15355.11177026982
2024-07-18 06:00:00,14174.82416307629,17740.833612783426,16021.762664158607
2024-07-18 07:00:00,15009.723319028733,18071.489181936915,16601.339860283268
2024-07-18 08:00:00,15611.432388745137,18544.49038839387,17261.27695270392
2024-07-18 09:00:00,16177.700421710626,18544.49038839387,17261.27695270392
2024-07-18 10:00:00,16177.700421710626,18487.380658271686,17167.942619113506
2024-07-18 11:00:00,15702.785288716279,18482.856967164145,16960.075519775444
2024-07-18 12:00:00,14819.177056250735,18036.8861718239,16415.50247093786
2024-07-18 13:00:00,14133.730010794967,17959.44336751086,16350.428455311554
2024-07-18 14:00:00,13399.84489995215,17522.093786183374,16176.433088845111
2024-07-18 15:00:00,12793.396738690324,16063.510949069223,14073.28544191129
2024-07-18 16:00:00,12793.396738690324,15949.27348968136,14073.28544191129
2024-07-18 17:00:00,13896.572062253123,16063.510949069223,14347.40726331309
2024-07-18 18:00:00,14432.019946854425,16126.029409139974,14753.906895564176
2024-07-18 19:00:00,14655.060202454351,16154.095157068772,14854.86552753215
2024-07-18 20:00:00,15487.774242517049,16720.1836453584,15953.497932889193
2024-07-18 21:00:00,15487.774242517049,16724.91464009582,16232.699468314739
2024-07-18 22:00:00,15492.631881457666,17610.948651088976,16687.773023950653
2024-07-18 23:00:00,15866.203527753887,18136.643251816102,17215.744094396745
2024-07-19 00:00:00,16310.67741794313,18235.011895083735,17247.904835228408
2024-07-19 01:00:00,14034.23776640402,17118.877401133435,16741.01905276708
2024-07-19 02:00:00,14171.10239509235,17130.311590097976,16660.61719547089
2024-07-19 03:00:00,14155.568712970027,17130.311590097976,16440.78117769917
2024-07-19 04:00:00,14155.568712970027,16806.939229050062,16396.676949006018
2024-07-19 05:00:00,14155.568712970027,16806.939229050062,16225.372929801344
2024-07-19 06:00:00,13608.618917407144,16806.939229050062,15834.435091039331
2024-07-19 07:00:00,12618.595063340981,14748.304359947933,13945.897564291497
2024-07-19 08:00:00,11446.692834394738,13023.727383689424,11260.295401616071
2024-07-19 09:00:00,11166.319287947572,12708.439483404198,11187.101400359305
2024-07-19 10:00:00,9869.55012881718,9765.676029409438,8822.347416046307
2024-07-19 11:00:00,8178.506870686307,8242.573617802522,6425.581120084565
2024-07-19 12:00:00,7790.9255860414505,7280.034692798001,6232.1220041356755
2024-07-19 13:00:00,7476.935638984185,6926.044203629754,6232.1220041356755
2024-07-19 14:00:00,7330.79569149912,6926.044203629754,6556.224266739939
2024-07-19 15:00:00,7285.142195165461,7305.7866436726545,6556.224266739939
2024-07-19 16:00:00,7285.142195165461,7483.463572776413,6495.80450211001
2024-07-19 17:00:00,7634.118477201688,8387.36305412487,6495.80450211001
2024-07-19 18:00:00,7938.776944646158,8957.513217008476,7251.933171922448
2024-07-19 19:00:00,8931.54587347981,9643.279418232698,7884.140674608357
2024-07-19 20:00:00,9207.083998804466,11082.69269298755,8957.603751043604
2024-07-19 21:00:00,10175.711000718782,12119.937673672854,10145.449946484403
2024-07-19 22:00:00,11113.117514434061,12756.075338518905,10773.082102839327
2024-07-19 23:00:00,11735.637721837096,14071.490790026317,11993.745305116927
2024-07-20 00:00:00,11888.912850548531,14455.497953638569,12289.699819468806
2024-07-20 01:00:00,13379.314602303351,16393.024992431172,15216.870081501063
2024-07-20 02:00:00,13836.411311840227,16509.07955484768,15164.871675843295
2024-07-20 03:00:00,13836.411311840227,16509.07955484768,15164.871675843295
2024-07-20 04:00:00,13694.395967814862,15947.975105472511,13841.102531614311
2024-07-20 05:00:00,13335.144630378933,15280.00812335343,12659.414546066491
2024-07-20 06:00:00,12086.789097868223,12973.546914701401,11231.028907644664
2024-07-20 07:00:00,9733.559387854104,10713.823163616225,8646.161005514183
2024-07-20 08:00:00,9367.460824780752,10713.823163616225,8646.161005514183
2024-07-20 09:00:00,8179.008715009275,10545.0762516517,9180.96766645684
2024-07-20 10:00:00,8179.008715009275,11073.92557960735,9446.986968951654
2024-07-20 11:00:00,8272.00807670764,11575.010721699076,9993.079134289212
2024-07-20 12:00:00,8272.00807670764,11629.554217878953,9993.079134289212
2024-07-20 13:00:00,8422.715293685225,12251.420283369216,10589.337368603909
2024-07-20 14:00:00,8613.989232252654,12589.014132050144,10781.905880451597
2024-07-20 15:00:00,8613.989232252654,12589.014132050144,10781.905880451597
2024-07-20 16:00:00,8328.306512002342,11389.998000896889,9991.282858392628
2024-07-20 17:00:00,7919.6036791813,11267.481282324248,9952.617995451621
2024-07-20 18:00:00,7726.163614268777,11090.84820528256,9952.617995451621
2024-07-20 19:00:00,7726.163614268777,11090.84820528256,9850.998534565058
2024-07-20 20:00:00,9003.57037586431,12104.457127726893,9850.998534565058
2024-07-20 21:00:00,10734.040274309,15402.47610528283,12504.141507733182
2024-07-20 22:00:00,12218.20703383109,17026.145280400215,14597.617727036059
2024-07-20 23:00:00,13891.967974802235,18007.644984613253,16010.91630002104
2024-07-21 00:00:00,14153.652528311703,18308.153643740887,16480.841931811836
2024-07-21 01:00:00,16276.104306586134,18562.67403650802,17458.76426414615
2024-07-21 02:00:00,16170.772678040003,18624.527898352968,17331.63507213926
2024-07-21 03:00:00,15111.978487347986,18497.437359340038,17272.749904232838
2024-07-21 04:00:00,15111.978487347986,18483.922716807156,16985.037997493073
2024-07-21 05:00:00,15507.88946809818,18325.516644592248,16849.21098062404
2024-07-21 06:00:00,15691.10958005939,17760.134329875975,16676.867031062822
2024-07-21 07:00:00,15535.706228326282,17675.033275934715,16336.744434421216
2024-07-21 08:00:00,15535.706228326282,17631.795550391773,15961.174635242982
2024-07-21 09:00:00,15535.706228326282,17616.766939940797,15830.926871809066
2024-07-21 10:00:00,15671.719787073069,17631.795550391773,15830.926871809066
2024-07-21 11:00:00,15922.679467393784,17791.075588235093,15892.252495949844
2024-07-21 12:00:00,15971.035096478721,17837.654666192735,15995.05951231026
2024-07-21 13:00:00,15971.035096478721,17837.654666192735,15995.05951231026
2024-07-21 14:00:00,16068.237052535062,17411.70132268166,15995.05951231026
2024-07-21 15:00:00,16392.600552950484,17411.70132268166,16138.431810126242
2024-07-21 16:00:00,16392.600552950484,17411.70132268166,16138.431810126242
2024-07-21 17:00:00,16116.086350137251,17772.19796832735,16138.431810126242
2024-07-21 18:00:00,15371.593182591174,17760.189908352047,16340.776873186773
2024-07-21 19:00:00,15360.670457708218,17772.19796832735,16503.707818042145
2024-07-21 20:00:00,15242.467255247244,17760.189908352047,16718.119088737953
2024-07-21 21:00:00,15242.467255247244,17575.02650267352,17162.8299646451
2024-07-21 22:00:00,15198.415181913273,16764.42852132833,17162.8299646451
2024-07-21 23:00:00,15184.155867429366,16553.919443391118,17066.46856017336
2024-07-22 00:00:00,14764.530115980997,16192.386757697646,16533.430142003424
2024-07-22 01:00:00,14458.343285869127,17887.762864842054,17277.020039263214
2024-07-22 02:00:00,14237.567098303864,17793.91455891738,17457.83212424292
2024-07-22 03:00:00,14237.567098303864,17793.91455891738,17556.238172926045
2024-07-22 04:00:00,14427.80311150779,18102.486891566306,17605.662063786403
2024-07-22 05:00:00,14427.80311150779,18102.486891566306,17605.662063786403
2024-07-22 06:00:00,13889.46040479573,18018.63528161696,16753.516318802573
2024-07-22 07:00:00,13522.510868280184,17934.41174047226,16646.297306998964
2024-07-22 08:00:00,13246.160815271014,17525.519158629308,16538.996006155223
2024-07-22 09:00:00,12517.194284137417,15894.938048895163,16004.712797366077
2024-07-22 10:00:00,12236.025124673934,15316.173703388558,15124.643224623636
2024-07-22 11:00:00,12211.304463556964,15098.845653951343,14978.358930347715
2024-07-22 12:00:00,12139.738003489962,15065.575957982766,14957.687364683215
2024-07-22 13:00:00,11484.239346821249,14651.571929022277,14346.858594276544
2024-07-22 14:00:00,10981.44625346157,14426.642674689589,13326.33393959227
2024-07-22 15:00:00,9575.787775546714,13810.345009994038,12430.560209590269
2024-07-22 16:00:00,8852.222042371735,12468.16300819473,11182.446361631406
2024-07-22 17:00:00,8428.278663844312,11364.37266172893,10383.831276049094
2024-07-22 18:00:00,8401.437720401856,11014.416311307818,10111.578487076966
2024-07-22 19:00:00,8401.437720401856,11364.37266172893,10383.831276049094
2024-07-22 20:00:00,8820.769752552967,12200.267755789799,10416.828019552957
2024-07-22 21:00:00,9761.800133840847,13700.570739825309,10892.452934844654
2024-07-22 22:00:00,10316.538977817074,14723.007591084777,12647.911418452637
2024-07-22 23:00:00,10892.769357584993,14779.082585343207,12888.299262994133
2024-07-23 00:00:00,11340.605968907197,15530.99900128031,13927.135204520706
2024-07-23 01:00:00,14655.776653364825,19272.567456082557,17697.678245278403
2024-07-23 02:00:00,14689.159958584738,19194.878105464442,17628.062393693348
2024-07-23 03:00:00,15308.705578920451,19173.863317908814,17767.294096863458
2024-07-23 04:00:00,16802.911709449632,18870.53351881281,17646.17248226355
2024-07-23 05:00:00,16828.440990267314,19173.863317908814,17822.444643956744
2024-07-23 06:00:00,16828.440990267314,18842.184664318454,17646.17248226355
2024-07-23 07:00:00,15604.21299526974,18689.1454920772,17555.991492290686
2024-07-23 08:00:00,15424.252621576772,18689.1454920772,17464.477721711766
2024-07-23 09:00:00,15035.362124237517,18689.1454920772,17120.309918351202
2024-07-23 10:00:00,15035.362124237517,18448.335695481324,16827.558920136275
2024-07-23 11:00:00,15635.687374025107,18448.335695481324,16827.558920136275
2024-07-23 12:00:00,15635.687374025107,18448.335695481324,16996.80943176616
2024-07-23 13:00:00,15266.41186717574,18539.081092678312,17079.838647680484
2024-07-23 14:00:00,14886.421287170404,18489.520467749022,17174.69210546617
2024-07-23 15:00:00,14447.278979952918,18489.520467749022,17174.69210546617
2024-07-23 16:00:00,14447.278979952918,17656.493209345233,16380.54167402504
2024-07-23 17:00:00,14733.985847738415,17656.493209345233,16380.54167402504
2024-07-23 18:00:00,14795.866199701715,18251.49805846928,17361.783945602423
2024-07-23 19:00:00,14795.866199701715,18429.59877815125,17414.557770793494
2024-07-23 20:00:00,14853.263355318553,18429.59877815125,17414.557770793494
2024-07-23 21:00:00,14853.263355318553,18498.98340977219,17216.243659844575
2024-07-23 22:00:00,13812.982783459855,18397.42997356828,17122.00308453905
2024-07-23 23:00:00,13812.982783459855,17461.04834406323,16999.584074553426
2024-07-24 00:00:00,13545.534534507691,17317.847910931494,16591.78043318933
2024-07-24 01:00:00,12666.403952581339,15461.866133660822,14336.49055634954
2024-07-24 02:00:00,12141.610919444714,14238.423249793395,12867.979107789399
2024-07-24 03:00:00,12141.610919444714,14238.423249793395,12867.979107789399
2024-07-24 04:00:00,12141.610919444714,14084.222856632387,12867.979107789399
2024-07-24 05:00:00,11753.809134174122,14084.222856632387,12472.661014782483
2024-07-24 06:00:00,11753.809134174122,13888.108307400882,11342.268287945099
2024-07-24 07:00:00,11753.809134174122,13888.108307400882,11101.647641669852
2024-07-24 08:00:00,12172.743966716198,14363.51423083842,11101.647641669852
2024-07-24 09:00:00,10710.325102884322,14753.954535063953,11630.905028517474
2024-07-24 10:00:00,10710.325102884322,14753.954535063953,11630.905028517474
2024-07-24 11:00:00,8635.753288068296,11661.290179088926,9985.699960212898
2024-07-24 12:00:00,8635.753288068296,11661.290179088926,9985.699960212898
2024-07-24 13:00:00,8766.159780120588,11661.290179088926,9985.699960212898
2024-07-24 14:00:00,8854.540000032512,11397.589568208408,10151.411433860641
2024-07-24 15:00:00,8766.159780120588,11397.589568208408,9729.977537910128
2024-07-24 16:00:00,8125.837228003275,11397.589568208408,9729.977537910128
2024-07-24 17:00:00,7731.3740027737995,11027.54144242316,9225.641538992571
2024-07-24 18:00:00,7731.3740027737995,10782.052939204159,8252.960187656761
2024-07-24 19:00:00,7980.196529448464,10782.052939204159,8252.960187656761
2024-07-24 20:00:00,10119.720362025702,12636.148132026028,10185.596252937712
2024-07-24 21:00:00,11261.615442546528,14317.376821665477,11636.50940440705
2024-07-24 22:00:00,12613.137796998057,15074.388742390362,12676.944732022768
2024-07-24 23:00:00,12722.356677823856,15286.184352160582,13165.725089853333
2024-07-25 00:00:00,13003.969874621751,15405.086848978597,13166.357103600541
2024-07-25 01:00:00,13501.009970728479,17076.80802884586,15896.9039507881
2024-07-25 02:00:00,13293.931374645548,16870.23686704418,15558.52034885189
2024-07-25 03:00:00,13153.505168620428,16428.67835852717,14780.350612917679
2024-07-25 04:00:00,12261.597734929459,14941.828973535356,12679.59905698156
2024-07-25 05:00:00,11849.137368657046,14512.941525517943,11943.829725050991
2024-07-25 06:00:00,11446.30063419417,13887.960678181578,10771.370188884302
2024-07-25 07:00:00,10370.657997386379,12341.98852163365,8769.792964416822
2024-07-25 08:00:00,8876.852171193119,10876.408562562585,7783.289379761035
2024-07-25 09:00:00,6655.025230278418,8379.09909210871,5760.082991967574
2024-07-25 10:00:00,4996.48567209455,5126.685848778108,3301.1490774071235
2024-07-25 11:00:00,4294.273998805368,4582.622778185107,3177.510979302062
2024-07-25 12:00:00,3421.9337851628197,3957.4182102941168,3024.450323188463
2024-07-25 13:00:00,3094.092049335984,3799.3760378734733,3177.510979302062
2024-07-25 14:00:00,2610.7169380536666,3672.485390024195,2788.494024673889
2024-07-25 15:00:00,2872.5949307762644,3672.485390024195,2654.1963065660107
2024-07-25 16:00:00,2827.763672583469,3207.6589798642735,2474.5173338999675
2024-07-25 17:00:00,2872.5949307762644,3207.6589798642735,2654.1963065660107
2024-07-25 18:00:00,3041.193877938048,3477.405676665335,2736.172694175718
2024-07-25 19:00:00,3689.5774755705934,3806.7362769367705,3084.9355430532732
2024-07-25 20:00:00,3689.5774755705934,4397.348488066885,3084.9355430532732
2024-07-25 21:00:00,3706.570846004499,4756.068187178371,3624.6360067978676
2024-07-25 22:00:00,5257.528795135151,6902.157410024692,4312.516991898681
2024-07-25 23:00:00,6017.645429253768,8614.209805000264,5567.142261383449
2024-07-26 00:00:00,6175.358664432495,8617.6444471873,5683.50085337298
2024-07-26 01:00:00,8694.445985544226,10146.117808287789,7806.342508629323
2024-07-26 02:00:00,8493.034949327926,10002.434963556667,7752.000759818862
2024-07-26 03:00:00,6671.939861389052,9714.778289645043,6067.360227037064
2024-07-26 04:00:00,5474.770003230533,7731.513433009178,4759.845054260358
2024-07-26 05:00:00,4831.760007295476,5650.749013883367,3644.113781553341
2024-07-26 06:00:00,4831.760007295476,5650.749013883367,3644.113781553341
2024-07-26 07:00:00,4464.55408303913,5054.98464953335,3645.143667355073
2024-07-26 08:00:00,4464.55408303913,5054.98464953335,3645.143667355073
2024-07-26 09:00:00,4267.433533382472,4383.361125488549,3478.353217482475
2024-07-26 10:00:00,4061.6009416206916,4383.361125488549,3478.353217482475
2024-07-26 11:00:00,3826.1903861956134,4425.053287950019,3340.101936297059
2024-07-26 12:00:00,4061.6009416206916,4607.710110741882,3504.1263624695325
2024-07-26 13:00:00,4289.544453771889,5435.277053010928,4107.038938108475
2024-07-26 14:00:00,4376.963682895973,6048.72104509761,4368.206419495416
2024-07-26 15:00:00,4793.570574408741,6349.968421386763,4755.75926005573
2024-07-26 16:00:00,5191.4637923188775,7236.657836204841,4755.75926005573
2024-07-26 17:00:00,6002.981974887874,8816.715429603222,6654.3310461968895
2024-07-26 18:00:00,7565.751871645232,8932.362785169822,7050.81764015692
2024-07-26 19:00:00,8780.423273240202,11285.770085892982,8230.093952900612
2024-07-26 20:00:00,9159.005191921746,12598.911949417636,10005.963436410157
2024-07-26 21:00:00,9969.550056550002,13260.142842547993,10413.344967113913
2024-07-26 22:00:00,10157.531322874489,13601.167771355718,10819.850216129566
2024-07-26 23:00:00,10389.433523058255,13705.621919185636,11847.560141291868
2024-07-27 00:00:00,10273.482422966372,13794.85997020302,11368.932951834082
2024-07-27 01:00:00,10037.193868425848,12639.337967293934,9509.16526033244
2024-07-27 02:00:00,9849.441788882581,12530.308046296932,9579.48733793092
2024-07-27 03:00:00,9849.441788882581,12155.436263890586,9579.48733793092
2024-07-27 04:00:00,9810.976325732507,12058.860657102152,9568.78707433974
2024-07-27 05:00:00,8680.993340158853,12039.42532433646,9373.27345262123
2024-07-27 06:00:00,8680.993340158853,12058.860657102152,9373.27345262123
2024-07-27 07:00:00,8854.882133396331,12039.42532433646,9373.27345262123
2024-07-27 08:00:00,8854.882133396331,11565.175659562736,9824.349653651032
2024-07-27 09:00:00,8466.748284403759,11523.610264966408,9205.963784527583
2024-07-27 10:00:00,7073.208185770481,10743.766629070476,8450.261247431765
2024-07-27 11:00:00,6856.28201064333,10594.805604799234,8360.66282874493
2024-07-27 12:00:00,6856.28201064333,10743.766629070476,8360.66282874493
2024-07-27 13:00:00,7332.747599453386,10672.67063308502,9346.717637893566
2024-07-27 14:00:00,7332.747599453386,10672.67063308502,9346.717637893566
2024-07-27 15:00:00,7317.161594823376,10267.933555204461,9172.554693503665
2024-07-27 16:00:00,6896.031118123095,10136.494254570061,8811.278289625916
2024-07-27 17:00:00,6126.059195929438,8358.941742212786,7272.7704139268
2024-07-27 18:00:00,6126.059195929438,8358.941742212786,7272.7704139268
2024-07-27 19:00:00,6652.6761167931745,10179.791524724857,7707.0555047726375
2024-07-27 20:00:00,6771.743577811658,10378.698530485848,8145.41512630597
2024-07-27 21:00:00,7717.993820522827,10661.916267036333,9141.244181470869
2024-07-27 22:00:00,8834.571355863765,12419.754165813469,9629.102083844202
2024-07-27 23:00:00,9771.661749938052,13513.863610608914,11223.640788173114
2024-07-28 00:00:00,9943.424527715293,14106.45025633923,11825.30028148642
2024-07-28 01:00:00,10052.994625937034,12557.881732606584,11500.53902877995
2024-07-28 02:00:00,9853.099233803336,12385.725502135589,11004.448662308958
2024-07-28 03:00:00,9853.099233803336,12385.725502135589,11004.448662308958
2024-07-28 04:00:00,10597.962795236588,13772.159098585038,12021.676634570234
2024-07-28 05:00:00,11118.355544617696,13947.940130882253,12918.258531642747
2024-07-28 06:00:00,11118.355544617696,13947.940130882253,12918.258531642747
2024-07-28 07:00:00,11040.480264100072,12965.466663671026,11677.297464600759
2024-07-28 08:00:00,10338.958029391693,12948.561461942381,11295.973613073013
2024-07-28 09:00:00,9198.133533214392,12886.371642727667,11252.89124644995
2024-07-28 10:00:00,8796.270470181034,12381.898018622214,10287.856419145914
2024-07-28 11:00:00,8203.571449114492,11914.585456589795,10008.567950158758
2024-07-28 12:00:00,8203.571449114492,10918.581507622446,9836.586378515953
2024-07-28 13:00:00,8335.204042823982,10918.581507622446,9836.586378515953
2024-07-28 14:00:00,8758.108872747165,11517.155075868712,10296.709643673807
2024-07-28 15:00:00,9856.504609958556,12563.015415141417,11437.349773492359
2024-07-28 16:00:00,10141.133716194036,12618.204419052145,11646.020190564652
2024-07-28 17:00:00,10256.362126551736,13096.14732665791,12689.447253077386
2024-07-28 18:00:00,11317.439445730986,14077.460866302077,13956.5831805224
2024-07-28 19:00:00,11503.672987433127,14617.092482530777,13960.857766822057
2024-07-28 20:00:00,13025.165486042546,15882.827163483304,15517.318293018234
2024-07-28 21:00:00,14299.187670349584,18247.944258894415,17213.397941949144
2024-07-28 22:00:00,14818.519613710809,18780.65894878715,17798.392050530623
2024-07-28 23:00:00,14834.708472429807,18916.231341689192,17823.131702720762
2024-07-29 00:00:00,14882.485301064207,18989.059927486735,17810.761876625693
2024-07-29 01:00:00,15725.801775984008,18842.16111912547,17703.453071996522
2024-07-29 02:00:00,15889.608191524225,18807.752445961192,17717.7648752794
2024-07-29 03:00:00,16103.125433406309,18807.752445961192,17738.834911163536
2024-07-29 04:00:00,16223.352787518412,18758.46718092428,17738.834911163536
2024-07-29 05:00:00,16193.363809791565,18705.965627093196,17631.74283514696
2024-07-29 06:00:00,16193.363809791565,18517.449859411194,17631.74283514696
2024-07-29 07:00:00,16129.413410862506,18422.362689535137,17631.74283514696
2024-07-29 08:00:00,16129.413410862506,18422.362689535137,17561.419528866125
2024-07-29 09:00:00,16185.528251845248,18422.362689535137,17523.073734341822
2024-07-29 10:00:00,16185.528251845248,18412.087120639808,17065.805964930227
2024-07-29 11:00:00,15691.278366215158,18269.410343869757,16901.065034296305
2024-07-29 12:00:00,15616.828559932419,18269.410343869757,16511.800050792604
2024-07-29 13:00:00,15691.278366215158,18332.08771047999,16498.651039278586
2024-07-29 14:00:00,15616.828559932419,18332.08771047999,16416.412235262822
2024-07-29 15:00:00,15324.761181135564,18110.391153324515,16286.532160888193
2024-07-29 16:00:00,15324.761181135564,18043.284936986893,16286.532160888193
2024-07-29 17:00:00,15299.532958477506,17782.113692935036,16411.56396612631
2024-07-29 18:00:00,15074.261711395835,17717.22450364006,16628.820625659486
2024-07-29 19:00:00,15057.60132133447,17433.744374089107,16628.820625659486
2024-07-29 20:00:00,14794.995539609556,17376.09399221517,16487.56441763881
2024-07-29 21:00:00,14701.922341496378,17433.744374089107,16487.56441763881
2024-07-29 22:00:00,14537.005190110645,17486.02897820123,16498.633141028375
2024-07-29 23:00:00,14342.246799440496,17636.52694818802,16608.99410419343
2024-07-30 00:00:00,14272.424951022796,17667.563619930173,16650.354260572207
2024-07-30 01:00:00,13422.764657583384,15976.673812320645,15562.267083673756
2024-07-30 02:00:00,13399.36487230566,15697.334746981627,15360.55092836393
2024-07-30 03:00:00,13446.164442861109,15294.96965127383,14552.840344606211
2024-07-30 04:00:00,13596.527640616754,15266.646626893134,14529.880254072676
2024-07-30 05:00:00,13683.617672317694,15266.646626893134,14552.840344606211
2024-07-30 06:00:00,14215.023193056326,16862.068786163807,16134.1462297594
2024-07-30 07:00:00,14215.023193056326,16862.068786163807,16134.1462297594
2024-07-30 08:00:00,14141.032211936636,16672.970236751044,16134.1462297594
2024-07-30 09:00:00,14047.817950660925,16529.851389105064,16012.178499537835
2024-07-30 10:00:00,13731.54812286052,16672.970236751044,16012.178499537835
2024-07-30 11:00:00,13578.818891945575,16292.701994069226,15540.069396980587
2024-07-30 12:00:00,13080.712652700313,15685.294747286214,15494.139742533085
2024-07-30 13:00:00,12650.198883911591,15396.320185583734,14333.440725778633
2024-07-30 14:00:00,11912.830438679883,14147.677221498618,13140.675740785475
2024-07-30 15:00:00,11363.085324558338,13321.332764656117,12072.113784181529
2024-07-30 16:00:00,10339.917519049533,11969.475600564536,11437.258551896124
2024-07-30 17:00:00,9273.481447082764,10984.667479966209,9925.472100224282
2024-07-30 18:00:00,8909.993173668434,10984.667479966209,8784.363966455177
2024-07-30 19:00:00,8909.993173668434,11081.795988352254,8784.363966455177
2024-07-30 20:00:00,9591.624975619374,12777.871197838558,9357.132482839612
2024-07-30 21:00:00,10142.462559073883,13123.944062296749,9708.13071513189
2024-07-30 22:00:00,11342.904975249661,14194.49199656642,11224.768723908039
2024-07-30 23:00:00,11479.071670636376,14640.689116515967,11853.75621875296
2024-07-31 00:00:00,11534.39976885201,14672.43666949822,11854.203253503789
2024-07-31 01:00:00,11791.889269277613,15449.052610543105,12792.164517544923
2024-07-31 02:00:00,11790.801653977842,15388.758071643155,12732.362043903882
2024-07-31 03:00:00,11403.337129268668,14899.643803477675,12005.04909263815
2024-07-31 04:00:00,11342.201083540338,14684.22642761494,11152.75381145872
2024-07-31 05:00:00,11137.7384835538,14345.510344880433,10706.095028676726
2024-07-31 06:00:00,10649.33373255443,13168.188101111966,9520.437816666437
2024-07-31 07:00:00,10424.677674846516,12920.611154078759,9371.64232482485
2024-07-31 08:00:00,10424.677674846516,11357.973745003037,8421.00631625724
2024-07-31 09:00:00,7366.011606325899,7908.318122606627,5557.402674965187
2024-07-31 10:00:00,4945.2661690482055,4944.129528456522,3412.2139861648075
2024-07-31 11:00:00,4232.53360659001,4632.215253954928,3243.6583803852564
2024-07-31 12:00:00,3797.6415187256544,3525.7296092511497,2895.8556652513607
2024-07-31 13:00:00,3553.978530400008,3430.624423566439,2895.8556652513607
2024-07-31 14:00:00,3553.978530400008,3430.624423566439,2941.889041843497
2024-07-31 15:00:00,3991.11053341254,3898.3869703740847,3457.493286148111
2024-07-31 16:00:00,4309.06342567682,4250.475094980962,3658.263927717395
2024-07-31 17:00:00,4798.329111854259,5026.611517705755,3897.531604253038
2024-07-31 18:00:00,5232.958701304555,5914.48675140662,4687.3148244523545
2024-07-31 19:00:00,7938.5109851972575,8587.386192076734,7138.848624030693
2024-07-31 20:00:00,10778.00851890057,12588.440580521581,10021.586804847091
2024-07-31 21:00:00,11404.858458349378,13985.376651635646,11735.360812634002
2024-07-31 22:00:00,12004.045880741756,14932.17004754481,13039.655600730566
2024-07-31 23:00:00,12890.108836322686,15276.865471206682,14125.857578372936
2024-08-01 00:00:00,13318.938473392467,15650.818071714963,14413.982529774992
2024-08-01 01:00:00,14878.210362517308,17269.65836381712,16299.686942929598
2024-08-01 02:00:00,14784.684397020636,17201.490895822993,16225.818162074022
2024-08-01 03:00:00,14784.684397020636,17201.490895822993,16225.818162074022
2024-08-01 04:00:00,14633.640959977269,17066.414218878177,16164.901985521345
2024-08-01 05:00:00,14633.640959977269,17066.414218878177,16087.920745498175
2024-08-01 06:00:00,14415.72911299,16462.257852277497,15783.361627844253
2024-08-01 07:00:00,12602.535842606432,14721.280824567704,13640.662615118443
2024-08-01 08:00:00,10526.047590233431,13154.185015970568,11533.557971871802
2024-08-01 09:00:00,9979.778572995292,12631.61805719255,11318.196176774876
2024-08-01 10:00:00,8598.328955827907,9693.372357338649,8462.847502409657
2024-08-01 11:00:00,6428.206540467401,7026.748599346499,5809.453048900245
2024-08-01 12:00:00,6428.206540467401,7026.748599346499,5809.453048900245
2024-08-01 13:00:00,6105.678370199503,7272.617103073777,5483.383605860138
2024-08-01 14:00:00,6105.678370199503,7272.617103073777,5483.383605860138
2024-08-01 15:00:00,6105.678370199503,6742.406676498706,4930.850511638199
2024-08-01 16:00:00,5994.887404725228,6548.306867195041,4922.000372024762
2024-08-01 17:00:00,6399.038492218517,6742.406676498706,4922.000372024762
2024-08-01 18:00:00,6448.662670143864,6931.686967176853,5221.495066289202
2024-08-01 19:00:00,8843.782392271469,8549.002749639321,6899.289162608783
2024-08-01 20:00:00,10895.363258421532,11656.32425586948,9088.991907784568
2024-08-01 21:00:00,11579.707868658137,12235.488832006482,9889.782313807842
2024-08-01 22:00:00,13028.269030150524,14367.451240856226,11890.450048844223
2024-08-01 23:00:00,13990.002617048269,14911.685768341704,12642.180477947959
2024-08-02 00:00:00,13992.072150238626,15124.115805279736,12908.399407980809
2024-08-02 01:00:00,13322.601632553196,15580.5545142343,13512.62386164739
2024-08-02 02:00:00,13406.000672352591,15588.80315201097,13272.654745471926
2024-08-02 03:00:00,13406.000672352591,15588.80315201097,13047.777132593252
2024-08-02 04:00:00,11949.623783919476,14312.136880512622,11869.70833221191
2024-08-02 05:00:00,11949.623783919476,13526.092702390277,11182.224102091026
2024-08-02 06:00:00,11822.30492796553,12484.748989829392,11087.42108195731
2024-08-02 07:00:00,10589.420744939378,11094.629765531095,7874.032895328162
2024-08-02 08:00:00,9930.979430993704,10626.100223570527,7581.945238725947
2024-08-02 09:00:00,8380.433273379105,9692.02945730428,6587.5498127361325
2024-08-02 10:00:00,6037.14828614738,6289.3129419664565,3641.047408785113
2024-08-02 11:00:00,4751.797962554456,4606.597460519789,2848.1453806524905
2024-08-02 12:00:00,3561.769804669157,4020.5004435109868,2502.3708757616623
2024-08-02 13:00:00,3209.726875979502,3855.1392793327555,2502.3708757616623
2024-08-02 14:00:00,3209.726875979502,3855.1392793327555,2502.3708757616623
2024-08-02 15:00:00,3334.9767439419484,3987.76651751621,2550.193785650651
2024-08-02 16:00:00,3334.9767439419484,3987.76651751621,2472.594546461606
2024-08-02 17:00:00,3327.5942802926793,3959.8940707436823,2495.6138923457797
2024-08-02 18:00:00,3327.5942802926793,3617.6725989698584,2495.6138923457797
2024-08-02 19:00:00,3528.557984214155,3617.6725989698584,2657.354037808464
2024-08-02 20:00:00,3829.4518603555566,3932.5617142958336,3099.252867583441
2024-08-02 21:00:00,4395.388076442615,5188.984314269101,3720.8067703407296
2024-08-02 22:00:00,5610.924557753268,6962.245940924855,4895.757157329092
2024-08-02 23:00:00,6946.36020022469,8701.960509003235,5737.672982171533
2024-08-03 00:00:00,7445.083175338357,9919.246763205447,6681.814868607499
2024-08-03 01:00:00,11018.497472251307,14407.09340924846,12421.618518070918
2024-08-03 02:00:00,11155.562397349651,14805.996471794822,12488.695069620828
2024-08-03 03:00:00,11442.876170992336,15402.459245942464,12488.695069620828
2024-08-03 04:00:00,11828.563653892244,15452.901043047716,11842.379202400614
2024-08-03 05:00:00,11442.876170992336,15402.459245942464,11701.357701222823
2024-08-03 06:00:00,10288.744404846884,12545.174873330634,9555.354251702916
2024-08-03 07:00:00,9907.794597759439,12376.002032849436,9375.38625946994
2024-08-03 08:00:00,8953.72518936863,11001.252058969709,8169.467060313051
2024-08-03 09:00:00,7524.668428814085,9046.14752958452,5990.547839563526
2024-08-03 10:00:00,5426.3824234010135,6146.976590239354,4020.880152030062
2024-08-03 11:00:00,4416.833488685006,4996.19592880006,3205.370774128346
2024-08-03 12:00:00,3998.529114785744,4401.078918633056,3025.3919194022646
2024-08-03 13:00:00,3733.0609980202744,3467.146828064695,2714.762866716808
2024-08-03 14:00:00,3372.5378235698818,3171.4968566237176,2380.255500491228
2024-08-03 15:00:00,3224.8734770084666,3124.8620162883703,2380.255500491228
2024-08-03 16:00:00,3224.8734770084666,3124.8620162883703,2475.937956048185
2024-08-03 17:00:00,2975.311881953462,3011.2165784474246,2475.937956048185
2024-08-03 18:00:00,2905.884951982575,2841.4287353406717,2265.032478090988
2024-08-03 19:00:00,2849.2983038466045,2841.4287353406717,2265.032478090988
2024-08-03 20:00:00,2905.884951982575,3100.7910215892107,2370.3403007530455
2024-08-03 21:00:00,3038.4927986062294,3229.551795888564,2531.0653558871236
2024-08-03 22:00:00,3973.545315553022,3920.2006256946615,3464.3660109260113
2024-08-03 23:00:00,3973.545315553022,3920.2006256946615,3464.3660109260113
2024-08-04 00:00:00,3670.816859260677,3597.671496362566,3214.401983276077
2024-08-04 01:00:00,3216.5910354982448,3351.352204490314,2490.663824099581
2024-08-04 02:00:00,3178.626970236494,3319.9584421308987,2441.8505781689228
2024-08-04 03:00:00,2982.425719586985,3249.9346292632717,2392.9755476983223
2024-08-04 04:00:00,2608.896713725963,2580.5215635241802,1931.4397359334776
2024-08-04 05:00:00,2608.896713725963,2561.5833681805084,1931.4397359334776
2024-08-04 06:00:00,2719.109951907089,2561.5833681805084,2054.158569517879
2024-08-04 07:00:00,2719.109951907089,2713.244044032038,2145.671496942804
2024-08-04 08:00:00,2730.6871305808954,2713.244044032038,2260.472202769231
2024-08-04 09:00:00,2574.776655522366,2659.1742942783394,2260.472202769231
2024-08-04 10:00:00,2523.1416738975204,2571.815396630088,2156.0946615143953
2024-08-04 11:00:00,2474.1024914838563,2442.211523801856,2132.7236253723117
2024-08-04 12:00:00,2418.1859126358254,2442.211523801856,2035.076848600297
2024-08-04 13:00:00,2359.702501823715,2349.3783130732,2035.076848600297
2024-08-04 14:00:00,2359.702501823715,2330.217879571329,2016.8386061256865
2024-08-04 15:00:00,2383.6506943085187,2330.217879571329,2036.7972359717023
2024-08-04 16:00:00,2440.6807532441353,2438.682609230284,2046.2247723617845
2024-08-04 17:00:00,2474.180545280541,2438.682609230284,2046.2247723617845
2024-08-04 18:00:00,2558.063109969225,2438.682609230284,2171.568461214938
2024-08-04 19:00:00,2532.9349855784417,2523.8908590362043,2277.3674158551703
2024-08-04 20:00:00,2621.5231455617995,2639.7204737361367,2292.0959754217
2024-08-04 21:00:00,2683.9350248165365,2684.161427590435,2299.3625486190153
2024-08-04 22:00:00,2880.2626983862747,3168.4896098155123,2389.132985218431
2024-08-04 23:00:00,2880.2626983862747,3197.4724771194233,2389.132985218431
2024-08-05 00:00:00,2843.7244896790476,3211.7261241442175,2294.29288998364
2024-08-05 01:00:00,2704.953202814809,2493.8133708270825,2074.815741063807
2024-08-05 02:00:00,2773.1913853589394,2606.404196722146,2104.891283419083
2024-08-05 03:00:00,2844.0509651716275,2606.404196722146,2187.56889617638
2024-08-05 04:00:00,2844.0509651716275,2734.4820064994865,2202.415003555904
2024-08-05 05:00:00,2642.1906748706715,2567.4380272585404,2202.415003555904
2024-08-05 06:00:00,2642.1906748706715,2684.8909140381593,2161.8818470374695
2024-08-05 07:00:00,2810.1251179798937,2684.8909140381593,2156.206298088267
2024-08-05 08:00:00,2810.1251179798937,2813.631656764616,2156.206298088267
2024-08-05 09:00:00,2655.1562099936264,2813.631656764616,2144.098207314415
2024-08-05 10:00:00,2462.1494830036436,2741.0506935452972,2144.098207314415
2024-08-05 11:00:00,2397.0257924142265,2733.230862389795,2115.907859572045
2024-08-05 12:00:00,2340.1528776965315,2658.364179066048,2071.186695167068
2024-08-05 13:00:00,2132.7030505245843,2636.902000108009,2011.6682123294752
2024-08-05 14:00:00,2132.7030505245843,2643.808990046398,2071.186695167068
2024-08-05 15:00:00,2265.3420655872583,2643.808990046398,2083.6434952427753
2024-08-05 16:00:00,2360.584808501415,2845.9043589366006,2213.851930394897
2024-08-05 17:00:00,2360.584808501415,2898.6030035602357,2225.723635876248
2024-08-05 18:00:00,2597.957249499606,2976.9667444397164,2213.851930394897
2024-08-05 19:00:00,2609.8215679885043,3066.7010246865925,2517.6020727333657
2024-08-05 20:00:00,2715.117133271711,3066.7010246865925,2254.9559994149818
2024-08-05 21:00:00,2979.2008190529214,3308.9773619291273,2593.531748917992
2024-08-05 22:00:00,3635.509183845212,3681.655336305112,2648.4830591858527
2024-08-05 23:00:00,3844.9121240041613,3714.6726312665733,2898.768728013587
2024-08-06 00:00:00,3938.1856267484854,3816.953044822806,2984.1515978480757
2024-08-06 01:00:00,2955.537983547193,2837.0004254536634,2584.717807293493
2024-08-06 02:00:00,2940.122733162723,2768.503958217529,2519.1146114733147
2024-08-06 03:00:00,2914.2721079640805,2560.959306773396,2382.454820691271
2024-08-06 04:00:00,2567.2121750893593,2532.577943038587,2056.070799518079
2024-08-06 05:00:00,2567.2121750893593,2532.577943038587,2056.070799518079
2024-08-06 06:00:00,2690.932371667208,3106.5956028447035,2250.6095644363572
2024-08-06 07:00:00,2817.5835906861507,3106.5956028447035,2355.1937937500998
2024-08-06 08:00:00,2817.5835906861507,3016.0302453488516,2355.1937937500998
2024-08-06 09:00:00,2477.8005816968293,2781.149190758513,2183.676566419351
2024-08-06 10:00:00,2459.91207245165,2632.7924909470053,2030.4085226257532
2024-08-06 11:00:00,2345.764806274059,2576.5905810907543,2074.356370499886
2024-08-06 12:00:00,2307.6329768174705,2482.838046891475,2030.4085226257532
2024-08-06 13:00:00,2192.6156468512863,2431.7873444449324,1910.6153007031528
2024-08-06 14:00:00,2113.098133620697,2431.7873444449324,1910.6153007031528
2024-08-06 15:00:00,2113.098133620697,2689.004189400318,1929.364298737471
2024-08-06 16:00:00,2181.4859840863996,2776.4536864028314,2071.1875331039664
2024-08-06 17:00:00,2357.5515249736013,2811.3205222200677,2143.5218651995538
2024-08-06 18:00:00,2412.3416239301027,2979.829757055793,2192.4008551096895
2024-08-06 19:00:00,2600.338646422587,3187.62813256565,2363.475433108861
2024-08-06 20:00:00,2816.985137658833,3206.131427744486,2425.2582887053477
2024-08-06 21:00:00,2948.672821715047,3261.5606396900243,2519.7782484948807
2024-08-06 22:00:00,3842.5604141869853,3961.9449410315183,3197.2003542131406
2024-08-06 23:00:00,3842.5604141869853,3961.9449410315183,3197.2003542131406
2024-08-07 00:00:00,3871.40814387896,3658.38662829482,3144.847170720931
2024-08-07 01:00:00,4579.205243346078,5122.924601264918,3608.898336162266
2024-08-07 02:00:00,4734.247431429488,5307.3940889281685,3783.451608647335
2024-08-07 03:00:00,4737.071182437752,5401.105575948099,4409.578437883569
2024-08-07 04:00:00,4737.071182437752,5401.105575948099,4409.578437883569
2024-08-07 05:00:00,4510.78539883628,4864.9382099599,4186.165404222274
2024-08-07 06:00:00,4281.89015779368,4384.089674947304,3760.125634070154
2024-08-07 07:00:00,4006.7458154308397,4355.374925192293,3384.3377004735958
2024-08-07 08:00:00,3274.6386578023494,3978.4209858719796,2621.0627567456186
2024-08-07 09:00:00,3013.565256402181,3051.42625153222,2277.783541775496
2024-08-07 10:00:00,2829.5450355759394,2885.7630136951775,2217.521212900296
2024-08-07 11:00:00,2829.5450355759394,3023.311450751681,2217.521212900296
2024-08-07 12:00:00,2906.0979154589245,3023.311450751681,2245.664307125835
2024-08-07 13:00:00,2906.0979154589245,3117.6401879211553,2245.664307125835
2024-08-07 14:00:00,2934.5767324182925,3227.3988198737798,2262.138450060045
2024-08-07 15:00:00,2936.5423445312686,3432.643753195335,2457.6775437363954
2024-08-07 16:00:00,3233.89046733803,3460.410765517127,2522.611472113751
2024-08-07 17:00:00,3623.1457436841947,3537.159780080017,2590.785470221823
2024-08-07 18:00:00,3762.5623638872457,3933.95315073403,3048.9020025580485
2024-08-07 19:00:00,3834.4564758235892,4148.300639276027,3357.028036490226
2024-08-07 20:00:00,4196.859326871732,4914.773795358274,3833.442823265873
2024-08-07 21:00:00,5516.585807529945,6258.430438368841,4383.328868836985
2024-08-07 22:00:00,6917.841159464,7128.267123643915,5236.524123373085
2024-08-07 23:00:00,6924.54644365937,7777.515967482094,5265.261914483682
2024-08-08 00:00:00,7398.258731250776,8293.605185886383,5647.439574152579
2024-08-08 01:00:00,7654.504094532927,9792.255520275838,6545.883263298039
2024-08-08 02:00:00,7847.649353634291,10052.556008636393,6626.165354987216
2024-08-08 03:00:00,9374.742479324632,12506.74956472753,8832.386184580955
2024-08-08 04:00:00,10062.86271585655,12933.242505725733,9081.543036548082
2024-08-08 05:00:00,10062.86271585655,12933.242505725733,9081.543036548082
2024-08-08 06:00:00,9573.673370442219,12486.35164878844,8363.214929446749
2024-08-08 07:00:00,8940.567989933397,11229.871039285965,7657.034537074232
2024-08-08 08:00:00,6607.876692573763,8452.289159559567,6043.191587736616
2024-08-08 09:00:00,5506.409336589515,7072.245840447404,4973.656469522512
2024-08-08 10:00:00,3803.2720136456383,4400.446494381509,2727.0469124587366
2024-08-08 11:00:00,3528.9733956464033,4336.37926025067,2532.558337549187
2024-08-08 12:00:00,3104.9607251960274,3589.131235993232,2244.6780126831427
2024-08-08 13:00:00,2937.2470313892036,3472.4870448329675,1969.2228271946144
2024-08-08 14:00:00,2873.8397022279305,3237.518274776048,2236.810588993198
2024-08-08 15:00:00,2873.8397022279305,3237.518274776048,2236.810588993198
2024-08-08 16:00:00,3237.005001085075,3623.5003181499255,2683.1855217373536
2024-08-08 17:00:00,3553.082746001365,3751.3223901822334,3005.627821857456
2024-08-08 18:00:00,3630.215903184858,4301.107515535801,3225.523448140072
2024-08-08 19:00:00,3630.215903184858,4576.8835960430015,3423.510844009801
2024-08-08 20:00:00,3630.215903184858,4576.8835960430015,3423.510844009801
2024-08-08 21:00:00,3736.3757322536194,4576.8835960430015,3423.510844009801
2024-08-08 22:00:00,4136.274396944854,4924.791179351323,3748.6819263980337
2024-08-08 23:00:00,4136.274396944854,5519.31096046169,3801.193775087878
2024-08-09 00:00:00,4197.471422427195,5529.757620370727,3888.496357246411
2024-08-09 01:00:00,3560.157072047259,4225.841979894307,3038.8953833286587
2024-08-09 02:00:00,3504.2826065160707,4201.707517907722,3006.9782984779426
2024-08-09 03:00:00,3279.0884294428033,3896.784576910874,2884.9151555074086
2024-08-09 04:00:00,3123.056274791827,3861.942137460467,2719.628315973748
2024-08-09 05:00:00,3183.78474255997,3727.986728512934,2705.2009432601835
2024-08-09 06:00:00,3105.4233035661964,3530.0210924793523,2705.2009432601835
2024-08-09 07:00:00,2945.5902667609707,3530.0210924793523,2705.2009432601835
2024-08-09 08:00:00,2406.555995263313,3137.4798515331854,2245.4363095192302
2024-08-09 09:00:00,2406.555995263313,2868.876985754419,2087.135163359554
2024-08-09 10:00:00,2442.285583356038,2817.666495900098,2178.0632409740147
2024-08-09 11:00:00,2593.982338913508,2694.4081280334813,2178.0632409740147
2024-08-09 12:00:00,2593.982338913508,2687.3505973143197,2394.182629484788
2024-08-09 13:00:00,2593.982338913508,2687.3505973143197,2422.452663580544
2024-08-09 14:00:00,2582.9612427411885,2669.9620125540073,2456.6058783397975
2024-08-09 15:00:00,2435.9446823778544,2796.1576771658993,2456.6058783397975
2024-08-09 16:00:00,2424.5968578212573,2669.9620125540073,2301.1450145181075
2024-08-09 17:00:00,2278.894176040524,2602.0889399853577,2000.8439968889484
2024-08-09 18:00:00,2278.894176040524,2602.0889399853577,2000.8439968889484
2024-08-09 19:00:00,2656.703219765054,2850.911256453757,2183.977592490297
2024-08-09 20:00:00,2688.5821554120057,2886.743979592118,2248.7773503381554
2024-08-09 21:00:00,2747.5350225780726,2886.743979592118,2248.7773503381554
2024-08-09 22:00:00,3036.4083420883208,3548.2101458933553,2527.7606240180903
2024-08-09 23:00:00,3173.9423680114915,3784.6185768968307,2527.7606240180903
2024-08-10 00:00:00,3187.2890318450873,3797.232502311992,2536.274350555978
2024-08-10 01:00:00,3268.220895483044,2889.5109937491698,2217.8771272007502
2024-08-10 02:00:00,3276.5510095033524,2908.1302995114575,2377.800712156775
2024-08-10 03:00:00,3365.9044604948585,3285.3293047920242,2412.2828117883223
2024-08-10 04:00:00,3365.9044604948585,3285.3293047920242,2412.2828117883223
2024-08-10 05:00:00,2946.2697682600615,2992.6525321989875,2367.4368312607216
2024-08-10 06:00:00,2650.5577229026553,2921.1575758255867,2331.9610890376407
2024-08-10 07:00:00,2574.4911766782834,2816.5882784485775,2133.7108632130344
2024-08-10 08:00:00,2496.506358113273,2824.730542087673,2133.7108632130344
2024-08-10 09:00:00,2490.979429685805,2824.730542087673,2133.7108632130344
2024-08-10 10:00:00,2496.506358113273,2824.730542087673,2188.898753155712
2024-08-10 11:00:00,2490.979429685805,2820.598148035594,2188.898753155712
2024-08-10 12:00:00,2474.7062505595595,2786.1544934953813,2159.8163679976105
2024-08-10 13:00:00,2474.7062505595595,2761.373715722347,2159.8163679976105
2024-08-10 14:00:00,2462.4153740614433,2786.1544934953813,2244.374095934066
2024-08-10 15:00:00,2333.681131274316,2785.6429926062824,2277.694646035635
2024-08-10 16:00:00,2333.681131274316,2785.6429926062824,2244.374095934066
2024-08-10 17:00:00,2385.9107924652913,2776.406568858849,2195.6717221374647
2024-08-10 18:00:00,2523.7497501974017,2776.406568858849,2195.6717221374647
2024-08-10 19:00:00,2914.447698896452,2960.830015459724,2468.3044740028895
2024-08-10 20:00:00,3219.7157284610307,3032.9206391204566,2468.3044740028895
2024-08-10 21:00:00,3274.8602441947346,3106.6141343655127,2621.4861909638735
2024-08-10 22:00:00,3464.204663198724,3652.62032864029,2800.0547370305108
2024-08-10 23:00:00,3566.769950626939,3652.62032864029,2800.0547370305108
2024-08-11 00:00:00,3584.831827128234,3533.52082649805,2735.372286252087
2024-08-11 01:00:00,3233.0227684017736,2848.465084405577,2444.437111666875
2024-08-11 02:00:00,3209.3883516105234,2851.833779585667,2501.7288082692808
2024-08-11 03:00:00,3125.8926337661414,3003.4296885800018,2501.7288082692808
2024-08-11 04:00:00,3125.8926337661414,3003.4296885800018,2406.9305281440684
2024-08-11 05:00:00,2935.697357894158,2868.773822591325,2396.888609932262
2024-08-11 06:00:00,2925.136493790326,2868.773822591325,2396.888609932262
2024-08-11 07:00:00,2859.7382582366,2819.993769320935,2355.490041799956
2024-08-11 08:00:00,2771.0793364106144,2773.926500360298,2271.102625698689
2024-08-11 09:00:00,2751.370381995638,2739.2446006881937,2271.102625698689
2024-08-11 10:00:00,2751.370381995638,2773.926500360298,2407.9413573688144
2024-08-11 11:00:00,2807.5425051942098,2926.2869047979016,2464.222056398855
2024-08-11 12:00:00,2860.7658278738627,2944.5835197898205,2475.3007319084436
2024-08-11 13:00:00,2951.3387928142884,2999.7706887256318,2475.3007319084436
2024-08-11 14:00:00,2951.3387928142884,2999.7706887256318,2351.540041384667
2024-08-11 15:00:00,2517.030992680756,2842.607081351597,2209.2888467095813
2024-08-11 16:00:00,2403.411246369969,2716.7893077275985,2177.628658006078
2024-08-11 17:00:00,2403.411246369969,2716.7893077275985,2150.956486436233
2024-08-11 18:00:00,2552.9629843094417,2714.539442635424,2177.628658006078
2024-08-11 19:00:00,2617.0285387918166,2728.444118309048,2228.142162455673
2024-08-11 20:00:00,2628.2393111308143,2687.220089298365,2228.142162455673
2024-08-11 21:00:00,2693.6642432236163,2802.9499638406714,2244.184201407579
2024-08-11 22:00:00,3122.4327281240303,3234.0620104168675,2653.50482323951
2024-08-11 23:00:00,3158.2192226519737,3237.958583448457,2653.50482323951
2024-08-12 00:00:00,3254.8792093165016,3236.010296932662,2563.3851041588023
2024-08-12 01:00:00,2764.623373968766,2545.0298720143046,1976.6618380329514
2024-08-12 02:00:00,2753.7868161680535,2599.698786074147,2017.2089007593277
2024-08-12 03:00:00,2748.206624192625,2694.3652595405474,2017.2089007593277
2024-08-12 04:00:00,2620.2252511658307,2785.2089927166226,2184.511997950441
2024-08-12 05:00:00,2560.3276416186904,2785.2089927166226,2194.6387827325752
2024-08-12 06:00:00,2538.538281246455,2732.0598209020036,2184.511997950441
2024-08-12 07:00:00,2439.7350820887195,2618.569246285128,2104.947000430215
2024-08-12 08:00:00,2439.7350820887195,2618.569246285128,2104.947000430215
2024-08-12 09:00:00,2610.8451261217597,2654.3612728004537,2199.2372176297113
2024-08-12 10:00:00,2626.582387996935,2654.3612728004537,2251.204771192227
2024-08-12 11:00:00,2626.582387996935,2578.143796260937,2279.820873459953
2024-08-12 12:00:00,2601.589315401906,2578.143796260937,2304.688576113281
2024-08-12 13:00:00,2601.589315401906,2641.4312059408103,2341.364342307924
2024-08-12 14:00:00,2719.398440247168,2641.4312059408103,2348.6159999925217
2024-08-12 15:00:00,2738.101723155819,2588.825126428309,2348.6159999925217
2024-08-12 16:00:00,2738.101723155819,2436.4152337980718,2255.2854210355117
2024-08-12 17:00:00,2449.3966002334564,2324.6134112982472,2055.44612881358
2024-08-12 18:00:00,2432.0635034409984,2324.6134112982472,2007.463010190028
2024-08-12 19:00:00,2449.3966002334564,2380.62283258293,2007.463010190028
2024-08-12 20:00:00,2654.1908477485094,2706.0628328305056,2210.6386357654155
2024-08-12 21:00:00,2840.392981079968,3098.578784948474,2468.3295495260413
2024-08-12 22:00:00,2942.1431517537885,3297.2972189590264,2607.3474964228235
2024-08-12 23:00:00,2942.1431517537885,3309.285085924045,2607.3474964228235
2024-08-13 00:00:00,2903.1156796696114,3303.291152441536,2529.843085833852
2024-08-13 01:00:00,2523.0699739740503,2536.5091065511674,1981.5094716274407
2024-08-13 02:00:00,2525.4671333381207,2548.305441267859,1946.0931996455856
2024-08-13 03:00:00,2525.4671333381207,2606.473494948245,2016.9257436092958
2024-08-13 04:00:00,2493.6230797014587,2811.5706866341657,2036.8135283017964
2024-08-13 05:00:00,2493.6230797014587,2811.5706866341657,2106.890812511415
2024-08-13 06:00:00,2499.614646891031,2808.783389272137,2192.938778133639
2024-08-13 07:00:00,2499.614646891031,2721.9476847677493,2192.938778133639
2024-08-13 08:00:00,2464.7671439828932,2637.5045715585575,2135.1793848095194
2024-08-13 09:00:00,2404.5994588088984,2533.2029939889826,2127.1632525740524
2024-08-13 10:00:00,2464.7671439828932,2533.2029939889826,2086.1087501873667
2024-08-13 11:00:00,2408.6699381707913,2574.0467273165164,2086.1087501873667
2024-08-13 12:00:00,2428.9820710405734,2574.0467273165164,2139.5615763263095
2024-08-13 13:00:00,2428.9820710405734,2528.497187447032,2168.8253690506244
2024-08-13 14:00:00,2458.4852127249787,2510.9154327742185,2188.9036902712223
2024-08-13 15:00:00,2521.2642354316913,2478.6910670402376,2168.8253690506244
2024-08-13 16:00:00,2521.2642354316913,2371.4864428336004,2098.8890357423106
2024-08-13 17:00:00,2521.2642354316913,2371.4864428336004,2048.187117838809
2024-08-13 18:00:00,2603.351214256436,2466.946507207187,2048.187117838809
2024-08-13 19:00:00,2895.0016341007586,2576.061725950058,2213.0341278063916
2024-08-13 20:00:00,3091.9040654588016,2713.399884384631,2296.494308248331
2024-08-13 21:00:00,3103.259582842135,2757.210864578744,2297.9876793130084
2024-08-13 22:00:00,3257.49613903788,3219.068922792665,2653.782855350615
2024-08-13 23:00:00,3257.49613903788,3317.3686887872996,2653.782855350615
2024-08-14 00:00:00,3127.6073888519395,3366.5455613095637,2682.8946067781103
2024-08-14 01:00:00,2702.0515777021856,3077.9150373470593,2348.426543138114
2024-08-14 02:00:00,2491.9424461561075,2821.6607200697226,2204.4299339591475
2024-08-14 03:00:00,2491.9424461561075,2772.1904454820924,2085.370363673893
2024-08-14 04:00:00,2644.343203695918,2751.381279203898,2085.370363673893
2024-08-14 05:00:00,2712.166013889871,2728.4389163980322,2139.3800358168055
2024-08-14 06:00:00,2748.568224570462,2728.4389163980322,2140.366401462882
2024-08-14 07:00:00,2748.568224570462,2767.275320889999,2327.9747955032226
2024-08-14 08:00:00,2677.1316114187275,2767.275320889999,2363.7265435053514
2024-08-14 09:00:00,2669.558058859111,2760.5766282276745,2363.7265435053514
2024-08-14 10:00:00,2669.558058859111,2706.5135466463753,2399.2327450577936
2024-08-14 11:00:00,2485.0830417708485,2706.5135466463753,2465.3414360793968
2024-08-14 12:00:00,2485.0830417708485,2746.264092479795,2498.7280955119736
2024-08-14 13:00:00,2916.0413581785733,2746.264092479795,2533.1165885860605
2024-08-14 14:00:00,2916.0413581785733,2706.643512812955,2533.1165885860605
2024-08-14 15:00:00,2491.9040855932135,2513.4429246838663,2366.714559890744
2024-08-14 16:00:00,2394.608096036388,2387.8535478429108,2270.710519466095
2024-08-14 17:00:00,2394.608096036388,2329.0576237259565,2050.143920142734
2024-08-14 18:00:00,2413.150690404439,2329.0576237259565,2050.143920142734
2024-08-14 19:00:00,2418.374994103449,2344.1987627355165,2164.134363312007
2024-08-14 20:00:00,2418.374994103449,2542.426957181106,2287.6891549523725
2024-08-14 21:00:00,2471.787228516828,2588.670187256872,2301.3054815796277
2024-08-14 22:00:00,2690.7519421403467,2946.8370241336347,2447.309795948833
2024-08-14 23:00:00,2690.7519421403467,3020.638605595285,2500.0195156636732
2024-08-15 00:00:00,2632.886927806514,2983.73781486446,2473.664655806253
2024-08-15 01:00:00,2373.858252791347,2556.639004206142,2318.0936734050356
2024-08-15 02:00:00,2357.964264730501,2562.664085541635,2253.8573146701488
2024-08-15 03:00:00,2357.964264730501,2638.3457169089243,2253.8573146701488
2024-08-15 04:00:00,2487.8300803124453,2656.664837711255,2289.0205865322355
2024-08-15 05:00:00,2487.8300803124453,2656.664837711255,2322.8439208166283
2024-08-15 06:00:00,2483.3908049167467,2778.000342526625,2322.8439208166283
2024-08-15 07:00:00,2405.9966665319757,2627.26830235273,2319.350603726446
2024-08-15 08:00:00,2380.919345741816,2627.26830235273,2181.9411212371115
2024-08-15 09:00:00,2380.919345741816,2594.003055810209,2163.179989332713
2024-08-15 10:00:00,2402.0884006744254,2574.987217088811,2163.179989332713
2024-08-15 11:00:00,2422.164897718344,2594.003055810209,2201.5507164060723
2024-08-15 12:00:00,2699.6265758179024,2679.7510534565126,2298.0725867575343
2024-08-15 13:00:00,2762.1457520742874,2749.9426023052506,2418.473262504966
2024-08-15 14:00:00,2817.860734943362,2749.9426023052506,2418.473262504966
2024-08-15 15:00:00,2817.860734943362,2650.2393048510544,2401.7665816173408
2024-08-15 16:00:00,2614.9558576554036,2626.0189752143497,2269.099439720817
2024-08-15 17:00:00,2355.4882405192957,2520.026719821631,2071.4405082071107
2024-08-15 18:00:00,2285.459222490722,2477.8554063734023,2010.5888689367537
2024-08-15 19:00:00,2355.4882405192957,2417.9227542763756,2010.5888689367537
2024-08-15 20:00:00,2385.9258846979797,2417.9227542763756,2074.6105374849185
2024-08-15 21:00:00,2632.1820370045125,2708.200459715315,2336.919245183449
2024-08-15 22:00:00,2923.0435012392004,3050.1609731920576,2510.2708188244046
2024-08-15 23:00:00,2966.6057360302775,3062.2694237999103,2510.2708188244046
2024-08-16 00:00:00,2968.762054097585,3130.294617551623,2411.2624125967136
2024-08-16 01:00:00,2415.5079741503105,2827.850470043679,2379.1979642360047
2024-08-16 02:00:00,2440.5882518528333,2835.626500456664,2427.151651256399
2024-08-16 03:00:00,2550.6948319033063,2881.356453471906,2441.251263303743
2024-08-16 04:00:00,2550.6948319033063,2881.356453471906,2441.251263303743
2024-08-16 05:00:00,2607.9648425096457,2792.0265537711525,2331.100086579041
2024-08-16 06:00:00,2449.979000170079,2792.0265537711525,2310.699444497572
2024-08-16 07:00:00,2398.1373013806797,2753.694772099553,2265.285148575064
2024-08-16 08:00:00,2385.233607635077,2734.7987459881833,2144.0570920770206
2024-08-16 09:00:00,2383.7605700825525,2595.927711542886,2128.8495148170523
2024-08-16 10:00:00,2383.7605700825525,2512.437800161488,2144.0570920770206
2024-08-16 11:00:00,2396.6914905938506,2595.927711542886,2194.334722395702
2024-08-16 12:00:00,2662.8926703341504,2608.411864896883,2195.338436025338
2024-08-16 13:00:00,2692.447562592323,2608.411864896883,2197.759051120479
2024-08-16 14:00:00,2676.02499577143,2583.513155354032,2222.944797890982
2024-08-16 15:00:00,2676.02499577143,2583.513155354032,2226.7608343919574
2024-08-16 16:00:00,2523.4230085702666,2611.433793965579,2348.9917021178144
2024-08-16 17:00:00,2523.4230085702666,2611.433793965579,2348.9917021178144
2024-08-16 18:00:00,2492.5645150959767,2590.9975411157884,2240.6424659186387
2024-08-16 19:00:00,2531.18963781204,2590.9065622440157,2240.6424659186387
2024-08-16 20:00:00,2492.5645150959767,2590.9975411157884,2305.175038644177
2024-08-16 21:00:00,2545.8949459078603,2710.730111063139,2315.7206608977094
2024-08-16 22:00:00,2909.204357915033,3187.6547180101634,2514.446026496463
2024-08-16 23:00:00,2909.204357915033,3189.9736798064478,2514.446026496463
2024-08-17 00:00:00,2766.251104008851,3223.0566428233415,2411.487168629018
2024-08-17 01:00:00,2242.214181591195,2488.799873668408,2113.410586067632
2024-08-17 02:00:00,2269.615739630763,2562.09843600886,2073.3877514708447
2024-08-17 03:00:00,2369.161695209962,2601.1335887905543,2153.4334206644194
2024-08-17 04:00:00,2369.161695209962,2667.434101848853,2069.7212241360794
2024-08-17 05:00:00,2478.3914051963593,2797.985342759571,2240.067779289058
2024-08-17 06:00:00,2478.3914051963593,2966.244871775598,2230.9265172487458
2024-08-17 07:00:00,2478.3914051963593,2966.244871775598,2230.9265172487458
2024-08-17 08:00:00,2437.7538851318154,2829.0611404353253,2136.5880895559976
2024-08-17 09:00:00,2437.7538851318154,2585.0165267481784,2039.9821776155768
2024-08-17 10:00:00,2395.664377785682,2485.8512812144104,2039.9821776155768
2024-08-17 11:00:00,2502.713391747786,2485.8512812144104,2100.9090351723958
2024-08-17 12:00:00,2531.7810700728187,2638.888796341626,2225.754907168174
2024-08-17 13:00:00,2531.7810700728187,2638.888796341626,2225.754907168174
2024-08-17 14:00:00,2477.2012307117902,2638.888796341626,2225.754907168174
2024-08-17 15:00:00,2477.2012307117902,2645.361908619616,2307.7901154850033
2024-08-17 16:00:00,2477.2012307117902,2645.361908619616,2307.7901154850033
2024-08-17 17:00:00,2356.5459007081727,2401.6289197358988,2113.9954751243135
2024-08-17 18:00:00,2356.5459007081727,2401.6289197358988,2113.9954751243135
2024-08-17 19:00:00,2587.3534497362525,2420.398778019769,2210.6847989852567
2024-08-17 20:00:00,2587.3534497362525,2543.6855366669997,2210.6847989852567
2024-08-17 21:00:00,2652.061625367419,2567.943773535003,2240.4520015174676
2024-08-17 22:00:00,2879.8302180341243,2996.743348583042,2258.419868200022
2024-08-17 23:00:00,2962.0100860311954,2996.743348583042,2270.317834542421
2024-08-18 00:00:00,3085.229310100486,3013.573660136247,2284.0679125742363
2024-08-18 01:00:00,2928.5598982845345,2929.0156024869816,2113.945940073075
2024-08-18 02:00:00,2883.9300561592095,3229.3634717145346,2218.3466800565084
2024-08-18 03:00:00,2883.9300561592095,3229.3634717145346,2272.1757025967227
2024-08-18 04:00:00,2632.8919758496086,3002.752536995047,2382.118105989027
2024-08-18 05:00:00,2632.8919758496086,2857.2862331238853,2288.3394438967207
2024-08-18 06:00:00,2613.9806481490095,2857.2862331238853,2288.3394438967207
2024-08-18 07:00:00,2613.9806481490095,2702.3264536187376,2269.078195846564
2024-08-18 08:00:00,2594.735668102235,2702.3264536187376,2124.856039315596
2024-08-18 09:00:00,2355.250752754285,2579.789406278886,2086.753551718064
2024-08-18 10:00:00,2355.250752754285,2579.789406278886,2086.753551718064
2024-08-18 11:00:00,2681.904763677241,2579.789406278886,2250.4998783417254
2024-08-18 12:00:00,2774.9060936317096,2741.40649470455,2434.3303107951847
2024-08-18 13:00:00,2806.3130654444967,2935.4213877487045,2434.3303107951847
2024-08-18 14:00:00,2897.2271793562495,2941.658548578199,2434.3303107951847
2024-08-18 15:00:00,2806.3130654444967,2935.4213877487045,2381.1553820133413
2024-08-18 16:00:00,2540.6464086515875,2659.938445172004,2180.814463401186
2024-08-18 17:00:00,2514.3465067434454,2557.392590109055,2180.814463401186
2024-08-18 18:00:00,2540.6464086515875,2557.392590109055,2221.45303995373
2024-08-18 19:00:00,2611.283982257392,2896.5026543194385,2436.0144670979907
2024-08-18 20:00:00,3170.342372753525,3147.940972173954,2825.871409762706
2024-08-18 21:00:00,3342.7704158993897,3267.5284694771353,2905.8249188415007
2024-08-18 22:00:00,4014.7288362393156,3543.68359597066,3052.594210381502
2024-08-18 23:00:00,4014.7288362393156,3543.68359597066,3052.594210381502
2024-08-19 00:00:00,3979.965450764551,3314.462183982557,3000.983068703673
2024-08-19 01:00:00,2816.4724112509502,2590.3803539632486,2126.2891954968327
2024-08-19 02:00:00,2836.664623916411,2597.061161612911,2211.3861979911126
2024-08-19 03:00:00,2896.104697315378,2710.5900301512274,2312.570560807112
2024-08-19 04:00:00,3120.823916864469,2763.362171819585,2433.3439982557225
2024-08-19 05:00:00,3120.823916864469,3204.545598012818,2433.3439982557225
2024-08-19 06:00:00,3009.835580122649,3204.545598012818,2422.901996353668
2024-08-19 07:00:00,2978.3106536911823,3204.545598012818,2356.325047722923
2024-08-19 08:00:00,2978.3106536911823,3177.098521552178,2356.325047722923
2024-08-19 09:00:00,2508.6924970058526,2640.2373156293734,2110.7839004176913
2024-08-19 10:00:00,2388.9532464686954,2576.815335460584,2110.7839004176913
2024-08-19 11:00:00,2388.9532464686954,2576.815335460584,2140.937602370609
2024-08-19 12:00:00,2571.4594682249226,2682.662154417988,2338.111969510482
2024-08-19 13:00:00,2805.8845291670455,2818.4106173013947,2375.2482351613485
2024-08-19 14:00:00,2832.049057711806,2829.052941094894,2422.5006756745365
2024-08-19 15:00:00,2832.049057711806,2922.0908017032853,2500.225398961278
2024-08-19 16:00:00,2677.7585361499832,2922.0908017032853,2500.225398961278
2024-08-19 17:00:00,2651.290805554617,3004.0764204936913,2476.1744662518236
2024-08-19 18:00:00,2651.290805554617,3078.99865283888,2413.406645533003
2024-08-19 19:00:00,2651.290805554617,3078.99865283888,2413.406645533003
2024-08-19 20:00:00,2587.7315658688794,2704.462350707185,2064.812091097067
2024-08-19 21:00:00,2587.7315658688794,2704.462350707185,2043.34914168171
2024-08-19 22:00:00,2879.9918396947155,3066.087940363161,2064.812091097067
2024-08-19 23:00:00,2944.5648156064353,3226.558863839839,2320.1073482129864
2024-08-20 00:00:00,3023.648415681864,3278.3093066909187,2335.437041990691
2024-08-20 01:00:00,2549.3634151126043,2613.5546077015606,1816.8605184907392
2024-08-20 02:00:00,2589.1149946050236,2549.4291915523863,1815.7984879814219
2024-08-20 03:00:00,2589.1149946050236,2549.4291915523863,1815.7984879814219
2024-08-20 04:00:00,2498.405761579168,2580.574079506715,2095.6945714855538
2024-08-20 05:00:00,2497.5315685288538,2693.115060223635,2258.2810596124386
2024-08-20 06:00:00,2398.044061455147,2693.115060223635,2258.2810596124386
2024-08-20 07:00:00,2427.8541521698285,2672.4013275628668,2244.394591176834
2024-08-20 08:00:00,2398.044061455147,2672.4013275628668,2244.394591176834
2024-08-20 09:00:00,2427.8541521698285,2672.4013275628668,2327.6552157250785
2024-08-20 10:00:00,2440.2920705427687,2695.680419400453,2327.6552157250785
2024-08-20 11:00:00,2478.1950155305735,2844.9667989426225,2327.6552157250785
2024-08-20 12:00:00,2478.1950155305735,3050.6674615984402,2382.7040923708273
2024-08-20 13:00:00,2564.135461442752,3050.6674615984402,2528.7686386335527
2024-08-20 14:00:00,2470.495116086548,3037.6658031306706,2382.7040923708273
2024-08-20 15:00:00,2259.8983338285766,2902.2461029396045,2215.0995323560683
2024-08-20 16:00:00,2224.8234664230845,2876.044540164682,2215.0995323560683
2024-08-20 17:00:00,2076.5894088513987,2761.144699369436,2249.135763812436
2024-08-20 18:00:00,2076.5894088513987,2761.144699369436,2255.2459235048564
2024-08-20 19:00:00,2269.746111312402,2796.046751868288,2370.6090680642665
2024-08-20 20:00:00,2420.4770181434556,3058.702573229916,2535.9702767188446
2024-08-20 21:00:00,3077.023341703955,4045.5877613143653,3143.5870543570804
2024-08-20 22:00:00,3754.1413715475405,4778.800641421067,3475.8391458412393
2024-08-20 23:00:00,3900.7105693123112,4907.38958318075,3794.365679820324
2024-08-21 00:00:00,4104.943684601132,4962.683017135589,3635.1024128307818
2024-08-21 01:00:00,4742.914923266734,5429.505217625187,3737.0450508128993
2024-08-21 02:00:00,4889.454613090516,6060.755390453103,4104.953936929985
2024-08-21 03:00:00,5093.826293026129,6292.553861400285,4461.044871381622
2024-08-21 04:00:00,5093.826293026129,6520.010509094669,4461.044871381622
2024-08-21 05:00:00,4880.095929242141,6520.010509094669,4151.613038550686
2024-08-21 06:00:00,4700.753476136541,5482.655914666864,3826.72545618975
2024-08-21 07:00:00,4700.753476136541,5482.655914666864,3826.72545618975
2024-08-21 08:00:00,4939.443153939554,6827.540756198953,4754.88561725391
2024-08-21 09:00:00,5920.323545979401,8587.057070941246,6460.186647965677
2024-08-21 10:00:00,5920.323545979401,8799.051436627915,6460.186647965677
2024-08-21 11:00:00,5158.057218145029,8799.051436627915,5920.805132891522
2024-08-21 12:00:00,5158.057218145029,8550.61335568738,5920.805132891522
2024-08-21 13:00:00,6081.584794650802,8550.61335568738,6323.978027208707
2024-08-21 14:00:00,6924.495225834439,9153.846320174303,6858.016650600714
2024-08-21 15:00:00,7465.637814038232,10522.761092990371,7203.889084256409
2024-08-21 16:00:00,8229.517383486009,10969.870809344342,7620.511117027643
2024-08-21 17:00:00,8258.255152771831,11176.640673290547,7620.511117027643
2024-08-21 18:00:00,8229.517383486009,11235.44567452709,7746.21190588908
2024-08-21 19:00:00,8258.255152771831,11910.360953419884,7756.725041328835
2024-08-21 20:00:00,8424.422442987052,11910.360953419884,7976.688145913853
2024-08-21 21:00:00,8889.501359148864,11910.360953419884,8466.622826854786
2024-08-21 22:00:00,8889.501359148864,13124.793974886688,9155.133962441047
2024-08-21 23:00:00,8693.888884175432,13675.353770789026,9778.096670936251
2024-08-22 00:00:00,8683.814296338769,13769.706857642755,9917.506608653053
2024-08-22 01:00:00,9268.205941574359,12363.218817496308,9589.189407983642
2024-08-22 02:00:00,9169.650288773988,12362.423430600073,9558.82191076699
2024-08-22 03:00:00,9169.650288773988,12033.107824369165,9306.092179605648
2024-08-22 04:00:00,8799.616809946552,11403.441872159503,8411.202501202133
2024-08-22 05:00:00,8799.616809946552,11403.441872159503,8186.96448575266
2024-08-22 06:00:00,8877.800351869771,11417.350942207911,8186.96448575266
2024-08-22 07:00:00,8877.800351869771,11417.350942207911,8186.96448575266
2024-08-22 08:00:00,7919.113922445543,9733.065310537802,7889.444357480834
2024-08-22 09:00:00,6477.74916245363,9521.055062514974,7473.15080281298
2024-08-22 10:00:00,6477.74916245363,9521.055062514974,7889.444357480834
2024-08-22 11:00:00,6514.974609859471,11437.136483142609,8372.601229736623
2024-08-22 12:00:00,7201.0900584892615,12418.766786280377,9678.353270475813
2024-08-22 13:00:00,9150.59913475788,12815.379630881558,10028.122120241518
2024-08-22 14:00:00,10419.497493986757,14487.961532032292,11591.190547820162
2024-08-22 15:00:00,11978.65719370513,15377.204726370375,13528.394913694316
2024-08-22 16:00:00,12927.339076054868,15592.880334440672,13772.108526792721
2024-08-22 17:00:00,13018.145538992092,16068.69077967734,14427.152998557527
2024-08-22 18:00:00,13528.450822204812,16498.70068005093,14430.543873824266
2024-08-22 19:00:00,13784.869042634713,16530.568529606702,14770.468846211745
2024-08-22 20:00:00,14121.144517745566,17179.70727624425,15686.197645811353
2024-08-22 21:00:00,14121.144517745566,17897.043710372975,16201.029241313887
2024-08-22 22:00:00,13799.82442068779,18091.727450921906,16325.485295539034
2024-08-22 23:00:00,13799.82442068779,18579.772956377616,16488.086300606592
2024-08-23 00:00:00,13992.263338558567,18822.099554874283,16615.486268471635
2024-08-23 01:00:00,13127.40696656534,18066.209794382587,16978.00297966612
2024-08-23 02:00:00,13243.671534971378,17958.25047543599,17015.697290535794
2024-08-23 03:00:00,13827.615808550365,18271.01172371381,17197.243111841548
2024-08-23 04:00:00,14492.683194462204,18572.96720389713,17258.33993712407
2024-08-23 05:00:00,14586.640388246266,18572.96720389713,17269.844495043668
2024-08-23 06:00:00,15478.616158813404,18538.430898711442,17269.844495043668
2024-08-23 07:00:00,15478.616158813404,18374.690264070112,17269.844495043668
2024-08-23 08:00:00,14613.397172276582,17654.533160846942,16867.81210415477
2024-08-23 09:00:00,14515.350717240766,17505.919112082098,16246.761798847016
2024-08-23 10:00:00,14278.621004042894,16038.090160747306,15132.503777052872
2024-08-23 11:00:00,13565.055288089225,15513.268344374974,14793.474070883593
2024-08-23 12:00:00,12078.161088565097,14012.316136291478,13292.57056956097
2024-08-23 13:00:00,11828.274495424539,13136.914777392925,12412.608863232432
2024-08-23 14:00:00,9765.646742165281,9979.487458552274,8786.442947074069
2024-08-23 15:00:00,8247.053303774064,9757.078522425367,8258.186266093644
2024-08-23 16:00:00,8034.656014686399,8074.657009618235,7151.857385211866
2024-08-23 17:00:00,7135.98364754116,7688.133976025322,6013.430493568932
2024-08-23 18:00:00,7135.98364754116,7688.133976025322,6013.430493568932
2024-08-23 19:00:00,8421.760622156411,9778.741382459146,7647.438745535039
2024-08-23 20:00:00,9929.080348771258,11867.842526426854,9666.450066709656
2024-08-23 21:00:00,12405.581785002843,13826.8432879753,11032.541107412759
2024-08-23 22:00:00,12565.489532610058,14441.959401617361,11735.148986857836
2024-08-23 23:00:00,12565.489532610058,14778.50938350389,11735.148986857836
2024-08-24 00:00:00,12885.318141002279,14803.502796416029,12138.477311990913
2024-08-24 01:00:00,13185.945426009039,14969.562897373387,13311.867571944982
2024-08-24 02:00:00,13359.089216891682,15245.49904793251,12994.394154108222
2024-08-24 03:00:00,13012.801635126398,14693.626746814267,12622.235958907511
2024-08-24 04:00:00,12547.938464112181,14315.659772025969,10965.984875554219
2024-08-24 05:00:00,12547.938464112181,14205.731725937605,10739.138706936623
2024-08-24 06:00:00,12369.780833139794,13263.379210749456,10375.601457084194
2024-08-24 07:00:00,11845.466751578428,11217.433902317374,9072.550225621333
2024-08-24 08:00:00,9993.725517475608,11196.625839865876,7856.397486972355
2024-08-24 09:00:00,7716.688962581272,8876.573122698526,6109.070695361067
2024-08-24 10:00:00,6338.498034333259,6854.674164508961,4691.559012208338
2024-08-24 11:00:00,5498.3031635927555,4236.405351072614,3797.838258000983
2024-08-24 12:00:00,3464.4118757988763,3099.521990626271,2633.427493865421
2024-08-24 13:00:00,3037.3677786210383,2883.6017276536604,2323.7951308851784
2024-08-24 14:00:00,2909.7159344238894,2576.7711842933218,2221.912350058961
2024-08-24 15:00:00,2706.4463259772456,2573.6925261621086,2104.6073762887963
2024-08-24 16:00:00,2687.0533423317506,2573.6925261621086,2099.1702732969397
2024-08-24 17:00:00,2687.0533423317506,2749.184444856699,2077.0729600231803
2024-08-24 18:00:00,2774.582732235699,2808.3413423922275,2077.0729600231803
2024-08-24 19:00:00,3381.388322147509,3346.0455369307674,2593.793716891781
2024-08-24 20:00:00,3663.817309670546,3846.0677753194614,2811.366641483715
2024-08-24 21:00:00,3680.732419519902,3960.814866361931,2955.4973700000055
2024-08-24 22:00:00,4811.750010997622,5330.996250559745,3443.8366706513552
2024-08-24 23:00:00,4811.750010997622,5330.996250559745,3443.8366706513552
2024-08-25 00:00:00,4749.280994838837,5020.843153566707,3438.0162865629145
2024-08-25 01:00:00,3603.2078921091133,3745.296972132088,2726.7868286863786
2024-08-25 02:00:00,3919.30023351219,4314.842200764986,2859.299142035054
2024-08-25 03:00:00,3931.0325313466587,4638.704930073598,3058.6037696498543
2024-08-25 04:00:00,3934.316308156164,4890.974849565731,3123.6243963667002
2024-08-25 05:00:00,3934.316308156164,4890.974849565731,3172.0035866442313
2024-08-25 06:00:00,3827.0441672380357,4878.549550512592,3209.061726605334
2024-08-25 07:00:00,3716.910176368735,4349.559343475846,3172.0035866442313
2024-08-25 08:00:00,3531.991492426104,3955.677769969575,2837.9037124399733
2024-08-25 09:00:00,3453.4152741276703,3413.5405928632326,2805.8620111093433
2024-08-25 10:00:00,2978.3143705773136,2952.822546070195,2429.6898237691785
2024-08-25 11:00:00,2764.4783396298308,2912.4725580352992,2308.9728913798986
2024-08-25 12:00:00,2744.2423892496963,2439.427058988423,2259.8413532095574
2024-08-25 13:00:00,2370.7519723382475,2407.5435345216765,2011.281283320437
2024-08-25 14:00:00,2370.7519723382475,2407.5435345216765,1939.9986069384497
2024-08-25 15:00:00,2597.480226563218,2583.6225278605452,1939.9986069384497
2024-08-25 16:00:00,2597.480226563218,2583.6225278605452,2073.6717526770526
2024-08-25 17:00:00,2506.0903055822123,2569.51431648961,2176.242386391271
2024-08-25 18:00:00,2482.0147653255017,2569.51431648961,2113.643765853148
2024-08-25 19:00:00,2482.0147653255017,2751.3917313715842,2176.242386391271
2024-08-25 20:00:00,2829.814996082063,2971.1521845051902,2286.119001853417
2024-08-25 21:00:00,3122.93240193177,3057.475553578108,2289.7068528607206
2024-08-25 22:00:00,3579.304058652912,3785.360033280028,2682.0329801188486
2024-08-25 23:00:00,3793.2801444421843,3785.360033280028,2789.615940006911
2024-08-26 00:00:00,3794.7226948236175,3838.8568670512177,2835.959748414299
2024-08-26 01:00:00,2961.621299878729,2880.5852775724607,2300.9881853313354
2024-08-26 02:00:00,2848.681554626306,2853.5910489307907,2278.9288543726616
2024-08-26 03:00:00,2730.56609898505,2648.0407577136402,1984.6394067366805
2024-08-26 04:00:00,2730.56609898505,2648.0407577136402,1984.6394067366805
2024-08-26 05:00:00,2903.4327391302577,3141.1790737605666,2190.735088521273
2024-08-26 06:00:00,2903.4327391302577,3169.4684289540387,2256.8026988156157
2024-08-26 07:00:00,2665.9020100901985,3141.1790737605666,2190.735088521273
2024-08-26 08:00:00,2299.041914293496,2444.112678269589,1887.3998643878178
2024-08-26 09:00:00,2299.041914293496,2444.112678269589,1887.3998643878178
2024-08-26 10:00:00,2530.3125984786598,2446.7935843628693,2018.4880873558752
2024-08-26 11:00:00,2530.3125984786598,2499.3151307210433,2018.4880873558752
2024-08-26 12:00:00,2377.5966517205197,2446.7935843628693,1906.3595395125608
2024-08-26 13:00:00,2377.5966517205197,2445.3766312437283,1906.3595395125608
2024-08-26 14:00:00,2503.1353382710486,2404.9977576825813,2098.3083991300314
2024-08-26 15:00:00,2503.1353382710486,2380.287286858432,2098.3083991300314
2024-08-26 16:00:00,2433.178926249995,2275.545607891066,1839.137740213234
2024-08-26 17:00:00,2433.178926249995,2275.545607891066,1839.137740213234
2024-08-26 18:00:00,2830.721731880889,2334.699228438664,2015.1426767487196
2024-08-26 19:00:00,2843.043953550613,2592.0492419356915,2037.039525381017
2024-08-26 20:00:00,2943.5365617567977,2953.967017090336,2120.755986254223
2024-08-26 21:00:00,2957.9206525425075,3004.9023662502505,2178.46777532507
2024-08-26 22:00:00,3331.6260206953266,3473.8975580298816,2756.533007313771
2024-08-26 23:00:00,4040.3407430198654,4293.54158374962,3099.2242232380636
2024-08-27 00:00:00,4065.0000152120137,4320.168230245229,3106.37678216783
2024-08-27 01:00:00,3357.8360536715513,3468.4600726566623,2590.5489181989624
2024-08-27 02:00:00,3211.496295293101,3284.068656843042,2446.596397424092
2024-08-27 03:00:00,2907.6559550892734,2739.5053768021803,1974.13664402775
2024-08-27 04:00:00,2774.6305942353383,2682.317760147368,1974.13664402775
2024-08-27 05:00:00,2774.6305942353383,2681.8804037238597,2003.5070663867875
2024-08-27 06:00:00,2744.63736984401,2682.317760147368,2193.820718152047
2024-08-27 07:00:00,2696.0671271467218,2619.057859979718,2084.4255424760136
2024-08-27 08:00:00,2604.504045027302,2570.499655526962,2084.4255424760136
2024-08-27 09:00:00,2604.504045027302,2570.499655526962,2084.4255424760136
2024-08-27 10:00:00,2690.782828868633,2685.39669034647,2135.7382954643213
2024-08-27 11:00:00,2690.782828868633,2754.956905752187,2135.7382954643213
2024-08-27 12:00:00,2504.0225019929903,2754.956905752187,2088.451973434955
2024-08-27 13:00:00,2504.0225019929903,2712.0250553949877,1948.2068753942342
2024-08-27 14:00:00,2504.0225019929903,2626.5822111172565,1859.7103363264323
2024-08-27 15:00:00,2418.0707522293333,2484.9224154561425,1841.5036372922218
2024-08-27 16:00:00,2388.5760176837384,2484.9224154561425,1764.7283076531116
2024-08-27 17:00:00,2418.0707522293333,2484.9224154561425,1773.9550534416182
2024-08-27 18:00:00,2474.190997672642,2496.1028188390724,1773.9550534416182
2024-08-27 19:00:00,2490.4899424253626,2659.542484550776,1930.5479615541494
2024-08-27 20:00:00,2494.2712079487687,2659.542484550776,1930.5479615541494
2024-08-27 21:00:00,2627.1500840869967,2905.8541583787505,2048.5785526145223
2024-08-27 22:00:00,3070.395292997109,3571.662884300512,2632.4530840810653
2024-08-27 23:00:00,3256.908346221905,3853.706571529362,2900.561628428116
2024-08-28 00:00:00,3312.931372052724,3862.197655114436,2923.4147205187683
2024-08-28 01:00:00,3427.0480275458185,3707.023665356233,2995.6407500682235
2024-08-28 02:00:00,3393.1965997640123,3771.3226933571714,3006.5800182855282
2024-08-28 03:00:00,3359.3939875899096,3869.073068399014,3165.052374356464
2024-08-28 04:00:00,3345.506186947673,4126.239408923818,3241.6797719520373
2024-08-28 05:00:00,3337.935794984123,4126.62874933144,3303.462949290366
2024-08-28 06:00:00,3334.6918903116466,4192.707957466306,3403.2198295659605
2024-08-28 07:00:00,3334.6918903116466,4245.073603145827,3403.2198295659605
2024-08-28 08:00:00,3548.5492056184544,4437.760133806865,3489.6733140641104
2024-08-28 09:00:00,3548.5492056184544,4674.599023032113,3563.236502933791
2024-08-28 10:00:00,3180.064543726111,4674.599023032113,3563.236502933791
2024-08-28 11:00:00,2952.243840419952,4083.84750798948,2990.5398234394115
2024-08-28 12:00:00,2550.8777054112343,3927.5205524002095,2883.330946635144
2024-08-28 13:00:00,2550.8777054112343,3622.036932828306,2772.8922943003845
2024-08-28 14:00:00,2652.466882103909,3374.7670356998337,2883.330946635144
2024-08-28 15:00:00,2652.466882103909,3194.998418720087,2635.8207663901803
2024-08-28 16:00:00,2464.79075126583,3194.998418720087,2362.356882352831
2024-08-28 17:00:00,2464.79075126583,3194.998418720087,2362.356882352831
2024-08-28 18:00:00,2506.384390963678,3254.7279159775107,2381.9402520207577
2024-08-28 19:00:00,2804.4480208583254,3559.2362767527134,2653.5007985522307
2024-08-28 20:00:00,2930.449113299151,3596.145339536843,2659.9583021191015
2024-08-28 21:00:00,3039.893092408622,3751.3631564775797,2831.7583341540376
2024-08-28 22:00:00,3349.646083008506,4210.457991665186,3088.395933542837
2024-08-28 23:00:00,3361.1289679188462,4330.886634227098,3104.1459198120406
2024-08-29 00:00:00,3355.387525463676,4270.672312946142,3096.270926677439
2024-08-29 01:00:00,4315.281965154045,5117.116524817961,4094.0100387969374
2024-08-29 02:00:00,4300.518821177505,5627.345811094898,3994.5029225826206
2024-08-29 03:00:00,4441.50559181036,5699.754805957462,4334.727509906304
2024-08-29 04:00:00,4441.50559181036,6015.476308377205,4334.727509906304
2024-08-29 05:00:00,4767.157616552875,6120.963741280158,4623.292905810981
2024-08-29 06:00:00,4775.901988603333,6359.123167898264,4624.5588761574945
2024-08-29 07:00:00,5670.9708213571885,7038.446938863574,5192.202672842779
2024-08-29 08:00:00,6246.139583841463,7803.348106363117,5462.2117968130815
2024-08-29 09:00:00,7008.925964326418,8876.425293996435,6235.628110979346
2024-08-29 10:00:00,7136.158776903731,8876.425293996435,6235.628110979346
2024-08-29 11:00:00,7136.158776903731,8730.376461559235,6176.788702575827
2024-08-29 12:00:00,6439.801330417008,8730.376461559235,6176.788702575827
2024-08-29 13:00:00,6439.801330417008,8763.585827520832,6489.379269239138
2024-08-29 14:00:00,6573.895409020809,8795.13053934016,6654.00403671253
2024-08-29 15:00:00,6606.466610190172,8795.13053934016,6712.557780538019
2024-08-29 16:00:00,6736.091569608213,8476.750912272959,6712.557780538019
2024-08-29 17:00:00,6923.841256167934,8293.10063570585,6646.4180824327805
2024-08-29 18:00:00,6930.656263072468,8476.750912272959,6646.4180824327805
2024-08-29 19:00:00,7201.273211611801,8614.613837427347,6840.507829995206
2024-08-29 20:00:00,7874.779644423393,9352.67708922733,7229.91671088337
2024-08-29 21:00:00,7943.62522267681,9474.837108694534,7325.035805483689
2024-08-29 22:00:00,8230.423944632845,10473.135765329938,7657.981785524113
2024-08-29 23:00:00,8289.365661776308,10651.859780512441,8407.300029249414
2024-08-30 00:00:00,8288.11502340059,10716.451551270762,8474.968288723405
2024-08-30 01:00:00,8035.850877988665,9947.802785869499,7638.454725472608
2024-08-30 02:00:00,7957.612671322761,9835.072173305172,7573.607386762002
2024-08-30 03:00:00,7193.336173883532,9459.319377489157,7348.790192679405
2024-08-30 04:00:00,7145.651440878466,8894.47148367632,7041.735518652997
2024-08-30 05:00:00,6520.188181668987,8704.323821109738,6627.63447617123
2024-08-30 06:00:00,6436.636505930683,8532.60468847624,6603.884957320863
2024-08-30 07:00:00,6364.571824410286,8173.317480432427,6147.786486098272
2024-08-30 08:00:00,5782.516230243939,7797.9228595604745,6071.437126120465
2024-08-30 09:00:00,5082.970702717741,6264.492385703439,4555.426830464674
2024-08-30 10:00:00,4317.709372031566,4562.689872937759,3377.5984244868873
2024-08-30 11:00:00,3915.797269270749,4548.872831023561,3173.9860498604403
2024-08-30 12:00:00,3234.6883912995263,3611.5933319646947,2671.3104150744794
2024-08-30 13:00:00,2834.330624498539,3501.100453442218,2497.9947113931607
2024-08-30 14:00:00,2550.0448196239017,3288.6099938295692,2492.2611129526717
2024-08-30 15:00:00,2550.0448196239017,3212.800375959985,2453.41159571077
2024-08-30 16:00:00,2693.6297562721984,3212.800375959985,2492.2611129526717
2024-08-30 17:00:00,2889.7029476408497,3277.015597337625,2600.447805897497
2024-08-30 18:00:00,3143.7634809455562,3280.39472190616,2600.447805897497
2024-08-30 19:00:00,3143.7634809455562,3280.39472190616,2600.447805897497
2024-08-30 20:00:00,2876.925185164113,3280.39472190616,2511.4532689788057
2024-08-30 21:00:00,2876.925185164113,3283.8015663500737,2548.0731081170175
2024-08-30 22:00:00,3138.1282891197757,3971.3941006647888,2511.4532689788057
2024-08-30 23:00:00,3138.1282891197757,4020.2313265869175,2508.1706509323108
2024-08-31 00:00:00,3076.113929241311,4051.4525684720784,2439.599680709399
2024-08-31 01:00:00,3887.0106669447714,4523.275966713876,3010.7873637940293
2024-08-31 02:00:00,3840.4154151288794,4506.534413744705,2970.691227161844
2024-08-31 03:00:00,3840.4154151288794,4407.7720538283,2909.668879074158
2024-08-31 04:00:00,3770.2247392066447,4120.77914412038,2828.172644451212
2024-08-31 05:00:00,3416.527270604701,4120.77914412038,2805.485926576953
2024-08-31 06:00:00,3315.9879080060427,3236.0927705156855,2466.380078284303
2024-08-31 07:00:00,2719.8781618800735,3041.880995780575,2169.3988668982347
2024-08-31 08:00:00,2719.8781618800735,3003.5686776216053,2169.3988668982347
2024-08-31 09:00:00,2770.4168023020948,3003.5686776216053,2183.573903454692
2024-08-31 10:00:00,2865.817988505468,3078.682957693944,2252.211022920347
2024-08-31 11:00:00,3240.545073063076,3365.1605723736548,2537.114120769758
2024-08-31 12:00:00,3397.7614237634234,3365.1605723736548,2829.7389003516532
2024-08-31 13:00:00,3397.7614237634234,3426.5404263363307,2936.286346855196
2024-08-31 14:00:00,3014.3488169798957,3274.2340302619355,2829.7389003516532
2024-08-31 15:00:00,2979.8636061682037,3182.2691815255484,2713.335112361292
2024-08-31 16:00:00,2395.0787521889292,2868.5856034966087,2392.7287202081397
2024-08-31 17:00:00,2391.6547368235165,2810.102764791282,2262.3598162469434
2024-08-31 18:00:00,2391.6547368235165,2793.582270686062,2262.3598162469434
2024-08-31 19:00:00,2435.5550653050786,2810.102764791282,2266.379354295711
2024-08-31 20:00:00,2579.335169119563,2869.733882401666,2374.3090337434414
2024-08-31 21:00:00,2854.8791965969817,2925.917198334217,2417.0695462333183
2024-08-31 22:00:00,2937.5016891631103,3514.1100113393136,2479.736756604325
2024-08-31 23:00:00,3290.665991020888,3726.3264755208525,2610.6776701640165
2024-09-01 00:00:00,3415.4462221342114,3844.454736173342,2684.1048948422144
2024-09-01 01:00:00,3632.2776742698725,3373.2937689579517,2299.175324728898
2024-09-01 02:00:00,3762.7670640276438,3644.965396903774,2486.311171919363
2024-09-01 03:00:00,4198.668510447153,4091.669068429653,2699.5429794007746
2024-09-01 04:00:00,4428.366520206475,4826.670765917612,3293.4755981700196
2024-09-01 05:00:00,5038.868582263651,5251.800552173642,3442.1611433084754
2024-09-01 06:00:00,5357.566419445918,6471.357961745338,3803.882071004339
2024-09-01 07:00:00,5696.713490675201,6602.727874834093,4127.145453374074
2024-09-01 08:00:00,5696.713490675201,6602.727874834093,4127.145453374074
2024-09-01 09:00:00,5464.356237268729,5201.925783295555,3377.0028888240886
2024-09-01 10:00:00,5397.031383496234,4910.182985355729,3377.0028888240886
2024-09-01 11:00:00,4719.02651122556,4643.383289748098,3010.032741697852
2024-09-01 12:00:00,4122.330034284527,4177.913504419101,3010.032741697852
2024-09-01 13:00:00,3850.0039643611176,4057.884601966403,2857.050579004241
2024-09-01 14:00:00,3850.0039643611176,4057.884601966403,2846.7110193509197
2024-09-01 15:00:00,4048.0289813833697,4047.7212882242916,2846.7110193509197
2024-09-01 16:00:00,4097.784023891567,4065.3353715747135,2685.485059241489
2024-09-01 17:00:00,4165.936433607129,4065.3353715747135,2685.485059241489
2024-09-01 18:00:00,4260.377309814867,4441.855943471469,2852.6417714576264
2024-09-01 19:00:00,5191.422027258954,5743.898679318574,3919.678871635015
2024-09-01 20:00:00,6499.916385797909,6375.159624103198,3968.9326415074574
2024-09-01 21:00:00,6804.169317236951,6650.505952447883,4306.052341534494
2024-09-01 22:00:00,8135.655910131422,7417.737730794075,5317.524103967566
2024-09-01 23:00:00,8135.655910131422,7824.737210516891,5317.524103967566
2024-09-02 00:00:00,8026.023911640279,7893.571405865255,5160.397904296783
2024-09-02 01:00:00,6683.050154844306,6693.2216170969,3740.0684531623
2024-09-02 02:00:00,6411.6292152338365,6213.303864457377,3479.1231759333705
2024-09-02 03:00:00,5680.458970286421,5485.472897127939,3146.524077841876
2024-09-02 04:00:00,5253.721258472877,5422.216493815429,3146.524077841876
2024-09-02 05:00:00,5125.438916580167,5342.424156816607,3058.019325095075
2024-09-02 06:00:00,4161.380390928351,4049.021844671195,2725.6586731119887
2024-09-02 07:00:00,3407.4235311676202,4046.2685745765607,2556.7565063618904
2024-09-02 08:00:00,2800.2527451630885,3041.865258580278,2249.413054507057
2024-09-02 09:00:00,2781.5945136842392,2766.9706341483648,2217.2318750931177
2024-09-02 10:00:00,2617.2191935272012,2766.9706341483648,2217.2318750931177
2024-09-02 11:00:00,2617.2191935272012,2766.9706341483648,2217.2318750931177
2024-09-02 12:00:00,2617.2191935272012,2931.914099463539,2092.0600228537824
2024-09-02 13:00:00,2742.959299146697,2956.6021962630125,2310.62878253635
2024-09-02 14:00:00,2742.959299146697,2956.6021962630125,2315.2544934715834
2024-09-02 15:00:00,2905.738598140465,3016.3104159771606,2315.2544934715834
2024-09-02 16:00:00,2907.554557834987,3037.7537035487176,2315.2544934715834
2024-09-02 17:00:00,3001.7596263871465,3153.9859468242125,2361.5665586354517
2024-09-02 18:00:00,3001.7596263871465,3311.420345372005,2506.1532011747277
2024-09-02 19:00:00,3001.7596263871465,3361.4099591678023,2660.434441030986
2024-09-02 20:00:00,3512.5722333948115,4197.736706248127,2859.445283998707
2024-09-02 21:00:00,4271.733322225935,5160.367021272788,3451.554508108014
2024-09-02 22:00:00,4985.699159669649,7384.9554987749625,5444.651171372761
2024-09-02 23:00:00,5891.246884336821,8027.476274710493,6435.638267882984
2024-09-03 00:00:00,5934.908311429481,8208.889448045542,6526.357666623262
2024-09-03 01:00:00,5232.6149351035,7106.092203255934,5012.728202492513
2024-09-03 02:00:00,4965.444480145918,6541.993224543299,4272.052312772759
2024-09-03 03:00:00,4282.433119808969,5191.488809881307,4031.3964972713
2024-09-03 04:00:00,4229.155598239028,4970.100146255516,3837.2745799615113
2024-09-03 05:00:00,4028.4329411456506,4896.612511679972,3795.5700892301443
2024-09-03 06:00:00,3613.9072962201594,4689.919596609482,3772.4441857806078
2024-09-03 07:00:00,3485.7888102062198,4321.229114181973,3363.382079572545
2024-09-03 08:00:00,3260.4598631557456,4203.602302497844,3136.9251240968633
2024-09-03 09:00:00,3219.2367117377094,4090.6629561260934,3128.7552036203006
2024-09-03 10:00:00,3189.6214924915585,3600.5349197147343,2710.610167229207
2024-09-03 11:00:00,3075.655872767761,3456.347167801149,2590.8363449302306
2024-09-03 12:00:00,2882.2612136485027,3152.4224663168593,2416.8103312336393
2024-09-03 13:00:00,2841.611611339751,2940.184577998981,2371.664151059052
2024-09-03 14:00:00,2799.3187717512687,2929.136082331865,2360.2004913092687
2024-09-03 15:00:00,2799.3187717512687,2846.186981454369,2317.289936177448
2024-09-03 16:00:00,2799.3187717512687,2833.6935401237915,2308.0877565940823
2024-09-03 17:00:00,2563.7664695988105,2690.1194831406196,2068.884178148417
2024-09-03 18:00:00,2563.7664695988105,2690.1194831406196,2068.884178148417
2024-09-03 19:00:00,2750.903696400074,3158.1319308024404,2421.6072598459186
2024-09-03 20:00:00,2979.8940368494627,3484.1415173421346,2453.2634741135917
2024-09-03 21:00:00,3077.675189126297,3580.835749742268,2718.2802750635974
2024-09-03 22:00:00,3381.8770109279503,3962.1405092470754,2718.2802750635974
2024-09-03 23:00:00,3381.8770109279503,4051.6261956141957,2709.8426839188687
2024-09-04 00:00:00,3388.284376167816,4006.8833524306356,2586.3663473343
2024-09-04 01:00:00,2770.2960997566615,2730.5992216649292,1981.5566021811476
2024-09-04 02:00:00,2732.032456408668,2706.1916680831328,1978.92395701629
2024-09-04 03:00:00,2683.725992108976,2755.006775246726,1984.1892473460052
2024-09-04 04:00:00,2622.9320281516457,2769.0302962534197,2005.5371771671525
2024-09-04 05:00:00,2622.9320281516457,2866.7400113384424,2041.7694881988675
2024-09-04 06:00:00,2662.76730635902,2997.7849902068288,2059.046221511992
2024-09-04 07:00:00,2662.76730635902,2997.7849902068288,2059.046221511992
2024-09-04 08:00:00,2644.8626314711546,2912.486019187797,1958.1859483632375
2024-09-04 09:00:00,2610.007662494636,2862.5568651792705,1958.1859483632375
2024-09-04 10:00:00,2502.1920188564613,2715.813476864125,1931.4445979220982
2024-09-04 11:00:00,2473.9000233757533,2788.4558212195984,1976.6120007028826
2024-09-04 12:00:00,2438.2572599656532,2788.4558212195984,1976.6120007028826
2024-09-04 13:00:00,2438.2572599656532,2788.4558212195984,1976.6120007028826
2024-09-04 14:00:00,2490.6143417466533,2800.1219329593005,1968.5568437204704
2024-09-04 15:00:00,2490.6143417466533,2765.324586677035,1958.5533292097705
2024-09-04 16:00:00,2514.088461092485,2800.1219329593005,1968.5568437204704
2024-09-04 17:00:00,2658.2956298266913,2835.128692114304,2008.1288435804672
2024-09-04 18:00:00,2955.048458655179,3131.66285924967,2265.809965357113
2024-09-04 19:00:00,3532.2188595846915,3633.3901533862045,2553.7792390019263
2024-09-04 20:00:00,3774.649101649581,3855.7759921588017,2686.2313207901498
2024-09-04 21:00:00,4300.224979335865,4342.486607884311,2866.2906440614934
2024-09-04 22:00:00,5345.665781378302,5658.488573677389,3527.4642415274816
2024-09-04 23:00:00,5646.770699476017,6169.874427000088,3685.5247441148977
2024-09-05 00:00:00,5750.193247118406,6278.210684146869,3796.733770520643
2024-09-05 01:00:00,7810.940190386454,8277.781392054923,5074.639263932775
2024-09-05 02:00:00,8408.236704846338,8742.046103800536,5400.275481530657
2024-09-05 03:00:00,8957.202743779377,9259.474643501071,6143.728999219673
2024-09-05 04:00:00,10791.978560652624,10716.178612762515,6926.959032791684
2024-09-05 05:00:00,11259.05915505512,12495.69802212511,8189.591654830368
2024-09-05 06:00:00,12407.458950894532,13399.593574567794,9092.176301526952
2024-09-05 07:00:00,12407.458950894532,13399.593574567794,9092.176301526952
2024-09-05 08:00:00,11477.09150366536,12592.530372192265,8645.82185229749
2024-09-05 09:00:00,11099.424664431208,12513.173175657683,8451.48299398203
2024-09-05 10:00:00,10085.646544088304,10550.712425892983,7885.525376022073
2024-09-05 11:00:00,7733.053700040544,8166.854437945444,5541.5986467525745
2024-09-05 12:00:00,7360.420528550397,8166.854437945444,5541.5986467525745
2024-09-05 13:00:00,7280.579980673577,8210.506507250946,5733.859321591388
2024-09-05 14:00:00,7360.420528550397,8458.978273600473,5733.859321591388
2024-09-05 15:00:00,7494.461243067302,8497.745213182629,5858.003176948402
2024-09-05 16:00:00,7748.904437946776,8673.612828761215,6284.470956707202
2024-09-05 17:00:00,8691.658552807716,10531.838341250064,6655.325241823758
2024-09-05 18:00:00,8776.972182445194,10834.205789447758,6792.652738251569
2024-09-05 19:00:00,10912.748480145037,12797.910364407579,8848.060561252138
2024-09-05 20:00:00,10912.748480145037,13640.064011943003,9203.880670567998
2024-09-05 21:00:00,10853.902523970617,13854.12684899543,9203.880670567998
2024-09-05 22:00:00,10794.817867528025,13640.064011943003,8924.362277982884
2024-09-05 23:00:00,10040.633689997698,13024.788798560421,8493.370545158408
2024-09-06 00:00:00,10024.932225801793,12794.820210580125,8413.850055011611
2024-09-06 01:00:00,7097.468539200458,7941.054187043374,5610.952073033375
2024-09-06 02:00:00,5238.618330545753,5261.993002237752,3699.630191277805
2024-09-06 03:00:00,3098.361924865729,3433.3343708929797,2667.0839844895613
2024-09-06 04:00:00,3058.2122196081996,3219.0909564251588,2462.2336427286723
2024-09-06 05:00:00,3058.2122196081996,3219.0909564251588,2667.0839844895613
2024-09-06 06:00:00,3203.5001098326006,3553.7176643847815,2751.8411057965527
2024-09-06 07:00:00,3330.748583515774,3966.2575112048776,2918.540068135003
2024-09-06 08:00:00,3985.394904182284,4369.551916073426,3548.4374838218014
2024-09-06 09:00:00,4374.556651904514,5097.938078616414,3858.7050988869028
2024-09-06 10:00:00,4374.556651904514,5097.938078616414,4261.520107328217
2024-09-06 11:00:00,3980.9779440030316,4684.458777201095,4261.520107328217
2024-09-06 12:00:00,3405.391443776584,3972.159542925501,3270.7605378775597
2024-09-06 13:00:00,3223.5044738192846,3825.071363136673,2956.4494224503273
2024-09-06 14:00:00,2615.358288055078,3084.1016072481516,2555.996320115162
2024-09-06 15:00:00,2615.358288055078,2674.060241716382,2319.7172198024823
2024-09-06 16:00:00,2709.3267557282516,2674.060241716382,2282.902811125837
2024-09-06 17:00:00,2709.3267557282516,2770.818939093017,2282.902811125837
2024-09-06 18:00:00,2800.2608514339213,2858.29428080416,2331.051407347546
2024-09-06 19:00:00,2781.9731740665875,3117.54229967323,2447.689851934526
2024-09-06 20:00:00,2781.9731740665875,3282.370729112567,2447.689851934526
2024-09-06 21:00:00,2781.9731740665875,3309.564739264811,2488.228234333585
2024-09-06 22:00:00,3121.2581331717483,3625.14619147931,2503.0492390500067
2024-09-06 23:00:00,3354.9536630505418,3679.8400283269793,2511.413132481193
2024-09-07 00:00:00,3373.0902973801194,3838.363373455684,2507.2311857655995
2024-09-07 01:00:00,3628.60056204819,3957.873866321156,2464.5706775824206
2024-09-07 02:00:00,3736.4686751023896,4155.469368003201,2529.908066322922
2024-09-07 03:00:00,4006.6415211942563,4758.900908586485,3211.7996831120918
2024-09-07 04:00:00,5583.953697375321,7479.525238758344,5390.479902109806
2024-09-07 05:00:00,5583.953697375321,7479.525238758344,5390.479902109806
2024-09-07 06:00:00,5431.354961893436,6622.818846567789,5053.660992806939
2024-09-07 07:00:00,5007.790357994059,6215.506460448576,4639.295497881396
2024-09-07 08:00:00,3949.375390583335,4693.314762130077,2985.488762443085
2024-09-07 09:00:00,3645.2837643888497,4258.475466190254,2694.385824255356
2024-09-07 10:00:00,3615.6564410107844,3807.3133535295215,2634.715676364117
2024-09-07 11:00:00,3505.3513389374143,3499.2787333759925,2564.949580009633
2024-09-07 12:00:00,3367.7211998927387,3416.3692823906895,2514.2734246635396
2024-09-07 13:00:00,3367.7211998927387,3205.6840919111974,2433.304947937767
2024-09-07 14:00:00,3139.2154396105766,3205.6840919111974,2422.2550773380494
2024-09-07 15:00:00,3080.42726373395,3159.415352781239,2207.639317327185
2024-09-07 16:00:00,2965.82886953274,3170.365830118951,2207.639317327185
2024-09-07 17:00:00,2793.25594374682,3159.415352781239,2174.266391456431
2024-09-07 18:00:00,2741.503999727022,3083.30370521598,2157.0135246160926
2024-09-07 19:00:00,2793.25594374682,3043.4174435299856,2157.0135246160926
2024-09-07 20:00:00,3004.821439352231,3043.4174435299856,2471.3524829931093
2024-09-07 21:00:00,3105.259330842889,3463.8293490750884,2675.541400585798
2024-09-07 22:00:00,3733.6883545236924,4307.921389406538,2963.798329946094
2024-09-07 23:00:00,3785.44232770565,4307.921389406538,2963.798329946094
2024-09-08 00:00:00,3972.264693133847,4251.249403290527,3115.5814073104757
2024-09-08 01:00:00,3260.033237419062,3538.40538895994,2386.719743175746
2024-09-08 02:00:00,3178.7513936254786,3585.1074840682763,2450.724828522557
2024-09-08 03:00:00,3103.506148725469,3489.644928233041,2412.9252798272046
2024-09-08 04:00:00,3095.8942437684286,3481.0164427470663,2412.9252798272046
2024-09-08 05:00:00,3095.8942437684286,3443.749355842837,2412.9252798272046
2024-09-08 06:00:00,2948.7825396514977,3145.353096616327,2305.239188807056
2024-09-08 07:00:00,2617.277768808786,2982.0369794300727,2305.239188807056
2024-09-08 08:00:00,2495.912265124322,2771.102802855404,2111.1029162512377
2024-09-08 09:00:00,2495.912265124322,2718.656011904833,2012.438830337974
2024-09-08 10:00:00,2595.151505213728,2718.656011904833,2003.7688348867287
2024-09-08 11:00:00,2595.151505213728,2716.810144640695,1947.1928880007865
2024-09-08 12:00:00,2509.9876603833254,2776.8720734444178,1947.1928880007865
2024-09-08 13:00:00,2509.9876603833254,2688.914580850174,2147.2525733379443
2024-09-08 14:00:00,2463.652152864021,2747.1835242929437,2147.2525733379443
2024-09-08 15:00:00,2428.7587082402197,2694.037882568754,2059.470907280474
2024-09-08 16:00:00,2388.5519561237406,2694.037882568754,1994.8964006402325
2024-09-08 17:00:00,2354.5171862843354,2679.649438553558,1994.8964006402325
2024-09-08 18:00:00,2388.5519561237406,2661.280658009524,2095.1743816925773
2024-09-08 19:00:00,2551.5397765453417,2661.280658009524,2144.017220440197
2024-09-08 20:00:00,2598.9572781604484,2661.587649941611,2293.5991003992626
2024-09-08 21:00:00,2896.542724004916,2959.211891088972,2319.806629460727
2024-09-08 22:00:00,3226.5854676966514,3467.4829198534258,2455.9506560869218
2024-09-08 23:00:00,3226.5854676966514,3467.4829198534258,2455.9506560869218
2024-09-09 00:00:00,3123.841478049838,3457.38297447996,2356.2542001656348
2024-09-09 01:00:00,2924.2572411832343,2691.439087493185,2277.3964258465858
2024-09-09 02:00:00,3002.288206158025,2736.553056739567,2285.2458192342247
2024-09-09 03:00:00,3002.288206158025,2736.553056739567,2222.3688292464694
2024-09-09 04:00:00,2840.398890790618,2928.510632350511,2223.5607435330176
2024-09-09 05:00:00,2840.398890790618,2969.543780338572,2190.118332803327
2024-09-09 06:00:00,2840.398890790618,2969.543780338572,2105.5953977978224
2024-09-09 07:00:00,2831.8478542203347,2965.318569193847,2093.3876904780095
2024-09-09 08:00:00,2685.2280887525526,2912.1457719138025,2053.5023980482247
2024-09-09 09:00:00,2467.840190585376,2887.2651939677326,2049.8928619559465
2024-09-09 10:00:00,2458.398047857878,2753.5764411354066,1978.1754563078252
2024-09-09 11:00:00,2443.1178564419242,2751.34725874161,1969.1324344642003
2024-09-09 12:00:00,2431.208638668936,2595.436694290762,1876.1906340208857
2024-09-09 13:00:00,2323.1530665695363,2576.376176953271,1876.1906340208857
2024-09-09 14:00:00,2274.419696261569,2537.952668242821,1831.185235220752
2024-09-09 15:00:00,2274.419696261569,2537.952668242821,1897.6306728028944
2024-09-09 16:00:00,2328.325327458703,2555.675351304285,1897.6306728028944
2024-09-09 17:00:00,2383.2297505623847,2557.3239840356423,1897.6306728028944
2024-09-09 18:00:00,2418.2688750794887,2582.4977158491465,1921.0383813354135
2024-09-09 19:00:00,2741.126772558866,2856.422861469016,2265.261875797957
2024-09-09 20:00:00,2907.162323527777,3102.5420860165905,2303.1480174849485
2024-09-09 21:00:00,2928.406036273273,3238.797951764048,2296.2146500238114
2024-09-09 22:00:00,3415.6751637753405,3702.750822492612,2368.3651762582513
2024-09-09 23:00:00,3513.116179406318,3828.291469548719,2368.3651762582513
2024-09-10 00:00:00,3727.1824948644494,3859.5857121649933,2386.2111921891287
2024-09-10 01:00:00,3198.943747505381,3324.3906407031627,2286.1612517606936
2024-09-10 02:00:00,3253.5059986005203,3313.520268098068,2330.172487610357
2024-09-10 03:00:00,3406.5739957711426,3273.9405670388333,2426.977754684603
2024-09-10 04:00:00,3406.5739957711426,3238.0650636014243,2426.977754684603
2024-09-10 05:00:00,3076.601145371809,3123.1166163618736,2160.5580176868484
2024-09-10 06:00:00,3076.601145371809,3123.1166163618736,2160.5580176868484
2024-09-10 07:00:00,3250.340680963698,3643.052057170002,2256.8553478604476
2024-09-10 08:00:00,3250.340680963698,3643.052057170002,2256.8553478604476
2024-09-10 09:00:00,2982.2471845072623,3408.0471823771886,2043.9067925609277
2024-09-10 10:00:00,2784.592229895423,2719.6318066284575,2043.9067925609277
2024-09-10 11:00:00,2784.592229895423,2719.6318066284575,2098.4003836979437
2024-09-10 12:00:00,2784.592229895423,2753.767394810479,2379.167105202839
2024-09-10 13:00:00,2700.9110716704154,2765.2784524443687,2379.167105202839
2024-09-10 14:00:00,2608.1738793357686,2824.6862067607653,2338.810002756378
2024-09-10 15:00:00,2608.1738793357686,2915.8744301243573,2223.5167704907212
2024-09-10 16:00:00,2719.435650442031,2915.8744301243573,2223.5167704907212
2024-09-10 17:00:00,2868.52317648979,3186.057660205396,2269.749782072558
2024-09-10 18:00:00,3134.9512259784133,3196.5875843814983,2355.926934522892
2024-09-10 19:00:00,3425.7486495204043,3370.015539583162,2764.531736867589
2024-09-10 20:00:00,3752.4410202798085,4023.5900733560948,2793.584303497092
2024-09-10 21:00:00,4265.72515706422,4597.017363022092,3320.8290051420963
2024-09-10 22:00:00,6145.952490848964,6596.040708438389,4325.182656239294
2024-09-10 23:00:00,6963.10517818741,6814.263793741981,4325.182656239294
2024-09-11 00:00:00,7135.989165763391,6946.209819943716,4326.080794690186
2024-09-11 01:00:00,5560.257754247694,5409.4543455318635,3251.1967216113335
2024-09-11 02:00:00,5304.912914536818,5304.371539385801,3193.15523461077
2024-09-11 03:00:00,5114.495555267985,4975.235713598667,3083.27755588985
2024-09-11 04:00:00,4746.027264708991,4531.869887504799,2810.274988486606
2024-09-11 05:00:00,3791.2341584481474,4163.88212441672,2658.275807071369
2024-09-11 06:00:00,3119.3749326868115,3528.0439547142887,2469.499400099547
2024-09-11 07:00:00,2732.490031060852,2886.294851953505,1963.8982578033126
2024-09-11 08:00:00,2574.1181102464266,2605.4199901801703,1794.857194886033
2024-09-11 09:00:00,2481.4547894972875,2605.4199901801703,1794.857194886033
2024-09-11 10:00:00,2481.4547894972875,2553.650475615769,1794.857194886033
2024-09-11 11:00:00,2543.8958677931937,2412.6310338312474,1989.1675243783598
2024-09-11 12:00:00,2687.9334263055725,2412.6310338312474,2027.4652288319473
2024-09-11 13:00:00,2692.889739530244,2573.9255554327306,2027.4652288319473
2024-09-11 14:00:00,2692.889739530244,2573.9255554327306,2007.4258740784048
2024-09-11 15:00:00,2692.889739530244,2573.9255554327306,1910.0713716537061
2024-09-11 16:00:00,2816.5242708805526,2593.6976171378305,1910.0713716537061
2024-09-11 17:00:00,2816.5242708805526,2593.6976171378305,1883.7606566792033
2024-09-11 18:00:00,2621.515618710632,2689.4121409123936,1944.2069089966087
2024-09-11 19:00:00,2621.515618710632,2768.8880018923956,2349.9041204148316
2024-09-11 20:00:00,2757.3287324341027,3032.0276553813283,2349.9041204148316
2024-09-11 21:00:00,2872.326277082177,3155.095800634716,2386.613756121339
2024-09-11 22:00:00,3288.908126452963,3875.649095046494,2537.8894642581567
2024-09-11 23:00:00,3288.908126452963,3875.649095046494,2537.8894642581567
2024-09-12 00:00:00,3308.6812648750047,3757.466473382729,2813.006204942334
2024-09-12 01:00:00,2601.482890607197,2427.6283344958974,1716.61268105237
2024-09-12 02:00:00,2570.7413091455683,2459.6036054066885,1739.095975249719
2024-09-12 03:00:00,2494.5339652318235,2475.1193932646697,1743.7250912148338
2024-09-12 04:00:00,2490.460351258832,2475.1193932646697,1881.6294772122922
2024-09-12 05:00:00,2490.460351258832,2534.9985141883544,2035.4150934864924
2024-09-12 06:00:00,2588.041142800346,2534.9985141883544,2256.9090569913133
2024-09-12 07:00:00,2627.550922264815,2881.5167399554402,2421.149162035984
2024-09-12 08:00:00,2694.398466072416,2964.2180237398225,2444.590342532001
2024-09-12 09:00:00,2770.455019953833,3090.2857333184866,2444.590342532001
2024-09-12 10:00:00,2694.398466072416,3090.2857333184866,2263.8016441258183
2024-09-12 11:00:00,2654.88332971584,2950.718834691168,2191.113199863951
2024-09-12 12:00:00,2385.135183310071,2736.849472932875,2064.8610328750624
2024-09-12 13:00:00,2292.4641140934536,2734.2102478474867,2000.4635334379673
2024-09-12 14:00:00,2146.362204550667,2389.124858121429,1645.0395809538245
2024-09-12 15:00:00,2019.1007634249702,2137.6404775165233,1547.1395018984663
2024-09-12 16:00:00,2019.1007634249702,2137.6404775165233,1547.1395018984663
2024-09-12 17:00:00,2103.4937985639926,2339.3273643892103,1730.425075076067
2024-09-12 18:00:00,2527.5154378899583,2719.157739305246,2034.1837068850514
2024-09-12 19:00:00,2572.5266405041507,2753.641030741711,2067.724320036489
2024-09-12 20:00:00,2572.5266405041507,2995.845225867587,2241.052824019692
2024-09-12 21:00:00,2940.7439090191206,3056.981534284324,2241.052824019692
2024-09-12 22:00:00,2985.0815766553155,3056.981534284324,2046.6929873063614
2024-09-12 23:00:00,3028.9466220219547,3062.753249522299,1984.2498267066785
2024-09-13 00:00:00,3135.942046812069,3079.6664802936757,1833.406654397078
2024-09-13 01:00:00,4385.672962951033,5426.169888996301,3325.9638053214585
2024-09-13 02:00:00,4424.204142697628,5420.33949694047,3342.940363080304
2024-09-13 03:00:00,4627.515801689564,5007.584633494036,3342.940363080304
2024-09-13 04:00:00,4855.875179511843,5007.584633494036,3342.940363080304
2024-09-13 05:00:00,4855.875179511843,5408.49238200893,3382.7262845475598
2024-09-13 06:00:00,5238.232835596723,5408.49238200893,3430.014286595043
2024-09-13 07:00:00,5309.145890093716,5129.371198619716,3382.7262845475598
2024-09-13 08:00:00,5309.145890093716,4827.683766759029,3263.207387807636
2024-09-13 09:00:00,4588.8914969154575,3890.790699328325,2727.231272277408
2024-09-13 10:00:00,3645.4989740523,3495.1512601754644,2511.39730499496
2024-09-13 11:00:00,3295.269388062187,3237.567098536463,2357.181646502885
2024-09-13 12:00:00,2901.6804570360437,2874.933289792741,2283.9870572022382
2024-09-13 13:00:00,2823.5343874169066,2778.0607281350226,2170.704962315837
2024-09-13 14:00:00,2649.1911676728873,2778.0607281350226,2097.3115185166885
2024-09-13 15:00:00,2605.2898814714936,2984.812866482823,2093.428311687516
2024-09-13 16:00:00,2349.5049672758587,2984.812866482823,1965.6325543206792
2024-09-13 17:00:00,2349.5049672758587,2701.641376632383,1965.6325543206792
2024-09-13 18:00:00,2678.2977535698674,2701.641376632383,2055.309863470539
2024-09-13 19:00:00,3042.7670181854764,2867.303931108586,2333.2063547237167
2024-09-13 20:00:00,3175.2744566359347,3594.0451056293423,2517.8553902470994
2024-09-13 21:00:00,3352.868170909302,4016.6667090569745,2621.4952154669713
2024-09-13 22:00:00,3715.133091292344,4698.103037893717,2881.1355596742605
2024-09-13 23:00:00,4082.0084663482585,4859.4353114745245,2887.286094167829
2024-09-14 00:00:00,4230.716588550767,5190.338052188539,2914.179392519048
2024-09-14 01:00:00,6783.26644828932,9721.518050772502,6276.778579499128
2024-09-14 02:00:00,6562.190901175003,9549.923103250007,5948.183595590425
2024-09-14 03:00:00,6343.466542496963,8857.764538096253,5564.5923183935065
2024-09-14 04:00:00,5410.695136176179,6691.447726239715,4212.686215521686
2024-09-14 05:00:00,4493.702104417569,5794.991820095478,3260.150410203611
2024-09-14 06:00:00,4072.8342196067415,4746.918375859843,3253.602291666254
2024-09-14 07:00:00,3645.207869995624,4224.66485680011,2558.0687561125897
2024-09-14 08:00:00,3521.1016680063212,3836.2204437317714,2529.078706047787
2024-09-14 09:00:00,3455.1331096054687,3836.2204437317714,2409.421627550579
2024-09-14 10:00:00,3432.7474655349456,3738.673114329824,2409.421627550579
2024-09-14 11:00:00,3432.7474655349456,3871.4010718164354,2610.821194637681
2024-09-14 12:00:00,3620.127908557105,4376.972176158692,2841.780264953303
2024-09-14 13:00:00,3620.127908557105,4376.972176158692,2841.780264953303
2024-09-14 14:00:00,3476.8455614080003,4320.135877489893,2718.3944683058558
2024-09-14 15:00:00,3393.596102105466,3910.3438108482915,2437.3268437209363
2024-09-14 16:00:00,3393.596102105466,3910.3438108482915,2437.3268437209363
2024-09-14 17:00:00,3628.991556208479,3982.6988820956203,2834.2766278264203
2024-09-14 18:00:00,3710.0362611158826,4256.915528543963,2981.5854617433897
2024-09-14 19:00:00,3903.5548818051734,4374.405996496612,3110.147687199684
2024-09-14 20:00:00,3953.5449775278294,4728.7578111739385,3166.0023522452766
2024-09-14 21:00:00,4257.259445330025,4988.269117246507,3609.5347082040216
2024-09-14 22:00:00,4294.781798457479,5721.204986102448,3609.5347082040216
2024-09-14 23:00:00,4294.781798457479,5721.204986102448,3500.0160324564145
2024-09-15 00:00:00,4214.746294679674,5288.236769759389,3160.621546032844
2024-09-15 01:00:00,3456.5393174073897,3055.7257928003673,2114.4675547354755
2024-09-15 02:00:00,3375.580825315237,3108.0105851423828,2178.0638859000765
2024-09-15 03:00:00,3315.547392753369,3219.31692506925,2388.938169468855
2024-09-15 04:00:00,3109.733297951627,3219.31692506925,2388.938169468855
2024-09-15 05:00:00,2888.227111765231,2878.141045186606,2438.2802232253157
2024-09-15 06:00:00,2777.8085005921907,2806.4524052194183,2279.400171167451
2024-09-15 07:00:00,2586.1247905775444,2738.739208325721,2149.869156608606
2024-09-15 08:00:00,2586.1247905775444,2685.955920970228,2149.869156608606
2024-09-15 09:00:00,2587.5385005779053,2738.739208325721,2210.620103656748
2024-09-15 10:00:00,2587.5385005779053,2808.3830436398875,2210.620103656748
2024-09-15 11:00:00,2558.5954597680357,2825.4010793459834,2210.620103656748
2024-09-15 12:00:00,2558.5954597680357,2930.0279695419417,2227.784732427846
2024-09-15 13:00:00,2700.2218490406203,3462.5258631909164,2644.7600887122944
2024-09-15 14:00:00,3052.5207736401685,3966.0937865922633,2778.5587830081668
2024-09-15 15:00:00,3119.1353542927063,4162.177454721158,2966.71464517557
2024-09-15 16:00:00,3706.4802047792364,5155.557865754975,3662.2402506039057
2024-09-15 17:00:00,4873.132112294421,6114.08225735942,4209.944489182359
2024-09-15 18:00:00,5104.414384864011,6144.843310304452,4609.23679859425
2024-09-15 19:00:00,4873.132112294421,6144.843310304452,4209.944489182359
2024-09-15 20:00:00,4051.0544048662423,6328.005026227324,4302.637328060207
2024-09-15 21:00:00,4051.0544048662423,6328.005026227324,4158.368278733372
2024-09-15 22:00:00,4775.866246270695,6591.938931409296,4302.637328060207
2024-09-15 23:00:00,5041.089681372171,6591.938931409296,4444.930096897288
2024-09-16 00:00:00,5224.51938345264,6607.603684794619,4588.882411680251
2024-09-16 01:00:00,3543.56061344378,3924.8285069755807,3245.129533964703
2024-09-16 02:00:00,3538.098498501585,3855.3593694691867,3213.125145269153
2024-09-16 03:00:00,3410.9187770382314,3692.587103150855,2859.8705979611527
2024-09-16 04:00:00,3149.8726702438134,3633.8068717862675,2829.4830081040395
2024-09-16 05:00:00,3140.3920339033584,3472.4323192829333,2776.836591150567
2024-09-16 06:00:00,3149.8726702438134,3472.4323192829333,2829.4830081040395
2024-09-16 07:00:00,3147.491816122393,3500.622748283866,2744.4609310241312
2024-09-16 08:00:00,3147.491816122393,3500.622748283866,2744.4609310241312
2024-09-16 09:00:00,2995.8380869101916,3198.386414459133,2597.5894670434477
2024-09-16 10:00:00,2788.091861017799,3018.179449933148,2476.3326587764677
2024-09-16 11:00:00,2788.091861017799,3018.179449933148,2476.3326587764677
2024-09-16 12:00:00,2980.5502661551545,3054.551396896505,2476.3326587764677
2024-09-16 13:00:00,3056.66494155869,3080.506292616352,2416.1813576284644
2024-09-16 14:00:00,3142.4451450214365,3094.8259786387234,2399.3353846417476
2024-09-16 15:00:00,3056.66494155869,3164.369723002384,2399.3353846417476
2024-09-16 16:00:00,2960.6092377145746,3118.9086165973813,2436.721731960016
2024-09-16 17:00:00,2960.6092377145746,3163.2954424531827,2436.721731960016
2024-09-16 18:00:00,3248.7472246696007,3163.2954424531827,2477.5094594044267
2024-09-16 19:00:00,3621.7067815447467,3412.773060861929,2613.117714053744
2024-09-16 20:00:00,3672.974606220897,3707.753396113318,2764.297955646786
2024-09-16 21:00:00,3707.282508100895,3914.430626105971,2773.8118086312597
2024-09-16 22:00:00,4493.157281380789,4898.762827246464,2925.165125260345
2024-09-16 23:00:00,4493.157281380789,4898.762827246464,2925.165125260345
2024-09-17 00:00:00,4657.8274659380495,5018.599852573847,3035.9215910162875
2024-09-17 01:00:00,4148.82537635064,3460.7211250998616,2373.1226148216983
2024-09-17 02:00:00,4137.501515449013,3693.17401908032,2468.336671509964
2024-09-17 03:00:00,4137.501515449013,3693.17401908032,2588.4457100206646
2024-09-17 04:00:00,4449.8454996209375,4301.211654594828,2943.967932741808
2024-09-17 05:00:00,4694.737756052191,4301.211654594828,2943.967932741808
2024-09-17 06:00:00,4449.8454996209375,4261.667916024799,2910.600217996147
2024-09-17 07:00:00,4010.0340462227323,4066.369320540255,2690.345287420333
2024-09-17 08:00:00,3909.79783750672,4025.7508251326317,2690.345287420333
2024-09-17 09:00:00,3905.2203917771562,4025.7508251326317,2711.6521550494467
2024-09-17 10:00:00,3686.230531957152,3823.7867131497032,2711.6521550494467
2024-09-17 11:00:00,3251.318474483968,2980.086058937704,2443.641539571053
2024-09-17 12:00:00,2751.128324112142,2980.086058937704,2372.5430532525766
2024-09-17 13:00:00,2747.655762230942,3012.2548532292435,2166.7517908870122
2024-09-17 14:00:00,2747.655762230942,3012.2548532292435,2166.2319533840755
2024-09-17 15:00:00,3042.394249455059,3012.2548532292435,2166.2319533840755
2024-09-17 16:00:00,3042.394249455059,2973.4063494609327,2166.2319533840755
2024-09-17 17:00:00,3042.394249455059,3063.645423603899,2199.3510518937155
2024-09-17 18:00:00,3170.444923629542,3512.0517725184363,2707.7319354117035
2024-09-17 19:00:00,3304.899244759438,3512.0517725184363,2707.7319354117035
2024-09-17 20:00:00,3304.899244759438,3512.0517725184363,2702.9666282968255
2024-09-17 21:00:00,3457.528858151589,3609.7799721592514,2702.9666282968255
2024-09-17 22:00:00,3789.6768787671876,4571.0589198060825,3192.386785372494
2024-09-17 23:00:00,3841.2664261970394,4589.163153234824,3192.386785372494
2024-09-18 00:00:00,3997.27405387336,4828.517461787553,3306.312733824837
2024-09-18 01:00:00,3091.0873326922283,3113.8798738760697,2254.1534803001355
2024-09-18 02:00:00,3303.7591838554245,3171.1414262073813,2304.6928105846673
2024-09-18 03:00:00,3352.3857853959635,3231.695537064378,2369.173178674165
2024-09-18 04:00:00,3498.0826088203307,3747.796932439583,2431.8653625890565
2024-09-18 05:00:00,3907.6183378023043,4303.004454049251,2505.769042709278
2024-09-18 06:00:00,3969.323609295688,4303.004454049251,2576.926052651298
2024-09-18 07:00:00,3969.323609295688,3456.5325810952177,2576.926052651298
2024-09-18 08:00:00,3925.5968155707296,3438.257092984946,2506.390783771663
2024-09-18 09:00:00,3617.777993277558,3418.2724894635985,2506.390783771663
2024-09-18 10:00:00,3112.196804875856,3246.8568156097654,2408.125199479181
2024-09-18 11:00:00,2722.2866916339385,3014.981853406625,2254.1231392578516
2024-09-18 12:00:00,2692.0896751362925,3014.981853406625,2254.1231392578516
2024-09-18 13:00:00,2642.5632627317113,3014.981853406625,2254.1231392578516
2024-09-18 14:00:00,2642.5632627317113,3011.3121586600846,2146.104876207334
2024-09-18 15:00:00,2650.32081450343,3011.3121586600846,2146.104876207334
2024-09-18 16:00:00,2651.323557868582,3088.2452662246524,2174.93276286389
2024-09-18 17:00:00,2738.4159888508457,3180.2078938189748,2184.2600537053136
2024-09-18 18:00:00,2846.010467509811,3180.2078938189748,2309.123688930892
2024-09-18 19:00:00,3115.767738844781,3323.285555346943,2309.123688930892
2024-09-18 20:00:00,3443.7927428498633,3541.0215287021265,2514.1844995918377
2024-09-18 21:00:00,3470.819342354428,3687.4617598309646,2604.1646117160044
2024-09-18 22:00:00,3958.194578477645,4908.9762309672915,3011.938144951598
2024-09-18 23:00:00,3989.969125522594,5002.018082251484,3011.938144951598
2024-09-19 00:00:00,4165.364827071104,5230.594561036176,3177.2187671563197
2024-09-19 01:00:00,7473.221193263108,8215.028241742206,5622.61771081949
2024-09-19 02:00:00,6608.400165654688,7708.237477498427,4999.4346102080235
2024-09-19 03:00:00,5748.611358249265,6555.927976808045,3948.1623955155956
2024-09-19 04:00:00,5337.821287366702,4873.237330925295,3127.293081881443
2024-09-19 05:00:00,4389.72943918095,3907.2479488513563,2919.1584245894524
2024-09-19 06:00:00,4114.457475357196,3722.6201000743504,2816.9776522577313
2024-09-19 07:00:00,3774.3241275876912,3465.707660157202,2641.111784202422
2024-09-19 08:00:00,3626.6605578106755,3423.3809461087903,2446.0556439545426
2024-09-19 09:00:00,3353.360604638064,3423.3809461087903,2444.224682911762
2024-09-19 10:00:00,3626.6605578106755,3614.3922475505046,2446.0556439545426
2024-09-19 11:00:00,3659.2559109226263,4098.855173031126,2881.53528410293
2024-09-19 12:00:00,3659.2559109226263,4098.855173031126,2881.53528410293
2024-09-19 13:00:00,3156.2286605689383,3556.9314136492676,2256.7592923975994
2024-09-19 14:00:00,3156.2286605689383,3556.9314136492676,2256.7592923975994
2024-09-19 15:00:00,3814.7833453330904,4580.244851359492,3215.5218517472103
2024-09-19 16:00:00,4210.638841059222,5341.02503196812,4081.2371643111414
2024-09-19 17:00:00,5106.874345764065,6678.505018860483,4545.568058451369
2024-09-19 18:00:00,6098.022501441728,9169.345848746405,6053.260477074214
2024-09-19 19:00:00,6871.617927578652,10710.62292104003,7253.111982470783
2024-09-19 20:00:00,7693.013451441123,11300.484627649184,7468.659882407688
2024-09-19 21:00:00,8690.765543923326,11957.911432680106,8486.785208949577
2024-09-19 22:00:00,11176.3840256889,13771.619742669543,9664.74793140678
2024-09-19 23:00:00,12168.794669897368,15093.687455842333,11130.518612742555
2024-09-20 00:00:00,12344.300549340303,15262.398357431255,11270.715834361716
2024-09-20 01:00:00,9908.313883126728,12302.76621949233,8738.072998506166
2024-09-20 02:00:00,9746.838437386219,11958.520311187895,8580.778021678601
2024-09-20 03:00:00,9553.615170147857,11629.53932062445,8231.898420251011
2024-09-20 04:00:00,9064.189622031097,11286.606172954565,8147.106551494884
2024-09-20 05:00:00,8347.487028971751,11279.081155526539,7598.912784126645
2024-09-20 06:00:00,8257.721231404346,11240.987788074306,7514.734778519734
2024-09-20 07:00:00,7220.442749246295,10180.772792755166,6978.691065423858
2024-09-20 08:00:00,5060.113061806378,6559.8272261343345,4467.4326509200055
2024-09-20 09:00:00,4779.384679067968,5849.61937868426,3529.6691314889076
2024-09-20 10:00:00,3917.2684321313463,5849.61937868426,3529.6691314889076
2024-09-20 11:00:00,3917.2684321313463,6239.816465545209,3855.9010843887518
2024-09-20 12:00:00,4391.440489489512,6897.886775795114,4367.033886003692
2024-09-20 13:00:00,4615.062874675195,6934.109959802854,4367.033886003692
2024-09-20 14:00:00,5458.4714163271865,6934.109959802854,4367.033886003692
2024-09-20 15:00:00,7732.76072726446,8471.266799850153,5325.610345559265
2024-09-20 16:00:00,8705.41804865715,9576.519918013899,6052.463713820451
2024-09-20 17:00:00,8705.41804865715,9576.519918013899,6052.463713820451
2024-09-20 18:00:00,7641.606471797367,9576.519918013899,6052.463713820451
2024-09-20 19:00:00,7641.606471797367,9975.516418276233,7407.557470562695
2024-09-20 20:00:00,9658.613622259256,10429.165717620726,8453.39758449083
2024-09-20 21:00:00,10274.503356341282,10954.038282620737,8465.55340009463
2024-09-20 22:00:00,9658.613622259256,10954.038282620737,8453.39758449083
2024-09-20 23:00:00,8451.070812351327,9027.580929747772,7665.325191962169
2024-09-21 00:00:00,8108.248674037555,8941.114590256002,7541.28258032672
2024-09-21 01:00:00,6861.296338549942,7870.3997459183265,6591.7648257509645
2024-09-21 02:00:00,6865.144527391191,7961.6722671871075,6814.183979579533
2024-09-21 03:00:00,7230.570347544065,8759.736111074508,6814.183979579533
2024-09-21 04:00:00,7614.687512841393,9765.950981338157,7869.5707909608445
2024-09-21 05:00:00,8462.065517046436,10199.18101924253,8006.241988524674
2024-09-21 06:00:00,8637.506185260096,10199.18101924253,8965.331408013613
2024-09-21 07:00:00,8836.610451957531,10681.557240618393,8996.8830620208
2024-09-21 08:00:00,8983.91497527534,11000.29181844999,8996.8830620208
2024-09-21 09:00:00,9026.635163668201,11141.480281513797,8918.787407075086
2024-09-21 10:00:00,9026.635163668201,11141.480281513797,8918.787407075086
2024-09-21 11:00:00,8434.767101460895,11036.626745476848,9085.165955086097
2024-09-21 12:00:00,8434.767101460895,11036.626745476848,9197.64254775026
2024-09-21 13:00:00,8779.117618711833,10771.666041276985,9085.165955086097
2024-09-21 14:00:00,8936.771877047217,10981.60847816151,9167.509727155793
2024-09-21 15:00:00,9876.740190903303,10981.60847816151,9167.509727155793
2024-09-21 16:00:00,11036.67846101595,12409.636070532986,10487.664007524869
2024-09-21 17:00:00,12228.779095225991,13644.056075508177,11951.0341831924
2024-09-21 18:00:00,12228.779095225991,13644.056075508177,11951.0341831924
2024-09-21 19:00:00,11120.954721962506,12890.732589352256,11656.66982028492
2024-09-21 20:00:00,10951.93130188029,12576.77065070954,10904.595560515536
2024-09-21 21:00:00,10820.009043189135,11971.040848940964,10847.344116362521
2024-09-21 22:00:00,8049.81943131735,11031.765105960016,8869.95655154558
2024-09-21 23:00:00,6971.716826672569,9657.561682569034,7282.627405624167
2024-09-22 00:00:00,6881.28142837688,9185.25395337467,7117.336945460273
2024-09-22 01:00:00,10169.755414341238,11292.657309174954,9372.833529168092
2024-09-22 02:00:00,10064.655005448392,11088.53989054208,9354.087620989387
2024-09-22 03:00:00,9232.918008999433,10565.615563491949,8893.138262672433
2024-09-22 04:00:00,8364.982378743332,9486.115243809878,8035.24652609132
2024-09-22 05:00:00,7244.15048970466,9486.115243809878,7592.437653105864
2024-09-22 06:00:00,7135.646239491181,9486.123909814698,7592.437653105864
2024-09-22 07:00:00,7060.898674711995,9486.123909814698,7592.437653105864
2024-09-22 08:00:00,6772.541329951137,8803.338345842403,6986.925368671524
2024-09-22 09:00:00,6300.235425978006,8750.516895460323,6713.177557212909
2024-09-22 10:00:00,5872.028370548266,8280.291212266022,5900.884017222147
2024-09-22 11:00:00,5836.631750476198,8049.110625210448,5468.30556388436
2024-09-22 12:00:00,5511.888730801186,7787.897771783593,5468.30556388436
2024-09-22 13:00:00,5386.086655151827,7573.259706894729,5468.30556388436
2024-09-22 14:00:00,5380.173854753736,7573.259706894729,5658.619308681754
2024-09-22 15:00:00,5380.173854753736,7681.540709955689,5807.102857994027
2024-09-22 16:00:00,5380.173854753736,7696.696743740862,5814.51338237597
2024-09-22 17:00:00,5580.0377252415265,7681.540709955689,5814.51338237597
2024-09-22 18:00:00,5721.920930141175,7573.657177616187,5487.275470994101
2024-09-22 19:00:00,5721.920930141175,7516.830117081151,5477.91297961015
2024-09-22 20:00:00,5662.068870970591,7516.830117081151,5237.707161299253
2024-09-22 21:00:00,5662.068870970591,7516.830117081151,5237.707161299253
2024-09-22 22:00:00,6259.2124536392175,8502.795604804127,6591.707764149459
2024-09-22 23:00:00,6335.47303531582,8502.795604804127,6591.707764149459
2024-09-23 00:00:00,6297.342744477519,8263.576622959568,6496.462699289406
2024-09-23 01:00:00,4762.013193871166,5122.299037854424,3385.6691897076334
2024-09-23 02:00:00,4696.028530146515,4911.485510616213,3434.0453154805887
2024-09-23 03:00:00,4590.94677868377,4911.485510616213,3434.0453154805887
2024-09-23 04:00:00,4512.987114701604,4928.202540889698,3490.3832424333295
2024-09-23 05:00:00,4328.030376915984,4982.461048344771,3490.3832424333295
2024-09-23 06:00:00,4302.062965927151,4982.461048344771,3338.0368310706604
2024-09-23 07:00:00,4135.895605459358,4866.8202526128225,3297.027451302112
2024-09-23 08:00:00,3902.2323901712894,4866.8202526128225,3297.027451302112
2024-09-23 09:00:00,3865.891563803595,4866.8202526128225,3297.027451302112
2024-09-23 10:00:00,3504.791021968492,4273.662122975993,3239.116707263215
2024-09-23 11:00:00,3467.38132327065,3817.8889130663106,3216.6913496336283
2024-09-23 12:00:00,3391.5926040339664,3697.201384250687,3072.019018200999
2024-09-23 13:00:00,3165.3858292807304,3489.0777092291573,2993.5177389568935
2024-09-23 14:00:00,3165.3858292807304,3415.066801990551,2909.7472798209833
2024-09-23 15:00:00,3165.3858292807304,3367.5088221254655,2881.251769246027
2024-09-23 16:00:00,2830.4282671039873,3235.593553922015,2783.1449858700394
2024-09-23 17:00:00,2830.4282671039873,3209.010911110802,2744.401832008039
2024-09-23 18:00:00,2928.1819913357326,3209.010911110802,2744.401832008039
2024-09-23 19:00:00,3221.085144970406,3438.212277889959,2744.401832008039
2024-09-23 20:00:00,3239.2274212339503,3552.217558980434,2740.5405505643926
2024-09-23 21:00:00,3313.6055081912878,3612.9764549701263,2658.139630355494
2024-09-23 22:00:00,3376.1893164712187,3700.675540913767,2619.675454588291
2024-09-23 23:00:00,3376.1893164712187,3735.126023104952,2611.1663359298063
2024-09-24 00:00:00,3361.900267957574,3760.3546855274417,2559.253379821761
2024-09-24 01:00:00,3022.9776477330515,3085.153236497486,2089.225904538379
2024-09-24 02:00:00,3036.3185607245764,3102.1156840068006,2103.956746699904
2024-09-24 03:00:00,3039.9060979740016,3113.610581228094,2188.140241734892
2024-09-24 04:00:00,3039.9060979740016,3173.6848599221516,2191.361531369358
2024-09-24 05:00:00,3039.9060979740016,3252.1379406932474,2228.0728955223162
2024-09-24 06:00:00,2994.256081034017,3257.686728216938,2358.670906460925
2024-09-24 07:00:00,2994.256081034017,3257.686728216938,2358.670906460925
2024-09-24 08:00:00,2833.5650714269896,3183.568862989564,2318.5734750482616
2024-09-24 09:00:00,2580.2452813355444,3105.8996426556832,2078.9894764661767
2024-09-24 10:00:00,2580.2452813355444,2947.844249372156,2064.2127731782793
2024-09-24 11:00:00,2491.889250115682,2823.2785751064343,1980.3273962967637
2024-09-24 12:00:00,2491.889250115682,2771.1347945149805,1980.3273962967637
2024-09-24 13:00:00,2415.504973604533,2823.2785751064343,2095.4294689991702
2024-09-24 14:00:00,2415.504973604533,2827.9519749757123,2169.793464821213
2024-09-24 15:00:00,2400.5693407142144,2864.8686191257075,2095.4294689991702
2024-09-24 16:00:00,2451.399659811409,2910.237186485886,2083.195735696613
2024-09-24 17:00:00,2557.7267722506053,2956.311956082488,2083.195735696613
2024-09-24 18:00:00,2845.549693482165,3082.8013301952537,2384.6685438640425
2024-09-24 19:00:00,2944.2672181926887,3252.58124399753,2451.2575995808497
2024-09-24 20:00:00,3222.021054078281,3562.984801278486,2688.4227460372126
2024-09-24 21:00:00,3595.743373864193,4195.899090167048,2897.4291383950294
2024-09-24 22:00:00,3452.1505874064705,4268.560426246458,2842.9255961487174
2024-09-24 23:00:00,3467.83772191168,4344.52387345242,2851.8759961438604
2024-09-25 00:00:00,3459.9941546590753,4306.542149849439,2847.400796146289
2024-09-25 01:00:00,3351.2377325977495,3423.952799585685,2711.969766035033
2024-09-25 02:00:00,3287.8559292528203,3334.3919513813903,2692.958188108626
2024-09-25 03:00:00,3220.9694601078636,3334.3919513813903,2454.831553990751
2024-09-25 04:00:00,3049.2128954473274,3428.9033369921694,2427.3693180112473
2024-09-25 05:00:00,3049.2128954473274,3428.9033369921694,2263.4153970811867
2024-09-25 06:00:00,3074.305335207754,3233.199010032134,2263.4153970811867
2024-09-25 07:00:00,3241.527017899486,3233.199010032134,2319.7040914128656
2024-09-25 08:00:00,3241.527017899486,3233.199010032134,2319.7040914128656
2024-09-25 09:00:00,2917.4467749769947,3166.2458718476555,2084.1088030213696
2024-09-25 10:00:00,2593.598880695582,2765.8045170399414,1867.457557579235
2024-09-25 11:00:00,2590.102940758063,2765.8045170399414,1867.457557579235
2024-09-25 12:00:00,2529.3916652015187,2794.9779279066183,2027.0593100332524
2024-09-25 13:00:00,2513.1913842412023,2794.9779279066183,2027.0593100332524
2024-09-25 14:00:00,2513.1913842412023,2940.665264308232,1983.2756082064438
2024-09-25 15:00:00,2629.8796726996384,2909.5343245422437,1983.2756082064438
2024-09-25 16:00:00,2710.0650442834126,2940.665264308232,2016.7363614814421
2024-09-25 17:00:00,2978.217886423488,3121.7280900591595,2263.265699720772
2024-09-25 18:00:00,3215.0450880085436,3340.911326169332,2429.1641667921494
2024-09-25 19:00:00,3326.214046226663,3369.0965068683226,2538.1875408042397
2024-09-25 20:00:00,3387.1232493233642,3841.4867002553083,2862.9703648985164
2024-09-25 21:00:00,3648.339259392201,4058.5333586223833,3035.213791555304
2024-09-25 22:00:00,4475.618659853613,5168.759797422538,3230.3471848964136
2024-09-25 23:00:00,4641.102631564445,5168.759797422538,3255.4684191953716
2024-09-26 00:00:00,4717.249944609332,5424.739780520327,3582.539623891323
2024-09-26 01:00:00,5656.040727032324,5915.058621780249,3948.293532550915
2024-09-26 02:00:00,5298.470090166045,5678.873979304105,3779.1127574688026
2024-09-26 03:00:00,5206.847444713724,5655.984031469123,3626.1046728337956
2024-09-26 04:00:00,4982.5834571480955,4963.2192461249115,3175.601462598763
2024-09-26 05:00:00,4714.853564822807,4882.414984908654,3175.601462598763
2024-09-26 06:00:00,4674.734249523744,4882.414984908654,3025.9471394546954
2024-09-26 07:00:00,4038.563888795229,4210.22820150282,2990.4947082298227
2024-09-26 08:00:00,3723.555740464218,3933.401433200974,2583.034614392206
2024-09-26 09:00:00,3366.207560447533,3697.2334789895494,2380.021900997377
2024-09-26 10:00:00,3145.860796590224,3295.9581886115398,2380.021900997377
2024-09-26 11:00:00,3145.860796590224,3284.7886587825037,2386.557170963703
2024-09-26 12:00:00,3169.565732798442,3284.7886587825037,2386.557170963703
2024-09-26 13:00:00,3205.017027477409,3312.2335762727503,2383.60827765036
2024-09-26 14:00:00,3250.127443177444,3313.0478655636007,2366.2404088861085
2024-09-26 15:00:00,3250.127443177444,3482.1552310698326,2366.2404088861085
2024-09-26 16:00:00,3250.127443177444,3482.1552310698326,2366.2404088861085
2024-09-26 17:00:00,3390.3469429102906,3581.179839301102,2568.830377238269
2024-09-26 18:00:00,3382.3336725207505,3648.4932041698326,2568.830377238269
2024-09-26 19:00:00,3515.7690402175513,3757.4051994230977,2843.108120166362
2024-09-26 20:00:00,3539.1622008816107,4246.474504265301,2843.108120166362
2024-09-26 21:00:00,3799.5789541472673,4320.140052477565,2940.488267170449
2024-09-26 22:00:00,4386.755565732372,5277.626058449308,2940.488267170449
2024-09-26 23:00:00,4386.755565732372,5277.626058449308,2940.488267170449
2024-09-27 00:00:00,4263.022112497997,5005.613048858404,2818.6878939615317
2024-09-27 01:00:00,3139.6461607759147,3228.143029260452,2130.741910308615
2024-09-27 02:00:00,3145.531123469112,3213.054043339483,2087.5993041165157
2024-09-27 03:00:00,3145.531123469112,3231.3015783426777,2087.5993041165157
2024-09-27 04:00:00,3091.5243716368973,3231.3015783426777,2221.661139724974
2024-09-27 05:00:00,3091.5243716368973,3265.468818889664,2337.929110982245
2024-09-27 06:00:00,3190.1535642136655,3265.468818889664,2390.717773028496
2024-09-27 07:00:00,3215.70770104195,3265.468818889664,2390.717773028496
2024-09-27 08:00:00,3190.1535642136655,3273.9680658938673,2577.7995763936196
2024-09-27 09:00:00,3147.390900786281,3273.9680658938673,2577.7995763936196
2024-09-27 10:00:00,3147.390900786281,3294.312313796608,2567.67311709364
2024-09-27 11:00:00,3251.1376454070205,3214.947150157483,2567.67311709364
2024-09-27 12:00:00,3251.1376454070205,3202.6120737870783,2567.67311709364
2024-09-27 13:00:00,3251.1376454070205,3202.6120737870783,2510.4737314759464
2024-09-27 14:00:00,3287.52880783499,3230.7093088678566,2510.4737314759464
2024-09-27 15:00:00,3344.668369418777,3532.7844726749017,2796.787115733066
2024-09-27 16:00:00,3654.5558053270097,3703.6843269673327,2796.787115733066
2024-09-27 17:00:00,3677.280850356292,3851.2558317616777,2797.727022798462
2024-09-27 18:00:00,3925.0854094862043,4081.3992032721785,2803.3596914369673
2024-09-27 19:00:00,3944.9167161416963,4571.724773705886,3303.0402567699334
2024-09-27 20:00:00,3971.814316075039,4957.768479746344,3471.716826564693
2024-09-27 21:00:00,3971.814316075039,4957.768479746344,3471.716826564693
2024-09-27 22:00:00,3947.686101396863,4801.454228998358,3477.638606204257
2024-09-27 23:00:00,3847.6658561405757,4520.1839111316785,3204.5775955386976
2024-09-28 00:00:00,3742.877806457104,4560.3656332372475,3226.1999030106535
2024-09-28 01:00:00,3693.4985013629403,4330.086613203288,3151.069340484276
2024-09-28 02:00:00,3626.8445891777897,4382.874936604638,3172.628213877139
2024-09-28 03:00:00,3626.8445891777897,4423.522784405452,3172.628213877139
2024-09-28 04:00:00,4161.206787637987,5327.598411339795,3612.84947789522
2024-09-28 05:00:00,4161.206787637987,5327.598411339795,3612.84947789522
2024-09-28 06:00:00,4184.025311840924,5115.050475811438,3589.5005611909364
2024-09-28 07:00:00,4477.701451594721,5058.1092797243355,3483.0303661242724
2024-09-28 08:00:00,4751.600072387644,5115.050475811438,3589.5005611909364
2024-09-28 09:00:00,4765.502839789627,5564.663050083206,4314.421951047609
2024-09-28 10:00:00,4765.502839789627,5961.272105154514,4314.421951047609
2024-09-28 11:00:00,5144.396174833413,6271.685338179848,4858.907006608904
2024-09-28 12:00:00,4382.933879059917,5961.272105154514,4186.409007188056
2024-09-28 13:00:00,4382.933879059917,5269.404590599441,3958.1500998832357
2024-09-28 14:00:00,4382.933879059917,4823.160272693695,3958.1500998832357
2024-09-28 15:00:00,3417.42841640851,4262.497320470472,3621.2509862807115
2024-09-28 16:00:00,3450.62908695925,4295.310654343331,3196.1187222169947
2024-09-28 17:00:00,3411.2673007622775,4079.6324267327996,3192.3049966398003
2024-09-28 18:00:00,3146.719377280042,4079.6324267327996,3052.369087663309
2024-09-28 19:00:00,2990.9389379021345,3893.9210912372,2983.552915082967
2024-09-28 20:00:00,2875.9288974772376,3720.4591774115056,2936.6262657164175
2024-09-28 21:00:00,2875.9288974772376,3893.9210912372,2983.552915082967
2024-09-28 22:00:00,3016.6103709408153,4263.860558396762,3059.0242634611905
2024-09-28 23:00:00,3126.2734756025156,4276.226302325691,3100.0797147139947
2024-09-29 00:00:00,3139.0581718100593,4352.089493935584,3214.0625521082425
2024-09-29 01:00:00,3148.113240427052,3881.843631158773,3007.0889767091367
2024-09-29 02:00:00,3158.1983397453914,3917.9870463899388,3045.6886715409196
2024-09-29 03:00:00,3138.0281411087126,3950.7557625782997,3048.24563163239
2024-09-29 04:00:00,2954.63510689439,3950.7557625782997,3048.24563163239
2024-09-29 05:00:00,2906.6532819624417,3873.04685120036,2951.69542381315
2024-09-29 06:00:00,2881.950174023014,3873.04685120036,2945.6152262044384
2024-09-29 07:00:00,2772.778315100273,4138.814159947985,2908.0137265677013
2024-09-29 08:00:00,2737.5674233922327,4138.814159947985,2908.0137265677013
2024-09-29 09:00:00,2699.3309760289967,4013.209289860116,2784.8378268674905
2024-09-29 10:00:00,2569.1434180734905,3608.0477859605394,2761.50226582336
2024-09-29 11:00:00,2539.8717440955597,3346.9024527545794,2674.4526504965893
2024-09-29 12:00:00,2569.1434180734905,3346.9024527545794,2674.4526504965893
2024-09-29 13:00:00,2634.995859615827,3378.581418561766,2723.4220307700657
2024-09-29 14:00:00,2681.696998402377,3496.731438114128,2853.281213308771
2024-09-29 15:00:00,2804.3404035094677,3496.731438114128,2853.281213308771
2024-09-29 16:00:00,2804.3404035094677,3324.810624917957,2730.889977575133
2024-09-29 17:00:00,2803.2742630576213,3244.0011512144874,2728.97953905769
2024-09-29 18:00:00,2803.2742630576213,3324.810624917957,2600.4511525605717
2024-09-29 19:00:00,3026.619574959349,3499.960123145496,2600.4511525605717
2024-09-29 20:00:00,3073.3284300955124,3692.0888272474285,2631.065100891357
2024-09-29 21:00:00,3131.3892104234715,3726.8230214476944,2761.4328154910663
2024-09-29 22:00:00,3320.506119188023,3922.7093343112633,2761.4328154910663
2024-09-29 23:00:00,3356.9349294984227,3922.7093343112633,2670.384144100096
2024-09-30 00:00:00,3387.0887071373163,3762.701128951863,2635.536565246137
2024-09-30 01:00:00,3213.302691543555,3161.098541531404,2271.073780479259
2024-09-30 02:00:00,3270.1139099343277,3184.111955322482,2299.102651104383
2024-09-30 03:00:00,3850.524226755532,3912.858830139009,2994.030113984566
2024-09-30 04:00:00,3860.9732254043593,4176.878158970694,3070.9495318160903
2024-09-30 05:00:00,4384.635556856304,4856.645601464501,3498.454878566121
2024-09-30 06:00:00,4384.635556856304,4856.645601464501,3498.454878566121
2024-09-30 07:00:00,4240.970285190815,4723.040937299692,3446.8608698589014
2024-09-30 08:00:00,3687.497245754176,3958.67333065818,2540.098676735916
2024-09-30 09:00:00,2971.1538969308285,3398.360745087025,2345.5861948421407
2024-09-30 10:00:00,2939.325348323417,3269.8740907788297,2345.5861948421407
2024-09-30 11:00:00,2917.4872438122957,3116.4647220053503,2392.812686075214
2024-09-30 12:00:00,2900.358199226709,3116.4647220053503,2392.812686075214
2024-09-30 13:00:00,2811.913375997783,3046.780629450571,2365.582061268228
2024-09-30 14:00:00,2894.3622955415544,3116.8324735442634,2365.582061268228
2024-09-30 15:00:00,2884.696149863892,3116.8324735442634,2335.096323641034
2024-09-30 16:00:00,2894.3622955415544,3123.2789256432716,2614.33658559231
2024-09-30 17:00:00,3434.320237317671,3707.1321239455856,2811.039883581224
2024-09-30 18:00:00,4166.904141421704,3962.013170310308,3169.199222559145
2024-09-30 19:00:00,4620.675989863531,4950.7146099172105,4110.095676195372
2024-09-30 20:00:00,7211.217716397058,7743.218759471919,5751.529712754601
2024-09-30 21:00:00,8353.302610804527,8847.690445715847,6164.634346189862
2024-09-30 22:00:00,10351.243720653943,11732.384498087911,8465.161106430334
2024-09-30 23:00:00,11574.447742675453,11851.10723555556,9009.333990615078
2024-10-01 00:00:00,12055.227218824219,12833.093897068531,9659.405326609503
2024-10-01 01:00:00,14975.668113705266,16073.021214482422,12385.205774838061
2024-10-01 02:00:00,14832.955991365292,16459.51895639847,12764.751147357503
2024-10-01 03:00:00,15587.889009340379,17008.655841730717,13045.346735029594
2024-10-01 04:00:00,16740.705090266805,17886.909165342833,14306.223573686042
2024-10-01 05:00:00,16740.705090266805,18519.11835413066,14348.44605671046
2024-10-01 06:00:00,16997.603947051924,18519.11835413066,14818.07422693987
2024-10-01 07:00:00,16685.440076084673,18452.51071521777,14348.44605671046
2024-10-01 08:00:00,16685.440076084673,17998.9364120288,14207.93154854846
2024-10-01 09:00:00,13791.149517746491,16373.888297899157,13803.316147129186
2024-10-01 10:00:00,13730.217712307707,16340.414778050306,13752.418092430278
2024-10-01 11:00:00,12126.87011059951,15287.73031695422,12502.326472039578
2024-10-01 12:00:00,12011.769752271191,14727.309400190084,12160.97608026311
2024-10-01 13:00:00,12011.769752271191,14774.895863473334,12160.97608026311
2024-10-01 14:00:00,12738.476285246394,14038.958855793171,12160.97608026311
2024-10-01 15:00:00,13080.307001526084,14774.895863473334,12294.729924875679
2024-10-01 16:00:00,14121.367773102702,16001.240372239385,13280.310283612174
2024-10-01 17:00:00,15655.708918848855,17198.78805681897,14408.548427974307
2024-10-01 18:00:00,15734.339439394322,17432.058155034305,14704.171524345718
2024-10-01 19:00:00,16439.429459446255,18412.438351282643,15073.85747610679
2024-10-01 20:00:00,16648.864553615775,18819.530009979066,15409.435647550757
2024-10-01 21:00:00,16648.864553615775,18819.530009979066,15409.435647550757
2024-10-01 22:00:00,16032.570455718664,18194.768855039096,14467.708510910272
2024-10-01 23:00:00,14247.084112822035,16695.508579763115,13072.63324494864
2024-10-02 00:00:00,14017.104957824135,15616.723668509278,12496.184032139026
2024-10-02 01:00:00,17404.017616540164,19273.95920161061,15002.600026710967
2024-10-02 02:00:00,16914.411617374968,19124.079515022466,14874.068612250932
2024-10-02 03:00:00,16914.411617374968,19027.225227371506,14316.509658994895
2024-10-02 04:00:00,16914.411617374968,18790.79004439735,14275.056412483664
2024-10-02 05:00:00,15807.59661623027,17989.39000352282,13568.382651098782
2024-10-02 06:00:00,13845.090780225026,16322.010781743233,11658.965146244569
2024-10-02 07:00:00,13519.700551209487,15406.190131597072,11136.214708297914
2024-10-02 08:00:00,8538.320293253948,11106.76214340134,6046.741908750752
2024-10-02 09:00:00,5035.434434648569,4849.65678227343,2350.9265928592094
2024-10-02 10:00:00,3747.1873873698014,3630.032658741463,2250.3813276937585
2024-10-02 11:00:00,3555.957778634409,3254.7867235795575,2214.2575746837756
2024-10-02 12:00:00,2983.6935022966654,3169.830656220343,2214.2575746837756
2024-10-02 13:00:00,2825.02443201463,3169.830656220343,2329.490303003522
2024-10-02 14:00:00,2825.02443201463,3249.7285246431825,2520.311448097122
2024-10-02 15:00:00,2825.02443201463,3249.7285246431825,2520.311448097122
2024-10-02 16:00:00,2465.3324821839865,2949.1197807783765,2347.903355443709
2024-10-02 17:00:00,2465.3324821839865,2839.258797922849,2164.127973675929
2024-10-02 18:00:00,2686.541723115196,2839.258797922849,2164.127973675929
2024-10-02 19:00:00,2855.8116911608467,3230.779960283197,2342.666590318534
2024-10-02 20:00:00,2855.8116911608467,3324.7692835399453,2364.271464050266
2024-10-02 21:00:00,2842.2994992755725,3328.829110973311,2342.666590318534
2024-10-02 22:00:00,2842.2994992755725,3328.8453719213258,2364.271464050266
2024-10-02 23:00:00,2933.0819064897655,3586.5544821933427,2300.789459532707
2024-10-03 00:00:00,2998.3259756987277,3607.455633227768,2365.0179170087235
2024-10-03 01:00:00,3939.1181875799225,4497.181730683416,3208.727182395647
2024-10-03 02:00:00,4049.322445509042,4652.967231298944,3328.277063189597
2024-10-03 03:00:00,4641.14657753239,5421.823426080605,3713.476283314513
2024-10-03 04:00:00,5092.025745098746,6329.215132132962,4169.033237979455
2024-10-03 05:00:00,5178.841743415037,7057.75023290471,4426.246728730802
2024-10-03 06:00:00,5788.454564427668,8157.925425313147,5574.758978757097
2024-10-03 07:00:00,6244.5245810167635,8236.483743700544,5825.85390324145
2024-10-03 08:00:00,6657.465280319377,8288.702027493255,6140.6898172466335
2024-10-03 09:00:00,6244.5245810167635,9244.462412532906,6140.6898172466335
2024-10-03 10:00:00,6033.55714876461,9244.462412532906,6105.8922722504585
2024-10-03 11:00:00,5154.043040572508,8603.980406821558,5129.669846173772
2024-10-03 12:00:00,4330.618731096109,6028.388058058636,3887.1941618856254
2024-10-03 13:00:00,4194.225841679368,5827.615504651197,3864.271217171382
2024-10-03 14:00:00,3595.0592349536832,4796.142749696639,3129.650255897093
2024-10-03 15:00:00,3595.0592349536832,4790.584095277925,3003.4196011351755
2024-10-03 16:00:00,3881.4543930363698,4790.584095277925,3003.4196011351755
2024-10-03 17:00:00,3925.641786919121,4608.723495338451,3033.2912766026525
2024-10-03 18:00:00,3925.641786919121,4504.281605712384,3033.2912766026525
2024-10-03 19:00:00,3694.0305339570004,4131.011272767979,2936.080463290762
2024-10-03 20:00:00,2890.273824198139,3449.830665051314,2218.8847871899916
2024-10-03 21:00:00,2890.273824198139,3449.830665051314,2050.3398309089
2024-10-03 22:00:00,3073.961959847546,3522.941956701406,2050.3398309089
2024-10-03 23:00:00,3248.029319362616,3781.971998542171,2135.1047755975887
2024-10-04 00:00:00,3425.0907632642093,3782.6915025980707,2309.944706127365
2024-10-04 01:00:00,3591.3804620008277,3366.20034474541,1905.1855035453
2024-10-04 02:00:00,3607.0161385559477,3347.20520906814,1884.853907227703
2024-10-04 03:00:00,3612.782201761903,3385.1954804226793,1884.853907227703
2024-10-04 04:00:00,3961.6352491141506,3664.7073019312484,2697.8145677778803
2024-10-04 05:00:00,4087.37919675861,4063.0395527834344,2909.1604389834565
2024-10-04 06:00:00,4087.37919675861,4063.0395527834344,2972.166347375529
2024-10-04 07:00:00,4087.37919675861,3763.5081235807447,2972.166347375529
2024-10-04 08:00:00,3611.945132249809,3459.549967938724,2595.388986576764
2024-10-04 09:00:00,2872.3224033339593,3148.4268283381098,1931.6327134060252
2024-10-04 10:00:00,2449.8752603979933,2612.879259879604,1807.4185150226926
2024-10-04 11:00:00,2403.4149740377516,2582.572096779876,1796.2508558741865
2024-10-04 12:00:00,2361.3151255022144,2444.008113269609,1788.5820933407244
2024-10-04 13:00:00,2294.157981282392,2438.601343668219,1739.417714649521
2024-10-04 14:00:00,2280.6879767596483,2428.3602375082783,1739.417714649521
2024-10-04 15:00:00,2294.157981282392,2438.601343668219,1744.8851214865488
2024-10-04 16:00:00,2410.53235065219,2508.9479855171603,1744.8851214865488
2024-10-04 17:00:00,2450.6068963574603,2688.4468769082073,1963.3433151411853
2024-10-04 18:00:00,2692.398514330498,2937.298009937191,1943.1786088997148
2024-10-04 19:00:00,2849.9051596490644,3008.8579778108538,2044.9156267418682
2024-10-04 20:00:00,2990.562761742394,3162.3988356376694,2136.5052575149207
2024-10-04 21:00:00,3244.3531060149226,3392.857269188372,2345.7925537517285
2024-10-04 22:00:00,3655.8158197692765,4208.639478062687,2397.320056473834
2024-10-04 23:00:00,3655.8158197692765,4208.639478062687,2397.320056473834
2024-10-05 00:00:00,3499.1377823596376,4071.9922055919187,2273.989526957134
2024-10-05 01:00:00,3619.583636603674,3723.432435965843,2349.3927716696217
2024-10-05 02:00:00,3562.5880138232715,3552.4179000963586,2328.04808419014
2024-10-05 03:00:00,3357.5194042776047,3571.6627102189,2213.206035333596
2024-10-05 04:00:00,3249.5077619328385,3571.6627102189,2213.206035333596
2024-10-05 05:00:00,3167.721221304045,3571.6627102189,2213.206035333596
2024-10-05 06:00:00,3011.045750080585,3469.893947207299,2168.582473879222
2024-10-05 07:00:00,2946.665858156926,3349.746554419404,2118.9866348673822
2024-10-05 08:00:00,2787.743731792058,3190.0053369736897,2118.9866348673822
2024-10-05 09:00:00,2772.5114877732053,3048.2168483629225,2140.646397357302
2024-10-05 10:00:00,2683.2178137089254,3048.2168483629225,2174.0252073531783
2024-10-05 11:00:00,2643.2874823016637,2897.978079753735,2174.0252073531783
2024-10-05 12:00:00,2388.634085281155,2757.1530441120512,1919.6594990215067
2024-10-05 13:00:00,2266.1619945910943,2690.6890379712777,1919.6594990215067
2024-10-05 14:00:00,2266.1619945910943,2757.1530441120512,1945.1784949293274
2024-10-05 15:00:00,2329.757588795813,2794.13891673971,1989.8712701221236
2024-10-05 16:00:00,2369.5531631484255,2935.5561894894336,2109.9448118672967
2024-10-05 17:00:00,2593.4209280603236,3005.475754642071,2256.9750011628994
2024-10-05 18:00:00,2861.8265742663016,3238.9494442602,2423.9110292976798
2024-10-05 19:00:00,3029.032537427248,3459.7961342315357,2439.7813193140582
2024-10-05 20:00:00,3182.126560286976,3476.0892180712967,2475.439980598371
2024-10-05 21:00:00,3266.529310202424,3544.0400804292863,2481.1610962604577
2024-10-05 22:00:00,3674.730072358188,4308.481833845168,2630.1013381683288
2024-10-05 23:00:00,3674.730072358188,4308.481833845168,2630.1013381683288
2024-10-06 00:00:00,3522.9064366135294,3975.5164545839243,2444.512565020176
2024-10-06 01:00:00,3165.7734780254177,3661.394268820577,2266.055873509892
2024-10-06 02:00:00,3172.759690877846,3830.43483426832,2212.867431534157
2024-10-06 03:00:00,3172.759690877846,3830.43483426832,2192.214909886141
2024-10-06 04:00:00,3172.759690877846,3326.3834874666113,2212.867431534157
2024-10-06 05:00:00,2982.7583113986907,3126.5388499175374,2192.214909886141
2024-10-06 06:00:00,2982.7583113986907,3126.5388499175374,2291.952833109178
2024-10-06 07:00:00,3110.8099585657756,3119.993967186711,2407.039458374975
2024-10-06 08:00:00,3110.8099585657756,3038.7862489067406,2407.039458374975
2024-10-06 09:00:00,2777.5013893743435,3038.7862489067406,2306.0665036454657
2024-10-06 10:00:00,2693.9959429031846,3038.7862489067406,2138.6780579756755
2024-10-06 11:00:00,2756.82080207582,3100.5414162611305,2138.6780579756755
2024-10-06 12:00:00,2740.652533756097,3100.5414162611305,2136.4798828173302
2024-10-06 13:00:00,2756.82080207582,3100.5414162611305,2188.3327105766593
2024-10-06 14:00:00,2796.9613783574805,3090.0786949085123,2268.5371477007675
2024-10-06 15:00:00,2830.979089986159,3109.802569863135,2464.880026111215
2024-10-06 16:00:00,2868.9422601681636,3064.8266359388676,2554.5390766931696
2024-10-06 17:00:00,2968.796750702398,3404.2436313394655,2560.5166594354273
2024-10-06 18:00:00,2968.796750702398,3479.673170646666,2714.361874422856
2024-10-06 19:00:00,3302.9683408583305,3486.158489962985,2740.8860453026764
2024-10-06 20:00:00,3352.5549674498907,3722.352661418628,2874.6882421237624
2024-10-06 21:00:00,3654.237791341241,4135.633561708843,2874.6882421237624
2024-10-06 22:00:00,3654.237791341241,4170.216302830819,2811.1160425809203
2024-10-06 23:00:00,4053.182166958366,4441.786765122449,2762.353439035784
2024-10-07 00:00:00,4117.595355424132,4444.73003688419,2786.7347408083524
2024-10-07 01:00:00,5325.880753573223,5347.749605717674,3634.0860266426107
2024-10-07 02:00:00,5645.919324535755,5394.6201816878265,3701.266504111786
2024-10-07 03:00:00,5742.96444176822,6243.101880202283,3711.1439401085727
2024-10-07 04:00:00,6065.886096947355,6465.325764982345,3736.85748326088
2024-10-07 05:00:00,5742.96444176822,6465.325764982345,3781.3659861690044
2024-10-07 06:00:00,5322.5549670818855,5601.115434911495,4137.69438558598
2024-10-07 07:00:00,5034.404277016936,5439.763415145135,3781.3659861690044
2024-10-07 08:00:00,5034.404277016936,5131.898131882521,3557.2945351674507
2024-10-07 09:00:00,3885.4509351307,4854.239277729128,2856.0251717871647
2024-10-07 10:00:00,3509.7369081300103,3731.944536814386,2619.1067774414905
2024-10-07 11:00:00,3167.4764300851293,3411.361504707015,2487.216373701855
2024-10-07 12:00:00,2771.3813450108732,2869.054742232866,2017.336782520116
2024-10-07 13:00:00,2771.3813450108732,2855.3249083464957,2017.336782520116
2024-10-07 14:00:00,2889.158957479039,2869.054742232866,2181.6492739471605
2024-10-07 15:00:00,3403.558425562717,3147.958847443951,2525.663627743811
2024-10-07 16:00:00,3403.558425562717,3147.958847443951,2525.663627743811
2024-10-07 17:00:00,3292.619628580869,3099.8678387756354,2340.7216992436047
2024-10-07 18:00:00,3292.619628580869,3099.8678387756354,2340.7216992436047
2024-10-07 19:00:00,3312.3052766456303,3162.3068975785936,2579.052148583631
2024-10-07 20:00:00,3327.3552506312903,3393.301704286777,2805.093418709012
2024-10-07 21:00:00,3693.574037802161,3630.259866472802,2983.0043287025046
2024-10-07 22:00:00,4137.036060213687,4050.0018923283615,3196.450159218637
2024-10-07 23:00:00,4137.036060213687,4050.0018923283615,3196.450159218637
2024-10-08 00:00:00,4192.228402017624,3974.9608057973137,3062.8118327148823
2024-10-08 01:00:00,3271.219106064734,3171.7300461606437,2186.5199957313134
2024-10-08 02:00:00,3245.0931904085014,3162.1944130731817,2179.34701567028
2024-10-08 03:00:00,3245.0931904085014,3181.2656792481052,2197.494606044005
2024-10-08 04:00:00,3220.1654678467808,3119.702069710118,2226.94972898982
2024-10-08 05:00:00,3156.7212505144876,3119.702069710118,2351.9435164254255
2024-10-08 06:00:00,3156.7212505144876,3119.702069710118,2473.592909290149
2024-10-08 07:00:00,2951.221840297736,3224.3394382277334,2486.9277714126533
2024-10-08 08:00:00,2848.0552961329604,3224.3394382277334,2473.592909290149
2024-10-08 09:00:00,2821.664807655651,3156.404385800289,2486.9277714126533
2024-10-08 10:00:00,2821.664807655651,3156.404385800289,2583.9147794083688
2024-10-08 11:00:00,3250.822935392203,3619.3599678440914,2825.3352794824827
2024-10-08 12:00:00,3302.136974458392,3694.8546489333617,2825.3352794824827
2024-10-08 13:00:00,3302.136974458392,3694.8546489333617,2775.7019008152683
2024-10-08 14:00:00,3062.2559309347976,3619.860056368384,2691.9643703903266
2024-10-08 15:00:00,3062.2559309347976,3619.860056368384,2686.6632771635395
2024-10-08 16:00:00,3179.4107141201566,3703.6557196086624,2686.6632771635395
2024-10-08 17:00:00,3270.409916706341,3897.16839943972,2610.9658479373957
2024-10-08 18:00:00,3350.2134930772954,3897.16839943972,2603.7454090518327
2024-10-08 19:00:00,3405.1201650487938,3897.16839943972,2587.146720148954
2024-10-08 20:00:00,3504.6534597608943,4078.849593827364,2603.7454090518327
2024-10-08 21:00:00,3651.6729788333046,4295.778458770069,2663.320244100727
2024-10-08 22:00:00,3769.882734245611,4346.353665596789,2663.320244100727
2024-10-08 23:00:00,3769.882734245611,4346.353665596789,2484.5653171024483
2024-10-09 00:00:00,3647.6895399999667,4248.618633770953,2376.9146422383183
2024-10-09 01:00:00,3474.5565447139925,3303.816041932274,2365.322339405479
2024-10-09 02:00:00,3518.51003587922,3371.0749064268866,2371.6818245861928
2024-10-09 03:00:00,3518.51003587922,3412.8464874624347,2518.5620949129634
2024-10-09 04:00:00,3304.6736105765026,3520.841135118414,2518.5620949129634
2024-10-09 05:00:00,3223.9375049247974,3520.841135118414,2478.614449687454
2024-10-09 06:00:00,3192.9818137790544,3420.4816106473772,2333.378110208707
2024-10-09 07:00:00,3146.0122555974986,3402.905113333596,2333.378110208707
2024-10-09 08:00:00,3133.8476616131056,3402.905113333596,2418.054379698004
2024-10-09 09:00:00,2962.426078601601,3556.4436254267393,2559.7590176327312
2024-10-09 10:00:00,2946.9665851856653,3556.4436254267393,2744.6427956817643
2024-10-09 11:00:00,2688.852382767035,3391.4023996029987,2744.6427956817643
2024-10-09 12:00:00,2568.4122557472583,3256.6584661567617,2695.222645042847
2024-10-09 13:00:00,2568.4122557472583,3203.326396326077,2623.6818743868384
2024-10-09 14:00:00,2568.4122557472583,3148.135167950484,2596.234628839692
2024-10-09 15:00:00,2556.7921005333287,3085.5237288687704,2601.7355204523606
2024-10-09 16:00:00,2556.7921005333287,3084.976926172928,2596.234628839692
2024-10-09 17:00:00,2565.478275959643,3034.5364380850983,2344.667893598101
2024-10-09 18:00:00,2565.478275959643,3034.5364380850983,2284.1820962776164
2024-10-09 19:00:00,2634.1277942615325,3144.5892384958106,2250.1185606278427
2024-10-09 20:00:00,2668.1072549122205,3148.691068477881,2250.1185606278427
2024-10-09 21:00:00,2817.2800510258767,3187.595180146702,2182.84506346841
2024-10-09 22:00:00,2983.1881393478934,3461.727830121067,2134.44200087078
2024-10-09 23:00:00,3016.697000460076,3461.727830121067,2103.650326119446
2024-10-10 00:00:00,3069.517101982704,3382.5140866924685,1992.5632630903115
2024-10-10 01:00:00,2875.588763187495,2681.047417353312,1720.6943076134653
2024-10-10 02:00:00,2905.523653118815,2686.0776116966595,1722.7033842961105
2024-10-10 03:00:00,2994.0692261336044,2839.138896033577,1765.301469509433
2024-10-10 04:00:00,3082.809123909191,2899.19695222086,1880.647967930922
2024-10-10 05:00:00,3164.5117242457013,3139.9416988346393,1982.129019988955
2024-10-10 06:00:00,3272.3445534416956,3139.9416988346393,2100.8760175082257
2024-10-10 07:00:00,3407.3811910030686,3155.4274355509924,2121.6304288839374
2024-10-10 08:00:00,3407.3811910030686,3048.615504765576,2121.6304288839374
2024-10-10 09:00:00,3175.9287466080577,3047.5216466831066,2048.1676412798333
2024-10-10 10:00:00,3103.576998197711,3047.5216466831066,2048.1676412798333
2024-10-10 11:00:00,2973.0564348581,3047.5216466831066,2071.666317445483
2024-10-10 12:00:00,2973.0564348581,3065.854589166304,2170.5962603793328
2024-10-10 13:00:00,3049.5212261846937,3232.1069028498905,2199.8854664744076
2024-10-10 14:00:00,3089.8205784836814,3232.1069028498905,2199.8854664744076
2024-10-10 15:00:00,3089.8205784836814,3208.7943120198283,2085.428687563729
2024-10-10 16:00:00,3084.463419186086,3208.7943120198283,2085.428687563729
2024-10-10 17:00:00,3084.463419186086,3318.512072276819,2205.261767268735
2024-10-10 18:00:00,3371.3466177927053,3612.6342147329137,2749.6330005433683
2024-10-10 19:00:00,3891.8534632366777,3994.9302670392435,2901.8218951020217
2024-10-10 20:00:00,4289.3125081028065,4800.816320977576,3430.8424858814783
2024-10-10 21:00:00,5295.931794330003,6428.211632610101,4395.045022543969
2024-10-10 22:00:00,6765.789220568945,7331.296926281744,4961.456708343911
2024-10-10 23:00:00,6887.458399870484,7331.296926281744,4961.456708343911
2024-10-11 00:00:00,6826.623810219715,7126.14620630344,4802.450102808579
2024-10-11 01:00:00,4612.925051409693,5143.07411982305,3009.3004708950943
2024-10-11 02:00:00,4607.319039929915,5016.995683141589,2944.8995427163522
2024-10-11 03:00:00,4592.737064582962,4860.524350170436,2944.8995427163522
2024-10-11 04:00:00,4463.7119733751215,4627.253696296602,2894.9429725144355
2024-10-11 05:00:00,4172.243024691206,4587.4397419681945,2852.867281015596
2024-10-11 06:00:00,3891.9029099525424,4415.39009173222,2784.856941446412
2024-10-11 07:00:00,3826.9009179801737,4240.334184013845,2707.6325032246195
2024-10-11 08:00:00,3518.783173172131,3923.1269820702814,2599.878382549462
2024-10-11 09:00:00,3226.44234977851,3338.1571803839543,2283.046046530325
2024-10-11 10:00:00,2923.4648501062115,3156.3663032681006,2188.4491631866053
2024-10-11 11:00:00,2911.792696269314,3035.1876417137296,2174.3403620086365
2024-10-11 12:00:00,2808.603257665241,2963.2439913679277,2041.004630074573
2024-10-11 13:00:00,2808.603257665241,2963.2439913679277,2041.004630074573
2024-10-11 14:00:00,2933.4397598460564,3058.273339241238,2231.7707816604407
2024-10-11 15:00:00,3122.2170619392714,3167.096777790149,2387.9081248416956
2024-10-11 16:00:00,3335.1183255515703,3285.8176968918656,2591.714554304158
2024-10-11 17:00:00,3484.998455963171,3504.886785853427,2626.718437148301
2024-10-11 18:00:00,3545.289312379061,3621.213313328396,2762.9369154915066
2024-10-11 19:00:00,4309.220536828123,4050.125886446122,3228.6275671104786
2024-10-11 20:00:00,4598.394958019095,4510.735224059243,3251.8182146593135
2024-10-11 21:00:00,4759.503518116976,5432.937561395654,3465.7807029337637
2024-10-11 22:00:00,6249.936939805356,6866.0115045157045,4054.510203944535
2024-10-11 23:00:00,6297.644454050198,7025.796846001802,4061.9715854997967
2024-10-12 00:00:00,6564.301675452672,7177.855842079087,4058.2408947221656
2024-10-12 01:00:00,8161.075083227628,8170.560407736481,4885.340997924615
2024-10-12 02:00:00,8164.250916821837,8605.791793804286,5058.934272823297
2024-10-12 03:00:00,8164.250916821837,8605.791793804286,5058.934272823297
2024-10-12 04:00:00,8112.720430899152,8524.827339112224,4948.526461803349
2024-10-12 05:00:00,7539.98589056788,7998.627844489582,4947.989238335635
2024-10-12 06:00:00,5603.47006885007,5834.579661493506,3647.314598659513
2024-10-12 07:00:00,5306.92417977215,5771.851129237024,3481.4800236906785
2024-10-12 08:00:00,5306.92417977215,5258.501373718006,3481.4800236906785
2024-10-12 09:00:00,4412.029604970492,4179.645351650782,3217.1924983976337
2024-10-12 10:00:00,3372.94089010874,3401.723320091446,2396.6404152966743
2024-10-12 11:00:00,3004.647895069441,3035.524569311073,2008.0355803393686
2024-10-12 12:00:00,2764.6888909497875,3030.6542627717204,1970.3729437894374
2024-10-12 13:00:00,2762.1180825710044,3031.083944636871,1961.8455156410987
2024-10-12 14:00:00,2762.1180825710044,3030.6542627717204,1953.107024530945
2024-10-12 15:00:00,2762.1180825710044,2922.145634807325,1945.3847524363143
2024-10-12 16:00:00,2651.1206192611317,2830.7025265255893,1945.3847524363143
2024-10-12 17:00:00,2651.1206192611317,2830.7025265255893,1986.4308976260713
2024-10-12 18:00:00,3234.7714999673967,3510.039251344163,2250.1615419884824
2024-10-12 19:00:00,3353.1613652767046,3528.6802156112667,2310.572885084839
2024-10-12 20:00:00,3438.3466659266146,3599.6754749275947,2310.572885084839
2024-10-12 21:00:00,3504.166415072069,3845.7453657734923,2508.9121497543283
2024-10-12 22:00:00,4030.721406762008,4358.666699733875,2804.281232390046
2024-10-12 23:00:00,4030.721406762008,4358.666699733875,2804.281232390046
2024-10-13 00:00:00,3783.855548160905,4172.7423206768235,2658.291546318224
2024-10-13 01:00:00,3075.898822004512,3774.7557543213993,1921.0893710792798
2024-10-13 02:00:00,3139.0382588125804,3869.9843211616217,1971.2738095656264
2024-10-13 03:00:00,3139.0382588125804,3869.9843211616217,1868.2840575894115
2024-10-13 04:00:00,3268.6582442106396,3446.884017911746,1971.2738095656264
2024-10-13 05:00:00,3208.221989463087,3379.961818718127,2107.2549688747313
2024-10-13 06:00:00,3208.221989463087,3446.884017911746,2107.6115551005314
2024-10-13 07:00:00,3208.221989463087,3400.565638182393,2192.0621053403793
2024-10-13 08:00:00,3117.81169471363,3400.565638182393,2192.0621053403793
2024-10-13 09:00:00,2855.3716198828256,3257.487814445567,2148.919676641679
2024-10-13 10:00:00,2657.4833910269326,3062.05114009434,2148.919676641679
2024-10-13 11:00:00,2657.4833910269326,3062.05114009434,2157.13169452915
2024-10-13 12:00:00,2740.700962519458,3114.53826902172,2543.2448797668067
2024-10-13 13:00:00,3017.3287259429653,3301.333371463524,2598.950416556245
2024-10-13 14:00:00,3017.3287259429653,3381.963145209699,2604.6412007235963
2024-10-13 15:00:00,2895.3914872684254,3381.963145209699,2598.950416556245
2024-10-13 16:00:00,2262.2236546699037,2978.1144243902954,2101.7606667683217
2024-10-13 17:00:00,2262.2236546699037,2978.1144243902954,2057.720150105472
2024-10-13 18:00:00,2565.8151255859966,3016.3532154615973,2057.720150105472
2024-10-13 19:00:00,2579.178668625065,3087.053903285353,2091.4385251947215
2024-10-13 20:00:00,2739.827035537189,3299.312059245539,2102.252738963609
2024-10-13 21:00:00,2826.8134179021044,3374.3299015129705,2091.4385251947215
2024-10-13 22:00:00,3231.8084238506444,3748.2963837415905,2218.650880243663
2024-10-13 23:00:00,3231.8084238506444,3959.1708697193294,2093.6446996608947
2024-10-14 00:00:00,3975.692757068751,4797.647282632442,2855.1543872461943
2024-10-14 01:00:00,3528.608742664167,3555.0719907921375,2133.461976236955
2024-10-14 02:00:00,3540.4444468766187,3505.348910694568,2160.241059340405
2024-10-14 03:00:00,3611.993379098213,3604.795070889707,2160.241059340405
2024-10-14 04:00:00,3611.993379098213,3443.823829695586,2175.0474187251825
2024-10-14 05:00:00,3556.388357714573,3457.0518261219745,2342.568865623784
2024-10-14 06:00:00,3556.388357714573,3457.0518261219745,2385.8079425172673
2024-10-14 07:00:00,3556.388357714573,3954.8023520271636,2686.5073501495303
2024-10-14 08:00:00,3551.245614266838,3954.8023520271636,2686.5073501495303
2024-10-14 09:00:00,3514.059067361576,3847.5607490726106,2574.7242639285487
2024-10-14 10:00:00,3483.6872845108855,3509.3654358281733,2311.2266221419745
2024-10-14 11:00:00,3277.9881014911853,3327.973347330791,2125.1636729103084
2024-10-14 12:00:00,3210.180581355215,3322.3139311082546,2008.3324252083662
2024-10-14 13:00:00,3202.8254972632767,3322.3139311082546,2008.3324252083662
2024-10-14 14:00:00,3202.8254972632767,3644.09403576771,2214.8036379095947
2024-10-14 15:00:00,3285.0403013339137,3822.5450297702437,2351.24703047383
2024-10-14 16:00:00,4601.440975860189,5144.837338751628,3428.110058648276
2024-10-14 17:00:00,4603.82421780268,5279.072484157548,3785.678185850405
2024-10-14 18:00:00,6214.526395551236,6896.324115232705,4842.046764341422
2024-10-14 19:00:00,7934.630539187662,9097.039513854412,6823.129479991604
2024-10-14 20:00:00,7934.630539187662,9097.039513854412,6823.129479991604
2024-10-14 21:00:00,7410.606855339669,8691.290386362549,5814.030882595679
2024-10-14 22:00:00,6710.408091877565,8551.85961064076,5016.644888720441
2024-10-14 23:00:00,6108.709662747853,8551.85961064076,4768.632050133849
2024-10-15 00:00:00,6268.527517274345,8830.40263453552,4892.638469427145
2024-10-15 01:00:00,5237.121866075335,6402.139157899741,4436.696484826288
2024-10-15 02:00:00,5444.075152006417,6625.490242102509,4617.2558967274335
2024-10-15 03:00:00,5444.075152006417,6834.66255633419,4805.809863815526
2024-10-15 04:00:00,6028.878887335997,7626.2231362724615,5786.920653644613
2024-10-15 05:00:00,6746.67175233076,8314.568157651744,5825.897819681027
2024-10-15 06:00:00,6746.67175233076,8314.568157651744,5825.897819681027
2024-10-15 07:00:00,5682.088883068743,6505.641877953366,4459.1575066365385
2024-10-15 08:00:00,5577.113019180574,6505.641877953366,4196.140083098539
2024-10-15 09:00:00,5577.113019180574,7039.184605076177,4196.140083098539
2024-10-15 10:00:00,6046.431162082535,7176.62890789399,4567.478303505875
2024-10-15 11:00:00,6046.431162082535,7039.184605076177,4567.478303505875
2024-10-15 12:00:00,5957.051453679909,7164.979173219651,4461.579668346373
2024-10-15 13:00:00,5957.051453679909,7164.979173219651,4461.579668346373
2024-10-15 14:00:00,7561.079859637621,7984.032940012525,5226.459148602686
2024-10-15 15:00:00,7586.977201924969,8766.019907593593,5607.500641501256
2024-10-15 16:00:00,8068.089941215233,8956.279592159213,5847.186440384476
2024-10-15 17:00:00,9485.954695319204,11366.639453580969,7814.079249003111
2024-10-15 18:00:00,11350.755047969997,13027.239952011174,9153.287384551455
2024-10-15 19:00:00,11350.755047969997,13495.973175520343,9675.84906755111
2024-10-15 20:00:00,10547.06068853102,13495.973175520343,9675.84906755111
2024-10-15 21:00:00,10545.330382818865,13399.25441703358,8772.152351109045
2024-10-15 22:00:00,9189.711380942474,9971.687887624352,6727.235424592694
2024-10-15 23:00:00,9075.955669943087,9448.337219147008,6348.147851717268
2024-10-16 00:00:00,8886.185879082193,9329.533151962132,6338.1837640895865
2024-10-16 01:00:00,5995.498046346321,6182.592606058574,4256.70837929922
2024-10-16 02:00:00,5368.989009005625,5415.816186316022,3835.1195757013875
2024-10-16 03:00:00,4255.062321410911,4837.122278866495,3258.025176490976
2024-10-16 04:00:00,2970.8125670820828,3195.3891018195945,2383.5820572672646
2024-10-16 05:00:00,2970.8125670820828,2945.818449766743,2074.407948305582
2024-10-16 06:00:00,2960.9771243485234,2945.818449766743,2074.407948305582
2024-10-16 07:00:00,2834.278823987216,2945.818449766743,2074.407948305582
2024-10-16 08:00:00,2697.056521198375,2668.78310906091,2047.052012011985
2024-10-16 09:00:00,2477.0588713672323,2578.588342963351,2022.036906869226
2024-10-16 10:00:00,2477.0588713672323,2561.5043842393407,2022.036906869226
2024-10-16 11:00:00,2483.343529313245,2561.5043842393407,2022.036906869226
2024-10-16 12:00:00,2483.343529313245,2712.852082018502,1988.2289273484967
2024-10-16 13:00:00,2477.165496834822,2755.0342259377867,1988.2289273484967
2024-10-16 14:00:00,2477.165496834822,2795.7110154355114,2175.1606441375684
2024-10-16 15:00:00,2487.838680610453,2795.7110154355114,2201.7389710841057
2024-10-16 16:00:00,2710.0593922959843,3033.031674686673,2529.206496100326
2024-10-16 17:00:00,3053.6720240429922,3318.0644484138124,2620.364092399246
2024-10-16 18:00:00,3133.1974601565935,3323.540694240979,2739.14163144038
2024-10-16 19:00:00,3626.5335175626738,3864.2590886834623,2802.4743737570034
2024-10-16 20:00:00,3631.6463714437655,3943.873436791281,2802.4743737570034
2024-10-16 21:00:00,3641.8077355399496,3992.06749751117,2802.4743737570034
2024-10-16 22:00:00,4309.374801709985,4753.33979234512,2875.6220674945243
2024-10-16 23:00:00,4482.707750848584,5220.307999036895,3090.814533224521
2024-10-17 00:00:00,4537.763695582755,5259.4265886076355,3114.7416086946346
2024-10-17 01:00:00,4370.641022212761,4336.387387725152,2854.690681944315
2024-10-17 02:00:00,4226.946333270821,4328.156314900883,2817.4437780035382
2024-10-17 03:00:00,4412.091613748151,4328.156314900883,3051.7308133550687
2024-10-17 04:00:00,4412.091613748151,4318.2901014746485,3049.7439160636086
2024-10-17 05:00:00,4412.091613748151,3762.367663975719,3049.7439160636086
2024-10-17 06:00:00,4054.8061047900605,3445.33254149334,2631.687491067197
2024-10-17 07:00:00,3804.667717774851,3435.174017265052,2540.0896432570257
2024-10-17 08:00:00,3606.093761499999,3392.6001993326727,2523.6462464560786
2024-10-17 09:00:00,3257.1629767477375,3314.3940973076083,2517.9660420901646
2024-10-17 10:00:00,3013.3390559453655,3011.854533851952,2298.4778811845163
2024-10-17 11:00:00,2916.8433431407857,3011.854533851952,2290.319109848412
2024-10-17 12:00:00,2357.463216634734,3011.854533851952,1995.7692307783013
2024-10-17 13:00:00,2357.463216634734,2841.264997677598,1978.2993226300962
2024-10-17 14:00:00,2371.024462734396,2730.0493228940686,1945.723221833725
2024-10-17 15:00:00,2381.3227843301124,2676.563680280825,1978.2993226300962
2024-10-17 16:00:00,2670.9550054909464,2676.563680280825,2157.1538516571754
2024-10-17 17:00:00,2924.115091043142,3209.075162536769,2487.539615339145
2024-10-17 18:00:00,2937.029109486045,3209.075162536769,2487.539615339145
2024-10-17 19:00:00,2937.029109486045,3248.18337003151,2454.3675146892433
2024-10-17 20:00:00,3083.3145833562826,3248.18337003151,2454.3675146892433
2024-10-17 21:00:00,3483.397891421614,3458.4832661428636,2840.935465263055
2024-10-17 22:00:00,3946.28575813682,4167.520308080757,2886.1159205833674
2024-10-17 23:00:00,4064.906762246029,4168.365554133199,2886.1159205833674
2024-10-18 00:00:00,4131.648663954111,4302.089353909949,2816.242659115662
2024-10-18 01:00:00,4002.50161901054,3573.1603022684553,2548.7735523017955
2024-10-18 02:00:00,4043.5072331846995,3601.6657284429048,2615.943717324627
2024-10-18 03:00:00,4130.569649754941,3831.362704958238,2615.943717324627
2024-10-18 04:00:00,4252.827494868983,3963.996511054721,2726.6824572767305
2024-10-18 05:00:00,4252.827494868983,3963.996511054721,2728.90532780358
2024-10-18 06:00:00,4258.6221989959795,3963.996511054721,3109.149388252474
2024-10-18 07:00:00,4149.821179587575,4199.1806013428595,3118.9863178618803
2024-10-18 08:00:00,4344.467593815911,4199.1806013428595,3270.5421555691937
2024-10-18 09:00:00,4149.821179587575,4687.747501024792,3450.697023948257
2024-10-18 10:00:00,4301.229660504167,4687.747501024792,3450.697023948257
2024-10-18 11:00:00,4252.914110290409,4687.747501024792,3431.007045442801
2024-10-18 12:00:00,4301.229660504167,4745.479250141012,3431.007045442801
2024-10-18 13:00:00,5461.5116257723175,7412.323397104126,4291.4975238488305
2024-10-18 14:00:00,8764.148962412613,9885.352066388596,7206.858055131626
2024-10-18 15:00:00,10601.276027550026,12734.43335774262,8962.513779796409
2024-10-18 16:00:00,11742.924656922294,13959.467207957165,10013.172665159058
2024-10-18 17:00:00,12129.086209335432,14058.50100583749,10885.445866117818
2024-10-18 18:00:00,12506.420918257067,14733.340861331852,11664.471102294325
2024-10-18 19:00:00,12603.114746004783,15477.270249921334,12254.188318693738
2024-10-18 20:00:00,13081.462489416455,15477.270249921334,12486.687685635688
2024-10-18 21:00:00,13642.66939593088,15535.693271651335,12661.223883048295
2024-10-18 22:00:00,13642.66939593088,15535.693271651335,12661.223883048295
2024-10-18 23:00:00,11355.47876771141,13980.348798698265,11489.914391689405
2024-10-19 00:00:00,10960.250699271624,13592.718899164187,10724.47202422594
2024-10-19 01:00:00,8501.06324814999,9903.66775894829,7031.278925831177
2024-10-19 02:00:00,8583.935440003126,9953.981841272906,7232.791298046264
2024-10-19 03:00:00,8405.306780126533,9953.981841272906,6829.76655361609
2024-10-19 04:00:00,6172.927477247325,7577.870785549925,6005.2107827581285
2024-10-19 05:00:00,5095.427031350497,4892.982585234987,3429.611045401769
2024-10-19 06:00:00,5095.427031350497,4892.982585234987,3429.611045401769
2024-10-19 07:00:00,7533.0970556611255,7936.871896623308,6494.479429433787
2024-10-19 08:00:00,8604.888422380245,9102.408503352239,7713.107724410089
2024-10-19 09:00:00,9681.834346419591,10911.022696640659,9201.80238338194
2024-10-19 10:00:00,10732.911236708029,12134.92103436669,10356.03441799904
2024-10-19 11:00:00,10925.82147998956,12134.92103436669,10356.03441799904
2024-10-19 12:00:00,11070.572115190687,12531.219266866796,10493.449625229803
2024-10-19 13:00:00,10925.82147998956,12531.219266866796,10551.402999300142
2024-10-19 14:00:00,10765.335148064694,12531.219266866796,10551.402999300142
2024-10-19 15:00:00,10556.331825898505,12473.727643649483,10514.685623931766
2024-10-19 16:00:00,10341.279218031197,11743.835506053929,9964.917904514947
2024-10-19 17:00:00,10341.279218031197,11295.38476615314,9028.015391523051
2024-10-19 18:00:00,10357.686784852402,11295.38476615314,9028.015391523051
2024-10-19 19:00:00,10738.004134734609,11672.627401667094,9814.853712878717
2024-10-19 20:00:00,10927.566440365375,12419.293901232144,10152.457994516957
2024-10-19 21:00:00,10927.566440365375,12522.23075304405,10195.318876380534
2024-10-19 22:00:00,10927.88938019465,12660.91015424339,10195.318876380534
2024-10-19 23:00:00,11045.552376056563,13339.712816507992,10257.421543380959
2024-10-20 00:00:00,11165.689168122164,13386.883076353262,10457.929215558019
2024-10-20 01:00:00,12337.266878784909,13461.481322387875,10556.815394927948
2024-10-20 02:00:00,11968.60861455695,13308.621401527702,10450.98888355847
2024-10-20 03:00:00,11887.770171411426,13308.621401527702,10126.658697919205
2024-10-20 04:00:00,11571.196877884591,13101.976073603919,9773.874630464157
2024-10-20 05:00:00,11571.196877884591,13323.049877809244,9616.357025273675
2024-10-20 06:00:00,11498.765700589554,13188.180250872721,9616.357025273675
2024-10-20 07:00:00,11249.480907990346,13188.180250872721,9435.596012830165
2024-10-20 08:00:00,10568.146207618815,12390.702057966153,8650.37716326186
2024-10-20 09:00:00,9709.139944456432,11923.79003167241,8106.6998988318865
2024-10-20 10:00:00,9034.73567944201,11152.169574754216,8106.6998988318865
2024-10-20 11:00:00,7867.152163191875,10419.5704178961,7978.24881759844
2024-10-20 12:00:00,5915.97186107595,7221.921610104497,5517.413844702925
2024-10-20 13:00:00,5095.090410534926,6588.206855953387,4792.53944308431
2024-10-20 14:00:00,4762.742119710841,6220.051316484494,4398.906860122128
2024-10-20 15:00:00,4313.978877354973,5432.1742773255955,3923.939916407805
2024-10-20 16:00:00,4201.8015713056575,5432.1742773255955,3710.9383831441546
2024-10-20 17:00:00,4084.2160065660946,5472.581564453654,3681.1096657151693
2024-10-20 18:00:00,4084.2160065660946,5546.762891046334,3681.1096657151693
2024-10-20 19:00:00,4520.469553872448,6085.082772501262,4203.725769938119
2024-10-20 20:00:00,5270.5254267317405,7433.80216321685,6013.6246634614445
2024-10-20 21:00:00,5416.238918510438,8715.651097504018,6106.754658352547
2024-10-20 22:00:00,5410.524407497247,8715.651097504018,6013.6246634614445
2024-10-20 23:00:00,5410.524407497247,7355.748077995845,5725.192557635133
2024-10-21 00:00:00,4457.910118883314,5808.51758185766,4090.189560718078
2024-10-21 01:00:00,5200.323749836663,5866.0583730495355,4035.982150709935
2024-10-21 02:00:00,5079.25999249326,5167.971894508712,3559.7088750250005
2024-10-21 03:00:00,4232.110624660445,5033.83674093994,3118.2317423855866
2024-10-21 04:00:00,4220.70713493256,4893.01466025369,3075.115455900467
2024-10-21 05:00:00,4195.829061526638,4767.156653847186,3075.115455900467
2024-10-21 06:00:00,4141.091199879678,4893.01466025369,2881.3921842464983
2024-10-21 07:00:00,4141.091199879678,5188.83202948114,2881.3921842464983
2024-10-21 08:00:00,4141.091199879678,5188.83202948114,2881.3921842464983
2024-10-21 09:00:00,3961.806558045475,4987.672480147913,2640.727992912037
2024-10-21 10:00:00,3920.5930805948374,4858.184745379882,2296.9591053727618
2024-10-21 11:00:00,3916.5998609164453,4791.809572807878,2264.1481694926442
2024-10-21 12:00:00,3916.5998609164453,4409.789467489684,2296.9591053727618
2024-10-21 13:00:00,3941.915175944978,4409.789467489684,2702.4932055332793
2024-10-21 14:00:00,3941.915175944978,4409.789467489684,2702.4932055332793
2024-10-21 15:00:00,3713.968532095857,4090.291060947199,2586.0032896866314
2024-10-21 16:00:00,3694.534120105682,3845.978135884407,2586.0032896866314
2024-10-21 17:00:00,3694.534120105682,3780.421882372968,2586.0032896866314
2024-10-21 18:00:00,3760.954294310834,3845.978135884407,2673.73649082787
2024-10-21 19:00:00,4385.188616054469,5220.7677724826335,3307.5352533138757
2024-10-21 20:00:00,4482.643325212943,5763.287306725079,3483.2069237109654
2024-10-21 21:00:00,4482.643325212943,5763.287306725079,3483.2069237109654
2024-10-21 22:00:00,4019.7495443462567,5229.568855826285,2624.9272274197006
2024-10-21 23:00:00,3840.2787412649222,4736.286087807564,2602.6485928791717
2024-10-22 00:00:00,3836.5117262007143,4638.57496290507,2613.7879101494364
2024-10-22 01:00:00,4205.671600645745,4207.609263684458,2518.0366357795383
2024-10-22 02:00:00,4081.9778229254734,3755.82082696638,2628.194817535663
2024-10-22 03:00:00,4081.9778229254734,3755.82082696638,2845.698323774968
2024-10-22 04:00:00,4351.845335203955,3951.9224270253703,2845.698323774968
2024-10-22 05:00:00,4374.659992988237,3973.234553645261,2938.032739704994
2024-10-22 06:00:00,4374.659992988237,4041.0415513892513,3200.173629663798
2024-10-22 07:00:00,4923.834247493643,5247.905824640437,3703.3121969127415
2024-10-22 08:00:00,5192.282342358295,5484.8175420987845,4044.5224165232016
2024-10-22 09:00:00,6106.391098685721,6262.747918415957,4262.494513754778
2024-10-22 10:00:00,6106.391098685721,6931.136552229725,5434.831109821784
2024-10-22 11:00:00,5945.609629772331,7188.846739833374,4573.265130083457
2024-10-22 12:00:00,5945.609629772331,7291.562653872539,5581.058861858915
2024-10-22 13:00:00,5881.831871087919,7188.846739833374,4573.265130083457
2024-10-22 14:00:00,6451.433142094852,7291.562653872539,4933.928573502719
2024-10-22 15:00:00,7675.682015178533,9032.400689809221,4933.928573502719
2024-10-22 16:00:00,7675.682015178533,10259.054013360983,6336.805653631994
2024-10-22 17:00:00,7904.151334484964,10973.955848262154,7130.823223949947
2024-10-22 18:00:00,7904.151334484964,11046.990428887944,7205.997904192956
2024-10-22 19:00:00,8600.040095295788,11798.054462291428,8374.422286106184
2024-10-22 20:00:00,10300.04913227965,12396.086958435286,9470.14387678728
2024-10-22 21:00:00,11000.134406937625,13383.473573089595,10225.064622653648
2024-10-22 22:00:00,11074.49398104531,14751.536479342962,10701.173476944847
2024-10-22 23:00:00,12929.179806397526,16018.755073003904,13463.146827683599
2024-10-23 00:00:00,14321.329399903434,16774.657947363514,13935.998647243434
2024-10-23 01:00:00,17538.438574050386,19533.385615418898,16090.227471608123
2024-10-23 02:00:00,17222.702046072918,19385.15504898934,15708.11502567068
2024-10-23 03:00:00,17882.637068780925,19103.057159740092,15479.784535247833
2024-10-23 04:00:00,18204.107825893803,19103.057159740092,15479.784535247833
2024-10-23 05:00:00,18800.553116731473,19465.564038451157,15701.354429070861
2024-10-23 06:00:00,18995.75957543112,19540.853261889475,15701.354429070861
2024-10-23 07:00:00,18995.75957543112,19540.853261889475,15548.444575775397
2024-10-23 08:00:00,17968.780802061323,19214.32058250198,15057.507652887358
2024-10-23 09:00:00,17560.12202166806,18941.099199098127,14810.11052736498
2024-10-23 10:00:00,17445.28593145641,18941.099199098127,14545.105823047856
2024-10-23 11:00:00,17052.328825207536,19018.780435722416,14495.893662475099
2024-10-23 12:00:00,17052.328825207536,19099.87983336735,14323.870440064664
2024-10-23 13:00:00,16029.548793553418,19018.780435722416,14184.17990097697
2024-10-23 14:00:00,16029.548793553418,18520.936129955884,14184.17990097697
2024-10-23 15:00:00,16838.488075399866,18520.936129955884,14334.358070389451
2024-10-23 16:00:00,16838.488075399866,18650.357935426226,14695.977597395928
2024-10-23 17:00:00,16727.84154751625,18650.357935426226,14856.532679066635
2024-10-23 18:00:00,16727.84154751625,18811.073444105736,14856.532679066635
2024-10-23 19:00:00,16727.84154751625,18484.02669420912,14377.039048355498
2024-10-23 20:00:00,15382.45115373965,16742.550460851227,11728.724306844715
2024-10-23 21:00:00,15379.649972463634,16000.20548433258,11628.385082951749
2024-10-23 22:00:00,14415.982210154896,14141.96210173261,10304.120810345456
2024-10-23 23:00:00,14038.127107035903,13524.043954743625,9706.90721540748
2024-10-24 00:00:00,13744.42628089368,13211.500367593699,9554.245927080727
2024-10-24 01:00:00,10574.990030397017,9259.71852244636,6389.64331744863
2024-10-24 02:00:00,10308.672940001703,8814.012060971856,6260.301915574632
2024-10-24 03:00:00,10308.672940001703,8322.431438888183,5535.810533960868
2024-10-24 04:00:00,10300.833927906946,8252.67698348952,5347.323503632786
2024-10-24 05:00:00,10256.69771882981,7968.109766778364,5078.540120337901
2024-10-24 06:00:00,8994.554928585461,7066.302729129355,4569.6748942314825
2024-10-24 07:00:00,8990.48456967512,6534.522521132849,4513.470959716916
2024-10-24 08:00:00,6350.294314469071,4923.3847141228525,3422.5249961555637
2024-10-24 09:00:00,4880.851068814932,4074.9566301217064,2560.7188510238802
2024-10-24 10:00:00,3375.135617345191,3325.4255509389463,1864.4219566962365
2024-10-24 11:00:00,2853.9248833783286,2556.6982137482055,1636.7097126689498
2024-10-24 12:00:00,2645.366041807917,2556.6982137482055,1627.8415544303266
2024-10-24 13:00:00,2645.366041807917,2551.809077898648,1580.6351597516814
2024-10-24 14:00:00,2689.85441312495,2551.809077898648,1627.8415544303266
2024-10-24 15:00:00,2743.327438303223,2473.8583657592208,1635.2741523961522
2024-10-24 16:00:00,2772.683660635904,2473.8583657592208,1648.2744920011512
2024-10-24 17:00:00,2815.4141075677444,2662.5940484164507,1720.2186040849633
2024-10-24 18:00:00,2805.8588115462676,2662.5940484164507,1720.2186040849633
2024-10-24 19:00:00,2892.4273091482964,2662.5940484164507,1720.2186040849633
2024-10-24 20:00:00,2805.8588115462676,2897.6736472387215,1920.8538116439317
2024-10-24 21:00:00,2875.6296679047146,3048.328678997941,2070.4160275495683
2024-10-24 22:00:00,2875.6296679047146,3510.297749191262,2098.0492386290957
2024-10-24 23:00:00,3086.2583072701677,3510.297749191262,2098.0492386290957
2024-10-25 00:00:00,3092.2806209837645,3391.49394321124,2039.4718785565744
2024-10-25 01:00:00,2671.104038751553,2649.3840750798818,1590.1844109924743
2024-10-25 02:00:00,2688.2603384640033,2678.6516962226315,1669.9199268944194
2024-10-25 03:00:00,2890.400918891201,2934.726267985077,1892.6801172357214
2024-10-25 04:00:00,3240.8604565323208,3053.6731081227545,2008.8427743610428
2024-10-25 05:00:00,3240.8604565323208,3127.6042509038734,2175.795683822178
2024-10-25 06:00:00,3177.9397623683485,3371.8403846236274,2249.5623166744563
2024-10-25 07:00:00,3033.642398359562,3371.8403846236274,2249.5623166744563
2024-10-25 08:00:00,2978.9755743900632,3233.268067269929,2111.4712932333996
2024-10-25 09:00:00,2978.9755743900632,3233.268067269929,2111.4712932333996
2024-10-25 10:00:00,3064.1127454389707,3229.881006290746,2227.266901089015
2024-10-25 11:00:00,3100.108774783007,3197.5952027497533,2241.450623465544
2024-10-25 12:00:00,3064.1127454389707,3197.5952027497533,2446.4414501379965
2024-10-25 13:00:00,2857.9271386266605,3290.613658133721,2462.111721888939
2024-10-25 14:00:00,2657.46238242022,3290.613658133721,2486.9951358837952
2024-10-25 15:00:00,2657.46238242022,3336.978523757115,2486.9951358837952
2024-10-25 16:00:00,2925.9573185409013,3336.978523757115,2560.669753822949
2024-10-25 17:00:00,2945.837639381716,3476.2318900259297,2560.669753822949
2024-10-25 18:00:00,3512.805058171408,3476.2318900259297,2674.710976581252
2024-10-25 19:00:00,3512.805058171408,3420.7539884985135,2674.710976581252
2024-10-25 20:00:00,3484.69077116497,3420.7539884985135,2660.3848603839965
2024-10-25 21:00:00,3484.69077116497,3487.4136611276203,2652.40483761988
2024-10-25 22:00:00,4017.6108660887194,4201.072102576684,2652.40483761988
2024-10-25 23:00:00,4017.6108660887194,4201.072102576684,2557.6572051030116
2024-10-26 00:00:00,3933.447298286596,4167.447606765058,2509.2175478919235
2024-10-26 01:00:00,3145.9149618165925,3339.884246865776,2165.108287453254
2024-10-26 02:00:00,3102.339210461728,3140.4252233102025,2162.2894075386153
2024-10-26 03:00:00,3034.0809110183573,2935.798196405336,2167.927167367893
2024-10-26 04:00:00,2759.7981377456285,2935.798196405336,2076.2634985531427
2024-10-26 05:00:00,2876.024003667775,2935.798196405336,2076.2634985531427
2024-10-26 06:00:00,2876.024003667775,2971.807344235408,2076.2634985531427
2024-10-26 07:00:00,3122.0505776302884,3624.2321297860435,2381.143210837664
2024-10-26 08:00:00,3122.0505776302884,3624.2321297860435,2416.6245461225603
2024-10-26 09:00:00,3122.0505776302884,3661.5749738335776,2476.737578309236
2024-10-26 10:00:00,3703.5890308303506,4174.157962450238,3259.3799867261523
2024-10-26 11:00:00,3703.5890308303506,4175.139671464671,3259.3799867261523
2024-10-26 12:00:00,2936.909689726005,4175.139671464671,3159.906980342777
2024-10-26 13:00:00,2714.516285749318,3022.6113624147556,2382.14051928283
2024-10-26 14:00:00,2646.5923332817997,2945.6455705856047,2373.743240330078
2024-10-26 15:00:00,2714.516285749318,2901.407025593716,2308.9247705853727
2024-10-26 16:00:00,2771.271836830022,2901.407025593716,2241.067965364315
2024-10-26 17:00:00,2778.480639565816,3052.203468707199,2241.067965364315
2024-10-26 18:00:00,2788.189711625265,3070.069313335101,2298.0366053553817
2024-10-26 19:00:00,2863.1876294889353,3209.6049921714666,2373.059782140006
2024-10-26 20:00:00,2863.1876294889353,3209.6049921714666,2298.0366053553817
2024-10-26 21:00:00,3010.489673885311,3403.7919919454953,2366.522429042165
2024-10-26 22:00:00,3316.1984239165613,3524.459591321068,2366.522429042165
2024-10-26 23:00:00,3753.3201161385487,3986.3938279491676,2451.0079558433144
2024-10-27 00:00:00,3958.7418197389775,4154.884649507296,2609.0982311791604
2024-10-27 01:00:00,4210.795218600108,3613.9281853330513,2548.5052197821997
2024-10-27 02:00:00,4549.368832789996,3641.5779366159295,2715.590296071026
2024-10-27 03:00:00,6101.118253880427,6218.48502049693,3554.797896290826
2024-10-27 04:00:00,6324.198827719852,6310.243343678669,3776.512219226549
2024-10-27 05:00:00,6553.397258508548,7138.9273634705,4382.64963691567
2024-10-27 06:00:00,6553.397258508548,7138.9273634705,4382.64963691567
2024-10-27 07:00:00,6135.236521859296,6961.708521713405,4253.529863480141
2024-10-27 08:00:00,6135.236521859296,6961.708521713405,4253.529863480141
2024-10-27 09:00:00,6135.236521859296,7233.464831496286,4867.127883806475
2024-10-27 10:00:00,6079.586382844803,7233.464831496286,4867.127883806475
2024-10-27 11:00:00,5224.397367240923,6699.861860732113,4109.691519002983
2024-10-27 12:00:00,4934.271804534458,5969.983993737877,3565.072547506256
2024-10-27 13:00:00,4934.271804534458,5502.503483463555,3044.655330034346
2024-10-27 14:00:00,4602.719468579262,4979.047611745633,2647.859522443141
2024-10-27 15:00:00,5304.726792346024,5502.503483463555,3044.655330034346
2024-10-27 16:00:00,5304.726792346024,5660.963691440697,3563.326318067141
2024-10-27 17:00:00,6556.737464078139,6983.903858707303,4279.859348170537
2024-10-27 18:00:00,6660.109308688399,6983.903858707303,4649.555843569413
2024-10-27 19:00:00,6556.737464078139,6983.903858707303,4649.555843569413
2024-10-27 20:00:00,5868.419999815315,6803.967626309398,4649.555843569413
2024-10-27 21:00:00,5868.419999815315,6803.967626309398,4511.418112669977
2024-10-27 22:00:00,6215.251418867412,6593.762268212781,4511.418112669977
2024-10-27 23:00:00,6215.251418867412,6172.5031508932225,4564.331981473258
2024-10-28 00:00:00,6173.341193040817,6257.765185189062,4599.159017467078
2024-10-28 01:00:00,5463.878593277653,6007.362817392819,4316.805060305729
2024-10-28 02:00:00,5188.591345712962,5886.918943937577,4066.3509197515677
2024-10-28 03:00:00,4534.346124072983,4788.504604301178,3555.3420135185283
2024-10-28 04:00:00,4244.348970921603,4186.410816774436,3470.5697838805995
2024-10-28 05:00:00,4244.348970921603,4186.410816774436,3360.7283365308367
2024-10-28 06:00:00,4568.766129499844,4765.5600941022185,3360.7283365308367
2024-10-28 07:00:00,4695.440230822834,4901.608340928046,3577.384358454521
2024-10-28 08:00:00,4695.440230822834,5064.831524788466,3867.348932529648
2024-10-28 09:00:00,4695.440230822834,5084.173818054673,3968.515511476869
2024-10-28 10:00:00,4726.112728356637,5871.21914771309,4360.242359961525
2024-10-28 11:00:00,4813.109646080813,6403.724597751732,4717.016153548299
2024-10-28 12:00:00,4813.109646080813,6403.724597751732,4717.016153548299
2024-10-28 13:00:00,4614.629024588236,5822.820293417928,4380.664168416823
2024-10-28 14:00:00,4166.769383793087,5754.757633215797,4233.4299297005255
2024-10-28 15:00:00,4017.056091181564,5006.658491683738,3901.2655696849324
2024-10-28 16:00:00,3999.2321629488297,5006.658491683738,3778.9033938241287
2024-10-28 17:00:00,3999.2321629488297,5133.310437234728,3778.9033938241287
2024-10-28 18:00:00,4301.632704184909,5603.714155908162,3982.936544076004
2024-10-28 19:00:00,4301.632704184909,5603.714155908162,3982.936544076004
2024-10-28 20:00:00,3614.940636157656,4228.628461954273,3208.4079123140864
2024-10-28 21:00:00,3570.0567502507315,4036.0974040000788,2853.123400511859
2024-10-28 22:00:00,3473.4078932394464,3956.890578430158,2853.123400511859
2024-10-28 23:00:00,3517.9092435997577,3908.210368762853,2758.6535263646847
2024-10-29 00:00:00,3477.8090270639336,3901.9379391238854,2828.732903105705
2024-10-29 01:00:00,3244.975563242674,3184.422433217277,2100.6563217358316
2024-10-29 02:00:00,3242.317717402103,3100.7086228170256,1996.680764864388
2024-10-29 03:00:00,3200.5285451079953,3042.2220730606978,1963.538477090314
2024-10-29 04:00:00,3200.5285451079953,3042.2220730606978,1963.538477090314
2024-10-29 05:00:00,3203.135990060947,3256.7233196777274,2149.6674728590488
2024-10-29 06:00:00,3203.135990060947,3256.7233196777274,2201.1352927706066
2024-10-29 07:00:00,3113.8784800021167,3211.3628960061114,2149.6674728590488
2024-10-29 08:00:00,2956.983617479727,3075.737074206076,2085.604501319536
2024-10-29 09:00:00,2956.983617479727,2996.1167471891476,2007.7811765614285
2024-10-29 10:00:00,2988.823089148742,2996.1167471891476,1984.3095371963668
2024-10-29 11:00:00,2988.823089148742,2874.66290089419,1964.4650361710349
2024-10-29 12:00:00,2830.9330802583154,2819.2440557144487,1964.4650361710349
2024-10-29 13:00:00,2722.952447349061,2748.353882408056,1953.3992115339884
2024-10-29 14:00:00,2571.451267376773,2681.125482388446,1936.706722105997
2024-10-29 15:00:00,2571.451267376773,2679.7532411708853,1916.1121035117983
2024-10-29 16:00:00,2722.4075765572275,2679.7532411708853,1936.706722105997
2024-10-29 17:00:00,3167.236690930719,3007.33138167347,2168.798549564725
2024-10-29 18:00:00,3218.931305584805,3049.1950154389774,2323.8782373715376
2024-10-29 19:00:00,3871.6363825589056,4071.8666531951835,2639.598298446387
2024-10-29 20:00:00,4145.273465622678,4230.475710191945,2657.71457132242
2024-10-29 21:00:00,4152.256809870089,4595.852653074047,2688.6811853333757
2024-10-29 22:00:00,5363.12946289739,5651.444341868466,3377.9633529366192
2024-10-29 23:00:00,6351.47619557455,6985.94218530331,3807.8796683286346
2024-10-30 00:00:00,6521.987031208857,7074.180385067035,4046.9964390167042
2024-10-30 01:00:00,8020.909579548149,10190.804189047241,5487.159757382776
2024-10-30 02:00:00,8500.249720569835,10656.660856035409,5501.338180418997
2024-10-30 03:00:00,9149.21871253548,10874.295250321313,5664.337517586493
2024-10-30 04:00:00,9189.596991315284,10959.886914683837,5883.518892232146
2024-10-30 05:00:00,9189.596991315284,10959.886914683837,5883.518892232146
2024-10-30 06:00:00,8309.035433349762,9715.751221432467,5548.372895324729
2024-10-30 07:00:00,8182.736523603564,9256.972027745807,5536.73702337398
2024-10-30 08:00:00,6859.805744477223,8094.614584292782,4344.795721502609
2024-10-30 09:00:00,5918.960962669118,6713.852386760524,3517.9734742015617
2024-10-30 10:00:00,4419.2358138857935,5034.3270499550335,2705.1465767969057
2024-10-30 11:00:00,3095.761933484945,3186.4335211992775,1759.1154367796153
2024-10-30 12:00:00,2871.0197630033863,2641.193564380074,1713.023207588766
2024-10-30 13:00:00,2728.2298451322486,2614.1749480770295,1713.023207588766
2024-10-30 14:00:00,2683.840428823222,2613.0814607793222,1764.9812743683437
2024-10-30 15:00:00,2728.2298451322486,2613.0814607793222,1930.274150324068
2024-10-30 16:00:00,2777.139942573657,2808.855246733218,2156.4802503482015
2024-10-30 17:00:00,2837.7907340032857,2813.545148679411,2156.4802503482015
2024-10-30 18:00:00,2906.3011912941083,2846.6036577335326,2160.7822447988465
2024-10-30 19:00:00,2998.9414976973285,2846.6036577335326,2160.7822447988465
2024-10-30 20:00:00,3141.9743550573403,3115.010341334174,2345.097675393775
2024-10-30 21:00:00,3472.543724988135,3228.4571375410706,2394.0434036210936
2024-10-30 22:00:00,3536.005672037386,3801.0257418212796,2478.803512803729
2024-10-30 23:00:00,3536.005672037386,3801.0257418212796,2478.803512803729
2024-10-31 00:00:00,3455.275377214174,3850.8894488877345,2544.98811098874
2024-10-31 01:00:00,2899.8392423642636,3024.195505734493,1969.5928994763462
2024-10-31 02:00:00,2923.6545483027567,3087.5762807404294,2028.2566312639199
2024-10-31 03:00:00,3147.896279165957,3095.6395758086433,2149.313904923292
2024-10-31 04:00:00,3311.2421915213044,3211.817459038134,2369.58629713391
2024-10-31 05:00:00,3373.16536697166,3292.7031686895884,2369.58629713391
2024-10-31 06:00:00,3410.7151385685784,3345.1913612570943,2403.4705523274038
2024-10-31 07:00:00,3373.16536697166,3292.7031686895884,2271.2670905575465
2024-10-31 08:00:00,3440.4906371321094,3128.750746346365,2185.9268310691837
2024-10-31 09:00:00,3299.5328011245488,3089.909943547608,2111.8439392485793
2024-10-31 10:00:00,3133.153220660036,3091.7240126880183,2099.0581892453533
2024-10-31 11:00:00,3133.153220660036,3091.7240126880183,2074.4503682803884
2024-10-31 12:00:00,3018.0269191475195,3142.017850159495,2071.3815194788635
2024-10-31 13:00:00,2991.05417541985,3177.1969776394258,2071.3815194788635
2024-10-31 14:00:00,2991.05417541985,3177.1969776394258,2179.916257020116
2024-10-31 15:00:00,3001.5567820817805,3177.1969776394258,2179.916257020116
2024-10-31 16:00:00,3067.2957593297992,3201.786273822139,2170.631604957959
2024-10-31 17:00:00,3405.0123012809067,3465.003013873179,2170.631604957959
2024-10-31 18:00:00,3421.8898144565837,3496.9673612278793,2289.8823694127454
2024-10-31 19:00:00,3540.2159967547013,3587.7231296187683,2464.07904559496
2024-10-31 20:00:00,3720.2772121099006,3693.263055282087,2582.6229772687648
2024-10-31 21:00:00,4066.7805774298786,4343.203366090597,2656.3175372630476
2024-10-31 22:00:00,4946.5378328854,5342.6763436625615,3202.9580280364053
2024-10-31 23:00:00,5213.081275756062,5560.384807812965,3238.7166174222375
2024-11-01 00:00:00,5369.881993925354,6070.011050952773,3486.694027333146
2024-11-01 01:00:00,5882.9577439272925,5811.716997517764,4132.222169734108
2024-11-01 02:00:00,5192.260603058645,5506.861590067054,3850.4372094266423
2024-11-01 03:00:00,4711.805671354766,4826.1716280076125,3610.867826085351
2024-11-01 04:00:00,4711.805671354766,4826.1716280076125,3382.2313299574657
2024-11-01 05:00:00,4579.444768004711,4826.1716280076125,3382.2313299574657
2024-11-01 06:00:00,4352.036311527028,4206.884440979638,3382.2313299574657
2024-11-01 07:00:00,4254.273446392397,4206.884440979638,3285.033973619272
2024-11-01 08:00:00,4159.817552229624,4206.884440979638,3157.744713985455
2024-11-01 09:00:00,3762.406651082229,4064.724001151009,2931.418759314551
2024-11-01 10:00:00,3560.7404623624543,3689.0633346668983,2525.4042668565803
2024-11-01 11:00:00,2891.9942408100433,2814.094964320152,2382.0724037001273
2024-11-01 12:00:00,2847.2487729505897,2643.0616443646895,2147.007127996879
2024-11-01 13:00:00,2847.2487729505897,2643.0616443646895,2055.2183899758675
2024-11-01 14:00:00,2932.8222377046122,2801.8854482468896,2055.2183899758675
2024-11-01 15:00:00,2981.110180385668,2939.8384172900815,2182.8531626683803
2024-11-01 16:00:00,2981.110180385668,2939.8384172900815,2182.8531626683803
2024-11-01 17:00:00,3016.2325598612974,2939.8384172900815,2182.8531626683803
2024-11-01 18:00:00,3016.2325598612974,3217.528457939638,2374.4915239021348
2024-11-01 19:00:00,3109.646852253314,3377.986387383787,2774.1618175650697
2024-11-01 20:00:00,3129.115547236449,3523.52637133244,2774.1618175650697
2024-11-01 21:00:00,3129.115547236449,3619.7404181741426,2774.1618175650697
2024-11-01 22:00:00,3236.813963622423,3748.963793316095,2936.43587705224
2024-11-01 23:00:00,3236.813963622423,3748.963793316095,2936.43587705224
2024-11-02 00:00:00,3164.76841721713,3487.680658875751,2917.826665217979
2024-11-02 01:00:00,5237.406172210154,6465.528807692677,4683.8228831559245
2024-11-02 02:00:00,5380.797043898448,6581.234264523284,4807.908387770323
2024-11-02 03:00:00,7025.445203278726,9504.406685011092,7148.959393140712
2024-11-02 04:00:00,9133.08164173536,10518.398198393179,8028.62801447118
2024-11-02 05:00:00,9953.99554392479,12006.964105761139,9890.881959892096
2024-11-02 06:00:00,11069.089984437534,13091.183634761925,11063.858147879258
2024-11-02 07:00:00,11601.286014845105,13509.989279985131,11509.958312661376
2024-11-02 08:00:00,11601.286014845105,13577.745003281354,11509.958312661376
2024-11-02 09:00:00,11391.818103333973,13577.745003281354,11422.282742188338
2024-11-02 10:00:00,10931.572270074596,13124.158851737116,10624.598283562937
2024-11-02 11:00:00,10119.282048805582,11927.494729104434,9116.732744504607
2024-11-02 12:00:00,8580.848249213632,11324.37130913905,8836.745026010305
2024-11-02 13:00:00,8384.94880100944,10381.101322531462,8836.745026010305
2024-11-02 14:00:00,8160.44103510698,10154.071400760673,8167.42659809474
2024-11-02 15:00:00,7054.5942419742005,7812.708281917492,6065.56351064829
2024-11-02 16:00:00,5447.4456236998085,6331.881970086417,5067.808018216394
2024-11-02 17:00:00,4909.971010911625,4940.807280999295,4218.524745009561
2024-11-02 18:00:00,3860.803475583195,4158.791335944732,3394.2133686360366
2024-11-02 19:00:00,3662.072049279786,3695.1391122454907,2800.8161739629018
2024-11-02 20:00:00,3367.0719699685783,3587.389332252078,2637.520636183058
2024-11-02 21:00:00,3076.154618981499,3499.381201117312,2637.520636183058
2024-11-02 22:00:00,3038.0507313989583,3430.227978220367,2658.5656169693752
2024-11-02 23:00:00,2875.2414962351336,3332.997107638822,2658.5656169693752
2024-11-03 00:00:00,2850.814265888567,3278.780255427984,2690.7040160912875
2024-11-03 01:00:00,2676.5026282336335,2728.0856797083934,2126.056658751859
2024-11-03 02:00:00,2686.2566339745545,2748.8345508968873,2139.9691987592464
2024-11-03 03:00:00,2666.7486224927125,2707.3368085199,2117.7045474687557
2024-11-03 04:00:00,2494.4389843397494,2696.901889401713,2117.7045474687557
2024-11-03 05:00:00,2494.4389843397494,2696.901889401713,2117.7045474687557
2024-11-03 06:00:00,2616.725884815275,2715.7287312004546,2132.384552832642
2024-11-03 07:00:00,2999.7241325090918,3038.6019576651915,2244.0621703010174
2024-11-03 08:00:00,3131.4178632498915,3073.6758584110808,2358.683128574468
2024-11-03 09:00:00,3113.3507067929613,3162.555387335212,2244.0621703010174
2024-11-03 10:00:00,3113.3507067929613,3162.555387335212,2193.4346350481896
2024-11-03 11:00:00,3113.3507067929613,3161.647116291603,2193.4346350481896
2024-11-03 12:00:00,3265.1343891526676,3161.647116291603,2476.5727851282654
2024-11-03 13:00:00,3311.2980080231036,3251.2534619951416,2482.1194821927193
2024-11-03 14:00:00,3319.4035152255847,3777.381335268081,2572.4331020648733
2024-11-03 15:00:00,3484.0873078688405,3863.163683782813,2572.4331020648733
2024-11-03 16:00:00,3861.0769508798344,4223.363327679173,2572.4331020648733
2024-11-03 17:00:00,6663.915755455715,7729.640459497267,5346.1870782340575
2024-11-03 18:00:00,10803.02966651509,13620.579373693345,9983.333229335763
2024-11-03 19:00:00,11538.457832438891,14561.424039618369,10827.176976192275
2024-11-03 20:00:00,11967.288465167981,15671.536342475698,11937.146521089811
2024-11-03 21:00:00,12119.12811191817,15671.536342475698,12161.14633717245
2024-11-03 22:00:00,12345.732534262546,16305.891611231884,12371.857267257194
2024-11-03 23:00:00,13294.123186568158,16841.15385135117,14865.04578703733
2024-11-04 00:00:00,15295.369151892437,17789.12658571251,15747.43411541625
2024-11-04 01:00:00,18464.38245198483,19148.740745047897,17998.593763824658
2024-11-04 02:00:00,18204.30104366324,19078.575905919566,17952.587411445747
2024-11-04 03:00:00,18204.30104366324,19216.17246911316,17952.587411445747
2024-11-04 04:00:00,18121.178414275768,19078.575905919566,18061.059482554887
2024-11-04 05:00:00,18095.16082539793,19077.378944252494,18079.616270853054
2024-11-04 06:00:00,17922.591276627336,19077.378944252494,18272.658495215233
2024-11-04 07:00:00,17914.92841594756,19165.7489106461,18272.658495215233
2024-11-04 08:00:00,17707.78968383698,19165.7489106461,18162.136099429514
2024-11-04 09:00:00,17377.376431343942,19086.251222884897,17375.788581000892
2024-11-04 10:00:00,17352.40616997689,18870.206583920193,17140.77388396634
2024-11-04 11:00:00,15763.345287642771,16806.30373683961,15436.108956722845
2024-11-04 12:00:00,15263.794524634479,16727.148436966938,14711.755081743942
2024-11-04 13:00:00,15108.757432213839,16433.548540320062,14281.959062810774
2024-11-04 14:00:00,14275.42265489082,15470.38943411942,12990.555300330587
2024-11-04 15:00:00,13282.038514019237,14864.65290947293,12659.334368749274
2024-11-04 16:00:00,13088.060599931821,13956.29723066615,11594.838370234538
2024-11-04 17:00:00,12061.472240528408,12295.724552865304,9933.181714236054
2024-11-04 18:00:00,11101.594328301157,11318.83450460339,9338.556272600947
2024-11-04 19:00:00,8868.589587910727,9342.80725282694,6408.230530850466
2024-11-04 20:00:00,7022.344361019388,7808.901714571973,4832.823532768905
2024-11-04 21:00:00,6754.886586038873,7790.312604972147,4448.215136111292
2024-11-04 22:00:00,6453.106390740802,6836.506292422008,3967.2910521272743
2024-11-04 23:00:00,5629.365065874195,5291.8407193906505,3575.9120052470344
2024-11-05 00:00:00,4951.011662240198,4869.43953657332,3235.871796827618
2024-11-05 01:00:00,3483.08347527925,3099.162276582525,2234.907199447985
2024-11-05 02:00:00,3451.9796378080146,3008.4223534136463,2077.8560553158027
2024-11-05 03:00:00,3232.724721233593,2981.5690405604755,2077.8560553158027
2024-11-05 04:00:00,2948.3806994096385,2944.446251148417,1901.1614000641391
2024-11-05 05:00:00,2758.8723950357626,2596.9934270167855,1757.338911642033
2024-11-05 06:00:00,2655.983996478987,2596.9934270167855,1757.338911642033
2024-11-05 07:00:00,2639.7770547418727,2706.9727363260918,1962.5070852103795
2024-11-05 08:00:00,2512.7937734700413,2706.9727363260918,1962.5070852103795
2024-11-05 09:00:00,2512.7937734700413,2754.7348458567894,1977.3180318952946
2024-11-05 10:00:00,2936.9132970416676,2832.039508862797,2127.9048658909037
2024-11-05 11:00:00,2959.381360249275,2832.039508862797,2138.9522849984846
2024-11-05 12:00:00,2936.9132970416676,2827.700179351914,2138.9522849984846
2024-11-05 13:00:00,2959.381360249275,2827.700179351914,2256.3003821438188
2024-11-05 14:00:00,3092.6813150240987,3152.4261916121213,2712.2052840901533
2024-11-05 15:00:00,3337.9740608016064,3443.8154733610804,2771.040144763866
2024-11-05 16:00:00,4254.255622865205,5089.712146007349,3807.4127489825587
2024-11-05 17:00:00,5529.444525549563,6165.888244850202,4495.386371929652
2024-11-05 18:00:00,5680.287738928467,6477.531583556952,4568.674358681676
2024-11-05 19:00:00,5854.9447293878875,6755.103897801177,5009.000705482694
2024-11-05 20:00:00,6075.29178096111,7083.589909831712,5138.992855977724
2024-11-05 21:00:00,6132.961699701393,7356.3843142773385,5367.842960577041
2024-11-05 22:00:00,6154.1566741287925,7090.29032795763,5367.842960577041
2024-11-05 23:00:00,6154.1566741287925,7090.356364419089,5061.021562168555
2024-11-06 00:00:00,6135.274155172222,7090.323346188359,4940.527786820492
2024-11-06 01:00:00,6755.930182822708,7415.253189992673,5110.916447743888
2024-11-06 02:00:00,7338.798894019024,7810.3473597504735,5635.8129912726445
2024-11-06 03:00:00,8341.256323254465,8796.87192477843,6115.690117669006
2024-11-06 04:00:00,8451.200187141545,9493.433673115269,6621.100318350878
2024-11-06 05:00:00,10390.927976184928,10449.71961378698,7696.877183663758
2024-11-06 06:00:00,10390.927976184928,10449.71961378698,7696.877183663758
2024-11-06 07:00:00,9592.84287298527,9302.839979382377,6258.178677321483
2024-11-06 08:00:00,7786.7750887004295,8366.688266139072,5390.4912167858265
2024-11-06 09:00:00,5942.620504521513,5994.328855966445,4664.4496541028675
2024-11-06 10:00:00,4852.911955140045,4796.520675569036,3502.633243978437
2024-11-06 11:00:00,3571.1440468130604,3295.6711360647664,2714.1158718964625
2024-11-06 12:00:00,3463.7898340668253,3011.340348836825,2495.9618050234358
2024-11-06 13:00:00,3463.7898340668253,3011.340348836825,2364.7581227251453
2024-11-06 14:00:00,3568.8560924362123,2880.094997391015,2364.7581227251453
2024-11-06 15:00:00,3568.8560924362123,2880.094997391015,2364.7581227251453
2024-11-06 16:00:00,3458.5037710205397,2880.094997391015,2224.8878941719845
2024-11-06 17:00:00,3409.2239633407175,2798.535659696069,2207.0332722116027
2024-11-06 18:00:00,3105.481026280103,2798.535659696069,1929.0262541504394
2024-11-06 19:00:00,2776.618744016252,2656.076223732826,1986.7095917050901
2024-11-06 20:00:00,2671.265421500203,2551.0418632218452,1964.816575691312
2024-11-06 21:00:00,2671.265421500203,2656.076223732826,1986.7095917050901
2024-11-06 22:00:00,3000.685104066716,3010.1367164460257,2287.0706988822185
2024-11-06 23:00:00,3207.352565892555,3031.035396762673,2369.636573306748
2024-11-07 00:00:00,3209.67718583808,3227.0233920653036,2390.6364670918438
2024-11-07 01:00:00,3413.2853617301057,2904.2247177191393,2278.425488780412
2024-11-07 02:00:00,3663.609993813113,3190.2754683145895,2329.097097267342
2024-11-07 03:00:00,3846.381968030134,3203.400198496357,2382.920436897429
2024-11-07 04:00:00,4222.030675247273,3788.1187318599195,2875.0340270825727
2024-11-07 05:00:00,4414.607070579187,3915.681619583952,3059.8072108242477
2024-11-07 06:00:00,4414.607070579187,3915.681619583952,3059.8072108242477
2024-11-07 07:00:00,4352.3749971846755,3915.681619583952,2939.64234202057
2024-11-07 08:00:00,4145.442817175126,3691.1143615300803,2567.67663799922
2024-11-07 09:00:00,3717.033782158698,3455.115823675136,2531.833982246319
2024-11-07 10:00:00,3416.6351083601794,3268.4012414671415,2234.6993960769237
2024-11-07 11:00:00,3255.030933203714,2951.322935074854,2160.5268511717236
2024-11-07 12:00:00,3255.030933203714,2951.322935074854,2160.5268511717236
2024-11-07 13:00:00,3255.030933203714,2874.65756803113,2160.5268511717236
2024-11-07 14:00:00,2934.2219327615826,2814.6725051062776,1878.7577055096274
2024-11-07 15:00:00,2934.2219327615826,2741.7246333991093,1875.3201290814693
2024-11-07 16:00:00,2981.797678205508,2814.6725051062776,1878.7577055096274
2024-11-07 17:00:00,3068.3032324781734,2933.4136397110665,2192.5834847683614
2024-11-07 18:00:00,3277.4029314571344,3128.316692806238,2596.484601066317
2024-11-07 19:00:00,3495.2854650334602,4026.797208152556,2704.0228659499417
2024-11-07 20:00:00,3985.825062283445,4244.679054703328,2805.9565207440974
2024-11-07 21:00:00,4100.321625563441,4245.507517412936,2930.946615193285
2024-11-07 22:00:00,4640.568944781856,4824.2479776939235,3333.098559387568
2024-11-07 23:00:00,4700.358094324722,4871.9270138882475,3387.379098564566
2024-11-08 00:00:00,4746.806825973115,5027.569904101719,3587.218382392971
2024-11-08 01:00:00,4752.42270608931,4863.28251937129,3290.725608102489
2024-11-08 02:00:00,4683.845714835971,4806.8650637892515,3272.8053532951067
2024-11-08 03:00:00,4543.245660559409,4806.8650637892515,3308.6458629098715
2024-11-08 04:00:00,4470.325612255394,4672.953631657391,3418.9485331979313
2024-11-08 05:00:00,4388.852127614434,4785.533844171745,3466.0016188266513
2024-11-08 06:00:00,4388.852127614434,4785.533844171745,3527.9550435243705
2024-11-08 07:00:00,4407.5968183037385,4979.725084307442,3527.9550435243705
2024-11-08 08:00:00,4407.5968183037385,4979.725084307442,3501.4841872567035
2024-11-08 09:00:00,4189.313946221913,4384.477606901515,2932.795222645063
2024-11-08 10:00:00,3605.894381149602,3386.917807661893,2563.0344995184214
2024-11-08 11:00:00,3601.766916959835,3218.164019139692,2563.0344995184214
2024-11-08 12:00:00,3601.766916959835,3084.8344157321217,2563.0344995184214
2024-11-08 13:00:00,3348.582266311975,2988.7848742121373,2441.605817296768
2024-11-08 14:00:00,2939.206801067214,2988.7848742121373,2441.605817296768
2024-11-08 15:00:00,2939.206801067214,3051.4306277974056,2512.4917343789157
2024-11-08 16:00:00,2956.00056993541,3051.4306277974056,2515.4241793250026
2024-11-08 17:00:00,3200.7008978590356,3017.474028839,2722.5363216686687
2024-11-08 18:00:00,3312.184580347759,3017.474028839,2722.5363216686687
2024-11-08 19:00:00,3334.4384589897286,3066.8368281997973,2722.5363216686687
2024-11-08 20:00:00,3587.8272225584433,3403.7922226732217,2719.424055672521
2024-11-08 21:00:00,3743.7267346606423,3897.1583851404525,2705.870788082094
2024-11-08 22:00:00,3743.7267346606423,3897.1583851404525,2705.870788082094
2024-11-08 23:00:00,3978.3503054653265,4439.969457318453,3115.7684607039178
2024-11-09 00:00:00,4074.818537079906,4523.365495139555,3205.4366623795604
2024-11-09 01:00:00,4068.5401270224233,3619.4439192102536,2383.95926419449
2024-11-09 02:00:00,4008.444208191098,3508.203353225651,2463.554990775606
2024-11-09 03:00:00,4008.444208191098,3740.844265856728,2691.3124274032693
2024-11-09 04:00:00,4001.7626509325682,3508.203353225651,2754.860828580019
2024-11-09 05:00:00,3499.9715296226123,3330.766211729829,2761.4894630071612
2024-11-09 06:00:00,3435.717802306026,3226.7130933268845,2754.860828580019
2024-11-09 07:00:00,3197.486202917699,3226.7130933268845,2628.438434747243
2024-11-09 08:00:00,3081.7694380519906,3226.7130933268845,2605.7828191759118
2024-11-09 09:00:00,3197.486202917699,3138.9769162955954,2425.9421742850564
2024-11-09 10:00:00,3237.989295334234,3113.8097451518565,2417.727316656212
2024-11-09 11:00:00,3290.400208450509,3088.0126398297825,2328.7184434795854
2024-11-09 12:00:00,3290.400208450509,3088.0126398297825,2328.7184434795854
2024-11-09 13:00:00,3290.400208450509,3088.0126398297825,2415.622245168712
2024-11-09 14:00:00,3168.570779643913,3087.2584665413906,2415.622245168712
2024-11-09 15:00:00,3007.95689173836,2840.3410216528105,2183.49460020527
2024-11-09 16:00:00,2948.652873623538,2761.6141632000254,2109.451895727919
2024-11-09 17:00:00,2948.652873623538,2761.6141632000254,2109.451895727919
2024-11-09 18:00:00,3134.451065886155,2958.7752169095734,2307.8830550865105
2024-11-09 19:00:00,3263.9207629124417,3133.070701336272,2469.3699197423457
2024-11-09 20:00:00,3476.237057914015,3621.3381042832784,2729.73078379908
2024-11-09 21:00:00,4042.0732181939034,4060.4739358543834,3257.6195097444406
2024-11-09 22:00:00,4309.775503358271,4669.798536619025,3362.1454428681973
2024-11-09 23:00:00,4568.263942786682,5058.212319693635,3791.291945036729
2024-11-10 00:00:00,4741.843088102082,5295.050011856967,4092.058324276108
2024-11-10 01:00:00,4270.074965468584,4619.774681455812,3559.2645903192224
2024-11-10 02:00:00,4201.720624482524,4587.982119836932,3470.883621583524
2024-11-10 03:00:00,4338.4293064546455,4587.982119836932,3647.6455590549203
2024-11-10 04:00:00,4900.009109688925,5406.340544822572,3779.9421649633614
2024-11-10 05:00:00,4964.251872886583,5540.476142696118,3800.1504680598155
2024-11-10 06:00:00,4900.009109688925,5406.340544822572,3779.9421649633614
2024-11-10 07:00:00,4895.572315695154,4693.369537055051,3761.134075993655
2024-11-10 08:00:00,4557.423903824902,4693.369537055051,3382.6631946478
2024-11-10 09:00:00,4895.572315695154,4887.146734476859,3382.6631946478
2024-11-10 10:00:00,4557.423903824902,4887.146734476859,3345.0792988604
2024-11-10 11:00:00,5073.792744090713,4887.146734476859,3179.2531136153157
2024-11-10 12:00:00,4284.654762618195,4342.369595706313,3088.9373248984116
2024-11-10 13:00:00,4774.912591399295,4342.369595706313,3179.2531136153157
2024-11-10 14:00:00,4219.324781975285,4257.835469356192,3052.599087366479
2024-11-10 15:00:00,4510.363103610902,4231.08407781374,3202.593460785415
2024-11-10 16:00:00,4510.363103610902,4231.08407781374,3203.6323467545
2024-11-10 17:00:00,4777.126530280173,4839.925853146991,3829.085480552115
2024-11-10 18:00:00,4893.953430007381,4839.925853146991,3960.711548270555
2024-11-10 19:00:00,4893.953430007381,4710.243179544643,4007.8833157958325
2024-11-10 20:00:00,4950.124576454917,4710.243179544643,4088.896158155649
2024-11-10 21:00:00,5580.382556782339,5410.875888366899,4232.980960998505
2024-11-10 22:00:00,5672.3756609804495,5564.182816360887,4348.519703542443
2024-11-10 23:00:00,5672.3756609804495,5564.182816360887,4348.519703542443
2024-11-11 00:00:00,5414.506333574047,5219.5343352892105,4148.401742809627
2024-11-11 01:00:00,4697.849964853354,4489.7525084016925,3498.9220420397246
2024-11-11 02:00:00,4456.881947304625,4359.886654452751,3300.9590504701155
2024-11-11 03:00:00,4110.441025699068,4343.468506624455,3243.635463670581
2024-11-11 04:00:00,3447.7229141362136,3259.485718991482,2902.1593037227053
2024-11-11 05:00:00,3404.91295015412,3158.491132119034,2498.4353766644313
2024-11-11 06:00:00,3351.8626624313047,3158.491132119034,2431.505606098057
2024-11-11 07:00:00,3334.162988792348,3158.491132119034,2431.505606098057
2024-11-11 08:00:00,3069.3934501914423,3032.1785745427505,2337.329575304073
2024-11-11 09:00:00,2855.107885851461,2669.5183266096183,2138.205192037075
2024-11-11 10:00:00,2809.002887897407,2669.5183266096183,2124.0783399270636
2024-11-11 11:00:00,2855.107885851461,2557.4882234289116,2104.8097078973974
2024-11-11 12:00:00,2890.5912053038146,2730.976612784862,2104.8097078973974
2024-11-11 13:00:00,2894.609120467517,2870.847415653018,2279.036250458298
2024-11-11 14:00:00,2995.1496766761993,2870.847415653018,2384.397063220829
2024-11-11 15:00:00,3017.7723036107345,2964.7171013787947,2544.1834862649775
2024-11-11 16:00:00,3039.8099324220993,2865.1674063516502,2647.877239614946
2024-11-11 17:00:00,3039.8099324220993,3071.2401629052983,2647.877239614946
2024-11-11 18:00:00,3039.8099324220993,3069.336491840885,2637.3024049710393
2024-11-11 19:00:00,3298.853085724557,3199.5494686038282,2637.3024049710393
2024-11-11 20:00:00,3962.6871942630023,3357.843521643905,2798.81011329694
2024-11-11 21:00:00,4616.2531194291905,4588.542481628028,3163.844144618333
2024-11-11 22:00:00,6108.60096256991,6632.36042082538,4490.517473565805
2024-11-11 23:00:00,8822.825188426974,10393.547798821468,6667.352825378391
2024-11-12 00:00:00,9448.85148393732,11475.82872395734,7766.118350146477
2024-11-12 01:00:00,12480.202435307465,13933.82453070721,10901.42886590021
2024-11-12 02:00:00,13735.8503805566,14697.363940730516,11710.0552723258
2024-11-12 03:00:00,15475.33954698675,15743.185342617984,14303.91198623243
2024-11-12 04:00:00,15747.640990724298,15816.838355292231,14428.744556439768
2024-11-12 05:00:00,15820.562337432339,16139.502739803134,14646.0869538436
2024-11-12 06:00:00,15901.937165150925,16681.970837995563,14989.388480816724
2024-11-12 07:00:00,15901.937165150925,16946.30728172692,14989.388480816724
2024-11-12 08:00:00,15600.145886334,16681.970837995563,13347.155574929498
2024-11-12 09:00:00,12639.863965214301,14606.213191112673,10222.278612299662
2024-11-12 10:00:00,10178.498368546258,10785.56050879851,7397.258276699518
2024-11-12 11:00:00,6319.693522663496,7194.715447174989,4736.818366555986
2024-11-12 12:00:00,5656.182888081074,4760.465569597779,3652.844647362058
2024-11-12 13:00:00,3883.002027519825,3332.5496769289994,2704.780050123902
2024-11-12 14:00:00,3617.8592336252223,3087.8444518173537,2593.865688167408
2024-11-12 15:00:00,3424.8325535975773,2981.4088190136445,2486.822565873576
2024-11-12 16:00:00,3365.3997706145847,2981.4088190136445,2486.822565873576
2024-11-12 17:00:00,3365.3997706145847,3215.6880758537627,2658.2129413069724
2024-11-12 18:00:00,3549.882927765583,3296.5669541963566,3021.069572231303
2024-11-12 19:00:00,3549.882927765583,3344.8905203883123,3021.069572231303
2024-11-12 20:00:00,3411.316957603999,3296.5669541963566,2901.787406347503
2024-11-12 21:00:00,3411.316957603999,3344.8905203883123,2901.787406347503
2024-11-12 22:00:00,3520.933962570849,3909.7558098960376,3261.951615573048
2024-11-12 23:00:00,3520.933962570849,3909.7558098960376,3261.951615573048
2024-11-13 00:00:00,3473.3905842837253,3658.5861023337375,3092.303337141496
2024-11-13 01:00:00,3149.3490631071822,3032.5682249530296,2689.2536675497613
2024-11-13 02:00:00,3091.3055634991733,3042.4200646073155,2624.661799509703
2024-11-13 03:00:00,2969.723999814155,3020.8612964152235,2562.235981318533
2024-11-13 04:00:00,2928.500760352441,3042.4200646073155,2562.235981318533
2024-11-13 05:00:00,2920.2519758437093,2970.45177440187,2605.889280122571
2024-11-13 06:00:00,2812.729300878611,2799.6889204458535,2605.889280122571
2024-11-13 07:00:00,2758.734787003752,2770.467743425106,2487.7824278277194
2024-11-13 08:00:00,2758.734787003752,2799.6889204458535,2393.4703486444478
2024-11-13 09:00:00,2799.74566315946,2740.74205428446,2393.4703486444478
2024-11-13 10:00:00,2882.765622584914,2801.5982797241877,2462.240811952682
2024-11-13 11:00:00,3064.3560668302953,2785.846395757731,2477.9960578929167
2024-11-13 12:00:00,3077.948342725939,2836.4014526875844,2658.3195326327086
2024-11-13 13:00:00,3201.772730734678,2909.2152736166586,2698.0128893592273
2024-11-13 14:00:00,3077.948342725939,2909.2152736166586,2658.3195326327086
2024-11-13 15:00:00,3286.908461634551,3071.6053420298736,2708.1341945054787
2024-11-13 16:00:00,3438.982360910909,3220.530621546094,2733.358227504586
2024-11-13 17:00:00,3696.4400006482347,3347.8332321937983,2789.7727434255876
2024-11-13 18:00:00,3839.163500804031,3393.5809431448506,2734.73711917462
2024-11-13 19:00:00,3965.3467820327724,3555.3155772817277,2889.9258101744863
2024-11-13 20:00:00,3991.6385541532923,3897.290228442989,3106.125904658881
2024-11-13 21:00:00,4008.4188869787954,3913.8308993364235,3106.125904658881
2024-11-13 22:00:00,4069.6037171143303,4361.635704551164,3189.797905074199
2024-11-13 23:00:00,4214.030001065623,4361.635704551164,3102.679826320742
2024-11-14 00:00:00,4317.209610651656,4541.378655719055,3183.170908342392
2024-11-14 01:00:00,4514.972229047038,4042.7508768815587,3275.6828201647177
2024-11-14 02:00:00,4451.442236142994,4439.720277550432,3461.532945231377
2024-11-14 03:00:00,4451.442236142994,4439.720277550432,3461.532945231377
2024-11-14 04:00:00,4335.954008660277,3759.0467011942083,3179.886702061887
2024-11-14 05:00:00,4198.507214329493,3759.0467011942083,3179.886702061887
2024-11-14 06:00:00,4198.507214329493,3759.0467011942083,3157.557301712086
2024-11-14 07:00:00,4330.352135526849,3889.826942496057,3157.557301712086
2024-11-14 08:00:00,4330.352135526849,3889.826942496057,3157.557301712086
2024-11-14 09:00:00,4327.162526856289,3889.826942496057,3152.221593214669
2024-11-14 10:00:00,4059.9977505508023,3480.2534164110066,3040.520656924514
2024-11-14 11:00:00,4052.8761017839424,3470.348343671095,2693.3291777091845
2024-11-14 12:00:00,4022.827046346095,3390.396655752412,2688.20920980768
2024-11-14 13:00:00,3697.0347272202134,3390.396655752412,2654.4777617630516
2024-11-14 14:00:00,3498.1718387724322,3411.9136198316533,2645.8724366069137
2024-11-14 15:00:00,3498.1718387724322,3707.309110538248,2654.4777617630516
2024-11-14 16:00:00,4503.443597161169,4385.263002954541,3536.053904219262
2024-11-14 17:00:00,4673.501419755921,4795.5869022564575,3714.5080382381734
2024-11-14 18:00:00,4905.4337490613125,5010.372013242,3898.74273663449
2024-11-14 19:00:00,5052.956018238949,5506.183092004797,4213.96503863175
2024-11-14 20:00:00,5355.547666516499,5506.183092004797,4322.683233443298
2024-11-14 21:00:00,5387.432507766404,5988.0259835870975,4322.683233443298
2024-11-14 22:00:00,5410.359290874435,6139.971787266587,4322.683233443298
2024-11-14 23:00:00,6150.188280796679,6801.685594248285,4508.1840052280295
2024-11-15 00:00:00,6250.689227013996,6875.058879272236,4563.127367024537
2024-11-15 01:00:00,6673.32678920494,7181.337828757091,5380.759456396345
2024-11-15 02:00:00,6532.986765985701,6847.560541540754,5315.384122337479
2024-11-15 03:00:00,6399.903700926154,7515.115115973429,4508.169801583858
2024-11-15 04:00:00,5899.37602472894,6738.163028966262,4162.628581350932
2024-11-15 05:00:00,5899.37602472894,6342.492415451123,4098.090586198682
2024-11-15 06:00:00,4996.522790368105,5199.805742555634,3932.1169621223103
2024-11-15 07:00:00,4377.356178839861,4720.288869733209,3772.0209580899527
2024-11-15 08:00:00,3654.7804517156765,3309.625305856439,2796.8960291138433
2024-11-15 09:00:00,3350.4515127376008,3298.917273895239,2446.268613329936
2024-11-15 10:00:00,3135.9426627515395,3011.556597820666,2418.1516967237512
2024-11-15 11:00:00,3005.0212919043934,3003.9747269611994,2347.395110185714
2024-11-15 12:00:00,2986.8092330508593,2744.797500405223,2347.395110185714
2024-11-15 13:00:00,3005.0212919043934,2744.797500405223,2332.0047562647806
2024-11-15 14:00:00,2999.5720111908768,2778.0051032278457,2391.629795822183
2024-11-15 15:00:00,3054.7465776401577,2790.279448243712,2354.9057001311076
2024-11-15 16:00:00,3059.981836733938,2910.5797916550846,2514.365285004484
2024-11-15 17:00:00,3200.7280785589833,3029.0441622060275,2514.365285004484
2024-11-15 18:00:00,3268.580107646776,3249.950306926008,2639.871745082778
2024-11-15 19:00:00,3362.9973793771906,3304.660270182752,2667.5195578394473
2024-11-15 20:00:00,3425.2224351599734,3408.244987515357,2757.108535664302
2024-11-15 21:00:00,3498.013222771041,3634.1309028117103,2765.3322616751593
2024-11-15 22:00:00,3688.9047483023433,4070.2922976583454,2988.454093929573
2024-11-15 23:00:00,3714.5922001452395,4070.2922976583454,3165.3387111363945
2024-11-16 00:00:00,3832.5479886672106,4029.2987177980694,3234.958584242616
2024-11-16 01:00:00,3944.687060619447,3472.5389058614846,2691.9385174521085
2024-11-16 02:00:00,3880.1229147331846,3539.456853938361,2731.7070938758243
2024-11-16 03:00:00,3880.1229147331846,3405.620957784608,2731.7070938758243
2024-11-16 04:00:00,3524.0158465068935,2993.409877232115,2326.494750552911
2024-11-16 05:00:00,3524.0158465068935,2993.409877232115,2326.494750552911
2024-11-16 06:00:00,4034.9685833067415,3388.3521742919065,2712.2533504464886
2024-11-16 07:00:00,4643.605283665718,3660.441975941742,2946.0208205678177
2024-11-16 08:00:00,4756.478089150733,3833.1917134368027,2949.507817637834
2024-11-16 09:00:00,4643.605283665718,4145.067887585118,2946.0208205678177
2024-11-16 10:00:00,4935.164851102857,4408.715707897839,3435.2747462060506
2024-11-16 11:00:00,4884.694712673334,5082.808714395282,3509.2152919595187
2024-11-16 12:00:00,4884.694712673334,5464.681606887319,3741.362939707851
2024-11-16 13:00:00,4777.701573105374,5465.661355066974,3778.7400307192956
2024-11-16 14:00:00,4777.701573105374,5598.620734726945,4056.029878188907
2024-11-16 15:00:00,5513.553673766027,5947.020963286433,4258.876145399017
2024-11-16 16:00:00,7409.494522796316,8907.762517639178,7084.182702524292
2024-11-16 17:00:00,9001.649029347296,11980.044052019623,9010.75534161891
2024-11-16 18:00:00,11189.670271586672,12956.127801025428,11102.984613238987
2024-11-16 19:00:00,11586.493166919394,13714.392657126169,11107.610397576782
2024-11-16 20:00:00,13940.525093140259,15525.342630365205,14009.811699114221
2024-11-16 21:00:00,14757.3385384486,15746.92367256474,15056.641597750782
2024-11-16 22:00:00,15085.18000106412,16325.924716991587,15406.98644611061
2024-11-16 23:00:00,14757.3385384486,15746.92367256474,15056.641597750782
2024-11-17 00:00:00,14822.649999753987,15618.487133410626,14945.937906837855
2024-11-17 01:00:00,14577.829074623402,15340.331912672158,14871.008517865757
2024-11-17 02:00:00,14460.91167067826,14839.716726667602,14559.921410754445
2024-11-17 03:00:00,14322.780197808232,14032.494374735223,13404.726038560164
2024-11-17 04:00:00,12540.248094243023,13333.278811875474,11642.75414570238
2024-11-17 05:00:00,9906.968698968209,11289.481338146265,8181.878132063872
2024-11-17 06:00:00,9785.779220286997,11289.481338146265,8181.878132063872
2024-11-17 07:00:00,9641.975799586564,11289.481338146265,8155.852452002841
2024-11-17 08:00:00,7115.100442260853,8410.620493465743,5330.833841207665
2024-11-17 09:00:00,4759.450643606622,5332.739288716389,3075.428305242515
2024-11-17 10:00:00,3145.3534802055124,3363.3949386600116,1935.748723507449
2024-11-17 11:00:00,3145.3534802055124,2987.192093546177,1741.3938206371754
2024-11-17 12:00:00,2622.4755888730438,2696.234484493344,1741.3938206371754
2024-11-17 13:00:00,2622.4755888730438,2696.234484493344,1773.8580085400117
2024-11-17 14:00:00,2396.0836393515056,2535.6465434134616,1893.4759388644318
2024-11-17 15:00:00,2396.0836393515056,2516.0407527513967,1814.1540369717927
2024-11-17 16:00:00,2596.448735756135,2453.9683783802743,1902.7447444316792
2024-11-17 17:00:00,2773.9205424269035,2453.9683783802743,1979.3904531810108
2024-11-17 18:00:00,2963.7587258489707,2779.902755820948,2146.6193506484515
2024-11-17 19:00:00,3036.995322043718,2895.933040911411,2347.0025847411043
2024-11-17 20:00:00,3625.074982736346,3393.373715058607,2723.8108243916963
2024-11-17 21:00:00,3837.0450552035377,3690.5255359216703,2951.735098792172
2024-11-17 22:00:00,5207.197466287655,5510.02492985389,3747.6556079207157
2024-11-17 23:00:00,5698.182597269314,5850.8300883861975,3914.776950848109
2024-11-18 00:00:00,6188.202731470572,6093.218422699888,4265.391974780757
2024-11-18 01:00:00,5417.5391008529205,5724.49230211804,3863.396199882854
2024-11-18 02:00:00,5248.959701744885,5626.432878083491,3934.751599067359
2024-11-18 03:00:00,5127.286236535105,5274.776775989396,3295.750424657458
2024-11-18 04:00:00,5050.933812771874,5225.299481233565,3281.456058718002
2024-11-18 05:00:00,4372.013721578694,4281.672373673789,2417.0913669045813
2024-11-18 06:00:00,3958.406856476554,3633.7564786222474,2411.423839056663
2024-11-18 07:00:00,3808.802032674619,3407.311692036157,2327.3002937098404
2024-11-18 08:00:00,3808.802032674619,3034.0422705715405,2411.423839056663
2024-11-18 09:00:00,3938.042253057169,2914.130140968894,2597.7866211749133
2024-11-18 10:00:00,3938.042253057169,2948.2844027108013,2597.7866211749133
2024-11-18 11:00:00,3870.615464547933,2948.2844027108013,2600.5682843757486
2024-11-18 12:00:00,3870.615464547933,3030.361602832997,2667.7612778818575
2024-11-18 13:00:00,3975.5524751581847,3034.583922020711,2692.116356661909
2024-11-18 14:00:00,3975.5524751581847,3034.583922020711,2748.196420143525
2024-11-18 15:00:00,3592.3106107636186,2929.0257590889028,2692.116356661909
2024-11-18 16:00:00,3135.966956100093,2881.4542357581204,2748.196420143525
2024-11-18 17:00:00,2964.6301575334146,2837.7568819647936,2770.4479995477286
2024-11-18 18:00:00,2916.327362031803,2837.7568819647936,2770.4479995477286
2024-11-18 19:00:00,2917.5724752074543,2946.432921414408,2721.1799504705136
2024-11-18 20:00:00,2917.5724752074543,3056.2109179064364,2721.1799504705136
2024-11-18 21:00:00,3158.6860276295993,3189.7637094525103,2847.396116692137
2024-11-18 22:00:00,3297.0836656153297,3427.783901607504,3169.7800161319583
2024-11-18 23:00:00,3362.7495632436157,3427.783901607504,3169.7800161319583
2024-11-19 00:00:00,3329.9166144294727,3359.2987829101125,3107.148480218798
2024-11-19 01:00:00,3105.105484467397,2731.8289131165684,2812.148363786283
2024-11-19 02:00:00,3116.107503022403,2683.420202428418,2809.9211845984846
2024-11-19 03:00:00,3419.5297063352723,2780.237623804718,2814.375542974082
2024-11-19 04:00:00,3439.8118243210674,2901.8583773873493,2733.9236171032003
2024-11-19 05:00:00,3548.8778308365036,2901.8583773873493,2733.9236171032003
2024-11-19 06:00:00,3588.7549421715676,2901.8583773873493,2562.9117715434545
2024-11-19 07:00:00,3675.7792467470417,3069.0337089964364,2562.9117715434545
2024-11-19 08:00:00,4172.867091426297,3906.9691087267774,2829.82079899361
2024-11-19 09:00:00,4172.867091426297,3906.9691087267774,2829.82079899361
2024-11-19 10:00:00,3548.3732573829802,3231.104372362333,2558.2211952079588
2024-11-19 11:00:00,3503.285998741234,3231.104372362333,2491.258934346427
2024-11-19 12:00:00,3392.6727997973003,3297.601009800561,2491.258934346427
2024-11-19 13:00:00,3392.6727997973003,3397.5181899462586,2491.258934346427
2024-11-19 14:00:00,3870.04377183393,3958.8949328138433,2881.397756184824
2024-11-19 15:00:00,4592.670866247552,4388.466540766158,3381.3617291337914
2024-11-19 16:00:00,5383.779691189417,5489.628639278459,4178.8854949534525
2024-11-19 17:00:00,6961.235738834696,7953.979863527985,6022.854157401797
2024-11-19 18:00:00,9149.396453400012,9900.94920934089,7205.071116710807
2024-11-19 19:00:00,9294.232798832158,9954.71473253826,7565.119348942948
2024-11-19 20:00:00,10109.964640696777,10866.615505747895,7565.119348942948
2024-11-19 21:00:00,10694.822218286383,11453.595718727409,8248.466824534971
2024-11-19 22:00:00,11454.62728794823,12512.376834170545,9322.74547656689
2024-11-19 23:00:00,11874.452691995957,13661.696649402016,9969.778763840071
2024-11-20 00:00:00,12526.293655462541,14332.861342887583,10945.845332819
2024-11-20 01:00:00,15483.809825027009,16475.13381254547,13868.371821411918
2024-11-20 02:00:00,14464.617830625215,15832.923893818854,12482.563444267358
2024-11-20 03:00:00,14103.308190855169,15752.717325745343,12094.273133602019
2024-11-20 04:00:00,14103.308190855169,15636.996074640225,11822.234069874394
2024-11-20 05:00:00,14063.474140026974,15617.502269107095,11774.842947532785
2024-11-20 06:00:00,11918.310956829577,13800.742799941621,8921.106711673743
2024-11-20 07:00:00,11130.409385455678,11720.53675984978,8452.566208469525
2024-11-20 08:00:00,10620.393632794434,11150.981426439532,7977.957127879864
2024-11-20 09:00:00,9650.003340539446,10626.157522356243,7238.98927154936
2024-11-20 10:00:00,7431.827417971338,8198.105080718376,5698.809322037012
2024-11-20 11:00:00,5969.313309270465,6358.281848013756,4317.72104071278
2024-11-20 12:00:00,5969.313309270465,6358.281848013756,4317.72104071278
2024-11-20 13:00:00,6801.226269654087,6423.007202741133,4946.913013999423
2024-11-20 14:00:00,6801.226269654087,6423.007202741133,4946.913013999423
2024-11-20 15:00:00,7121.341032174426,6492.905645161432,4946.913013999423
2024-11-20 16:00:00,7261.85367102199,6502.562890436622,5099.149308110105
2024-11-20 17:00:00,9602.616210177348,9141.831747739963,6679.148531202794
2024-11-20 18:00:00,10523.619030660255,11108.693840240701,7489.13331875166
2024-11-20 19:00:00,12120.9794207381,12029.153534039195,9424.681855892652
2024-11-20 20:00:00,13756.238057796994,14553.432992010134,11154.100782620739
2024-11-20 21:00:00,13931.506753759702,15145.965324130462,11288.336544808659
2024-11-20 22:00:00,14714.105736570524,16404.632503454402,12365.844404096591
2024-11-20 23:00:00,14714.105736570524,16404.632503454402,12365.844404096591
2024-11-21 00:00:00,14411.368901279307,16048.87449159344,12268.55976133855
2024-11-21 01:00:00,14527.38832789751,15885.117258243634,11464.02359938934
2024-11-21 02:00:00,14519.011697158718,15883.0248167848,11443.046327710963
2024-11-21 03:00:00,14049.925840104745,15745.689817295037,11353.869916405023
2024-11-21 04:00:00,13657.023852662634,15580.052097609372,11069.163736038035
2024-11-21 05:00:00,13552.445306692727,15205.06472243018,11069.163736038035
2024-11-21 06:00:00,13055.67532883368,15205.06472243018,11069.163736038035
2024-11-21 07:00:00,13055.67532883368,14833.74078572915,10913.590332034819
2024-11-21 08:00:00,12840.666460090275,14813.446053903812,10340.557971147138
2024-11-21 09:00:00,12180.55094020464,12612.784228013295,10231.706121417648
2024-11-21 10:00:00,11362.795724375286,11837.86593692314,10161.79105351384
2024-11-21 11:00:00,11362.795724375286,11837.86593692314,10161.79105351384
2024-11-21 12:00:00,11829.971639718322,12195.686713948311,11314.54471532312
2024-11-21 13:00:00,12475.974410184825,12555.045681179185,11933.711327179382
2024-11-21 14:00:00,14545.858863285606,13711.36427482749,13405.623226334113
2024-11-21 15:00:00,14706.824558511216,14648.054563091995,14880.159972946913
2024-11-21 16:00:00,15904.594270426402,15592.718352731035,15237.439365721602
2024-11-21 17:00:00,16596.492177014843,16629.77024224407,16222.424025257224
2024-11-21 18:00:00,16823.030397528746,16644.262236869203,16531.167171713994
2024-11-21 19:00:00,16823.030397528746,16644.262236869203,16531.167171713994
2024-11-21 20:00:00,16647.485746530077,16644.262236869203,16531.167171713994
2024-11-21 21:00:00,16296.978943746135,16556.691443922435,16516.449264607796
2024-11-21 22:00:00,15762.747172899311,16326.65906735517,15938.946233717195
2024-11-21 23:00:00,15322.23589555638,15492.083075313592,15743.40835708486
2024-11-22 00:00:00,14848.77232629254,14971.168763115884,14683.42162172395
2024-11-22 01:00:00,13394.636851014373,12513.194543939113,12486.682279380275
2024-11-22 02:00:00,12914.653280724413,12830.91437413515,12025.78805878673
2024-11-22 03:00:00,12914.653280724413,12830.91437413515,11674.636018927156
2024-11-22 04:00:00,11989.883480389704,12184.630798905948,10862.531614361837
2024-11-22 05:00:00,10845.793678172064,11049.98298955806,8937.495225099186
2024-11-22 06:00:00,9778.155085379776,10867.919570945229,7986.341030779664
2024-11-22 07:00:00,8945.367269343711,10494.215882591992,6536.817734852694
2024-11-22 08:00:00,6755.466345830219,8137.625713503355,5052.253571134801
2024-11-22 09:00:00,5271.268273483305,4884.248383614644,3455.2592927097585
2024-11-22 10:00:00,3864.9490889603826,3754.5093813476997,2677.48794925017
2024-11-22 11:00:00,3322.9078406090894,2620.1205872692176,2227.8639967261124
2024-11-22 12:00:00,3177.8150138417677,2620.1205872692176,2060.999011888651
2024-11-22 13:00:00,3322.9078406090894,2670.523922811909,2227.8639967261124
2024-11-22 14:00:00,3526.952664086807,2801.009969281637,2272.3517871495696
2024-11-22 15:00:00,3750.3782290832833,3215.4709032065293,2614.3681008242397
2024-11-22 16:00:00,3844.707905660299,3292.035592618455,2842.4741718098217
2024-11-22 17:00:00,4062.1156728168316,3353.67293196619,2842.4741718098217
2024-11-22 18:00:00,4471.373656806124,3598.300168793142,3206.8518555102296
2024-11-22 19:00:00,4471.373656806124,3598.300168793142,3206.8518555102296
2024-11-22 20:00:00,3820.8250362070203,3464.867017761734,2765.1808688288634
2024-11-22 21:00:00,3820.8250362070203,3464.867017761734,2765.1808688288634
2024-11-22 22:00:00,3767.9031688087807,3590.9199509826585,3145.0916689278224
2024-11-22 23:00:00,3913.8405360148636,3590.9199509826585,3208.2886885382527
2024-11-23 00:00:00,3845.1135771268273,3581.212763448657,3176.6901787330376
2024-11-23 01:00:00,3295.068915140283,2993.3946841240095,2769.2643281819355
2024-11-23 02:00:00,3260.342995868338,2959.3601485560125,2676.8342245062386
2024-11-23 03:00:00,3260.342995868338,3010.9515912200995,2608.90600442551
2024-11-23 04:00:00,3243.186641852587,2973.46678138261,2608.90600442551
2024-11-23 05:00:00,3254.8564808540386,3010.9515912200995,2536.385053763863
2024-11-23 06:00:00,3243.186641852587,2973.46678138261,2695.729659055456
2024-11-23 07:00:00,3119.285064544957,2926.4279858111254,2671.429982287186
2024-11-23 08:00:00,2912.633500118543,2678.505044704799,2704.2132570951117
2024-11-23 09:00:00,2693.581824042171,2653.8471015332993,2671.429982287186
2024-11-23 10:00:00,2624.6573757813594,2482.5528867487715,2358.613228637534
2024-11-23 11:00:00,2393.9078447987863,2320.839909875686,2158.2099043808385
2024-11-23 12:00:00,2384.1271080755696,2320.839909875686,2131.773687281686
2024-11-23 13:00:00,2384.1271080755696,2362.259602647473,2124.6865179283914
2024-11-23 14:00:00,2361.1302415879386,2362.259602647473,2124.6865179283914
2024-11-23 15:00:00,2361.1302415879386,2362.259602647473,2205.0096603936427
2024-11-23 16:00:00,2418.899797852479,2359.3152335919153,2326.3933074042016
2024-11-23 17:00:00,2561.2948061815378,2302.0772089779243,2368.0495135865704
2024-11-23 18:00:00,2769.3357122017073,2302.0772089779243,2365.653650493648
2024-11-23 19:00:00,2769.3357122017073,2342.428427085821,2447.8406411357364
2024-11-23 20:00:00,2773.2259609335038,2493.2937610755034,2415.5312115724764
2024-11-23 21:00:00,2814.3375505993963,2564.6571734961058,2447.8406411357364
2024-11-23 22:00:00,3300.8606087157978,3180.5726208643537,2795.3323225261674
2024-11-23 23:00:00,3337.8883064425995,3416.777341784981,2999.889753414177
2024-11-24 00:00:00,3391.4823294988673,3473.085497421248,3013.3546924869333
2024-11-24 01:00:00,3933.576468353553,3051.751433318354,2541.5986377748523
2024-11-24 02:00:00,4102.822671097963,3121.369098591883,2699.3164111221276
2024-11-24 03:00:00,4540.227970541317,4113.421119452306,3203.2515968465063
2024-11-24 04:00:00,5092.655095504862,4533.1086500726105,3831.9098808239733
2024-11-24 05:00:00,5092.655095504862,4541.443284983381,3831.9098808239733
2024-11-24 06:00:00,4898.058267383693,4533.1086500726105,3731.2816047880506
2024-11-24 07:00:00,4301.872115967645,4309.477704650327,3074.8148953193718
2024-11-24 08:00:00,4263.733647800342,3604.5700067398307,2950.5994450716835
2024-11-24 09:00:00,4014.0898775611467,3469.153532813814,2932.4811594132375
2024-11-24 10:00:00,3368.2803630393,2808.1287440743586,2445.46016020043
2024-11-24 11:00:00,3368.2803630393,2808.1287440743586,2445.46016020043
2024-11-24 12:00:00,3402.756196560732,2876.6198432976066,2448.1848656526117
2024-11-24 13:00:00,3402.756196560732,2900.9708861866725,2483.124263033785
2024-11-24 14:00:00,3396.5299309840348,2876.6198432976066,2628.9305748515467
2024-11-24 15:00:00,3374.7973599452316,2862.696388953934,2628.9305748515467
2024-11-24 16:00:00,3347.6629787992556,2851.8263621288925,2560.9581619973847
2024-11-24 17:00:00,3374.7973599452316,2851.8263621288925,2560.9581619973847
2024-11-24 18:00:00,4214.143544517044,3680.929847291707,3225.643671149183
2024-11-24 19:00:00,4214.143544517044,4065.1559941922096,3225.643671149183
2024-11-24 20:00:00,4502.837494110024,4186.1554662334065,3249.996747435166
2024-11-24 21:00:00,4728.806334630883,4186.1554662334065,3509.805348073045
2024-11-24 22:00:00,4728.806334630883,5056.330390557677,3940.922855454276
2024-11-24 23:00:00,4718.866015187843,5056.330390557677,3940.922855454276
2024-11-25 00:00:00,4704.930454206454,5157.114254550657,3798.1775129275834
2024-11-25 01:00:00,4878.631791189862,4466.247117599141,3336.0257814364995
2024-11-25 02:00:00,4988.028939090799,4506.374609089621,3301.7502868388524
2024-11-25 03:00:00,5047.179237173103,4671.675614341033,3259.1737354655315
2024-11-25 04:00:00,5047.179237173103,4671.675614341033,3243.749390386066
2024-11-25 05:00:00,4520.279644515254,4251.05612459334,2997.1529621077025
2024-11-25 06:00:00,4121.160305596447,3942.9811473587083,2997.1529621077025
2024-11-25 07:00:00,4054.1058181699614,3877.6308934055837,2785.295946035922
2024-11-25 08:00:00,4054.1058181699614,3610.4982914698317,2742.7747846395077
2024-11-25 09:00:00,3643.4287249061736,3328.949241060765,2518.9436621458385
2024-11-25 10:00:00,3386.8685252712144,3124.1556174187094,2360.3623274813954
2024-11-25 11:00:00,3386.8685252712144,3124.1556174187094,2360.3623274813954
2024-11-25 12:00:00,3551.4779988404275,3224.9255677115684,2697.726636141978
2024-11-25 13:00:00,3551.4779988404275,3224.9255677115684,2697.726636141978
2024-11-25 14:00:00,3388.103102290878,3085.4082143208666,2094.460351788917
2024-11-25 15:00:00,3308.3014993233714,3085.4082143208666,1847.377356071318
2024-11-25 16:00:00,3308.3014993233714,3252.7999141217924,1847.377356071318
2024-11-25 17:00:00,3462.75414112399,3524.7826497331275,2001.8155741347691
2024-11-25 18:00:00,4254.420045164584,5049.523433763902,3499.1102673329397
2024-11-25 19:00:00,6504.491102278519,6111.99124473019,4726.788635336639
2024-11-25 20:00:00,9321.503168922554,8593.609685986512,7258.021126667231
2024-11-25 21:00:00,10914.733956414548,10980.333697504946,9460.068955628993
2024-11-25 22:00:00,11231.059760274491,13365.112537680709,11120.87514492879
2024-11-25 23:00:00,12626.973903483815,14813.876559207285,12700.200260846319
2024-11-26 00:00:00,13909.75000044595,15406.360186409947,13642.183115456559
2024-11-26 01:00:00,14971.196096033193,15732.688229699186,14721.235441722722
2024-11-26 02:00:00,15253.240380449419,16252.68382499062,15198.87926898511
2024-11-26 03:00:00,16018.87175940652,17233.952001096935,16224.994907857192
2024-11-26 04:00:00,16073.864037935602,17374.982604919787,16580.75758373166
2024-11-26 05:00:00,17126.375870878383,18149.57911234092,16731.235110543406
2024-11-26 06:00:00,17411.448226804896,18759.56565035482,17035.72404568458
2024-11-26 07:00:00,17411.448226804896,18759.56565035482,17035.72404568458
2024-11-26 08:00:00,17457.489597225154,18122.334148430655,16538.03018133919
2024-11-26 09:00:00,17457.489597225154,18122.334148430655,16538.03018133919
2024-11-26 10:00:00,18949.31138739524,19402.446622224536,16694.795324943516
2024-11-26 11:00:00,19220.275490643056,19402.446622224536,16694.795324943516
2024-11-26 12:00:00,19220.275490643056,18878.3702954636,16429.250354684522
2024-11-26 13:00:00,19124.813212147485,18878.3702954636,16389.44891301351
2024-11-26 14:00:00,18114.00334817631,18982.610902363715,15952.045019344174
2024-11-26 15:00:00,17419.98647883816,18982.610902363715,15894.510856541552
2024-11-26 16:00:00,17419.98647883816,18954.619561420397,15860.357800552365
2024-11-26 17:00:00,17821.2067996919,18954.619561420397,15860.357800552365
2024-11-26 18:00:00,18052.183898092102,19064.03348932332,16605.784533082515
2024-11-26 19:00:00,18216.048700490275,19303.248082111106,17338.111222497693
2024-11-26 20:00:00,18216.048700490275,19303.248082111106,17441.224861780174
2024-11-26 21:00:00,18156.08420559594,19303.248082111106,17531.176405508304
2024-11-26 22:00:00,17958.461871804106,19467.34645212802,17554.051152521068
2024-11-26 23:00:00,17901.431001302433,19467.34645212802,17554.051152521068
2024-11-27 00:00:00,17832.706146466127,19507.532244333535,17278.5295022918
2024-11-27 01:00:00,17630.093275309337,18399.869252090386,16194.21402689035
2024-11-27 02:00:00,17564.610979849625,18220.663158703555,16033.547843066754
2024-11-27 03:00:00,17192.06093366656,18133.474179173016,15693.877949931799
2024-11-27 04:00:00,16148.292759399268,17774.504438668897,15347.04075657418
2024-11-27 05:00:00,15868.85743875581,17332.746752394527,15303.352524035057
2024-11-27 06:00:00,15235.882189340142,16779.23863033927,15193.491034935903
2024-11-27 07:00:00,15235.882189340142,16779.23863033927,15193.491034935903
2024-11-27 08:00:00,16246.239023618517,17746.6969421908,16133.826863002792
2024-11-27 09:00:00,16246.239023618517,17746.6969421908,16133.826863002792
2024-11-27 10:00:00,14970.526516786946,16106.081995725148,15156.507245459201
2024-11-27 11:00:00,14738.511254753514,16044.211835525304,14666.55853158288
2024-11-27 12:00:00,14699.80635904061,16044.211835525304,14666.55853158288
2024-11-27 13:00:00,14545.559661896803,16044.211835525304,14371.157261735818
2024-11-27 14:00:00,14519.963182077749,15850.439401621861,14379.419681573529
2024-11-27 15:00:00,14037.042510121348,15766.47376872261,14349.735119985073
2024-11-27 16:00:00,13389.547083207939,14187.49732578983,13105.063253859878
2024-11-27 17:00:00,12987.668772643008,14001.170690892954,12706.613538973877
2024-11-27 18:00:00,12986.793922477464,13568.27004649103,12706.613538973877
2024-11-27 19:00:00,12987.668772643008,13568.27004649103,12706.613538973877
2024-11-27 20:00:00,13912.04451583515,13829.179588450763,12900.917934370644
2024-11-27 21:00:00,14109.552547386502,14574.007588782628,12929.162779364062
2024-11-27 22:00:00,15146.811203120533,16218.342557665426,15189.273674831882
2024-11-27 23:00:00,16167.710688074736,16992.773102871324,16037.38237272984
2024-11-28 00:00:00,16230.74370553696,17271.1106560161,16215.970127119126
2024-11-28 01:00:00,17303.265006344638,18243.97315430992,16832.684334368525
2024-11-28 02:00:00,17515.713048761787,18311.30358825104,16668.59999468076
2024-11-28 03:00:00,17646.920086092177,18396.780601524522,16668.59999468076
2024-11-28 04:00:00,17646.920086092177,18396.780601524522,16559.401007792818
2024-11-28 05:00:00,17627.04197000007,18192.287770366453,16124.830520078682
2024-11-28 06:00:00,17189.01097031388,18192.287770366453,15766.29601553165
2024-11-28 07:00:00,17049.938494778686,18109.04244290405,15374.17818265306
2024-11-28 08:00:00,17049.938494778686,18084.008715911797,15374.17818265306
2024-11-28 09:00:00,16543.340430974804,17909.99027194234,15374.17818265306
2024-11-28 10:00:00,16443.44079748929,17000.214211386596,15620.160170487696
2024-11-28 11:00:00,16193.811456396035,17000.214211386596,15620.160170487696
2024-11-28 12:00:00,16193.811456396035,17257.565944831003,15640.645092275208
2024-11-28 13:00:00,15992.746985731845,17257.565944831003,15640.645092275208
2024-11-28 14:00:00,15992.746985731845,17468.209365382616,15202.002610513324
2024-11-28 15:00:00,16003.369398906183,17734.14438667704,15202.002610513324
2024-11-28 16:00:00,17006.474402689786,17920.24235682173,15202.002610513324
2024-11-28 17:00:00,17099.784590358533,17920.24235682173,15049.448990092485
2024-11-28 18:00:00,17128.371222297374,17791.65526732704,15012.350856062996
2024-11-28 19:00:00,17486.682794483222,17770.600036730277,14895.262060251698
2024-11-28 20:00:00,17508.89593102673,17770.600036730277,15012.350856062996
2024-11-28 21:00:00,17486.682794483222,18050.820113418846,15471.122558481176
2024-11-28 22:00:00,17161.54193611887,18076.573226211724,15471.122558481176
2024-11-28 23:00:00,16880.16102641008,18050.820113418846,15315.49608771379
2024-11-29 00:00:00,16801.929031726228,18041.066875327073,15277.087825893552
2024-11-29 01:00:00,15678.832233888395,16301.866152395243,15282.531313484396
2024-11-29 02:00:00,15759.881273318835,16492.947651323622,15519.9176105662
2024-11-29 03:00:00,15791.054057954481,16739.26635639191,15751.54060499859
2024-11-29 04:00:00,16168.625900766589,17365.583937700663,16176.090643084835
2024-11-29 05:00:00,16201.566564381772,17753.81050971768,16486.475676604146
2024-11-29 06:00:00,16444.82759980941,18641.94861155477,17257.88723356248
2024-11-29 07:00:00,16970.012088667027,18788.421722615065,17475.91871282528
2024-11-29 08:00:00,17181.860319399326,18788.421722615065,17475.91871282528
2024-11-29 09:00:00,17128.91122139592,18568.032894557782,17106.47894115488
2024-11-29 10:00:00,17181.860319399326,18566.97254279515,17052.99307258173
2024-11-29 11:00:00,17128.91122139592,18566.97254279515,16474.60963883904
2024-11-29 12:00:00,16718.633756104344,18399.351226983155,15260.018275655593
2024-11-29 13:00:00,16384.353156722293,18399.351226983155,15238.432961602448
2024-11-29 14:00:00,15933.543972853033,18399.351226983155,14962.772520690041
2024-11-29 15:00:00,15655.356794839923,17542.94095766204,14962.772520690041
2024-11-29 16:00:00,14905.00078562912,15824.60772122721,14821.60002375136
2024-11-29 17:00:00,14905.00078562912,15824.60772122721,14821.60002375136
2024-11-29 18:00:00,15113.373189457194,16032.857964116014,14815.098926083014
2024-11-29 19:00:00,15709.890788465133,16291.918557873945,14815.098926083014
2024-11-29 20:00:00,16383.246986601143,16291.918557873945,15104.296752441447
2024-11-29 21:00:00,16469.22566707631,16324.044699422962,15104.296752441447
2024-11-29 22:00:00,16543.898728509077,16313.971775837597,15104.296752441447
2024-11-29 23:00:00,16540.4029625145,16313.971775837597,15526.903711402701
2024-11-30 00:00:00,16599.620603707044,16125.371670776176,15625.351803979971
2024-11-30 01:00:00,16859.34375279599,17127.33229319716,16186.170522082433
2024-11-30 02:00:00,16464.815609580015,17635.16765346413,16396.845137046435
2024-11-30 03:00:00,16464.815609580015,18181.54554918333,16718.80504292656
2024-11-30 04:00:00,16845.290348226605,18659.39251188031,17385.949548956876
2024-11-30 05:00:00,17216.64324427787,18914.174823143123,17700.090072394676
2024-11-30 06:00:00,18460.281000421113,19222.07010636715,18261.352842076205
2024-11-30 07:00:00,18749.382865305615,19222.07010636715,18261.352842076205
2024-11-30 08:00:00,18961.33202333237,19160.126667619814,18194.99691043574
2024-11-30 09:00:00,18961.33202333237,19102.06433775621,17813.06534994157
2024-11-30 10:00:00,17761.940433678465,17830.460504912746,15819.630757067198
2024-11-30 11:00:00,17166.674227028685,17525.41519122328,15232.514102670717
2024-11-30 12:00:00,17053.573461445838,17436.69196445791,15131.419304901729
2024-11-30 13:00:00,17053.573461445838,17525.41519122328,15131.419304901729
2024-11-30 14:00:00,17346.121539396856,18132.600785849627,15194.00047945829
2024-11-30 15:00:00,17614.141705656577,18482.338658376386,16100.12461902465
2024-11-30 16:00:00,17927.943585682293,18901.915793630535,17116.732971165107
2024-11-30 17:00:00,17927.943585682293,19221.70874615864,17944.208543585628
2024-11-30 18:00:00,18044.191837060782,19221.70874615864,18174.702536086552
2024-11-30 19:00:00,18158.097270165676,19221.70874615864,18251.005862092024
2024-11-30 20:00:00,18726.310173992977,19284.83300729217,18627.146561670063
2024-11-30 21:00:00,18726.310173992977,19284.83300729217,18627.146561670063
2024-11-30 22:00:00,18521.551262925645,18779.220156829808,18289.94872600813
2024-11-30 23:00:00,18521.551262925645,18779.220156829808,18193.818498604116
2024-12-01 00:00:00,18633.82539959741,18940.41376311366,18241.883612306123
2024-12-01 01:00:00,17887.822999781412,18409.006637233593,17749.21105630502
2024-12-01 02:00:00,18056.39298989783,18606.712336485456,18053.161493580577
2024-12-01 03:00:00,18056.39298989783,18606.712336485456,18053.161493580577
2024-12-01 04:00:00,17812.529382220077,18650.263356933723,17290.513346832937
2024-12-01 05:00:00,17576.376668803416,18595.894744033973,16591.300456702702
2024-12-01 06:00:00,17153.483193922017,18463.09069614507,14477.892942473092
2024-12-01 07:00:00,14371.474459491967,16172.376284389538,11973.286758777114
2024-12-01 08:00:00,13872.156112619321,15812.913907965261,11951.138440877354
2024-12-01 09:00:00,13091.511515429358,14747.033386782385,10328.931971691069
2024-12-01 10:00:00,10686.019184148225,11296.52160156968,7415.9851200849935
2024-12-01 11:00:00,8877.881390663184,8929.792750125865,6486.451214011891
2024-12-01 12:00:00,8176.945426622619,7555.012002238933,5419.409784833065
2024-12-01 13:00:00,7701.396209367833,7518.745036311305,5139.219758531386
2024-12-01 14:00:00,7697.1336093995415,7518.745036311305,5139.219758531386
2024-12-01 15:00:00,7697.1336093995415,7518.745036311305,5671.3325309799975
2024-12-01 16:00:00,8252.091336669546,8509.291987883436,6541.326733090275
2024-12-01 17:00:00,9438.83030580214,10207.481327558704,7668.305723394233
2024-12-01 18:00:00,9911.708156304741,11510.68091789688,7668.305723394233
2024-12-01 19:00:00,9911.708156304741,11510.68091789688,7456.493623412233
2024-12-01 20:00:00,8927.247963376236,11283.633067777198,6992.75156016481
2024-12-01 21:00:00,8927.247963376236,11283.633067777198,6992.75156016481
2024-12-01 22:00:00,10169.97297106685,13043.015964199396,9071.804518853818
2024-12-01 23:00:00,10761.40131386126,13289.933608028083,10720.411394609515
2024-12-02 00:00:00,11480.760638314798,14096.78542516148,11145.760886154885
2024-12-02 01:00:00,13182.307120904468,15851.237310448078,13078.553206231485
2024-12-02 02:00:00,14017.319776132212,16105.13334611426,13698.738589327146
2024-12-02 03:00:00,14643.74153924376,16173.449161058908,13730.150913660735
2024-12-02 04:00:00,14643.74153924376,16275.236565724419,14201.707620247751
2024-12-02 05:00:00,14512.740824115073,16788.446765555498,14789.686370616477
2024-12-02 06:00:00,14512.740824115073,16788.446765555498,14843.435108687796
2024-12-02 07:00:00,15412.621596318753,16807.23131923628,15537.197347402573
2024-12-02 08:00:00,17287.59074580728,18499.951654615747,16930.281216950585
2024-12-02 09:00:00,17287.59074580728,18499.951654615747,16930.281216950585
2024-12-02 10:00:00,15261.115962144224,18480.76110808976,16683.57970015472
2024-12-02 11:00:00,15261.115962144224,17623.341736638125,16018.853026742017
2024-12-02 12:00:00,16268.009876045524,17623.341736638125,16018.853026742017
2024-12-02 13:00:00,17759.809239034512,18686.71408473676,16764.379759138228
2024-12-02 14:00:00,17983.050542566365,18878.68100859016,17021.557059080256
2024-12-02 15:00:00,17983.050542566365,18878.68100859016,17021.557059080256
2024-12-02 16:00:00,17983.050542566365,18634.943620524657,17103.808221252577
2024-12-02 17:00:00,18216.68287503267,18634.943620524657,17103.808221252577
2024-12-02 18:00:00,18515.716325351208,18429.931434273207,17968.51373923202
2024-12-02 19:00:00,18515.716325351208,18281.655496866628,18119.81291462078
2024-12-02 20:00:00,18316.155639642784,18203.03107215802,17968.51373923202
2024-12-02 21:00:00,17842.542113924777,18203.03107215802,17582.940531667125
2024-12-02 22:00:00,16950.1937422156,17417.33248709904,16467.656314581985
2024-12-02 23:00:00,14790.213631790491,16543.97555135147,15233.539665552194
2024-12-03 00:00:00,13820.475443409232,16174.224719353844,14779.072984564198
2024-12-03 01:00:00,11382.210648478984,13836.156992803044,11140.849376705446
2024-12-03 02:00:00,11617.891358031022,14012.915077646448,10720.210433113647
2024-12-03 03:00:00,11617.891358031022,13964.439586224504,10562.998365395644
2024-12-03 04:00:00,11931.694523601587,14012.915077646448,10239.630381597955
2024-12-03 05:00:00,12407.074212489913,14090.860587647496,10239.630381597955
2024-12-03 06:00:00,12960.038936659035,14374.249407089306,10557.031070356346
2024-12-03 07:00:00,12960.038936659035,14374.249407089306,10557.031070356346
2024-12-03 08:00:00,12631.758129439779,14059.70392765274,10304.381313049123
2024-12-03 09:00:00,12116.144016341856,13431.005786870734,9854.153209429287
2024-12-03 10:00:00,10058.738246488918,11654.240030969782,8621.272948151172
2024-12-03 11:00:00,8433.678505698746,11104.107912711235,8621.272948151172
2024-12-03 12:00:00,8426.872800220684,10969.907475189579,8034.5907970846
2024-12-03 13:00:00,8318.876619510356,9909.729057212342,7978.628212562183
2024-12-03 14:00:00,8136.598209553305,9732.444392759051,7297.095427722792
2024-12-03 15:00:00,8318.876619510356,7948.517581683855,6111.732648902516
2024-12-03 16:00:00,7399.260954284988,7763.163479215745,5341.681589076931
2024-12-03 17:00:00,7701.622324308158,7948.517581683855,6111.732648902516
2024-12-03 18:00:00,7701.622324308158,8660.99220842172,7078.503153741025
2024-12-03 19:00:00,9817.043487865498,10122.995501974377,8600.623727416982
2024-12-03 20:00:00,9874.486210972631,10580.277618496864,8831.641351758823
2024-12-03 21:00:00,12034.045813233653,13279.67327071426,11717.184779995228
2024-12-03 22:00:00,12633.616732385988,15040.349151270104,13130.708944619375
2024-12-03 23:00:00,13558.077049888068,15350.218866756226,13607.058138450631
2024-12-04 00:00:00,13834.810305956275,15591.734378357825,14036.863549728198
2024-12-04 01:00:00,14598.599746131207,16492.21438128812,14983.046690369549
2024-12-04 02:00:00,14557.613855856976,16473.96611691999,14956.068807064066
2024-12-04 03:00:00,14491.297142014233,15956.499306974443,14328.304522185634
2024-12-04 04:00:00,14491.297142014233,15734.914121402975,14328.304522185634
2024-12-04 05:00:00,14659.01664380162,15956.499306974443,14350.739992581764
2024-12-04 06:00:00,14659.083297056408,16404.110470153064,15047.44973583745
2024-12-04 07:00:00,14659.083297056408,16404.110470153064,15047.44973583745
2024-12-04 08:00:00,13192.356656741631,15366.492015793952,13990.42486649485
2024-12-04 09:00:00,12950.527136694549,15254.722314228982,13676.5474575223
2024-12-04 10:00:00,11664.933508728023,14111.400253049633,11769.620294625254
2024-12-04 11:00:00,11219.841142741727,13196.957581439852,11717.223861197574
2024-12-04 12:00:00,10962.259129137983,11229.518310503569,10341.236067256423
2024-12-04 13:00:00,10962.259129137983,11229.518310503569,10341.236067256423
2024-12-04 14:00:00,11790.749915305429,12591.493115968571,10743.70528976666
2024-12-04 15:00:00,12086.456753654627,14429.949425310599,11728.288498119957
2024-12-04 16:00:00,13155.30038625503,14604.573289492895,13128.355949941111
2024-12-04 17:00:00,14234.536669769255,15518.355853121835,14579.6397560607
2024-12-04 18:00:00,15626.905871499383,16425.634328194392,16264.942913147746
2024-12-04 19:00:00,15626.905871499383,16970.860943727417,16891.05849503522
2024-12-04 20:00:00,15581.43815073742,16970.860943727417,16891.05849503522
2024-12-04 21:00:00,15581.43815073742,16868.05963397935,16312.883380330979
2024-12-04 22:00:00,15512.044283469964,16868.05963397935,16121.913016128156
2024-12-04 23:00:00,15512.044283469964,16868.05963397935,15968.13043545468
2024-12-05 00:00:00,15510.109752846376,16887.131175385766,15942.905012272593
2024-12-05 01:00:00,15964.236915907266,18032.36213384736,15466.111631985008
2024-12-05 02:00:00,15799.79610322171,17904.421401998046,15384.662639417837
2024-12-05 03:00:00,15736.006591490674,18160.30286569667,15384.662639417837
2024-12-05 04:00:00,15691.375962883065,18326.761482256683,15385.157822252233
2024-12-05 05:00:00,15269.321031587877,18326.761482256683,15385.157822252233
2024-12-05 06:00:00,15269.321031587877,17692.79003779884,15490.343676354129
2024-12-05 07:00:00,15361.291555098034,17450.11360917481,15490.343676354129
2024-12-05 08:00:00,15450.03631468891,16966.207231303713,15490.343676354129
2024-12-05 09:00:00,15701.584648063852,17246.050713161363,15135.489046421737
2024-12-05 10:00:00,15744.658426068727,17246.050713161363,14907.11228323697
2024-12-05 11:00:00,15813.344319546008,17964.365679945466,14907.11228323697
2024-12-05 12:00:00,16015.030760922393,18117.964402375124,15004.249419021211
2024-12-05 13:00:00,16015.030760922393,18122.715727748226,15004.249419021211
2024-12-05 14:00:00,16015.030760922393,18363.51054285872,15004.249419021211
2024-12-05 15:00:00,16088.41603178478,18363.51054285872,15228.404153290936
2024-12-05 16:00:00,16604.52997066776,18363.51054285872,15715.644352846492
2024-12-05 17:00:00,17108.85801614342,18433.593100089423,15715.644352846492
2024-12-05 18:00:00,17160.93355294005,18869.133558325884,15835.29782097483
2024-12-05 19:00:00,17189.096116283,18972.14396906281,16329.941728554593
2024-12-05 20:00:00,17189.096116283,18972.14396906281,16713.19854100361
2024-12-05 21:00:00,16893.019209394024,18894.056229258284,16765.40293355158
2024-12-05 22:00:00,16834.32382539951,18606.638571406693,17284.074715339193
2024-12-05 23:00:00,16893.019209394024,18606.638571406693,17284.074715339193
2024-12-06 00:00:00,16961.339845056347,18735.177302716,17148.823220066242
2024-12-06 01:00:00,18261.036848186035,18546.669416746823,15972.509186826926
2024-12-06 02:00:00,17894.62325289274,18266.56776464871,15823.139715970556
2024-12-06 03:00:00,17014.25231512923,17958.51159336382,15086.700370790393
2024-12-06 04:00:00,16237.902646026027,17958.51159336382,14981.572926822811
2024-12-06 05:00:00,16159.553016192822,17958.51159336382,14978.833391584398
2024-12-06 06:00:00,16112.50368746664,18051.013338418677,14978.833391584398
2024-12-06 07:00:00,15635.840681879796,18638.322882253433,15160.738304424123
2024-12-06 08:00:00,15635.840681879796,18638.322882253433,15160.738304424123
2024-12-06 09:00:00,15331.966228188947,18128.43935380682,14499.911295005106
2024-12-06 10:00:00,14402.199060991352,17231.79153043815,13940.277782397645
2024-12-06 11:00:00,14402.199060991352,16880.414216055553,13940.277782397645
2024-12-06 12:00:00,15089.736907182092,16880.414216055553,14534.778187649446
2024-12-06 13:00:00,15721.849111750926,17356.21978119689,14722.767444406456
2024-12-06 14:00:00,15908.212272275337,17773.97524164282,14736.220022518895
2024-12-06 15:00:00,15908.212272275337,17773.97524164282,14736.220022518895
2024-12-06 16:00:00,15835.50935156491,17859.11915598834,14736.220022518895
2024-12-06 17:00:00,15785.818082570328,17766.954783359484,14646.798154632852
2024-12-06 18:00:00,15368.228383040978,16499.53556335562,14554.003029034455
2024-12-06 19:00:00,15098.454223950184,16239.264509942459,14359.943166937475
2024-12-06 20:00:00,14922.418011414135,16182.853943233164,14216.169097648188
2024-12-06 21:00:00,14746.893588462572,15762.857623390693,14185.291123187291
2024-12-06 22:00:00,14589.434916335982,15762.857623390693,14185.291123187291
2024-12-06 23:00:00,14564.931902178932,16667.43540424969,15064.401563110736
2024-12-07 00:00:00,14538.890284450907,17186.882495934995,15318.443710814283
2024-12-07 01:00:00,13694.527776043367,16133.744377294468,13980.251896241729
2024-12-07 02:00:00,13623.696176841226,16079.642249354558,14089.813435038635
2024-12-07 03:00:00,13765.359375245509,16220.692824846328,14121.448335243467
2024-12-07 04:00:00,13774.982600378306,16396.21778678306,14279.308838631481
2024-12-07 05:00:00,14095.942561400332,16928.48872328728,14844.352161263057
2024-12-07 06:00:00,14264.345996633923,17738.414820949605,15492.66895963646
2024-12-07 07:00:00,14270.579894549897,17738.414820949605,15598.348068624828
2024-12-07 08:00:00,14366.75225542172,17692.186260372284,15662.531045362111
2024-12-07 09:00:00,14366.75225542172,17565.256040867236,15662.531045362111
2024-12-07 10:00:00,14220.975448295023,17148.36558033811,14906.769375013962
2024-12-07 11:00:00,14220.975448295023,17148.36558033811,14513.212299467865
2024-12-07 12:00:00,14543.537623639053,17148.36558033811,14462.651946924103
2024-12-07 13:00:00,14543.537623639053,17173.545313691804,14257.812791332137
2024-12-07 14:00:00,14289.74282347252,17273.63194524822,14428.722946323629
2024-12-07 15:00:00,14236.796439811786,17273.63194524822,14428.722946323629
2024-12-07 16:00:00,14289.74282347252,16688.07867644992,14987.726388320621
2024-12-07 17:00:00,14605.446606452311,16630.807785524954,15449.094708151382
2024-12-07 18:00:00,14616.595418423944,16464.699822655355,15481.192608372254
2024-12-07 19:00:00,14818.219332212733,16464.699822655355,15729.581480089468
2024-12-07 20:00:00,15375.670211291581,16809.54748536466,16004.553164974986
2024-12-07 21:00:00,15657.005116349861,17306.319675472983,16371.307844481373
2024-12-07 22:00:00,15657.005116349861,17620.78000935173,16599.685431766782
2024-12-07 23:00:00,16025.44487436432,17873.521115539894,17002.500257333493
2024-12-08 00:00:00,15859.945570103784,18272.898781600044,16805.240251286603
2024-12-08 01:00:00,14793.175432603217,16745.375341847444,14998.504460382388
2024-12-08 02:00:00,14935.522994985446,16771.123239001605,15604.350697149435
2024-12-08 03:00:00,15051.441431573636,18462.42841791015,15632.097004955973
2024-12-08 04:00:00,15051.441431573636,18573.607224108804,15632.097004955973
2024-12-08 05:00:00,15270.917303552673,18623.533802319864,15632.097004955973
2024-12-08 06:00:00,16852.423104646765,19849.44951801176,15763.491789693673
2024-12-08 07:00:00,17714.206874125044,19849.44951801176,15763.491789693673
2024-12-08 08:00:00,17866.41782229423,19688.878324685746,15054.832801030894
2024-12-08 09:00:00,17866.41782229423,18913.795481045912,14412.21513407482
2024-12-08 10:00:00,14234.416044994872,15421.71998213378,12138.801281354105
2024-12-08 11:00:00,11206.194164958519,13335.64709701727,9626.219940407249
2024-12-08 12:00:00,8980.78910277202,10116.243218584383,8211.540992095433
2024-12-08 13:00:00,8206.18234430864,8983.370435075823,6889.123356085312
2024-12-08 14:00:00,6775.29460267094,7456.282648439413,5161.949532772114
2024-12-08 15:00:00,5991.930468567161,5511.10199054302,4433.030736412286
2024-12-08 16:00:00,5991.930468567161,5511.10199054302,4433.030736412286
2024-12-08 17:00:00,6435.62189925635,5723.20148595721,4655.037790582778
2024-12-08 18:00:00,7758.882316567891,5979.078634164075,5399.086054977584
2024-12-08 19:00:00,8214.916118320334,6444.98109641229,5439.280294263273
2024-12-08 20:00:00,8214.916118320334,6979.78415663554,5534.984667388135
2024-12-08 21:00:00,8598.80305623038,7372.539992836641,5866.463070838698
2024-12-08 22:00:00,8598.80305623038,7372.539992836641,6281.793629393452
2024-12-08 23:00:00,8298.238075017101,7216.685846668528,6281.793629393452
2024-12-09 00:00:00,8286.492947125462,7091.641050963377,6144.94103159283
2024-12-09 01:00:00,7467.323185765856,6175.641302529983,5003.433695172212
2024-12-09 02:00:00,7611.2216450494625,6309.0939081197785,5134.836530145946
2024-12-09 03:00:00,8348.62820973837,6818.201135633206,5810.206502843524
2024-12-09 04:00:00,8835.219591051864,7239.888228973885,5810.206502843524
2024-12-09 05:00:00,9551.872031394367,7485.815082605089,6110.392401973697
2024-12-09 06:00:00,8870.668663525164,7485.815082605089,5794.633352630572
2024-12-09 07:00:00,8870.668663525164,6575.267320274019,5794.633352630572
2024-12-09 08:00:00,7775.4300580067475,6575.267320274019,5592.210203039844
2024-12-09 09:00:00,7742.362784051866,6361.021677327254,5179.120700570673
2024-12-09 10:00:00,7426.924290180056,6731.112357739107,4934.58181497123
2024-12-09 11:00:00,7426.924290180056,6731.112357739107,4934.58181497123
2024-12-09 12:00:00,6599.414212110258,8039.296962762057,5580.297637841727
2024-12-09 13:00:00,7113.89861045781,8039.296962762057,5580.297637841727
2024-12-09 14:00:00,7113.89861045781,8039.296962762057,5580.297637841727
2024-12-09 15:00:00,8310.080477673853,8136.633005566075,6244.157424384277
2024-12-09 16:00:00,8433.44806623489,8964.174980468606,7138.9413324599445
2024-12-09 17:00:00,9622.489526218598,11158.572201088155,8337.917764614172
2024-12-09 18:00:00,12010.365888639368,13142.478188141036,9643.733870603253
2024-12-09 19:00:00,12604.307884646816,14908.386449966947,11136.855827893432
2024-12-09 20:00:00,14264.784884378143,16073.881067584138,11843.72664004027
2024-12-09 21:00:00,14741.634362454537,16715.717555375802,12312.841956337073
2024-12-09 22:00:00,14741.634362454537,16757.860746128794,12878.884860534876
2024-12-09 23:00:00,14317.059755993298,16757.860746128794,13137.253502873404
2024-12-10 00:00:00,14314.039998028991,16800.587285466594,13176.60806630441
2024-12-10 01:00:00,15942.74929092823,17721.14024063626,14446.207800271004
2024-12-10 02:00:00,16059.246444617878,17834.103874151966,14506.670140182603
2024-12-10 03:00:00,17503.806096237615,17976.81221525438,15468.55435712373
2024-12-10 04:00:00,17652.301147035516,18087.029558513128,15468.55435712373
2024-12-10 05:00:00,17503.806096237615,18087.029558513128,15041.201361817613
2024-12-10 06:00:00,16639.747699180916,17969.42000652947,13393.810243328731
2024-12-10 07:00:00,16321.758241386113,16202.181533637719,12650.952825973927
2024-12-10 08:00:00,14446.76693276165,13925.787127680615,10585.889828412164
2024-12-10 09:00:00,11856.624419571133,9978.468918522418,7391.333409152823
2024-12-10 10:00:00,9571.343307837744,8358.755487973842,6367.322659301864
2024-12-10 11:00:00,6598.70847547738,5621.6019067008065,4499.110907190865
2024-12-10 12:00:00,6598.70847547738,5621.6019067008065,4499.110907190865
2024-12-10 13:00:00,6102.977506455731,6582.939712992974,4904.897739314065
2024-12-10 14:00:00,6025.683561582382,6582.939712992974,4904.897739314065
2024-12-10 15:00:00,5841.840819334267,5151.9682482779945,3970.643182975871
2024-12-10 16:00:00,5835.477397926789,4709.1961247009,3744.227945965156
2024-12-10 17:00:00,5648.072832369598,4343.994443282328,3744.227945965156
2024-12-10 18:00:00,5648.072832369598,4709.1961247009,3767.206451514703
2024-12-10 19:00:00,5962.673732948526,4711.54423650131,4061.5161730929635
2024-12-10 20:00:00,6960.004320493227,5768.678099784222,4734.341467101314
2024-12-10 21:00:00,7459.856780599466,6623.632248384763,5077.108255601588
2024-12-10 22:00:00,8786.565052453234,8133.599095485178,6494.081025872232
2024-12-10 23:00:00,11475.918839815411,11210.087392646456,8273.577379160392
2024-12-11 00:00:00,11888.594731634399,12474.949090790897,8786.701742554247
2024-12-11 01:00:00,14890.511896547447,16331.427161909636,11501.154131065232
2024-12-11 02:00:00,13894.689082167248,15817.572137830972,10709.593674330521
2024-12-11 03:00:00,11146.936579903098,13423.085860542755,8004.62439908541
2024-12-11 04:00:00,6762.566158188744,8089.813228525587,4696.635043743726
2024-12-11 05:00:00,4053.6389027661958,3752.951030489921,3095.2339281045934
2024-12-11 06:00:00,3346.0352736683903,3016.8561410405687,2694.426671025657
2024-12-11 07:00:00,2841.2646388363237,2589.7434206221096,2241.037331990443
2024-12-11 08:00:00,2831.893063020276,2589.7434206221096,2143.4345349749287
2024-12-11 09:00:00,2831.893063020276,2602.233953308792,2241.037331990443
2024-12-11 10:00:00,2757.7835677614794,2602.233953308792,2230.9854056787226
2024-12-11 11:00:00,2499.9120400556612,2567.4334571293266,2244.0293897703814
2024-12-11 12:00:00,2499.9120400556612,2563.5236217619126,2321.581972096593
2024-12-11 13:00:00,2513.3851530718703,2494.0955704970356,2325.3592245829773
2024-12-11 14:00:00,2662.7271836703644,2494.0955704970356,2476.332136462142
2024-12-11 15:00:00,2793.2584630415563,2768.9403164368587,2705.396177529201
2024-12-11 16:00:00,2793.2584630415563,2768.9403164368587,2705.396177529201
2024-12-11 17:00:00,2846.3790790886037,2712.117529618625,2626.0700856070157
2024-12-11 18:00:00,2765.6436858950633,2706.7066766450007,2626.0700856070157
2024-12-11 19:00:00,2728.011496302758,2712.117529618625,2626.0700856070157
2024-12-11 20:00:00,2728.011496302758,2755.7410303493184,2569.8180111358756
2024-12-11 21:00:00,2736.9373095192236,2791.969272878472,2569.8180111358756
2024-12-11 22:00:00,3401.383316873401,3371.383108347847,3061.995588512062
2024-12-11 23:00:00,4190.179535929054,4556.710599832765,3326.8554573586457
2024-12-12 00:00:00,4287.7609607331015,4609.397077863633,3426.3305513325167
2024-12-12 01:00:00,4522.693487640017,4173.207734674659,3405.812808039704
2024-12-12 02:00:00,4928.080344140422,4437.254697005605,3829.3286123152075
2024-12-12 03:00:00,5405.484906621132,4772.929260933413,4641.569671917997
2024-12-12 04:00:00,6209.266390970536,5819.078386920417,5248.474502121523
2024-12-12 05:00:00,6783.405276318667,7122.510192677124,5787.253398223422
2024-12-12 06:00:00,8102.660534763556,8814.920405637886,6722.819682374332
2024-12-12 07:00:00,8524.081765376977,9543.647445685949,7169.577387645402
2024-12-12 08:00:00,9073.23514019205,9903.171462564367,7605.61380476969
2024-12-12 09:00:00,9073.23514019205,9903.171462564367,7605.61380476969
2024-12-12 10:00:00,8403.452535855791,8650.148655355159,6423.685929571489
2024-12-12 11:00:00,6806.9986379282345,7490.267367295877,4704.59422465139
2024-12-12 12:00:00,5795.603260585363,5779.961124366897,4352.600561462172
2024-12-12 13:00:00,4871.0077227891115,4449.934926852897,3258.079794233336
2024-12-12 14:00:00,4112.778985509338,3580.783166706402,2774.9677909146476
2024-12-12 15:00:00,4103.617181726821,3580.783166706402,2774.9677909146476
2024-12-12 16:00:00,4112.778985509338,4701.394129702321,3109.2656376436817
2024-12-12 17:00:00,4901.887013111608,5615.236615993371,3548.3207382994697
2024-12-12 18:00:00,5301.988175596946,5615.781582671543,3657.204243043843
2024-12-12 19:00:00,6069.039363143956,6539.1180418996455,4122.641075806127
2024-12-12 20:00:00,7690.529158326697,7881.8445405524635,5173.49658306772
2024-12-12 21:00:00,8093.512995164262,7980.260555987316,5756.7202292710745
2024-12-12 22:00:00,8622.308102476036,8142.2873688774325,5937.629500205427
2024-12-12 23:00:00,10116.375831900976,10731.476934922597,7343.476352808652
2024-12-13 00:00:00,10895.077512760585,11721.53053467804,8258.18107771602
2024-12-13 01:00:00,15296.449486102676,15499.536573294808,12724.856265024044
2024-12-13 02:00:00,16311.250694600307,16077.149343529518,13617.714899724602
2024-12-13 03:00:00,16311.250694600307,16077.149343529518,13617.714899724602
2024-12-13 04:00:00,15015.572706030967,16048.735395169497,12424.101216456329
2024-12-13 05:00:00,14890.229190015456,16017.063381974094,11772.297915404151
2024-12-13 06:00:00,12138.484487932548,13240.430762690865,9311.599803512276
2024-12-13 07:00:00,9224.615191706593,10427.388629392715,7376.487800573772
2024-12-13 08:00:00,8810.248043052512,9437.61240817761,6883.4335983245155
2024-12-13 09:00:00,8805.760925037344,9157.208045863119,6874.626119235638
2024-12-13 10:00:00,8204.113242918318,8716.722641318765,5853.369574506599
2024-12-13 11:00:00,8175.192700505341,7864.147587304952,5843.361877076888
2024-12-13 12:00:00,7049.199045203985,7244.6045164331135,5303.541094332846
2024-12-13 13:00:00,6085.093889526972,5977.338440812429,4503.071134999737
2024-12-13 14:00:00,6030.936552678205,4865.664883406559,4357.512442323457
2024-12-13 15:00:00,6030.936552678205,4865.664883406559,4357.512442323457
2024-12-13 16:00:00,7031.976599540443,6186.00644580184,5390.836458961788
2024-12-13 17:00:00,9029.692937084488,9099.596542326752,7706.940317868769
2024-12-13 18:00:00,9766.036090394284,9769.69994887849,7918.410930387309
2024-12-13 19:00:00,10525.248056231338,10997.002082887679,9361.448656268349
2024-12-13 20:00:00,11641.327829259706,12482.49501792531,10574.901216497714
2024-12-13 21:00:00,12123.973169120009,13260.9911010009,11036.574361277982
2024-12-13 22:00:00,12123.973169120009,13834.483406385287,11036.574361277982
2024-12-13 23:00:00,11715.820428526045,13834.483406385287,10369.73259159093
2024-12-14 00:00:00,10996.978917943523,13018.88258525419,10062.273555482792
2024-12-14 01:00:00,11413.418397896727,13531.904336373505,10344.979709732823
2024-12-14 02:00:00,11171.210130626798,13240.31484706679,10009.400668228198
2024-12-14 03:00:00,10011.324011738829,11086.870398675517,8935.096607128195
2024-12-14 04:00:00,10011.324011738829,11086.870398675517,8935.096607128195
2024-12-14 05:00:00,11376.068876120546,12882.86926212013,11615.863453339465
2024-12-14 06:00:00,11725.58907740155,13558.92931899652,11730.330126440433
2024-12-14 07:00:00,14552.087821225763,16084.71750334397,14099.693631895134
2024-12-14 08:00:00,14575.35849676449,18181.888957852472,15268.415094478702
2024-12-14 09:00:00,14575.35849676449,18181.888957852472,15268.415094478702
2024-12-14 10:00:00,13389.989420944965,17096.677332129457,14635.30260945536
2024-12-14 11:00:00,12005.040753449972,16872.22675433183,13910.833558896946
2024-12-14 12:00:00,11820.630867553253,15681.305825584317,13453.479923383897
2024-12-14 13:00:00,11820.630867553253,15681.305825584317,13453.479923383897
2024-12-14 14:00:00,12878.004059552482,15686.714718361021,14310.820953206276
2024-12-14 15:00:00,13330.705371857428,15809.16942498085,14935.710276020653
2024-12-14 16:00:00,13805.818002226097,16817.331715775686,15651.346900293162
2024-12-14 17:00:00,14212.911552617143,17666.04990272705,16152.802095250294
2024-12-14 18:00:00,14615.787903070479,17919.38857796089,16350.232256519754
2024-12-14 19:00:00,14656.457201807667,18133.856208379464,16452.23941071578
2024-12-14 20:00:00,14656.457201807667,17919.38857796089,16350.232256519754
2024-12-14 21:00:00,14439.21165021091,16919.35924050431,16235.890347194416
2024-12-14 22:00:00,14439.21165021091,16919.35924050431,16235.890347194416
2024-12-14 23:00:00,14960.1286358946,18153.223334859493,17245.21919139925
2024-12-15 00:00:00,15112.140156639565,18204.936817270158,17358.76250226182
2024-12-15 01:00:00,14348.263150366733,19458.60565979484,16722.186464678707
2024-12-15 02:00:00,14431.466415147413,19598.447598891995,16584.5727402066
2024-12-15 03:00:00,14723.215347210993,19666.668177133524,16584.5727402066
2024-12-15 04:00:00,15349.204755193505,19905.632245372344,16533.74194769775
2024-12-15 05:00:00,15349.204755193505,19905.632245372344,16533.74194769775
2024-12-15 06:00:00,15224.252928231057,19900.148443663657,16267.617622320195
2024-12-15 07:00:00,14793.958158083517,19441.2932457592,15766.95679885929
2024-12-15 08:00:00,14696.943872032009,19088.21037126719,15461.128771232377
2024-12-15 09:00:00,14387.309399106505,18512.6691653055,15106.4297368681
2024-12-15 10:00:00,13799.056662298763,18312.44634642728,14651.817471947044
2024-12-15 11:00:00,13799.056662298763,17922.175232176043,14476.97782763523
2024-12-15 12:00:00,14086.391133121753,17922.175232176043,14476.97782763523
2024-12-15 13:00:00,14413.593085589993,18049.049925555802,14570.959504992377
2024-12-15 14:00:00,14419.954094406228,18099.165377842284,14570.959504992377
2024-12-15 15:00:00,14419.954094406228,18171.674408254632,14562.286061932886
2024-12-15 16:00:00,14419.954094406228,18171.674408254632,14558.649721146987
2024-12-15 17:00:00,14363.297601393668,17488.162509905575,14372.54068690148
2024-12-15 18:00:00,14251.040575296767,17237.111416813706,14321.145334452904
2024-12-15 19:00:00,13722.709007209607,15970.643871665521,14372.54068690148
2024-12-15 20:00:00,13346.203132754319,15970.643871665521,14594.230490314361
2024-12-15 21:00:00,13234.583437444051,15970.643871665521,14623.38541616171
2024-12-15 22:00:00,13243.804943457251,16321.25550999926,14653.764623390947
2024-12-15 23:00:00,13243.804943457251,16321.25550999926,15420.953510215753
2024-12-16 00:00:00,13385.153218286574,16733.680157699593,15712.090099159686
2024-12-16 01:00:00,13956.010476174932,17633.4899630086,16654.187159858786
2024-12-16 02:00:00,14122.878401556602,17812.78988189094,16668.292056825798
2024-12-16 03:00:00,14231.67045018381,17973.64649360902,16747.299680396234
2024-12-16 04:00:00,14285.619333458651,18344.65348994849,16919.848564296477
2024-12-16 05:00:00,14402.561239053888,18476.997457521025,17134.49952230985
2024-12-16 06:00:00,14693.628558217883,18476.997457521025,17269.646522173585
2024-12-16 07:00:00,14693.628558217883,18476.997457521025,17481.427782340805
2024-12-16 08:00:00,14537.969433951168,18555.16623082231,17481.427782340805
2024-12-16 09:00:00,13343.310746838533,18555.16623082231,16312.093847762313
2024-12-16 10:00:00,12405.489109168824,17762.650876772415,15309.31344304747
2024-12-16 11:00:00,12103.089479223807,15910.824597697236,14264.590604505769
2024-12-16 12:00:00,11888.05460605111,14716.122361060208,13382.24385721298
2024-12-16 13:00:00,11645.80464894386,13751.530116750986,11745.682476792024
2024-12-16 14:00:00,11609.546693107552,13533.213272263096,11355.722209692232
2024-12-16 15:00:00,10915.84727839998,12797.304122666668,10492.080657554543
2024-12-16 16:00:00,10895.19441315278,11890.846972476471,10186.369808720867
2024-12-16 17:00:00,10804.451953404128,11890.846972476471,9956.947550909554
2024-12-16 18:00:00,10804.451953404128,12120.197654293499,10186.369808720867
2024-12-16 19:00:00,10467.300315431727,12120.197654293499,9436.495563094502
2024-12-16 20:00:00,10642.269125271256,11820.574437198196,9575.890660320432
2024-12-16 21:00:00,10642.269125271256,11820.574437198196,9575.890660320432
2024-12-16 22:00:00,10642.269125271256,11996.947345671631,10074.465934370626
2024-12-16 23:00:00,10457.994283723869,12043.393777657937,10281.496111959303
2024-12-17 00:00:00,10435.443808512964,12071.963305634454,10550.444210325066
2024-12-17 01:00:00,11079.106506318452,13484.409410712135,12671.215239414976
2024-12-17 02:00:00,11544.80710745497,13718.521542937926,12979.026225896703
2024-12-17 03:00:00,11839.592994452756,14318.854355567746,13072.367229989695
2024-12-17 04:00:00,13228.191991662363,15119.761394667115,13522.584363372182
2024-12-17 05:00:00,13228.191991662363,15119.761394667115,13727.163517668989
2024-12-17 06:00:00,13138.913632497384,14855.049262439104,13727.163517668989
2024-12-17 07:00:00,12693.88853589691,14769.801182802436,13553.497120705186
2024-12-17 08:00:00,12560.534987602887,14769.801182802436,13553.497120705186
2024-12-17 09:00:00,12536.847666414342,15347.612577215938,13321.649506463558
2024-12-17 10:00:00,12235.461690135406,15347.612577215938,13300.97349612114
2024-12-17 11:00:00,11697.95919051377,14650.265076671949,12986.696732494054
2024-12-17 12:00:00,11154.351353608343,14049.72546601338,12572.521451075318
2024-12-17 13:00:00,10888.154103735807,13038.05410609773,11931.452936951115
2024-12-17 14:00:00,10703.888613839707,12936.810499569765,11581.59343901258
2024-12-17 15:00:00,10595.380687432258,12021.568979524842,10737.107952750821
2024-12-17 16:00:00,10143.113227169762,11590.031517929168,10737.107952750821
2024-12-17 17:00:00,10143.113227169762,11590.031517929168,10439.165962100875
2024-12-17 18:00:00,10619.512789923749,11928.751704419805,10783.78084619057
2024-12-17 19:00:00,11968.589076155007,12874.417006766915,11299.259447063412
2024-12-17 20:00:00,11968.589076155007,12874.417006766915,11299.259447063412
2024-12-17 21:00:00,11141.128517863679,12477.672694780445,10756.607721091175
2024-12-17 22:00:00,10167.488824214824,12437.731630871296,10531.3120744468
2024-12-17 23:00:00,10167.488824214824,12477.672694780445,10531.3120744468
2024-12-18 00:00:00,10804.940012530857,13512.08006893907,10271.367422789193
2024-12-18 01:00:00,11406.62203824136,14888.204458512464,10547.131792561548
2024-12-18 02:00:00,11213.93094617131,14705.969647170961,10504.00173095868
2024-12-18 03:00:00,11019.844922370918,14297.654198743132,10078.88193076674
2024-12-18 04:00:00,10616.628588257032,13777.892707339584,9975.961757376434
2024-12-18 05:00:00,10288.808579818664,11329.431364200045,8786.58267334226
2024-12-18 06:00:00,9831.751935010734,11233.70139590517,8345.72724780775
2024-12-18 07:00:00,8554.346113654115,7210.596953750687,5766.246308740248
2024-12-18 08:00:00,7400.58008948607,6695.692977127221,5573.637584086697
2024-12-18 09:00:00,6713.587273063145,5657.843840050466,5434.466212760644
2024-12-18 10:00:00,5567.284042905444,5036.245461759968,4420.572242086686
2024-12-18 11:00:00,5167.1677481659735,4761.620910167401,4383.773472431378
2024-12-18 12:00:00,4493.983210791422,4743.749431477119,4354.028248331715
2024-12-18 13:00:00,3667.0444476855505,3372.524474645208,3405.278877124714
2024-12-18 14:00:00,3577.4549166645434,3372.524474645208,3223.0292883469874
2024-12-18 15:00:00,3577.4549166645434,3388.5595682440753,3223.0292883469874
2024-12-18 16:00:00,4444.729162569363,4177.427238619469,3876.886482395871
2024-12-18 17:00:00,4837.245768355581,4748.00430874343,4340.2060546060275
2024-12-18 18:00:00,5204.84484787426,4941.204798920612,4841.074778000999
2024-12-18 19:00:00,5352.305478852966,5415.103364624498,4955.11140039143
2024-12-18 20:00:00,5244.918993673702,5905.594989316216,5232.538704884493
2024-12-18 21:00:00,5244.918993673702,6958.05924169086,5195.020030420462
2024-12-18 22:00:00,5244.918993673702,7001.2865489993765,5578.791741034431
2024-12-18 23:00:00,5108.615218083317,7001.2865489993765,5195.020030420462
2024-12-19 00:00:00,5146.3136264575405,6997.378556487749,5398.028682427893
2024-12-19 01:00:00,5475.983719131813,5804.808593782567,4761.545334993925
2024-12-19 02:00:00,5105.487203336596,5387.672160983408,4371.75964805161
2024-12-19 03:00:00,4550.788518520156,4596.931647248956,4187.827459360427
2024-12-19 04:00:00,4331.287993379704,4474.364665919264,3942.876695300074
2024-12-19 05:00:00,4331.287993379704,4596.931647248956,4187.827459360427
2024-12-19 06:00:00,4637.52541845585,4866.770640255992,3942.876695300074
2024-12-19 07:00:00,4745.525099554579,4866.770640255992,3884.4907207983
2024-12-19 08:00:00,4745.525099554579,4716.041912539525,3749.920798888339
2024-12-19 09:00:00,4590.893140229056,4344.9530453786165,3553.1490062402167
2024-12-19 10:00:00,3556.7173945857967,3739.7553239311987,3016.9017163418634
2024-12-19 11:00:00,3455.62112650373,3446.2497849023034,2838.4401485840767
2024-12-19 12:00:00,3141.644571265833,2789.5307075210385,2465.9809956941267
2024-12-19 13:00:00,3082.3903796488166,2786.803655720015,2377.7964288716503
2024-12-19 14:00:00,3082.3903796488166,2789.5307075210385,2377.7964288716503
2024-12-19 15:00:00,3490.2203165698543,3018.466918339024,2452.1682939375387
2024-12-19 16:00:00,3641.847788692303,3492.1045253569405,2809.5817158807895
2024-12-19 17:00:00,5356.82069178194,4809.362783234562,4098.475644882651
2024-12-19 18:00:00,7203.684060792055,5422.1238642051585,5418.575982344232
2024-12-19 19:00:00,10145.732275271686,7992.117722881869,7755.942756659749
2024-12-19 20:00:00,12510.396591905239,9378.033186810522,9810.014181923141
2024-12-19 21:00:00,13634.834611415654,10363.183415292722,11045.271125006391
2024-12-19 22:00:00,15266.340584847127,11431.671471715159,12232.240592090533
2024-12-19 23:00:00,15422.735488849858,12241.44930393718,12553.39936624581
2024-12-20 00:00:00,15452.811971938005,12455.982176633417,12572.701798303075
2024-12-20 01:00:00,19000.531359344306,18378.456373630892,17410.78303328139
2024-12-20 02:00:00,18804.269583626585,18500.729591126084,16976.368561261163
2024-12-20 03:00:00,18047.504550322283,18500.729591126084,17518.816490525776
2024-12-20 04:00:00,17969.324080539864,18457.326277437103,16976.368561261163
2024-12-20 05:00:00,17969.324080539864,18435.639947478252,17140.92730803651
2024-12-20 06:00:00,17696.90471787002,18219.69470375547,16696.094607973384
2024-12-20 07:00:00,14901.473037459951,16641.55849394959,14912.070518192588
2024-12-20 08:00:00,14433.833008312544,15634.622398418656,14248.314977953782
2024-12-20 09:00:00,14433.833008312544,15634.622398418656,14248.314977953782
2024-12-20 10:00:00,15963.015367056118,17010.66146071,15416.870847094993
2024-12-20 11:00:00,16052.67313289849,17013.61427639957,15605.399142794611
2024-12-20 12:00:00,15963.015367056118,17010.66146071,15605.399142794611
2024-12-20 13:00:00,15214.284295106521,16969.81338134467,15309.608286670711
2024-12-20 14:00:00,15168.07989640222,15441.7416657701,15014.014383291476
2024-12-20 15:00:00,13724.976155046592,14405.671150598911,13100.279593182448
2024-12-20 16:00:00,13417.014875409053,13375.08069231929,12969.152973886023
2024-12-20 17:00:00,11231.70138237925,12333.284550601633,10912.632330181013
2024-12-20 18:00:00,10945.838691114752,12333.284550601633,10035.614310091612
2024-12-20 19:00:00,10945.838691114752,12283.970056336899,9815.247905325663
2024-12-20 20:00:00,10646.032823615025,12283.970056336899,9715.220004065162
2024-12-20 21:00:00,10646.032823615025,12283.970056336899,9535.044666169817
2024-12-20 22:00:00,10818.939011439032,13117.710159944694,9535.044666169817
2024-12-20 23:00:00,10818.939011439032,13117.710159944694,9535.044666169817
2024-12-21 00:00:00,10079.598420373488,13205.230496974196,10273.049221659494
2024-12-21 01:00:00,8678.601712045765,11478.097705924745,8860.617050191217
2024-12-21 02:00:00,8211.533695251275,11209.837182679945,8219.067048747616
2024-12-21 03:00:00,9145.669728840256,11746.358229169546,9502.167051634817
2024-12-21 04:00:00,9954.102519497985,12166.312775482269,9222.312680319237
2024-12-21 05:00:00,10701.468595972196,12166.312775482269,9866.520817216522
2024-12-21 06:00:00,10606.654822311595,12166.312775482269,9835.175386981888
2024-12-21 07:00:00,10701.468595972196,12453.894538501196,9979.569283079563
2024-12-21 08:00:00,11283.192644681907,13050.581291085615,11279.85689693708
2024-12-21 09:00:00,11590.0981876671,13050.581291085615,11279.85689693708
2024-12-21 10:00:00,12050.48550337985,12114.838633492076,10830.376684966632
2024-12-21 11:00:00,12610.356270597413,12114.838633492076,10830.376684966632
2024-12-21 12:00:00,13767.779188579434,13452.21881772522,11282.627472461772
2024-12-21 13:00:00,13775.92337619195,14340.829182771064,11725.599317875924
2024-12-21 14:00:00,14034.11306854092,14366.959233391684,12312.888884980537
2024-12-21 15:00:00,14034.11306854092,14366.959233391684,12554.61441167344
2024-12-21 16:00:00,14015.607286166682,14166.711225049203,12554.61441167344
2024-12-21 17:00:00,13780.777447942019,14166.711225049203,12836.990787235774
2024-12-21 18:00:00,13738.723505096743,14870.140335077627,13155.743361588256
2024-12-21 19:00:00,13357.318716876132,14870.140335077627,13155.743361588256
2024-12-21 20:00:00,12325.24438662887,14589.385077101073,12210.604813469628
2024-12-21 21:00:00,11030.575382453646,13997.770604863137,11029.54208761995
2024-12-21 22:00:00,10200.815154015943,11115.529738067331,9782.956188597318
2024-12-21 23:00:00,10200.815154015943,11115.529738067331,9782.956188597318
2024-12-22 00:00:00,10897.972021355456,11220.904441151033,9854.694073537616
2024-12-22 01:00:00,11027.36348139876,11041.547650620363,9626.757451934722
2024-12-22 02:00:00,11622.08397881887,11689.334758498508,10341.994451186667
2024-12-22 03:00:00,11934.431720796543,12286.42607532124,10589.25201346831
2024-12-22 04:00:00,11934.431720796543,12448.98736748497,10784.560122157196
2024-12-22 05:00:00,13027.393313747927,14413.346826704952,12088.997116019753
2024-12-22 06:00:00,15344.028553678134,16869.983968598703,13738.221960732099
2024-12-22 07:00:00,15390.495103017432,18017.18482493326,14616.805577564312
2024-12-22 08:00:00,15357.261189386747,18017.18482493326,14855.673171005712
2024-12-22 09:00:00,15357.261189386747,17525.71483381185,14855.673171005712
2024-12-22 10:00:00,12849.690069991524,15842.039833042636,13455.957989800325
2024-12-22 11:00:00,12063.520963906258,14906.54783335847,12062.62064901799
2024-12-22 12:00:00,12063.520963906258,14506.416329327305,11932.80012638432
2024-12-22 13:00:00,12296.92916916428,14055.210347143118,11783.229229061482
2024-12-22 14:00:00,12378.90349819748,13685.757124850363,11783.229229061482
2024-12-22 15:00:00,12963.4893168184,13685.757124850363,11879.360091750917
2024-12-22 16:00:00,13646.068169169992,14638.846130729162,12736.318813980808
2024-12-22 17:00:00,13654.96401462687,15359.499454148807,12736.318813980808
2024-12-22 18:00:00,13829.810914110343,15693.323497529647,12736.318813980808
2024-12-22 19:00:00,15956.745198316334,17416.59759216053,13662.587922351313
2024-12-22 20:00:00,16330.04341194558,17930.74878922581,14268.307897401226
2024-12-22 21:00:00,16440.632556381544,18335.47254366399,14696.65040164977
2024-12-22 22:00:00,16555.303136237926,18427.940745014483,14924.723617762002
2024-12-22 23:00:00,16929.552411759807,18445.161949373436,15480.408205778822
2024-12-23 00:00:00,16947.4553058256,18545.92513465861,15541.757024618368
2024-12-23 01:00:00,18197.42988473789,19800.813108134676,17908.73377323184
2024-12-23 02:00:00,18227.33132285633,19686.34298559439,18217.119236342463
2024-12-23 03:00:00,19047.348513233275,18626.091028618357,18329.321583785495
2024-12-23 04:00:00,19047.348513233275,18607.401412021572,18398.468568436267
2024-12-23 05:00:00,18968.41904043564,18590.30067516879,18532.149777932347
2024-12-23 06:00:00,18957.0307075943,18508.309896734372,18532.149777932347
2024-12-23 07:00:00,18957.0307075943,18508.309896734372,18408.32711064636
2024-12-23 08:00:00,19072.488690058624,18934.77733934625,18403.457343731832
2024-12-23 09:00:00,19072.488690058624,18934.77733934625,17795.203530587725
2024-12-23 10:00:00,17903.271527609555,18833.27359423954,16862.645763226894
2024-12-23 11:00:00,16164.690641517798,17971.6664723489,15654.477495763229
2024-12-23 12:00:00,15798.509385066927,17243.97324722521,15165.59293573601
2024-12-23 13:00:00,15116.15750698251,16623.166957652073,14694.206769947512
2024-12-23 14:00:00,15016.827927052704,16238.25454681748,14139.674431306761
2024-12-23 15:00:00,14566.822937340916,15139.343751788885,14123.440495579978
2024-12-23 16:00:00,13795.33577961902,13923.485916921316,13000.274593039616
2024-12-23 17:00:00,13684.704640059168,13923.485916921316,12068.281426437024
2024-12-23 18:00:00,13511.04892064918,13389.57827460873,11759.542861504375
2024-12-23 19:00:00,13511.04892064918,14312.333147924615,11995.036187445749
2024-12-23 20:00:00,13344.634891752741,14398.845736060079,11664.92278352514
2024-12-23 21:00:00,13344.634891752741,14690.544849349943,11995.036187445749
2024-12-23 22:00:00,14022.908170876215,15772.933610945367,12016.479114409176
2024-12-23 23:00:00,14533.279957483799,15955.687565838292,12179.967203267042
2024-12-24 00:00:00,14703.045823461798,16146.109034770441,12553.922616832222
2024-12-24 01:00:00,16932.133341417586,18649.506635348254,15895.309830872804
2024-12-24 02:00:00,17228.754044896155,18598.315200454334,15717.57872014485
2024-12-24 03:00:00,17228.754044896155,18174.53715720806,14800.438813625526
2024-12-24 04:00:00,17129.410262447564,18048.461059465037,14550.999876225978
2024-12-24 05:00:00,16466.023304738785,17554.388042319384,13813.587228156346
2024-12-24 06:00:00,16104.50022066772,16938.266041681385,12664.910049220805
2024-12-24 07:00:00,12678.293931129514,13595.86769455275,9343.730543433554
2024-12-24 08:00:00,11142.408035509263,10817.010850725526,7574.54189190146
2024-12-24 09:00:00,8007.92344072448,6492.914854407383,4572.4232320029505
2024-12-24 10:00:00,4772.051989276044,3656.525438979565,3162.0132647983583
2024-12-24 11:00:00,3551.56965963176,2681.60356024132,2619.748229248703
2024-12-24 12:00:00,2938.663969071906,2429.994781547174,2106.2046871400935
2024-12-24 13:00:00,2938.663969071906,2429.994781547174,2106.2046871400935
2024-12-24 14:00:00,3003.110147547567,2527.762723585837,2106.2046871400935
2024-12-24 15:00:00,3018.4366756487857,2527.762723585837,2130.680575729084
2024-12-24 16:00:00,3248.5459569411587,2527.762723585837,2166.0505938226784
2024-12-24 17:00:00,4585.136247763427,3487.8672603712316,3002.000117126546
2024-12-24 18:00:00,7027.100690350175,5932.191173214397,4540.9256581527825
2024-12-24 19:00:00,7099.592091262652,6235.0879259690955,4833.531021170989
2024-12-24 20:00:00,8502.43506555381,7138.801769063888,5629.170924860279
2024-12-24 21:00:00,8552.049406243268,7362.098134747236,5794.68516111184
2024-12-24 22:00:00,9529.412500450284,7739.138488411118,6561.91873389638
2024-12-24 23:00:00,11192.69446662872,10269.248028218306,7945.197253988861
2024-12-25 00:00:00,11277.86081281026,10829.09503386125,8535.83040182505
2024-12-25 01:00:00,15817.030242251974,15368.279539111469,13642.079424104168
2024-12-25 02:00:00,17260.840382294944,16092.47273687657,14282.75432944325
2024-12-25 03:00:00,17353.83084409155,16913.318259987416,14374.615920464508
2024-12-25 04:00:00,17574.592203011875,17253.832881930277,14696.679047632217
2024-12-25 05:00:00,18990.22668918476,17845.465513531854,16318.799418640298
2024-12-25 06:00:00,19190.891204124848,17960.282466329754,16994.56990165521
2024-12-25 07:00:00,19190.891204124848,18032.157159076454,17392.466329800336
2024-12-25 08:00:00,19471.651283182044,18035.792636810613,17453.606582205342
2024-12-25 09:00:00,19472.52630233192,18081.05570079236,17494.744267520167
2024-12-25 10:00:00,19472.52630233192,18081.05570079236,17494.744267520167
2024-12-25 11:00:00,18514.360374286807,18259.019202171396,17184.572828575554
2024-12-25 12:00:00,18002.10463859472,18431.623689154476,17154.90313852519
2024-12-25 13:00:00,18002.10463859472,18431.623689154476,16946.71807859146
2024-12-25 14:00:00,18318.2435272796,17976.507275795848,16639.54263124604
2024-12-25 15:00:00,18422.661632315656,17781.314751106947,16639.54263124604
2024-12-25 16:00:00,18636.17595920285,17781.314751106947,16909.260350041368
2024-12-25 17:00:00,18715.077412412462,18221.22053183867,17118.182894238802
2024-12-25 18:00:00,19623.241663522967,18671.75450733364,18057.52902372842
2024-12-25 19:00:00,19972.83047009502,19165.601170912323,18904.48422193366
2024-12-25 20:00:00,19986.921784686852,19504.435262629173,18942.794414082284
2024-12-25 21:00:00,19972.83047009502,19600.363783022032,18942.794414082284
2024-12-25 22:00:00,19903.172185420575,19504.435262629173,18854.710240239026
2024-12-25 23:00:00,19825.05985304198,19373.02717649905,18548.57566753099
2024-12-26 00:00:00,19805.71092773591,19225.404507942672,18374.83838742711
2024-12-26 01:00:00,18556.598315577416,18861.888827857023,17900.420805336827
2024-12-26 02:00:00,18648.7198246024,18738.92847418735,17782.127813511324
2024-12-26 03:00:00,18439.226966698414,18619.735480727704,17196.364566229335
2024-12-26 04:00:00,18429.763322170616,18520.008300282116,16934.40625693018
2024-12-26 05:00:00,18046.254446979612,18220.641966629144,16760.07281667012
2024-12-26 06:00:00,18429.763322170616,18220.641966629144,16641.824311832235
2024-12-26 07:00:00,18046.254446979612,18133.705868637535,16641.824311832235
2024-12-26 08:00:00,18039.745817880903,17936.430743986217,16575.577050013388
2024-12-26 09:00:00,17752.9183778244,17936.430743986217,16575.577050013388
2024-12-26 10:00:00,17385.25707108439,17913.69100461843,16444.768476310375
2024-12-26 11:00:00,16899.168101465268,16446.272021176865,15635.490310094334
2024-12-26 12:00:00,15400.528853289108,15887.816696866725,14926.067418384508
2024-12-26 13:00:00,14626.86476952492,15887.033670452021,14858.046944255377
2024-12-26 14:00:00,14121.709945489794,15635.765639359854,14639.43125611714
2024-12-26 15:00:00,13620.679208379632,14951.35405356919,13756.914316594552
2024-12-26 16:00:00,13613.262169451289,14951.35405356919,13756.914316594552
2024-12-26 17:00:00,13620.679208379632,15039.119975774669,13895.767457302849
2024-12-26 18:00:00,14207.424738288537,15684.043835202814,14921.959156776124
2024-12-26 19:00:00,14207.424738288537,16221.805596355745,15326.166906134964
2024-12-26 20:00:00,14207.424738288537,16318.745290949388,15355.527635062823
2024-12-26 21:00:00,14278.743932425612,16318.745290949388,15326.166906134964
2024-12-26 22:00:00,14278.743932425612,15660.646062185504,15266.352374379363
2024-12-26 23:00:00,14318.069670830515,15660.646062185504,15266.352374379363
2024-12-27 00:00:00,14409.86002209334,15748.9648896826,15109.126112966169
2024-12-27 01:00:00,15420.585118795909,16594.38560626675,16046.93091960485
2024-12-27 02:00:00,15328.8970154553,16708.629417487937,16127.324183699442
2024-12-27 03:00:00,15277.232725164828,16957.184629370342,16538.32037993792
2024-12-27 04:00:00,15105.73686717003,17230.299824172027,16554.80452002398
2024-12-27 05:00:00,15105.73686717003,17230.299824172027,16554.80452002398
2024-12-27 06:00:00,14962.863569722187,16571.32454349661,15517.482658039264
2024-12-27 07:00:00,14962.863569722187,16571.32454349661,15517.482658039264
2024-12-27 08:00:00,14977.026456034397,16265.142498265317,15030.923947349063
2024-12-27 09:00:00,14977.026456034397,16265.142498265317,14336.33207681838
2024-12-27 10:00:00,13619.343882020132,15357.480519681081,13737.810167537205
2024-12-27 11:00:00,13431.093062507256,14372.697126559739,12639.45479405036
2024-12-27 12:00:00,13334.363704719552,14372.697126559739,12567.103384175814
2024-12-27 13:00:00,13334.363704719552,14587.924052607797,12639.45479405036
2024-12-27 14:00:00,13974.125800119704,15253.289816017237,12759.788424810848
2024-12-27 15:00:00,15001.815451933682,17016.54573474846,15283.814804863932
2024-12-27 16:00:00,15433.98150228479,17485.186914428148,15923.634005178343
2024-12-27 17:00:00,15433.98150228479,17485.186914428148,15923.634005178343
2024-12-27 18:00:00,15491.399454661014,17266.926172569965,15285.824878398387
2024-12-27 19:00:00,15491.399454661014,17066.440284203774,15188.753749489773
2024-12-27 20:00:00,16205.486130985813,17066.440284203774,15285.824878398387
2024-12-27 21:00:00,16668.83736045605,18088.443274110512,15475.51890621883
2024-12-27 22:00:00,16668.83736045605,18088.443274110512,15475.51890621883
2024-12-27 23:00:00,16404.060976176806,18189.22774866647,15005.273463470021
2024-12-28 00:00:00,16203.399765198628,18029.207092151035,14905.50889814306
2024-12-28 01:00:00,16764.97854499098,18645.636061625562,14951.335173283838
2024-12-28 02:00:00,16687.2781748806,18589.578399906,14991.224595685499
2024-12-28 03:00:00,16447.232989950702,18327.803002847,15016.934152738115
2024-12-28 04:00:00,16428.3626814362,18250.355133502708,15124.985242714349
2024-12-28 05:00:00,16447.232989950702,17739.57983443054,15372.60520412673
2024-12-28 06:00:00,16598.375961706635,17739.57983443054,16137.486676147219
2024-12-28 07:00:00,16616.557450385128,18504.86665209021,16452.18670737624
2024-12-28 08:00:00,16934.267214493153,19504.599498239473,16787.672510428547
2024-12-28 09:00:00,16934.267214493153,19504.599498239473,16787.672510428547
2024-12-28 10:00:00,16781.070382110658,18830.83469140636,16675.174247338742
2024-12-28 11:00:00,16454.90646306375,18525.791314261005,16477.104530355646
2024-12-28 12:00:00,15607.96384497307,17234.827315749033,15593.877506117604
2024-12-28 13:00:00,15536.430605375124,17031.658849179985,15380.76275802349
2024-12-28 14:00:00,15224.45527026305,15998.390887792968,15189.403290328573
2024-12-28 15:00:00,14889.472021637004,15335.971625894857,14068.608854987877
2024-12-28 16:00:00,14889.472021637004,15335.971625894857,14068.608854987877
2024-12-28 17:00:00,15559.567578755483,16455.643088563153,14810.512102520592
2024-12-28 18:00:00,16585.87582668099,17202.238873615566,16733.980217177475
2024-12-28 19:00:00,17015.367761803172,17691.768432018984,17465.52387424495
2024-12-28 20:00:00,17332.754581731053,18168.85419539928,17661.58194287728
2024-12-28 21:00:00,17527.88121412089,18523.516731467746,17699.1687404545
2024-12-28 22:00:00,17535.085185105876,18585.589595410223,17780.92444149928
2024-12-28 23:00:00,17528.08720230213,18722.926723737775,17699.1687404545
2024-12-29 00:00:00,17531.586193704003,18852.266074505795,17699.701726112773
2024-12-29 01:00:00,17808.083172282546,18957.504509847706,17665.326428421064
2024-12-29 02:00:00,17709.62935686944,18922.894373025203,17637.99608022812
2024-12-29 03:00:00,17457.4293134124,18629.493308048975,17574.10526160718
2024-12-29 04:00:00,17323.08438313468,18446.93450050146,17155.023104014348
2024-12-29 05:00:00,17290.25782159515,18034.99054760488,16975.079632781075
2024-12-29 06:00:00,17151.369845964444,17791.89585814956,16907.148734684393
2024-12-29 07:00:00,16727.529541793723,17390.342066250167,16846.84009349707
2024-12-29 08:00:00,16239.08443942793,17069.30068733925,15873.492538844022
2024-12-29 09:00:00,16002.75166738789,16895.53347943004,14382.23189331892
2024-12-29 10:00:00,14263.534976631894,16639.09639867505,13400.417113709049
2024-12-29 11:00:00,13578.62367836469,15588.79105441136,13180.546564594628
2024-12-29 12:00:00,12751.095044876747,14039.199522121,12163.417892846246
2024-12-29 13:00:00,12221.318044637947,13949.420090072299,11561.486304505606
2024-12-29 14:00:00,12221.318044637947,13755.60258184266,11561.486304505606
2024-12-29 15:00:00,12477.87781104942,13949.420090072299,12209.880106598754
2024-12-29 16:00:00,14770.574390756703,14565.228545150963,13749.379109212221
2024-12-29 17:00:00,15550.475929743548,15649.817052771623,15375.345544520687
2024-12-29 18:00:00,16021.665382468436,16338.751364659522,15525.648850478425
2024-12-29 19:00:00,17418.48497179243,17856.853341684087,17125.69432841311
2024-12-29 20:00:00,17418.48497179243,17856.853341684087,17125.69432841311
2024-12-29 21:00:00,16986.985358608268,17110.569600358263,16566.12867476591
2024-12-29 22:00:00,15566.80009360256,16659.984215043663,16487.25267853388
2024-12-29 23:00:00,13732.43794137252,16461.627974695537,15253.401702626386
2024-12-30 00:00:00,13680.394290575925,16428.779065246108,15035.124060842301
2024-12-30 01:00:00,14959.178853596111,16353.422729760245,14951.508483872572
2024-12-30 02:00:00,15232.600387961671,16465.88953579816,15383.5722066335
2024-12-30 03:00:00,17133.685984628668,17209.52038251861,16185.736069604527
2024-12-30 04:00:00,17148.42277938373,18294.27757060159,16525.44297698442
2024-12-30 05:00:00,17739.042250219794,18295.43056656567,16968.87546678345
2024-12-30 06:00:00,17946.114809349947,18586.072275676386,17040.352175411106
2024-12-30 07:00:00,18824.02012569491,19223.400009108325,17843.920882539467
2024-12-30 08:00:00,19091.505678954418,19411.488458198604,18128.416402324994
2024-12-30 09:00:00,19091.505678954418,19411.595186539,18128.416402324994
2024-12-30 10:00:00,19091.505678954418,19411.595186539,17791.873981065623
2024-12-30 11:00:00,19172.604494359235,19285.200450811055,17791.873981065623
2024-12-30 12:00:00,19280.30411736345,19285.200450811055,17690.97336950619
2024-12-30 13:00:00,19340.834218403703,19285.200450811055,17417.35915571599
2024-12-30 14:00:00,19340.834218403703,19281.101241102573,17274.461902717227
2024-12-30 15:00:00,19292.6968977844,19239.809809431896,17274.461902717227
2024-12-30 16:00:00,19164.421972418393,19212.09936979888,17288.108628957038
2024-12-30 17:00:00,19164.421972418393,19212.09936979888,17483.49150081265
2024-12-30 18:00:00,19309.750766958925,19373.528993092135,17969.8609896788
2024-12-30 19:00:00,19525.145614717105,19526.839776275283,18314.655500747896
2024-12-30 20:00:00,19525.145614717105,19526.839776275283,18314.655500747896
2024-12-30 21:00:00,19525.15089733264,19368.80822734528,18239.751082096464
2024-12-30 22:00:00,19508.393008621395,19368.80822734528,17995.455209063453
2024-12-30 23:00:00,19525.15089733264,19399.974593435392,17880.920867016495
2024-12-31 00:00:00,19580.878493054883,19460.86846322443,17563.713054097687
2024-12-31 01:00:00,17525.560919599127,17730.851413995053,15762.132994350428
2024-12-31 02:00:00,16857.665384715903,17304.731851586643,15239.10035182421
2024-12-31 03:00:00,16234.330034930326,16726.941183830793,14615.695859541394
2024-12-31 04:00:00,15660.40991293907,16501.713079143305,13748.75379795131
2024-12-31 05:00:00,15083.243312285758,15234.499334601704,13343.151513360752
2024-12-31 06:00:00,14640.912866185094,14343.238766468534,12901.022434451917
2024-12-31 07:00:00,14640.912866185094,14343.238766468534,12901.022434451917
2024-12-31 08:00:00,14781.678320229952,15629.30391517962,13583.781219638146
2024-12-31 09:00:00,14781.678320229952,16691.670416906814,14209.765001026006
2024-12-31 10:00:00,14314.268954160789,16691.670416906814,14209.765001026006
2024-12-31 11:00:00,14126.736675387965,15676.25605422412,13891.576131618562
2024-12-31 12:00:00,11774.333611782418,13187.354271025004,11211.584189622428
2024-12-31 13:00:00,9390.567225481595,9642.79285331926,7478.449697589669
2024-12-31 14:00:00,9026.286064478803,8984.570684468366,7478.449697589669
2024-12-31 15:00:00,9026.286064478803,8984.570684468366,7653.8095755813965
2024-12-31 16:00:00,9831.927507853386,9562.894589482583,7664.315488888407
2024-12-31 17:00:00,10622.068460371123,10928.964061746157,8452.594060040781
2024-12-31 18:00:00,11941.85106766741,14023.16861948127,11237.87622940019
2024-12-31 19:00:00,13155.429746686574,15530.400296445552,12876.880197710287
2024-12-31 20:00:00,15047.660782391802,16900.847447867836,14206.882357766732
2024-12-31 21:00:00,16289.228025725166,18101.211880753595,15116.395957496754
2024-12-31 22:00:00,16443.15720860777,18101.211880753595,15116.395957496754
2024-12-31 23:00:00,16576.59232820516,18101.211880753595,15116.395957496754
2025-01-01 00:00:00,17270.415925526657,18088.573921399453,16158.666973846579
