forecast_kst_dtm,kpx_group_1,kpx_group_2,kpx_group_3
2024-01-01 01:00:00,2984.535095669691,1517.4076304108257,891.3658491088345
2024-01-01 02:00:00,2935.467659832584,1558.6282881858224,833.2814628320209
2024-01-01 03:00:00,2692.383625396247,1738.063676485568,833.2814628320209
2024-01-01 04:00:00,2692.383625396247,1807.256806531621,1245.732483353478
2024-01-01 05:00:00,2690.543021344467,1908.3433155040293,1451.9777881456778
2024-01-01 06:00:00,2717.675003542605,1978.0180277035888,1483.1989528567137
2024-01-01 07:00:00,2875.0657787440177,2063.224681294463,1535.2626569054694
2024-01-01 08:00:00,3095.32696492546,2246.5428941984264,1493.48798711794
2024-01-01 09:00:00,3095.32696492546,2252.1855567419243,1493.48798711794
2024-01-01 10:00:00,2931.6089688593747,2246.5428941984264,1493.48798711794
2024-01-01 11:00:00,2784.709675295855,2319.234939156644,1743.309377379576
2024-01-01 12:00:00,2931.6089688593747,2435.917685041126,2112.594735061657
2024-01-01 13:00:00,3600.491799086558,2799.0214258227716,2257.383820495169
2024-01-01 14:00:00,3600.491799086558,3283.455803562003,2315.341366726298
2024-01-01 15:00:00,3606.6033440530264,3437.1274024563772,2694.4466672638137
2024-01-01 16:00:00,3606.6033440530264,3497.3808043318986,2760.2750575299146
2024-01-01 17:00:00,5227.83073995991,5845.040574635894,3653.247780959176
2024-01-01 18:00:00,10648.763011141167,10400.910941985527,7970.415908121116
2024-01-01 19:00:00,15315.656052481549,14590.95297519936,12872.778635044238
2024-01-01 20:00:00,17178.069605663073,17152.28475358602,14632.30694068753
2024-01-01 21:00:00,17256.012440272178,17561.246722463737,15843.637950750835
2024-01-01 22:00:00,17256.012440272178,18219.55989497316,15843.637950750835
2024-01-01 23:00:00,16795.39662307546,18219.55989497316,15715.544618178208
2024-01-02 00:00:00,16467.714055011464,18101.7884428666,15621.947939644358
2024-01-02 01:00:00,18669.231465148143,19736.512632519916,17223.796640185814
2024-01-02 02:00:00,18583.20621361425,19632.896033771005,16880.060108781257
2024-01-02 03:00:00,17329.78501114173,19380.774835718534,16852.14431070521
2024-01-02 04:00:00,17329.78501114173,18643.951104786047,16451.215735169702
2024-01-02 05:00:00,17856.02598900233,18643.951104786047,16852.14431070521
2024-01-02 06:00:00,17856.02598900233,18807.822393754413,16451.215735169702
2024-01-02 07:00:00,17231.40326230592,18807.822393754413,16000.255952480124
2024-01-02 08:00:00,17218.113286172975,17746.9427910903,15583.4813491346
2024-01-02 09:00:00,16457.40774687039,17413.28690324472,15040.77125033296
2024-01-02 10:00:00,16455.37471529,17413.28690324472,14918.658327638821
2024-01-02 11:00:00,16455.37471529,18233.08111779167,14918.658327638821
2024-01-02 12:00:00,16830.069185208024,18233.08111779167,14918.658327638821
2024-01-02 13:00:00,16830.069185208024,17748.534822425976,14845.79326952858
2024-01-02 14:00:00,16389.16741302457,17563.6565428779,14235.53924252828
2024-01-02 15:00:00,15950.755996872678,16788.224602498813,13924.094514813687
2024-01-02 16:00:00,15428.059110357604,16550.16282772412,13756.405565034775
2024-01-02 17:00:00,14699.796861109118,16550.16282772412,12566.760946795946
2024-01-02 18:00:00,14058.753515070224,16300.75043607847,12063.352143428958
2024-01-02 19:00:00,13610.002645371798,15012.143973057975,10854.487126381948
2024-01-02 20:00:00,13296.409920600161,13586.56387271944,10173.574689868308
2024-01-02 21:00:00,11760.786184532755,12033.590135451104,9113.78733650459
2024-01-02 22:00:00,9623.5579158472,9532.964745058902,6980.767491374674
2024-01-02 23:00:00,9465.772162607056,8888.084864780842,6953.940159672319
2024-01-03 00:00:00,9334.831877800676,8758.720822127969,6581.538771800175
2024-01-03 01:00:00,7586.342984912402,7199.999104228724,5864.28119027148
2024-01-03 02:00:00,8027.691329930827,7455.732250840673,6090.187469936775
2024-01-03 03:00:00,8840.018410813602,9064.751315700916,6284.589769024631
2024-01-03 04:00:00,8840.018410813602,9064.751315700916,6493.667627338528
2024-01-03 05:00:00,8666.594619675798,8651.209589747295,6284.589769024631
2024-01-03 06:00:00,6800.272407662696,6475.658425350786,5324.261306777271
2024-01-03 07:00:00,6800.272407662696,6475.658425350786,5324.261306777271
2024-01-03 08:00:00,7101.865183265302,7172.175690755746,5614.758427379808
2024-01-03 09:00:00,8372.769206612982,8840.504380450442,6727.00508982911
2024-01-03 10:00:00,9957.962187775734,10545.212821927471,7363.526244686929
2024-01-03 11:00:00,10343.253813632291,10824.737489687914,9237.92792105198
2024-01-03 12:00:00,10380.331045335806,10824.737489687914,9237.92792105198
2024-01-03 13:00:00,10590.424731205787,10669.461547009458,9394.361168330244
2024-01-03 14:00:00,10659.001640516308,10669.461547009458,9394.361168330244
2024-01-03 15:00:00,11506.655451296085,11442.997649802408,10409.560334374535
2024-01-03 16:00:00,11506.655451296085,11491.66101253268,10601.787756521426
2024-01-03 17:00:00,11566.13417503896,12203.94538269783,10734.075490134339
2024-01-03 18:00:00,12038.562316817985,13874.166801240945,11796.672323261231
2024-01-03 19:00:00,12115.676057359036,13874.166801240945,11796.672323261231
2024-01-03 20:00:00,12038.562316817985,13558.428239799769,11313.568961057492
2024-01-03 21:00:00,10354.806817707744,12311.241788021109,10091.32298650154
2024-01-03 22:00:00,8963.489338099644,11281.868312523815,8120.643437988326
2024-01-03 23:00:00,8963.489338099644,11281.868312523815,7996.905086450589
2024-01-04 00:00:00,8627.918784894551,11332.435597617972,8058.774262219457
2024-01-04 01:00:00,7579.7153569256925,7980.59656670052,6570.921018311471
2024-01-04 02:00:00,8161.364228569077,8479.334212184285,6859.97264502634
2024-01-04 03:00:00,9730.81091025989,10196.155978410297,7591.366844821589
2024-01-04 04:00:00,10635.33510665068,11574.304662426759,8180.808144446383
2024-01-04 05:00:00,10846.65580330748,11971.893436021219,8276.515255333436
2024-01-04 06:00:00,11139.366056788933,12318.172707863458,8994.712781527362
2024-01-04 07:00:00,13872.134258861088,13866.871048144232,10595.074516494336
2024-01-04 08:00:00,14965.483844801036,14869.903211493509,11528.83259964162
2024-01-04 09:00:00,14965.483844801036,15455.138155857669,12265.62920622486
2024-01-04 10:00:00,14864.852288797898,15455.138155857669,12265.62920622486
2024-01-04 11:00:00,13177.714744933712,14584.293022363408,11564.780028922243
2024-01-04 12:00:00,12124.748842083962,12915.075142857302,11013.777604382225
2024-01-04 13:00:00,12124.748842083962,12915.075142857302,11013.777604382225
2024-01-04 14:00:00,13129.863232041393,13280.06016969197,12479.05023310828
2024-01-04 15:00:00,14286.604024728667,14710.921006618328,13486.931657738009
2024-01-04 16:00:00,14946.229229689317,14862.515566055112,14045.03590107643
2024-01-04 17:00:00,16369.048817671544,16180.815221780518,15153.849056233319
2024-01-04 18:00:00,17547.722032719932,17407.53771119672,16650.39671324342
2024-01-04 19:00:00,17656.601592885145,18426.723725364496,17451.224020124602
2024-01-04 20:00:00,19116.42836672211,19239.442354519488,18337.38290795984
2024-01-04 21:00:00,20048.185886302916,19331.8737813015,18506.0340605642
2024-01-04 22:00:00,20048.185886302916,19331.8737813015,18506.0340605642
2024-01-04 23:00:00,19850.192161835457,19331.8737813015,18506.0340605642
2024-01-05 00:00:00,19659.322416288338,19121.139640490634,18489.38699421998
2024-01-05 01:00:00,20740.418052487687,19983.384009374433,18470.84963801298
2024-01-05 02:00:00,20744.3325321971,20007.910104522438,18325.77519455869
2024-01-05 03:00:00,21209.112374861135,20007.910104522438,18290.32387615647
2024-01-05 04:00:00,21283.233248744527,19906.16599179164,17861.697248101984
2024-01-05 05:00:00,21283.233248744527,19876.14589596056,17734.459285596637
2024-01-05 06:00:00,20622.50930076579,19790.537065527948,17439.85910103739
2024-01-05 07:00:00,20622.50930076579,19319.082035985215,17084.443463108175
2024-01-05 08:00:00,20591.24916815827,19316.072366604094,17084.443463108175
2024-01-05 09:00:00,20410.46765294169,19254.100654731286,17084.443463108175
2024-01-05 10:00:00,20068.51284760689,19133.93254765642,16803.468317176445
2024-01-05 11:00:00,19718.70074440443,18923.088904755314,16694.957578360216
2024-01-05 12:00:00,19457.232455257887,18349.73592965534,16371.975124230057
2024-01-05 13:00:00,19457.232455257887,18300.131272122813,16371.975124230057
2024-01-05 14:00:00,18605.168344884834,17281.174088397493,15642.325331545811
2024-01-05 15:00:00,16941.468151854704,17207.95488026404,15463.591358630432
2024-01-05 16:00:00,15762.81966117502,16000.729835797181,14656.904506230188
2024-01-05 17:00:00,15611.986856223164,15535.634104483786,14348.699296608347
2024-01-05 18:00:00,15489.853890047156,15475.201872558346,14247.420470179099
2024-01-05 19:00:00,14721.268039340792,15038.877062361227,13818.24763727863
2024-01-05 20:00:00,14684.288669183654,14960.20748863734,13806.078826252682
2024-01-05 21:00:00,14126.617311599523,14864.335900140959,13424.051300875184
2024-01-05 22:00:00,13785.620963503314,14653.39852022347,12623.417029061904
2024-01-05 23:00:00,13003.868537486564,14620.41192886031,12339.05912042068
2024-01-06 00:00:00,12879.668828409316,14467.88672968346,12032.05091315903
2024-01-06 01:00:00,13311.972180142628,14522.036931838502,12265.657537181643
2024-01-06 02:00:00,12497.228720038382,13527.340835735631,12036.562397914164
2024-01-06 03:00:00,11438.71736089875,13162.528363729314,11223.447126680483
2024-01-06 04:00:00,11128.739762864103,12587.083250723199,10351.158642503573
2024-01-06 05:00:00,10979.706803113435,11971.126104124414,9325.504607066068
2024-01-06 06:00:00,10445.879048546412,11755.803290597622,9234.445158960349
2024-01-06 07:00:00,9845.75916180441,11538.53389259382,9045.373684241946
2024-01-06 08:00:00,9579.003007409272,10875.34064482688,8466.92597139184
2024-01-06 09:00:00,9501.589491508754,9944.738955613691,7839.606571786252
2024-01-06 10:00:00,7354.2481653494215,8218.276787463485,5741.312476897898
2024-01-06 11:00:00,7354.2481653494215,7610.698908790303,5741.312476897898
2024-01-06 12:00:00,7511.309820939971,7378.574320186876,6159.670062877904
2024-01-06 13:00:00,8103.007446586455,6904.104006519916,6540.5940870908835
2024-01-06 14:00:00,8202.598253129774,7082.227437587213,6540.5940870908835
2024-01-06 15:00:00,8417.851108645737,7082.227437587213,6698.485215542211
2024-01-06 16:00:00,8202.598253129774,8066.01995786675,6530.290616146422
2024-01-06 17:00:00,8398.963505993896,8095.7324686743605,6814.513433038175
2024-01-06 18:00:00,8398.963505993896,8465.407335884567,7218.1422505604305
2024-01-06 19:00:00,8996.054015769012,8613.454878507813,7675.409508762566
2024-01-06 20:00:00,8996.054015769012,8976.824288778003,7735.670801309614
2024-01-06 21:00:00,9012.628968807017,8976.824288778003,7735.670801309614
2024-01-06 22:00:00,9052.81725877316,8976.824288778003,8052.463613466057
2024-01-06 23:00:00,9371.415901169923,9262.26767426284,8296.718382242514
2024-01-07 00:00:00,9727.821704950224,9967.307495045447,8497.051366523454
2024-01-07 01:00:00,9983.243976246653,9394.64601661308,8874.32790296074
2024-01-07 02:00:00,10388.356901661758,9446.891400270848,9049.493222035167
2024-01-07 03:00:00,11123.109392334298,10010.928549201552,9264.536806623782
2024-01-07 04:00:00,11123.109392334298,10378.194400317992,9714.165222141837
2024-01-07 05:00:00,11123.109392334298,10378.194400317992,9714.165222141837
2024-01-07 06:00:00,11306.59655774757,10378.194400317992,9838.871822965728
2024-01-07 07:00:00,11602.101774183697,11677.372590432346,10569.901203917168
2024-01-07 08:00:00,12144.83943427086,12889.129144524488,10631.663030412246
2024-01-07 09:00:00,14172.369362908568,14058.299045944927,12047.507524502793
2024-01-07 10:00:00,14622.568531209934,15828.203474941864,13568.860343851522
2024-01-07 11:00:00,14634.969632046146,15873.38279993629,13568.860343851522
2024-01-07 12:00:00,15070.510058005671,16301.465091406199,13682.120372112075
2024-01-07 13:00:00,15070.510058005671,16436.091770501138,14120.685562899724
2024-01-07 14:00:00,15111.252029394082,16893.27097256056,14120.685562899724
2024-01-07 15:00:00,15128.184265115582,16893.27097256056,13999.00376703717
2024-01-07 16:00:00,15128.184265115582,15615.999981907651,13769.265790082822
2024-01-07 17:00:00,14696.701397161578,15607.597090162348,13637.615531887623
2024-01-07 18:00:00,14329.828759268592,15319.446148207753,13345.745856856178
2024-01-07 19:00:00,14239.529161714647,14558.600430571052,13238.65401640029
2024-01-07 20:00:00,12602.237858852835,12995.342872869784,11583.669304602394
2024-01-07 21:00:00,9767.480651016682,11007.132250818744,8097.7677684068685
2024-01-07 22:00:00,9213.80676706922,9004.81342555175,6664.503970063041
2024-01-07 23:00:00,8343.59094115907,7207.354583339117,5907.6408297826
2024-01-08 00:00:00,7861.999566963689,6964.606340921282,5754.07129315936
2024-01-08 01:00:00,7317.224173138077,6433.507317635871,5287.673463354136
2024-01-08 02:00:00,7542.244223,6515.769448553258,5305.420608536951
2024-01-08 03:00:00,8042.244586318075,6927.965726061625,5531.777683641518
2024-01-08 04:00:00,8220.206035844598,6947.6789853847295,5637.92214415034
2024-01-08 05:00:00,8545.578500029782,7422.907048566605,5637.92214415034
2024-01-08 06:00:00,8811.340160713025,8967.68548643979,6156.36102307746
2024-01-08 07:00:00,9702.818909911462,8967.68548643979,6684.022993165996
2024-01-08 08:00:00,9702.818909911462,8750.355964725342,6684.022993165996
2024-01-08 09:00:00,9114.32529020797,8480.198481783671,6282.583950801249
2024-01-08 10:00:00,8179.22754517802,8480.198481783671,5590.838080504784
2024-01-08 11:00:00,7660.251086617763,8505.68719345464,5590.838080504784
2024-01-08 12:00:00,7521.472072293149,8629.58164643654,5615.654704100164
2024-01-08 13:00:00,7521.472072293149,8700.25233181876,5714.785527036771
2024-01-08 14:00:00,7634.965775958388,8700.25233181876,6549.113445537418
2024-01-08 15:00:00,7720.168936682258,9423.240978524767,6630.59477539066
2024-01-08 16:00:00,9482.48833656582,9453.360117201042,7298.843029237079
2024-01-08 17:00:00,12547.913024009924,12821.858574067248,11328.161717427342
2024-01-08 18:00:00,16780.280319033074,16703.556329902625,15221.423965369086
2024-01-08 19:00:00,18265.597912027097,17785.738797696213,16727.004238508143
2024-01-08 20:00:00,18752.027693242955,18436.34824814807,17309.326231139028
2024-01-08 21:00:00,19247.578805368285,18863.674372593065,17386.19744268865
2024-01-08 22:00:00,19503.68390521718,19157.749073440158,17889.81576956656
2024-01-08 23:00:00,19612.179440796484,19285.202562571038,17437.05945213974
2024-01-09 00:00:00,19700.769393215996,19336.407652827005,17663.43761085315
2024-01-09 01:00:00,19308.06235708946,19612.484130677938,17157.75695948873
2024-01-09 02:00:00,19078.00886233944,19859.490038192045,17059.525627458825
2024-01-09 03:00:00,18761.12811346163,19859.490038192045,17059.525627458825
2024-01-09 04:00:00,18663.6634857343,19826.26852941575,16993.506821495474
2024-01-09 05:00:00,18442.949876459505,19782.21998047726,16908.550092725753
2024-01-09 06:00:00,17525.00238153072,19431.118564110035,16383.15828351842
2024-01-09 07:00:00,16487.289665857632,19082.261862907373,15822.747636613445
2024-01-09 08:00:00,16361.125169575782,18579.637151695355,15071.427228766246
2024-01-09 09:00:00,16013.555070999111,18296.32614677566,14970.298964178046
2024-01-09 10:00:00,13958.559858265939,16055.31280001772,12104.83601595433
2024-01-09 11:00:00,10106.82748027688,12885.069118856962,8114.682590214494
2024-01-09 12:00:00,7934.039025176651,9246.947041680138,6213.063427685102
2024-01-09 13:00:00,7934.039025176651,9246.947041680138,6213.063427685102
2024-01-09 14:00:00,7934.039025176651,9629.58605544315,6213.063427685102
2024-01-09 15:00:00,7290.227527100546,9629.58605544315,6098.015123961802
2024-01-09 16:00:00,6737.290760928309,9259.426061064896,6058.913890853398
2024-01-09 17:00:00,6737.290760928309,9259.426061064896,6058.913890853398
2024-01-09 18:00:00,6634.477419121432,9853.471346860044,7379.961037189696
2024-01-09 19:00:00,6608.098162674587,9853.471346860044,7379.961037189696
2024-01-09 20:00:00,6372.187640996448,9634.393564575783,6963.306439107919
2024-01-09 21:00:00,6372.187640996448,9513.363891336798,6963.306439107919
2024-01-09 22:00:00,5378.54558054366,7703.585701098224,6922.9169833639035
2024-01-09 23:00:00,4810.408257020675,7240.765061917497,6776.786664161414
2024-01-10 00:00:00,4703.465541541549,6482.109102557495,5730.9694350710815
2024-01-10 01:00:00,3681.841556324195,3291.88986416802,2964.552710000339
2024-01-10 02:00:00,3449.941482263568,3091.5458281090487,2808.711575637811
2024-01-10 03:00:00,3449.941482263568,3091.5458281090487,2808.711575637811
2024-01-10 04:00:00,3532.77631129938,3431.082272862657,3131.0834235358648
2024-01-10 05:00:00,3532.77631129938,3782.6012166297423,3131.0834235358648
2024-01-10 06:00:00,3223.6187170432095,3783.3517262118803,3039.9250591622344
2024-01-10 07:00:00,3215.744833740917,3968.3441429410577,3001.4753864335407
2024-01-10 08:00:00,3201.6674701286756,4159.701806230674,2980.2375718184453
2024-01-10 09:00:00,3131.8710910912832,4159.701806230674,2911.2038825297836
2024-01-10 10:00:00,2877.414457909379,3939.013242703313,2401.1039991824478
2024-01-10 11:00:00,2877.414457909379,3939.013242703313,2401.1039991824478
2024-01-10 12:00:00,3163.0779923619884,3939.013242703313,2401.1039991824478
2024-01-10 13:00:00,3163.0779923619884,3252.8923949745003,2307.8573681076828
2024-01-10 14:00:00,3011.7244714226144,3218.319986396027,2307.8573681076828
2024-01-10 15:00:00,2615.810829040054,2845.9308398180237,2205.620618819915
2024-01-10 16:00:00,2615.810829040054,2838.837173986147,2222.0780260567076
2024-01-10 17:00:00,3465.7700703582777,2731.7798372976995,2222.0780260567076
2024-01-10 18:00:00,3493.8303062603463,2838.837173986147,2810.745624089845
2024-01-10 19:00:00,3753.6857356252403,3386.943969499025,3434.416383651935
2024-01-10 20:00:00,4242.379939374241,4690.844584249939,3666.7261883591004
2024-01-10 21:00:00,5015.1182330884,5484.432679963313,4385.424370921691
2024-01-10 22:00:00,6239.250805759793,7229.23481566634,5899.740896531332
2024-01-10 23:00:00,8248.560089399689,8961.563337945037,7426.3302800563715
2024-01-11 00:00:00,8641.452375231484,9718.511611638063,7613.246221475396
2024-01-11 01:00:00,15318.822954831436,16578.731094153445,13555.978067318334
2024-01-11 02:00:00,17052.014980624837,17370.627697621043,14877.187218559877
2024-01-11 03:00:00,17957.517096403688,18664.657318579237,16935.741445600706
2024-01-11 04:00:00,18149.153286338646,19410.2688469085,17524.7971068944
2024-01-11 05:00:00,18773.52832302671,19998.168578490597,18327.819422772205
2024-01-11 06:00:00,19172.669445361636,19998.168578490597,18327.819422772205
2024-01-11 07:00:00,19416.753341038748,19646.201203377208,18083.102489819303
2024-01-11 08:00:00,19416.753341038748,19646.201203377208,18083.102489819303
2024-01-11 09:00:00,19416.753341038748,20232.101721130406,18043.2570156494
2024-01-11 10:00:00,19367.535960699086,20232.101721130406,18043.2570156494
2024-01-11 11:00:00,18110.24635470574,19766.578971343533,17101.800045553216
2024-01-11 12:00:00,17689.421200105775,19055.2275359326,16752.475681548967
2024-01-11 13:00:00,17588.777661327487,18662.10665064682,16660.369839940886
2024-01-11 14:00:00,17588.777661327487,18315.729165070326,16392.93996396603
2024-01-11 15:00:00,17940.608895252913,18315.729165070326,16392.93996396603
2024-01-11 16:00:00,18029.59663984387,18920.405338803685,16574.72367218275
2024-01-11 17:00:00,18225.197118581862,19299.5599346893,16574.72367218275
2024-01-11 18:00:00,18531.200105372656,19730.51972166012,16998.998774356525
2024-01-11 19:00:00,18506.95000422032,19730.51972166012,16833.32041902792
2024-01-11 20:00:00,18506.95000422032,19192.176069614514,16998.998774356525
2024-01-11 21:00:00,18463.672382541856,18951.507131058926,16833.32041902792
2024-01-11 22:00:00,18324.343732256544,18301.76338340778,16712.090235163465
2024-01-11 23:00:00,17309.226901144648,18301.76338340778,16572.825091178413
2024-01-12 00:00:00,16942.602276074787,18302.352276143803,16501.308813854826
2024-01-12 01:00:00,16934.386769684315,18464.63451136306,16446.325931921325
2024-01-12 02:00:00,16776.23540044154,18464.913327676455,16350.772506430014
2024-01-12 03:00:00,16765.449666352535,18661.384971056956,16094.955506721113
2024-01-12 04:00:00,16453.38046626943,18863.081223279467,16055.10600482
2024-01-12 05:00:00,16453.38046626943,18880.258532575815,16055.10600482
2024-01-12 06:00:00,15169.459181779801,18863.081223279467,15985.899973397893
2024-01-12 07:00:00,15065.8906975006,18880.258532575815,15883.591052310985
2024-01-12 08:00:00,14801.867513214755,18594.925542525467,15777.717593304118
2024-01-12 09:00:00,14801.867513214755,17643.955594996874,15420.692180494314
2024-01-12 10:00:00,12157.724942744595,14504.338311788382,12258.794806945922
2024-01-12 11:00:00,9384.916648338025,11432.78994519026,8689.061781354838
2024-01-12 12:00:00,6942.636231174674,10175.343896812657,7093.369528913182
2024-01-12 13:00:00,6942.636231174674,8470.035053070947,6600.549960450545
2024-01-12 14:00:00,7104.999871966522,8470.035053070947,6600.549960450545
2024-01-12 15:00:00,8316.646052935404,8971.990444025661,7462.943696012087
2024-01-12 16:00:00,9519.138237584111,10966.805292329529,9185.454461816973
2024-01-12 17:00:00,12133.954777633006,12757.26178106455,11055.69781686242
2024-01-12 18:00:00,13635.688703613207,14623.918355948737,12850.115566584274
2024-01-12 19:00:00,14413.524415757835,16034.61030360845,13916.988015212919
2024-01-12 20:00:00,14629.856716998285,16354.210479644496,14917.895777497137
2024-01-12 21:00:00,14950.207298862353,17171.92037508879,15384.305015816499
2024-01-12 22:00:00,14950.207298862353,17171.92037508879,15384.305015816499
2024-01-12 23:00:00,14069.901874635156,16841.777191143996,14633.945916725028
2024-01-13 00:00:00,13746.747615132535,16568.140815667364,14096.437102819302
2024-01-13 01:00:00,14453.026126609282,17299.775917881605,14157.328934231886
2024-01-13 02:00:00,14555.501866691733,17118.99502465058,14221.970063523077
2024-01-13 03:00:00,14650.279568767315,17118.99502465058,14221.970063523077
2024-01-13 04:00:00,14833.152281326475,16810.696358073328,14565.512200117548
2024-01-13 05:00:00,14833.152281326475,16810.696358073328,14565.512200117548
2024-01-13 06:00:00,14656.209893320965,16421.890805434345,14028.10988282667
2024-01-13 07:00:00,13629.090019615453,15347.97183590132,12660.614830765799
2024-01-13 08:00:00,10674.92180511595,10609.420191958583,8927.942990530482
2024-01-13 09:00:00,5191.541562968212,5316.014232333242,2941.5298833605184
2024-01-13 10:00:00,3452.002330217685,4181.340848832135,1878.9847080063803
2024-01-13 11:00:00,2456.91510885593,2780.1528139636903,1610.8662411239247
2024-01-13 12:00:00,2437.0369067233787,2753.8930161710286,1610.8662411239247
2024-01-13 13:00:00,2437.0369067233787,2616.7966152048793,1650.1300064393597
2024-01-13 14:00:00,2359.37308427298,2666.6482112464037,1650.1300064393597
2024-01-13 15:00:00,2359.37308427298,2593.4791718592696,1536.6865394388046
2024-01-13 16:00:00,2407.6496601980652,2593.4791718592696,1536.6865394388046
2024-01-13 17:00:00,2947.447595258669,2593.4791718592696,1899.2034439651677
2024-01-13 18:00:00,3637.602636567648,3362.1478386215895,3059.434996030482
2024-01-13 19:00:00,3851.7911543080427,3913.990308021599,3097.6270402082164
2024-01-13 20:00:00,5309.616254556983,4712.848732204067,4171.317061179114
2024-01-13 21:00:00,5995.097611683113,6376.585849431604,5112.97633699842
2024-01-13 22:00:00,8295.084501472618,10952.504856117466,6364.75000238625
2024-01-13 23:00:00,11590.956056870835,14044.95210406669,10618.881499350544
2024-01-14 00:00:00,12676.91861573798,15149.509936876704,12062.982002735906
2024-01-14 01:00:00,16567.69302128999,17564.177994149508,15557.243142973226
2024-01-14 02:00:00,17757.952586364365,18558.92152976045,16725.606043114407
2024-01-14 03:00:00,18698.01618565738,19358.246453646094,16951.956493000427
2024-01-14 04:00:00,18698.01618565738,19358.246453646094,16951.956493000427
2024-01-14 05:00:00,18424.62979124277,18781.580842059433,16880.873338750163
2024-01-14 06:00:00,18424.62979124277,18781.580842059433,16880.873338750163
2024-01-14 07:00:00,19630.421142630963,19319.7982925539,17586.322540988156
2024-01-14 08:00:00,19630.421142630963,19808.038789635895,17799.817806093404
2024-01-14 09:00:00,18574.604616339417,19808.038789635895,17799.817806093404
2024-01-14 10:00:00,17722.162252973827,19641.29476692638,17297.714255403713
2024-01-14 11:00:00,17289.928184961143,19222.380342361346,16564.61684586726
2024-01-14 12:00:00,16930.462154643646,19222.380342361346,16564.61684586726
2024-01-14 13:00:00,16737.329839332728,19460.68793004378,16089.645673706209
2024-01-14 14:00:00,15840.469151227378,19460.68793004378,16580.72124726014
2024-01-14 15:00:00,15724.411164073941,19375.608101631027,16277.896581150777
2024-01-14 16:00:00,15377.953226049078,19037.91874435392,16277.896581150777
2024-01-14 17:00:00,15377.953226049078,18060.461180594397,16275.124121847855
2024-01-14 18:00:00,15377.953226049078,16782.78857660755,15609.015303277876
2024-01-14 19:00:00,13362.478853437606,14986.192302529631,13392.885766301926
2024-01-14 20:00:00,11266.05826967209,13307.637329043671,10135.823129550812
2024-01-14 21:00:00,10941.433437862725,12121.479138073755,9589.672364245936
2024-01-14 22:00:00,6785.205046203018,8785.494785064975,6346.0050231256455
2024-01-14 23:00:00,5676.745861612328,6258.8576746558965,5093.094311792204
2024-01-15 00:00:00,5454.065856349847,5597.8971027337575,4795.011578988389
2024-01-15 01:00:00,4094.8133747990723,3571.716795556672,3145.6546499669575
2024-01-15 02:00:00,4206.554964666466,3406.919089860763,3261.614155984793
2024-01-15 03:00:00,4259.21700432065,3406.919089860763,3261.614155984793
2024-01-15 04:00:00,4584.993032401709,3508.7951029552205,3468.4285888673594
2024-01-15 05:00:00,4962.663402532748,4103.521445006574,3720.0973261696404
2024-01-15 06:00:00,5567.931489622008,4463.558768940906,3963.723212628348
2024-01-15 07:00:00,5989.729577810033,5377.862991723952,4489.652472723619
2024-01-15 08:00:00,6142.758882840353,5731.647548685965,4514.287247744062
2024-01-15 09:00:00,6142.758882840353,5731.647548685965,4514.287247744062
2024-01-15 10:00:00,4688.624021936221,5731.647548685965,4348.403574766493
2024-01-15 11:00:00,4688.624021936221,5806.8564269496055,4224.818379019066
2024-01-15 12:00:00,5129.521923103458,5963.469309113045,4348.403574766493
2024-01-15 13:00:00,5670.7826368528295,6255.619571288561,4648.801476581368
2024-01-15 14:00:00,6346.783595412349,7270.823984745789,4967.804843021652
2024-01-15 15:00:00,6346.783595412349,7270.823984745789,4967.804843021652
2024-01-15 16:00:00,6202.536644700917,7204.52818993057,4631.265017988192
2024-01-15 17:00:00,5901.962728424143,6593.065295248964,4312.504411304545
2024-01-15 18:00:00,5901.962728424143,6593.065295248964,4312.504411304545
2024-01-15 19:00:00,6396.000613701074,6785.117559447014,4587.544010936334
2024-01-15 20:00:00,6396.000613701074,6785.117559447014,4631.047340062886
2024-01-15 21:00:00,6396.000613701074,6417.996253952521,4631.047340062886
2024-01-15 22:00:00,6293.212148153129,6309.978801376129,4548.47107051721
2024-01-15 23:00:00,5657.005745372386,5277.176067011544,4076.6853568253473
2024-01-16 00:00:00,5245.336337074228,4817.236680666358,3552.449073041431
2024-01-16 01:00:00,11600.871439797094,11876.668137732755,7504.153013635498
2024-01-16 02:00:00,11344.367303907546,11634.496664329086,7247.629718540734
2024-01-16 03:00:00,7888.218785663258,7588.091657458854,4178.613638347597
2024-01-16 04:00:00,5622.193214060021,4512.770933537506,2794.921994974153
2024-01-16 05:00:00,4289.889977028172,3308.1640753648717,2283.876777394336
2024-01-16 06:00:00,4289.889977028172,3308.1640753648717,2283.876777394336
2024-01-16 07:00:00,4266.282309100547,3308.1640753648717,2012.7219782731859
2024-01-16 08:00:00,4266.282309100547,3376.3383576478627,2325.7457095179934
2024-01-16 09:00:00,3953.15259507918,3294.8684995478798,2325.7457095179934
2024-01-16 10:00:00,3239.3727347909316,3478.6873820086566,2325.7457095179934
2024-01-16 11:00:00,3239.3727347909316,3539.524525133047,2190.881811087944
2024-01-16 12:00:00,3453.17492189101,3789.4753668577614,2190.881811087944
2024-01-16 13:00:00,3995.1695157529466,3539.524525133047,2210.8309232538436
2024-01-16 14:00:00,4138.796865422706,3279.5303440103835,2210.8309232538436
2024-01-16 15:00:00,4107.662012907782,3279.5303440103835,2325.4429880150624
2024-01-16 16:00:00,4262.18701707163,3706.636131504367,2367.830982635546
2024-01-16 17:00:00,5044.710376919089,4739.814228084384,3331.589921104845
2024-01-16 18:00:00,9118.802008791683,8454.43229876021,7539.344097726042
2024-01-16 19:00:00,13094.45086038947,12962.38930275304,10970.346823784936
2024-01-16 20:00:00,14521.79079274471,14818.790238510566,12770.167871637113
2024-01-16 21:00:00,15824.634463669829,16348.936304673705,13716.506835951039
2024-01-16 22:00:00,16236.867542506405,16659.81457644264,14420.5065211284
2024-01-16 23:00:00,17017.2472735873,17244.872309917577,15457.936741269175
2024-01-17 00:00:00,17876.726807023046,17885.420958779403,15899.074164226833
2024-01-17 01:00:00,19828.406181445585,19676.276287830096,18072.047942028308
2024-01-17 02:00:00,19783.314560737956,20041.438902449612,18130.14684491468
2024-01-17 03:00:00,19783.314560737956,20066.78903933455,18158.722679763665
2024-01-17 04:00:00,20244.69583615802,20248.143240797704,18161.062929415282
2024-01-17 05:00:00,20244.69583615802,20537.92176074424,18161.062929415282
2024-01-17 06:00:00,20089.37530137513,20537.92176074424,17938.63808947196
2024-01-17 07:00:00,20089.37530137513,20356.340111485595,17818.37807301881
2024-01-17 08:00:00,20089.37530137513,20248.89010972654,17636.084821426008
2024-01-17 09:00:00,18097.79796604995,18571.858985239047,16495.045243826993
2024-01-17 10:00:00,17409.40180758239,18454.354860317173,16495.045243826993
2024-01-17 11:00:00,17409.40180758239,18454.354860317173,16589.392584129466
2024-01-17 12:00:00,17686.797954978032,18679.576143016107,16740.307479972314
2024-01-17 13:00:00,17728.63860664385,18810.04275803887,17067.086979826166
2024-01-17 14:00:00,17686.797954978032,18810.04275803887,16740.307479972314
2024-01-17 15:00:00,16629.690734953623,17810.55486371241,15877.939844171622
2024-01-17 16:00:00,15893.156196536813,16851.035781768987,15407.381836151035
2024-01-17 17:00:00,15749.896441614372,16742.76183357677,14624.12482336949
2024-01-17 18:00:00,15661.930461577838,16851.035781768987,14624.12482336949
2024-01-17 19:00:00,15456.480697510207,17083.214190333507,14763.427642802882
2024-01-17 20:00:00,15456.480697510207,17511.558532359577,14763.427642802882
2024-01-17 21:00:00,15017.666914354195,17511.558532359577,14598.738752781315
2024-01-17 22:00:00,14740.814304941028,17434.19698758648,13979.503625501382
2024-01-17 23:00:00,14373.10356326716,17146.397527743793,13788.194170275026
2024-01-18 00:00:00,14148.647624956291,16900.40203358973,13583.556007251951
2024-01-18 01:00:00,11370.875309433057,14580.040961141975,11582.621754053198
2024-01-18 02:00:00,11423.653068262418,14321.482007897846,11271.546442778254
2024-01-18 03:00:00,11423.653068262418,13301.21087329126,11072.912427842832
2024-01-18 04:00:00,9214.000949810721,10574.828145841491,8096.117075555306
2024-01-18 05:00:00,7097.164678251834,8119.220655576873,5963.3504527123605
2024-01-18 06:00:00,4595.172415407319,5487.995443642232,3838.5172344051507
2024-01-18 07:00:00,4244.657069444118,5268.146589041637,3258.5881617453992
2024-01-18 08:00:00,3450.6122435526904,3237.800051217544,3012.166073036885
2024-01-18 09:00:00,3132.0190770609806,2203.925772738283,2343.5502910128694
2024-01-18 10:00:00,3057.486073063221,2171.150135086178,2114.8819357905177
2024-01-18 11:00:00,2591.521056829346,2203.925772738283,1740.5237918291866
2024-01-18 12:00:00,2584.587312506499,2816.475408925704,1740.5237918291866
2024-01-18 13:00:00,2591.521056829346,2977.0481009312352,1959.3545043333256
2024-01-18 14:00:00,2783.3977209936475,3446.3009899096287,2041.8207661833233
2024-01-18 15:00:00,3488.6840700545126,3843.959174104408,2416.072515128148
2024-01-18 16:00:00,4524.572259153095,4277.473884451356,3621.1097206187314
2024-01-18 17:00:00,5404.9933546407465,5841.998158099854,4919.059917006098
2024-01-18 18:00:00,6586.311836929459,7689.1031766468595,7287.208258840051
2024-01-18 19:00:00,7034.907850708591,8326.826601031324,7787.69730281974
2024-01-18 20:00:00,7034.907850708591,8326.826601031324,7787.69730281974
2024-01-18 21:00:00,5961.717958751815,7911.100740680013,6235.403278760616
2024-01-18 22:00:00,5483.944551933364,7560.922103608626,5701.34965938953
2024-01-18 23:00:00,5194.135486563297,6582.560072453715,5030.066052245515
2024-01-19 00:00:00,5149.317172762726,6193.51998839465,4965.1945626462375
2024-01-19 01:00:00,5329.127409026729,6811.464336787083,5264.008750945868
2024-01-19 02:00:00,5189.992322056633,6399.851663122767,4929.390280956575
2024-01-19 03:00:00,4688.0006908475625,5897.192753852052,4519.334000562668
2024-01-19 04:00:00,4192.082676869768,5201.785631342813,4396.933900729353
2024-01-19 05:00:00,3829.9434189761123,4835.696417104144,3932.938485327245
2024-01-19 06:00:00,3710.4251671790753,4503.86025633409,3633.9735481932835
2024-01-19 07:00:00,3703.0069982886052,4318.817075085053,3160.956137286251
2024-01-19 08:00:00,3322.1364529664224,3551.054655845768,2931.149850292553
2024-01-19 09:00:00,3098.166724412964,3446.159164391309,2851.881631800827
2024-01-19 10:00:00,2709.0400987657704,3427.2823277106945,2823.7553523666425
2024-01-19 11:00:00,2637.976958079951,3060.0406442360836,2618.3147123837184
2024-01-19 12:00:00,2637.976958079951,2769.7739399909806,2449.738217648532
2024-01-19 13:00:00,2452.0165110310118,2769.7739399909806,2449.738217648532
2024-01-19 14:00:00,2327.3527490075885,2950.5777040241373,2455.240110810947
2024-01-19 15:00:00,2327.3527490075885,3006.350134965902,2760.539309574458
2024-01-19 16:00:00,2732.3346049230204,3017.0018589676583,2880.7474367474338
2024-01-19 17:00:00,2845.568383637117,3359.711895147153,2880.7474367474338
2024-01-19 18:00:00,3025.0969944395147,3504.578104805527,2888.118894605292
2024-01-19 19:00:00,3033.121179743701,3573.073760969586,3024.21358506587
2024-01-19 20:00:00,3340.9296969404822,4201.006334256594,3234.164971243492
2024-01-19 21:00:00,3344.186688172109,4465.326418234921,3555.353653087863
2024-01-19 22:00:00,3635.5182456029634,5255.998083179506,4324.500842740959
2024-01-19 23:00:00,3702.6259330778557,5306.982204882559,4336.846159383192
2024-01-20 00:00:00,4108.36390390116,5965.257015906851,4674.580411209232
2024-01-20 01:00:00,6471.501638373351,8640.14880442855,6911.647519846951
2024-01-20 02:00:00,7185.978787365117,9416.518868121235,7376.147550367077
2024-01-20 03:00:00,7259.771374047967,9900.53413415269,7449.373344417779
2024-01-20 04:00:00,8526.442535310498,11095.839607445545,9098.168868916626
2024-01-20 05:00:00,9164.196938737412,11266.516088841847,9362.790331815737
2024-01-20 06:00:00,9429.788867209558,11435.25109430628,9797.380778012852
2024-01-20 07:00:00,9429.788867209558,11266.516088841847,9797.380778012852
2024-01-20 08:00:00,9070.625283156915,11012.398693046776,9053.373688152195
2024-01-20 09:00:00,8530.661404100709,10406.123910009157,9016.161772490923
2024-01-20 10:00:00,8044.713176896581,10406.123910009157,8750.46684492657
2024-01-20 11:00:00,8044.713176896581,10406.123910009157,8529.575382313578
2024-01-20 12:00:00,8044.713176896581,9991.987485745054,8529.575382313578
2024-01-20 13:00:00,7986.4614005004005,9870.301794943838,8529.575382313578
2024-01-20 14:00:00,7985.907723632294,9870.301794943838,8623.096075887945
2024-01-20 15:00:00,7986.4614005004005,9990.581430099435,9051.754830012022
2024-01-20 16:00:00,9477.301748192496,10825.221363488901,10133.168784386029
2024-01-20 17:00:00,9996.294486379458,11801.742303599589,10672.070007202252
2024-01-20 18:00:00,10728.636162894963,12128.255836418948,11191.940961784894
2024-01-20 19:00:00,10728.636162894963,12992.21524893876,11466.938263350632
2024-01-20 20:00:00,10678.126964084482,12992.21524893876,11466.938263350632
2024-01-20 21:00:00,10326.238849190837,12709.19288395324,11134.694092811344
2024-01-20 22:00:00,9722.596689949089,11755.232485012535,10309.432146441914
2024-01-20 23:00:00,9508.98672241703,11755.232485012535,10028.682927848928
2024-01-21 00:00:00,9115.305553706312,11462.953178096252,10023.485904985464
2024-01-21 01:00:00,10637.904555251822,12688.353700318734,11682.728474829346
2024-01-21 02:00:00,10456.490605571365,12366.137384431557,11528.091113977538
2024-01-21 03:00:00,9306.067747726574,11367.129190758744,10151.222138494395
2024-01-21 04:00:00,8983.170485362134,10437.200747655399,10000.846326153589
2024-01-21 05:00:00,8761.019351893709,10024.73737230747,8875.646545344247
2024-01-21 06:00:00,6858.3495892072115,8379.964665274598,7424.030851108135
2024-01-21 07:00:00,5301.670323148466,6542.813474995656,6181.104346933441
2024-01-21 08:00:00,4541.902303173383,4914.271824789317,4360.303449180812
2024-01-21 09:00:00,4253.91387451642,4886.245200624986,3997.483773166584
2024-01-21 10:00:00,3036.1393283176785,3704.735850696752,2222.4478923066204
2024-01-21 11:00:00,2915.7474520443902,3268.2647896840317,2222.4478923066204
2024-01-21 12:00:00,2830.719191117887,3055.331134928807,2209.474009000429
2024-01-21 13:00:00,2821.6107093157243,2921.688739267667,2302.337854628962
2024-01-21 14:00:00,2740.921417149859,2679.383562410294,2209.474009000429
2024-01-21 15:00:00,2487.7614535629273,2349.4513862168387,1845.7029800043185
2024-01-21 16:00:00,2459.493097157143,2147.9485313334517,1845.7029800043185
2024-01-21 17:00:00,2459.493097157143,2147.9485313334517,1789.7149885133874
2024-01-21 18:00:00,2586.8693497507084,2181.940429439619,1957.9086370789933
2024-01-21 19:00:00,2646.784636110602,2278.789151944735,1957.9086370789933
2024-01-21 20:00:00,3139.3657007044294,2375.3196439406456,2344.4620809940675
2024-01-21 21:00:00,4019.3096486947597,3292.84277851522,2831.755221414074
2024-01-21 22:00:00,4843.782615405847,4275.1351087180865,3949.0557920563683
2024-01-21 23:00:00,5073.278241509462,7251.266594338018,4300.70793165843
2024-01-22 00:00:00,5238.677850165708,7559.021995057752,4703.79170345839
2024-01-22 01:00:00,9352.570266232447,10860.353827098832,9025.304344560904
2024-01-22 02:00:00,10365.183715418767,12134.795763546974,9619.084689699217
2024-01-22 03:00:00,12886.406914958528,14284.24716668534,11795.189027337907
2024-01-22 04:00:00,15532.610617153674,16628.394802636434,15102.544484403988
2024-01-22 05:00:00,16159.56889939977,18263.0618884476,16294.310709164167
2024-01-22 06:00:00,17081.773817178833,18263.0618884476,16779.61051139208
2024-01-22 07:00:00,17113.315985610097,18263.0618884476,16875.011921411577
2024-01-22 08:00:00,17351.57777191164,18171.654462574545,16875.011921411577
2024-01-22 09:00:00,17351.57777191164,17844.20659259336,16129.935413279323
2024-01-22 10:00:00,16595.23661292114,17414.45880249753,15223.299993107372
2024-01-22 11:00:00,16269.509010859652,17349.391404259786,14831.116135438777
2024-01-22 12:00:00,15907.963117825588,16323.018619921299,14774.622841779274
2024-01-22 13:00:00,15649.699054122491,16323.018619921299,13953.035386195634
2024-01-22 14:00:00,15349.194781502783,16815.600968068313,13699.425886616826
2024-01-22 15:00:00,15349.194781502783,16958.166269156976,13699.425886616826
2024-01-22 16:00:00,15270.726754543408,17216.949796216137,14272.648365233636
2024-01-22 17:00:00,15206.666389178354,18287.53036777757,14545.245736638535
2024-01-22 18:00:00,14691.191567841643,18298.060849177768,15107.663787464968
2024-01-22 19:00:00,14445.834767670647,18494.68007202972,15259.512323784671
2024-01-22 20:00:00,14445.834767670647,18494.68007202972,15400.23330904813
2024-01-22 21:00:00,15101.369180535115,18224.300226903757,15818.21952137247
2024-01-22 22:00:00,15101.369180535115,17989.84828295411,15818.21952137247
2024-01-22 23:00:00,14857.16731578261,17860.31454123286,15454.513453892438
2024-01-23 00:00:00,14690.54056764011,17770.614801556578,14919.837710219008
2024-01-23 01:00:00,14576.614967283824,17649.022301508994,14012.801816612668
2024-01-23 02:00:00,15091.662825347154,17331.85338496883,14356.216648074893
2024-01-23 03:00:00,15267.675182924579,18012.173738684516,14534.750598962095
2024-01-23 04:00:00,15820.500583923402,18587.66342786998,14804.672878261337
2024-01-23 05:00:00,16568.15604226499,18905.365595890165,15968.712538268504
2024-01-23 06:00:00,16579.17603832682,18905.365595890165,16130.475783792623
2024-01-23 07:00:00,16613.062987569167,18879.964368418645,16225.127685774884
2024-01-23 08:00:00,16613.062987569167,18751.661675088166,16501.25714370777
2024-01-23 09:00:00,16442.27006565711,18751.661675088166,16501.25714370777
2024-01-23 10:00:00,15710.010118914017,18751.661675088166,15516.75500880274
2024-01-23 11:00:00,15305.052453427605,17904.791094838056,15033.799966071114
2024-01-23 12:00:00,15305.052453427605,16890.116510975888,14421.084709700264
2024-01-23 13:00:00,15410.587423020643,16608.436502108805,14092.362663886855
2024-01-23 14:00:00,15410.587423020643,16519.807693341205,14130.89776155474
2024-01-23 15:00:00,15292.406870953046,16519.807693341205,14130.89776155474
2024-01-23 16:00:00,15292.406870953046,16790.083325368003,14130.89776155474
2024-01-23 17:00:00,15558.463763716944,17342.586816983036,14523.935939265695
2024-01-23 18:00:00,15603.619252175124,18759.94435628443,14525.707200964976
2024-01-23 19:00:00,15603.619252175124,18853.79421944525,15427.109658688258
2024-01-23 20:00:00,15568.111999049515,19324.20141964734,15824.953773810112
2024-01-23 21:00:00,15377.145471048052,19672.164729474607,15824.953773810112
2024-01-23 22:00:00,15377.145471048052,19672.164729474607,15669.571585634554
2024-01-23 23:00:00,15881.161335246768,19278.923673120084,15189.178165134002
2024-01-24 00:00:00,16015.343155974511,18910.7486266012,15157.690440424822
2024-01-24 01:00:00,16733.64685551862,18529.890393575064,14590.32504395195
2024-01-24 02:00:00,16863.749991614848,18578.623477313493,14478.774587649981
2024-01-24 03:00:00,16991.275705300126,18590.664843223705,14701.875500253918
2024-01-24 04:00:00,18053.740915464186,19816.420995558725,15141.753614491035
2024-01-24 05:00:00,18053.740915464186,19861.35278246257,15141.753614491035
2024-01-24 06:00:00,17993.1276606152,20343.989428188637,15543.847851350514
2024-01-24 07:00:00,17832.9453019032,20343.989428188637,14944.176558024728
2024-01-24 08:00:00,17436.48716384427,19306.049848936207,14944.176558024728
2024-01-24 09:00:00,14418.17175965889,16982.585842784712,13583.830152247016
2024-01-24 10:00:00,11339.148968690903,13770.141646572794,10693.850573447926
2024-01-24 11:00:00,7586.528032301287,9658.717299981898,7206.103282632753
2024-01-24 12:00:00,7511.136624493039,8076.496398972416,6776.787470794723
2024-01-24 13:00:00,6849.016879396859,7748.640258839267,6400.587452191169
2024-01-24 14:00:00,6849.016879396859,7733.046828275844,5898.331467627959
2024-01-24 15:00:00,7115.039482197626,7488.232122325445,5865.072687083299
2024-01-24 16:00:00,7325.4843078729655,7488.232122325445,5719.122618981453
2024-01-24 17:00:00,7439.572239040162,7203.633329429641,5719.122618981453
2024-01-24 18:00:00,7635.940359273509,7203.633329429641,5905.103906709705
2024-01-24 19:00:00,7730.210541439112,7368.700271574487,5914.457649017032
2024-01-24 20:00:00,9457.237698057415,9132.308186718805,6971.929511976783
2024-01-24 21:00:00,9499.693260718626,9625.113934701572,7364.118302509369
2024-01-24 22:00:00,9499.693260718626,9625.113934701572,7364.118302509369
2024-01-24 23:00:00,8534.701427612405,8223.836391185823,6472.213981526264
2024-01-25 00:00:00,8510.31779662313,8181.397131518019,6151.501618154762
2024-01-25 01:00:00,10408.534820511402,9823.691512734233,7854.991676457556
2024-01-25 02:00:00,11345.14887688547,10645.02695625064,8591.057726143155
2024-01-25 03:00:00,11814.922009735088,11085.491620633855,8659.802278709285
2024-01-25 04:00:00,11814.922009735088,11085.491620633855,8591.057726143155
2024-01-25 05:00:00,11429.476363129095,10207.558914359932,8264.180979755836
2024-01-25 06:00:00,10798.230941916083,9500.595437434997,7354.221336333458
2024-01-25 07:00:00,10569.346028160613,9147.544610827408,7120.843992088669
2024-01-25 08:00:00,10447.628090022074,8728.154037180422,7120.843992088669
2024-01-25 09:00:00,10072.61510679817,8654.566201596888,7120.843992088669
2024-01-25 10:00:00,8832.429696636389,8549.131014300836,6132.406145105423
2024-01-25 11:00:00,7950.866168084973,7527.011476133076,5211.534507504189
2024-01-25 12:00:00,6265.414632328663,6070.817910463973,4365.615898083099
2024-01-25 13:00:00,5292.415728734088,5003.51640955029,3694.879830266743
2024-01-25 14:00:00,5292.415728734088,5003.51640955029,3694.879830266743
2024-01-25 15:00:00,6026.232125953118,6236.757560759342,4378.491927136201
2024-01-25 16:00:00,6866.068038001622,6935.08903380494,4500.2781830858
2024-01-25 17:00:00,7638.975973945245,8196.595412480816,5570.785500576362
2024-01-25 18:00:00,8968.41945238872,11637.163309856876,7443.799601337417
2024-01-25 19:00:00,12415.482967888654,13931.219885555161,10286.635799584545
2024-01-25 20:00:00,14608.501470361822,15709.537555297129,12072.393270813129
2024-01-25 21:00:00,15559.299741484732,17881.584566559108,13875.908493214394
2024-01-25 22:00:00,15559.299741484732,17881.584566559108,13875.908493214394
2024-01-25 23:00:00,15559.299741484732,17669.74278326607,13407.472760347817
2024-01-26 00:00:00,15471.956164513724,17524.61078333359,13344.702680099941
2024-01-26 01:00:00,13907.755259740765,15250.861894072963,12317.066008121968
2024-01-26 02:00:00,14673.274666009434,15945.96114927743,13022.669557271925
2024-01-26 03:00:00,16559.37596227554,18395.59885742267,14518.701842491211
2024-01-26 04:00:00,17489.151487653195,19099.84081581528,15218.98703501302
2024-01-26 05:00:00,17731.278833770244,19284.18766869756,15390.438970509591
2024-01-26 06:00:00,17731.278833770244,19284.18766869756,15390.438970509591
2024-01-26 07:00:00,17624.343908687373,18445.22394532339,14563.542370240822
2024-01-26 08:00:00,16439.401593807077,18078.4695243668,14151.057355491865
2024-01-26 09:00:00,14528.945704850785,16364.878922034068,12516.069964894405
2024-01-26 10:00:00,12732.006710930507,15602.77062835403,10482.625196703957
2024-01-26 11:00:00,9289.498381070107,11521.413352035232,7665.041896677739
2024-01-26 12:00:00,7556.580221993923,8970.533224892744,5862.292143043293
2024-01-26 13:00:00,6988.855216123178,7747.517642904989,5506.292568511616
2024-01-26 14:00:00,6633.720312849911,7378.15743832004,5172.773498249571
2024-01-26 15:00:00,6699.613772387362,7747.517642904989,5506.292568511616
2024-01-26 16:00:00,6699.613772387362,7803.9789075824365,5709.265796661666
2024-01-26 17:00:00,7731.855596657643,8152.706572403833,5852.822229002884
2024-01-26 18:00:00,9730.238309077044,11370.038517472745,8129.135348232676
2024-01-26 19:00:00,12693.539818602223,13780.776579855554,11148.01337090396
2024-01-26 20:00:00,15077.284530693736,16602.52465636413,14114.371008812488
2024-01-26 21:00:00,15834.557745515209,17612.47315765824,14114.371008812488
2024-01-26 22:00:00,15834.557745515209,17612.47315765824,13951.649456601743
2024-01-26 23:00:00,16536.367341219488,17671.937360382555,13951.649456601743
2024-01-27 00:00:00,16067.965334224198,17991.335123050136,14046.470692582512
2024-01-27 01:00:00,18224.95503939835,19165.9632713948,16207.637549688034
2024-01-27 02:00:00,18110.266816232022,19092.71743155671,16019.18607198825
2024-01-27 03:00:00,18363.025428092347,18382.726177623204,15719.598103451799
2024-01-27 04:00:00,18110.266816232022,18188.267950823138,15561.940659643793
2024-01-27 05:00:00,17107.42437380573,17688.992466067455,13671.68641455836
2024-01-27 06:00:00,15181.117551974652,16786.104331722323,12975.254635853626
2024-01-27 07:00:00,13278.114974637825,14366.027416135035,10772.580570824754
2024-01-27 08:00:00,12193.670409553033,13379.946502236402,10127.87128952218
2024-01-27 09:00:00,10909.041935607067,12455.861695264597,8852.265546886345
2024-01-27 10:00:00,8362.524156216896,10122.488863811997,6164.021907755956
2024-01-27 11:00:00,7587.136019297285,8738.518650227823,4977.574055748091
2024-01-27 12:00:00,5959.657447867399,6569.404493396871,4008.705710198979
2024-01-27 13:00:00,4809.422474717199,4865.787371383056,2857.7994481818087
2024-01-27 14:00:00,4807.301745622455,4380.611691348975,2818.3967089661837
2024-01-27 15:00:00,4807.301745622455,4362.145881145068,2770.759804287907
2024-01-27 16:00:00,4807.301745622455,4362.145881145068,2770.759804287907
2024-01-27 17:00:00,4913.449062034529,5213.228127743554,3278.830662003365
2024-01-27 18:00:00,5321.781318647607,6028.6245107823715,4213.685545736169
2024-01-27 19:00:00,6123.323016049291,6028.6245107823715,4213.685545736169
2024-01-27 20:00:00,6128.474011517772,6160.6127057848225,4409.753915394805
2024-01-27 21:00:00,6984.20446791301,5866.643498050029,4856.334837848178
2024-01-27 22:00:00,6984.20446791301,5866.643498050029,4856.334837848178
2024-01-27 23:00:00,6183.346543481707,5334.934640781492,4028.6418758692516
2024-01-28 00:00:00,5811.178296596354,4996.534306905625,3934.272615558546
2024-01-28 01:00:00,5275.539999559275,4189.768559771051,3720.2100564391767
2024-01-28 02:00:00,5145.8628346154865,4185.704298617511,3707.032261326751
2024-01-28 03:00:00,5037.323439313698,4185.704298617511,3733.387851551603
2024-01-28 04:00:00,5037.323439313698,4674.460072951662,3947.9764681212487
2024-01-28 05:00:00,5697.180432498255,4995.378482486385,4473.778165176745
2024-01-28 06:00:00,5737.288740152159,5075.3002305465325,4503.094475649553
2024-01-28 07:00:00,6975.2773498453,5892.802303395843,5291.291159297451
2024-01-28 08:00:00,7537.603177278308,6393.029524493133,5634.907743335694
2024-01-28 09:00:00,7537.603177278308,6393.029524493133,5634.907743335694
2024-01-28 10:00:00,6576.015384680983,5239.622892662275,4469.7505029364675
2024-01-28 11:00:00,4621.780622651654,4088.2862676171135,3391.85455966789
2024-01-28 12:00:00,4292.902821665798,4057.0402780577388,3330.123071478879
2024-01-28 13:00:00,4191.762156692488,3901.021763356259,3326.3534000996933
2024-01-28 14:00:00,4027.285398235461,3539.8366476155297,3011.9530593338386
2024-01-28 15:00:00,4027.285398235461,3539.8366476155297,3004.0830451694533
2024-01-28 16:00:00,4181.721925327965,3844.381265058162,3004.0830451694533
2024-01-28 17:00:00,4642.17715230996,3844.381265058162,3041.628642968783
2024-01-28 18:00:00,4916.716264779213,3844.381265058162,3471.6255127329914
2024-01-28 19:00:00,5773.01460380139,4754.115860710188,4392.857727103149
2024-01-28 20:00:00,7873.746395864742,6412.354818656664,5647.98398980451
2024-01-28 21:00:00,7873.746395864742,6412.354818656664,5647.98398980451
2024-01-28 22:00:00,6829.857249725823,5520.479258901285,4996.174326448865
2024-01-28 23:00:00,6829.857249725823,5520.479258901285,4996.174326448865
2024-01-29 00:00:00,7257.482699895265,5775.9624012986915,5003.839153038779
2024-01-29 01:00:00,8736.723655286312,7412.309801470166,6565.327265624122
2024-01-29 02:00:00,9041.564841425672,7664.365793258753,6636.241443939921
2024-01-29 03:00:00,11001.134717485453,8658.763347618926,7895.890025674234
2024-01-29 04:00:00,12171.127363263802,9513.375010563428,8878.976627506148
2024-01-29 05:00:00,13571.02918718797,11667.81027826315,9725.266305640132
2024-01-29 06:00:00,14331.101352418209,12483.548246091907,10816.303687107073
2024-01-29 07:00:00,14331.101352418209,12483.548246091907,10816.303687107073
2024-01-29 08:00:00,13616.371504125258,12224.71556638795,10025.619459119729
2024-01-29 09:00:00,11511.240846802963,10229.469337267607,8403.919262335257
2024-01-29 10:00:00,9431.02958129423,8770.961207375778,6606.855461362423
2024-01-29 11:00:00,7693.5989243885215,6443.553020332412,5352.88893495567
2024-01-29 12:00:00,6766.929434326141,4877.270263642124,4781.625118556436
2024-01-29 13:00:00,5958.31852360967,3954.8962046414454,3714.0445281365824
2024-01-29 14:00:00,5651.3209360990595,3954.8962046414454,3714.0445281365824
2024-01-29 15:00:00,5545.7979787996865,4266.246667687121,3663.627608506847
2024-01-29 16:00:00,4800.539605171163,4266.246667687121,3261.549050134454
2024-01-29 17:00:00,4547.80528011417,3720.420434879843,3146.8892021847523
2024-01-29 18:00:00,4547.80528011417,3720.420434879843,3146.8892021847523
2024-01-29 19:00:00,6119.687152765757,5033.351615368918,4105.875816458797
2024-01-29 20:00:00,7003.662070545137,6269.168634700396,4670.465690246188
2024-01-29 21:00:00,7174.659847901821,6269.168634700396,4817.176880392184
2024-01-29 22:00:00,7196.815603322206,6149.489525369315,4888.099808858698
2024-01-29 23:00:00,7639.730640157413,5706.493543182225,4895.822787556953
2024-01-30 00:00:00,7418.2731217398095,5504.9916060103615,4891.961298207825
2024-01-30 01:00:00,5532.019389364819,3830.314434560968,3309.72385616416
2024-01-30 02:00:00,5669.714653473882,3877.895273500375,3334.208531141861
2024-01-30 03:00:00,5669.714653473882,3877.895273500375,3377.9393645295295
2024-01-30 04:00:00,5531.119967042048,3743.6042017408436,3377.9393645295295
2024-01-30 05:00:00,5356.746399084541,3706.035201167664,3113.4352697698996
2024-01-30 06:00:00,5254.9447927749625,3732.9118875144814,3113.4352697698996
2024-01-30 07:00:00,4683.097891839036,3732.9118875144814,3025.8745284544357
2024-01-30 08:00:00,4683.097891839036,3732.9118875144814,2819.539802476912
2024-01-30 09:00:00,4632.904468109598,3691.784400350556,2716.6232154144063
2024-01-30 10:00:00,4146.532226858864,3610.3610502480733,2033.1670837112315
2024-01-30 11:00:00,4134.370416077281,3608.319172911646,2033.1670837112315
2024-01-30 12:00:00,3544.8303023922163,3408.4012184957137,2192.570729287959
2024-01-30 13:00:00,3457.9878222904135,3397.2430174781675,2192.570729287959
2024-01-30 14:00:00,3457.9878222904135,3397.2430174781675,2283.4123259807034
2024-01-30 15:00:00,3512.7038378403813,3397.2430174781675,2153.548726806653
2024-01-30 16:00:00,3953.3993602333794,3275.6377003820617,2283.4123259807034
2024-01-30 17:00:00,3953.3993602333794,3154.2490863193816,2727.7183267903565
2024-01-30 18:00:00,4380.484201517761,3275.6377003820617,3575.526157726973
2024-01-30 19:00:00,5218.788872126391,3484.4776742297454,3908.914570426175
2024-01-30 20:00:00,5328.2764675365715,4052.1054446627604,4335.944672214641
2024-01-30 21:00:00,5991.115725955826,5991.668781778185,4618.594644652121
2024-01-30 22:00:00,8495.30466377877,8087.612503354024,5910.638793121916
2024-01-30 23:00:00,9976.554125435161,9720.431774078083,7145.323764470042
2024-01-31 00:00:00,11209.44431920846,11408.909053455653,8247.724035888628
2024-01-31 01:00:00,13511.456050024717,14703.434400188566,11118.675270443111
2024-01-31 02:00:00,13634.155239773241,14702.051968966023,11274.001084736015
2024-01-31 03:00:00,13786.479124766094,14702.051968966023,11902.083400588182
2024-01-31 04:00:00,14034.225279995811,14972.16467909876,11902.083400588182
2024-01-31 05:00:00,13786.479124766094,14972.16467909876,11892.557238386305
2024-01-31 06:00:00,13903.125399616352,14321.355393808411,10437.455739421192
2024-01-31 07:00:00,13007.562070896956,13717.116575048616,9827.595024095119
2024-01-31 08:00:00,10890.259347286403,11672.429228276535,7663.890428022877
2024-01-31 09:00:00,8537.668850172053,9432.513257649884,6555.500510872666
2024-01-31 10:00:00,6495.047663445045,8074.592898246715,5117.686553976106
2024-01-31 11:00:00,6388.773633519894,7778.545781048267,5117.686553976106
2024-01-31 12:00:00,6388.773633519894,7222.335769830024,4833.182930447881
2024-01-31 13:00:00,6388.773633519894,6914.595261807065,4762.728108164963
2024-01-31 14:00:00,6640.979228509419,6719.874898873315,4762.728108164963
2024-01-31 15:00:00,6940.4818892016,6738.68035406318,4808.135362747928
2024-01-31 16:00:00,6640.979228509419,6719.874898873315,4808.135362747928
2024-01-31 17:00:00,6979.3352911871825,6738.68035406318,4808.135362747928
2024-01-31 18:00:00,7642.321303407496,7221.4982007147255,5111.761079765388
2024-01-31 19:00:00,8993.478945260791,8202.805275407542,6999.531574962106
2024-01-31 20:00:00,11440.40324956755,10729.921853301126,8607.939435855593
2024-01-31 21:00:00,12360.490058760126,13212.188266567198,10779.193111815335
2024-01-31 22:00:00,14140.52393770646,14299.405476227626,12111.071014177587
2024-01-31 23:00:00,14825.884318449616,15310.602102287756,12430.75938341877
2024-02-01 00:00:00,15097.33579136623,15371.749736442445,12466.484755012212
2024-02-01 01:00:00,14832.49535142001,15382.78473659889,12330.525622825986
2024-02-01 02:00:00,13445.530205712977,14535.462677260406,10655.70944092137
2024-02-01 03:00:00,10894.240218775965,9962.104735079054,7179.54051540214
2024-02-01 04:00:00,7601.664880216478,7172.435947105167,4808.311715740258
2024-02-01 05:00:00,4363.60887590443,5070.543553955569,3340.903380969841
2024-02-01 06:00:00,3024.231289896221,3182.8315886668406,2254.1791265672955
2024-02-01 07:00:00,2230.679883393277,3134.278439746513,2094.8332617138
2024-02-01 08:00:00,2084.732103458702,2414.9941731940708,1705.2184228418973
2024-02-01 09:00:00,1914.8822485763794,2306.447821751284,1654.7028672180786
2024-02-01 10:00:00,1914.8822485763794,2182.3415355248962,1654.7028672180786
2024-02-01 11:00:00,1826.14169962911,1889.462942594757,1537.4983802393485
2024-02-01 12:00:00,1841.6015860077896,2182.3415355248962,1537.4983802393485
2024-02-01 13:00:00,1841.6015860077896,2360.026847587562,1855.7403815219643
2024-02-01 14:00:00,1946.9873654868643,2552.5493851840856,1981.2057582907096
2024-02-01 15:00:00,2292.5848409858227,2699.4349393074535,2547.9677494348425
2024-02-01 16:00:00,2393.3258418970545,2714.536390724532,2589.2805041202537
2024-02-01 17:00:00,2393.3258418970545,2858.1851175645443,2547.9677494348425
2024-02-01 18:00:00,2393.3258418970545,2714.536390724532,2482.5628702172667
2024-02-01 19:00:00,2409.0515560718613,2552.011360105138,2482.5628702172667
2024-02-01 20:00:00,2854.8186880667163,2552.011360105138,2482.5628702172667
2024-02-01 21:00:00,2863.9644445786707,2506.6437354994796,2480.060332909016
2024-02-01 22:00:00,2863.9644445786707,2629.3229689295895,2301.495525563881
2024-02-01 23:00:00,2726.395063113401,2711.951149347329,2301.495525563881
2024-02-02 00:00:00,2694.015053714873,2736.5552970315284,2295.510005614076
2024-02-02 01:00:00,2943.6988919336045,2206.6447864255424,2663.912644317192
2024-02-02 02:00:00,2712.76953382425,2125.0326548736775,2620.484143036044
2024-02-02 03:00:00,2656.399309115124,2125.0326548736775,2692.654999969804
2024-02-02 04:00:00,2656.399309115124,2125.0326548736775,2692.654999969804
2024-02-02 05:00:00,2997.1299950925986,2560.6284898542945,3168.7117528119857
2024-02-02 06:00:00,3330.420827292868,2603.6590710543696,3520.7700939257197
2024-02-02 07:00:00,3606.552268453992,3476.9488584880637,3592.8357916975992
2024-02-02 08:00:00,4035.4577355215897,4209.509898202126,3592.8357916975992
2024-02-02 09:00:00,4035.4577355215897,4209.509898202126,3548.5369858277836
2024-02-02 10:00:00,3867.2940305521897,3629.7157780520774,3288.4309670706284
2024-02-02 11:00:00,3820.232570550761,3319.243962857292,3159.310533075522
2024-02-02 12:00:00,3736.1774328316096,3155.9315996132136,3210.3010851102126
2024-02-02 13:00:00,3445.300606883835,2745.2261574611603,3116.948322442894
2024-02-02 14:00:00,3309.565230397011,2745.2261574611603,3022.285769818935
2024-02-02 15:00:00,3309.565230397011,2594.5502638975213,2407.7581047573644
2024-02-02 16:00:00,3309.565230397011,2586.149408787751,2296.931411156418
2024-02-02 17:00:00,3350.152564719325,2586.149408787751,2407.7581047573644
2024-02-02 18:00:00,3346.419065352633,2859.458298477717,2439.279277035086
2024-02-02 19:00:00,3346.419065352633,2986.103035368238,2497.7386534332845
2024-02-02 20:00:00,3161.9228421988682,2986.103035368238,2497.7386534332845
2024-02-02 21:00:00,3147.117453855253,2986.103035368238,2498.680518367835
2024-02-02 22:00:00,3141.163656644494,3135.2435780272936,2382.4911506330477
2024-02-02 23:00:00,3141.163656644494,3135.2435780272936,2382.4911506330477
2024-02-03 00:00:00,2891.303811654363,3037.5314406459784,2318.2758830005687
2024-02-03 01:00:00,3300.1161354265687,3320.1365946213864,2392.875816865808
2024-02-03 02:00:00,3023.7054048368664,3236.4838246399195,2312.680737793029
2024-02-03 03:00:00,2973.492268152326,3182.6910675261697,2216.1310768594976
2024-02-03 04:00:00,2958.1885280108527,2991.3532596796995,2044.468758943844
2024-02-03 05:00:00,2958.1885280108527,2946.8131628136452,2044.468758943844
2024-02-03 06:00:00,3100.0679090702433,2946.8131628136452,2534.153593855617
2024-02-03 07:00:00,3118.0530309901133,3030.665468860616,2599.101134692333
2024-02-03 08:00:00,3118.0530309901133,3123.235415169751,2599.101134692333
2024-02-03 09:00:00,3118.0530309901133,3169.338146673268,2315.8585682513785
2024-02-03 10:00:00,2987.609841122907,3123.235415169751,2114.2514910517157
2024-02-03 11:00:00,2723.920714533255,3083.6935348644165,1818.2971918842786
2024-02-03 12:00:00,2723.920714533255,2947.149369609657,1545.7282469107568
2024-02-03 13:00:00,2620.8243372073357,2592.84840039116,1545.7282469107568
2024-02-03 14:00:00,2720.0621375774444,2679.0110979790734,1739.6189475437595
2024-02-03 15:00:00,2529.221355604772,2526.570456404348,1843.6944012265103
2024-02-03 16:00:00,2529.221355604772,2679.0110979790734,2119.9715684569724
2024-02-03 17:00:00,2529.221355604772,2680.808202133927,2284.8701792746388
2024-02-03 18:00:00,2980.3826574662526,2711.545687509013,2323.9444031289104
2024-02-03 19:00:00,3177.743171005697,3030.0745137857066,2422.9550045875208
2024-02-03 20:00:00,3276.800771948625,3034.5659277994946,2496.7219087026597
2024-02-03 21:00:00,3601.827568570812,3377.911449844123,2621.1383975392173
2024-02-03 22:00:00,3601.827568570812,3659.814235861306,2642.4049982703214
2024-02-03 23:00:00,3601.827568570812,3659.814235861306,2642.4049982703214
2024-02-04 00:00:00,3592.518119923231,3543.860006288387,2594.1666656009893
2024-02-04 01:00:00,3304.40532164883,3044.3190029872676,2180.790240707129
2024-02-04 02:00:00,3306.8791996330165,3056.275172638123,2349.08606623251
2024-02-04 03:00:00,3367.369147681771,3374.0712746030185,2635.2962977768425
2024-02-04 04:00:00,3517.9130134183615,3374.0712746030185,3373.3347852026604
2024-02-04 05:00:00,3517.9130134183615,3008.694336111588,3373.3347852026604
2024-02-04 06:00:00,3340.3214267597286,3008.694336111588,3069.9674608582577
2024-02-04 07:00:00,3340.3214267597286,3016.353715480571,2798.9972258183707
2024-02-04 08:00:00,3324.502299700167,3016.353715480571,2798.9972258183707
2024-02-04 09:00:00,3214.0558092508672,2760.034180488632,2355.438203528913
2024-02-04 10:00:00,3102.8396419976543,2446.2391312872987,2240.641909095821
2024-02-04 11:00:00,2543.348008106521,2446.2391312872987,2191.7891406166204
2024-02-04 12:00:00,2538.409169156668,2400.9395296988296,2074.163149937664
2024-02-04 13:00:00,2538.409169156668,2413.0062038186443,2074.163149937664
2024-02-04 14:00:00,2586.767620803834,2413.0062038186443,2095.4290125395546
2024-02-04 15:00:00,2592.961154678229,2413.0062038186443,2095.4290125395546
2024-02-04 16:00:00,2592.961154678229,2351.533777153458,2088.7358990768757
2024-02-04 17:00:00,2592.961154678229,2351.533777153458,2088.7358990768757
2024-02-04 18:00:00,2567.990546189323,2589.5290675905144,2170.125022659651
2024-02-04 19:00:00,2629.1822300061685,2644.578211440614,2170.125022659651
2024-02-04 20:00:00,2658.576104657237,2821.3474150996444,2192.922923942971
2024-02-04 21:00:00,2829.7928141822176,2821.3474150996444,2211.920113474282
2024-02-04 22:00:00,2867.3174811823465,2821.3474150996444,2211.920113474282
2024-02-04 23:00:00,2924.192959904034,2812.9656906320997,2191.615459830149
2024-02-05 00:00:00,2989.2532930352054,2794.244192023293,2163.436904577524
2024-02-05 01:00:00,6132.148503691475,7295.503978096785,4928.277495010252
2024-02-05 02:00:00,7414.420291725965,8227.578764669859,5950.149274009766
2024-02-05 03:00:00,8971.204648656183,9465.634466750098,7448.993695583759
2024-02-05 04:00:00,9944.203753507352,11050.045725001537,9961.740830754434
2024-02-05 05:00:00,12737.187063501058,13682.356091057813,12541.694342285033
2024-02-05 06:00:00,16014.686994131122,17090.940342357735,15351.781110743792
2024-02-05 07:00:00,16454.647335765807,17090.940342357735,15418.350877291401
2024-02-05 08:00:00,16454.647335765807,17288.56891765212,15418.350877291401
2024-02-05 09:00:00,16444.50655352307,16657.61482623223,15278.045053650247
2024-02-05 10:00:00,14761.824219704999,16329.669930061053,15265.177331375897
2024-02-05 11:00:00,13849.509326708314,14707.871763867824,14237.525995105127
2024-02-05 12:00:00,13536.77361388625,14704.495479609106,14118.428302458093
2024-02-05 13:00:00,12552.503183277278,13844.27948423562,13024.105614774462
2024-02-05 14:00:00,10928.962086215852,13046.039439271295,12163.632432807257
2024-02-05 15:00:00,9463.915623896464,12151.960666206205,10953.295197568114
2024-02-05 16:00:00,7883.644079429005,9985.841797276822,8993.643863280031
2024-02-05 17:00:00,7177.511541496911,7573.203647334579,6945.2990390569785
2024-02-05 18:00:00,5470.022391675213,6659.263834121339,5298.2444284829435
2024-02-05 19:00:00,4124.455033736373,5264.792602291302,3512.587122782086
2024-02-05 20:00:00,3138.9349490398563,3183.3276765900646,2761.412707989953
2024-02-05 21:00:00,2836.171485684372,2657.4359201613097,2137.7844026452667
2024-02-05 22:00:00,2752.7695468528964,2657.4359201613097,2082.1838564885056
2024-02-05 23:00:00,2752.7695468528964,2618.6283506397813,2033.5747558202206
2024-02-06 00:00:00,2692.214232794254,2701.986378397124,1954.5380113591646
2024-02-06 01:00:00,2817.1866789029264,2876.197135694245,2117.8088806895917
2024-02-06 02:00:00,2877.836718110855,2942.3199413566126,2248.324275702369
2024-02-06 03:00:00,2877.836718110855,2942.3199413566126,2256.0190614598177
2024-02-06 04:00:00,2938.4575424303166,2864.948466434911,2272.7258169215106
2024-02-06 05:00:00,3034.0941018251015,2682.609365242677,2272.7258169215106
2024-02-06 06:00:00,3184.355771530645,2605.815039450954,2238.488545982261
2024-02-06 07:00:00,3184.355771530645,2605.815039450954,2238.488545982261
2024-02-06 08:00:00,3184.355771530645,2636.5170453503306,2623.0745785277168
2024-02-06 09:00:00,3346.8278590427,3135.56117567655,2692.7931163531603
2024-02-06 10:00:00,3346.8278590427,3135.56117567655,2692.7931163531603
2024-02-06 11:00:00,3298.393309831343,2666.7497450118717,2641.2359128190346
2024-02-06 12:00:00,3298.393309831343,2666.7497450118717,2641.2359128190346
2024-02-06 13:00:00,3362.4102394651745,3326.4776485844086,2730.2322915354343
2024-02-06 14:00:00,3645.851989117382,3841.904891594044,2811.6663098169784
2024-02-06 15:00:00,4014.0967135830015,3841.904891594044,2879.3707784032736
2024-02-06 16:00:00,4014.0967135830015,3310.7746929262703,2811.6663098169784
2024-02-06 17:00:00,4079.2703873013106,3310.7746929262703,2879.3707784032736
2024-02-06 18:00:00,4304.3198175202615,3801.591377425819,3296.632469749758
2024-02-06 19:00:00,4499.04300004947,3918.7192948993925,3652.2143605248425
2024-02-06 20:00:00,4689.146674571003,4070.6138822425837,4338.31344173327
2024-02-06 21:00:00,4694.870367923282,4070.6138822425837,4338.31344173327
2024-02-06 22:00:00,5016.2076604111035,4177.8210693390865,4507.9611371824885
2024-02-06 23:00:00,4979.29677635359,4669.499691048228,4507.9611371824885
2024-02-07 00:00:00,5095.676801741451,4722.127911530882,4674.596856363958
2024-02-07 01:00:00,5049.81506933417,4289.311807019821,3965.432409322666
2024-02-07 02:00:00,4922.301312447638,4179.451536623081,3772.069614251726
2024-02-07 03:00:00,4559.696097087586,4006.3920156019467,3521.4377077875038
2024-02-07 04:00:00,4167.71383124676,3697.987267116794,3446.420930036509
2024-02-07 05:00:00,3883.2039003457776,3550.541389850152,3416.716810725985
2024-02-07 06:00:00,3883.2039003457776,3550.541389850152,3095.785950134046
2024-02-07 07:00:00,3935.31521628454,3665.4050603112646,3095.785950134046
2024-02-07 08:00:00,3935.31521628454,3665.4050603112646,3095.785950134046
2024-02-07 09:00:00,3847.2521494617067,3346.925906709006,2987.2662648658275
2024-02-07 10:00:00,3477.82268149025,3169.197036946507,2363.546096766432
2024-02-07 11:00:00,2808.0495928837754,2883.124357549137,2155.777811180042
2024-02-07 12:00:00,2688.5265707560065,2793.408721742504,1935.6157371524855
2024-02-07 13:00:00,2688.5265707560065,2658.8261954216086,1888.2937627361177
2024-02-07 14:00:00,2659.149165019129,2658.8261954216086,1888.2937627361177
2024-02-07 15:00:00,2694.568130847836,2840.8790528376558,2071.0719483348375
2024-02-07 16:00:00,3054.7135847889967,2840.8790528376558,2655.6540680343182
2024-02-07 17:00:00,3179.306807647963,2729.40758297948,2790.9776529318383
2024-02-07 18:00:00,3548.5234338280497,2729.40758297948,2904.513454698632
2024-02-07 19:00:00,3659.171820446385,2982.4141482229807,3189.8018806343075
2024-02-07 20:00:00,4105.4726923452945,3667.185662293743,3189.8018806343075
2024-02-07 21:00:00,4591.157029762063,4552.111693611485,3916.9883748834254
2024-02-07 22:00:00,4936.026988848972,4923.547738855217,4413.517325055962
2024-02-07 23:00:00,5109.942396831845,5229.764383454554,4413.517325055962
2024-02-08 00:00:00,5022.984692840409,5271.3000684959015,4437.029388352772
2024-02-08 01:00:00,5036.97683371048,5601.8497571861535,4256.541483772314
2024-02-08 02:00:00,5446.06657252149,5718.790443786111,4294.189172499795
2024-02-08 03:00:00,6130.826118769756,6758.772087311537,4730.001650874873
2024-02-08 04:00:00,7237.271031393151,8204.526684034552,5489.587691776185
2024-02-08 05:00:00,7261.709482845395,8523.207622142929,5587.525033523072
2024-02-08 06:00:00,7635.596365176483,8523.207622142929,5489.587691776185
2024-02-08 07:00:00,7635.596365176483,8039.769901379681,5181.480654186366
2024-02-08 08:00:00,7245.566400759733,7712.7522697909835,5161.316089746188
2024-02-08 09:00:00,6694.590379293167,6966.728781120958,4815.886960572657
2024-02-08 10:00:00,5646.125160554238,5709.255989444529,4039.5649968506063
2024-02-08 11:00:00,4986.684928002808,4374.128318218107,3183.0458895433603
2024-02-08 12:00:00,4711.245487066893,4136.863015594583,3178.0790564013914
2024-02-08 13:00:00,3945.7082837424878,3533.8462489182857,2858.6452521742153
2024-02-08 14:00:00,3640.52853880548,2948.9365598790064,2346.0839216544705
2024-02-08 15:00:00,3640.52853880548,2948.9365598790064,2069.8470544353636
2024-02-08 16:00:00,3660.101652450243,2835.4860748264364,2069.8470544353636
2024-02-08 17:00:00,3719.039772732698,2813.1283779499463,2388.5870194666813
2024-02-08 18:00:00,4029.9814369044743,2813.1283779499463,2636.6882215292435
2024-02-08 19:00:00,4494.5460614652875,3758.7453484500566,3127.2052778224524
2024-02-08 20:00:00,4724.317419839006,4606.0892841026,3547.227144064976
2024-02-08 21:00:00,4786.816392062059,4785.3218960361555,3738.152311948696
2024-02-08 22:00:00,4804.969147093449,4619.556396979309,3738.152311948696
2024-02-08 23:00:00,4804.969147093449,4619.556396979309,3555.881443566287
2024-02-09 00:00:00,4668.868758577431,4534.6214113597,3270.7281733798613
2024-02-09 01:00:00,3794.066611752546,4523.922060271803,2996.1184758147356
2024-02-09 02:00:00,3994.566710748106,4841.322737022623,3321.616446834944
2024-02-09 03:00:00,4260.557969025151,5217.363793342567,3385.218308969866
2024-02-09 04:00:00,4629.073640378094,5325.4013212983555,3701.3956538591883
2024-02-09 05:00:00,4990.3579877167995,5217.363793342567,3446.895813801717
2024-02-09 06:00:00,5118.2155677653045,5419.27865110803,3672.2334183947896
2024-02-09 07:00:00,5353.517502057171,5526.979320935317,3672.2334183947896
2024-02-09 08:00:00,6009.6600847761565,5526.979320935317,3822.184342259208
2024-02-09 09:00:00,6009.6600847761565,5663.839624223854,3953.575840435873
2024-02-09 10:00:00,6457.009315387071,5742.022427677943,4269.8801080509675
2024-02-09 11:00:00,6614.304566019628,6050.5634285389615,4713.59500818909
2024-02-09 12:00:00,6623.698643712792,6050.5634285389615,4713.59500818909
2024-02-09 13:00:00,6807.700876250709,6050.5634285389615,4713.59500818909
2024-02-09 14:00:00,7676.541583302544,7447.17668342137,5415.4802347921095
2024-02-09 15:00:00,8843.28102199608,8470.201208245482,6899.44428535509
2024-02-09 16:00:00,9173.033452236166,8537.044699694983,7253.029370294782
2024-02-09 17:00:00,9252.437452627019,8998.554945259564,7416.500948553195
2024-02-09 18:00:00,11274.805101638805,12312.108677258318,10258.97775565769
2024-02-09 19:00:00,12620.508621105206,14072.703382160658,11653.753909940671
2024-02-09 20:00:00,13090.114855918944,14924.274895897019,12421.399897711604
2024-02-09 21:00:00,13476.87426446191,14998.050816409806,12694.864755210418
2024-02-09 22:00:00,14373.389681584911,16401.412026519072,13074.937907135005
2024-02-09 23:00:00,14497.810507498514,16411.155316222503,13548.305075409677
2024-02-10 00:00:00,14838.227849531839,16870.131411217342,13842.874183664808
2024-02-10 01:00:00,15067.428734974226,17254.778633268932,13926.841610357904
2024-02-10 02:00:00,14845.620837836512,17128.41404488914,13777.679480851506
2024-02-10 03:00:00,14792.083933535112,16803.89135661575,13777.679480851506
2024-02-10 04:00:00,14309.357726944378,16763.273108906444,13733.988930376589
2024-02-10 05:00:00,14304.568984182513,16763.273108906444,13889.268388268943
2024-02-10 06:00:00,14234.932901204085,16812.90386869164,13720.696111594618
2024-02-10 07:00:00,14086.833967000928,16812.90386869164,13412.063669803967
2024-02-10 08:00:00,13848.525894878088,16478.95590154776,13405.541630412185
2024-02-10 09:00:00,13335.524556021828,16143.122625092188,13126.30687035621
2024-02-10 10:00:00,12544.491165310643,13552.24534854213,11015.061358083862
2024-02-10 11:00:00,11493.170406241323,11895.927198070776,10440.223753518814
2024-02-10 12:00:00,11203.354273874273,10996.984790949935,10389.227448865719
2024-02-10 13:00:00,11203.354273874273,10764.249286021743,9812.388687718674
2024-02-10 14:00:00,10266.39347505115,8998.838949094465,7983.790544390502
2024-02-10 15:00:00,10107.236967353376,8998.838949094465,7983.790544390502
2024-02-10 16:00:00,10107.236967353376,9913.692187086797,8557.028121744817
2024-02-10 17:00:00,10580.704216299762,11602.006434790444,9982.342829292333
2024-02-10 18:00:00,11458.57150344801,12233.62838147501,9982.342829292333
2024-02-10 19:00:00,11458.57150344801,12233.62838147501,9482.426030603827
2024-02-10 20:00:00,10453.571733405255,11629.406114512929,8577.762096856033
2024-02-10 21:00:00,10134.069024325712,11499.35800979938,8271.05864085864
2024-02-10 22:00:00,9003.77659201821,9652.097028672144,8048.766003483863
2024-02-10 23:00:00,9003.77659201821,9652.097028672144,8048.766003483863
2024-02-11 00:00:00,9237.911401216097,9799.556635121236,8392.485768981114
2024-02-11 01:00:00,12303.411355349597,13791.127654689642,10752.400842409263
2024-02-11 02:00:00,13246.108740641288,15444.290635163818,11674.422673783474
2024-02-11 03:00:00,13386.098242661856,15624.584389957878,12037.083694801682
2024-02-11 04:00:00,13386.098242661856,15624.584389957878,12381.307007425912
2024-02-11 05:00:00,13386.098242661856,15351.23444049218,12381.307007425912
2024-02-11 06:00:00,13878.622698037903,15351.23444049218,12519.865793072864
2024-02-11 07:00:00,15221.121521285113,16864.09896651526,13682.810487546632
2024-02-11 08:00:00,15221.121521285113,16864.09896651526,13967.794422292944
2024-02-11 09:00:00,15155.069969199763,16468.138398437644,14183.693227843196
2024-02-11 10:00:00,14433.766756720754,16387.97429393874,13967.794422292944
2024-02-11 11:00:00,13640.401357255207,15784.366350918885,13700.685818555461
2024-02-11 12:00:00,13190.647027369498,14509.696454835912,12419.733088544635
2024-02-11 13:00:00,13075.889711267353,13399.89415493709,12368.958167359795
2024-02-11 14:00:00,13075.889711267353,11993.287978975026,11025.439546308351
2024-02-11 15:00:00,13336.149894992308,11993.287978975026,11025.439546308351
2024-02-11 16:00:00,14267.179159214984,13255.517071459832,12051.412419033235
2024-02-11 17:00:00,14596.01224945398,13834.100141720437,12407.11232774719
2024-02-11 18:00:00,14596.01224945398,13834.100141720437,12580.579664000976
2024-02-11 19:00:00,14100.450242064557,13381.25918950111,12580.579664000976
2024-02-11 20:00:00,11846.342312191115,10594.571416949517,9850.095094041159
2024-02-11 21:00:00,11524.947282941937,10012.240192288737,9692.546288980042
2024-02-11 22:00:00,10800.253868422067,10002.228301388834,8778.665364294895
2024-02-11 23:00:00,10482.736476081776,10012.240192288737,8378.873444309957
2024-02-12 00:00:00,10113.197017424252,10107.80437716688,8091.1493907980075
2024-02-12 01:00:00,7675.9327225820925,8025.909383572536,5741.909714809859
2024-02-12 02:00:00,7187.932127716001,6855.915439845109,5154.156052321078
2024-02-12 03:00:00,7086.793902101803,5973.703381169749,5154.156052321078
2024-02-12 04:00:00,7086.793902101803,5973.703381169749,5211.724033354023
2024-02-12 05:00:00,8438.128907559594,6879.084869809356,6347.02299894641
2024-02-12 06:00:00,9314.272820943957,8204.46568407246,6441.655722202949
2024-02-12 07:00:00,9735.467128358383,9806.202856406862,7626.596189845847
2024-02-12 08:00:00,10419.736438865226,10185.444702743273,8929.182898903147
2024-02-12 09:00:00,10517.495050028154,10765.320727206745,9253.256450196086
2024-02-12 10:00:00,10720.229250762077,12050.056278359058,9253.256450196086
2024-02-12 11:00:00,10720.229250762077,12050.056278359058,9253.256450196086
2024-02-12 12:00:00,11084.848120735105,11974.027377035647,10301.192506369507
2024-02-12 13:00:00,12284.869947430803,11974.027377035647,12336.488051060318
2024-02-12 14:00:00,15137.72364807013,14990.150908313204,14233.306637938571
2024-02-12 15:00:00,15137.72364807013,14990.150908313204,14233.306637938571
2024-02-12 16:00:00,15084.002961944503,15235.130046987346,13565.135177237878
2024-02-12 17:00:00,15084.002961944503,15179.289655609526,13565.135177237878
2024-02-12 18:00:00,15324.585363897186,15429.916043941328,15004.76281160155
2024-02-12 19:00:00,16694.50773653565,16488.002009313994,16290.455304438448
2024-02-12 20:00:00,17095.018883956414,17638.10763371328,17110.81417527608
2024-02-12 21:00:00,17766.605313765067,17957.130792289325,17520.62760611413
2024-02-12 22:00:00,18690.362264968753,18999.253564455295,18240.43709096453
2024-02-12 23:00:00,19363.181921037474,19125.4756520407,18839.26320895546
2024-02-13 00:00:00,19479.701859393037,19284.747076131665,19021.702109151796
2024-02-13 01:00:00,18995.908007546463,19378.14278946996,17946.879497270205
2024-02-13 02:00:00,19391.587372504662,19539.81531814899,18050.22213408301
2024-02-13 03:00:00,19859.188009636033,19553.18280636961,18000.9396171414
2024-02-13 04:00:00,20081.507384815584,19539.81531814899,18015.803420276967
2024-02-13 05:00:00,20081.507384815584,19446.65982520822,18015.803420276967
2024-02-13 06:00:00,19862.211965292612,19446.65982520822,18082.52093460546
2024-02-13 07:00:00,19809.54936242418,19273.66970168087,18082.52093460546
2024-02-13 08:00:00,19629.33298120371,19065.53392513551,17811.830703554817
2024-02-13 09:00:00,19099.469210790336,19065.53392513551,17569.003005233357
2024-02-13 10:00:00,18742.447142590965,19065.53392513551,17514.745585514513
2024-02-13 11:00:00,17625.002491377818,18770.858103809987,17092.080138043824
2024-02-13 12:00:00,17184.86913497767,18751.506919333104,16813.7078525992
2024-02-13 13:00:00,17184.86913497767,18358.918330665525,16617.078866616957
2024-02-13 14:00:00,17417.625310719523,18358.918330665525,16617.078866616957
2024-02-13 15:00:00,18364.440340345565,18586.842817570265,17163.0942393141
2024-02-13 16:00:00,18792.058050777458,18586.842817570265,17758.626210014107
2024-02-13 17:00:00,18825.578550579914,18586.842817570265,17758.626210014107
2024-02-13 18:00:00,18910.15558475153,18689.237057237784,17658.049279557297
2024-02-13 19:00:00,18931.44090176836,18689.237057237784,17658.049279557297
2024-02-13 20:00:00,19505.452054520883,18689.237057237784,17728.177999557738
2024-02-13 21:00:00,19543.20303904004,18769.448858763484,18013.309121614733
2024-02-13 22:00:00,19543.20303904004,19031.97582106502,18061.345615403963
2024-02-13 23:00:00,18944.592073224976,19031.97582106502,18201.39373676351
2024-02-14 00:00:00,18934.580396662634,18931.846890647532,18207.69484775965
2024-02-14 01:00:00,19145.219241011044,19458.227805987855,18225.983602524626
2024-02-14 02:00:00,19276.988543436062,19123.97827619986,18351.29907997097
2024-02-14 03:00:00,19448.887696894075,19100.449309922922,18509.755878130498
2024-02-14 04:00:00,19529.5486671043,19123.97827619986,18509.755878130498
2024-02-14 05:00:00,19529.5486671043,19055.617128198304,18253.835354342755
2024-02-14 06:00:00,19350.166357343485,19133.216830792036,18091.911377506443
2024-02-14 07:00:00,19046.81010831163,19012.263033561067,18003.54668313205
2024-02-14 08:00:00,18920.74333705139,18956.32725908136,18003.54668313205
2024-02-14 09:00:00,18641.144784282365,18936.961006729136,17832.33488447782
2024-02-14 10:00:00,17773.274182998284,18936.961006729136,17700.749092408474
2024-02-14 11:00:00,17599.067228741907,18573.84591167974,17410.455454196384
2024-02-14 12:00:00,17255.29018107883,18457.649729996927,17132.19106963284
2024-02-14 13:00:00,17047.116302673887,17888.69192881447,16591.3914143049
2024-02-14 14:00:00,16557.310869599467,17288.2454426224,16177.55850997227
2024-02-14 15:00:00,15757.021645571062,16080.987871758856,15779.564643711708
2024-02-14 16:00:00,14398.446900409308,15209.172187517921,14179.295320272528
2024-02-14 17:00:00,14398.446900409308,15209.172187517921,14179.295320272528
2024-02-14 18:00:00,15366.138705551377,15624.257717306074,14646.597380136029
2024-02-14 19:00:00,15729.155735595832,16659.704717010718,16748.73884353693
2024-02-14 20:00:00,15729.155735595832,16993.297766699223,16748.73884353693
2024-02-14 21:00:00,16188.927207528393,17167.286491610972,16412.080080735035
2024-02-14 22:00:00,16256.63716092935,17082.3318756405,16059.029346528503
2024-02-14 23:00:00,16256.63716092935,17082.3318756405,15635.036534193168
2024-02-15 00:00:00,16177.60169995519,16890.79497706944,15334.296808834015
2024-02-15 01:00:00,15361.459405158974,16904.324185042587,14658.920963670822
2024-02-15 02:00:00,14890.58536103427,16207.917949669545,13911.73026640791
2024-02-15 03:00:00,14209.075856018655,15435.584796316058,12520.399517107053
2024-02-15 04:00:00,12986.514783534409,14526.820018704446,11046.298550056317
2024-02-15 05:00:00,12566.613676422958,12954.774360691521,10412.669825897714
2024-02-15 06:00:00,9009.62688729717,10693.69405926124,7570.639871944634
2024-02-15 07:00:00,7949.135004549661,8504.031252065799,6737.233956812383
2024-02-15 08:00:00,7281.533341793127,7846.699180883591,6645.9182499727485
2024-02-15 09:00:00,7352.52413139655,7846.699180883591,6737.233956812383
2024-02-15 10:00:00,7352.52413139655,7826.227364596858,7019.392339682758
2024-02-15 11:00:00,7352.52413139655,7681.47798683446,7019.392339682758
2024-02-15 12:00:00,7345.9925016104735,6625.550290994924,6602.539133462616
2024-02-15 13:00:00,6626.488561692673,6432.070805051742,4382.508774323642
2024-02-15 14:00:00,6549.099385906099,5538.158451291574,3968.5282732167384
2024-02-15 15:00:00,4022.518564787186,4471.8061330950895,3059.7886523448974
2024-02-15 16:00:00,3715.285810770585,4471.8061330950895,2991.549215356957
2024-02-15 17:00:00,3232.61266613885,4471.8061330950895,2566.532271709762
2024-02-15 18:00:00,3276.8129552878418,4206.241276881345,2168.365991534551
2024-02-15 19:00:00,3220.5605073366223,3387.989701214492,2125.8001976232126
2024-02-15 20:00:00,3220.5605073366223,3344.7764113929625,2059.720115305974
2024-02-15 21:00:00,3152.0854986885442,3022.761972796423,2014.3506389311456
2024-02-15 22:00:00,3152.0854986885442,2721.671352188805,2014.3506389311456
2024-02-15 23:00:00,3152.0854986885442,2610.9543509658215,2099.7343142319446
2024-02-16 00:00:00,3179.769599921763,2610.063390700868,2143.1252424274535
2024-02-16 01:00:00,2995.8332584110103,2742.9803378373817,1889.3612091628347
2024-02-16 02:00:00,2906.5206373874025,2747.3108513306306,1854.0992531464453
2024-02-16 03:00:00,2906.5206373874025,2759.444700230677,1931.5555519482252
2024-02-16 04:00:00,2959.866546570178,2898.5725128228605,1899.0369123140943
2024-02-16 05:00:00,3007.299010928038,2921.969335977188,1899.0369123140943
2024-02-16 06:00:00,3152.9529460663816,2984.8969496814243,1899.0369123140943
2024-02-16 07:00:00,3326.3336853939327,2995.0494538510648,2386.7614354631482
2024-02-16 08:00:00,3653.2418450670866,3735.8063452297374,3037.1091360570513
2024-02-16 09:00:00,3653.2418450670866,4282.432045538899,3149.0775970549707
2024-02-16 10:00:00,3755.5631207060105,4282.432045538899,3149.0775970549707
2024-02-16 11:00:00,3815.3327293200236,4004.447258244314,3149.0775970549707
2024-02-16 12:00:00,3865.8298430621016,4004.447258244314,3333.609246182718
2024-02-16 13:00:00,3815.3327293200236,3962.246926143913,3344.5761891208017
2024-02-16 14:00:00,3720.0451399423255,4116.188615941597,3345.293921238963
2024-02-16 15:00:00,3720.0451399423255,4085.512489347553,3474.626138800124
2024-02-16 16:00:00,4037.125940077887,4116.188615941597,3475.0882462584614
2024-02-16 17:00:00,4366.75377041005,4573.204457513664,3713.6438707645493
2024-02-16 18:00:00,5702.762926565481,6600.292537356284,4909.080506701527
2024-02-16 19:00:00,8115.134668871832,8181.53454338189,6597.801933025848
2024-02-16 20:00:00,10955.385725674083,11645.572844592989,9266.046608658904
2024-02-16 21:00:00,13495.108560837485,13539.856185267914,11982.62864874948
2024-02-16 22:00:00,15517.51181097101,15530.983988578084,13718.692571687148
2024-02-16 23:00:00,16007.697377434919,15772.26944609813,13891.428219283485
2024-02-17 00:00:00,16373.94613751035,16319.676468237238,14150.72749175908
2024-02-17 01:00:00,16935.068107405677,18169.950132695718,15054.87852049038
2024-02-17 02:00:00,17139.41911017693,18195.024682025796,15207.791959553153
2024-02-17 03:00:00,17527.54203266175,18144.87558336564,14901.965081427606
2024-02-17 04:00:00,17527.54203266175,17949.758928650437,14702.592952257655
2024-02-17 05:00:00,17509.882663936663,16611.714545613748,13562.235223606021
2024-02-17 06:00:00,16900.08161258977,16043.287273994387,12912.382795829797
2024-02-17 07:00:00,16521.30577030422,16026.166357603523,12563.955065728915
2024-02-17 08:00:00,16483.20860679386,16001.21541145043,12002.18927252741
2024-02-17 09:00:00,15294.764006520498,14988.34791855156,11960.967050337384
2024-02-17 10:00:00,11384.797512078309,12200.483113322069,9660.30645009256
2024-02-17 11:00:00,9373.957511893213,9671.62011352279,7565.905933480154
2024-02-17 12:00:00,9373.957511893213,9433.277351563389,7565.905933480154
2024-02-17 13:00:00,9617.912338917398,9433.277351563389,8676.844995892056
2024-02-17 14:00:00,9617.912338917398,10285.149023680766,8676.844995892056
2024-02-17 15:00:00,9431.068137122518,10285.149023680766,8526.091087530765
2024-02-17 16:00:00,9431.068137122518,10285.149023680766,8526.091087530765
2024-02-17 17:00:00,10913.5709854826,11845.974672256381,9456.60742791393
2024-02-17 18:00:00,13065.655535114056,13594.582138371916,11867.496792917986
2024-02-17 19:00:00,14571.270271935511,14560.808235447908,12832.396781859694
2024-02-17 20:00:00,14821.501892326756,14560.808235447908,12832.396781859694
2024-02-17 21:00:00,15146.17904277728,14560.808235447908,12832.396781859694
2024-02-17 22:00:00,15828.302558653611,14109.755582134118,13115.079753378915
2024-02-17 23:00:00,15828.302558653611,14463.672083853651,13115.079753378915
2024-02-18 00:00:00,15664.810901822719,14286.713832993884,12925.429599107563
2024-02-18 01:00:00,15054.100888451037,14237.71053340199,13228.150463060663
2024-02-18 02:00:00,15733.904286611547,15026.559935985186,12930.516078259572
2024-02-18 03:00:00,15895.330081425574,15026.559935985186,12851.426856489927
2024-02-18 04:00:00,15895.330081425574,15026.559935985186,12613.425153778106
2024-02-18 05:00:00,14011.095074299086,14166.070440020623,11408.250163430514
2024-02-18 06:00:00,12043.595692407966,13119.304864173282,9098.441762475615
2024-02-18 07:00:00,11810.583935569435,12888.957935135815,8962.77720395396
2024-02-18 08:00:00,10660.244129577532,10948.537724634229,7881.8879083608435
2024-02-18 09:00:00,8695.268436027325,10091.927034172926,7390.493973760054
2024-02-18 10:00:00,7211.217450977808,8640.994139332124,5910.331341772947
2024-02-18 11:00:00,5614.589177875206,7559.670760350548,5424.290477197133
2024-02-18 12:00:00,5406.783897952909,6764.283057179348,4846.223585856643
2024-02-18 13:00:00,5301.608658428229,6676.432698992415,4499.184657239626
2024-02-18 14:00:00,4913.590795504631,6444.85184410261,4499.184657239626
2024-02-18 15:00:00,4913.590795504631,6676.432698992415,4502.592102652691
2024-02-18 16:00:00,4951.305539777269,7375.503158586291,4586.813509633485
2024-02-18 17:00:00,5597.209195440286,8803.199776124871,5269.295106477061
2024-02-18 18:00:00,7707.321459508666,10212.134231018594,7130.3190904282455
2024-02-18 19:00:00,10417.78425777983,13428.447015317848,9751.858989676513
2024-02-18 20:00:00,12118.48840121289,14931.534611516132,11045.801800504842
2024-02-18 21:00:00,12160.173838671473,15220.525193705931,11575.021483258624
2024-02-18 22:00:00,13057.251845749459,15903.759743847253,12705.0932637309
2024-02-18 23:00:00,13057.251845749459,15903.759743847253,12705.0932637309
2024-02-19 00:00:00,12950.410289233721,15089.065901398579,12776.344202703971
2024-02-19 01:00:00,14980.085399834255,16848.454827227615,14220.39195559742
2024-02-19 02:00:00,14487.184431604077,16149.676633820118,13612.807996704736
2024-02-19 03:00:00,14487.184431604077,16149.676633820118,13612.807996704736
2024-02-19 04:00:00,14679.37191999617,16657.12135835146,13916.657256139995
2024-02-19 05:00:00,14679.37191999617,16657.12135835146,13916.657256139995
2024-02-19 06:00:00,13669.78438840483,15523.929063586187,13496.324627207794
2024-02-19 07:00:00,13390.648057772745,14941.018149837508,12335.932917999186
2024-02-19 08:00:00,11003.082063246151,12424.337225258403,9030.865122625535
2024-02-19 09:00:00,9785.380340192754,11489.153010484059,8906.616055842685
2024-02-19 10:00:00,9310.112355034407,11489.153010484059,8906.616055842685
2024-02-19 11:00:00,9310.112355034407,11825.131575207055,9656.23571682277
2024-02-19 12:00:00,9852.745572331469,11825.131575207055,9656.23571682277
2024-02-19 13:00:00,10119.288388362907,12163.231132591369,9754.866209690419
2024-02-19 14:00:00,12957.101807055149,13613.435573193708,11450.81847871883
2024-02-19 15:00:00,12957.101807055149,13613.435573193708,11450.81847871883
2024-02-19 16:00:00,11183.787231197932,11522.00761760347,9989.28131364672
2024-02-19 17:00:00,10770.805692509817,10938.555713436777,9601.995990910056
2024-02-19 18:00:00,10056.665615319982,10919.546070436758,9601.995990910056
2024-02-19 19:00:00,8341.754023808933,9085.944399421398,8298.25163037264
2024-02-19 20:00:00,6774.998658995843,6962.078133252093,6736.138687067442
2024-02-19 21:00:00,5238.285506534723,5741.304846799494,4947.68377484325
2024-02-19 22:00:00,4567.059637653954,4734.950657591047,4271.111800261933
2024-02-19 23:00:00,4400.758969525546,4223.934099019434,3578.358737601871
2024-02-20 00:00:00,4370.1321271622555,4099.807771749659,3524.3233410878847
2024-02-20 01:00:00,3453.3439435709734,3246.2161046240935,2480.8638369344853
2024-02-20 02:00:00,3420.9090985083967,3338.5979573880213,2387.020670153814
2024-02-20 03:00:00,3372.159637009494,3121.113700618069,2380.7046045811976
2024-02-20 04:00:00,2992.313686891992,3121.113700618069,2057.764377181616
2024-02-20 05:00:00,2992.313686891992,3121.113700618069,2057.764377181616
2024-02-20 06:00:00,3017.111767243039,3298.538745228845,2344.2053742099597
2024-02-20 07:00:00,3147.818054152207,3379.050097061321,2507.802740625237
2024-02-20 08:00:00,3484.93287232046,3379.050097061321,2401.4125124879865
2024-02-20 09:00:00,3484.93287232046,3379.050097061321,2532.713711913848
2024-02-20 10:00:00,3205.0670156204815,3960.599935092976,2730.0162070747647
2024-02-20 11:00:00,3105.656935843741,3960.599935092976,2730.0162070747647
2024-02-20 12:00:00,3095.751677515853,3881.6832605008567,2754.548272144452
2024-02-20 13:00:00,3095.751677515853,3881.6832605008567,2754.548272144452
2024-02-20 14:00:00,3310.834214167904,3653.9298449653907,2754.548272144452
2024-02-20 15:00:00,3644.8233915002274,3839.884503380412,2759.835463041779
2024-02-20 16:00:00,3795.6943154059245,3792.8801776353866,2759.835463041779
2024-02-20 17:00:00,4150.597302211236,3839.884503380412,2999.3316840498965
2024-02-20 18:00:00,4202.992436928804,4253.083887754119,3489.0458552883642
2024-02-20 19:00:00,4451.433367063511,4754.041944443425,3884.9670176071277
2024-02-20 20:00:00,4638.746697493934,4926.501220382066,4123.344733851453
2024-02-20 21:00:00,4738.4888773869025,5196.909186512357,4227.424941844926
2024-02-20 22:00:00,4638.746697493934,5196.909186512357,4227.424941844926
2024-02-20 23:00:00,4522.760865763719,4637.522670232507,3897.266175697412
2024-02-21 00:00:00,4509.441572442521,4483.35077997833,3696.338505805858
2024-02-21 01:00:00,5089.399857492013,5143.3777840844095,4277.606160523783
2024-02-21 02:00:00,5478.707387204837,5464.629652248899,4606.053558592227
2024-02-21 03:00:00,5478.707387204837,5488.893295973276,4616.04127272942
2024-02-21 04:00:00,5508.592513405716,6884.885466416264,5740.096759006216
2024-02-21 05:00:00,6059.413599344545,7453.168644183817,6751.984784853783
2024-02-21 06:00:00,6756.278584425721,8517.95296390961,7424.444467237329
2024-02-21 07:00:00,7305.60773960945,8542.304287979465,7636.054979611116
2024-02-21 08:00:00,7928.696708355639,8651.798646891326,7667.129372665321
2024-02-21 09:00:00,7928.696708355639,8651.798646891326,7667.129372665321
2024-02-21 10:00:00,7907.214418735308,7549.5792066784425,7622.73850328604
2024-02-21 11:00:00,7705.24986373192,7330.508663063866,7620.749354483452
2024-02-21 12:00:00,7391.1312973235235,7330.508663063866,6681.510725371001
2024-02-21 13:00:00,7273.87128203746,8052.26864993245,6095.482292936075
2024-02-21 14:00:00,7273.87128203746,8078.7213355508065,6095.482292936075
2024-02-21 15:00:00,7632.019332366561,8606.28480126345,6790.57091393546
2024-02-21 16:00:00,7705.809681773608,9232.403638804139,7395.565804821806
2024-02-21 17:00:00,7978.490260219323,9232.403638804139,7458.973726764413
2024-02-21 18:00:00,8200.519538068831,9568.947669767866,8604.418409964295
2024-02-21 19:00:00,9340.5378441755,11085.15107088477,9530.759807913922
2024-02-21 20:00:00,9340.5378441755,11085.15107088477,9580.839096878311
2024-02-21 21:00:00,9156.877271638581,11069.29941959147,9580.839096878311
2024-02-21 22:00:00,8908.208848925602,10354.093472463159,9151.711548377223
2024-02-21 23:00:00,8908.208848925602,10354.093472463159,8834.779454902042
2024-02-22 00:00:00,8974.038395266678,10414.691851518022,8631.631999846453
2024-02-22 01:00:00,8611.69905079321,10492.817880141512,9293.349515897538
2024-02-22 02:00:00,8877.563808394356,11133.587514030325,9387.172301095516
2024-02-22 03:00:00,8921.977546027201,11133.587514030325,10234.140864821224
2024-02-22 04:00:00,8921.977546027201,10949.176982248768,10234.140864821224
2024-02-22 05:00:00,8112.37219015271,9775.854925863045,8761.53389875178
2024-02-22 06:00:00,8112.37219015271,9775.854925863045,8761.53389875178
2024-02-22 07:00:00,8119.602565673444,10143.04028753881,9029.500008491454
2024-02-22 08:00:00,8119.602565673444,10143.94193783596,9128.563863176181
2024-02-22 09:00:00,7970.493836649935,10143.94193783596,9029.500008491454
2024-02-22 10:00:00,7029.407255557154,9420.4203181858,7201.405355286387
2024-02-22 11:00:00,5563.450213816161,8367.362223245866,6452.766663757573
2024-02-22 12:00:00,4443.00679825294,7460.796086901525,5351.785647997437
2024-02-22 13:00:00,4443.00679825294,6493.743241739099,4604.967777465248
2024-02-22 14:00:00,4080.0584865591427,6285.024936808049,4498.8259375910175
2024-02-22 15:00:00,3891.1698625085137,5356.7098477493,4002.7047833951456
2024-02-22 16:00:00,3200.039621638716,3696.6295702799234,2904.4745951375894
2024-02-22 17:00:00,2965.9119388335967,3696.6295702799234,2836.222242331627
2024-02-22 18:00:00,2965.9119388335967,4028.747153160615,2816.7311317481954
2024-02-22 19:00:00,2965.9119388335967,4028.747153160615,2816.7311317481954
2024-02-22 20:00:00,2928.5673141045027,3419.966066993249,2445.206772270463
2024-02-22 21:00:00,2853.206969721832,3304.5178053110612,2345.6940951880533
2024-02-22 22:00:00,2853.206969721832,2854.6453912823017,2291.413286987952
2024-02-22 23:00:00,2853.206969721832,2732.0185791273834,2188.554705400414
2024-02-23 00:00:00,2784.7608794138514,2563.7012596063987,2074.7747223492265
2024-02-23 01:00:00,3222.6232898880626,3412.1520849003327,3033.707789990479
2024-02-23 02:00:00,3195.736819294245,3430.8538652299976,2915.2010740101414
2024-02-23 03:00:00,3195.736819294245,3546.7134003402225,2648.7253183333833
2024-02-23 04:00:00,3356.7699296543087,3822.365782994497,2648.7253183333833
2024-02-23 05:00:00,3373.0187908894186,3941.261536524942,3016.0821428414133
2024-02-23 06:00:00,3866.7347280622,4093.2477612101175,3046.420653505634
2024-02-23 07:00:00,3866.7347280622,4197.631641453474,3046.420653505634
2024-02-23 08:00:00,3766.1290285575233,4197.631641453474,3161.453608182063
2024-02-23 09:00:00,3320.6627587078565,3979.3211286100814,2622.814493602221
2024-02-23 10:00:00,2766.7396495148223,3630.7263230372264,2942.8139813282964
2024-02-23 11:00:00,2654.527009667592,3555.309820020815,2759.6129700945144
2024-02-23 12:00:00,2423.8713727859886,3555.309820020815,2759.6129700945144
2024-02-23 13:00:00,2320.097456601443,3447.71259190817,2716.025114294707
2024-02-23 14:00:00,2371.8028518761585,3370.2596786533904,2716.025114294707
2024-02-23 15:00:00,2371.8028518761585,3240.486962138384,2716.4269249223307
2024-02-23 16:00:00,2426.1090243454855,3118.043367544007,2716.4269249223307
2024-02-23 17:00:00,2455.3391534262228,3078.7809820460934,2740.7113820420022
2024-02-23 18:00:00,2590.811614969678,3078.7809820460934,2736.057478979633
2024-02-23 19:00:00,3029.3869829544,3078.7809820460934,2750.503121286421
2024-02-23 20:00:00,3228.8711516952553,3262.493504580667,2736.057478979633
2024-02-23 21:00:00,3228.8711516952553,3506.060726885924,2750.503121286421
2024-02-23 22:00:00,3228.8711516952553,3715.5855880501167,2757.539733216704
2024-02-23 23:00:00,3540.3679994292524,3837.6251824989213,2794.7206273864394
2024-02-24 00:00:00,3793.3892016388672,4042.8517215076618,3033.45805234302
2024-02-24 01:00:00,3616.7770104780047,3854.453780305469,3132.9373958391698
2024-02-24 02:00:00,3929.5158668325075,3961.653776862764,3438.1335667837516
2024-02-24 03:00:00,4280.701653435432,4540.279362152805,3438.1335667837516
2024-02-24 04:00:00,4280.701653435432,4540.279362152805,3297.8320229253827
2024-02-24 05:00:00,4121.220960888373,4131.7296506832645,3037.341407077589
2024-02-24 06:00:00,4083.1814110627365,4118.662633549058,2683.326902546563
2024-02-24 07:00:00,3415.131116025652,3627.0573203335534,2619.6108006525806
2024-02-24 08:00:00,3152.399795686635,3608.8014449398506,2619.6108006525806
2024-02-24 09:00:00,3146.73086583188,3318.711359860874,2619.6108006525806
2024-02-24 10:00:00,2589.8377031442706,3120.232632612886,2261.8628518929863
2024-02-24 11:00:00,2587.566500655572,2855.3735185369114,1843.5417008612192
2024-02-24 12:00:00,2225.64101716593,2308.8053824494564,1843.518252056924
2024-02-24 13:00:00,1508.4595240761464,2103.6594947998783,1682.4084116564113
2024-02-24 14:00:00,1508.4595240761464,1994.9283582893731,1682.4084116564113
2024-02-24 15:00:00,1625.9029274704699,1994.9283582893731,1827.5786818877293
2024-02-24 16:00:00,1761.9832565792549,2007.5543498578754,2402.8101921463426
2024-02-24 17:00:00,2093.598598913859,2154.7447755313533,2175.6543084297828
2024-02-24 18:00:00,2261.924795934845,2445.021106777289,2281.241001431545
2024-02-24 19:00:00,2383.274985455093,2556.2505701120535,2230.253201812366
2024-02-24 20:00:00,2436.833919374447,2557.4368670547265,2281.241001431545
2024-02-24 21:00:00,2383.274985455093,2557.4368670547265,2230.253201812366
2024-02-24 22:00:00,2436.833919374447,2557.4368670547265,2516.1687863887837
2024-02-24 23:00:00,2647.1375880476644,2487.7915874354658,2134.0869324136193
2024-02-25 00:00:00,2751.526186528754,2739.8587983094258,2238.139307075792
2024-02-25 01:00:00,2647.3407145243145,3072.644757124528,2211.3022554901345
2024-02-25 02:00:00,2572.4972525984413,3208.1727023607327,2050.8231488577635
2024-02-25 03:00:00,2572.4972525984413,3264.619497576781,2041.9934576438075
2024-02-25 04:00:00,2652.409886395193,3264.619497576781,2041.9934576438075
2024-02-25 05:00:00,2840.8377604704856,2896.249007081433,2287.0850483186364
2024-02-25 06:00:00,2919.6808534208485,2575.2459030294303,2482.0638794998695
2024-02-25 07:00:00,2919.6808534208485,2575.2459030294303,2287.0850483186364
2024-02-25 08:00:00,2275.377061663801,2614.721597240017,2482.0638794998695
2024-02-25 09:00:00,2063.598557663483,2721.5688041616286,1992.8406594360276
2024-02-25 10:00:00,2063.598557663483,2721.5688041616286,1992.8406594360276
2024-02-25 11:00:00,2063.598557663483,2570.5608303827466,1992.8406594360276
2024-02-25 12:00:00,2226.79008730856,2570.5608303827466,1921.5562036409435
2024-02-25 13:00:00,2266.228577712838,2617.8925723011725,1921.5562036409435
2024-02-25 14:00:00,2301.3991896035204,2852.362425691006,1921.5562036409435
2024-02-25 15:00:00,2673.062994679005,2882.7263805735965,2162.910629423914
2024-02-25 16:00:00,2750.5688663196597,2882.7263805735965,2324.0071750856055
2024-02-25 17:00:00,2868.2069653536655,2867.1450713545146,2336.411224305247
2024-02-25 18:00:00,3166.898905458127,2867.1450713545146,2336.411224305247
2024-02-25 19:00:00,3166.898905458127,2828.748911982637,2336.411224305247
2024-02-25 20:00:00,3021.2766514219784,3010.0607264332175,2360.463771535476
2024-02-25 21:00:00,3021.2766514219784,3010.0607264332175,2531.6616562529475
2024-02-25 22:00:00,3044.5053144380927,3010.0607264332175,2605.8827633974342
2024-02-25 23:00:00,3089.3102779134133,2729.4821573250592,2605.8827633974342
2024-02-26 00:00:00,3136.323356018611,2696.9561292142635,2490.9031151943745
2024-02-26 01:00:00,3067.878746024552,2750.6856898210326,2336.3916914789634
2024-02-26 02:00:00,3085.184401695171,2838.8693051374466,2281.9132012043965
2024-02-26 03:00:00,3085.184401695171,2838.8693051374466,2253.686896165296
2024-02-26 04:00:00,2994.3546306915578,2901.64548998594,2194.7300752693095
2024-02-26 05:00:00,2994.3546306915578,2883.897852101878,2194.7300752693095
2024-02-26 06:00:00,2995.2198064602435,2883.897852101878,2286.0383737148277
2024-02-26 07:00:00,2995.2198064602435,2816.5930923777996,2291.9895684223093
2024-02-26 08:00:00,2598.89421771701,2600.2772778335693,2291.9895684223093
2024-02-26 09:00:00,2328.490365112706,2488.191905949001,2001.7897958497297
2024-02-26 10:00:00,2328.490365112706,2488.191905949001,1916.2849875987697
2024-02-26 11:00:00,2036.0412055927154,2623.2691115144826,1858.926667167768
2024-02-26 12:00:00,2397.370776620999,2753.55580038271,1916.2849875987697
2024-02-26 13:00:00,2401.234127857946,2836.0410076900444,1858.926667167768
2024-02-26 14:00:00,2497.5631936044774,2962.389176523042,1835.5945249788376
2024-02-26 15:00:00,2683.494392282262,2962.389176523042,1835.5945249788376
2024-02-26 16:00:00,2683.494392282262,2924.635886275948,1961.8861615607236
2024-02-26 17:00:00,2416.9790443541824,2910.492585437638,1961.8861615607236
2024-02-26 18:00:00,2416.9790443541824,2910.492585437638,1961.8861615607236
2024-02-26 19:00:00,2649.637248525276,2919.1351573645516,2526.773897214778
2024-02-26 20:00:00,2843.914996902564,2920.7469364407916,2602.8434820353045
2024-02-26 21:00:00,2862.4441774129227,3077.534764257485,2526.773897214778
2024-02-26 22:00:00,2877.8392898638213,3081.2148136488577,2520.655559329657
2024-02-26 23:00:00,2877.8392898638213,3181.6782387325657,2481.8679954669033
2024-02-27 00:00:00,2921.5408030889876,3551.3193808996193,2480.1465146724995
2024-02-27 01:00:00,2848.6819422029203,3504.867618702351,2512.8494302885642
2024-02-27 02:00:00,2920.285347118688,3429.3437561146293,2359.826532548599
2024-02-27 03:00:00,2939.0245418630257,3720.7733174889363,2541.696770164023
2024-02-27 04:00:00,2920.285347118688,3429.3437561146293,2278.555398668595
2024-02-27 05:00:00,2640.2924752933304,3309.8599287212346,2541.696770164023
2024-02-27 06:00:00,2640.2924752933304,3309.8599287212346,2791.321834036902
2024-02-27 07:00:00,2621.5602863682434,3309.8599287212346,2791.321834036902
2024-02-27 08:00:00,2621.5602863682434,2833.537514670754,2255.902384031293
2024-02-27 09:00:00,2419.9847826774185,2528.90669735729,2154.4905064618347
2024-02-27 10:00:00,1950.2852337193126,2519.1627474651013,2076.3684409273296
2024-02-27 11:00:00,1862.8734984967177,2245.758331204868,1839.7489727665995
2024-02-27 12:00:00,1681.6242529643823,1928.3667446228483,1744.141439339136
2024-02-27 13:00:00,1681.6242529643823,1841.5162087319932,1605.5495087885743
2024-02-27 14:00:00,1660.5216000023538,1833.0241113233424,1423.8960773473977
2024-02-27 15:00:00,1588.0121056286353,1788.0857949652855,1341.4598751375174
2024-02-27 16:00:00,1660.5216000023538,1833.0241113233424,1341.4598751375174
2024-02-27 17:00:00,1624.8044031489953,1908.3599924330592,1368.4917533342066
2024-02-27 18:00:00,1738.8783171074174,2368.412089948224,1487.6468848310858
2024-02-27 19:00:00,1753.5445481589486,2434.527004080326,1622.0528656823524
2024-02-27 20:00:00,2112.6474245576355,2649.985832466791,1882.6555322842778
2024-02-27 21:00:00,2435.2619726066823,2983.565909862493,2107.5497363700747
2024-02-27 22:00:00,2986.3502907606508,3146.2711758493424,2656.3470251508397
2024-02-27 23:00:00,3080.340723350442,3564.0562059806125,2899.155599752169
2024-02-28 00:00:00,3242.34139643286,3886.6372449354794,3182.0021241115537
2024-02-28 01:00:00,4116.515277169187,4957.661364594766,4307.529674538041
2024-02-28 02:00:00,3927.8963290012307,4830.53149802607,3893.9615352066603
2024-02-28 03:00:00,3927.8963290012307,4830.53149802607,3893.9615352066603
2024-02-28 04:00:00,3927.8963290012307,4718.081871069135,3893.9615352066603
2024-02-28 05:00:00,4215.08385966805,4718.081871069135,4320.547669304977
2024-02-28 06:00:00,4285.960461376677,5557.432474868914,4754.004348577005
2024-02-28 07:00:00,4285.960461376677,5557.432474868914,4754.004348577005
2024-02-28 08:00:00,3531.229881743793,4372.919446933431,3855.426429727758
2024-02-28 09:00:00,3174.8352195172083,3618.416238171043,3274.7385638244523
2024-02-28 10:00:00,3043.690305283073,3301.9671847755926,2595.0539419595157
2024-02-28 11:00:00,3023.465979122222,2834.0084781546902,2181.7854887530543
2024-02-28 12:00:00,2472.419753161703,2439.6406470847905,1970.4952908551743
2024-02-28 13:00:00,2091.611075090357,2321.225479059014,1970.4952908551743
2024-02-28 14:00:00,2091.611075090357,2439.6406470847905,2128.8189642293805
2024-02-28 15:00:00,2091.611075090357,2321.225479059014,2128.8189642293805
2024-02-28 16:00:00,2162.011941156834,2500.2400437789183,2128.8189642293805
2024-02-28 17:00:00,2083.9359852115813,2538.196767787478,2451.763985539099
2024-02-28 18:00:00,2083.9359852115813,2538.196767787478,2451.763985539099
2024-02-28 19:00:00,2083.9359852115813,2616.708996495425,2558.074073850021
2024-02-28 20:00:00,2389.0764299648527,3079.84430922076,2649.2165865766196
2024-02-28 21:00:00,2622.9578903704714,3098.7107492093946,2941.238147199283
2024-02-28 22:00:00,2622.9578903704714,3384.8039511663737,2941.238147199283
2024-02-28 23:00:00,3716.9204740326277,3709.4092590590117,3055.296036428781
2024-02-29 00:00:00,3902.2285200901606,4264.85557733554,3291.6307650275185
2024-02-29 01:00:00,6064.550449310699,7073.264729171654,4951.137735933328
2024-02-29 02:00:00,6234.842434048978,7233.081830542802,5150.335785674727
2024-02-29 03:00:00,6234.842434048978,6863.660700113545,5150.335785674727
2024-02-29 04:00:00,5083.047412014104,5709.470815251216,3692.8387737200455
2024-02-29 05:00:00,4364.485660405266,4562.795415284434,2541.400745878057
2024-02-29 06:00:00,3696.927484386719,3734.109496885814,2381.4316627795647
2024-02-29 07:00:00,3353.961435886951,3557.1586436787074,2274.2616713635493
2024-02-29 08:00:00,2682.9046266407277,2653.5076081058232,2190.9384499203916
2024-02-29 09:00:00,2041.628642108637,2488.5721383521523,1762.730438385671
2024-02-29 10:00:00,2041.628642108637,2398.0413223357646,1727.9137056513105
2024-02-29 11:00:00,2120.715811270844,2225.637949730677,1727.9137056513105
2024-02-29 12:00:00,2120.715811270844,2035.5637573762542,1986.553488781948
2024-02-29 13:00:00,2120.715811270844,1991.844870412333,1986.553488781948
2024-02-29 14:00:00,2317.164671421995,1991.844870412333,1920.0656923261888
2024-02-29 15:00:00,2317.164671421995,2089.649123880794,1896.9500329406092
2024-02-29 16:00:00,2185.034217920849,2271.3723355194306,1683.3860175946807
2024-02-29 17:00:00,2185.034217920849,2294.1309949647803,1683.3860175946807
2024-02-29 18:00:00,2412.6956720572052,2590.750187675916,1958.5093964358143
2024-02-29 19:00:00,3157.658377336289,3614.222536244548,2912.3205358801265
2024-02-29 20:00:00,4065.2866632206133,4100.275630745322,3419.211810721742
2024-02-29 21:00:00,4939.414730788807,4791.075760600019,3690.079241751305
2024-02-29 22:00:00,5686.558664883525,6811.20115362013,4813.744362252611
2024-02-29 23:00:00,6219.72846713143,8197.16668991399,5554.874065185276
2024-03-01 00:00:00,7003.252338457642,8787.05922520164,6102.782608297265
2024-03-01 01:00:00,12525.495446710149,13316.830464945038,10970.231810549813
2024-03-01 02:00:00,13169.357878803641,14314.27235297212,11400.274236123687
2024-03-01 03:00:00,14743.633722494142,15820.923867309748,13323.12855961401
2024-03-01 04:00:00,15727.495032417759,16649.126187742942,14331.781151763176
2024-03-01 05:00:00,15849.87422887924,17494.107016909627,14604.545174730778
2024-03-01 06:00:00,15849.87422887924,17525.343924873527,14661.313504178806
2024-03-01 07:00:00,15346.143893912305,17494.107016909627,14661.313504178806
2024-03-01 08:00:00,14613.888416891314,17271.850374416663,13991.295129611506
2024-03-01 09:00:00,13643.06162504774,16541.13419272148,12754.819617651277
2024-03-01 10:00:00,13212.645970391233,13976.6293729169,11898.25810277432
2024-03-01 11:00:00,12797.200549143789,12715.049916925147,10713.21422043641
2024-03-01 12:00:00,12646.134113506221,12120.32170774863,10192.671162274079
2024-03-01 13:00:00,12646.134113506221,12120.32170774863,10192.671162274079
2024-03-01 14:00:00,12814.138016349867,12120.32170774863,10335.587440202231
2024-03-01 15:00:00,12977.204548066693,12094.131771842794,10335.587440202231
2024-03-01 16:00:00,12814.138016349867,11964.00742144556,9936.700052972925
2024-03-01 17:00:00,12649.31360631913,11398.243705310402,9792.6058239544
2024-03-01 18:00:00,11973.427624722959,11005.720648138586,8749.828381672363
2024-03-01 19:00:00,10879.629989154673,8943.263039805795,7218.154361340175
2024-03-01 20:00:00,9053.94723375301,6284.800648886581,5792.546642334367
2024-03-01 21:00:00,8098.252401099599,6284.800648886581,5695.689049402472
2024-03-01 22:00:00,7983.023130800591,6419.440350257482,5695.689049402472
2024-03-01 23:00:00,7813.37971304474,6443.017449587888,6185.586472439795
2024-03-02 00:00:00,7691.338050333994,6601.242608332173,6386.043088003491
2024-03-02 01:00:00,10006.351776350908,9994.801796765914,8877.438324733635
2024-03-02 02:00:00,11176.98911038579,11092.61013148945,9592.794994419157
2024-03-02 03:00:00,13352.10396739324,13081.76812250976,11529.965936407956
2024-03-02 04:00:00,13436.52833179853,13966.51025691621,12051.89913435757
2024-03-02 05:00:00,13471.579269051148,14061.577303063497,12298.778331424774
2024-03-02 06:00:00,13807.321591165562,14383.099930363753,12437.444022558198
2024-03-02 07:00:00,13956.013210070769,14383.099930363753,12437.444022558198
2024-03-02 08:00:00,13956.013210070769,15834.90298586954,13898.155968271085
2024-03-02 09:00:00,13425.08527115179,15834.90298586954,13898.155968271085
2024-03-02 10:00:00,11774.140178185315,13191.426305789053,11330.651462694104
2024-03-02 11:00:00,11774.140178185315,11688.58789617193,10719.34789046148
2024-03-02 12:00:00,12384.50551316279,11688.58789617193,10719.34789046148
2024-03-02 13:00:00,15027.044148477027,15177.693081472871,13683.036182878841
2024-03-02 14:00:00,15724.663134413435,16252.922929328563,14625.54585921399
2024-03-02 15:00:00,15789.638591009783,16694.500025604095,14625.54585921399
2024-03-02 16:00:00,16229.257590346986,16737.444380554338,14625.54585921399
2024-03-02 17:00:00,16103.49015204241,17504.93432885891,15026.809366753472
2024-03-02 18:00:00,16164.020994011273,17627.147100052458,15303.557318323745
2024-03-02 19:00:00,16103.49015204241,17979.094875232895,15652.539006805466
2024-03-02 20:00:00,16164.020994011273,18294.608332698484,15652.539006805466
2024-03-02 21:00:00,16418.887440396957,18382.15027616508,15672.697791058003
2024-03-02 22:00:00,16751.672221652934,18421.719040185657,15785.780755964557
2024-03-02 23:00:00,17006.645919967523,18421.719040185657,15873.698081690398
2024-03-03 00:00:00,17235.242956344657,18507.74036460751,15905.604899486952
2024-03-03 01:00:00,17136.566241000313,18068.46743874377,15816.29630170669
2024-03-03 02:00:00,17345.71988243399,18263.39462747369,15719.881833244846
2024-03-03 03:00:00,16927.412599566633,18304.10306005302,15719.881833244846
2024-03-03 04:00:00,16862.686160438476,18304.10306005302,15280.245288001246
2024-03-03 05:00:00,16285.592120547359,17606.708326335778,14725.51389472171
2024-03-03 06:00:00,15816.85701330161,16862.692128913975,14278.258870639209
2024-03-03 07:00:00,14876.80089445036,16207.790360833664,13783.191996755899
2024-03-03 08:00:00,13008.658495564207,14147.855575651629,12151.023458710328
2024-03-03 09:00:00,11148.017675787109,11401.038002161922,10280.41192588713
2024-03-03 10:00:00,10379.192535441907,9266.452136716522,8157.018011286149
2024-03-03 11:00:00,10379.192535441907,9049.464405618599,8157.018011286149
2024-03-03 12:00:00,10379.192535441907,9049.464405618599,8777.638768827639
2024-03-03 13:00:00,10562.828100539995,10425.68166892583,9276.04947741214
2024-03-03 14:00:00,10562.828100539995,11083.28310554993,9710.625387800565
2024-03-03 15:00:00,10856.26904170029,11133.65597667461,10155.776725039605
2024-03-03 16:00:00,12251.931604184201,12368.705744020137,10864.446437085313
2024-03-03 17:00:00,12833.405298132697,13200.233068785903,10916.59924503448
2024-03-03 18:00:00,13335.685652192735,13636.0731110507,11174.470905233991
2024-03-03 19:00:00,13612.24565713783,15098.594446236542,13030.581632965175
2024-03-03 20:00:00,14201.293561069742,16057.48686444622,14217.480319652956
2024-03-03 21:00:00,14715.469821202118,16281.447568424403,14312.73266719702
2024-03-03 22:00:00,14808.803977162557,16563.94027746774,14508.265196556116
2024-03-03 23:00:00,14808.803977162557,16704.565004160402,14666.726353001033
2024-03-04 00:00:00,14709.414711094953,16996.272307090472,14899.141658604662
2024-03-04 01:00:00,13191.340496489658,15429.134807202241,13256.336093501892
2024-03-04 02:00:00,13334.406789179877,15524.369759637388,13480.653164713458
2024-03-04 03:00:00,13048.274203799438,16277.229502065653,13874.13482435565
2024-03-04 04:00:00,12473.362779248631,16277.229502065653,13874.13482435565
2024-03-04 05:00:00,12354.595566572298,15931.720196679784,11593.146260939222
2024-03-04 06:00:00,11785.027406943847,14993.627030491474,11519.523717648735
2024-03-04 07:00:00,11785.027406943847,14837.624373391282,8593.411987840858
2024-03-04 08:00:00,10551.338716165656,13498.116270936527,7939.763252666446
2024-03-04 09:00:00,5039.239913835575,7216.373731525035,3998.5538228870605
2024-03-04 10:00:00,3009.417438813558,5376.740903406708,2714.6969069939
2024-03-04 11:00:00,2844.3057274641033,3818.3727354180282,2260.2463003924217
2024-03-04 12:00:00,2590.1795054341383,2608.836655015175,1936.61130210497
2024-03-04 13:00:00,2188.969620243817,2380.718095199103,1936.61130210497
2024-03-04 14:00:00,2188.969620243817,2334.2752176543527,1914.158277388939
2024-03-04 15:00:00,2453.3412465453584,2380.718095199103,1945.9065938304827
2024-03-04 16:00:00,2702.87553132048,2474.5494010447346,2044.139744133446
2024-03-04 17:00:00,2835.0881607182237,2675.437025673238,2050.5125424195444
2024-03-04 18:00:00,2835.0881607182237,2962.584744486454,2050.5125424195444
2024-03-04 19:00:00,2883.72475792926,2975.6438890435766,1915.422734883302
2024-03-04 20:00:00,2883.72475792926,3261.605550003589,1915.422734883302
2024-03-04 21:00:00,2973.966943347792,3065.9624949491117,2278.329297266344
2024-03-04 22:00:00,3098.790214243487,3405.8000967850094,2462.092921872674
2024-03-04 23:00:00,3441.1295886933785,3729.37256841634,2796.440602423407
2024-03-05 00:00:00,3471.4383784904367,3733.8908220400062,2828.0261757798885
2024-03-05 01:00:00,2859.61226576187,3035.5380302722588,2360.033235667568
2024-03-05 02:00:00,2753.80436563118,2957.8030627476855,2131.4355935214694
2024-03-05 03:00:00,2684.3065217333587,2890.9249081012513,1819.3222897154408
2024-03-05 04:00:00,2684.3065217333587,2890.9249081012513,1819.3222897154408
2024-03-05 05:00:00,2737.9640983239387,2691.1739999046986,1991.682979862382
2024-03-05 06:00:00,3031.2042955873385,2691.1739999046986,2265.626054975965
2024-03-05 07:00:00,3223.534448414064,2838.739485221213,2327.0889120468364
2024-03-05 08:00:00,3571.787709747672,3404.035317332029,2841.1533961210494
2024-03-05 09:00:00,3571.787709747672,3404.035317332029,2327.0889120468364
2024-03-05 10:00:00,3121.992513896086,2874.4362441095964,2237.3828062209373
2024-03-05 11:00:00,2740.8918464907074,2874.4362441095964,1919.235083261187
2024-03-05 12:00:00,2601.675852355049,2874.4362441095964,1919.235083261187
2024-03-05 13:00:00,2601.675852355049,3248.8249661188984,2476.0046537163826
2024-03-05 14:00:00,2894.4753809637605,3354.3932361851203,2494.486839460147
2024-03-05 15:00:00,3114.3454737353277,3625.8386825708894,2668.4578333447803
2024-03-05 16:00:00,3572.453304328208,3969.2445680388428,2680.2298762848336
2024-03-05 17:00:00,3888.0249559073654,4407.91950327162,3452.472194885417
2024-03-05 18:00:00,4037.331326981166,4839.668346713264,3646.084431507272
2024-03-05 19:00:00,4550.5378427788855,5326.896619161116,4645.6535164680745
2024-03-05 20:00:00,4550.5378427788855,5329.191358086122,5049.904110326624
2024-03-05 21:00:00,4550.5378427788855,5616.636093309084,5049.904110326624
2024-03-05 22:00:00,4740.271467065863,6107.552961293703,5049.904110326624
2024-03-05 23:00:00,4888.437954025012,6516.464014757811,5403.616638644691
2024-03-06 00:00:00,5110.509961859591,6674.233259643281,5483.50583275134
2024-03-06 01:00:00,6431.486190439746,7250.924226376867,5790.593980049446
2024-03-06 02:00:00,6146.661536290904,7092.672962153192,5758.748674068346
2024-03-06 03:00:00,6011.873216585249,6489.723648126685,5298.413364910393
2024-03-06 04:00:00,5455.503928940247,6018.653688630981,4338.1787095549535
2024-03-06 05:00:00,5156.86487771911,5864.221929700836,4189.894084709311
2024-03-06 06:00:00,4476.56498907496,5022.514796768972,3934.4913011954272
2024-03-06 07:00:00,4303.9373785569105,5022.514796768972,3751.774519456745
2024-03-06 08:00:00,3895.6997804645125,4925.99334494789,3016.1074149427327
2024-03-06 09:00:00,3261.734656691382,3813.9179352611045,2644.338872888544
2024-03-06 10:00:00,2917.191062490374,3502.6470497177743,2644.338872888544
2024-03-06 11:00:00,2917.191062490374,3502.6470497177743,2734.36175101907
2024-03-06 12:00:00,2916.3732044054523,3537.3420804040416,2734.36175101907
2024-03-06 13:00:00,2735.7928991588215,3537.3420804040416,2546.9037827381294
2024-03-06 14:00:00,2586.5653425065248,3014.4431940468494,2220.6216784107337
2024-03-06 15:00:00,2477.5645569684293,2976.597450411422,1868.554530089297
2024-03-06 16:00:00,2412.3732761462998,2976.597450411422,1868.554530089297
2024-03-06 17:00:00,2412.3732761462998,3037.554223874644,2076.0155818857324
2024-03-06 18:00:00,2449.495297632355,3180.527587400933,2242.8368086010705
2024-03-06 19:00:00,2514.5490668243874,3180.527587400933,2568.254994974748
2024-03-06 20:00:00,2531.2851706014917,3122.466245518892,2568.254994974748
2024-03-06 21:00:00,2622.7130104828066,3001.2760751566693,2341.034307744286
2024-03-06 22:00:00,2622.7130104828066,2787.6652077915223,2300.033280504278
2024-03-06 23:00:00,2669.60314404997,2648.134788005287,2341.034307744286
2024-03-07 00:00:00,2807.382748351787,2666.559406549297,2334.012408297341
2024-03-07 01:00:00,2932.5461824343192,2739.5993074305607,2197.5847876380076
2024-03-07 02:00:00,2911.656383154568,2859.282980622691,1967.577493869464
2024-03-07 03:00:00,2841.3229618594214,2965.885657227831,1936.0791906132258
2024-03-07 04:00:00,2754.1045874977226,3057.484286846342,1967.577493869464
2024-03-07 05:00:00,2754.1045874977226,3222.9675713016804,2252.432055728229
2024-03-07 06:00:00,2914.9508369697487,3292.0440733970354,2310.743287255956
2024-03-07 07:00:00,3222.1223865099946,3678.072995533508,2588.7983631527745
2024-03-07 08:00:00,3222.1223865099946,3750.186182036334,2754.417986189974
2024-03-07 09:00:00,3057.757349046189,3960.688428435884,2880.210944036083
2024-03-07 10:00:00,3057.757349046189,4154.794737739427,2882.873000355631
2024-03-07 11:00:00,2842.9626018586277,4173.160889981995,2882.873000355631
2024-03-07 12:00:00,3289.488531121913,4364.6972099641025,3026.21791192056
2024-03-07 13:00:00,3305.70863016813,4417.318560939069,3175.5518999940805
2024-03-07 14:00:00,3687.6275741118407,4943.610708712373,3249.754071241695
2024-03-07 15:00:00,5081.075384418829,6986.188055720535,5510.602059629144
2024-03-07 16:00:00,7153.9447146029215,8080.568111315595,6375.42782690992
2024-03-07 17:00:00,8301.28413146312,9098.966250134177,7374.275966379515
2024-03-07 18:00:00,8322.488801260024,9120.670958913248,7729.190395580926
2024-03-07 19:00:00,8791.125638547028,9149.698806575674,7729.190395580926
2024-03-07 20:00:00,9600.25369313353,10199.230274529244,9215.966491904735
2024-03-07 21:00:00,11424.91259023022,12628.915962779443,11140.103741797973
2024-03-07 22:00:00,12636.988843296484,13624.938253219847,12296.173166682449
2024-03-07 23:00:00,13499.861753387444,13876.986760139043,12519.240306734559
2024-03-08 00:00:00,13619.266166439713,13943.473873215118,12607.492438723417
2024-03-08 01:00:00,14075.733364342224,13504.601081334979,12270.82966393638
2024-03-08 02:00:00,13417.748938258554,13067.396159379294,11593.214944250349
2024-03-08 03:00:00,13417.748938258554,13067.396159379294,11593.214944250349
2024-03-08 04:00:00,13916.428804808378,14968.55138601945,12366.033559793246
2024-03-08 05:00:00,14097.356888257587,15766.288964313982,13131.935231564932
2024-03-08 06:00:00,14097.356888257587,15766.288964313982,13131.935231564932
2024-03-08 07:00:00,14108.563252727161,14772.329046317238,12594.067443272621
2024-03-08 08:00:00,13979.309866096362,13734.319394881612,12179.85546469614
2024-03-08 09:00:00,13782.952423387265,13241.194916354898,12039.017865794656
2024-03-08 10:00:00,13112.000023333752,12636.084266256206,11442.37298492945
2024-03-08 11:00:00,12532.895999588525,10990.552008635894,10249.937182328436
2024-03-08 12:00:00,12393.033225516116,10669.462232736112,9500.913446447743
2024-03-08 13:00:00,12393.033225516116,10599.878794188025,9410.213607153028
2024-03-08 14:00:00,12420.194755695326,10599.878794188025,9410.213607153028
2024-03-08 15:00:00,12420.194755695326,11249.207841749885,9410.213607153028
2024-03-08 16:00:00,12351.239127915647,11249.207841749885,8879.794658886432
2024-03-08 17:00:00,10958.034963286493,10219.409332827516,7792.481521917379
2024-03-08 18:00:00,8543.934363690372,9002.980697474635,6218.155115372684
2024-03-08 19:00:00,6631.488577894274,6985.730920503713,5707.406898324822
2024-03-08 20:00:00,6631.488577894274,6305.135083868006,5444.148534066516
2024-03-08 21:00:00,6631.488577894274,6253.890757281629,5579.49816475195
2024-03-08 22:00:00,6304.644239715165,5529.801527043162,5444.148534066516
2024-03-08 23:00:00,4850.294772415673,5022.145216386385,4421.591391952476
2024-03-09 00:00:00,4829.089027400923,4626.081086728237,4088.408117789969
2024-03-09 01:00:00,4818.407058370294,4230.283482919544,3530.093545307266
2024-03-09 02:00:00,4631.479333905909,4125.673910073923,3390.028481579866
2024-03-09 03:00:00,4400.208671968867,3838.026816475689,2588.6225138569657
2024-03-09 04:00:00,4192.397302834021,3414.9936466112304,2368.7764681694393
2024-03-09 05:00:00,3573.8100768722597,3316.666183319874,2346.7608599562236
2024-03-09 06:00:00,3379.8325822591596,3183.4376891352113,2368.7764681694393
2024-03-09 07:00:00,3374.246968886946,3109.7224192958565,2276.708155319276
2024-03-09 08:00:00,3355.1990064197744,2755.920706661327,2276.708155319276
2024-03-09 09:00:00,2901.6960261116637,2440.5511989997613,1794.706302578388
2024-03-09 10:00:00,2901.6960261116637,2223.79299316379,1691.8440612501
2024-03-09 11:00:00,2901.6960261116637,2223.79299316379,1639.691346794698
2024-03-09 12:00:00,2554.15009287029,2223.79299316379,1639.691346794698
2024-03-09 13:00:00,2554.15009287029,2637.419234911107,1822.1394713346012
2024-03-09 14:00:00,2994.8658624342806,3138.215164390691,2191.0129948771614
2024-03-09 15:00:00,3292.518390785879,3334.3871031021954,2291.423588529187
2024-03-09 16:00:00,3703.103526950754,3334.3871031021954,2469.1089889324726
2024-03-09 17:00:00,3915.5703576603846,3585.5289111197453,2628.5584797159645
2024-03-09 18:00:00,4435.951747719043,3585.5289111197453,2628.5584797159645
2024-03-09 19:00:00,4435.951747719043,3860.079601827627,2942.934281435637
2024-03-09 20:00:00,4519.197631944328,4053.7783694212885,3382.2506160627163
2024-03-09 21:00:00,4519.197631944328,4647.199247050123,3948.349175488518
2024-03-09 22:00:00,5271.948900120227,5692.1914038090745,4089.389803068428
2024-03-09 23:00:00,6092.994012600234,6819.826614260055,4895.981792215879
2024-03-10 00:00:00,7043.379371599383,7597.177378735952,5252.344644756257
2024-03-10 01:00:00,9063.429817110828,11007.241167410742,7205.9966679674035
2024-03-10 02:00:00,9448.053858047371,11459.687923252312,7876.886872595641
2024-03-10 03:00:00,9448.053858047371,11459.687923252312,7876.886872595641
2024-03-10 04:00:00,8593.385910303663,10746.15323467834,7454.983119582741
2024-03-10 05:00:00,8100.395413442908,10145.985298805173,7006.390420558081
2024-03-10 06:00:00,8100.395413442908,10075.327217595584,7006.390420558081
2024-03-10 07:00:00,8100.395413442908,9843.891258544198,7006.390420558081
2024-03-10 08:00:00,7591.962777814391,8516.352158772816,5928.564004343656
2024-03-10 09:00:00,5687.897724087619,6549.77730066067,4686.7611817890565
2024-03-10 10:00:00,3683.6403686439244,4860.637617407776,3588.8080803237553
2024-03-10 11:00:00,3273.5220036211012,3765.118524306634,2778.131854591137
2024-03-10 12:00:00,3273.5220036211012,3765.118524306634,2778.131854591137
2024-03-10 13:00:00,3653.9808349322193,4127.671186756328,3341.7920986954045
2024-03-10 14:00:00,4266.132672013966,4483.349532050215,3415.398334482102
2024-03-10 15:00:00,4507.976500302203,4483.349532050215,3415.398334482102
2024-03-10 16:00:00,4727.185462833557,4817.203752705524,3558.3193367375075
2024-03-10 17:00:00,4727.185462833557,6026.189995174016,3968.518676471534
2024-03-10 18:00:00,6136.522079658088,7082.070828836868,5563.9148290160265
2024-03-10 19:00:00,9035.277148989013,11689.882033860933,8153.950089871413
2024-03-10 20:00:00,11801.650553976953,15008.050735485787,10388.283627913474
2024-03-10 21:00:00,14422.675661390533,17329.128058266164,13201.733997518008
2024-03-10 22:00:00,16072.720681942552,18338.046530787236,14832.662994598177
2024-03-10 23:00:00,17466.32682912132,18864.793944883808,16398.021423751685
2024-03-11 00:00:00,18103.181786454865,18786.262671351054,17181.749390571542
2024-03-11 01:00:00,17862.020088138743,19183.39908005641,16935.80315717069
2024-03-11 02:00:00,18108.68978659244,19387.945908880884,17207.35664450851
2024-03-11 03:00:00,18928.98038820848,19566.153220751494,17207.35664450851
2024-03-11 04:00:00,19397.48064580104,19666.493280254814,16954.130318934127
2024-03-11 05:00:00,19526.739691578012,19666.493280254814,16954.130318934127
2024-03-11 06:00:00,19526.739691578012,19666.493280254814,16954.130318934127
2024-03-11 07:00:00,18961.876592303302,19124.593627902785,16871.527725266253
2024-03-11 08:00:00,17807.41793494722,17648.39301617032,15848.490143092118
2024-03-11 09:00:00,16851.827629494917,17292.71325287803,15637.63178432428
2024-03-11 10:00:00,13778.500114554841,15283.568680562325,12695.791396986522
2024-03-11 11:00:00,13738.064052138672,15189.001030301646,12678.00606366929
2024-03-11 12:00:00,12685.289970414691,14797.579409150349,11953.433666169132
2024-03-11 13:00:00,10819.811168894745,12707.866367284656,10286.939454846186
2024-03-11 14:00:00,10819.811168894745,12327.745354689521,10286.939454846186
2024-03-11 15:00:00,10819.811168894745,12012.647055684665,10275.597224149302
2024-03-11 16:00:00,9126.581855415654,10928.04436726302,9277.667434568317
2024-03-11 17:00:00,7809.407161341749,8974.919545672168,6959.3347379341185
2024-03-11 18:00:00,7670.083150097104,8974.919545672168,6740.610233526406
2024-03-11 19:00:00,7694.672048745006,9186.100377502153,6720.257398249953
2024-03-11 20:00:00,7694.672048745006,9395.34980870975,6720.257398249953
2024-03-11 21:00:00,8295.17301039075,10348.336409377087,7527.223411727933
2024-03-11 22:00:00,8669.892523600554,10348.336409377087,7949.549881909915
2024-03-11 23:00:00,8811.125009506128,10386.79149372126,7979.272856190745
2024-03-12 00:00:00,9051.83175839384,10625.538525116237,8336.18149099064
2024-03-12 01:00:00,11241.274999363628,14887.01788576571,10701.24847825175
2024-03-12 02:00:00,11624.523920507461,14833.394417316338,10939.62024895574
2024-03-12 03:00:00,11624.523920507461,14512.197253510045,10939.62024895574
2024-03-12 04:00:00,7770.5285348093075,8940.530236749744,6207.906868966704
2024-03-12 05:00:00,6010.046933296918,6288.222095924544,4877.5939600904885
2024-03-12 06:00:00,4605.068102096644,6122.354350478559,3982.3197680502676
2024-03-12 07:00:00,3701.8864868565306,4963.5119873652075,3408.765706312489
2024-03-12 08:00:00,2877.710781508231,3176.2052806142274,2358.020097948115
2024-03-12 09:00:00,2239.5616458873465,2863.9978786961237,1730.220207919853
2024-03-12 10:00:00,2239.5616458873465,2863.9978786961237,1730.220207919853
2024-03-12 11:00:00,2394.8982767952875,3233.586993825964,2123.082978272099
2024-03-12 12:00:00,2742.638592918942,3620.4612974235515,2526.5416816856577
2024-03-12 13:00:00,3084.6735105190364,3714.2198007011048,2526.5416816856577
2024-03-12 14:00:00,3239.5020891343647,3953.125059093343,2574.716170371072
2024-03-12 15:00:00,3434.656627584791,4017.51964174766,2574.716170371072
2024-03-12 16:00:00,3628.991081231341,4061.7543063739686,2747.441053861334
2024-03-12 17:00:00,3745.290386281362,4277.355467380452,2747.441053861334
2024-03-12 18:00:00,3628.991081231341,4061.7543063739686,2759.337896544641
2024-03-12 19:00:00,3443.978321758581,4006.389467488896,2769.0899174975093
2024-03-12 20:00:00,3443.978321758581,3844.823147093073,2855.9666567381164
2024-03-12 21:00:00,3429.449381806042,3780.6321139094125,2855.9666567381164
2024-03-12 22:00:00,3551.749886974785,3711.793312395859,2855.9666567381164
2024-03-12 23:00:00,3653.750505234848,3711.793312395859,2996.5474245231335
2024-03-13 00:00:00,3834.267210459002,3627.272822812637,3131.6043837739594
2024-03-13 01:00:00,5757.031169861559,6085.527832881742,4997.283248039178
2024-03-13 02:00:00,6231.929232752157,6716.273947723402,5386.886871568304
2024-03-13 03:00:00,7293.653286107271,8990.368218122618,7001.2169953855255
2024-03-13 04:00:00,9317.656916533037,11897.220710356996,9059.164560854293
2024-03-13 05:00:00,11939.191445503668,14697.647815025448,11989.570668344142
2024-03-13 06:00:00,12679.436590976935,15439.750168439425,12510.874078243882
2024-03-13 07:00:00,13054.785072859237,16105.77017255761,13071.793076779375
2024-03-13 08:00:00,13054.785072859237,16105.77017255761,13071.793076779375
2024-03-13 09:00:00,12720.900764971462,15553.011813475216,12419.612876608544
2024-03-13 10:00:00,10238.291021679312,12101.531912335971,9222.252490569941
2024-03-13 11:00:00,8786.877241843065,9682.041924081164,7773.409114639505
2024-03-13 12:00:00,8786.877241843065,9611.530788702148,7773.409114639505
2024-03-13 13:00:00,9668.917514895858,9611.530788702148,7796.983106520127
2024-03-13 14:00:00,10713.702156343135,11064.678039329,8690.64716724975
2024-03-13 15:00:00,12509.437463095452,13153.92779825945,10071.289433232143
2024-03-13 16:00:00,14519.509842766918,16196.366480156923,13688.422382209314
2024-03-13 17:00:00,15254.18882317664,17328.509533350745,14154.678306477861
2024-03-13 18:00:00,15807.538040744097,18064.19699066388,14932.476319570966
2024-03-13 19:00:00,16467.455397717742,19214.277362690766,16064.616657513763
2024-03-13 20:00:00,16907.514879597456,19484.973970827436,16609.746714397857
2024-03-13 21:00:00,17316.286978758544,19567.250426995808,16978.091385906017
2024-03-13 22:00:00,17316.286978758544,19567.250426995808,16978.091385906017
2024-03-13 23:00:00,16952.68598090866,19565.00057187747,16934.431531969654
2024-03-14 00:00:00,16748.770729148397,19559.60007812606,16833.396893833506
2024-03-14 01:00:00,15229.855163990987,18860.98653800726,16219.943597927146
2024-03-14 02:00:00,15692.350783574408,18840.17588167588,16279.372632809715
2024-03-14 03:00:00,15816.052878220104,18840.17588167588,16160.514563044577
2024-03-14 04:00:00,15863.065499806795,19427.017332780753,16494.57741328037
2024-03-14 05:00:00,15985.444306242334,19427.017332780753,16444.75714102985
2024-03-14 06:00:00,15985.444306242334,18660.26048785322,16444.75714102985
2024-03-14 07:00:00,14636.455126999545,18630.54491326242,16032.74349777128
2024-03-14 08:00:00,13900.54978646253,17751.351583155054,14054.400239859706
2024-03-14 09:00:00,12017.823220942384,15713.34104293759,11930.68522073654
2024-03-14 10:00:00,8658.6235464394,10992.194341539645,7482.9783272292225
2024-03-14 11:00:00,7067.45968820541,8555.82412756826,6223.062054786906
2024-03-14 12:00:00,6275.6288648574,6716.6791196269105,5143.999296003328
2024-03-14 13:00:00,5824.505245199021,5781.088121586816,4718.9573162833085
2024-03-14 14:00:00,5824.505245199021,5781.088121586816,4718.9573162833085
2024-03-14 15:00:00,6610.8226836959275,6536.057958765361,5029.800993459147
2024-03-14 16:00:00,8186.660629430368,8576.375572539688,6866.767885356995
2024-03-14 17:00:00,8916.205612575483,8680.6100673726,7498.5374264693055
2024-03-14 18:00:00,9333.37478345111,10576.826247139808,8220.23746023305
2024-03-14 19:00:00,12266.676909691489,14238.021843450033,11299.646097015924
2024-03-14 20:00:00,14974.164443162723,17180.398009914225,14961.383035918992
2024-03-14 21:00:00,16620.730572542903,18502.85119659429,17357.69977710679
2024-03-14 22:00:00,17715.905781561432,19296.811862123635,18173.24562763644
2024-03-14 23:00:00,17845.667859823618,19550.379883879235,18395.76608256889
2024-03-15 00:00:00,17899.35241339154,19672.934795585334,18465.49794063245
2024-03-15 01:00:00,17690.914280742505,19629.50402183533,17057.955332624602
2024-03-15 02:00:00,17497.804803920073,19611.385589202295,16657.866993146243
2024-03-15 03:00:00,17884.023757564937,19647.622454468372,16657.866993146243
2024-03-15 04:00:00,18770.413154048987,20161.464619702117,18093.982184244065
2024-03-15 05:00:00,18791.915896375074,20389.40534883765,18428.409781195678
2024-03-15 06:00:00,18852.924675533726,20423.613111092982,18428.409781195678
2024-03-15 07:00:00,18893.368343446316,20515.1098788184,18420.524767707815
2024-03-15 08:00:00,18893.368343446316,20534.82700699848,18415.3040173953
2024-03-15 09:00:00,18412.670380118376,20515.1098788184,18222.60319265573
2024-03-15 10:00:00,16847.703997458888,19500.3866101237,17399.86022440831
2024-03-15 11:00:00,16847.703997458888,19380.658706539416,16714.34290393804
2024-03-15 12:00:00,16406.570646372016,19156.291750160013,16548.360898368737
2024-03-15 13:00:00,16158.48784715603,19144.253765065325,16285.04754837994
2024-03-15 14:00:00,16158.48784715603,19144.253765065325,15979.290072317544
2024-03-15 15:00:00,16327.064365195929,19130.090490589428,15979.290072317544
2024-03-15 16:00:00,16516.3317885755,18911.966285997758,16100.578614368347
2024-03-15 17:00:00,16516.3317885755,18611.16783498272,16509.423174354186
2024-03-15 18:00:00,16348.921985101699,18222.916238368096,16509.423174354186
2024-03-15 19:00:00,15538.175525774494,17320.651445679978,15632.447828806346
2024-03-15 20:00:00,14258.263798620217,17320.651445679978,14422.140187708737
2024-03-15 21:00:00,14258.263798620217,17023.264900451457,14099.641606381547
2024-03-15 22:00:00,14032.825112692255,16891.734352371277,13038.836513461803
2024-03-15 23:00:00,14032.825112692255,15367.626174954648,11797.398205731666
2024-03-16 00:00:00,11931.173202398593,13308.375442860626,10164.771755985883
2024-03-16 01:00:00,7302.699999898357,7296.6938196692645,5600.080903020444
2024-03-16 02:00:00,5666.897224898531,5200.938258104397,3906.3515234634606
2024-03-16 03:00:00,4180.703050250862,3431.7863422736373,2688.8990117260632
2024-03-16 04:00:00,3804.7528422115065,3404.1436737732947,2570.950014720652
2024-03-16 05:00:00,3532.9311374806202,3333.172879663596,2570.950014720652
2024-03-16 06:00:00,3324.8369064209837,3313.520883212237,2570.950014720652
2024-03-16 07:00:00,3324.8369064209837,3307.222360732316,2488.7394734550085
2024-03-16 08:00:00,3224.445901536783,3271.585358698232,2010.5200585952318
2024-03-16 09:00:00,2951.2592819019956,3249.9379844251816,1868.2313734850502
2024-03-16 10:00:00,2883.879590983197,3188.077061815833,1868.2313734850502
2024-03-16 11:00:00,2870.2156980923683,3188.077061815833,1918.3713313522892
2024-03-16 12:00:00,2870.2156980923683,3273.704771486113,2084.941983607139
2024-03-16 13:00:00,2771.522412254759,3273.704771486113,2169.5075253459067
2024-03-16 14:00:00,2771.522412254759,3273.704771486113,2425.168098807611
2024-03-16 15:00:00,2931.64161766337,3867.325024839698,2169.5075253459067
2024-03-16 16:00:00,3115.0593403183993,4040.3360661228107,2425.168098807611
2024-03-16 17:00:00,4363.457614264344,5841.087870001613,3519.554522157493
2024-03-16 18:00:00,5414.835837484653,7408.444474669712,4375.791442797347
2024-03-16 19:00:00,6139.175147843556,10218.900416194541,6467.485317008204
2024-03-16 20:00:00,8971.994936620984,11584.335834773756,8890.473131027868
2024-03-16 21:00:00,9677.938921302184,12253.404652927018,9984.13970194712
2024-03-16 22:00:00,10805.272864841621,13018.056986312342,10162.84414034477
2024-03-16 23:00:00,11958.056805498767,13455.73991791193,11151.1309837063
2024-03-17 00:00:00,13348.49310752386,14696.426632037193,12153.065678298492
2024-03-17 01:00:00,16514.54344331792,19257.87083208136,16207.581504928567
2024-03-17 02:00:00,17732.855173899115,19950.17609438912,17152.838949020683
2024-03-17 03:00:00,17884.99865658782,19950.17609438912,17152.838949020683
2024-03-17 04:00:00,18192.687075097,19582.269816248296,16641.262682027027
2024-03-17 05:00:00,18135.32403664698,19447.713724253656,16348.717691844337
2024-03-17 06:00:00,18135.32403664698,19134.656000697847,16053.172780325924
2024-03-17 07:00:00,17634.390209207213,18856.553284089176,16348.717691844337
2024-03-17 08:00:00,16559.342169624226,18783.11136762549,15836.248317651703
2024-03-17 09:00:00,15548.45143262126,18783.11136762549,15706.854866332518
2024-03-17 10:00:00,15548.45143262126,18783.11136762549,14690.901802099812
2024-03-17 11:00:00,15116.398542744828,16666.735579124193,13463.813803119248
2024-03-17 12:00:00,14214.756568777671,14694.485218720318,10885.36891913989
2024-03-17 13:00:00,12039.600047676155,11906.177531801726,9247.557118598901
2024-03-17 14:00:00,9948.925837941139,9131.51872714981,7323.873537823631
2024-03-17 15:00:00,8330.882327653708,8351.785284462985,5781.041200558503
2024-03-17 16:00:00,7615.460333744703,7590.058372441185,5039.893465200654
2024-03-17 17:00:00,5352.654682617128,5908.3458063283,4038.0329117389233
2024-03-17 18:00:00,4517.590557776074,4775.44189913988,2827.005034411968
2024-03-17 19:00:00,3480.021897923785,4167.2221213649445,2484.598870215391
2024-03-17 20:00:00,3144.689831781492,3321.7544232356904,2439.5113592166654
2024-03-17 21:00:00,2701.081123329972,3321.7544232356904,1684.6754367010121
2024-03-17 22:00:00,2455.634600372143,3262.5788121961014,1640.795889256061
2024-03-17 23:00:00,2228.8249160117084,3262.5788121961014,1640.795889256061
2024-03-18 00:00:00,2342.2297581919256,3241.6901690440554,1790.9381256370104
2024-03-18 01:00:00,1504.286376843067,2164.382922623453,1550.4776968538229
2024-03-18 02:00:00,1512.4458603753028,2117.4858894404133,1560.3681076208588
2024-03-18 03:00:00,1486.4770291613422,2117.4858894404133,1398.2414691244435
2024-03-18 04:00:00,1512.4458603753028,2342.1373235639167,1560.3681076208588
2024-03-18 05:00:00,1754.4772054544846,2693.2035236718766,1398.2414691244435
2024-03-18 06:00:00,2376.7479789276294,2750.535373616809,1911.181163160249
2024-03-18 07:00:00,2431.723707868199,2824.1526452273083,1832.4985204962493
2024-03-18 08:00:00,3128.1318125114285,3008.989329613809,1863.3374237909795
2024-03-18 09:00:00,3128.1318125114285,3066.34455792026,1863.3374237909795
2024-03-18 10:00:00,2722.942123747571,3066.34455792026,1921.3081818880848
2024-03-18 11:00:00,2722.942123747571,3066.34455792026,2154.215750621391
2024-03-18 12:00:00,4458.47284823553,3472.9598508944055,3177.2239609681096
2024-03-18 13:00:00,6190.265301262343,4896.200791900816,4771.048179208045
2024-03-18 14:00:00,7289.454548524586,6286.688862947972,5239.349021201291
2024-03-18 15:00:00,7798.881953791335,6517.124776373849,5643.200233065971
2024-03-18 16:00:00,7798.881953791335,6976.676027807315,5959.694507360986
2024-03-18 17:00:00,7197.62310487245,6976.676027807315,5959.694507360986
2024-03-18 18:00:00,6116.141376880812,6976.676027807315,5169.405261006853
2024-03-18 19:00:00,6116.141376880812,7379.150168154361,5169.405261006853
2024-03-18 20:00:00,7189.948533289025,7899.989631463852,5991.919343525083
2024-03-18 21:00:00,9810.28287913103,10613.269528924688,8709.546341232463
2024-03-18 22:00:00,10408.785851842524,12509.80883937655,9588.0274513867
2024-03-18 23:00:00,12128.40548805085,14359.96838940454,11751.586352886889
2024-03-19 00:00:00,12407.978257061372,14684.189649700445,12154.606587798507
2024-03-19 01:00:00,12397.19383134792,14907.764087278018,11779.098864103311
2024-03-19 02:00:00,12656.205988137594,15004.52083363402,12308.055029381874
2024-03-19 03:00:00,13706.969479953294,15122.96577971075,12516.094851243324
2024-03-19 04:00:00,15592.882679465945,16367.469163933914,15141.449268875847
2024-03-19 05:00:00,16560.532296974518,17908.76376874259,15288.74191988911
2024-03-19 06:00:00,16513.657392899513,18154.23821134211,16400.33078990407
2024-03-19 07:00:00,16513.657392899513,18601.274137039258,16400.33078990407
2024-03-19 08:00:00,16342.389689906919,18309.540258690467,16400.33078990407
2024-03-19 09:00:00,14536.66331183986,18309.540258690467,16307.51811514481
2024-03-19 10:00:00,14504.056964250936,17404.75468889926,15276.040510175188
2024-03-19 11:00:00,14247.422119944793,17100.64578861808,14685.06172850791
2024-03-19 12:00:00,14071.988139092238,17100.64578861808,14685.06172850791
2024-03-19 13:00:00,14071.988139092238,17307.679220675072,15203.921248483646
2024-03-19 14:00:00,14795.435603877642,17980.139274197143,15420.111197059005
2024-03-19 15:00:00,15534.287459369341,17980.139274197143,15420.111197059005
2024-03-19 16:00:00,16266.801766464467,17980.139274197143,15334.745884797749
2024-03-19 17:00:00,16266.801766464467,18167.415622852815,15334.745884797749
2024-03-19 18:00:00,16154.821371082235,18416.472286992663,15633.35708287807
2024-03-19 19:00:00,16003.578296056383,18416.472286992663,15633.35708287807
2024-03-19 20:00:00,14285.137225082177,17528.65405840488,14304.905446455095
2024-03-19 21:00:00,14017.200864172892,15835.109197535252,13228.859820359488
2024-03-19 22:00:00,13929.341757695942,15651.900014752131,13228.859820359488
2024-03-19 23:00:00,14017.200864172892,15283.837082927137,13228.859820359488
2024-03-20 00:00:00,14181.640928115485,15010.802933547115,13296.342256892023
2024-03-20 01:00:00,13229.475950136235,13812.260609260135,11151.896748250882
2024-03-20 02:00:00,12006.52924246984,13342.129411944961,10076.565908194447
2024-03-20 03:00:00,10153.794417125,12969.259852944726,9043.636928885464
2024-03-20 04:00:00,8868.770913869128,10583.785387623771,7622.32978507449
2024-03-20 05:00:00,6989.242085870258,7408.420270865633,5718.413073832803
2024-03-20 06:00:00,6794.2357942612725,7408.420270865633,5718.413073832803
2024-03-20 07:00:00,6264.856244011984,7015.797971560943,5321.289824697511
2024-03-20 08:00:00,5919.0104540604325,5824.198674520458,4985.267440828841
2024-03-20 09:00:00,5633.881881398946,5716.680507108276,4888.241654728855
2024-03-20 10:00:00,5296.042593031195,5060.536231319133,4046.406597935049
2024-03-20 11:00:00,4799.669663726275,4334.884353550995,4006.006332795738
2024-03-20 12:00:00,4625.165666805582,4334.884353550995,3966.435935127656
2024-03-20 13:00:00,4625.165666805582,4620.949867356885,3966.435935127656
2024-03-20 14:00:00,4625.165666805582,4620.949867356885,3966.435935127656
2024-03-20 15:00:00,4051.6619057389016,4547.688601716245,3311.642959848191
2024-03-20 16:00:00,4051.6619057389016,4547.688601716245,3311.642959848191
2024-03-20 17:00:00,4255.524223556307,5294.434070699239,3311.642959848191
2024-03-20 18:00:00,4439.569528077756,5294.434070699239,3311.6493743535825
2024-03-20 19:00:00,4929.400074908857,5294.434070699239,3327.1688479917902
2024-03-20 20:00:00,5437.5458572503885,6187.0896840315245,4476.134384826904
2024-03-20 21:00:00,5470.274749344169,6859.535902223647,5104.328214615517
2024-03-20 22:00:00,5830.880826036983,6859.535902223647,5296.681905581292
2024-03-20 23:00:00,5830.880826036983,6191.89164155631,5296.681905581292
2024-03-21 00:00:00,5771.009996423041,6119.199098327048,5186.599363297746
2024-03-21 01:00:00,6131.051153008191,6320.166335362124,5312.497867412771
2024-03-21 02:00:00,6031.087336491525,6287.308948641017,5289.355540539022
2024-03-21 03:00:00,5901.2775325438515,6457.046016703705,5209.150529649264
2024-03-21 04:00:00,5683.2656933857925,6731.022049979171,5209.150529649264
2024-03-21 05:00:00,5683.2656933857925,7236.31659036583,5263.015569294161
2024-03-21 06:00:00,6363.3193496989625,7538.021777045251,5620.587454451033
2024-03-21 07:00:00,6363.3193496989625,7538.021777045251,5620.587454451033
2024-03-21 08:00:00,5578.864984464778,6188.465661767129,4334.969142118769
2024-03-21 09:00:00,3831.6958226660245,3386.1436499585307,3010.4546490983425
2024-03-21 10:00:00,3501.777568956839,3386.1436499585307,3010.4546490983425
2024-03-21 11:00:00,3501.777568956839,3498.575901267179,3043.4985453535355
2024-03-21 12:00:00,3819.905134428358,4600.030070759785,3043.511112239319
2024-03-21 13:00:00,4238.103020079476,4859.313631529738,3043.4985453535355
2024-03-21 14:00:00,4238.103020079476,4859.313631529738,3166.3690239823127
2024-03-21 15:00:00,3859.6797173897194,4444.889031401193,3166.3690239823127
2024-03-21 16:00:00,3744.906431952566,4340.150894442135,3166.3690239823127
2024-03-21 17:00:00,3744.906431952566,4340.150894442135,3042.630441691159
2024-03-21 18:00:00,3744.906431952566,4340.150894442135,2975.556357840999
2024-03-21 19:00:00,3899.201375941773,4797.158859126195,2975.556357840999
2024-03-21 20:00:00,4330.711717177521,5733.214846409535,3613.4382845744663
2024-03-21 21:00:00,4520.468466987475,6161.12331722459,3865.918788645224
2024-03-21 22:00:00,5102.3817341243775,6640.7293572609,4182.055410728604
2024-03-21 23:00:00,5102.3817341243775,6640.7293572609,4182.055410728604
2024-03-22 00:00:00,4757.47216347474,6789.017635823985,4023.4945047911447
2024-03-22 01:00:00,4098.58306819373,5248.424364954755,2991.4220142320464
2024-03-22 02:00:00,4137.859441317913,5371.783843654295,3080.1105372827483
2024-03-22 03:00:00,3899.1274157155312,5183.891365222809,3080.1105372827483
2024-03-22 04:00:00,3807.6691249007526,5183.891365222809,3075.574201890671
2024-03-22 05:00:00,3802.5148740443747,4061.493818809906,2765.1232463938036
2024-03-22 06:00:00,3779.8691116763002,4061.493818809906,2765.1232463938036
2024-03-22 07:00:00,3716.2650323951184,4093.641611825069,2793.873607828589
2024-03-22 08:00:00,3687.7625326796315,4830.053682685599,3204.384371828352
2024-03-22 09:00:00,3687.7625326796315,5319.287489492695,3673.1103195899004
2024-03-22 10:00:00,4258.57094619493,5701.421627412896,3756.423832606232
2024-03-22 11:00:00,5574.152721417598,6444.990852281035,5625.3981258648555
2024-03-22 12:00:00,5852.564663304499,7163.293561305523,5856.556438038073
2024-03-22 13:00:00,6881.5513150167835,8240.43605957751,6091.153076629078
2024-03-22 14:00:00,8519.95577350793,10146.079750470424,7874.913942626102
2024-03-22 15:00:00,10758.318517102323,11833.44801498457,9473.021126156831
2024-03-22 16:00:00,11832.424548673716,14207.818416671837,10266.377137869533
2024-03-22 17:00:00,12949.323693439053,14558.99668217449,12548.242561129822
2024-03-22 18:00:00,13770.00399894676,16150.743528196273,13760.362648096609
2024-03-22 19:00:00,14995.853980280444,16897.776858592017,14508.161966273861
2024-03-22 20:00:00,14995.853980280444,16897.776858592017,14508.161966273861
2024-03-22 21:00:00,13803.07713585539,16403.34855812029,13586.706478759157
2024-03-22 22:00:00,13646.609814154896,16403.34855812029,13414.294323234684
2024-03-22 23:00:00,12917.062994152686,16309.261604663025,13157.675751205981
2024-03-23 00:00:00,12388.979209290697,15863.640607896974,13156.408407823632
2024-03-23 01:00:00,13111.426878954479,16177.432163427426,15189.164127003824
2024-03-23 02:00:00,13198.590711551104,16259.534319292563,15012.520525399652
2024-03-23 03:00:00,12998.796631085745,15444.099187288415,14471.03296384684
2024-03-23 04:00:00,12169.175994579264,15106.221504156923,13994.133508662497
2024-03-23 05:00:00,11295.173491419337,13159.076934049635,11876.098522471904
2024-03-23 06:00:00,11092.838502805951,13159.076934049635,11092.319053646457
2024-03-23 07:00:00,10882.178584818299,13020.76194922663,10270.401633911399
2024-03-23 08:00:00,9787.26657212196,12461.325879227381,9628.615743441438
2024-03-23 09:00:00,9110.92963360264,11213.740240262761,9177.956471585725
2024-03-23 10:00:00,7090.636651676991,7296.2321026705795,6413.696708840843
2024-03-23 11:00:00,5440.086543916757,5590.907325093856,4615.488101348051
2024-03-23 12:00:00,5440.086543916757,4376.503080373883,3943.887139651005
2024-03-23 13:00:00,5187.545344743737,4351.139335780415,3909.741590785492
2024-03-23 14:00:00,5187.545344743737,4292.551574616415,3389.440528190322
2024-03-23 15:00:00,5187.197422927038,3954.3243309440095,3372.705666241873
2024-03-23 16:00:00,4898.489710252744,3887.198264910552,3165.1313914655543
2024-03-23 17:00:00,3703.3028627292824,3376.7272869367716,2889.444850514007
2024-03-23 18:00:00,3520.617191913023,3376.7272869367716,2526.668062404776
2024-03-23 19:00:00,3520.617191913023,3429.447417576863,2519.8062569062117
2024-03-23 20:00:00,4366.5652692577205,3770.7773604681915,2526.668062404776
2024-03-23 21:00:00,4366.5652692577205,4028.8218687065128,2801.8294248484685
2024-03-23 22:00:00,3227.086040089989,4028.8218687065128,2801.8294248484685
2024-03-23 23:00:00,2978.5494646856605,3264.519101714577,2520.009814168703
2024-03-24 00:00:00,2923.000506726272,3128.548910136923,2234.5239576861795
2024-03-24 01:00:00,2908.4782583055667,2643.021865614235,2125.550449091477
2024-03-24 02:00:00,2892.3386934699083,2677.1278540508993,2007.87499564243
2024-03-24 03:00:00,2887.9421792437734,2941.665920414858,1972.8247832925977
2024-03-24 04:00:00,2887.9421792437734,2993.410061527993,2007.87499564243
2024-03-24 05:00:00,3011.3783164209926,3090.2045499111446,2287.348886507919
2024-03-24 06:00:00,3644.4578308363543,3826.5100898327655,2848.2308327468804
2024-03-24 07:00:00,3659.780463432082,3846.927817413967,2848.2308327468804
2024-03-24 08:00:00,3831.2490492679117,3826.5100898327655,2710.070448392248
2024-03-24 09:00:00,3831.2490492679117,3726.529853108803,2348.500516559282
2024-03-24 10:00:00,3753.7567455550125,3726.529853108803,2259.1740317506515
2024-03-24 11:00:00,3599.0564298408335,3872.176230969999,2259.1740317506515
2024-03-24 12:00:00,3504.30845294981,4155.82917298883,2531.7882259974986
2024-03-24 13:00:00,3502.0371809024055,4146.160991037479,2614.24881827003
2024-03-24 14:00:00,3504.30845294981,4146.160991037479,2912.953537805999
2024-03-24 15:00:00,3539.8377405754673,4128.5834198940465,2761.2968101035494
2024-03-24 16:00:00,3666.122072225364,4128.5834198940465,2799.5425262051085
2024-03-24 17:00:00,3756.2696806656113,4102.686045797072,2799.5425262051085
2024-03-24 18:00:00,3756.2696806656113,4275.36498468942,2799.5425262051085
2024-03-24 19:00:00,3887.1730964443577,4771.747566132664,2792.2978971498032
2024-03-24 20:00:00,4107.098317349315,5483.546309338051,2738.850266602292
2024-03-24 21:00:00,4107.098317349315,5483.546309338051,2738.850266602292
2024-03-24 22:00:00,3867.382183075475,5294.942574651221,2751.872643308616
2024-03-24 23:00:00,3685.6981920107937,5283.454343819549,2836.7609895064898
2024-03-25 00:00:00,3532.211948062746,5191.084782442885,2928.226416633107
2024-03-25 01:00:00,3636.8356089198496,4523.122347946339,3039.4351319365605
2024-03-25 02:00:00,3612.066648991835,4517.6656563478045,2847.739979098526
2024-03-25 03:00:00,3442.624296964048,4288.715341237659,2847.739979098526
2024-03-25 04:00:00,3358.9441767318276,4058.7166840808804,2864.870879495034
2024-03-25 05:00:00,3168.941713986256,3910.910591936401,2864.870879495034
2024-03-25 06:00:00,3168.941713986256,3655.264491984457,2527.2958966213546
2024-03-25 07:00:00,3123.4607565368715,3655.264491984457,2472.8798616319555
2024-03-25 08:00:00,3182.2157498619163,3629.523656604859,2472.8798616319555
2024-03-25 09:00:00,3047.91830209975,3698.3051793098257,2502.077862401677
2024-03-25 10:00:00,2766.4225554176137,3857.815276979958,2671.876364235003
2024-03-25 11:00:00,2766.4225554176137,3857.815276979958,2671.876364235003
2024-03-25 12:00:00,2752.1798472658193,3373.3203271107104,2478.1383391895283
2024-03-25 13:00:00,2858.2771157956668,3373.3203271107104,2436.7937200663087
2024-03-25 14:00:00,2849.965302750539,3422.0656854680183,2436.7937200663087
2024-03-25 15:00:00,2953.1452430046193,4227.061043388487,2809.7289209620694
2024-03-25 16:00:00,3487.043000481948,4872.130572236625,3206.0130061722352
2024-03-25 17:00:00,3868.448304285328,5400.6745553199125,4043.7489758525885
2024-03-25 18:00:00,4975.254150666095,6862.899440043628,4501.836322964629
2024-03-25 19:00:00,5235.222945024259,7941.254483395919,5022.331643549862
2024-03-25 20:00:00,5310.9303604966535,8427.68051503025,6000.389301980394
2024-03-25 21:00:00,5310.9303604966535,8427.68051503025,6000.389301980394
2024-03-25 22:00:00,5035.376306235214,7474.195921877523,5757.304848918697
2024-03-25 23:00:00,4826.565580882358,7020.5851242661065,5743.946622968458
2024-03-26 00:00:00,4808.494445655302,7247.390523071815,5622.915918262242
2024-03-26 01:00:00,11066.23602818609,13270.778642843237,11634.067307225152
2024-03-26 02:00:00,11803.557580207327,13711.359264116343,12279.043773298856
2024-03-26 03:00:00,11803.557580207327,14390.793653934601,12279.043773298856
2024-03-26 04:00:00,11395.074953571013,14390.793653934601,12378.971618313144
2024-03-26 05:00:00,11247.193922146631,14135.191536907547,12378.971618313144
2024-03-26 06:00:00,11395.074953571013,13033.00924460602,12378.971618313144
2024-03-26 07:00:00,11232.910334362448,13033.00924460602,12209.420941459342
2024-03-26 08:00:00,8012.354519600085,9656.973091019878,9492.582347953077
2024-03-26 09:00:00,7688.4959081386205,8768.670127894191,7820.4645318323555
2024-03-26 10:00:00,6259.593980954023,7258.876748576155,6592.728915258293
2024-03-26 11:00:00,5174.203418877073,6187.380379723347,4879.111065441296
2024-03-26 12:00:00,3994.263156797686,4718.154558999351,3071.558490831388
2024-03-26 13:00:00,3296.6897939464307,4098.064372136334,2403.5781853900694
2024-03-26 14:00:00,2442.695979830625,3238.066972571449,2120.2843800151086
2024-03-26 15:00:00,2442.695979830625,3117.850144929067,2120.2843800151086
2024-03-26 16:00:00,2393.1672644488845,3111.843375206603,2351.9487789269265
2024-03-26 17:00:00,2629.554889209092,3111.843375206603,2411.2821366654343
2024-03-26 18:00:00,2924.5108639745868,3092.1854884500844,2411.2821366654343
2024-03-26 19:00:00,3191.203045518545,3092.1854884500844,3135.347647228372
2024-03-26 20:00:00,3568.8251780144637,3344.9681202971387,3135.347647228372
2024-03-26 21:00:00,3568.8251780144637,3464.548933292799,3093.8025578838847
2024-03-26 22:00:00,3330.3013229826593,3494.6991101259828,3093.8025578838847
2024-03-26 23:00:00,3330.3013229826593,3710.2402044579903,3205.6770656530903
2024-03-27 00:00:00,3663.128921900826,4105.063200954092,3442.758716493221
2024-03-27 01:00:00,4832.735099798491,4487.474375575777,3646.253528838428
2024-03-27 02:00:00,4839.1612354595545,4543.0972126907145,3349.421495170804
2024-03-27 03:00:00,4826.308964137428,4543.0972126907145,3349.421495170804
2024-03-27 04:00:00,4792.317921491531,4685.814466600017,3516.371091972973
2024-03-27 05:00:00,4512.428761314148,4685.814466600017,3516.371091972973
2024-03-27 06:00:00,4500.608082425131,4235.231342486766,2656.202320417571
2024-03-27 07:00:00,4244.458873121572,3570.9347222341185,2637.8771348934915
2024-03-27 08:00:00,4151.0106509209,3444.213065989148,2430.197338993356
2024-03-27 09:00:00,3654.787570624021,3121.1107562147226,2565.1713949431687
2024-03-27 10:00:00,3399.513341900636,2587.0939270149793,2299.769855078852
2024-03-27 11:00:00,3332.5330184161085,2507.318366843743,2299.769855078852
2024-03-27 12:00:00,3332.5330184161085,2587.0939270149793,2299.769855078852
2024-03-27 13:00:00,3101.583504475617,3035.885936391993,2577.0511580274556
2024-03-27 14:00:00,3101.583504475617,3187.022060394198,2681.559350031791
2024-03-27 15:00:00,3413.455443812554,3450.993002610174,2681.559350031791
2024-03-27 16:00:00,3485.541809215498,3450.993002610174,2733.0261334383185
2024-03-27 17:00:00,3563.586348259576,3478.862400676304,2950.2093600929957
2024-03-27 18:00:00,4096.149343584437,4597.873763158399,3438.56508944098
2024-03-27 19:00:00,6811.234404487309,7699.552834324934,5515.905769435098
2024-03-27 20:00:00,8393.14580843048,9392.811980353254,7605.51827510087
2024-03-27 21:00:00,8981.507742673703,11137.306236748052,8571.56002635515
2024-03-27 22:00:00,9739.762268839493,12819.72377675648,10229.60871142658
2024-03-27 23:00:00,10399.944506658258,13499.407194541815,10642.463340760934
2024-03-28 00:00:00,10807.525567143864,13579.505907586234,10874.714241355006
2024-03-28 01:00:00,9186.662338829548,11094.471682152789,9244.265871530732
2024-03-28 02:00:00,8302.338596202724,10846.936010075064,8768.040849682235
2024-03-28 03:00:00,8010.290181902545,10846.936010075064,7776.8888159073
2024-03-28 04:00:00,6799.597699902134,10846.936010075064,6717.0594104928105
2024-03-28 05:00:00,6799.597699902134,10585.691728465477,6717.0594104928105
2024-03-28 06:00:00,6428.3507249486875,9973.095312092843,6537.559797627534
2024-03-28 07:00:00,8297.396155505177,10585.691728465477,7573.562485815887
2024-03-28 08:00:00,8551.980229816805,11931.613603583595,8738.197965379335
2024-03-28 09:00:00,8551.980229816805,11931.613603583595,8738.197965379335
2024-03-28 10:00:00,8551.980229816805,11732.047727523786,8737.58598928157
2024-03-28 11:00:00,8161.200161927431,11732.047727523786,8737.58598928157
2024-03-28 12:00:00,7906.869970502479,11792.364444970197,8830.727442442858
2024-03-28 13:00:00,7906.869970502479,12114.622891699837,8935.44780080863
2024-03-28 14:00:00,8869.536364536458,12844.382043783744,10468.406570893612
2024-03-28 15:00:00,10312.081156727461,15161.317693177492,12235.351523738422
2024-03-28 16:00:00,10312.081156727461,15161.317693177492,12235.351523738422
2024-03-28 17:00:00,9314.621561065722,13333.538762779095,10968.261395897925
2024-03-28 18:00:00,8920.080319464238,12912.4229885392,9891.09259359846
2024-03-28 19:00:00,8920.080319464238,12849.547732010502,9891.09259359846
2024-03-28 20:00:00,9155.578865632195,12400.158921218726,9891.09259359846
2024-03-28 21:00:00,9423.858409783486,12400.158921218726,9644.716815437574
2024-03-28 22:00:00,10549.469387848623,13000.544220574233,9644.716815437574
2024-03-28 23:00:00,14433.237664357248,15132.561185261417,13623.087965709834
2024-03-29 00:00:00,14452.195551749443,15943.06856459822,14030.047374562651
2024-03-29 01:00:00,17106.14749651007,19327.371612139483,15951.268303333525
2024-03-29 02:00:00,17408.04436312761,19492.593827977427,16339.79507680412
2024-03-29 03:00:00,17408.04436312761,19574.650468748132,16398.601195905143
2024-03-29 04:00:00,16634.228087511106,19574.650468748132,16398.601195905143
2024-03-29 05:00:00,16184.242889276811,17955.59305180829,15039.270222667215
2024-03-29 06:00:00,14155.785599806768,16822.248462466217,14376.545069715314
2024-03-29 07:00:00,10536.50785750059,16427.72844162413,11863.522595316166
2024-03-29 08:00:00,10536.50785750059,15895.686850011652,11863.522595316166
2024-03-29 09:00:00,11244.790027612997,16310.394219763937,12438.130560504944
2024-03-29 10:00:00,11531.417835503693,16047.749084880274,12893.5823549389
2024-03-29 11:00:00,11769.772536665905,16310.394219763937,14039.55126371169
2024-03-29 12:00:00,11769.772536665905,17352.716416377203,14039.55126371169
2024-03-29 13:00:00,12526.00660349246,17447.185165662275,14757.095850873255
2024-03-29 14:00:00,12526.00660349246,17447.185165662275,14368.051854273388
2024-03-29 15:00:00,12697.590153965672,17423.972020359513,14368.051854273388
2024-03-29 16:00:00,12435.868081831028,17030.8990839035,13549.801628361774
2024-03-29 17:00:00,12697.590153965672,16809.564136166377,13549.801628361774
2024-03-29 18:00:00,12529.71798082934,16562.03709044879,13685.123218875575
2024-03-29 19:00:00,12846.994204995815,16809.564136166377,13875.637446882372
2024-03-29 20:00:00,13682.958761514112,17729.32451812394,14506.155550011403
2024-03-29 21:00:00,15843.249019203438,18020.250847733107,15071.637247465427
2024-03-29 22:00:00,16296.887473421928,18058.872312455635,15410.179064224727
2024-03-29 23:00:00,16296.887473421928,18076.627619995183,15867.343477429682
2024-03-30 00:00:00,16018.119643458527,18067.74996622541,15735.66200802183
2024-03-30 01:00:00,11086.860417170912,14152.189379184356,11504.89537052036
2024-03-30 02:00:00,10728.743761307162,14042.580154563326,11184.483087897843
2024-03-30 03:00:00,10141.810481698638,13543.795333151218,9705.868699556315
2024-03-30 04:00:00,9124.608929832042,11414.38606009367,7727.435078220908
2024-03-30 05:00:00,8749.561496019527,11327.77971712515,7727.435078220908
2024-03-30 06:00:00,8812.882653371122,11414.38606009367,8206.254925771604
2024-03-30 07:00:00,8812.882653371122,11611.623534046741,8267.793429021263
2024-03-30 08:00:00,8812.882653371122,11611.623534046741,8267.793429021263
2024-03-30 09:00:00,9380.188879511727,11398.912156863193,8331.361353847036
2024-03-30 10:00:00,8413.419628489588,10975.421579595548,8256.278031829059
2024-03-30 11:00:00,9188.510008345875,11398.912156863193,9015.806103603643
2024-03-30 12:00:00,9188.510008345875,11911.877564168028,9963.105326242532
2024-03-30 13:00:00,11243.525232001639,13599.831504909245,11974.679523475152
2024-03-30 14:00:00,11935.035560888902,14651.426073702536,13102.62622775804
2024-03-30 15:00:00,11935.035560888902,14651.426073702536,13102.62622775804
2024-03-30 16:00:00,11829.39111379546,13564.28892351287,11877.13357919072
2024-03-30 17:00:00,11448.786490515853,11393.450717770731,10504.68489981805
2024-03-30 18:00:00,9720.552159631214,10800.321997589741,9124.909622604224
2024-03-30 19:00:00,9720.552159631214,10800.321997589741,8742.585138609358
2024-03-30 20:00:00,10104.951191764376,12014.489759340955,8717.515409529873
2024-03-30 21:00:00,10827.169906394365,12043.054743210052,8742.585138609358
2024-03-30 22:00:00,10827.169906394365,12043.054743210052,8717.515409529873
2024-03-30 23:00:00,10399.125059744092,12043.054743210052,9081.742987295973
2024-03-31 00:00:00,9898.18233838011,11808.215774210148,8880.250168530332
2024-03-31 01:00:00,10058.06162630771,13083.150239981249,8691.316214976929
2024-03-31 02:00:00,10157.583102093522,13630.69364778066,9288.055367405734
2024-03-31 03:00:00,10648.877413075512,15030.625792233417,10309.989421372504
2024-03-31 04:00:00,11047.431246660053,15121.689432694458,10633.941950016559
2024-03-31 05:00:00,11047.431246660053,15163.121776922017,10633.941950016559
2024-03-31 06:00:00,11857.116638312049,15163.121776922017,10633.941950016559
2024-03-31 07:00:00,11857.116638312049,14582.92699352755,10483.119460934937
2024-03-31 08:00:00,8707.139396141389,11654.425578518718,7284.822511031169
2024-03-31 09:00:00,6770.391797969752,9855.060496893142,5867.208476707826
2024-03-31 10:00:00,4722.799074827241,5811.929967162512,3324.2738029649877
2024-03-31 11:00:00,3760.484493053784,3932.609556317768,2455.7994082589153
2024-03-31 12:00:00,3195.8121132059878,2692.2861618561783,2224.414594488012
2024-03-31 13:00:00,3195.8121132059878,2692.2861618561783,2158.6835749611264
2024-03-31 14:00:00,3169.4913831087233,2692.2861618561783,1902.6919451914464
2024-03-31 15:00:00,3169.4913831087233,2685.3874129915766,1717.3493894943258
2024-03-31 16:00:00,3133.336500537416,2529.8770245087107,1902.6919451914464
2024-03-31 17:00:00,3133.336500537416,2529.8770245087107,2202.2460406247055
2024-03-31 18:00:00,3365.54471719673,2881.6201412252813,2541.7642430776536
2024-03-31 19:00:00,4214.726245973319,3471.4458153316027,2553.2337178562266
2024-03-31 20:00:00,4538.890293276913,4277.646409968642,3175.183629876547
2024-03-31 21:00:00,4653.3305286337645,5927.492251375183,3884.103028913581
2024-03-31 22:00:00,6561.948064847217,7545.890874345536,5284.991278742516
2024-03-31 23:00:00,7377.98572526786,7861.627488872309,5783.216906401754
2024-04-01 00:00:00,7408.332959722133,8024.679598934971,5936.506044791069
2024-04-01 01:00:00,5991.889350976198,7775.661731199988,5514.392933272543
2024-04-01 02:00:00,6166.90530919368,7703.063798357625,5738.475806378316
2024-04-01 03:00:00,6068.557432336142,7378.253727474206,5373.182305346166
2024-04-01 04:00:00,6068.557432336142,7102.440169868858,5694.857532686942
2024-04-01 05:00:00,6068.557432336142,7102.440169868858,5694.857532686942
2024-04-01 06:00:00,7005.745490000295,8291.184215981692,5826.682241933525
2024-04-01 07:00:00,7231.046246458514,8461.430684827443,5998.648343903272
2024-04-01 08:00:00,8171.259375923829,8461.430684827443,7137.624528127295
2024-04-01 09:00:00,8712.222242897316,9318.02229230565,7229.80659725397
2024-04-01 10:00:00,8938.263586117713,9318.02229230565,7620.125640418932
2024-04-01 11:00:00,8938.263586117713,8971.445554095906,7620.125640418932
2024-04-01 12:00:00,8712.590333876395,8013.62439261327,6848.405975065993
2024-04-01 13:00:00,8542.654449294474,7590.435869233662,6292.72830739563
2024-04-01 14:00:00,8542.654449294474,7590.435869233662,6292.72830739563
2024-04-01 15:00:00,9414.752689646995,8612.228503040125,7135.426018063717
2024-04-01 16:00:00,9414.752689646995,8696.655894941501,7135.426018063717
2024-04-01 17:00:00,8008.6359090285905,8612.228503040125,6418.134771810216
2024-04-01 18:00:00,8008.6359090285905,8696.655894941501,6418.134771810216
2024-04-01 19:00:00,8648.33393009589,9904.120461124456,7782.049964302894
2024-04-01 20:00:00,10178.814200115004,12966.500459066261,9502.203364572979
2024-04-01 21:00:00,10730.611189446689,14282.813572754096,10138.92422359599
2024-04-01 22:00:00,11906.751920739955,15515.60239701238,10252.172331324611
2024-04-01 23:00:00,11906.751920739955,15515.60239701238,10503.811599073879
2024-04-02 00:00:00,12121.950603617104,15387.695559603815,10805.26437300788
2024-04-02 01:00:00,10507.39549146375,13170.529911193815,9652.064712781517
2024-04-02 02:00:00,10486.024089576278,13023.676237601136,9436.25661983761
2024-04-02 03:00:00,9756.065933662278,12372.758526489979,8012.124992517795
2024-04-02 04:00:00,8859.08560745492,10942.86517964343,7453.146636790284
2024-04-02 05:00:00,8859.08560745492,10942.86517964343,7453.146636790284
2024-04-02 06:00:00,8325.308048979381,10942.86517964343,6653.263438385214
2024-04-02 07:00:00,7979.635573507794,10711.157029769167,6427.495011155418
2024-04-02 08:00:00,6073.279197203911,8229.037385957577,5245.5456946948725
2024-04-02 09:00:00,4507.2891147712335,6861.823506248378,4786.211158935203
2024-04-02 10:00:00,3964.6099354945036,6055.497307795812,3210.5794855799677
2024-04-02 11:00:00,3851.034526863654,5174.920539073575,3210.5794855799677
2024-04-02 12:00:00,3657.725522306555,4757.380227660533,3210.5794855799677
2024-04-02 13:00:00,3545.530587394058,3958.653867608693,2770.8336051476217
2024-04-02 14:00:00,3354.1659516243617,3460.1284673185764,2770.8336051476217
2024-04-02 15:00:00,3066.0578121337076,3439.995238111649,2348.553914857339
2024-04-02 16:00:00,2948.8065778764667,3286.6444757135396,2348.553914857339
2024-04-02 17:00:00,2948.8065778764667,3286.6444757135396,2348.553914857339
2024-04-02 18:00:00,3176.2815131910174,3539.0294132523686,2374.476565060175
2024-04-02 19:00:00,3557.911680723315,3723.7767302679076,2610.7045512240775
2024-04-02 20:00:00,3632.3501975818617,3723.7767302679076,2630.059262986331
2024-04-02 21:00:00,3677.5400650776446,3723.7767302679076,2733.052472794309
2024-04-02 22:00:00,3711.135364454445,3711.3407722124502,2733.052472794309
2024-04-02 23:00:00,3711.135364454445,3738.301879226641,2593.0866541739574
2024-04-03 00:00:00,3636.242638633673,3855.4285073663905,2508.9407365254483
2024-04-03 01:00:00,3872.0530640772768,4228.678446168829,2992.9004101235832
2024-04-03 02:00:00,3679.53477972393,4181.9790523091215,2900.2108984700776
2024-04-03 03:00:00,3514.6969412221624,3806.4643930569346,2154.071032878916
2024-04-03 04:00:00,3067.014248059362,3687.6992772700432,2154.071032878916
2024-04-03 05:00:00,3018.150761588171,3687.6992772700432,2119.107387585106
2024-04-03 06:00:00,3018.150761588171,3352.8688639163247,2308.537914407246
2024-04-03 07:00:00,3018.150761588171,3352.8688639163247,2496.2420329841166
2024-04-03 08:00:00,3224.249298658351,3359.3574530846017,2569.304284808447
2024-04-03 09:00:00,3270.6764807358213,3727.668029331222,2643.065947392412
2024-04-03 10:00:00,3270.6764807358213,3727.668029331222,2643.065947392412
2024-04-03 11:00:00,3157.910642625864,3524.490298747054,2576.9056045484626
2024-04-03 12:00:00,2928.6119163421827,3524.490298747054,2576.9056045484626
2024-04-03 13:00:00,2928.6119163421827,3525.504672190127,2706.4659487943745
2024-04-03 14:00:00,3035.264711571639,3652.785091569367,2764.968553131016
2024-04-03 15:00:00,3137.9646412005277,3652.785091569367,2832.406747472377
2024-04-03 16:00:00,3137.9646412005277,3606.0304332034393,2832.406747472377
2024-04-03 17:00:00,3137.9646412005277,3606.0304332034393,2832.406747472377
2024-04-03 18:00:00,3201.3674479305046,3668.296688227516,2961.391060716433
2024-04-03 19:00:00,3442.04954769299,3668.296688227516,2961.391060716433
2024-04-03 20:00:00,3281.277867252609,3653.5515445179262,3002.2409220014747
2024-04-03 21:00:00,3364.433095090293,3653.5515445179262,2992.756809619549
2024-04-03 22:00:00,3364.433095090293,3869.6883057946798,3151.128620309099
2024-04-03 23:00:00,3377.7747472404353,3869.6883057946798,2992.756809619549
2024-04-04 00:00:00,3516.323364442983,3588.181513701018,3116.101286964409
2024-04-04 01:00:00,3268.3306564728355,3154.544678773982,2631.5393945826845
2024-04-04 02:00:00,3232.3979933399496,3085.117555146153,2723.663005918785
2024-04-04 03:00:00,3101.4618881911756,3085.117555146153,2539.415783246584
2024-04-04 04:00:00,3042.495071343492,3129.920055267028,2554.0011894601153
2024-04-04 05:00:00,3042.495071343492,3267.763411449083,2427.520752094926
2024-04-04 06:00:00,3042.495071343492,3267.763411449083,2285.344392979897
2024-04-04 07:00:00,2813.061884710787,3276.8273702192528,2285.344392979897
2024-04-04 08:00:00,2770.8678823265873,3175.8111775716206,2494.6572053512173
2024-04-04 09:00:00,2770.8678823265873,3233.4819078137207,2534.860849457578
2024-04-04 10:00:00,2738.2888920338573,3175.8111775716206,2691.7649588157146
2024-04-04 11:00:00,2738.2888920338573,3233.4819078137207,2756.0478626285076
2024-04-04 12:00:00,2993.466287641928,3382.5932901559154,2974.5029285673095
2024-04-04 13:00:00,3180.2828137923752,3389.779871790215,2974.5029285673095
2024-04-04 14:00:00,3223.7119532406978,3447.135882872508,2895.3720126593075
2024-04-04 15:00:00,3223.7119532406978,3459.1635984314435,2717.3073386284345
2024-04-04 16:00:00,2968.693457516387,3447.135882872508,2435.9024907833427
2024-04-04 17:00:00,2967.646493759308,3001.933795978197,2321.931122793551
2024-04-04 18:00:00,2968.693457516387,3001.933795978197,2072.189249094651
2024-04-04 19:00:00,3061.9654679679206,3241.1087381076577,2072.189249094651
2024-04-04 20:00:00,3082.011820711954,3281.9214713751244,2072.189249094651
2024-04-04 21:00:00,3390.1167659812363,3383.7804744226996,2324.077550265556
2024-04-04 22:00:00,3747.037694268165,3383.7804744226996,2549.714398545952
2024-04-04 23:00:00,3747.037694268165,3122.4333158259924,2588.6675445930778
2024-04-05 00:00:00,3682.7808609086105,3061.1176895671406,2627.9045451557445
2024-04-05 01:00:00,3175.542936500915,3153.0239981975137,2513.4986316551744
2024-04-05 02:00:00,3126.4527454807503,3112.1537354918255,2392.9815621823705
2024-04-05 03:00:00,3073.9100966407696,3012.445381655878,2302.71203447389
2024-04-05 04:00:00,3073.9100966407696,2995.2777721730054,2196.0681711749385
2024-04-05 05:00:00,3174.0604751115407,3012.445381655878,2196.0681711749385
2024-04-05 06:00:00,3369.9540699746594,3249.9871910137663,2236.7839893451855
2024-04-05 07:00:00,3681.604007948785,3312.0241729155987,2456.6532049466828
2024-04-05 08:00:00,3681.604007948785,3249.9871910137663,2456.6532049466828
2024-04-05 09:00:00,3582.182693061757,3155.8281676759143,2389.9855780535204
2024-04-05 10:00:00,3414.234552484264,3155.8281676759143,2389.9855780535204
2024-04-05 11:00:00,3144.7053396318297,3328.209774613146,2397.213508739087
2024-04-05 12:00:00,3144.7053396318297,3328.209774613146,2550.025667936995
2024-04-05 13:00:00,3014.662124521352,3328.209774613146,2876.122116011291
2024-04-05 14:00:00,3189.1886882451563,3637.3711765362114,3182.436422609619
2024-04-05 15:00:00,3366.087204693087,3637.3711765362114,3182.436422609619
2024-04-05 16:00:00,3707.7611051446966,3331.671825664029,3120.6816143477713
2024-04-05 17:00:00,3707.7611051446966,3331.671825664029,2960.856740233818
2024-04-05 18:00:00,3720.274229027673,4050.4044924987465,3120.6816143477713
2024-04-05 19:00:00,4167.994008888065,4063.297539891344,3561.956112942131
2024-04-05 20:00:00,4613.7549511104635,5540.302671557638,4270.351488540245
2024-04-05 21:00:00,4772.357249175938,6647.67479009547,4774.960965574019
2024-04-05 22:00:00,5951.622251537976,8345.75380405202,5598.697151388918
2024-04-05 23:00:00,9156.096607699546,11435.91715267444,8313.588013528883
2024-04-06 00:00:00,10368.069958091894,12875.073921751284,9420.513835482427
2024-04-06 01:00:00,12715.606626160157,14339.796348725122,10904.089085411506
2024-04-06 02:00:00,12595.53092894205,15593.551722630538,11217.999736048383
2024-04-06 03:00:00,13442.001286457227,16050.827153495386,11714.649589589231
2024-04-06 04:00:00,12595.53092894205,16050.827153495386,11217.999736048383
2024-04-06 05:00:00,13442.001286457227,16539.861574446793,11814.075282126714
2024-04-06 06:00:00,12746.794664702204,15803.489871256259,10735.454295425285
2024-04-06 07:00:00,12746.794664702204,15608.194288236691,10735.454295425285
2024-04-06 08:00:00,9513.473543057511,12497.015223090802,8485.553396536538
2024-04-06 09:00:00,6547.811072500546,7778.718367383221,4502.548683403667
2024-04-06 10:00:00,5276.37342591115,6194.089487152826,3516.247451230357
2024-04-06 11:00:00,3658.3527614854647,4349.387572751108,2442.8664704443213
2024-04-06 12:00:00,3549.920379143634,3375.808228220436,2442.8664704443213
2024-04-06 13:00:00,3549.920379143634,3375.808228220436,2703.6546363232565
2024-04-06 14:00:00,4206.4844904227975,4004.1968732853366,3010.3815033766173
2024-04-06 15:00:00,4207.904408987282,4269.275552362498,3250.0884864156324
2024-04-06 16:00:00,4334.6996697318755,4371.772049589075,3374.9698731825933
2024-04-06 17:00:00,4691.643792859898,4959.235677536075,3830.759103774259
2024-04-06 18:00:00,5852.002983179475,6848.630856567712,4718.676350149679
2024-04-06 19:00:00,8291.934345165246,9797.53394714296,7432.632677021393
2024-04-06 20:00:00,10884.11720186974,12284.124891799474,9551.52436866509
2024-04-06 21:00:00,12826.421416995661,14412.299310264601,11216.72987394323
2024-04-06 22:00:00,12826.421416995661,15232.856572833118,11216.72987394323
2024-04-06 23:00:00,11622.44880422264,15232.856572833118,10889.919384875446
2024-04-07 00:00:00,11608.539191716069,15094.097013533625,10600.332101279308
2024-04-07 01:00:00,11772.716519153664,14264.240267576442,10992.25603826125
2024-04-07 02:00:00,11422.361671963183,13761.847829428127,10619.764889146047
2024-04-07 03:00:00,11273.923178772511,13750.42934217067,10045.579769201986
2024-04-07 04:00:00,11273.923178772511,13647.243796044238,10009.514586552197
2024-04-07 05:00:00,11273.923178772511,13440.904337016309,9562.360956765378
2024-04-07 06:00:00,8957.818812871888,9119.800998418948,6903.830153826031
2024-04-07 07:00:00,7732.43129113334,7698.518740453571,5948.572139656616
2024-04-07 08:00:00,6464.796175926838,6306.564031276005,4546.4812244373115
2024-04-07 09:00:00,5158.792764164977,5335.089448007147,3556.496124225339
2024-04-07 10:00:00,3586.047813716157,3818.598683027929,2473.320149296624
2024-04-07 11:00:00,2710.2205908382675,3134.3542697406356,2294.8015492814498
2024-04-07 12:00:00,2448.8896748908064,3015.7906967541203,1967.2048275426937
2024-04-07 13:00:00,2373.086058543826,2684.579059495718,1967.2048275426937
2024-04-07 14:00:00,2362.5592473882807,2684.579059495718,2167.230574592394
2024-04-07 15:00:00,2362.5592473882807,2684.579059495718,2233.2357450579907
2024-04-07 16:00:00,2582.343186399181,2920.677174853521,2233.2357450579907
2024-04-07 17:00:00,3050.6671820820193,2920.677174853521,2233.2357450579907
2024-04-07 18:00:00,3738.057046186792,3262.600061042871,2444.0622371248337
2024-04-07 19:00:00,4517.663639136045,4348.102469338861,3310.0309848084585
2024-04-07 20:00:00,6676.030926150934,6426.460591037321,4916.161485354276
2024-04-07 21:00:00,7927.946634456745,7988.280807344356,6245.619500757882
2024-04-07 22:00:00,9029.523994447738,9696.17037665554,6987.186306473847
2024-04-07 23:00:00,10438.278388290459,10522.407687375542,8403.0584702929
2024-04-08 00:00:00,11424.059703897034,11355.46189896276,9194.72347221136
2024-04-08 01:00:00,5935.342048313836,6368.358281327302,4137.622482638974
2024-04-08 02:00:00,5823.9667922908475,6226.690446092826,3891.1376767127226
2024-04-08 03:00:00,4845.952620433695,5776.081224712194,3147.768062353024
2024-04-08 04:00:00,4448.878932482522,5121.124060541459,3147.768062353024
2024-04-08 05:00:00,4238.541721187386,4906.51640998037,2790.7253431598406
2024-04-08 06:00:00,3490.488294701867,4149.351943316809,2579.194178141707
2024-04-08 07:00:00,3135.286711423736,3358.7879698033776,2535.6870563854905
2024-04-08 08:00:00,3054.9011984387034,3280.572746039854,2222.598337865291
2024-04-08 09:00:00,2379.833150194285,3007.543291538441,1850.9252440500386
2024-04-08 10:00:00,1792.7261393646168,2594.829821116473,1735.4633463341288
2024-04-08 11:00:00,1500.6078871381742,2209.6343772611053,1632.6660204126065
2024-04-08 12:00:00,1500.6078871381742,2114.0631765722337,1632.6660204126065
2024-04-08 13:00:00,1752.6977230384455,2209.6343772611053,1684.8610824139678
2024-04-08 14:00:00,2013.3617673698045,2165.268648150779,1684.8610824139678
2024-04-08 15:00:00,2207.0634482270816,2169.296154828342,1711.5809754353786
2024-04-08 16:00:00,2238.8742361150707,2169.296154828342,1711.5809754353786
2024-04-08 17:00:00,2353.745266037631,2379.01456522045,1711.5809754353786
2024-04-08 18:00:00,2802.3704079578984,2443.881686590543,1935.1279427642135
2024-04-08 19:00:00,2822.73784923134,2590.3703809594244,2138.061798372115
2024-04-08 20:00:00,2929.7136111605323,3002.16824734894,2283.6091340055605
2024-04-08 21:00:00,3168.6307932251293,3104.7791421936854,2429.9335433887964
2024-04-08 22:00:00,3168.6307932251293,3340.1822328096187,2589.9528898813883
2024-04-08 23:00:00,3168.6307932251293,3340.1822328096187,2514.504765783288
2024-04-09 00:00:00,3092.03831618367,3510.436989784531,2552.228827832338
2024-04-09 01:00:00,5594.226783728709,6771.484122974725,5253.087681370247
2024-04-09 02:00:00,6418.8899629896505,7516.7203919755175,6000.911204700539
2024-04-09 03:00:00,7122.053265358577,8678.185397417223,6589.620064611711
2024-04-09 04:00:00,7659.615263900423,8988.684318043655,7478.799060123453
2024-04-09 05:00:00,8540.079204710757,9157.481301331989,7743.809630956275
2024-04-09 06:00:00,9357.93645230892,10521.072718597756,7840.631126871884
2024-04-09 07:00:00,9357.93645230892,10521.072718597756,8664.084809558066
2024-04-09 08:00:00,8931.063590305992,10324.893257867403,8664.084809558066
2024-04-09 09:00:00,7586.941864491261,9001.451794828856,7155.966521512583
2024-04-09 10:00:00,6069.341903867919,7500.61845407365,5262.2109344229175
2024-04-09 11:00:00,5626.040327384179,6204.100913993756,5044.400879224088
2024-04-09 12:00:00,5208.977402116694,4462.614883470249,3777.869001538846
2024-04-09 13:00:00,4590.26923181445,3387.4779672665973,3337.6276712288777
2024-04-09 14:00:00,3730.530855356632,2884.570913056292,2624.4365846968217
2024-04-09 15:00:00,3211.06185404831,2839.9878161339348,2252.1522776880615
2024-04-09 16:00:00,3097.4863577985325,2496.009892979944,2025.7784558535702
2024-04-09 17:00:00,2795.718764345711,2320.9314734507734,1691.4906044881268
2024-04-09 18:00:00,2786.8752661790786,2320.9314734507734,1518.0531212534138
2024-04-09 19:00:00,2786.8752661790786,2320.9314734507734,1518.0531212534138
2024-04-09 20:00:00,3138.9500532255606,2414.3874030301195,1851.6058934725709
2024-04-09 21:00:00,3159.2404195626423,2580.7394941077746,1871.3045637401356
2024-04-09 22:00:00,3262.4144843476624,3098.234137433057,2367.460486108264
2024-04-09 23:00:00,3262.4144843476624,3098.234137433057,2367.460486108264
2024-04-10 00:00:00,3239.205901283346,3077.739102223305,2322.9200580565657
2024-04-10 01:00:00,4168.289947157731,4398.74785552509,3528.1987722227996
2024-04-10 02:00:00,4527.015589259142,4916.732060077027,3683.99587346177
2024-04-10 03:00:00,4579.753659638574,5005.621979115835,3683.99587346177
2024-04-10 04:00:00,4791.009715478067,5005.621979115835,3683.99587346177
2024-04-10 05:00:00,5431.122022246344,6290.385108486885,4225.154398290109
2024-04-10 06:00:00,6675.192735162318,6763.728778282556,4367.544344694182
2024-04-10 07:00:00,6675.192735162318,6763.728778282556,4367.544344694182
2024-04-10 08:00:00,5314.165826403543,5010.590289492917,3514.784403180899
2024-04-10 09:00:00,4550.147650330465,3767.8139664915197,3430.321087234743
2024-04-10 10:00:00,3375.7032946747076,2463.5576321935623,2365.933795303999
2024-04-10 11:00:00,2707.1268563805243,2100.074619447796,2313.177722217321
2024-04-10 12:00:00,2231.27064620469,2085.168113946682,1693.3685658505528
2024-04-10 13:00:00,2231.27064620469,2100.074619447796,1653.0581101861458
2024-04-10 14:00:00,2560.2834370289984,2223.7300002171614,1693.3685658505528
2024-04-10 15:00:00,2916.9821421589495,2601.981140144002,2578.2919635281733
2024-04-10 16:00:00,3363.3532041523395,2876.093487628057,2772.8574394683355
2024-04-10 17:00:00,3538.9010700295057,3346.857237417402,3325.725479733743
2024-04-10 18:00:00,4118.921914761508,4006.5237608167263,3373.2676190188063
2024-04-10 19:00:00,6021.407084647502,6503.816140761397,4978.6205804590245
2024-04-10 20:00:00,6833.061421851646,7563.778531057333,5599.928354889319
2024-04-10 21:00:00,7076.852310023307,7563.778531057333,5599.928354889319
2024-04-10 22:00:00,6936.354499580513,6950.160010849698,5247.960302193396
2024-04-10 23:00:00,7076.852310023307,6950.160010849698,5247.960302193396
2024-04-11 00:00:00,7238.096823425101,7804.454509271845,5544.707421044052
2024-04-11 01:00:00,6831.894749659752,7293.385217948647,5061.7277941059765
2024-04-11 02:00:00,6408.377012625567,6904.314707126263,4978.099875563764
2024-04-11 03:00:00,6273.698729997927,6043.861215785388,4329.887461333288
2024-04-11 04:00:00,4916.857489189611,5369.540128481318,3833.076997978777
2024-04-11 05:00:00,4278.232926587356,5005.6129059507875,3347.8331192956125
2024-04-11 06:00:00,4064.3401869633053,4924.994076000552,3347.8331192956125
2024-04-11 07:00:00,3896.1925336598597,4524.252081196786,3432.6677224338423
2024-04-11 08:00:00,3887.0554537972257,4093.19529075181,3432.6677224338423
2024-04-11 09:00:00,3177.542866063899,3875.491356453642,2301.7903061656107
2024-04-11 10:00:00,3149.4459094749855,3232.249431776134,2301.7903061656107
2024-04-11 11:00:00,2708.213935665948,2901.116451304617,2273.8181333105413
2024-04-11 12:00:00,2167.317018870628,2865.348250684523,1900.476736298273
2024-04-11 13:00:00,2119.3499247422515,2251.457287910871,1840.2430989649747
2024-04-11 14:00:00,2028.134107113112,2210.225028916364,1834.7555574285507
2024-04-11 15:00:00,1965.9951059467294,2224.801385618699,1688.1971052993788
2024-04-11 16:00:00,2028.134107113112,2210.225028916364,1790.715665829602
2024-04-11 17:00:00,2084.616878610099,2224.801385618699,1790.715665829602
2024-04-11 18:00:00,2126.8406506926294,2588.6333341542922,2165.0575714425186
2024-04-11 19:00:00,2729.3713926547116,2838.0592646612276,2498.8114479540855
2024-04-11 20:00:00,3198.7145751002245,4119.901305527388,3231.2099435988325
2024-04-11 21:00:00,3894.880595263252,4634.053698358137,3747.7623894149096
2024-04-11 22:00:00,4574.242349884425,5177.840195964034,4316.6007462108255
2024-04-11 23:00:00,4912.339562634795,5373.13532679269,4316.6007462108255
2024-04-12 00:00:00,4921.773592291165,5275.487761378362,4358.565814027256
2024-04-12 01:00:00,9761.632969637205,11746.596790209253,8687.702822767315
2024-04-12 02:00:00,10130.293686548632,11555.47935716499,8673.982941591641
2024-04-12 03:00:00,10130.293686548632,11258.339031640555,8673.982941591641
2024-04-12 04:00:00,9809.825206815902,10701.591426982526,7684.30898278975
2024-04-12 05:00:00,8557.396978392222,8970.2477721336,6219.505934352907
2024-04-12 06:00:00,7857.454888621143,7850.189029603317,5471.473436143778
2024-04-12 07:00:00,6930.949060784853,6765.494937563576,4906.808429009782
2024-04-12 08:00:00,5600.465405122581,5106.8163610183765,3877.145993204404
2024-04-12 09:00:00,4236.614260364666,4349.0622272289165,3545.8968245872907
2024-04-12 10:00:00,3322.496198830884,3471.6590280847395,2682.020523534
2024-04-12 11:00:00,3118.720604133616,3311.5374135203347,2551.7566247000514
2024-04-12 12:00:00,2951.8627156527,2597.730633834155,2384.4057014580735
2024-04-12 13:00:00,2727.9672176337717,2430.592394362764,2378.345947234494
2024-04-12 14:00:00,2653.7701642920856,2430.592394362764,2212.177300639607
2024-04-12 15:00:00,2611.7093598397205,2587.2677811678095,2219.461251494632
2024-04-12 16:00:00,2611.7093598397205,2587.2677811678095,2212.177300639607
2024-04-12 17:00:00,2666.627340909621,2786.7239053991816,2112.136112140774
2024-04-12 18:00:00,3316.7495838077793,3283.60138595219,2112.136112140774
2024-04-12 19:00:00,4204.814693427012,4391.454170630002,3596.391061573279
2024-04-12 20:00:00,4430.7658803453205,5827.380855096517,4238.550964259795
2024-04-12 21:00:00,6002.473166678273,6479.513507357014,4493.538782214344
2024-04-12 22:00:00,6458.29629353466,7084.417024751022,5023.061863648044
2024-04-12 23:00:00,6604.305752867841,7192.41596353701,5153.279460119064
2024-04-13 00:00:00,6628.111787060738,7197.136866023755,5159.031905970282
2024-04-13 01:00:00,5643.853110250227,6214.4429560862845,4380.282621558536
2024-04-13 02:00:00,5734.53484169208,6329.684133611443,4448.104548440758
2024-04-13 03:00:00,6094.543029243912,6733.741225316864,4687.682007605829
2024-04-13 04:00:00,6482.4649665361985,6733.741225316864,4746.242278858985
2024-04-13 05:00:00,6482.4649665361985,6577.918308707367,4746.242278858985
2024-04-13 06:00:00,6087.42948642129,5729.5068468523805,4583.9531233765065
2024-04-13 07:00:00,5232.490884167626,5069.87520260332,3858.289157702278
2024-04-13 08:00:00,3701.7982308156843,4376.336819752109,2717.455935279715
2024-04-13 09:00:00,3031.9607549552875,3662.3573775625173,2469.9865380051538
2024-04-13 10:00:00,2196.3632600409856,3083.52452369632,2368.8966379992803
2024-04-13 11:00:00,2196.3632600409856,2707.798182268856,2258.5241276351803
2024-04-13 12:00:00,2290.1212856564653,2702.815142924708,2110.0522548347144
2024-04-13 13:00:00,2587.1510232610017,2612.728288467277,1936.0356021083483
2024-04-13 14:00:00,2587.1510232610017,2544.348660015814,1734.5580772718008
2024-04-13 15:00:00,2456.371166351375,2612.728288467277,1933.4069156133892
2024-04-13 16:00:00,2355.428392152193,2370.757114063177,1933.4069156133892
2024-04-13 17:00:00,2290.729533962445,2534.0380718891975,2021.3783409401192
2024-04-13 18:00:00,2355.428392152193,2534.0380718891975,2413.2768413913805
2024-04-13 19:00:00,2874.511538305991,3727.3136915671457,2971.8487877394778
2024-04-13 20:00:00,3600.1871074437113,4658.68082274755,3489.556543150261
2024-04-13 21:00:00,4063.0375909266095,5178.29364695016,3829.9648856788303
2024-04-13 22:00:00,5150.036660507865,6115.766549515505,4552.122890361424
2024-04-13 23:00:00,5150.036660507865,6115.766549515505,4627.05214851048
2024-04-14 00:00:00,5267.598148932423,6081.9837891324605,4734.9110874443995
2024-04-14 01:00:00,5011.09858138937,5933.520088030651,4193.433577662486
2024-04-14 02:00:00,5071.453851002706,5898.931346135076,4074.9747298220377
2024-04-14 03:00:00,5071.453851002706,5393.143582907605,3889.685471244797
2024-04-14 04:00:00,4602.112597623301,4935.9478439760005,3504.559684655043
2024-04-14 05:00:00,3874.8113940264775,4835.259413084423,3137.82752974168
2024-04-14 06:00:00,3765.5796308286263,4309.294491510062,2633.6254698170724
2024-04-14 07:00:00,3272.892923261352,4076.4965494534026,2464.9148619366156
2024-04-14 08:00:00,2562.722840536151,3361.4351641155936,1770.8171539361065
2024-04-14 09:00:00,2435.134241893662,3116.851489877352,1770.8171539361065
2024-04-14 10:00:00,2268.9419605130697,3116.851489877352,2108.7699577125145
2024-04-14 11:00:00,2435.134241893662,3352.175695791424,2108.7699577125145
2024-04-14 12:00:00,2457.756168917156,3457.138704723853,2048.0939271545376
2024-04-14 13:00:00,2457.756168917156,3457.138704723853,2048.0939271545376
2024-04-14 14:00:00,2377.4129068360726,3371.225313485338,2205.113323960584
2024-04-14 15:00:00,2066.3360154043257,2590.0001004280093,2205.113323960584
2024-04-14 16:00:00,2046.599910009676,2306.0917341629884,1586.56492896159
2024-04-14 17:00:00,2046.599910009676,2306.0917341629884,1586.56492896159
2024-04-14 18:00:00,2591.5359970696645,3229.578040371862,2218.278095774108
2024-04-14 19:00:00,4194.696413398511,4934.379937625386,3600.1992156108126
2024-04-14 20:00:00,4271.9929823937055,5508.26058736571,4060.6609240297785
2024-04-14 21:00:00,4851.385664141892,6252.627788137289,4391.031208362348
2024-04-14 22:00:00,5243.319590891079,7003.009681795183,4962.728701081616
2024-04-14 23:00:00,5322.14232255876,7110.446106268122,4998.066811281588
2024-04-15 00:00:00,5585.229511562917,7644.426773568621,5399.881777177256
2024-04-15 01:00:00,7574.3550846022845,10347.592849375778,7584.148569170789
2024-04-15 02:00:00,7754.646030971273,10573.662093113162,7775.481556305708
2024-04-15 03:00:00,8281.722416974693,10573.662093113162,7847.104972258051
2024-04-15 04:00:00,8281.722416974693,10529.61276300542,7775.481556305708
2024-04-15 05:00:00,7330.063105122995,9846.589446386808,7111.339778351172
2024-04-15 06:00:00,7119.202939178888,9471.44293643192,7111.339778351172
2024-04-15 07:00:00,7119.202939178888,9846.589446386808,7682.076073123447
2024-04-15 08:00:00,7119.202939178888,10133.193898045382,7746.2807188838415
2024-04-15 09:00:00,8354.490034294231,10752.73311661519,8417.20449947019
2024-04-15 10:00:00,9507.858236480832,11777.87005642024,8937.92944258151
2024-04-15 11:00:00,12471.096191637762,14291.65183906037,12423.935090804585
2024-04-15 12:00:00,12882.041548512529,15420.73876906015,13195.649726878795
2024-04-15 13:00:00,14826.488980137103,15829.41772204057,13195.649726878795
2024-04-15 14:00:00,15641.342483479488,17131.13467241586,13881.077447441756
2024-04-15 15:00:00,15641.342483479488,17131.13467241586,13881.077447441756
2024-04-15 16:00:00,15854.455533731722,18115.90583767295,15561.100427111205
2024-04-15 17:00:00,15003.557420755944,17734.962142615306,15315.77468309438
2024-04-15 18:00:00,15003.557420755944,17734.962142615306,15315.77468309438
2024-04-15 19:00:00,13496.974529994915,17657.896369099857,14761.874060187554
2024-04-15 20:00:00,11991.365163341954,16029.142998499747,13782.616987819429
2024-04-15 21:00:00,11338.347345991642,13917.383659999492,11612.745641203514
2024-04-15 22:00:00,10588.605251515068,13158.519970721783,10342.091948571155
2024-04-15 23:00:00,10546.628299113301,13087.67795028868,10342.091948571155
2024-04-16 00:00:00,10567.616775314185,12899.035346766934,10447.844181730185
2024-04-16 01:00:00,13809.335376844341,15999.189217842679,14357.455599668658
2024-04-16 02:00:00,14637.159651524642,16978.820366932632,15072.555816129607
2024-04-16 03:00:00,15307.21173392973,17097.32701029167,15072.555816129607
2024-04-16 04:00:00,15307.21173392973,17097.32701029167,15058.158430042435
2024-04-16 05:00:00,14810.661674202607,16171.902411125659,14265.954120855085
2024-04-16 06:00:00,14810.661674202607,16171.902411125659,14265.954120855085
2024-04-16 07:00:00,14884.117442171286,16509.65421387539,14482.27960542254
2024-04-16 08:00:00,15656.242949233065,17047.6794530563,14722.284309233448
2024-04-16 09:00:00,15656.242949233065,17047.6794530563,14722.284309233448
2024-04-16 10:00:00,15279.060326742747,16462.35455210957,14397.099751888954
2024-04-16 11:00:00,14310.811757118063,15448.332125759554,13128.555743242576
2024-04-16 12:00:00,13952.55983180235,15233.421276050718,12807.687621106814
2024-04-16 13:00:00,13302.80957730415,14606.813789656357,12294.028314142399
2024-04-16 14:00:00,13154.857840025974,13421.986564835082,11694.181344558867
2024-04-16 15:00:00,12927.812078030303,12774.633514385372,11100.017804927778
2024-04-16 16:00:00,11566.004594485483,11045.950793664657,9456.846011696443
2024-04-16 17:00:00,10719.278446993801,10568.294360310058,9268.673638262891
2024-04-16 18:00:00,10247.450359946757,10568.294360310058,9025.906453856176
2024-04-16 19:00:00,10136.616522348273,10283.907607415244,8902.452698678873
2024-04-16 20:00:00,9627.349338223263,10875.141412182087,8902.452698678873
2024-04-16 21:00:00,9627.349338223263,11095.302960982053,8902.452698678873
2024-04-16 22:00:00,9142.731052919897,11095.302960982053,9055.659419032947
2024-04-16 23:00:00,9142.731052919897,10969.392282481529,9055.659419032947
2024-04-17 00:00:00,8528.29728546281,9665.61525835636,7955.353974480733
2024-04-17 01:00:00,5614.019818957366,6335.233146086552,4662.182046114445
2024-04-17 02:00:00,5848.37995567819,6644.15098446348,5009.270882722479
2024-04-17 03:00:00,6900.544124999115,7333.230542338257,5837.922046341452
2024-04-17 04:00:00,6900.544124999115,7333.230542338257,5837.922046341452
2024-04-17 05:00:00,6725.288506685011,6504.551048151843,5429.255782321484
2024-04-17 06:00:00,5224.5953435782285,5533.712945302324,4439.132535760074
2024-04-17 07:00:00,4765.967962404735,4477.277506201903,3090.8431595696416
2024-04-17 08:00:00,3376.5276634194033,3511.751095899097,2549.6183105928967
2024-04-17 09:00:00,2780.6071895183068,2867.7231608443,2074.321746853596
2024-04-17 10:00:00,2442.8813057679617,2455.249778613883,1887.8712322211989
2024-04-17 11:00:00,2196.443831294988,2455.249778613883,1701.5847657264608
2024-04-17 12:00:00,2196.443831294988,2535.0970914886548,1508.9395975592079
2024-04-17 13:00:00,2254.979712460936,2627.0759349319833,1508.9395975592079
2024-04-17 14:00:00,2444.3216090243404,2627.0759349319833,1632.3448741374816
2024-04-17 15:00:00,2474.0823103533403,2499.548371407416,1891.830725584791
2024-04-17 16:00:00,2474.0823103533403,2359.947297005274,1891.830725584791
2024-04-17 17:00:00,2474.0823103533403,2359.947297005274,2102.263116324151
2024-04-17 18:00:00,2734.314842611546,2581.3576155804003,2069.6800931012176
2024-04-17 19:00:00,3028.7042572197406,2797.116490566179,2138.4133327896043
2024-04-17 20:00:00,3164.5705664636935,2979.4448368469784,2427.049644869449
2024-04-17 21:00:00,3303.3638877165085,3293.0830335034298,2435.44543155809
2024-04-17 22:00:00,3351.2366231216292,3586.2774681610226,2856.5778356592773
2024-04-17 23:00:00,4271.033792047017,4453.486062338745,3446.4838588765924
2024-04-18 00:00:00,4561.938362413936,4464.0576765080705,3664.5098352265863
2024-04-18 01:00:00,3812.3685944803337,3442.349456204871,2400.491617314071
2024-04-18 02:00:00,3799.1601964456804,3366.4314205438877,2305.019550281318
2024-04-18 03:00:00,3477.1451549550147,3272.129958080557,2119.728473798793
2024-04-18 04:00:00,3344.1892887816866,3220.8183658142643,2119.728473798793
2024-04-18 05:00:00,3255.3630740890803,3170.884468512926,2240.027484553613
2024-04-18 06:00:00,3211.935545329163,3064.3652892838036,2240.027484553613
2024-04-18 07:00:00,3003.0956178196247,3014.2355914317486,1860.2536140362865
2024-04-18 08:00:00,2815.8053421939185,2832.6475307784713,1606.3616192303132
2024-04-18 09:00:00,2279.040079917473,2818.1293780088236,1588.5373192092136
2024-04-18 10:00:00,2279.040079917473,2708.8051395440143,1606.3616192303132
2024-04-18 11:00:00,2377.1820977862517,2551.6126416451407,1588.5373192092136
2024-04-18 12:00:00,2438.776891745125,2551.6126416451407,1696.712168704611
2024-04-18 13:00:00,2787.8032022296593,2752.2451292577116,1875.5733370710618
2024-04-18 14:00:00,3070.0744237391627,2962.1017104018974,2131.3931144160665
2024-04-18 15:00:00,3317.337922010205,3368.5810555046555,2184.097733614441
2024-04-18 16:00:00,3342.2084946932937,3368.5810555046555,2334.351647970554
2024-04-18 17:00:00,3414.964560633509,3368.5810555046555,2409.989419941771
2024-04-18 18:00:00,3684.0671245015074,3866.89997301945,3079.5772065825126
2024-04-18 19:00:00,4080.073017030076,4542.608716184306,3718.5824865381182
2024-04-18 20:00:00,4643.514420726357,6113.462600835803,4549.6969306239525
2024-04-18 21:00:00,5507.683614380838,7083.174845808491,4671.618800650487
2024-04-18 22:00:00,6653.098120019691,9160.431984780165,6147.607408246521
2024-04-18 23:00:00,7041.890769902113,9811.604095513914,6403.724563185704
2024-04-19 00:00:00,8046.733731306739,10744.019533551078,6866.901530902035
2024-04-19 01:00:00,12288.901720052108,15143.514509263054,11594.759317503935
2024-04-19 02:00:00,11684.129835630725,15001.024853272256,11541.044978419453
2024-04-19 03:00:00,11034.875818037151,13576.623119169713,8961.98430565193
2024-04-19 04:00:00,10087.235221899833,12551.87520077035,8435.646648571383
2024-04-19 05:00:00,10087.235221899833,11794.31637040969,8314.597820447028
2024-04-19 06:00:00,10115.54952446764,11794.31637040969,7927.2567116614555
2024-04-19 07:00:00,10144.446179978326,11794.31637040969,7927.2567116614555
2024-04-19 08:00:00,10115.54952446764,11895.197124668528,7809.958869003299
2024-04-19 09:00:00,8588.684114135813,11895.197124668528,7653.6094229667015
2024-04-19 10:00:00,5823.242110660672,7026.531561153775,4811.241900284041
2024-04-19 11:00:00,5823.242110660672,5533.829861984434,3819.4833609275843
2024-04-19 12:00:00,5823.242110660672,5338.0409057310135,3596.138049090327
2024-04-19 13:00:00,4644.01948302342,4229.51107714249,2984.153214085824
2024-04-19 14:00:00,4075.4096319385208,3651.789280719744,2460.7725676199807
2024-04-19 15:00:00,4028.2915049847034,3498.419286859109,2442.2158570369206
2024-04-19 16:00:00,3883.660917223555,3229.2521223529584,2265.8878235712587
2024-04-19 17:00:00,3828.240938911331,3229.2521223529584,2265.8878235712587
2024-04-19 18:00:00,3763.4646031485427,3553.5865473220892,2493.9465710445743
2024-04-19 19:00:00,3617.47349041543,3849.7731002853943,2712.2978766444144
2024-04-19 20:00:00,3562.1777136282817,3849.7731002853943,2680.498374547175
2024-04-19 21:00:00,3562.1777136282817,3877.056677019247,2712.2978766444144
2024-04-19 22:00:00,3761.4590252510625,3833.891534455077,2721.6679243821595
2024-04-19 23:00:00,3790.3870627299602,3994.5770137244817,2721.6679243821595
2024-04-20 00:00:00,3797.2286505215416,3839.5268813582134,2660.70835381376
2024-04-20 01:00:00,3267.723338718858,3406.473012324088,2003.4893029609536
2024-04-20 02:00:00,3326.236455197606,3508.3998300906314,2154.725895893475
2024-04-20 03:00:00,3114.0546901339803,3304.5461945575444,1734.3136586326468
2024-04-20 04:00:00,3054.8652390285224,3213.594581115538,1816.350304117725
2024-04-20 05:00:00,2927.6023698239333,3023.114927867,1816.350304117725
2024-04-20 06:00:00,3054.8652390285224,3054.581508828933,1823.3328021767932
2024-04-20 07:00:00,3117.031556205071,3054.581508828933,1882.756340725616
2024-04-20 08:00:00,3117.031556205071,3054.581508828933,2011.8168335737369
2024-04-20 09:00:00,3175.6090077156496,3004.642706431816,2011.8168335737369
2024-04-20 10:00:00,3081.720012199383,3004.642706431816,2011.8168335737369
2024-04-20 11:00:00,3136.0542670190553,3233.7729156290716,2127.017023572566
2024-04-20 12:00:00,3136.0542670190553,3909.710429554587,2447.693558871188
2024-04-20 13:00:00,3321.7611783490393,4089.74758547499,3253.7762861688766
2024-04-20 14:00:00,4215.821070146227,5086.102989882636,3671.7765786542964
2024-04-20 15:00:00,4593.27900994627,5186.618632289823,3948.3159935241883
2024-04-20 16:00:00,4788.987609097023,5348.364307265498,4157.297768688141
2024-04-20 17:00:00,4897.226443324185,5699.0598926349885,4260.81228966707
2024-04-20 18:00:00,5750.558998364669,5823.055287804409,4285.255175591659
2024-04-20 19:00:00,5750.558998364669,5823.055287804409,4285.255175591659
2024-04-20 20:00:00,5159.437859027617,5699.704357369774,4080.2741197788732
2024-04-20 21:00:00,4766.922412958245,5549.359348942244,3983.5835557288096
2024-04-20 22:00:00,4557.718012486921,5299.177321956919,3711.888923926521
2024-04-20 23:00:00,4291.88761583716,5224.988396110757,3956.421034582841
2024-04-21 00:00:00,4211.596129197458,5151.325689248153,3748.1088171113197
2024-04-21 01:00:00,4819.422926812564,5684.4986473792205,4803.005560497679
2024-04-21 02:00:00,4841.116193100487,5994.1597192420795,4755.068232111889
2024-04-21 03:00:00,5074.068223859036,6188.781231205376,4525.927275510992
2024-04-21 04:00:00,5284.848789120134,6374.599432117913,4525.927275510992
2024-04-21 05:00:00,5332.103008032449,6597.427659211421,5184.655265167784
2024-04-21 06:00:00,5543.529176716394,7222.086280826037,5190.076076763854
2024-04-21 07:00:00,6105.244737277273,8364.832296858534,6414.257130527542
2024-04-21 08:00:00,6823.933870478804,9752.14614694639,7344.66692925734
2024-04-21 09:00:00,6896.197134661895,9890.683512225027,7652.256288102335
2024-04-21 10:00:00,6896.197134661895,9916.3685891001,7652.256288102335
2024-04-21 11:00:00,7139.945891070326,9999.515247671541,7652.256288102335
2024-04-21 12:00:00,7661.314519560098,10675.883280173588,8906.966374929936
2024-04-21 13:00:00,7681.157872049276,10791.395215156128,9281.103264166899
2024-04-21 14:00:00,7661.314519560098,10675.883280173588,9281.103264166899
2024-04-21 15:00:00,7681.157872049276,10791.395215156128,9281.103264166899
2024-04-21 16:00:00,8174.750399392147,11285.892167520407,9724.279357353624
2024-04-21 17:00:00,9016.40477077782,11872.97166137537,9744.73140119947
2024-04-21 18:00:00,9087.587447015565,11872.97166137537,9724.279357353624
2024-04-21 19:00:00,9464.600460467556,11872.97166137537,9946.283929912759
2024-04-21 20:00:00,9412.071553044585,11685.270871752695,9706.100979451527
2024-04-21 21:00:00,9412.071553044585,11650.2550380056,9706.100979451527
2024-04-21 22:00:00,7726.487277182771,10265.736057210677,7941.470804610777
2024-04-21 23:00:00,6762.668906881856,8816.36097017899,7374.318196506278
2024-04-22 00:00:00,6750.894928921945,8815.83172602237,7043.835029518515
2024-04-22 01:00:00,5438.2838561709505,6815.6859034999525,5197.007953252756
2024-04-22 02:00:00,5344.417734272299,6713.4320281294595,5135.880116426819
2024-04-22 03:00:00,5302.087420426001,6710.032965864104,4810.721157794251
2024-04-22 04:00:00,5190.642000387402,6613.926901525557,4615.917400995596
2024-04-22 05:00:00,5178.604386679024,6022.3256482489005,4455.131577300133
2024-04-22 06:00:00,4668.953919088474,6022.3256482489005,4154.778673489374
2024-04-22 07:00:00,4617.743736618682,5809.531887051036,4057.8300113952723
2024-04-22 08:00:00,4579.220925624409,5753.548512768724,3945.220667041034
2024-04-22 09:00:00,4528.907591002168,5421.26428473309,3820.7888564440746
2024-04-22 10:00:00,4133.976069927581,4734.321971234465,3507.6059017329085
2024-04-22 11:00:00,3893.0235131946793,4721.446116367366,3220.5982405845766
2024-04-22 12:00:00,3455.0660221172184,4125.278659597601,3050.411567787811
2024-04-22 13:00:00,3441.341409780329,4060.5841790370887,2807.803067532473
2024-04-22 14:00:00,3455.0660221172184,4059.775454023931,2807.803067532473
2024-04-22 15:00:00,3437.7992572681324,3922.1087326743855,2864.0862641801587
2024-04-22 16:00:00,3437.7992572681324,3728.0796367667426,2864.0862641801587
2024-04-22 17:00:00,3437.7992572681324,3674.0277327436106,2832.184357824849
2024-04-22 18:00:00,3528.576501345249,3728.0796367667426,2832.184357824849
2024-04-22 19:00:00,3657.1335337619294,3814.631460322229,2962.652469909038
2024-04-22 20:00:00,4024.484530515976,4273.6627812519655,2962.652469909038
2024-04-22 21:00:00,4052.503163928719,4273.6627812519655,2961.7581221079413
2024-04-22 22:00:00,4091.383597829852,4277.662002584513,2961.7581221079413
2024-04-22 23:00:00,4344.118719000682,4299.325825432381,2973.6878756176325
2024-04-23 00:00:00,4428.877365824337,4375.340725977711,2980.503122474548
2024-04-23 01:00:00,4432.2137201084015,5030.047404563057,3934.4340810210692
2024-04-23 02:00:00,4417.884115738841,5040.198039783143,3867.2748786471625
2024-04-23 03:00:00,4417.884115738841,5421.348706906647,3867.2748786471625
2024-04-23 04:00:00,4563.267254234912,5652.5919109621755,3932.070274374122
2024-04-23 05:00:00,5078.104316253481,6088.570780401412,4611.189877915052
2024-04-23 06:00:00,5158.591132742719,6151.399173340572,4643.161562150225
2024-04-23 07:00:00,5604.437480143266,6737.446249775219,5458.940730048587
2024-04-23 08:00:00,5604.437480143266,7444.471100936552,5534.602494094547
2024-04-23 09:00:00,5417.184034273392,7444.471100936552,5534.602494094547
2024-04-23 10:00:00,5417.184034273392,7198.109592918032,5241.596113476668
2024-04-23 11:00:00,5589.324301321566,7198.109592918032,5241.596113476668
2024-04-23 12:00:00,5713.8095493165965,7154.409147258844,5241.596113476668
2024-04-23 13:00:00,5728.319435777154,7032.150152758548,5174.925943988642
2024-04-23 14:00:00,5728.319435777154,6968.999881107881,4830.449191819002
2024-04-23 15:00:00,5529.338006586444,6639.298091077851,4727.39695744658
2024-04-23 16:00:00,5182.2075838640285,6635.018724257085,4276.061516513113
2024-04-23 17:00:00,5084.408535064109,6018.08593965879,3752.252782629654
2024-04-23 18:00:00,4179.176638767109,5428.409081663691,3486.876889920217
2024-04-23 19:00:00,4050.8771084385244,4526.272708181123,3364.5296761759623
2024-04-23 20:00:00,3581.452322456713,4025.378727592186,3259.432142343343
2024-04-23 21:00:00,3581.452322456713,4025.378727592186,2967.7248913673848
2024-04-23 22:00:00,3756.948335834166,4065.082218922331,2967.7248913673848
2024-04-23 23:00:00,3756.948335834166,4065.082218922331,2956.0297465163017
2024-04-24 00:00:00,3531.898335335337,4022.79107851127,3010.8953414616567
2024-04-24 01:00:00,3495.724260325783,3963.9091183026812,3140.0091342276555
2024-04-24 02:00:00,3312.4166197826435,3940.0176998406914,3055.7492473818866
2024-04-24 03:00:00,3209.668112985748,3499.633864101721,2851.125086482373
2024-04-24 04:00:00,3135.352156450601,3285.8721997721586,2370.9392925405477
2024-04-24 05:00:00,3074.72092266262,3265.96442804493,2324.211213845024
2024-04-24 06:00:00,3074.72092266262,3155.9815305721204,2219.873883046778
2024-04-24 07:00:00,3183.0845885450817,3155.9815305721204,2206.358133445857
2024-04-24 08:00:00,3562.3879206015736,3359.22465956815,2219.873883046778
2024-04-24 09:00:00,3632.6501877712435,3514.173885482851,2331.4737634895528
2024-04-24 10:00:00,3632.6501877712435,4279.27752763661,3233.2618918944368
2024-04-24 11:00:00,4619.3400002854,5415.435757570418,3455.941517870175
2024-04-24 12:00:00,4677.185418589096,5790.967101086095,4847.520057691685
2024-04-24 13:00:00,6580.756540351412,6736.4048783516755,4881.452510413294
2024-04-24 14:00:00,6993.441029489754,7534.462904671429,5887.426463636028
2024-04-24 15:00:00,7651.311416829624,7889.877033758532,6020.953271695899
2024-04-24 16:00:00,7745.55634758307,7889.877033758532,6471.619854934045
2024-04-24 17:00:00,8003.050498272495,9157.115250921115,7032.147795509057
2024-04-24 18:00:00,8003.050498272495,9322.691289531222,7063.035238496553
2024-04-24 19:00:00,7538.294934706607,9322.691289531222,7318.834287032031
2024-04-24 20:00:00,7538.294934706607,10048.211881974272,8376.482514860652
2024-04-24 21:00:00,8126.537289900401,10349.3948653829,8376.482514860652
2024-04-24 22:00:00,9047.252258085904,10541.669303508368,8674.87037157074
2024-04-24 23:00:00,10180.734379903968,12858.193145897663,9773.518056025197
2024-04-25 00:00:00,10608.38849119797,12998.676255282051,10239.189650235163
2024-04-25 01:00:00,13329.02379041382,14822.554637453348,12294.21013834481
2024-04-25 02:00:00,13236.402012095752,15153.51123512837,12382.702267450471
2024-04-25 03:00:00,13236.402012095752,15280.161450008707,12532.058856236703
2024-04-25 04:00:00,13550.724290305432,15371.928282045681,13062.825359820325
2024-04-25 05:00:00,13806.655830892556,15769.564303389237,13062.825359820325
2024-04-25 06:00:00,13806.655830892556,15769.564303389237,12747.12374184145
2024-04-25 07:00:00,12849.50626608511,14125.68218184226,11977.364183389269
2024-04-25 08:00:00,11894.971652005217,12722.4325737338,11468.836491158541
2024-04-25 09:00:00,10648.178806630482,11796.573718572481,9402.256920357584
2024-04-25 10:00:00,9126.573425907827,9774.630457863319,8014.431976946729
2024-04-25 11:00:00,7087.301940681733,7842.836186000012,6164.6997441804
2024-04-25 12:00:00,6773.871522777742,6936.849634850186,5376.976137301973
2024-04-25 13:00:00,6773.871522777742,6188.281401484668,5376.976137301973
2024-04-25 14:00:00,6952.86090484641,6188.281401484668,5451.94796732811
2024-04-25 15:00:00,8578.893943346562,8048.941062232272,6941.505918577171
2024-04-25 16:00:00,9242.977279913493,9547.851026366905,7469.01292952509
2024-04-25 17:00:00,10323.053207915573,10215.255370699748,8647.631654581875
2024-04-25 18:00:00,12077.376699046836,10729.566291601364,9935.245808425232
2024-04-25 19:00:00,12777.783030877878,12757.667086900323,10979.86792375884
2024-04-25 20:00:00,15730.639977206803,15252.540446543466,13181.361557913804
2024-04-25 21:00:00,16827.937881905513,16998.57826288381,14468.06597536876
2024-04-25 22:00:00,17030.41696968046,17168.010599597405,14735.815987630198
2024-04-25 23:00:00,17282.401043526275,16998.57826288381,14629.382748799204
2024-04-26 00:00:00,17161.46654449567,16746.97638675045,14958.508686718398
2024-04-26 01:00:00,16446.187596378848,15931.808214496328,13511.042175020732
2024-04-26 02:00:00,16303.783556426379,15786.887396250506,13333.007715054597
2024-04-26 03:00:00,15173.99210554933,13708.155119971401,11856.997317381192
2024-04-26 04:00:00,14321.062510610296,12409.214495578624,10617.181963988325
2024-04-26 05:00:00,12140.719616286844,11540.413390872884,8548.441061404304
2024-04-26 06:00:00,10409.726340834433,8946.34234389032,7052.402110397619
2024-04-26 07:00:00,8303.556206975856,7596.577587189385,5771.296917484233
2024-04-26 08:00:00,5584.241475264101,5748.12645748624,3617.2820202442235
2024-04-26 09:00:00,4184.944912014798,4199.5591238210145,2561.0365554955692
2024-04-26 10:00:00,3261.9923388858824,3128.710642472721,1797.744227182029
2024-04-26 11:00:00,2607.5825776769725,2685.2308661692477,1471.5604141256772
2024-04-26 12:00:00,2437.3773428757904,2548.131804677052,1471.5604141256772
2024-04-26 13:00:00,2428.520624641078,2358.769268890708,1387.9372878159706
2024-04-26 14:00:00,1878.2226334874322,2319.502243719,1575.2630687685107
2024-04-26 15:00:00,1878.2226334874322,2285.8723769069675,1575.2630687685107
2024-04-26 16:00:00,2125.4466355246695,2285.8723769069675,1754.7809938475255
2024-04-26 17:00:00,2430.5770240953607,2620.2673809194293,1924.2866526773805
2024-04-26 18:00:00,3506.150858872532,3914.742969089457,2513.4969818786067
2024-04-26 19:00:00,4031.8713987183564,4914.911665858926,3922.315316993419
2024-04-26 20:00:00,4737.452560697381,5773.040260620786,4564.704361850957
2024-04-26 21:00:00,5298.102574300658,6576.980813306669,4777.950647430046
2024-04-26 22:00:00,6713.505414930239,7727.587983068695,5336.018214154344
2024-04-26 23:00:00,7601.547546004386,7908.104165643484,5852.951133629131
2024-04-27 00:00:00,7901.351059280771,8312.139897061024,6216.39004310768
2024-04-27 01:00:00,11100.241981097835,11791.074500911172,9791.172136988323
2024-04-27 02:00:00,11662.39520170688,12177.169633748721,9316.935658229317
2024-04-27 03:00:00,11825.807893711999,12177.169633748721,9629.153139733333
2024-04-27 04:00:00,11914.202340869673,12177.169633748721,9506.341452804465
2024-04-27 05:00:00,11914.202340869673,11450.00229221031,9506.341452804465
2024-04-27 06:00:00,8760.043083787032,8069.46648033689,6782.7070354652815
2024-04-27 07:00:00,6612.510628611358,6769.280817462971,4855.006121410101
2024-04-27 08:00:00,5189.512415178022,5216.222814873279,3645.627159769073
2024-04-27 09:00:00,3645.2423848104154,3528.117007135219,2128.0049854415897
2024-04-27 10:00:00,3050.8973845862583,3021.3028384951904,1638.8983762990524
2024-04-27 11:00:00,2753.919530422505,2559.0994047381755,1569.390417000657
2024-04-27 12:00:00,2753.919530422505,2443.1572278362455,1342.6504853988977
2024-04-27 13:00:00,2582.0939270428007,2443.1572278362455,1342.6504853988977
2024-04-27 14:00:00,2466.1641674328857,2675.806150061824,1564.223696108179
2024-04-27 15:00:00,2466.1641674328857,2763.5364029693537,1839.6725409833823
2024-04-27 16:00:00,2775.295968096094,2763.5364029693537,2151.341974409852
2024-04-27 17:00:00,2856.0327948016075,2640.7449869564007,2151.341974409852
2024-04-27 18:00:00,2856.0327948016075,2640.7449869564007,2151.341974409852
2024-04-27 19:00:00,3502.327116205135,3408.6514513586408,2656.107152953091
2024-04-27 20:00:00,4181.783649579362,4117.3322897292,3379.660024838545
2024-04-27 21:00:00,4661.752537351541,5064.376797026307,4158.394361958432
2024-04-27 22:00:00,5654.807050183491,5483.792411560031,4465.638025485177
2024-04-27 23:00:00,5936.360607822248,5760.305031526304,4465.638025485177
2024-04-28 00:00:00,6222.174369561,5958.020873631291,4501.575972609479
2024-04-28 01:00:00,6324.099399243176,6088.910341679191,4634.490138630223
2024-04-28 02:00:00,6002.664303769734,5881.200569058141,4440.340421025319
2024-04-28 03:00:00,5617.066116573154,5659.114396025039,3806.019773071203
2024-04-28 04:00:00,4108.820673404249,4544.527184075325,2780.3793559953283
2024-04-28 05:00:00,3315.9399430811773,3595.1393876871407,2661.503213608402
2024-04-28 06:00:00,3164.423997684533,3584.179331224548,2661.503213608402
2024-04-28 07:00:00,3012.072978260456,3146.627231865694,2372.633303680208
2024-04-28 08:00:00,2523.835286832469,2492.2918122344963,2066.2538332349727
2024-04-28 09:00:00,2508.121915400876,2485.064106831809,1944.4734209703192
2024-04-28 10:00:00,2508.121915400876,2333.9517185014975,1944.4734209703192
2024-04-28 11:00:00,2366.213762647585,2333.9517185014975,1738.8585019645013
2024-04-28 12:00:00,2366.213762647585,2558.265521635627,1981.3136088463943
2024-04-28 13:00:00,2376.7148066951268,2627.242967621589,1666.246022532177
2024-04-28 14:00:00,2376.7148066951268,2690.940464936428,1381.197089563121
2024-04-28 15:00:00,2376.7148066951268,2690.940464936428,1381.197089563121
2024-04-28 16:00:00,2415.7953508811443,2692.513288086033,1629.1963924437068
2024-04-28 17:00:00,2476.2852131492,3017.1636853616164,2210.271742959819
2024-04-28 18:00:00,2957.8003091262417,3017.1636853616164,2241.4551391468285
2024-04-28 19:00:00,2957.8003091262417,3090.218651506135,2284.6545318580997
2024-04-28 20:00:00,2899.782339814554,3090.218651506135,2284.6545318580997
2024-04-28 21:00:00,2899.782339814554,3361.230307610671,2524.543982624652
2024-04-28 22:00:00,3107.483736727001,3425.852185655551,2524.543982624652
2024-04-28 23:00:00,3107.483736727001,3425.852185655551,2495.1843468813554
2024-04-29 00:00:00,3100.7452946820777,3095.5673154485103,2421.9554914463442
2024-04-29 01:00:00,3005.492237291689,2808.231032376786,2238.0369340997604
2024-04-29 02:00:00,3047.80156631691,2931.73749369673,2245.2815541230275
2024-04-29 03:00:00,3080.10255681697,2959.152729192012,2380.1198780693903
2024-04-29 04:00:00,3192.0199637070455,3259.6587046760997,2399.0896246811403
2024-04-29 05:00:00,3200.398033052943,3699.701894700809,2845.8763634652164
2024-04-29 06:00:00,3606.300400044305,3915.4998345898657,3088.8117639405955
2024-04-29 07:00:00,3606.300400044305,4452.898426275695,3399.1543159684393
2024-04-29 08:00:00,3481.5563560697756,4500.18069714517,3424.521610678009
2024-04-29 09:00:00,3481.5563560697756,4673.124063508572,3611.9190581974467
2024-04-29 10:00:00,3240.9835219487995,4673.124063508572,3424.521610678009
2024-04-29 11:00:00,3240.9835219487995,4322.338129093501,2868.1329167184335
2024-04-29 12:00:00,3073.829223058239,3808.4469235101897,2701.612232170289
2024-04-29 13:00:00,3021.960279728488,3636.891160679108,2701.612232170289
2024-04-29 14:00:00,3021.960279728488,3636.891160679108,2839.0214968626824
2024-04-29 15:00:00,3276.154725648552,4108.781264198176,3386.857472110677
2024-04-29 16:00:00,3968.8873460685554,4696.8278621694735,3594.2584088872422
2024-04-29 17:00:00,3968.8873460685554,4746.587527724414,3594.2584088872422
2024-04-29 18:00:00,3799.896686745,4746.587527724414,3316.0153857733912
2024-04-29 19:00:00,3799.896686745,4478.34245797133,3316.0153857733912
2024-04-29 20:00:00,3795.731632661673,4459.1854159219565,3273.823786101158
2024-04-29 21:00:00,3745.3671426855835,4149.460982974686,3273.823786101158
2024-04-29 22:00:00,3673.32317695022,4073.4714033680775,2990.0767018927436
2024-04-29 23:00:00,3673.32317695022,3974.1877258765144,2974.356406603696
2024-04-30 00:00:00,3739.182013503064,3941.4487634035977,2897.339969462748
2024-04-30 01:00:00,4467.859263896538,4787.131747096428,3555.047039965274
2024-04-30 02:00:00,4644.052051862628,4852.091944623726,3622.8580659520035
2024-04-30 03:00:00,5297.019597289677,5056.357191714482,4082.6461840519023
2024-04-30 04:00:00,5587.176116622556,5431.651220554459,4126.278726177355
2024-04-30 05:00:00,5968.620176887472,6251.323067080051,4404.555785613745
2024-04-30 06:00:00,6523.277436639065,6678.179120653773,4404.555785613745
2024-04-30 07:00:00,6523.277436639065,6678.179120653773,4390.867994684787
2024-04-30 08:00:00,6263.139870962465,6365.253517327086,4253.746821038881
2024-04-30 09:00:00,4805.014701645881,5148.648539768794,3366.7688822858977
2024-04-30 10:00:00,4142.027928339297,4289.213979555123,2711.8362979976423
2024-04-30 11:00:00,4142.027928339297,3928.7154778029526,2711.8362979976423
2024-04-30 12:00:00,3877.451626447086,3702.3573351876767,2599.7889408741635
2024-04-30 13:00:00,3738.067283271881,3702.3573351876767,2599.7889408741635
2024-04-30 14:00:00,3555.70507886602,3323.7559213182412,2231.484623914832
2024-04-30 15:00:00,3288.3939513908626,3323.7559213182412,2231.484623914832
2024-04-30 16:00:00,3288.3939513908626,3442.97258936819,2267.1505074488846
2024-04-30 17:00:00,3288.3939513908626,3442.97258936819,2448.4261746034226
2024-04-30 18:00:00,2960.642628647678,3308.479872003689,2448.4261746034226
2024-04-30 19:00:00,2960.642628647678,3308.479872003689,2448.4261746034226
2024-04-30 20:00:00,2976.4186106349716,3604.191612201772,2564.2235172391647
2024-04-30 21:00:00,3320.854135599997,3732.293876357642,2696.302029670937
2024-04-30 22:00:00,3481.5136839357874,4090.518513951258,3004.664157455801
2024-04-30 23:00:00,3677.493017882178,4109.260797368681,3515.689506994375
2024-05-01 00:00:00,4005.77839202801,4390.361415785975,3561.0866307711194
2024-05-01 01:00:00,4432.072469603364,5160.964603099416,3941.4916763740825
2024-05-01 02:00:00,4568.026956987518,5533.816700317982,4244.471187712856
2024-05-01 03:00:00,4896.742875146631,5846.184425352474,4292.426964652895
2024-05-01 04:00:00,5052.825119889888,5957.786066268294,4296.821114048665
2024-05-01 05:00:00,5052.825119889888,5957.786066268294,4292.426964652895
2024-05-01 06:00:00,4742.454668876816,5773.334467921783,4194.551258980303
2024-05-01 07:00:00,4596.353590733993,5414.835943052087,3709.235277843634
2024-05-01 08:00:00,4428.683762098538,5361.685423893434,3578.9097742613703
2024-05-01 09:00:00,4018.901121054627,4844.684231410292,3212.1661503727923
2024-05-01 10:00:00,4018.901121054627,4801.237351449672,3212.1661503727923
2024-05-01 11:00:00,4018.901121054627,4647.569861428825,3173.2151010294347
2024-05-01 12:00:00,4051.094524276301,4147.390373320159,3173.2151010294347
2024-05-01 13:00:00,3951.9347982877825,4019.232259186163,3143.133901004107
2024-05-01 14:00:00,3545.1693006775404,3787.0287599702224,2768.4986357428634
2024-05-01 15:00:00,3537.459994098679,3456.2051917081208,2672.7954139833946
2024-05-01 16:00:00,3123.549724498689,3241.3827768319643,2200.246160160841
2024-05-01 17:00:00,3123.549724498689,3173.002319401374,2185.3951129176658
2024-05-01 18:00:00,3157.5339682539216,3173.002319401374,2134.20763895802
2024-05-01 19:00:00,3212.411727904435,3173.002319401374,2005.8108802279269
2024-05-01 20:00:00,3333.6559898824144,3207.4407217655753,2005.8108802279269
2024-05-01 21:00:00,3770.7788457804454,3364.4126811459064,2761.2478151220457
2024-05-01 22:00:00,3805.866982889116,3473.908181565883,2771.670082732972
2024-05-01 23:00:00,3805.866982889116,3364.4126811459064,2771.670082732972
2024-05-02 00:00:00,3773.6916153618167,3380.8951003351967,2767.323161009152
2024-05-02 01:00:00,4356.39639626693,3953.793434459507,2702.9292710686927
2024-05-02 02:00:00,4316.512789284489,3978.8842872703026,2573.8624781204085
2024-05-02 03:00:00,4019.9237222500833,3853.5895493850458,2573.8624781204085
2024-05-02 04:00:00,3928.17569212552,3853.5895493850458,2298.548169124534
2024-05-02 05:00:00,3928.17569212552,3853.5895493850458,2583.4885939569895
2024-05-02 06:00:00,3689.335222388185,3658.976950661192,2452.231393768231
2024-05-02 07:00:00,3743.6460017322643,3533.8184221626398,2452.231393768231
2024-05-02 08:00:00,3623.275212016233,3480.143022588072,2199.2448679633135
2024-05-02 09:00:00,3238.563960484531,3003.3098993736767,1877.6485214616632
2024-05-02 10:00:00,2784.3517355028944,2358.919033975959,1819.0040182545927
2024-05-02 11:00:00,2641.1705976356843,2163.3596698468064,1819.0040182545927
2024-05-02 12:00:00,2566.82082450326,2163.3596698468064,1961.9679107155898
2024-05-02 13:00:00,2641.1705976356843,2198.9929456219725,1961.9679107155898
2024-05-02 14:00:00,2677.540468911795,2198.9929456219725,1957.760981240658
2024-05-02 15:00:00,2677.540468911795,2087.999266663219,1957.760981240658
2024-05-02 16:00:00,2587.032069081726,2087.999266663219,2102.174725510686
2024-05-02 17:00:00,2587.032069081726,2239.046920659992,2233.5405984838626
2024-05-02 18:00:00,3379.2472374535973,2532.7269164084682,2367.0430388202158
2024-05-02 19:00:00,3809.002522973051,3611.0597376450824,3098.3914863944246
2024-05-02 20:00:00,4114.548094515916,4215.059762827466,3304.9834421747073
2024-05-02 21:00:00,5331.298938466975,4799.027836438045,3986.558281488907
2024-05-02 22:00:00,5995.098917513144,6046.219539428354,4749.149178942528
2024-05-02 23:00:00,6069.555443469087,6471.322662596755,4749.149178942528
2024-05-03 00:00:00,6291.874789383962,6500.528945084265,4869.640919897585
2024-05-03 01:00:00,7069.028387811481,7507.752705667077,5578.143223759507
2024-05-03 02:00:00,7334.102297000776,7829.625808180975,5848.667685418888
2024-05-03 03:00:00,8404.289802455707,8771.678793686293,6478.121659462748
2024-05-03 04:00:00,8404.289802455707,8771.678793686293,6478.121659462748
2024-05-03 05:00:00,7883.467176544492,8180.744581439704,5925.512493482148
2024-05-03 06:00:00,7313.98390410994,7269.5360096219965,5049.395938808677
2024-05-03 07:00:00,6824.618361978761,6576.910862757598,4428.772083815517
2024-05-03 08:00:00,4908.081509000099,4981.3558904260535,3512.175321717589
2024-05-03 09:00:00,3620.3095958691283,3368.9513146617755,2826.9309098559766
2024-05-03 10:00:00,2969.805090990996,2786.2285610474555,2002.6239211443024
2024-05-03 11:00:00,2914.201472927516,2786.2285610474555,1796.3318102989663
2024-05-03 12:00:00,2914.201472927516,3057.656313983529,1755.1850485511538
2024-05-03 13:00:00,3265.8888839652736,3181.963896104762,1796.3318102989663
2024-05-03 14:00:00,3299.592216959214,3243.6011270806994,1920.1410363212158
2024-05-03 15:00:00,3265.8888839652736,3243.6011270806994,2014.3504783378382
2024-05-03 16:00:00,2914.2394619466104,3067.5366258025424,2086.270063212466
2024-05-03 17:00:00,2914.2394619466104,2583.121088892116,2086.270063212466
2024-05-03 18:00:00,3291.632645024074,2583.121088892116,2849.4907606051142
2024-05-03 19:00:00,3468.982303084589,2998.5596503514844,2958.540393516263
2024-05-03 20:00:00,3530.0615728900793,3733.886226896,3006.1447538445614
2024-05-03 21:00:00,3991.384808573195,4191.11257482307,3682.262120369393
2024-05-03 22:00:00,4484.621655681266,4392.625257584268,3682.262120369393
2024-05-03 23:00:00,4761.3615360300855,4548.840102845257,3568.4550892146194
2024-05-04 00:00:00,4815.999270249648,4661.521402867493,3298.814996973362
2024-05-04 01:00:00,5400.621038685296,5506.313350623256,3420.443627148741
2024-05-04 02:00:00,5428.892843120497,5650.840175177926,3591.556309902274
2024-05-04 03:00:00,5719.178562619246,5806.960480003747,4230.541664869169
2024-05-04 04:00:00,6149.071016372604,6107.127324713007,4502.97390014186
2024-05-04 05:00:00,6149.071016372604,6746.1308722846825,4713.749585165756
2024-05-04 06:00:00,6124.046798859415,6830.28515292496,4713.749585165756
2024-05-04 07:00:00,5272.894011561272,6830.28515292496,4653.537120624526
2024-05-04 08:00:00,3826.0130357776434,5035.781789621336,3787.157734398197
2024-05-04 09:00:00,3283.488610041075,4629.426398170372,3583.139630167973
2024-05-04 10:00:00,2974.858292892155,4601.177432913933,2975.3366213880513
2024-05-04 11:00:00,2560.9741201973156,3796.7526164786323,2743.4720643310197
2024-05-04 12:00:00,2192.7047825255195,3453.372955156774,2038.302146195217
2024-05-04 13:00:00,2058.57954797441,3190.5550405094764,1838.9061863950026
2024-05-04 14:00:00,2058.57954797441,2928.475182403323,1797.2764063116279
2024-05-04 15:00:00,2355.5827162497008,2928.475182403323,1838.9061863950026
2024-05-04 16:00:00,3215.71410310363,3665.3982796700056,1988.7210776769653
2024-05-04 17:00:00,3222.0623148315444,3910.0561674912915,2237.1816420329997
2024-05-04 18:00:00,3991.223605213221,4888.890370384257,3106.234078955862
2024-05-04 19:00:00,5917.437893362567,6842.234121975986,5137.031833237729
2024-05-04 20:00:00,7353.2900933915835,8662.371459789523,6370.202889593711
2024-05-04 21:00:00,8048.859546246618,10005.185399467184,7651.9491348079455
2024-05-04 22:00:00,9313.642889715875,10765.54937452901,8701.447331229803
2024-05-04 23:00:00,9936.61934323537,11741.096065197704,9318.369775501222
2024-05-05 00:00:00,9955.719658583203,11819.527404958591,9009.908553365512
2024-05-05 01:00:00,8531.709137774,10897.68845223371,7905.542467435339
2024-05-05 02:00:00,8290.766405370745,11164.355738485072,8059.961200283153
2024-05-05 03:00:00,8290.766405370745,11272.815527862793,8129.945079623921
2024-05-05 04:00:00,9027.446967610042,12075.174247717323,8330.176083343811
2024-05-05 05:00:00,11527.576138478142,14008.236930493662,10837.267463945127
2024-05-05 06:00:00,12002.299901067934,14541.702605850158,11706.82502025687
2024-05-05 07:00:00,13030.104797332791,14825.86993829767,12468.618610062187
2024-05-05 08:00:00,14144.849728403213,15991.267180703275,12906.280523559608
2024-05-05 09:00:00,14217.379701809854,16002.606444274985,13890.079734642506
2024-05-05 10:00:00,14768.989015967592,16832.377362354357,14359.597243274224
2024-05-05 11:00:00,16126.593472573419,18014.411249176166,15261.928136191458
2024-05-05 12:00:00,16372.845959113056,18152.493763298,15641.36195079617
2024-05-05 13:00:00,16372.845959113056,18152.493763298,15261.928136191458
2024-05-05 14:00:00,15943.457285638577,18252.642348459507,14981.272975282067
2024-05-05 15:00:00,15943.457285638577,18252.642348459507,14981.272975282067
2024-05-05 16:00:00,16875.13694161948,18780.058953739037,15312.719677137004
2024-05-05 17:00:00,18340.588456842197,18780.058953739037,16063.66234335044
2024-05-05 18:00:00,18614.653304244326,18372.256377660087,16121.520875863851
2024-05-05 19:00:00,18614.653304244326,18349.227909301706,16297.83270254352
2024-05-05 20:00:00,18600.935118848694,18372.256377660087,16302.08348062599
2024-05-05 21:00:00,18389.978985186997,18926.442283623823,16302.08348062599
2024-05-05 22:00:00,18160.37580902933,19007.97957040696,16449.615885894233
2024-05-05 23:00:00,17879.725334050017,18926.442283623823,16583.789243009363
2024-05-06 00:00:00,17548.21505324635,18932.28266772958,16661.89173532377
2024-05-06 01:00:00,17470.353776206703,19315.41949854095,16380.360889297877
2024-05-06 02:00:00,17337.055800001883,19053.5726682502,16233.836584256722
2024-05-06 03:00:00,16174.201945770705,17648.44215539244,15906.684318950374
2024-05-06 04:00:00,12596.479398577498,15864.542179274233,12808.492100865225
2024-05-06 05:00:00,12512.188563742422,15864.542179274233,12808.492100865225
2024-05-06 06:00:00,12512.188563742422,15864.542179274233,12808.492100865225
2024-05-06 07:00:00,12512.188563742422,16038.380850508072,12830.263476617747
2024-05-06 08:00:00,13149.680736834423,16186.201930106205,13425.247396823454
2024-05-06 09:00:00,14294.192122368706,16270.369638845694,14161.116726503973
2024-05-06 10:00:00,14294.192122368706,16186.201930106205,14161.116726503973
2024-05-06 11:00:00,13741.169714604604,16171.526344067917,13929.62326726214
2024-05-06 12:00:00,13097.176245564144,15179.199169461537,13294.535027187025
2024-05-06 13:00:00,13097.176245564144,15179.199169461537,13294.535027187025
2024-05-06 14:00:00,13097.176245564144,15179.199169461537,13294.535027187025
2024-05-06 15:00:00,12507.52872658485,14815.804034865816,12692.610847341275
2024-05-06 16:00:00,11806.218062587224,13611.449417434771,12021.560939147663
2024-05-06 17:00:00,11298.411966055464,13337.722892433287,11937.129926550522
2024-05-06 18:00:00,11298.411966055464,13255.426999175977,10821.714410771665
2024-05-06 19:00:00,11298.411966055464,13255.426999175977,10821.714410771665
2024-05-06 20:00:00,11280.102699109073,13255.426999175977,10821.714410771665
2024-05-06 21:00:00,10000.407703882945,11925.299927425698,9546.199887125727
2024-05-06 22:00:00,9096.301075910902,9573.570351374814,7509.152503827829
2024-05-06 23:00:00,9096.301075910902,9573.570351374814,7509.152503827829
2024-05-07 00:00:00,9273.058284282626,9733.937523313547,7837.027039272363
2024-05-07 01:00:00,7410.470986675097,8845.813290460086,7171.200643130214
2024-05-07 02:00:00,7165.846155912425,8694.484354933811,7100.719887029722
2024-05-07 03:00:00,7165.128154373254,7833.34150865882,6030.699277646217
2024-05-07 04:00:00,5895.725912452738,5884.309721334308,4643.587526245974
2024-05-07 05:00:00,4838.3690288911175,5387.981531404246,3918.392649053957
2024-05-07 06:00:00,4581.183697639786,4496.642635720742,3918.392649053957
2024-05-07 07:00:00,4548.62745365526,4496.642635720742,3860.468239324065
2024-05-07 08:00:00,4548.62745365526,5019.691877985639,4344.222451286497
2024-05-07 09:00:00,5003.497228466938,5642.299943085536,4543.033064183263
2024-05-07 10:00:00,5237.437775461437,5733.78139287536,4662.828670189449
2024-05-07 11:00:00,5445.429469068701,6042.457311680322,5282.7641730209025
2024-05-07 12:00:00,5729.890190914213,6332.457897328149,5501.433254358222
2024-05-07 13:00:00,5733.392321026809,6332.457897328149,5737.79354485437
2024-05-07 14:00:00,6267.993969189984,6828.698702908941,6229.159033313094
2024-05-07 15:00:00,7595.154428288316,8560.442556341037,7266.8522234616075
2024-05-07 16:00:00,8277.062207193267,8997.352260801992,7577.264642698869
2024-05-07 17:00:00,9756.458509158927,10395.364286921085,8873.450616987382
2024-05-07 18:00:00,10801.490846909892,11667.788331875878,10267.616276109535
2024-05-07 19:00:00,10940.025708581514,11925.628994206301,10638.529664963007
2024-05-07 20:00:00,11783.513765938147,12875.99126088626,11594.524308393951
2024-05-07 21:00:00,12020.697014355716,13507.180161214015,11741.134750199612
2024-05-07 22:00:00,12020.697014355716,13507.180161214015,11594.524308393951
2024-05-07 23:00:00,11484.568542530142,12584.502458257539,11135.994232215391
2024-05-08 00:00:00,11422.768208900314,12385.487120380356,10870.796623667175
2024-05-08 01:00:00,9354.490114976878,10231.532192010494,9143.201103709609
2024-05-08 02:00:00,8797.270384144282,9430.599506193856,8743.123868590239
2024-05-08 03:00:00,8639.173296591762,9374.904392987877,8721.148951412015
2024-05-08 04:00:00,6122.6638774404255,8222.660919296073,6460.217394018066
2024-05-08 05:00:00,6112.552506806374,7467.952759122483,6238.474385588034
2024-05-08 06:00:00,6072.071070635582,7467.952759122483,6146.826611865402
2024-05-08 07:00:00,5881.495368601833,7441.334662344039,5958.4333186095155
2024-05-08 08:00:00,5374.420006081129,6793.484458637826,5313.159401318117
2024-05-08 09:00:00,5374.420006081129,5664.515243926491,4451.173254948438
2024-05-08 10:00:00,4972.718319496746,5390.44500438793,4318.684808247491
2024-05-08 11:00:00,4972.718319496746,5117.228325670387,3851.050984820116
2024-05-08 12:00:00,4837.331791158413,4908.755422217291,3705.646263546097
2024-05-08 13:00:00,4659.445546755289,4865.176292027363,3680.175822851753
2024-05-08 14:00:00,4437.030821769355,4246.046790232222,3605.169530273812
2024-05-08 15:00:00,3950.9115296666387,3788.845179009437,3335.662887002975
2024-05-08 16:00:00,3492.203640738897,3147.9690393292967,2731.539796414541
2024-05-08 17:00:00,3374.5822364994838,2888.603883373662,2324.379428270193
2024-05-08 18:00:00,3374.5822364994838,2865.4844460481327,2324.379428270193
2024-05-08 19:00:00,3532.2973425221408,2888.603883373662,2529.1386393085713
2024-05-08 20:00:00,3952.802061903227,3240.628378273015,2554.2197203405367
2024-05-08 21:00:00,4117.350177719063,3750.845530058201,2713.0739482544523
2024-05-08 22:00:00,4398.979163863434,3916.6534370907775,3392.48672039683
2024-05-08 23:00:00,4748.449325633555,4694.650482119481,3392.48672039683
2024-05-09 00:00:00,5170.598374049725,5035.496017607986,3352.1932961940574
2024-05-09 01:00:00,6263.424161877849,7026.419997841628,3820.9781489154957
2024-05-09 02:00:00,6471.552603775792,7318.13714273228,4175.598931107576
2024-05-09 03:00:00,7367.010994919967,7895.3801243081325,5272.931381511569
2024-05-09 04:00:00,8289.7567197241,8910.305250651287,6017.0160543085585
2024-05-09 05:00:00,10170.051300885196,11242.460107083483,8167.156766154432
2024-05-09 06:00:00,10953.400369528294,13277.248146579732,8801.029813111207
2024-05-09 07:00:00,10953.400369528294,13277.248146579732,9059.89010899709
2024-05-09 08:00:00,10064.086534590739,12023.33892583425,9059.89010899709
2024-05-09 09:00:00,9368.560918345182,11090.988419616251,8609.568597604419
2024-05-09 10:00:00,8838.234685307396,10115.460810545497,8169.071857715394
2024-05-09 11:00:00,7406.226821633206,7764.509683453466,6305.1982757244705
2024-05-09 12:00:00,7225.70381106682,7271.337672227036,5447.625936376426
2024-05-09 13:00:00,7225.70381106682,7271.337672227036,5447.625936376426
2024-05-09 14:00:00,8119.6726023971405,8329.770643573303,7171.527399276727
2024-05-09 15:00:00,8208.52100852873,8439.548614611691,7374.992143496429
2024-05-09 16:00:00,10730.736912235425,11151.711166125551,9265.398041648356
2024-05-09 17:00:00,10762.191270611942,12402.014987693652,10250.456913676247
2024-05-09 18:00:00,12492.986502888203,13189.641063954288,11085.664652087093
2024-05-09 19:00:00,15044.507204295474,15699.042933322995,13830.88979964679
2024-05-09 20:00:00,16008.519435701466,17318.02852253664,14815.779475235211
2024-05-09 21:00:00,17167.174995255253,18415.94949536534,16897.703111015824
2024-05-09 22:00:00,18696.932380948427,19169.244751243914,17784.0593277645
2024-05-09 23:00:00,18808.47110952139,19180.819356768683,17784.0593277645
2024-05-10 00:00:00,19006.77719852471,19237.881593747043,17837.505168904863
2024-05-10 01:00:00,18848.623236685286,19169.064787247233,16923.006302545054
2024-05-10 02:00:00,18729.156864596538,19143.978503935712,16688.542628496412
2024-05-10 03:00:00,18729.156864596538,19138.228013488286,16362.2907463642
2024-05-10 04:00:00,18729.156864596538,19138.228013488286,16362.2907463642
2024-05-10 05:00:00,18299.538621876196,18945.656349589044,16256.992479709723
2024-05-10 06:00:00,18299.538621876196,18869.537055205612,14967.889602341047
2024-05-10 07:00:00,15233.234983721333,16660.56441489431,13001.656890390344
2024-05-10 08:00:00,14244.269996501993,16154.793363863113,11988.211943689868
2024-05-10 09:00:00,11308.038658271378,13125.272641168493,10763.293564703336
2024-05-10 10:00:00,6550.434662594492,8488.32377142867,6269.714005434954
2024-05-10 11:00:00,6311.260391496303,6869.013610934672,5615.679517788627
2024-05-10 12:00:00,6311.260391496303,6869.013610934672,5615.679517788627
2024-05-10 13:00:00,7163.123188923277,7082.548684783414,6751.43822591091
2024-05-10 14:00:00,8336.41555767268,9088.39901709843,8374.071028743032
2024-05-10 15:00:00,9611.04882747954,10120.587265293707,9507.77555593132
2024-05-10 16:00:00,9611.04882747954,10936.756803544544,10151.259597325323
2024-05-10 17:00:00,9995.25967780703,11199.260788532,10168.786643056526
2024-05-10 18:00:00,10211.161205184146,11884.727832724242,10168.786643056526
2024-05-10 19:00:00,11188.04049833062,12652.414270855288,11055.112723191807
2024-05-10 20:00:00,12383.858116707721,14488.65367248907,12358.836555999478
2024-05-10 21:00:00,12972.170440609418,15515.718658986367,12733.934366177977
2024-05-10 22:00:00,13546.890038780231,16209.185636923994,13060.971012991626
2024-05-10 23:00:00,13852.19669617759,16541.08827666133,13107.549093858534
2024-05-11 00:00:00,13782.47993675101,16375.136956792661,13125.523690423764
2024-05-11 01:00:00,16283.460772548558,18542.872707563776,16233.216002370762
2024-05-11 02:00:00,16439.222468875843,18783.757906476432,16225.47483774219
2024-05-11 03:00:00,16980.363213987297,18955.563069791242,16225.47483774219
2024-05-11 04:00:00,18358.96147215993,19024.959173968688,16939.854227625085
2024-05-11 05:00:00,18358.96147215993,18955.563069791242,16939.854227625085
2024-05-11 06:00:00,18183.096158866356,19019.25603887312,16885.133932641867
2024-05-11 07:00:00,17056.711148387065,18788.33949995273,16723.783313184576
2024-05-11 08:00:00,16088.092662764535,18411.3245932813,16666.492056414016
2024-05-11 09:00:00,15265.48139933056,18091.606626312063,15973.154760579335
2024-05-11 10:00:00,15265.48139933056,18013.408910453807,15508.125493381896
2024-05-11 11:00:00,15250.321760698404,18091.606626312063,15508.125493381896
2024-05-11 12:00:00,15299.121631500651,18135.135482900077,15918.57078699083
2024-05-11 13:00:00,15911.046042736063,18135.135482900077,15985.406735596524
2024-05-11 14:00:00,16023.358071478591,17962.13917012882,15985.406735596524
2024-05-11 15:00:00,16088.282993897443,17831.546682921173,15985.406735596524
2024-05-11 16:00:00,16340.601718325703,17757.325437681888,15802.78670804152
2024-05-11 17:00:00,16571.407197484394,17642.610538309018,15802.78670804152
2024-05-11 18:00:00,16340.601718325703,17757.325437681888,15802.78670804152
2024-05-11 19:00:00,16624.384140330356,18087.13014318863,16395.33022055719
2024-05-11 20:00:00,17290.243468820474,18286.862326921942,16995.782099846772
2024-05-11 21:00:00,17610.558169349177,18844.631950191142,17096.225023605606
2024-05-11 22:00:00,17610.558169349177,19174.077935389814,17096.225023605606
2024-05-11 23:00:00,16902.474344443013,19174.077935389814,16860.937344538368
2024-05-12 00:00:00,16611.16434204894,19076.316575093093,16772.470739687487
2024-05-12 01:00:00,13108.570562929443,15773.965123159753,13853.738449832472
2024-05-12 02:00:00,12408.746015633462,14625.98934268943,12567.992204175696
2024-05-12 03:00:00,11901.652648808067,14622.821856071587,12050.87730723479
2024-05-12 04:00:00,9813.340055676821,10811.84774501988,7780.666136730258
2024-05-12 05:00:00,9813.340055676821,10811.84774501988,7780.666136730258
2024-05-12 06:00:00,11301.532226154764,12554.68609612072,8429.48708266049
2024-05-12 07:00:00,13604.670289028103,14956.072950311573,12095.795634810314
2024-05-12 08:00:00,13604.670289028103,14956.072950311573,12095.795634810314
2024-05-12 09:00:00,12560.938458057797,14222.995635241301,10885.2170596225
2024-05-12 10:00:00,10773.596167683732,10249.990893693343,8970.875306726337
2024-05-12 11:00:00,9106.03823213039,8600.010192494909,7130.742634984352
2024-05-12 12:00:00,8458.534885062007,8516.954498194278,6917.566748516978
2024-05-12 13:00:00,8458.534885062007,8341.989363475615,6770.187919498547
2024-05-12 14:00:00,9038.284015299312,7850.671859472558,6770.187919498547
2024-05-12 15:00:00,9082.501686075535,8170.369022669491,6190.99546818159
2024-05-12 16:00:00,9814.890457389276,8170.369022669491,6190.99546818159
2024-05-12 17:00:00,9814.890457389276,8170.369022669491,6166.634355861737
2024-05-12 18:00:00,7225.146268623997,6937.0799037419,4529.017590891908
2024-05-12 19:00:00,6317.666871898828,5746.276989088863,3890.4004652419167
2024-05-12 20:00:00,6317.666871898828,5746.276989088863,3890.4004652419167
2024-05-12 21:00:00,6629.974431458283,6227.994460613459,4358.065888641969
2024-05-12 22:00:00,6868.192514936181,6379.181775731604,4673.914459726551
2024-05-12 23:00:00,6925.081466746209,6379.181775731604,5152.578125755807
2024-05-13 00:00:00,6918.778413039907,6349.049725358805,5258.302626322156
2024-05-13 01:00:00,4364.984755328348,4313.576854688735,2823.53150694617
2024-05-13 02:00:00,4292.520626532915,4345.652509491483,2844.987917952421
2024-05-13 03:00:00,4292.520626532915,4345.652509491483,2844.987917952421
2024-05-13 04:00:00,3685.885832576918,3710.3714833493214,2494.5529277394803
2024-05-13 05:00:00,3478.5524861887607,3710.3714833493214,2323.6357424930484
2024-05-13 06:00:00,3331.8419903328086,3349.720350967398,1948.0910793263595
2024-05-13 07:00:00,3331.8419903328086,3129.0162813909938,1789.0250421613014
2024-05-13 08:00:00,3263.34386367805,2939.0989302662983,1768.6280890134096
2024-05-13 09:00:00,3124.109784034148,2835.361604934964,1768.6280890134096
2024-05-13 10:00:00,3099.2949641355717,2469.3456410441922,1742.9739087462203
2024-05-13 11:00:00,3097.950353206468,2469.3456410441922,1742.9739087462203
2024-05-13 12:00:00,3097.950353206468,2503.701118556608,1742.9739087462203
2024-05-13 13:00:00,2926.075494740051,2550.7117681275795,1936.6729997628472
2024-05-13 14:00:00,2926.075494740051,2939.4414471820455,2152.26789280952
2024-05-13 15:00:00,3274.540767797469,3161.545705124494,2263.154580693209
2024-05-13 16:00:00,3395.2535107570493,3453.9352357767293,2377.850633496373
2024-05-13 17:00:00,5287.2783355255015,4816.166935485819,3195.7871624311765
2024-05-13 18:00:00,6416.219897070416,5488.382288328956,4267.545013534274
2024-05-13 19:00:00,6703.769943769196,6148.67158746813,4709.821019498074
2024-05-13 20:00:00,6884.729394954958,7033.929963909152,5202.986421360731
2024-05-13 21:00:00,10148.784094524925,9997.197134302078,7893.5744271147
2024-05-13 22:00:00,12000.882768511185,12606.884506777558,10082.800416961069
2024-05-13 23:00:00,14407.061134507783,13979.25966159316,12379.712166577645
2024-05-14 00:00:00,15086.63039490888,15243.453899970755,12938.563622347006
2024-05-14 01:00:00,15107.011561063053,15573.733473067345,12515.567182843835
2024-05-14 02:00:00,14926.94011768662,15743.64233931565,12441.622985013491
2024-05-14 03:00:00,14926.94011768662,15743.64233931565,12520.119976164955
2024-05-14 04:00:00,14926.94011768662,15583.838867437946,12520.119976164955
2024-05-14 05:00:00,15193.252644573035,15550.712850892078,12520.119976164955
2024-05-14 06:00:00,15193.252644573035,14771.651368872092,12126.021202176775
2024-05-14 07:00:00,14582.681169207382,13394.782408053608,10933.320253459662
2024-05-14 08:00:00,10655.928812140084,10456.566939112849,8670.468385248854
2024-05-14 09:00:00,7963.6737921672675,8708.530419416958,5894.571505310536
2024-05-14 10:00:00,6016.423683483196,6124.067604856707,4852.295690469384
2024-05-14 11:00:00,5676.727800601119,5385.076417323922,3976.867896782615
2024-05-14 12:00:00,5675.8306868445825,4406.758725406562,3579.486812014341
2024-05-14 13:00:00,5675.8306868445825,4244.7299798059685,3435.744638684161
2024-05-14 14:00:00,5675.8306868445825,4238.94029791604,3311.2684326466397
2024-05-14 15:00:00,5665.949006678279,4238.94029791604,3311.2684326466397
2024-05-14 16:00:00,5665.949006678279,4714.719065576812,3375.625425574498
2024-05-14 17:00:00,5858.598587587504,5232.917242227881,3846.3519798527495
2024-05-14 18:00:00,6296.088613792532,5884.809831754001,4514.18803811334
2024-05-14 19:00:00,9320.75971395283,8383.828552194202,7494.797557200599
2024-05-14 20:00:00,11972.590105108171,9857.782635046913,8814.302817190763
2024-05-14 21:00:00,14240.040281003623,14219.056245909202,11598.30928795587
2024-05-14 22:00:00,16702.157285681453,17498.114652942368,14234.37571511248
2024-05-14 23:00:00,16814.290133472507,17498.114652942368,14571.493781916157
2024-05-15 00:00:00,16775.19284911231,17308.38838184342,14574.190457551613
2024-05-15 01:00:00,18084.618311578677,18127.253968738114,15381.823408910535
2024-05-15 02:00:00,18122.4496252171,18162.964189570303,15350.199626429183
2024-05-15 03:00:00,18122.4496252171,18162.964189570303,15037.312756597008
2024-05-15 04:00:00,17883.347476786304,17987.421258556493,15020.947005371634
2024-05-15 05:00:00,17573.595675533037,17198.809556746062,14477.982265341874
2024-05-15 06:00:00,16688.96212094606,16268.987696122858,13595.689167906707
2024-05-15 07:00:00,15645.509010559072,15768.161014564123,13070.693495490568
2024-05-15 08:00:00,13513.160420470906,13976.646497229825,11258.772025305661
2024-05-15 09:00:00,9742.486172690227,11367.891691689741,9002.768733993367
2024-05-15 10:00:00,5996.05029552343,6070.591279666707,4919.62234679257
2024-05-15 11:00:00,4690.314215195801,3837.4270311657674,3978.2778316449885
2024-05-15 12:00:00,4034.741641526678,3320.581205287959,2584.509124565447
2024-05-15 13:00:00,3952.833937174244,3213.7779607772645,2232.839288707676
2024-05-15 14:00:00,3600.693693535597,3213.7779607772645,2232.839288707676
2024-05-15 15:00:00,3600.693693535597,3294.0092283538725,2833.1827326115754
2024-05-15 16:00:00,4217.821957249573,4410.587619382273,3068.740621718817
2024-05-15 17:00:00,5446.737291982886,6075.570551401179,4476.080206205376
2024-05-15 18:00:00,7671.7019118133185,8236.18569723968,5780.513330101203
2024-05-15 19:00:00,10131.674056960532,10737.974916780371,8361.196609875147
2024-05-15 20:00:00,10131.674056960532,10737.974916780371,8412.948080017937
2024-05-15 21:00:00,10044.554351756178,10803.125986982468,8852.391100158444
2024-05-15 22:00:00,9821.787840982126,9789.667021938534,8412.948080017937
2024-05-15 23:00:00,9365.134350116403,10089.634841725381,7988.225061570981
2024-05-16 00:00:00,8698.289261759548,9616.640127686656,7980.218292766305
2024-05-16 01:00:00,13962.792625026224,13498.394915314511,11985.378744850728
2024-05-16 02:00:00,14488.557365038934,13829.353242996802,12005.389211354644
2024-05-16 03:00:00,14667.153168598874,13829.353242996802,12005.389211354644
2024-05-16 04:00:00,14708.56408106762,14310.090409847482,12631.003835964204
2024-05-16 05:00:00,14820.627274122522,15582.231640293981,12776.834140141302
2024-05-16 06:00:00,15038.233165909256,15582.231640293981,12776.834140141302
2024-05-16 07:00:00,15038.233165909256,15496.926134750502,12654.824628525059
2024-05-16 08:00:00,14536.53979050614,15496.926134750502,12413.818457147634
2024-05-16 09:00:00,14428.60979981355,15445.536186346562,12171.075201828231
2024-05-16 10:00:00,14126.907912839479,15445.536186346562,12171.075201828231
2024-05-16 11:00:00,13567.684146181013,14161.73366360105,12081.44005511135
2024-05-16 12:00:00,12321.00849031255,13472.303916731113,11193.617460000958
2024-05-16 13:00:00,11235.72721538162,11417.795168992048,9711.74584027439
2024-05-16 14:00:00,9723.479427790158,9793.553152896526,8364.902387050319
2024-05-16 15:00:00,8557.184343624616,6988.611849577695,6768.383664195496
2024-05-16 16:00:00,7242.516608159206,6988.611849577695,5419.784676713737
2024-05-16 17:00:00,7203.064483987191,6964.43134905383,5393.118265838815
2024-05-16 18:00:00,7203.064483987191,7106.1492520007805,5393.118265838815
2024-05-16 19:00:00,7203.064483987191,7381.302720281874,5547.754941427671
2024-05-16 20:00:00,7392.373742962767,8579.450475640228,6538.57452400834
2024-05-16 21:00:00,7908.192061905336,10548.719426728127,7491.805956950431
2024-05-16 22:00:00,9411.461017527356,11539.734797091318,8539.384530744599
2024-05-16 23:00:00,11165.923945029966,11891.272952707039,9767.285455136309
2024-05-17 00:00:00,12001.723201356901,13161.392800514906,10684.81918745851
2024-05-17 01:00:00,12212.329842855415,13880.450849877132,10873.297127109847
2024-05-17 02:00:00,13379.154296721868,15382.597939112151,11923.184936465907
2024-05-17 03:00:00,14404.963022744903,16286.652203400316,12531.479171348805
2024-05-17 04:00:00,14404.963022744903,16286.652203400316,12531.479171348805
2024-05-17 05:00:00,14404.963022744903,15510.245277824184,12132.339045014456
2024-05-17 06:00:00,14631.559950290484,15510.245277824184,12132.339045014456
2024-05-17 07:00:00,14799.581863428553,16046.450138598275,13721.209274592695
2024-05-17 08:00:00,15154.594401705494,16046.450138598275,13868.449254707595
2024-05-17 09:00:00,14799.581863428553,15954.799513546524,13721.209274592695
2024-05-17 10:00:00,13996.013905522805,15579.805722460713,13663.084888431333
2024-05-17 11:00:00,13996.013905522805,15579.805722460713,13663.084888431333
2024-05-17 12:00:00,14340.6537631122,16338.008220418853,13884.256705962336
2024-05-17 13:00:00,14527.049765162368,16560.77445173286,13956.24702829256
2024-05-17 14:00:00,14527.049765162368,16560.77445173286,13885.438800831642
2024-05-17 15:00:00,14283.381139335776,16161.115676674373,13885.438800831642
2024-05-17 16:00:00,13965.80178483323,15393.493247959797,13294.939056773836
2024-05-17 17:00:00,13005.408276678749,14994.767489248088,12807.15544818797
2024-05-17 18:00:00,13005.408276678749,14586.153851582238,12807.15544818797
2024-05-17 19:00:00,13595.226950768074,14586.153851582238,12863.892482303612
2024-05-17 20:00:00,14830.507190193528,15525.665622375356,14050.873921882034
2024-05-17 21:00:00,16590.285975612333,17139.313182932212,15152.466909601644
2024-05-17 22:00:00,19091.732088561334,18688.34346944461,16962.55883256676
2024-05-17 23:00:00,19999.22718473116,19053.92424874152,17088.904788242537
2024-05-18 00:00:00,20275.266748207287,19061.449807149518,17299.29132733001
2024-05-18 01:00:00,20056.23154636317,18823.642406484818,17287.979404739082
2024-05-18 02:00:00,20021.350210722674,19037.474342600613,17309.709873065443
2024-05-18 03:00:00,19953.2275216365,19256.216195416506,17309.709873065443
2024-05-18 04:00:00,19953.2275216365,19397.773984323117,17365.622893424385
2024-05-18 05:00:00,20071.45528124104,19397.773984323117,17365.622893424385
2024-05-18 06:00:00,20071.45528124104,19355.27180275067,17365.622893424385
2024-05-18 07:00:00,19542.878738008432,18941.767086830507,17202.355116904982
2024-05-18 08:00:00,17784.927486711636,17590.62317577257,16131.980699814374
2024-05-18 09:00:00,14676.782358727516,16476.73958653564,13713.586523310654
2024-05-18 10:00:00,11486.891362696579,12766.495863076729,12206.562693657863
2024-05-18 11:00:00,10274.319474473778,10319.893032187452,10544.863488760577
2024-05-18 12:00:00,9420.647401012868,8935.508012123604,8854.471310458073
2024-05-18 13:00:00,8776.363589307639,8020.981996444655,7661.606222945039
2024-05-18 14:00:00,8592.881816273279,8020.981996444655,7234.279980266633
2024-05-18 15:00:00,8274.829723434075,8874.679711955532,7199.154339873144
2024-05-18 16:00:00,8386.927390831821,8874.679711955532,7188.852882029506
2024-05-18 17:00:00,8386.927390831821,8874.679711955532,7188.852882029506
2024-05-18 18:00:00,9971.332961949975,10263.961958126805,8693.812743000673
2024-05-18 19:00:00,11953.632323223217,11941.526313389695,10451.366969657116
2024-05-18 20:00:00,12882.207344446859,13692.09497416659,11409.81725867687
2024-05-18 21:00:00,14159.268736566093,15391.484960596821,13104.295325662802
2024-05-18 22:00:00,15919.145674234336,16933.415091095863,14255.118925853298
2024-05-18 23:00:00,16506.942377054216,17107.372370380956,14762.838962534564
2024-05-19 00:00:00,16679.79428520971,17131.014236715826,14840.865922201625
2024-05-19 01:00:00,16025.62843452752,16354.015543115842,13852.313191468184
2024-05-19 02:00:00,15971.501395289475,16162.968482670132,13607.028519495772
2024-05-19 03:00:00,14434.050099249493,15448.335966950526,12694.86605155769
2024-05-19 04:00:00,12200.470005649064,12929.169895134983,10283.393884466632
2024-05-19 05:00:00,10943.799522167714,11046.414952825755,8721.483460479225
2024-05-19 06:00:00,8067.756895584015,6549.411218819311,5310.792315027761
2024-05-19 07:00:00,5192.127598049624,4795.117920562492,3414.1603203662676
2024-05-19 08:00:00,2924.2967803687443,3106.823652822204,1902.5293456188763
2024-05-19 09:00:00,2422.2771997861837,2675.2315887151944,1773.1929774815112
2024-05-19 10:00:00,2259.2990002190927,2399.79559678009,1447.513968055615
2024-05-19 11:00:00,2259.2990002190927,2352.982042761667,1447.513968055615
2024-05-19 12:00:00,2259.2990002190927,2198.1934663754673,1856.0115102792156
2024-05-19 13:00:00,2296.857963385688,2198.1934663754673,1856.0115102792156
2024-05-19 14:00:00,2462.6864141657297,2341.66565064132,1637.8280874836205
2024-05-19 15:00:00,2574.9371550557535,2353.4102739612335,1637.8280874836205
2024-05-19 16:00:00,2695.389461115563,2353.4102739612335,1824.1725069935565
2024-05-19 17:00:00,2742.571378469065,2479.581698773958,2254.1503851424595
2024-05-19 18:00:00,3134.3885883260173,2557.850653760468,2404.1764373235
2024-05-19 19:00:00,3545.6355676471394,3317.000304873429,2818.754718386236
2024-05-19 20:00:00,4000.448111689633,4188.967187990436,3357.97154648475
2024-05-19 21:00:00,4937.695714718108,5523.918914593849,4113.193260573418
2024-05-19 22:00:00,5496.987046382103,5897.813076032562,4351.957384041863
2024-05-19 23:00:00,7014.32252818398,7085.545418556246,5349.572169964796
2024-05-20 00:00:00,7151.459156384573,7461.812409982542,5368.949881801934
2024-05-20 01:00:00,11005.184016752435,13418.72686493534,10672.690593983727
2024-05-20 02:00:00,11371.923967742903,14008.697725798153,10793.073860193468
2024-05-20 03:00:00,11388.36778920781,14633.235271543612,11121.584717834327
2024-05-20 04:00:00,13874.092649395247,15381.846207008355,10793.073860193468
2024-05-20 05:00:00,13874.092649395247,15381.846207008355,10719.586602353525
2024-05-20 06:00:00,10884.896338754119,11451.907333723537,7929.523941342351
2024-05-20 07:00:00,8233.726632854738,10272.758234924264,5907.379990847252
2024-05-20 08:00:00,5623.123030684828,7056.371026328239,4627.436614763055
2024-05-20 09:00:00,4770.6490954863575,4766.3582979497805,3743.3323194857426
2024-05-20 10:00:00,3757.3319951398735,3716.304340925899,2519.072233189445
2024-05-20 11:00:00,3658.354782837967,3339.2733774270237,2088.4275175156467
2024-05-20 12:00:00,3445.1031977400507,3277.456875910246,1900.4662242314002
2024-05-20 13:00:00,3445.1031977400507,3277.456875910246,1900.4662242314002
2024-05-20 14:00:00,3583.0604677430965,3356.485197882974,1933.041790688042
2024-05-20 15:00:00,3612.146892521807,3760.312388124865,2209.9587124637183
2024-05-20 16:00:00,3583.0604677430965,3772.0946569647476,2209.9587124637183
2024-05-20 17:00:00,3234.88885857069,3817.665281072026,2559.421325724126
2024-05-20 18:00:00,3234.88885857069,3784.689268242988,2559.421325724126
2024-05-20 19:00:00,3566.5149686850546,4093.287286790468,3211.1739160542966
2024-05-20 20:00:00,3769.9340573751015,4394.534288913737,3211.1739160542966
2024-05-20 21:00:00,3967.553338117843,4426.227095205359,3211.1739160542966
2024-05-20 22:00:00,3967.553338117843,4426.227095205359,3559.7472413468345
2024-05-20 23:00:00,3967.553338117843,4280.316999270568,3559.7472413468345
2024-05-21 00:00:00,3703.9401158355604,4003.994051444869,3313.8239297141226
2024-05-21 01:00:00,3491.47139935784,3345.088750290056,3185.2013038651926
2024-05-21 02:00:00,3375.673677674511,3275.242777770305,3123.8113990907545
2024-05-21 03:00:00,3234.904491890313,3235.809387309002,2928.2928095998855
2024-05-21 04:00:00,3120.030766085132,3169.925655663803,2851.1932541406522
2024-05-21 05:00:00,3097.850488479351,3157.120953846199,2787.0442395894893
2024-05-21 06:00:00,2973.4349076586877,3157.120953846199,2733.345519538138
2024-05-21 07:00:00,2860.783129194415,2966.0531812296795,2659.632584336293
2024-05-21 08:00:00,2847.566262361732,2866.8091591622597,2659.632584336293
2024-05-21 09:00:00,2801.6468950675044,2866.8091591622597,2659.632584336293
2024-05-21 10:00:00,2713.8034886785954,2887.2500583996207,2485.1782950304223
2024-05-21 11:00:00,2713.8034886785954,2955.546583012676,2349.7525237345562
2024-05-21 12:00:00,2826.297823460851,2955.546583012676,2349.7525237345562
2024-05-21 13:00:00,2830.7478615911023,2756.527131756511,2367.9023401141644
2024-05-21 14:00:00,2859.467904239391,2756.527131756511,2399.719846518539
2024-05-21 15:00:00,3315.1378251378374,3080.409920779204,2467.173643533975
2024-05-21 16:00:00,3315.1378251378374,3080.409920779204,2399.719846518539
2024-05-21 17:00:00,3380.2317270837157,2899.4112195242433,2569.9225921821303
2024-05-21 18:00:00,3617.3513945612995,2899.4112195242433,2569.9225921821303
2024-05-21 19:00:00,3979.156388989775,3074.9655012727726,2859.632243398522
2024-05-21 20:00:00,4236.050610107826,3236.450536186867,2976.600076291575
2024-05-21 21:00:00,4325.992078669189,3987.521691838132,3058.403074583608
2024-05-21 22:00:00,4770.778129207596,4794.648082396914,3863.470126810372
2024-05-21 23:00:00,4845.490875792736,4825.48362481189,3863.470126810372
2024-05-22 00:00:00,4951.726015026433,4827.943912176985,3981.7587088943237
2024-05-22 01:00:00,4416.488965127695,4471.777829641494,3494.5122736660614
2024-05-22 02:00:00,4422.770349002474,4479.8433825943775,3599.26460146281
2024-05-22 03:00:00,4861.300752847913,4561.4530627541535,3586.479498778469
2024-05-22 04:00:00,4861.300752847913,4561.4530627541535,3586.479498778469
2024-05-22 05:00:00,4255.299546592625,4233.431846624393,3378.220819028486
2024-05-22 06:00:00,4255.299546592625,3985.569546149496,3378.220819028486
2024-05-22 07:00:00,3951.449313892206,3879.0550522074263,3549.546551986945
2024-05-22 08:00:00,3352.6991624355014,3555.927974544373,3549.546551986945
2024-05-22 09:00:00,3281.3547680118645,3379.820366401271,3138.287460614379
2024-05-22 10:00:00,2392.566242262894,3140.2056966474756,2360.4790548539145
2024-05-22 11:00:00,2334.7455174672996,2661.8635858495836,2061.3204769410418
2024-05-22 12:00:00,2170.889144371842,2194.143292869474,1999.5511208254873
2024-05-22 13:00:00,2170.889144371842,2194.143292869474,1999.5511208254873
2024-05-22 14:00:00,3035.8180320557512,2786.9063176260133,2061.3952245356836
2024-05-22 15:00:00,4321.350827867976,3513.207936568213,3297.5979936791487
2024-05-22 16:00:00,6102.834518899134,4557.4871898470665,4179.470970406794
2024-05-22 17:00:00,6262.186629787501,6377.215090898248,5289.35489033501
2024-05-22 18:00:00,6712.536476239865,7488.071356798193,5618.265896704176
2024-05-22 19:00:00,8749.26091904877,10073.04939917837,7736.938264243727
2024-05-22 20:00:00,11886.266982170422,12193.36137317246,10721.050362604552
2024-05-22 21:00:00,14262.63093981262,14987.293594661056,12987.268649443811
2024-05-22 22:00:00,17030.436860293165,16961.52096624959,14750.656473915646
2024-05-22 23:00:00,17447.096727039174,17386.23622351308,15762.554283246089
2024-05-23 00:00:00,17723.14259943606,17575.903573275096,15774.861256533812
2024-05-23 01:00:00,17026.027906696618,17700.51300877583,15875.962633437653
2024-05-23 02:00:00,17308.08490423636,18082.518644641394,16224.154006765393
2024-05-23 03:00:00,17308.08490423636,18082.518644641394,16224.154006765393
2024-05-23 04:00:00,17080.434136870255,17429.063228050494,15164.747123908071
2024-05-23 05:00:00,17049.68179061768,17290.930214706765,14773.491297465876
2024-05-23 06:00:00,16812.12836389117,17164.388027243243,14429.880404842157
2024-05-23 07:00:00,15606.796484866305,16251.30351485635,13636.70115750146
2024-05-23 08:00:00,13641.969204391138,14689.09954289187,12249.188928565713
2024-05-23 09:00:00,10774.765217412505,12964.674131517631,11353.90979625164
2024-05-23 10:00:00,7900.982303201328,9219.907893816197,7959.974461765748
2024-05-23 11:00:00,6624.349421507803,6653.220541457938,5776.802519235851
2024-05-23 12:00:00,6373.996488117411,5476.853055022615,4986.921872674844
2024-05-23 13:00:00,6372.069217382306,5440.669441956225,4564.2673035485595
2024-05-23 14:00:00,5976.466412749286,4999.1177461366915,4170.036061281236
2024-05-23 15:00:00,5849.070730777922,4999.1177461366915,4170.036061281236
2024-05-23 16:00:00,5849.070730777922,5123.870937270274,4413.672218655333
2024-05-23 17:00:00,6618.825666389262,6445.727799213049,5378.241471792288
2024-05-23 18:00:00,7342.05266065086,7098.1404119526815,6125.363989383845
2024-05-23 19:00:00,8446.99287593405,8101.068341955174,7304.949696584683
2024-05-23 20:00:00,9197.072768685613,9106.661476480904,8220.02886442055
2024-05-23 21:00:00,9197.072768685613,9106.661476480904,8220.02886442055
2024-05-23 22:00:00,8712.442733462334,7635.343859840449,6309.6811962571555
2024-05-23 23:00:00,6097.130887617518,5713.72948249209,4401.992252501191
2024-05-24 00:00:00,5965.061584581081,5652.127968454795,4298.197186108851
2024-05-24 01:00:00,5256.911991902805,5113.601822357235,3542.9181602978892
2024-05-24 02:00:00,5060.761072895121,4846.720981067672,3204.719482779979
2024-05-24 03:00:00,4875.9500433365,4493.4706762407,3184.450360277599
2024-05-24 04:00:00,4432.61439858867,4473.120585865525,2865.73456850967
2024-05-24 05:00:00,4003.1989614560625,4040.046712307587,2865.73456850967
2024-05-24 06:00:00,3996.1737839603793,4040.046712307587,3075.9091176500083
2024-05-24 07:00:00,3185.1923009311067,4040.046712307587,3075.9091176500083
2024-05-24 08:00:00,2881.801516198595,3346.49290932807,2274.1283201387055
2024-05-24 09:00:00,2881.801516198595,3346.49290932807,2274.1283201387055
2024-05-24 10:00:00,3318.540184283018,3469.9762188014647,2802.6476014138198
2024-05-24 11:00:00,3318.540184283018,3469.9762188014647,2802.6476014138198
2024-05-24 12:00:00,3129.446109923454,3127.0383681128988,2610.16625082073
2024-05-24 13:00:00,3129.446109923454,3127.0383681128988,2556.3089428913677
2024-05-24 14:00:00,3290.248126466071,3284.393303069488,2513.070997438182
2024-05-24 15:00:00,3295.9255199492673,3516.13076626528,2513.070997438182
2024-05-24 16:00:00,3302.2332656131875,3516.13076626528,2737.2399488809933
2024-05-24 17:00:00,3302.2332656131875,3453.982361201519,2768.9164504327387
2024-05-24 18:00:00,3200.3410487924066,3330.0152723755127,2768.9164504327387
2024-05-24 19:00:00,3200.3410487924066,3276.3831565112214,2768.9164504327387
2024-05-24 20:00:00,3611.0782751449606,3264.8592736696573,3230.8463900927463
2024-05-24 21:00:00,3638.4737933449196,3264.8592736696573,3397.61292963166
2024-05-24 22:00:00,3958.700583596172,3264.8592736696573,3536.1403359743294
2024-05-24 23:00:00,3958.700583596172,3246.045609234572,3536.1403359743294
2024-05-25 00:00:00,3810.4171250476,3096.5274354321327,3052.339030616349
2024-05-25 01:00:00,3345.071798185357,2644.7721966084473,2294.43658149
2024-05-25 02:00:00,3335.162747194845,2629.9907636567877,2292.697727224941
2024-05-25 03:00:00,3354.9808491758686,2659.553629560107,2343.070907266403
2024-05-25 04:00:00,3507.405708742461,2733.5973146498254,2343.070907266403
2024-05-25 05:00:00,3521.368406628164,2733.5973146498254,2466.2492517319297
2024-05-25 06:00:00,3521.368406628164,2665.0788158660725,2466.2492517319297
2024-05-25 07:00:00,3351.5078814160297,2665.0788158660725,2391.848404060488
2024-05-25 08:00:00,3268.634094969595,2790.3939766781277,2343.2227561585655
2024-05-25 09:00:00,3351.5078814160297,2832.418794242263,2343.2227561585655
2024-05-25 10:00:00,3674.5290910841177,2790.3939766781277,2068.8701106917238
2024-05-25 11:00:00,3674.5290910841177,2782.8292416955755,2068.8701106917238
2024-05-25 12:00:00,3121.3926297758626,2756.1009311472026,2068.8701106917238
2024-05-25 13:00:00,3121.3926297758626,2756.1009311472026,2095.092226772339
2024-05-25 14:00:00,3121.3926297758626,2756.1009311472026,2095.092226772339
2024-05-25 15:00:00,2964.430325474301,2691.878347460235,1934.2206674393715
2024-05-25 16:00:00,2778.201656420799,2439.5739153891864,1731.470912351568
2024-05-25 17:00:00,2778.201656420799,2439.5739153891864,1594.730659119997
2024-05-25 18:00:00,2879.0211944016664,2513.8288979797107,1576.0751530340128
2024-05-25 19:00:00,3003.741014365358,2884.8094620797347,1576.0751530340128
2024-05-25 20:00:00,3068.0468110218444,3268.6492456681863,2319.9360965772744
2024-05-25 21:00:00,3667.457543469678,3680.061919476175,2565.2357487233753
2024-05-25 22:00:00,4307.876488921487,3967.94730305725,2804.5472439614086
2024-05-25 23:00:00,4470.394866815081,4527.58048769364,3264.236839071151
2024-05-26 00:00:00,4499.875657849925,4766.804364027658,3306.3648380846957
2024-05-26 01:00:00,5517.355894106424,7029.830386026163,4125.254201257486
2024-05-26 02:00:00,5470.925915704086,7570.211053348359,4178.488667698656
2024-05-26 03:00:00,5470.925915704086,7649.894043181075,4183.403399383744
2024-05-26 04:00:00,5482.525030086041,8343.311494121468,5155.07217703706
2024-05-26 05:00:00,5482.525030086041,8343.311494121468,5155.07217703706
2024-05-26 06:00:00,5153.378995437529,7520.357001235139,4934.090285342802
2024-05-26 07:00:00,4761.8313565757135,7470.163902616607,4842.370137638863
2024-05-26 08:00:00,4761.8313565757135,7470.163902616607,4934.090285342802
2024-05-26 09:00:00,5761.026036700825,8268.690232019148,5832.947593131745
2024-05-26 10:00:00,5821.536999427143,9395.512774041654,6683.994343878975
2024-05-26 11:00:00,6826.492044395171,10172.260321681639,7755.166488262273
2024-05-26 12:00:00,7100.7176978609095,10551.678841098517,7777.4253559864055
2024-05-26 13:00:00,7364.551511477406,10551.678841098517,7825.229337478484
2024-05-26 14:00:00,8271.384628084537,11414.51379065269,8784.345136022748
2024-05-26 15:00:00,8766.322877826871,12001.565854358336,9779.109207372318
2024-05-26 16:00:00,9255.903324493316,12113.36832199394,9916.47247063593
2024-05-26 17:00:00,10653.253988219423,13199.106255466068,11781.123416048762
2024-05-26 18:00:00,10977.100327824506,13843.244901063552,12523.043257080824
2024-05-26 19:00:00,11099.105872836699,14313.692113173438,12541.29895254656
2024-05-26 20:00:00,12249.711197370312,15481.361745630573,12603.518818520692
2024-05-26 21:00:00,12694.675965519793,15680.599513117115,13091.73556242317
2024-05-26 22:00:00,13941.261566805963,15725.561444362396,13780.868346663101
2024-05-26 23:00:00,15261.78016702298,17772.897124668903,15246.359309126541
2024-05-27 00:00:00,15484.477976725899,17807.866659117564,15707.237654838471
2024-05-27 01:00:00,17098.068090381283,18551.651969405502,16087.791556143653
2024-05-27 02:00:00,17187.289518543283,19149.61992163798,16524.93353812935
2024-05-27 03:00:00,18386.025876788335,19149.61992163798,16524.93353812935
2024-05-27 04:00:00,18386.025876788335,19360.059032564357,17026.403454379328
2024-05-27 05:00:00,18277.217230481016,19360.059032564357,17026.403454379328
2024-05-27 06:00:00,17489.03168506272,18160.129854791456,15618.20098904546
2024-05-27 07:00:00,17428.312065795857,17765.788871094654,15535.800621350449
2024-05-27 08:00:00,16463.24089357788,16366.537675315965,14474.052219492729
2024-05-27 09:00:00,15630.117570894525,15471.373382834197,13216.202443602788
2024-05-27 10:00:00,15630.117570894525,14971.72129169854,12552.730114307959
2024-05-27 11:00:00,15733.723955453686,14971.72129169854,12504.397978144876
2024-05-27 12:00:00,15733.723955453686,14971.72129169854,12383.961443318343
2024-05-27 13:00:00,15157.33671664614,14824.162042664026,12382.96395761686
2024-05-27 14:00:00,14880.506055400172,14801.246441273743,11633.090027724373
2024-05-27 15:00:00,14880.506055400172,14018.373367639275,11298.196574949478
2024-05-27 16:00:00,14880.506055400172,13928.203760776765,10947.057835511878
2024-05-27 17:00:00,14431.996298205708,13032.73914524666,10419.113109930684
2024-05-27 18:00:00,14402.908169480474,12424.624262060102,10419.113109930684
2024-05-27 19:00:00,13276.967521854598,12424.624262060102,10610.262253251682
2024-05-27 20:00:00,13160.821194350661,12424.624262060102,10610.262253251682
2024-05-27 21:00:00,12543.637917211883,11802.088117791607,10282.574429636312
2024-05-27 22:00:00,11853.254155941191,11802.088117791607,10282.574429636312
2024-05-27 23:00:00,11440.263082581414,12079.812706619425,10179.258073124327
2024-05-28 00:00:00,11079.027320984022,12330.946986879633,10088.910019182988
2024-05-28 01:00:00,4954.434942157955,5510.700837882575,3724.992395410345
2024-05-28 02:00:00,4188.393971066225,4610.958505618437,3028.046825906155
2024-05-28 03:00:00,3178.0017669660047,3598.6497406941508,2465.9016571208645
2024-05-28 04:00:00,3178.0017669660047,3598.6497406941508,2465.9016571208645
2024-05-28 05:00:00,3266.102519508677,3648.7570672340953,2557.7874695260966
2024-05-28 06:00:00,3816.303974488863,4756.73567100205,3121.77178175925
2024-05-28 07:00:00,4732.851084995277,4925.204662626116,4218.339703782563
2024-05-28 08:00:00,5616.2759463237035,6205.070517538567,4901.813615009592
2024-05-28 09:00:00,6327.619602156131,8292.629863512433,6961.468385287006
2024-05-28 10:00:00,7825.860507260025,9037.199222612795,7950.115217485568
2024-05-28 11:00:00,7850.27663107499,9156.432484858626,8167.107394761618
2024-05-28 12:00:00,8492.85428731357,9490.718569143424,8510.83858368621
2024-05-28 13:00:00,8557.196514540447,9530.05946372604,8783.603066634729
2024-05-28 14:00:00,8557.196514540447,9530.05946372604,8783.603066634729
2024-05-28 15:00:00,8007.441627766814,8907.123232006881,6837.167337998766
2024-05-28 16:00:00,6403.242639711842,6185.348437472961,4776.469917666588
2024-05-28 17:00:00,4121.933303106203,4137.504627148333,2982.722112277819
2024-05-28 18:00:00,3710.282071282272,3298.3994489351717,2508.653736058337
2024-05-28 19:00:00,3710.282071282272,3298.3994489351717,2508.653736058337
2024-05-28 20:00:00,3867.7641088613545,3651.7307157556734,3007.2271004270115
2024-05-28 21:00:00,3874.956147786237,4051.323838597882,3055.0368255642456
2024-05-28 22:00:00,4177.660502995761,4590.024230436835,3524.418017277281
2024-05-28 23:00:00,4390.2693053562825,4747.164936937352,3412.033875411357
2024-05-29 00:00:00,4446.499507693723,4877.471514224516,3514.3986365508435
2024-05-29 01:00:00,6932.154131056843,7338.282200100106,5021.306708785392
2024-05-29 02:00:00,7684.908930521643,8048.655653070241,5452.5117614729215
2024-05-29 03:00:00,8462.067499094628,9467.592306969895,6314.499607610675
2024-05-29 04:00:00,8701.819980905815,9467.592306969895,6314.499607610675
2024-05-29 05:00:00,8701.819980905815,9226.297016565448,6286.393983197277
2024-05-29 06:00:00,7540.468081904394,8087.616886855555,5198.89030095019
2024-05-29 07:00:00,6549.867951601342,6727.1060110324515,4539.425513780393
2024-05-29 08:00:00,4726.943802863923,5517.969373774302,3661.419116526098
2024-05-29 09:00:00,3745.414594870752,3805.745282820848,2790.5525880666046
2024-05-29 10:00:00,3043.247718800347,2973.0531882964005,2407.383544581573
2024-05-29 11:00:00,2604.1289601199023,2973.0531882964005,2112.0997445272315
2024-05-29 12:00:00,2604.1289601199023,3137.4110562536334,2112.0997445272315
2024-05-29 13:00:00,2691.631613330248,3208.931290720211,2063.764151734018
2024-05-29 14:00:00,3148.435162525522,3208.931290720211,2241.5040600270313
2024-05-29 15:00:00,3516.212099689641,3208.931290720211,2254.6569517906905
2024-05-29 16:00:00,4094.123986769884,3375.661102122187,2362.6491871424246
2024-05-29 17:00:00,4373.486289196841,4118.5718510152965,2962.9134504788
2024-05-29 18:00:00,6006.737267055953,5048.801955153411,4387.208996802744
2024-05-29 19:00:00,7716.462723994066,6512.573317317229,5205.505741107248
2024-05-29 20:00:00,8644.56186624193,8006.91078838102,6700.767149198748
2024-05-29 21:00:00,9493.898909302381,8136.087503320656,7035.9074577618285
2024-05-29 22:00:00,9919.850311278844,9808.931404389876,7553.354599086036
2024-05-29 23:00:00,10046.469086987996,10389.378722755233,8246.73475020884
2024-05-30 00:00:00,10556.958734833088,10961.724254029858,8629.7244003618
2024-05-30 01:00:00,13159.954061608114,12152.86297798753,10326.165062104214
2024-05-30 02:00:00,12798.15271766317,11584.014687875046,9926.399312387755
2024-05-30 03:00:00,12798.15271766317,11584.014687875046,9926.399312387755
2024-05-30 04:00:00,12714.789934118215,11585.064590202064,9734.974149485912
2024-05-30 05:00:00,12714.789934118215,11585.064590202064,9734.974149485912
2024-05-30 06:00:00,11149.417096485708,10223.361322655608,8292.397162023402
2024-05-30 07:00:00,7780.604463479113,7852.171704026762,5392.270088528049
2024-05-30 08:00:00,5104.995535854852,4946.158341213781,3068.2843165229306
2024-05-30 09:00:00,3284.0013726608504,3423.237872437994,2542.1294475095024
2024-05-30 10:00:00,2928.3832413501605,3049.4477698989012,2535.7566074039164
2024-05-30 11:00:00,2902.469156212761,2706.9383769791402,1915.0407574273027
2024-05-30 12:00:00,2738.000819651643,2706.9383769791402,1915.0407574273027
2024-05-30 13:00:00,2695.1083117688595,2646.395947202993,1915.0407574273027
2024-05-30 14:00:00,2695.1083117688595,2646.395947202993,1674.2775098212185
2024-05-30 15:00:00,2332.2190467765504,2416.775212517372,1253.006139187202
2024-05-30 16:00:00,2332.2190467765504,2416.775212517372,1253.006139187202
2024-05-30 17:00:00,2661.750455358784,2493.413256265276,1642.8582882450066
2024-05-30 18:00:00,2794.3675570737832,2633.125576542583,1870.0879730441995
2024-05-30 19:00:00,3484.7516382691083,3226.0757184162358,2451.724840264458
2024-05-30 20:00:00,3660.908697596982,3506.4451201727315,2489.811695401543
2024-05-30 21:00:00,3619.3742724419917,3506.4451201727315,2668.936123865763
2024-05-30 22:00:00,3660.908697596982,3604.542840327904,2772.7822089903702
2024-05-30 23:00:00,3619.3742724419917,3604.542840327904,2772.7822089903702
2024-05-31 00:00:00,3584.4663464457626,3621.0367351541818,2646.9740149474046
2024-05-31 01:00:00,4439.2311683755925,4793.6230758375905,3055.29830789084
2024-05-31 02:00:00,4723.785033851551,4854.027339676666,3140.8510962111523
2024-05-31 03:00:00,4723.785033851551,4924.578562563091,3140.8510962111523
2024-05-31 04:00:00,4723.785033851551,5174.09458946612,3140.8510962111523
2024-05-31 05:00:00,4990.180517525108,5333.801920601105,3479.2431010228343
2024-05-31 06:00:00,5639.867614366794,5333.801920601105,3734.3027534136486
2024-05-31 07:00:00,5639.867614366794,5263.98080058308,3734.3027534136486
2024-05-31 08:00:00,4748.609147021003,4372.696626282803,3411.054541426241
2024-05-31 09:00:00,3925.063929334832,3716.484727717574,2828.033837960909
2024-05-31 10:00:00,3441.9018026685826,3373.3553187158795,2391.983860759891
2024-05-31 11:00:00,3441.9018026685826,3373.3553187158795,2391.983860759891
2024-05-31 12:00:00,3527.5789426991178,3432.3708739531976,2391.983860759891
2024-05-31 13:00:00,3810.3055476081354,3463.497296941636,2274.9281906258434
2024-05-31 14:00:00,3898.572402468173,3463.497296941636,2274.9281906258434
2024-05-31 15:00:00,4287.18525522526,3468.0558213082404,2612.1048319878246
2024-05-31 16:00:00,4644.725032268119,4433.159049571494,3090.278589906522
2024-05-31 17:00:00,4806.529473542253,4599.81158361738,3362.6488519770533
2024-05-31 18:00:00,5360.940648428877,4612.71666356919,4093.851707448044
2024-05-31 19:00:00,6469.4590590562,7204.927229426563,5268.671836085498
2024-05-31 20:00:00,9318.654181524142,9583.480423716683,7427.706356805192
2024-05-31 21:00:00,10256.629410377675,10177.479000809206,7966.010618379672
2024-05-31 22:00:00,11831.155170752665,12498.334413241533,9421.919863856618
2024-05-31 23:00:00,11831.155170752665,12498.334413241533,9421.919863856618
2024-06-01 00:00:00,11120.616935489468,12286.004428694436,10160.284810567486
2024-06-01 01:00:00,12269.756265200496,14072.689038223838,11092.675231961184
2024-06-01 02:00:00,11109.599747913671,13598.308392248964,10112.739048416632
2024-06-01 03:00:00,10818.370655954928,12700.238747908974,9877.13689885771
2024-06-01 04:00:00,10766.045753081622,12357.71562386015,8761.621997476008
2024-06-01 05:00:00,8359.986093174899,9757.748781874077,6714.470438676263
2024-06-01 06:00:00,6515.1251603842975,6521.458472011034,4931.755080522527
2024-06-01 07:00:00,5412.754295757226,4914.550229262641,3710.213147852781
2024-06-01 08:00:00,3955.4221566745055,3459.2368624508617,2732.2431015517664
2024-06-01 09:00:00,3411.442622985898,2940.0832037165274,2044.7126302632205
2024-06-01 10:00:00,3279.0643805932905,2940.0832037165274,1697.153672741808
2024-06-01 11:00:00,3279.0643805932905,3151.667547033605,1697.153672741808
2024-06-01 12:00:00,3399.2803704866874,3327.4576519652182,2161.859549152709
2024-06-01 13:00:00,3399.2803704866874,3333.779811737808,2161.859549152709
2024-06-01 14:00:00,3249.890516926682,3487.859233893374,2161.859549152709
2024-06-01 15:00:00,3249.890516926682,3444.839573185114,2175.90749827624
2024-06-01 16:00:00,3237.5690102496374,3444.839573185114,2254.4362416601966
2024-06-01 17:00:00,3251.2860680158756,3444.839573185114,2381.7247193647568
2024-06-01 18:00:00,3389.8886950211618,3806.7117544877146,2500.3373429549124
2024-06-01 19:00:00,3542.3094871955327,3806.7117544877146,2926.4267085880033
2024-06-01 20:00:00,3498.2791383523236,3740.6733993633898,2926.4267085880033
2024-06-01 21:00:00,3600.007048046571,3740.6733993633898,3051.8518492334047
2024-06-01 22:00:00,3738.569347661234,4015.5484624854307,3006.2497112532865
2024-06-01 23:00:00,4013.8225135018947,4101.447610711888,3083.038411031387
2024-06-02 00:00:00,4111.906875635211,4109.601899991922,3223.8940000763077
2024-06-02 01:00:00,3887.500549465998,4142.134220456695,3067.8294041974523
2024-06-02 02:00:00,3926.6084362671318,4518.976126952566,3110.2731429221913
2024-06-02 03:00:00,3943.1921006306093,4553.215129302142,3306.506814400361
2024-06-02 04:00:00,4207.071444918964,4553.215129302142,3306.506814400361
2024-06-02 05:00:00,4207.071444918964,4444.293092438154,3017.625814463755
2024-06-02 06:00:00,3801.4743313142626,4252.895894081141,2936.7737880616255
2024-06-02 07:00:00,3618.171276795916,3946.5034438800176,3017.625814463755
2024-06-02 08:00:00,3465.154941354607,3779.0305390320063,2970.434874111974
2024-06-02 09:00:00,3214.3968902331144,3695.9406344653344,2970.434874111974
2024-06-02 10:00:00,2963.0083287540874,3420.0711848827214,2371.979836634675
2024-06-02 11:00:00,2963.0083287540874,3299.2844036266906,2371.979836634675
2024-06-02 12:00:00,3104.9487505994784,3299.2844036266906,2447.26415402571
2024-06-02 13:00:00,3104.9487505994784,3330.8755397587975,2509.2394227711093
2024-06-02 14:00:00,2852.1289146434083,3330.8755397587975,2565.7051616102635
2024-06-02 15:00:00,2813.102360393017,3273.0671536582686,2589.639549180405
2024-06-02 16:00:00,2813.102360393017,3105.9409253078084,2695.3539376836043
2024-06-02 17:00:00,2936.417886579069,3105.9409253078084,2695.3539376836043
2024-06-02 18:00:00,3047.9142944661126,3149.283903784253,2727.157872021689
2024-06-02 19:00:00,3149.841414156981,3197.0053197658217,2786.328291835012
2024-06-02 20:00:00,3201.2968772850945,3176.2487447978965,2786.328291835012
2024-06-02 21:00:00,3201.2968772850945,3205.728156745283,2500.9650422778404
2024-06-02 22:00:00,3079.35624987295,3358.1283451075633,2500.9650422778404
2024-06-02 23:00:00,2886.857581406897,3358.1283451075633,2194.0836134557535
2024-06-03 00:00:00,2895.236464521812,3203.7507142626773,2237.1279386821216
2024-06-03 01:00:00,3404.845712155713,3336.091901568675,2424.3885699992725
2024-06-03 02:00:00,3642.8036043621123,3427.377514636575,2462.4404179972285
2024-06-03 03:00:00,3642.8036043621123,3570.6875427923023,2541.208429252129
2024-06-03 04:00:00,3300.206709879749,3570.6875427923023,2541.208429252129
2024-06-03 05:00:00,3221.495664605847,3535.863896490977,2401.4166859825305
2024-06-03 06:00:00,3025.703676738407,3418.496249426953,2253.3047002688472
2024-06-03 07:00:00,2913.1025549730457,3390.293019167186,2253.3047002688472
2024-06-03 08:00:00,2802.2250270138265,3094.483280579965,2171.1287529459973
2024-06-03 09:00:00,2802.2250270138265,2961.401849960608,2171.1287529459973
2024-06-03 10:00:00,2855.5226483824554,2961.401849960608,2171.1287529459973
2024-06-03 11:00:00,3396.7752085629363,3152.0800755414693,2385.408657039583
2024-06-03 12:00:00,3396.7752085629363,3152.0800755414693,2565.4843373881386
2024-06-03 13:00:00,3314.552658494169,3175.5820282004806,2644.165060747054
2024-06-03 14:00:00,3299.966014954589,3091.427176206582,2664.579235722378
2024-06-03 15:00:00,3314.552658494169,3145.298507035621,2664.579235722378
2024-06-03 16:00:00,3299.966014954589,3145.298507035621,2664.579235722378
2024-06-03 17:00:00,3197.72550607423,3278.50329366965,2615.9074009416736
2024-06-03 18:00:00,3197.72550607423,3278.50329366965,2685.6131071375653
2024-06-03 19:00:00,3450.7853247369603,3278.50329366965,2830.4569462224003
2024-06-03 20:00:00,3472.7528352320096,3522.922760700647,2830.4569462224003
2024-06-03 21:00:00,3674.875708053334,3695.370150465231,2830.4569462224003
2024-06-03 22:00:00,3687.2524011456244,3973.657512859836,2850.1363328037955
2024-06-03 23:00:00,3687.2524011456244,3973.657512859836,2850.1363328037955
2024-06-04 00:00:00,3683.621836333996,3868.8664548360357,2765.516534600716
2024-06-04 01:00:00,3754.16062745019,3790.5108511554135,2494.090225401385
2024-06-04 02:00:00,3937.279285800172,3951.4473057097093,2664.1884783087653
2024-06-04 03:00:00,4066.690476187032,4268.845855896956,2743.0438672795035
2024-06-04 04:00:00,4113.029430553264,4828.120718830256,3077.590281174806
2024-06-04 05:00:00,4341.292011175673,4828.120718830256,3077.590281174806
2024-06-04 06:00:00,4180.689805909469,4712.526173603865,2983.187029077438
2024-06-04 07:00:00,4180.689805909469,4368.130384052874,2915.9999097610407
2024-06-04 08:00:00,3206.201591821202,3732.0344373527023,2126.5706864756794
2024-06-04 09:00:00,2820.0971901905104,3058.5446992652123,1866.1526173119464
2024-06-04 10:00:00,2736.670205733304,3058.5446992652123,1754.6525973711014
2024-06-04 11:00:00,2736.670205733304,3058.5446992652123,1754.6525973711014
2024-06-04 12:00:00,2736.670205733304,2969.9468978175755,1778.9154644441082
2024-06-04 13:00:00,2643.287946571403,2582.7105078880068,1785.9661887638604
2024-06-04 14:00:00,2473.439090234151,2493.5027193336773,1843.3795755845622
2024-06-04 15:00:00,2387.310782708608,2452.1537491699837,1843.3795755845622
2024-06-04 16:00:00,2343.8154276888745,2448.7074885113343,1843.3795755845622
2024-06-04 17:00:00,2343.8154276888745,2448.7074885113343,1711.2927879342735
2024-06-04 18:00:00,2993.580154592648,2716.9745900912512,2012.5542113170027
2024-06-04 19:00:00,3730.9523308930256,3121.9740916053615,2012.5542113170027
2024-06-04 20:00:00,3754.7168079532094,3619.2133309000546,2260.992388459609
2024-06-04 21:00:00,3910.668534817165,3645.1147025541886,2543.8076093950426
2024-06-04 22:00:00,4098.468269597692,4403.263339417099,2733.1957628304203
2024-06-04 23:00:00,4561.488617590088,4572.704761285913,2782.78012119292
2024-06-05 00:00:00,4758.368340212764,4658.0864124764485,2930.2044884068464
2024-06-05 01:00:00,4744.8368442893825,4523.466457184925,2785.646030155368
2024-06-05 02:00:00,5187.682631017365,4745.844644376179,2956.1554059595405
2024-06-05 03:00:00,5284.559115158275,5347.167244962042,3099.2348001459522
2024-06-05 04:00:00,5187.682631017365,5347.167244962042,3229.0622245382324
2024-06-05 05:00:00,4884.048840437575,4367.617052183892,3229.0622245382324
2024-06-05 06:00:00,4015.767782124214,3987.807259869458,2636.216081815669
2024-06-05 07:00:00,3472.732725549142,3148.517073568246,2002.1858479771504
2024-06-05 08:00:00,2827.2424574276483,2345.725747342143,1385.087825246052
2024-06-05 09:00:00,2627.467591721832,2293.948677152448,1251.06959778101
2024-06-05 10:00:00,2535.9209697061815,2239.024958862896,1329.06043593869
2024-06-05 11:00:00,2480.583727667956,2113.431459527221,1329.06043593869
2024-06-05 12:00:00,2480.583727667956,2113.431459527221,1657.6787731231684
2024-06-05 13:00:00,2624.249101852989,2030.6328904152415,1817.2960337264815
2024-06-05 14:00:00,2655.248804142664,2009.6554889862873,1817.2960337264815
2024-06-05 15:00:00,2624.249101852989,1834.1684166850846,1817.2960337264815
2024-06-05 16:00:00,2651.654372673389,1968.3429969114695,1950.0197132980325
2024-06-05 17:00:00,2651.654372673389,1968.3429969114695,2269.251527131039
2024-06-05 18:00:00,2947.710531480261,2915.8250912428484,2269.251527131039
2024-06-05 19:00:00,3055.699278273283,2977.4226868071655,2269.251527131039
2024-06-05 20:00:00,3195.336117689396,3128.6735575617367,2569.1751108453614
2024-06-05 21:00:00,3711.111141832451,3764.4302603704764,3230.063788754913
2024-06-05 22:00:00,4175.098527283311,3980.6152234528035,3426.6146248196633
2024-06-05 23:00:00,4339.750640758123,4666.494192414233,3250.8555709441325
2024-06-06 00:00:00,4530.002700593539,4992.003945293691,3338.7350978818977
2024-06-06 01:00:00,4943.675793310788,5212.783914479829,3340.7850691743256
2024-06-06 02:00:00,5118.43094988573,5024.112355973068,3565.1481547748535
2024-06-06 03:00:00,5118.43094988573,5024.112355973068,3565.1481547748535
2024-06-06 04:00:00,4195.502021441105,3798.5119278367256,2647.2320640369617
2024-06-06 05:00:00,3757.7882174864862,3448.434904572605,2318.229620130844
2024-06-06 06:00:00,3335.755214292396,3350.0641297058937,2309.1824696126973
2024-06-06 07:00:00,3179.8516701121807,3311.9331682977154,1992.7842147615263
2024-06-06 08:00:00,2895.2408368734596,2783.9807349670755,1910.9729784157807
2024-06-06 09:00:00,2722.8717351614596,2633.080944713036,1625.8636874405329
2024-06-06 10:00:00,2383.5782838737596,2326.550283276598,1560.7318099567892
2024-06-06 11:00:00,2627.7924843480214,2326.550283276598,1560.7318099567892
2024-06-06 12:00:00,2383.5782838737596,2345.8966081798153,1743.2823642985536
2024-06-06 13:00:00,2321.433235344175,2345.8966081798153,1743.2823642985536
2024-06-06 14:00:00,2321.433235344175,2345.8966081798153,1743.2823642985536
2024-06-06 15:00:00,2337.076008715665,2751.60563678566,2108.331204137265
2024-06-06 16:00:00,2824.0104952776164,2845.7968359187216,2108.331204137265
2024-06-06 17:00:00,2824.0104952776164,2845.7968359187216,1871.4943403775173
2024-06-06 18:00:00,2824.0104952776164,2732.8613955136407,1871.4943403775173
2024-06-06 19:00:00,3027.8444495411895,2732.8613955136407,2040.019393704138
2024-06-06 20:00:00,3314.1692300378363,3153.4053292772805,2490.8021260455585
2024-06-06 21:00:00,3486.760974542425,3655.45979650313,2490.8021260455585
2024-06-06 22:00:00,3697.058456833014,3655.45979650313,2490.8021260455585
2024-06-06 23:00:00,4048.5759874863743,3760.7031772596238,2811.9068578875454
2024-06-07 00:00:00,4589.737321766776,4516.243522379534,3263.354018840787
2024-06-07 01:00:00,4523.517649802332,4744.585092464443,3142.550548574449
2024-06-07 02:00:00,4626.735105714405,4939.929533098142,3208.563800290465
2024-06-07 03:00:00,5319.544128122715,5782.396139709164,3354.1205735086214
2024-06-07 04:00:00,5319.544128122715,5804.672600092492,3428.880206144399
2024-06-07 05:00:00,5172.611003493098,5804.672600092492,3428.880206144399
2024-06-07 06:00:00,3949.5177399705026,4606.263402376921,3072.41209627872
2024-06-07 07:00:00,3243.428007812563,4290.038928444872,2434.7784587591673
2024-06-07 08:00:00,2689.49875332997,3194.532472837438,1838.37115597709
2024-06-07 09:00:00,2404.8756825329947,2762.907322825811,1838.37115597709
2024-06-07 10:00:00,2347.2884672828422,2522.570649642066,1703.776220539877
2024-06-07 11:00:00,2347.2884672828422,2474.6237174408143,1703.776220539877
2024-06-07 12:00:00,2471.780055540037,2467.1209789925488,1702.713769713132
2024-06-07 13:00:00,2472.416117837556,2439.537040159952,1673.2230155224024
2024-06-07 14:00:00,2472.416117837556,2089.738564407504,1646.5586037566306
2024-06-07 15:00:00,2472.416117837556,1671.4108807598404,1576.3854347464157
2024-06-07 16:00:00,2333.005355185216,1671.4108807598404,1576.3854347464157
2024-06-07 17:00:00,2565.2145175375827,1903.6194697263054,1702.0768271078182
2024-06-07 18:00:00,2819.6833992820993,2542.438104988807,1774.9792106868842
2024-06-07 19:00:00,3195.0697695222243,4273.069448975875,3034.2093912245414
2024-06-07 20:00:00,4031.0968778608367,5481.956421999177,3252.6095758282695
2024-06-07 21:00:00,4167.822144671196,5944.330709750093,3449.352506711299
2024-06-07 22:00:00,5632.139994069902,7509.38400349298,4727.020997091954
2024-06-07 23:00:00,6807.163868939261,8486.107733648478,5737.540730449641
2024-06-08 00:00:00,6882.657643354102,8518.466253457453,5784.288715600125
2024-06-08 01:00:00,6171.195130714976,7988.668408878712,5814.675311548277
2024-06-08 02:00:00,6073.176591909686,7786.842800863789,5718.837938801227
2024-06-08 03:00:00,6073.176591909686,7786.842800863789,5718.837938801227
2024-06-08 04:00:00,6137.718027263583,7786.842800863789,5693.472145890854
2024-06-08 05:00:00,6290.83759978687,8248.117068423117,6380.425635187695
2024-06-08 06:00:00,6290.83759978687,8248.117068423117,6295.177399920958
2024-06-08 07:00:00,6560.122096339608,8827.832201219111,6380.425635187695
2024-06-08 08:00:00,6560.122096339608,8827.832201219111,6295.177399920958
2024-06-08 09:00:00,4855.1405935103385,7150.964541984244,4714.76562868643
2024-06-08 10:00:00,4855.1405935103385,6472.647308663045,4327.730657167677
2024-06-08 11:00:00,4192.549743945272,6294.682398184932,4327.730657167677
2024-06-08 12:00:00,4789.194151584834,6472.647308663045,4390.50169835151
2024-06-08 13:00:00,4789.194151584834,6584.6144360221115,4541.626494069959
2024-06-08 14:00:00,4789.194151584834,6584.6144360221115,4541.626494069959
2024-06-08 15:00:00,4656.194584607376,5799.670284999054,4337.217963115004
2024-06-08 16:00:00,4656.194584607376,5799.670284999054,4337.217963115004
2024-06-08 17:00:00,5114.958201614679,5991.787882907978,4787.2873444291245
2024-06-08 18:00:00,5235.199486683096,6421.970277261875,5037.009782029432
2024-06-08 19:00:00,5770.75633865495,7009.116937499357,5903.171692573979
2024-06-08 20:00:00,6069.469278487357,8599.003705854759,6660.912324324091
2024-06-08 21:00:00,6627.39867760165,9609.174804831793,7398.869703160445
2024-06-08 22:00:00,9050.905246315564,11812.239850746517,9041.138213017939
2024-06-08 23:00:00,9692.320091986989,12626.322550179773,9644.95623472413
2024-06-09 00:00:00,10782.655858776265,13560.396964418713,10607.43263450027
2024-06-09 01:00:00,8375.493166855971,9812.258812002661,7894.72881654941
2024-06-09 02:00:00,8415.826291791018,9696.11713377824,7634.553526471501
2024-06-09 03:00:00,8658.26254486661,9696.11713377824,7634.553526471501
2024-06-09 04:00:00,8818.92185977255,9209.839838056807,7634.553526471501
2024-06-09 05:00:00,9050.720414652946,9249.787472827877,7021.562957498054
2024-06-09 06:00:00,8818.92185977255,9111.082033107557,6976.637272529178
2024-06-09 07:00:00,7184.291832220592,7645.368568289775,5478.558750871793
2024-06-09 08:00:00,5958.229002563778,6456.84499813221,4453.750658427634
2024-06-09 09:00:00,4839.737851477997,5098.31437323942,4129.380573188992
2024-06-09 10:00:00,3966.695170694966,3418.827126752589,2577.153988375092
2024-06-09 11:00:00,2955.232172965527,2612.0018681160964,1979.9562148324521
2024-06-09 12:00:00,2791.300208867382,2612.0018681160964,1979.9562148324521
2024-06-09 13:00:00,2791.300208867382,2785.2992181578447,2004.827717521654
2024-06-09 14:00:00,2851.7111415737563,2931.748877363805,2193.6164436268223
2024-06-09 15:00:00,3204.089883196706,3045.3976449277707,2222.2818213596383
2024-06-09 16:00:00,3354.2848709273294,3136.017157280472,2549.898149787889
2024-06-09 17:00:00,3474.949591091172,3386.1884118554462,2720.6475718642605
2024-06-09 18:00:00,4065.142763972308,3704.7192004219687,3033.4297240415744
2024-06-09 19:00:00,4362.109558020709,4016.884287005865,3193.5979900687094
2024-06-09 20:00:00,4544.509592854363,5081.129341964523,3774.0189315841167
2024-06-09 21:00:00,5812.925193740887,6390.907312704539,4563.929691385362
2024-06-09 22:00:00,8186.6720343635,9439.99067162439,6171.697058884712
2024-06-09 23:00:00,9490.953173524073,10429.382330774883,6948.041392383993
2024-06-10 00:00:00,9743.146276732528,10795.255518219474,7656.233453831093
2024-06-10 01:00:00,12596.212536719013,14912.000309965762,11804.485260140616
2024-06-10 02:00:00,13307.537692538697,15499.58807361641,12377.861274583953
2024-06-10 03:00:00,13307.537692538697,15499.58807361641,12377.861274583953
2024-06-10 04:00:00,12733.48004623938,15186.629243032177,11260.613357405684
2024-06-10 05:00:00,12347.40236344151,14026.074961965429,10014.096608062238
2024-06-10 06:00:00,10386.350232133003,13093.286924256025,8957.312013177156
2024-06-10 07:00:00,9059.37156648816,11681.182439862012,7217.650852472698
2024-06-10 08:00:00,7738.0771896979,10548.369228484993,6934.011417732646
2024-06-10 09:00:00,6262.13121912519,7767.09816146073,5209.558171254461
2024-06-10 10:00:00,5399.286620146699,5339.303446417667,4358.481024643502
2024-06-10 11:00:00,5399.286620146699,5339.303446417667,4203.777626891376
2024-06-10 12:00:00,5399.286620146699,5070.7051827509895,4027.3890737763736
2024-06-10 13:00:00,5376.733203343899,4656.2449976714415,3535.6000900713234
2024-06-10 14:00:00,5070.097829771146,4225.395131275871,3271.284532748374
2024-06-10 15:00:00,4853.500149247612,4178.147717988068,3130.003478365951
2024-06-10 16:00:00,4853.500149247612,4178.147717988068,3059.553785522498
2024-06-10 17:00:00,4789.083914337044,4178.147717988068,3059.553785522498
2024-06-10 18:00:00,4789.083914337044,4722.5696030824,3396.1946717834658
2024-06-10 19:00:00,4864.141485305974,5436.870043568766,4262.695220237567
2024-06-10 20:00:00,5514.018240079536,7311.183942782938,4503.832471532789
2024-06-10 21:00:00,7903.858454988698,9526.966250286936,6404.374189094798
2024-06-10 22:00:00,9415.13035789445,10684.382841997167,7499.727049567445
2024-06-10 23:00:00,9580.861953593067,10850.82760283193,8030.7716074954
2024-06-11 00:00:00,10557.632089227161,11910.459896481578,9242.408588840044
2024-06-11 01:00:00,14308.263388293632,15480.188698538164,13635.885089121191
2024-06-11 02:00:00,14541.967412805561,15612.089060960703,13711.38849397595
2024-06-11 03:00:00,14074.5593637817,15612.089060960703,13539.227201738047
2024-06-11 04:00:00,14135.13478830856,14953.104487758068,13007.66933466919
2024-06-11 05:00:00,13936.248389406646,14476.482176195721,12890.973404205126
2024-06-11 06:00:00,13936.248389406646,14093.651979245482,12240.788973516454
2024-06-11 07:00:00,11604.159424680494,12286.67977792112,10249.971001199943
2024-06-11 08:00:00,7007.356134146763,6695.8693307596195,5509.022668111682
2024-06-11 09:00:00,4436.775926518109,4236.52618073743,3539.4465174184297
2024-06-11 10:00:00,3724.7701379314585,3428.661693746115,2549.630995302662
2024-06-11 11:00:00,3296.415350617086,2981.0069228316715,2209.7026507905766
2024-06-11 12:00:00,3132.255825353621,2981.0069228316715,2209.7026507905766
2024-06-11 13:00:00,2875.7025389128667,2942.3584392876146,2209.7026507905766
2024-06-11 14:00:00,2641.3206981713865,2966.929465759731,2002.3983290163535
2024-06-11 15:00:00,2641.3206981713865,2942.3584392876146,1893.1467928299264
2024-06-11 16:00:00,3043.6924568954,2843.286452471393,1893.1467928299264
2024-06-11 17:00:00,3683.2859245567415,2843.286452471393,2285.718888288635
2024-06-11 18:00:00,4158.260650773922,2915.376933078751,2895.4280341412828
2024-06-11 19:00:00,4820.157632758083,4350.1408672601065,3650.032503147795
2024-06-11 20:00:00,5684.729532266209,5472.236459128946,4216.112633187031
2024-06-11 21:00:00,6161.3140512541595,5833.63438422362,4647.712634322483
2024-06-11 22:00:00,7843.26091375742,7830.621569694355,5779.667381073543
2024-06-11 23:00:00,9856.741754108101,8980.511658227493,7585.418634031728
2024-06-12 00:00:00,10830.160067366625,9747.475311300825,8408.581151498747
2024-06-12 01:00:00,10219.108824298048,8988.951019817328,7903.495043743133
2024-06-12 02:00:00,10603.252644057608,9442.071897006808,8378.30417801051
2024-06-12 03:00:00,10603.252644057608,9702.78867069295,8378.30417801051
2024-06-12 04:00:00,10590.490830911749,9920.743250710377,7989.019079062531
2024-06-12 05:00:00,10393.736910948966,9920.743250710377,7874.791167944896
2024-06-12 06:00:00,9421.568548141408,8835.26779178575,6979.158289046951
2024-06-12 07:00:00,8153.93036722805,8079.947812718397,5571.935910135764
2024-06-12 08:00:00,5568.350466892974,5538.6122806903495,4357.293608021323
2024-06-12 09:00:00,3816.3366609276836,3658.2440389635685,2782.8016597961164
2024-06-12 10:00:00,3041.8909853225487,2932.4500630134407,2375.1909940607657
2024-06-12 11:00:00,2978.097593841796,2688.314825422729,2353.824741687359
2024-06-12 12:00:00,2869.4825183381527,2512.4666373318632,2076.660159542524
2024-06-12 13:00:00,2722.0701673765197,2449.115080186113,2076.660159542524
2024-06-12 14:00:00,2611.1343479080733,2322.651906100242,1882.9104202734982
2024-06-12 15:00:00,2722.0701673765197,2259.856554426269,1782.237834358647
2024-06-12 16:00:00,2789.7655626063115,2259.856554426269,1782.237834358647
2024-06-12 17:00:00,3316.0017467487105,2788.4610894835314,2347.277947497523
2024-06-12 18:00:00,3404.7222522282154,3265.0225347495616,2404.679368601654
2024-06-12 19:00:00,3685.3300030791816,4196.946012613504,2842.3087259183067
2024-06-12 20:00:00,4650.918265972321,5081.749179706287,3662.8482190195555
2024-06-12 21:00:00,5076.903883940879,5081.749179706287,3662.8482190195555
2024-06-12 22:00:00,5087.880028614682,4709.617759243361,3566.2712779357894
2024-06-12 23:00:00,5087.880028614682,4709.617759243361,3558.916962082302
2024-06-13 00:00:00,4908.813654701318,4733.310114172983,3465.158210739586
2024-06-13 01:00:00,5135.321775557535,5665.243745231044,3661.908930886736
2024-06-13 02:00:00,5084.2560692878415,5535.328600373507,3571.8854477516943
2024-06-13 03:00:00,4275.801964030892,4620.143580381653,3352.113287898309
2024-06-13 04:00:00,4275.801964030892,4608.237973763604,3232.9069218886116
2024-06-13 05:00:00,4126.3462796674485,4474.506489239313,2823.886308277423
2024-06-13 06:00:00,4017.5219038260348,4211.665554368563,2662.734774761125
2024-06-13 07:00:00,3688.0477583276443,3538.084112231041,2629.780497815585
2024-06-13 08:00:00,2993.022530216227,3182.8086051216815,2397.5782243944986
2024-06-13 09:00:00,2807.9244464784606,2555.97458120774,1892.2733958451076
2024-06-13 10:00:00,2672.4102054927534,2549.2197682030546,1892.2733958451076
2024-06-13 11:00:00,2807.9244464784606,2549.2197682030546,2157.8452425887263
2024-06-13 12:00:00,2959.6102318013363,2974.349276557523,2211.208650309661
2024-06-13 13:00:00,3125.6556653653006,2974.349276557523,2211.208650309661
2024-06-13 14:00:00,3275.1283744529046,3104.806264323237,2211.637027477125
2024-06-13 15:00:00,3275.1283744529046,2862.6350836085876,2219.167651097571
2024-06-13 16:00:00,3044.5595341604567,3220.980467582496,2263.4425891369856
2024-06-13 17:00:00,2991.0358681458983,3034.4012751393657,2263.4425891369856
2024-06-13 18:00:00,2990.618692027898,3088.916616227818,2263.4425891369856
2024-06-13 19:00:00,2991.0358681458983,3060.039040614507,2427.818172626681
2024-06-13 20:00:00,3246.7226245022102,3088.916616227818,2427.818172626681
2024-06-13 21:00:00,3250.1682166527407,3618.0594453495687,2556.9229133829167
2024-06-13 22:00:00,3822.6354039351972,4054.713072836579,2628.67039590298
2024-06-13 23:00:00,4325.303748880308,4763.6456145094235,3289.8426248413607
2024-06-14 00:00:00,4858.09787278622,5560.198475279507,3630.5377351120446
2024-06-14 01:00:00,4812.277848990278,5029.509817475382,3750.66781504589
2024-06-14 02:00:00,4832.744815674037,5456.151310323645,4008.867321739667
2024-06-14 03:00:00,5546.563449887802,6054.1354059235655,4012.0808539913796
2024-06-14 04:00:00,7037.575140593308,7023.247166487053,4505.171145537192
2024-06-14 05:00:00,7037.575140593308,7023.247166487053,4607.6384853623185
2024-06-14 06:00:00,6724.049965522765,6527.859616795087,4607.6384853623185
2024-06-14 07:00:00,5793.44192360461,5504.791352699029,4065.0797299595906
2024-06-14 08:00:00,4230.317409280335,4268.265116849654,3137.045732465146
2024-06-14 09:00:00,3312.287392564862,3184.07159049439,2474.2860970006964
2024-06-14 10:00:00,2565.1576612627396,2761.491508612784,2084.394392962882
2024-06-14 11:00:00,2534.8993313565115,2540.553820250723,1908.0796334102447
2024-06-14 12:00:00,2452.7167838871555,2540.553820250723,1769.044694641665
2024-06-14 13:00:00,2534.8993313565115,2540.553820250723,1769.044694641665
2024-06-14 14:00:00,2770.944016621059,2539.003476684118,2196.1939552932686
2024-06-14 15:00:00,2936.25119238194,2609.3832913106744,2196.1939552932686
2024-06-14 16:00:00,2933.064277650694,2609.3832913106744,2078.150731278216
2024-06-14 17:00:00,3262.9911739886775,2661.8031702894496,2078.150731278216
2024-06-14 18:00:00,3218.964985354276,2841.2571832484646,2222.099625912691
2024-06-14 19:00:00,3262.9911739886775,3430.304619431934,2374.3689271474414
2024-06-14 20:00:00,4253.198799049171,5152.629215339439,3169.8626272540478
2024-06-14 21:00:00,4554.7081789130625,6626.285858612583,4261.036999262466
2024-06-14 22:00:00,6268.628560487721,7143.776484262034,5688.673660541695
2024-06-14 23:00:00,6305.052880560334,7392.597152799234,5722.334141646459
2024-06-15 00:00:00,6832.271499518055,7268.186818530634,6185.901891759964
2024-06-15 01:00:00,5179.549363819127,5135.390119444887,3696.7945628107245
2024-06-15 02:00:00,5072.713997121313,5244.684513479686,3488.865807038826
2024-06-15 03:00:00,4860.344279066972,5012.860896928905,3469.1176846210406
2024-06-15 04:00:00,4843.396453764739,4780.804916887828,3445.2521182585065
2024-06-15 05:00:00,4843.396453764739,4780.804916887828,3065.139223490651
2024-06-15 06:00:00,5099.434117525261,4780.804916887828,2960.132172914311
2024-06-15 07:00:00,5099.434117525261,4140.262304469776,2703.796684215855
2024-06-15 08:00:00,3823.089860299564,3393.5869168159934,2587.784254019339
2024-06-15 09:00:00,3681.219469829277,2947.6473605087267,2481.824961791372
2024-06-15 10:00:00,3554.848170961588,2947.6473605087267,2391.850137451821
2024-06-15 11:00:00,3255.3076707463206,3039.302419471118,1985.9014685389955
2024-06-15 12:00:00,2972.9777876931457,3039.302419471118,1899.6274645912795
2024-06-15 13:00:00,2714.1809378665585,2719.944410318154,1899.6274645912795
2024-06-15 14:00:00,2654.633299440926,2719.944410318154,1977.2446259370404
2024-06-15 15:00:00,2654.633299440926,3059.0974827814425,2075.5655468864
2024-06-15 16:00:00,3099.016387559317,3648.367932286659,2598.0933689537674
2024-06-15 17:00:00,3136.910803669898,3684.7766502700924,2800.3023580493514
2024-06-15 18:00:00,3210.4587841150715,3684.7766502700924,2800.3023580493514
2024-06-15 19:00:00,3512.626991784524,3684.7766502700924,2450.5737020680713
2024-06-15 20:00:00,3705.8482997441297,4072.9136719101625,2450.5737020680713
2024-06-15 21:00:00,4548.000565051875,5758.911348970954,4210.633631889479
2024-06-15 22:00:00,6989.593853302866,8962.108882321128,6247.411984744759
2024-06-15 23:00:00,7626.722731692774,9315.357659301806,6672.163972370903
2024-06-16 00:00:00,8164.133970696772,9727.565982780823,6747.284307465277
2024-06-16 01:00:00,6280.518550329763,7008.038903106645,5511.523364107771
2024-06-16 02:00:00,6924.112332523803,8197.439449734991,6219.434733357375
2024-06-16 03:00:00,8038.238382582456,9902.987594536087,7373.591451400566
2024-06-16 04:00:00,8215.210271809992,10085.012235762626,8043.906263482902
2024-06-16 05:00:00,8038.238382582456,10085.012235762626,8043.906263482902
2024-06-16 06:00:00,8215.210271809992,9924.725873732496,7766.396290251138
2024-06-16 07:00:00,8047.824324013821,9664.836705404728,7204.2810957858255
2024-06-16 08:00:00,8047.824324013821,8688.274362056567,7155.055807185222
2024-06-16 09:00:00,7726.820617304948,7158.568227879994,6068.159980756534
2024-06-16 10:00:00,6641.865917304234,5645.777349260843,4405.113929449788
2024-06-16 11:00:00,6217.8181667223325,5247.200750326661,4049.9421503610624
2024-06-16 12:00:00,5896.574142247552,5168.438237791232,3786.554995955203
2024-06-16 13:00:00,5448.24825615091,5168.438237791232,3512.114900830939
2024-06-16 14:00:00,5448.24825615091,5034.018980037141,3512.114900830939
2024-06-16 15:00:00,6431.313486641878,5034.018980037141,4269.924145053564
2024-06-16 16:00:00,6505.891949273186,5048.896231826837,4296.675674176634
2024-06-16 17:00:00,6505.891949273186,5151.47967043921,4269.924145053564
2024-06-16 18:00:00,6665.744616316109,5162.8597878839555,4420.119638869292
2024-06-16 19:00:00,6665.744616316109,6426.593067949438,5339.613837948025
2024-06-16 20:00:00,6844.381164979197,7065.645276865975,5640.216230128084
2024-06-16 21:00:00,7063.740181994992,7570.089641756766,6241.072494626596
2024-06-16 22:00:00,7713.8603321051805,9332.845833989744,7322.113162252387
2024-06-16 23:00:00,8462.59972680902,10160.163359628188,8207.289378384263
2024-06-17 00:00:00,9380.280018015826,11104.034130029717,8810.231930862737
2024-06-17 01:00:00,11811.277546277743,13224.974010988848,10760.160578876501
2024-06-17 02:00:00,12292.297804264446,14027.308916533333,10953.983595524234
2024-06-17 03:00:00,12424.650385750025,14383.275150254683,11104.936226864478
2024-06-17 04:00:00,13543.866520827441,15552.163494799053,11975.4656064674
2024-06-17 05:00:00,13543.866520827441,15552.163494799053,11975.4656064674
2024-06-17 06:00:00,13154.935342853852,14838.97985835825,11764.766816550024
2024-06-17 07:00:00,10638.175174507574,11586.7581971267,9100.414836032342
2024-06-17 08:00:00,9310.763447027895,9915.023189472551,7774.891483685173
2024-06-17 09:00:00,8163.751771643167,8563.508579696088,7266.718101126997
2024-06-17 10:00:00,7659.145705852733,7791.846402771101,6791.008566145275
2024-06-17 11:00:00,4477.741781870079,4307.123551105151,3255.0877105740647
2024-06-17 12:00:00,3755.8655679568146,3799.784560661419,2805.443888400575
2024-06-17 13:00:00,3469.7220649869614,3671.890166002864,2572.3729893671853
2024-06-17 14:00:00,3469.7220649869614,3217.8724815545957,2805.443888400575
2024-06-17 15:00:00,4244.802859031417,3217.8724815545957,3272.787180325241
2024-06-17 16:00:00,4510.62659903405,4254.15438168449,3817.6895622559055
2024-06-17 17:00:00,5584.443822541738,4553.383540001627,4220.340411834868
2024-06-17 18:00:00,5610.934674110329,4669.443964217568,4478.421165412485
2024-06-17 19:00:00,7408.659601708213,7108.213837078311,6103.094811878827
2024-06-17 20:00:00,8845.459450498396,8439.193477842797,6639.377320762648
2024-06-17 21:00:00,9782.12531703732,10252.27488080171,8159.993304905146
2024-06-17 22:00:00,9878.801853665384,11365.644923762877,8752.138734593322
2024-06-17 23:00:00,9878.801853665384,11599.83427302686,8752.138734593322
2024-06-18 00:00:00,9612.292393278898,11624.495179352205,8500.24269406811
2024-06-18 01:00:00,12423.012979165993,13681.208392697787,11200.776677313243
2024-06-18 02:00:00,12379.459001747695,13388.67948263668,10820.593892256447
2024-06-18 03:00:00,10650.625504354084,12305.89257412646,9156.38365002833
2024-06-18 04:00:00,8594.779640298584,9745.449641127343,6753.457217088414
2024-06-18 05:00:00,8100.663139584269,9330.927410137145,6666.674083557034
2024-06-18 06:00:00,7827.039744535468,8339.899980901388,6117.0485098320005
2024-06-18 07:00:00,6589.1957930354865,6493.626595869465,4976.044009040332
2024-06-18 08:00:00,5570.445537018381,4984.982684308314,4155.80177218344
2024-06-18 09:00:00,3501.0068875344823,3851.4142371254457,2509.14107526185
2024-06-18 10:00:00,2942.185028550841,3011.43170286597,2348.4161644353667
2024-06-18 11:00:00,2942.185028550841,2853.9974688876027,1966.9439035233331
2024-06-18 12:00:00,3063.756814612163,2853.9974688876027,1939.1009868100014
2024-06-18 13:00:00,3230.2132415752803,2878.0275675694775,1966.9439035233331
2024-06-18 14:00:00,3274.5945788634635,3430.2017489080754,2030.096037099778
2024-06-18 15:00:00,3274.5945788634635,3333.067766113263,2533.614098821262
2024-06-18 16:00:00,3898.1654245054524,3430.2017489080754,2556.542513592905
2024-06-18 17:00:00,4666.289922282247,4178.185244266997,3328.654595199636
2024-06-18 18:00:00,5697.769299322584,4757.2610092959,4115.789894036535
2024-06-18 19:00:00,7525.095103717883,7650.703544449752,6652.0387822162775
2024-06-18 20:00:00,10755.67326297512,10905.021471714997,9147.488574143094
2024-06-18 21:00:00,10791.278403886792,12031.185086962723,9719.146619421022
2024-06-18 22:00:00,13283.974307750035,13470.969615276803,11277.576678560417
2024-06-18 23:00:00,13283.974307750035,13470.969615276803,11277.576678560417
2024-06-19 00:00:00,12638.025281903872,13403.567161308498,10827.477880401144
2024-06-19 01:00:00,10319.706883924497,11619.188502323585,8030.733842174752
2024-06-19 02:00:00,9134.159573444638,10921.31742975066,7375.24137718273
2024-06-19 03:00:00,8342.7963646944,9515.771402851085,6682.601568165786
2024-06-19 04:00:00,8194.638391114699,8744.86669456655,6609.001664410197
2024-06-19 05:00:00,7734.153871109575,7767.600811372747,6391.686127423792
2024-06-19 06:00:00,6675.395016280259,6792.211376448167,4718.943696456379
2024-06-19 07:00:00,4461.412858250014,4947.080303292563,3055.3728354394484
2024-06-19 08:00:00,3591.066323572204,3351.7792630787117,2384.414487753074
2024-06-19 09:00:00,2803.6897406770295,2824.4555162302076,2243.524789980744
2024-06-19 10:00:00,2584.065898759278,2824.4555162302076,2243.524789980744
2024-06-19 11:00:00,2517.8658039611873,3032.340796080556,2243.524789980744
2024-06-19 12:00:00,2517.8658039611873,3032.340796080556,2233.420479990678
2024-06-19 13:00:00,2517.8658039611873,2875.176834199103,2155.2037163118266
2024-06-19 14:00:00,2587.5876492737207,2826.932186279537,2229.333247104456
2024-06-19 15:00:00,2587.5876492737207,2555.099585658865,2229.333247104456
2024-06-19 16:00:00,2580.609302253115,2537.507022416694,2229.333247104456
2024-06-19 17:00:00,2573.3981990874163,2537.507022416694,2160.8021632504096
2024-06-19 18:00:00,2580.609302253115,2713.832189702929,2160.8021632504096
2024-06-19 19:00:00,3269.8359184937544,3159.176036669891,2740.2508897228404
2024-06-19 20:00:00,3515.4717862545695,4134.08090599599,2784.312413801293
2024-06-19 21:00:00,3568.2577233833454,4196.770540750655,3024.3730980948826
2024-06-19 22:00:00,4363.329126188694,4600.932679399282,3516.3731572866996
2024-06-19 23:00:00,4796.647274245515,4759.671481155301,3516.3731572866996
2024-06-20 00:00:00,4579.988200217105,4769.554251877208,3455.283515078696
2024-06-20 01:00:00,5466.874630076804,5620.3649819165,4076.813715345109
2024-06-20 02:00:00,5489.620800755487,5646.141344253163,3989.531468973607
2024-06-20 03:00:00,5489.620800755487,5557.058363786646,3927.847064229845
2024-06-20 04:00:00,4241.928042368903,4782.377723800913,2961.052525219861
2024-06-20 05:00:00,3841.0591262129037,4615.466529532479,2753.6083367754222
2024-06-20 06:00:00,3567.200788404156,3991.390341614866,2717.444264169675
2024-06-20 07:00:00,2935.5014939134526,3314.282410686339,2001.4448414270469
2024-06-20 08:00:00,2808.6347590953555,2984.386578048974,1755.2917533363036
2024-06-20 09:00:00,2500.1886151304225,2761.3640093582,1744.9347064567169
2024-06-20 10:00:00,2500.1886151304225,2761.3640093582,1755.2917533363036
2024-06-20 11:00:00,2694.632314753124,2990.5009440594968,1909.1234024574292
2024-06-20 12:00:00,2741.029770071331,2990.5009440594968,2305.1938691148976
2024-06-20 13:00:00,2741.029770071331,3086.901846671444,2305.1938691148976
2024-06-20 14:00:00,2661.5161828545733,2870.1976827884464,2235.942177943369
2024-06-20 15:00:00,2641.9812796780825,2870.1976827884464,1960.5537954548126
2024-06-20 16:00:00,2641.9812796780825,2704.233592505907,1960.5537954548126
2024-06-20 17:00:00,2825.98058593924,2704.233592505907,2081.3210605592417
2024-06-20 18:00:00,3403.588465969975,3291.4042968416143,2541.723801116982
2024-06-20 19:00:00,3593.762268461516,4027.2990911815577,3066.6805337367273
2024-06-20 20:00:00,4021.4975807054943,4877.594117280876,3414.5693679351084
2024-06-20 21:00:00,4077.7258463513826,5074.398686719389,3638.0516687678632
2024-06-20 22:00:00,4717.271605108212,5431.511245280766,3838.0853168283684
2024-06-20 23:00:00,4717.271605108212,5431.511245280766,3838.0853168283684
2024-06-21 00:00:00,4530.348590910338,5152.60061833827,3712.925132647684
2024-06-21 01:00:00,3237.4702211882604,3343.510678281935,2647.916058483641
2024-06-21 02:00:00,3327.453760915514,3611.2882832677806,2735.671426688147
2024-06-21 03:00:00,3439.718420185445,3958.4729765031807,3089.0607808312825
2024-06-21 04:00:00,3669.0521860752797,4058.251379606545,3089.0607808312825
2024-06-21 05:00:00,3781.224759602732,4476.217836976122,2960.606624358919
2024-06-21 06:00:00,3781.224759602732,4476.217836976122,2920.057130627839
2024-06-21 07:00:00,3204.8110498196147,4037.380605059807,2729.7989490307
2024-06-21 08:00:00,3116.387499051627,3052.8310566590353,2272.3181278690963
2024-06-21 09:00:00,2777.2411818068776,3052.8310566590353,2216.921900923613
2024-06-21 10:00:00,2777.2411818068776,3289.2806284587678,2117.441825248597
2024-06-21 11:00:00,2955.084317526067,3446.4377933012256,2117.441825248597
2024-06-21 12:00:00,2955.084317526067,3689.968410105739,2570.6341056085994
2024-06-21 13:00:00,2955.084317526067,3689.968410105739,2570.6341056085994
2024-06-21 14:00:00,2997.8335546401977,3573.6615006959237,2375.1412339463927
2024-06-21 15:00:00,2997.8335546401977,3420.027697520023,2369.582507985791
2024-06-21 16:00:00,2867.216996810548,3090.2067081020195,2171.1598236054097
2024-06-21 17:00:00,2867.216996810548,3090.2067081020195,2171.1598236054097
2024-06-21 18:00:00,3149.8862595837218,3188.9395480337334,2348.0890786136933
2024-06-21 19:00:00,3174.822409409746,3429.444204405605,2805.6361084033065
2024-06-21 20:00:00,3622.405043288849,3491.4945846147275,2809.935038371476
2024-06-21 21:00:00,3912.3985847621243,3739.202123459938,3385.528669049804
2024-06-21 22:00:00,4020.7315492750004,3890.730112187606,3385.528669049804
2024-06-21 23:00:00,4020.7315492750004,4099.725852550282,3269.4806329953612
2024-06-22 00:00:00,3784.555747801667,3995.227982368944,3064.260945196301
2024-06-22 01:00:00,4341.895747375049,4699.746256038803,3268.744563881536
2024-06-22 02:00:00,4231.585584923796,4596.626186621168,3183.0231821770876
2024-06-22 03:00:00,4106.691598391762,4342.764859839381,3141.8737977656588
2024-06-22 04:00:00,3934.09788664207,4342.764859839381,2876.6320559889155
2024-06-22 05:00:00,3765.2223799869425,3824.332111559268,2746.008481848613
2024-06-22 06:00:00,3748.1842299381115,3732.1185166766372,2482.9823571906895
2024-06-22 07:00:00,3563.508089007595,3495.5751370472535,2456.0829452181
2024-06-22 08:00:00,3062.4083287251487,3309.1417816390604,2161.812479590608
2024-06-22 09:00:00,3062.4083287251487,3007.632470000088,2087.8063765677166
2024-06-22 10:00:00,3030.477591645089,3007.632470000088,2087.8063765677166
2024-06-22 11:00:00,3077.250589202842,3115.5835668982254,2417.497480316378
2024-06-22 12:00:00,3077.250589202842,3115.5835668982254,2417.497480316378
2024-06-22 13:00:00,4108.463907343052,2876.7932686629138,2169.856994741888
2024-06-22 14:00:00,4108.463907343052,2876.7932686629138,2132.3067749576708
2024-06-22 15:00:00,3479.1578849554826,2969.3881335335445,2132.3067749576708
2024-06-22 16:00:00,3479.1578849554826,2969.3881335335445,2606.0103334228743
2024-06-22 17:00:00,3490.0012853312674,3223.6228237107734,2622.8078141266406
2024-06-22 18:00:00,3512.8801535203183,3278.2773036122308,2622.8078141266406
2024-06-22 19:00:00,3490.0012853312674,3278.2773036122308,2622.8078141266406
2024-06-22 20:00:00,3401.272275455689,3108.3664206603917,2704.7173237690586
2024-06-22 21:00:00,3401.272275455689,3108.3664206603917,2731.0550326192983
2024-06-22 22:00:00,3968.052653202969,4057.842991822952,3299.9623387941483
2024-06-22 23:00:00,4754.846117518818,4366.937375508849,3442.0198843271082
2024-06-23 00:00:00,4857.509397218442,4456.942988055404,3668.3270687080076
2024-06-23 01:00:00,3549.076531803229,3425.700365394485,2685.6244167902405
2024-06-23 02:00:00,3622.0399502770633,3503.8615664299687,2632.3968546341725
2024-06-23 03:00:00,3698.5907252859706,3876.2468612682333,2373.920049391408
2024-06-23 04:00:00,3698.5907252859706,3876.2468612682333,2270.726506290826
2024-06-23 05:00:00,3525.63157152271,3276.653531483409,2213.436715043232
2024-06-23 06:00:00,3516.309601900535,3273.0482102361602,2213.436715043232
2024-06-23 07:00:00,3516.309601900535,3215.1751521033984,2215.635909822973
2024-06-23 08:00:00,3516.309601900535,3273.0482102361602,2215.635909822973
2024-06-23 09:00:00,3519.4153625738254,3215.1751521033984,2425.4785464226634
2024-06-23 10:00:00,3558.9347951475575,3276.5306413959843,2640.3077372586704
2024-06-23 11:00:00,3676.9638317141253,3276.5306413959843,2828.5734945943295
2024-06-23 12:00:00,4339.879359299665,3923.5030425382847,2962.1127206515425
2024-06-23 13:00:00,4485.344204945754,4300.525998345749,3234.587565824379
2024-06-23 14:00:00,4861.565923049034,4453.185447015401,3294.8093775948823
2024-06-23 15:00:00,4956.682775630663,4300.525998345749,3667.0744625050347
2024-06-23 16:00:00,5040.044164006888,4661.392790269996,4345.405052806162
2024-06-23 17:00:00,5565.115505034645,5215.338285939175,4406.902364239309
2024-06-23 18:00:00,5685.256454404362,5314.525972401812,4932.349067596798
2024-06-23 19:00:00,6180.504495705257,6256.294521783376,5511.977946740638
2024-06-23 20:00:00,6242.724702609728,6383.090959126976,5620.628557686828
2024-06-23 21:00:00,6572.780897579559,6772.636140028953,5620.628557686828
2024-06-23 22:00:00,6734.909652395828,6772.636140028953,5620.628557686828
2024-06-23 23:00:00,7527.1425221200225,8692.292287412685,6428.832082050192
2024-06-24 00:00:00,7637.573949707501,9029.012379435455,6745.142585144436
2024-06-24 01:00:00,8752.716255034557,11697.060023052076,9105.818450059858
2024-06-24 02:00:00,8791.17648885332,11498.833337625558,8787.684678481213
2024-06-24 03:00:00,8881.716522618368,11498.833337625558,8307.444080977268
2024-06-24 04:00:00,8791.17648885332,11273.686328864,8307.444080977268
2024-06-24 05:00:00,8454.983378696228,11127.590258923627,8307.444080977268
2024-06-24 06:00:00,7513.92539459601,10206.081092347817,7212.223990517181
2024-06-24 07:00:00,6723.592596932931,8879.303996124881,6336.2458517115165
2024-06-24 08:00:00,6353.015365768744,7833.354265485156,5458.240560405266
2024-06-24 09:00:00,6282.086878390083,6786.372577505325,4621.13527418112
2024-06-24 10:00:00,6282.086878390083,6786.372577505325,4621.13527418112
2024-06-24 11:00:00,6822.3861744598835,8286.745708436685,6467.121441698623
2024-06-24 12:00:00,6891.356409962738,8793.717309110825,6674.229649665681
2024-06-24 13:00:00,8823.120160123812,10888.86178237749,8153.026018578727
2024-06-24 14:00:00,9683.991659645659,11232.851018872363,8699.500531672642
2024-06-24 15:00:00,9835.415462336741,11232.851018872363,8823.48872849984
2024-06-24 16:00:00,10541.218276375643,11471.02531584841,9648.941034853453
2024-06-24 17:00:00,11309.653066302033,11395.14965642984,9831.014180523665
2024-06-24 18:00:00,11467.240149363126,11471.02531584841,10602.983061541483
2024-06-24 19:00:00,12107.294163185701,11776.136152036892,10940.472127745283
2024-06-24 20:00:00,12144.805851324825,11859.046669036865,11527.755363701383
2024-06-24 21:00:00,12190.927504584259,12993.964380242574,12095.655651381989
2024-06-24 22:00:00,12451.477559327332,14158.77366146307,12461.88834862053
2024-06-24 23:00:00,15149.731663274057,16024.618618623039,14219.63101716193
2024-06-25 00:00:00,16432.92104198247,17248.462104181326,15423.111916668922
2024-06-25 01:00:00,15736.827885802104,16858.21422501924,14389.54808722086
2024-06-25 02:00:00,15981.293228596305,17317.875059786136,15139.694388493675
2024-06-25 03:00:00,16710.39164466736,17317.875059786136,15139.694388493675
2024-06-25 04:00:00,16710.39164466736,17177.52303036872,14607.890160603436
2024-06-25 05:00:00,15992.587737812953,16789.698349395232,14586.480943223867
2024-06-25 06:00:00,15919.707785186383,16710.97167301039,14376.12516957387
2024-06-25 07:00:00,15016.796089732417,15920.154326938029,13519.487140901534
2024-06-25 08:00:00,13521.22251005731,14408.297804879012,12425.321981191279
2024-06-25 09:00:00,13122.104596111127,14367.812175467998,12335.382322318626
2024-06-25 10:00:00,12680.840099924275,13248.204537361476,11614.752134171455
2024-06-25 11:00:00,12514.781917996428,12699.260364591824,11031.01910445401
2024-06-25 12:00:00,12514.781917996428,12436.876403183891,10293.571332456253
2024-06-25 13:00:00,12514.781917996428,12152.714959233863,10069.43206079471
2024-06-25 14:00:00,11385.017801475604,10930.121078445947,9353.39842356419
2024-06-25 15:00:00,9197.83412376399,8453.326950711882,6738.143454153891
2024-06-25 16:00:00,7586.095101499559,7575.836621360814,5177.878633591959
2024-06-25 17:00:00,6463.517352593991,5458.242689367822,4294.825866641353
2024-06-25 18:00:00,5570.105272147106,5084.9411913106305,3967.1353158072807
2024-06-25 19:00:00,4986.184940086323,5084.9411913106305,3967.1353158072807
2024-06-25 20:00:00,4986.184940086323,5334.445194823171,4051.8281620170537
2024-06-25 21:00:00,5274.037826441898,6189.718563188739,4091.8820317617938
2024-06-25 22:00:00,6621.901702120322,7214.248624211015,5102.9949279103985
2024-06-25 23:00:00,6621.901702120322,7214.248624211015,5102.9949279103985
2024-06-26 00:00:00,6641.743955318324,6740.044976757037,4885.88940903774
2024-06-26 01:00:00,9621.837989922704,10992.734393194314,8627.02639544936
2024-06-26 02:00:00,8850.146908478255,10228.822694945567,7847.7160530007
2024-06-26 03:00:00,7896.787036479725,8674.744074348124,7506.2988520404
2024-06-26 04:00:00,7528.576682857982,8420.416504355902,6884.934578253013
2024-06-26 05:00:00,7275.302650456838,7966.537725991566,6093.279649500762
2024-06-26 06:00:00,5529.81370493242,5814.88231900434,4247.886586822352
2024-06-26 07:00:00,4187.119194641973,4044.99039033621,3111.647472191829
2024-06-26 08:00:00,3243.7871665180974,3499.9754128610857,2631.098278368249
2024-06-26 09:00:00,2807.2360286448493,3109.6991259217957,2370.509237058464
2024-06-26 10:00:00,2530.596729357754,2424.7898020386165,1962.5003741711866
2024-06-26 11:00:00,2212.838631195422,2412.2235672372262,1838.5913903026649
2024-06-26 12:00:00,2212.838631195422,2158.7348467675765,1838.5913903026649
2024-06-26 13:00:00,2343.1897579970373,2158.7348467675765,1744.721664644693
2024-06-26 14:00:00,2343.1897579970373,2192.8440894574105,1792.1705236350783
2024-06-26 15:00:00,2278.8962627030087,2218.672047227821,1792.1705236350783
2024-06-26 16:00:00,2278.8962627030087,2218.672047227821,1850.3233927537315
2024-06-26 17:00:00,2546.783733025726,2218.672047227821,2135.4825129751953
2024-06-26 18:00:00,2853.5905954327554,2287.605406584671,2287.6995611941525
2024-06-26 19:00:00,3397.2078130764476,3136.433603369527,2913.5964911730152
2024-06-26 20:00:00,3682.4454721914262,3850.135556208019,3160.847899011641
2024-06-26 21:00:00,4465.859940874271,4785.54114350378,3908.453062608431
2024-06-26 22:00:00,5845.556592519009,5857.232978121008,4692.180550623241
2024-06-26 23:00:00,6907.724073660026,6731.9272760629065,5968.257774079603
2024-06-27 00:00:00,7457.68309849743,7074.167942731459,6245.656213275701
2024-06-27 01:00:00,6671.56145402697,6678.261446175529,5572.756609795949
2024-06-27 02:00:00,6649.749727036298,6654.947242411061,5341.515999829625
2024-06-27 03:00:00,6559.890313687734,6129.288319257525,5134.895546815674
2024-06-27 04:00:00,5729.023653331639,5373.78045675777,4214.039916787436
2024-06-27 05:00:00,4974.259310328653,4910.159613282478,3859.9460842295193
2024-06-27 06:00:00,3873.697899713816,3850.6451866542557,3175.2236799131997
2024-06-27 07:00:00,3471.156192669512,3292.37546146722,2713.7839230281074
2024-06-27 08:00:00,2660.493862493302,2587.694914925627,2474.2398984788065
2024-06-27 09:00:00,2169.622409862086,2293.2993113690954,1979.7303828324264
2024-06-27 10:00:00,2169.622409862086,2121.0989526509857,1971.9971607170942
2024-06-27 11:00:00,2109.70305250608,2006.299336879547,1971.9971607170942
2024-06-27 12:00:00,2288.31788962463,2006.299336879547,1809.099341422431
2024-06-27 13:00:00,2288.31788962463,2076.48016902161,1809.099341422431
2024-06-27 14:00:00,2904.7469793963483,2639.2337444745335,2234.9376811296793
2024-06-27 15:00:00,2904.7469793963483,2639.2337444745335,2234.9376811296793
2024-06-27 16:00:00,2907.0808953679516,2302.6933506022706,2068.765179439504
2024-06-27 17:00:00,2927.6033184152657,2302.6933506022706,2068.765179439504
2024-06-27 18:00:00,2927.6033184152657,2430.123042741423,2390.8336518524375
2024-06-27 19:00:00,3142.1574096360437,2476.1942742175197,2410.0831200340604
2024-06-27 20:00:00,3158.2579651056294,2828.7002039686777,2681.2903404582134
2024-06-27 21:00:00,3309.8501316181428,3099.2443327387464,3119.465716340312
2024-06-27 22:00:00,4271.6309701309965,3493.034742644433,3210.614000178124
2024-06-27 23:00:00,4585.388136295033,3594.51382448167,3210.614000178124
2024-06-28 00:00:00,4613.609659287158,3543.7742835630515,2930.402610844014
2024-06-28 01:00:00,3186.1068231609897,2170.671291753244,2014.1191299403322
2024-06-28 02:00:00,3211.4467185727244,2154.0023997036587,1767.1765369388438
2024-06-28 03:00:00,3211.4467185727244,2187.3401838028294,1767.1765369388438
2024-06-28 04:00:00,2997.4794046542447,2560.5010399520415,2314.9309101787717
2024-06-28 05:00:00,2925.625895735473,2560.5010399520415,2314.9309101787717
2024-06-28 06:00:00,2820.4846465085757,2435.9053532010257,2340.8814057808154
2024-06-28 07:00:00,2694.197436311104,2036.3988273971445,2277.98356741221
2024-06-28 08:00:00,2130.3329580688714,1849.1674501826892,1776.483507005513
2024-06-28 09:00:00,1907.137511958228,1752.6473407959074,1717.718664889099
2024-06-28 10:00:00,1907.137511958228,1375.9143782707197,1669.8677150277942
2024-06-28 11:00:00,2213.9424038367506,1369.9486254448966,1580.6423313848393
2024-06-28 12:00:00,2317.0739188968746,1221.5845822206084,1481.728277760216
2024-06-28 13:00:00,2348.155445243141,1221.5845822206084,1481.728277760216
2024-06-28 14:00:00,2417.974619690067,1590.1853558320436,1530.1803846318678
2024-06-28 15:00:00,2430.1981204256554,1590.1853558320436,1530.1803846318678
2024-06-28 16:00:00,2417.974619690067,1590.1853558320436,1530.1803846318678
2024-06-28 17:00:00,2480.582594639385,1933.439400300831,1498.3046114052318
2024-06-28 18:00:00,2867.8079349479267,2135.020678003635,2142.9690518571765
2024-06-28 19:00:00,3022.6064899996836,2138.708879767759,2354.7523591244976
2024-06-28 20:00:00,3416.315652813768,3278.2171344396447,3205.8192870396156
2024-06-28 21:00:00,3959.862854018207,4358.608639537591,3496.4042882589306
2024-06-28 22:00:00,5125.984600053567,5794.891150229398,3959.32817060254
2024-06-28 23:00:00,6924.212492156854,7177.274508413899,5591.882698799357
2024-06-29 00:00:00,8162.711942343619,8139.979815006701,6805.745881035678
2024-06-29 01:00:00,7525.2468131832175,7090.805615466248,6089.836791045978
2024-06-29 02:00:00,7464.6250456425005,7108.208740213744,5983.154906513301
2024-06-29 03:00:00,7369.703880869857,7108.208740213744,5650.019744146569
2024-06-29 04:00:00,7256.69009628572,6653.302789969976,5526.065165201116
2024-06-29 05:00:00,5770.3782882231835,6057.150533456094,3703.7861798162594
2024-06-29 06:00:00,5137.950588545573,5053.969313514199,3460.905760117956
2024-06-29 07:00:00,4678.5782872564205,4329.807931544328,2554.7463125705503
2024-06-29 08:00:00,3452.888195748734,2596.7729955389495,2392.0588648850176
2024-06-29 09:00:00,2715.608740685855,2596.7729955389495,2342.9278899613523
2024-06-29 10:00:00,2413.9544904376908,2898.723134129026,2168.6341575953115
2024-06-29 11:00:00,2413.9544904376908,2898.723134129026,2142.0303471057887
2024-06-29 12:00:00,2513.386852326039,2898.723134129026,2168.6341575953115
2024-06-29 13:00:00,2732.818096517947,3094.5081587055247,2676.5176272451845
2024-06-29 14:00:00,2692.4628487246027,3267.222237040349,2758.8023927827007
2024-06-29 15:00:00,2752.09756870158,3784.5706256027042,3284.81773503902
2024-06-29 16:00:00,3026.002515460843,3956.9228318623937,3400.272862016393
2024-06-29 17:00:00,3053.8836562125325,4598.426392450845,4172.280815622417
2024-06-29 18:00:00,4096.199055735309,5782.730179111279,4601.046415586535
2024-06-29 19:00:00,4856.127235092641,6483.257370696318,4792.193769543754
2024-06-29 20:00:00,5287.262501746061,7886.63125401296,5402.272216045638
2024-06-29 21:00:00,7403.2369227722975,8948.045216240655,6113.298962399312
2024-06-29 22:00:00,7403.2369227722975,8948.045216240655,6113.298962399312
2024-06-29 23:00:00,6545.138459991556,8014.538913132959,5123.050576253293
2024-06-30 00:00:00,5974.6798213487855,7184.928593338732,4704.691159416881
2024-06-30 01:00:00,8640.407866418285,9274.126910200832,6731.048287130698
2024-06-30 02:00:00,8901.784118094463,10656.664430903078,7735.7952851374475
2024-06-30 03:00:00,9065.974846456844,11564.81768832705,8414.191151601455
2024-06-30 04:00:00,10515.315053107499,12991.66637335499,9314.435047092025
2024-06-30 05:00:00,10932.526302483137,13629.788152498042,9618.061885615154
2024-06-30 06:00:00,11025.955945532576,14558.688058647624,10276.792036573832
2024-06-30 07:00:00,12549.483999959655,15539.956396418615,13391.138499727105
2024-06-30 08:00:00,14748.234474872741,17239.343607074803,14898.343542049299
2024-06-30 09:00:00,16592.077718685545,18079.502698618937,16355.463742631688
2024-06-30 10:00:00,17083.16757173058,18258.905715700443,16897.810900753124
2024-06-30 11:00:00,17283.981301741504,18446.68053324649,16977.545331695845
2024-06-30 12:00:00,17083.16757173058,18677.760523915065,16897.810900753124
2024-06-30 13:00:00,16666.391500713202,18446.68053324649,16026.443670984403
2024-06-30 14:00:00,16666.391500713202,17514.58311931437,15966.348661195192
2024-06-30 15:00:00,17050.061218111638,17454.441949548418,15557.07355568098
2024-06-30 16:00:00,17342.155563256645,17454.441949548418,15557.07355568098
2024-06-30 17:00:00,17636.53424536797,17710.35499264837,15893.498679542952
2024-06-30 18:00:00,17892.21636580137,18029.814746223732,16902.573679371388
2024-06-30 19:00:00,18077.71215103277,18236.77772874854,16981.82880218158
2024-06-30 20:00:00,18077.71215103277,18382.56986214087,17055.493697325608
2024-06-30 21:00:00,17759.672660884793,18528.038292482364,17351.469107451405
2024-06-30 22:00:00,16867.121500343856,18382.56986214087,17351.469107451405
2024-06-30 23:00:00,16078.641169684473,16932.760057383963,16432.793850045768
2024-07-01 00:00:00,15299.640772934592,16643.114825785615,15426.065970118289
2024-07-01 01:00:00,10821.477241239307,12136.481649238485,10023.130489247174
2024-07-01 02:00:00,10856.25655155032,12331.755175696228,10428.041380785018
2024-07-01 03:00:00,11798.012325995707,13216.975613150851,11818.516857670496
2024-07-01 04:00:00,12089.8219494223,13821.013927207194,11911.988356598142
2024-07-01 05:00:00,11798.012325995707,13821.013927207194,11911.988356598142
2024-07-01 06:00:00,10258.427786899063,11657.58362968211,9841.212409053971
2024-07-01 07:00:00,8127.495195962325,8994.174462324587,7055.928594088614
2024-07-01 08:00:00,5796.768192876727,6609.451843190111,4875.283267457015
2024-07-01 09:00:00,4077.2405695347006,3944.235856676385,3386.6620657639355
2024-07-01 10:00:00,3607.9995317591565,3257.401168601722,2439.783984931394
2024-07-01 11:00:00,3355.800055926189,2515.3756870314737,2198.0620955712
2024-07-01 12:00:00,2947.089545144685,2515.3756870314737,2052.1009151675435
2024-07-01 13:00:00,2754.03118286318,2659.5545790001725,2052.1009151675435
2024-07-01 14:00:00,2646.472704520358,2778.236974525793,2387.5046859351055
2024-07-01 15:00:00,2646.472704520358,2732.547080412878,2387.5046859351055
2024-07-01 16:00:00,2774.941175627944,2732.547080412878,2224.873966377227
2024-07-01 17:00:00,2853.764733695287,2491.4698859490964,2104.161366042761
2024-07-01 18:00:00,2774.941175627944,2374.2235703181323,2104.161366042761
2024-07-01 19:00:00,2925.5190672145127,2374.2235703181323,2133.9063410504573
2024-07-01 20:00:00,2917.6897798876325,2368.367106364458,2504.2591113127883
2024-07-01 21:00:00,2999.063602728589,2618.757657324666,2504.2591113127883
2024-07-01 22:00:00,3146.1757412665993,2840.543647371431,2435.6273621673854
2024-07-01 23:00:00,3193.8106519142657,2840.543647371431,2353.6294507387843
2024-07-02 00:00:00,3255.8848919730835,2639.02671786638,2380.156216377233
2024-07-02 01:00:00,3072.741853522367,2217.995756564802,2169.867806479836
2024-07-02 02:00:00,2948.0729385751492,2105.2882489842286,1859.3222736595499
2024-07-02 03:00:00,2907.1758716307486,2017.2195426634153,1859.3222736595499
2024-07-02 04:00:00,2886.40564902374,2014.9178691744619,1817.784640501793
2024-07-02 05:00:00,2737.2038917845475,2014.9178691744619,1817.784640501793
2024-07-02 06:00:00,2886.40564902374,2124.0354715841895,2141.440890583556
2024-07-02 07:00:00,2931.2071493480016,2261.343364889941,2141.440890583556
2024-07-02 08:00:00,2931.2071493480016,2428.1695232486272,2114.346138737573
2024-07-02 09:00:00,3199.549492003378,2704.9386205469746,2114.346138737573
2024-07-02 10:00:00,3500.9279563226282,3809.3081614323073,2358.443282513419
2024-07-02 11:00:00,4223.3588099649005,5141.159222342036,3388.629248760957
2024-07-02 12:00:00,4494.073272095995,5195.769856265619,3495.816729745011
2024-07-02 13:00:00,4457.043295053758,5141.159222342036,3388.629248760957
2024-07-02 14:00:00,4494.073272095995,5195.769856265619,3209.8951117111374
2024-07-02 15:00:00,5075.719726136329,4430.254880040431,3209.8951117111374
2024-07-02 16:00:00,5270.348152863558,5250.879192414355,3261.4811120088807
2024-07-02 17:00:00,5660.195574124303,5277.692221897032,4380.666046332605
2024-07-02 18:00:00,6367.670719246278,6420.766028575495,5129.988985546842
2024-07-02 19:00:00,7920.183053702398,8356.477708384777,6869.697829264579
2024-07-02 20:00:00,10268.235797284178,10819.872142333257,9167.736630367213
2024-07-02 21:00:00,10598.759879747784,12233.481255054232,9926.151703686366
2024-07-02 22:00:00,11720.218847817567,14868.762791828944,13317.263753110568
2024-07-02 23:00:00,14397.100451224469,16861.642328354435,14992.452801772371
2024-07-03 00:00:00,15075.803017988968,17645.691537465835,15651.585409721853
2024-07-03 01:00:00,14690.36960512969,17555.987847132186,15156.964092441613
2024-07-03 02:00:00,15337.275322813579,18128.225072127483,15265.70441977241
2024-07-03 03:00:00,16324.277218495808,18304.145641160772,16651.672631224068
2024-07-03 04:00:00,16525.817347292512,18304.145641160772,16651.672631224068
2024-07-03 05:00:00,16597.714026532907,18089.56867163266,16459.02145266428
2024-07-03 06:00:00,16597.714026532907,17851.87112434247,16244.129433767077
2024-07-03 07:00:00,16855.1813347514,17319.680158328883,15319.469100005452
2024-07-03 08:00:00,17349.858866028564,17319.680158328883,15319.469100005452
2024-07-03 09:00:00,17349.858866028564,17833.354835855316,17024.98099572206
2024-07-03 10:00:00,16165.706860946473,17833.354835855316,17024.98099572206
2024-07-03 11:00:00,15339.253986724503,16433.17995355618,15456.942647245269
2024-07-03 12:00:00,15203.49394775402,15860.46407037079,15456.942647245269
2024-07-03 13:00:00,15203.49394775402,15541.243314442325,15344.638428144313
2024-07-03 14:00:00,14787.755888935237,15541.243314442325,15501.183251678296
2024-07-03 15:00:00,14787.755888935237,15549.157748396357,15501.183251678296
2024-07-03 16:00:00,15475.333333659484,15713.57741369048,15745.85315497175
2024-07-03 17:00:00,15475.333333659484,15906.671327300131,15745.85315497175
2024-07-03 18:00:00,15430.797729521893,16382.37189189656,15738.556718510228
2024-07-03 19:00:00,15430.797729521893,17146.761523620262,15738.556718510228
2024-07-03 20:00:00,16006.133824413346,17165.974473345388,16328.096394115124
2024-07-03 21:00:00,16006.133824413346,17481.999122849815,16415.373004277117
2024-07-03 22:00:00,15574.486796620047,17481.999122849815,16415.373004277117
2024-07-03 23:00:00,14936.103762577939,17356.893581491087,16141.927155716365
2024-07-04 00:00:00,14677.906713106688,17209.06918004353,15962.690222687259
2024-07-04 01:00:00,14574.486417651944,16283.41751171587,14685.276979315333
2024-07-04 02:00:00,14579.449586857816,16328.366901477662,14753.371640547412
2024-07-04 03:00:00,15349.633789099798,17049.012826413855,15748.135686387
2024-07-04 04:00:00,15349.633789099798,17136.87455210284,16197.277822884644
2024-07-04 05:00:00,15394.164159397318,17867.772742460675,17039.78847046076
2024-07-04 06:00:00,15999.496767973415,17867.772742460675,17039.78847046076
2024-07-04 07:00:00,15999.496767973415,17465.77443237246,16585.020219107282
2024-07-04 08:00:00,12886.9113146519,16246.741918478887,15292.003978223565
2024-07-04 09:00:00,12711.186113359361,15673.31572674161,14585.420281136869
2024-07-04 10:00:00,11933.980664492803,15037.870742253655,14054.012450434215
2024-07-04 11:00:00,11536.800873408582,13599.813943074427,12557.361558231856
2024-07-04 12:00:00,10672.20144978399,11845.382213194398,11554.287593634514
2024-07-04 13:00:00,10672.20144978399,11117.1686366914,10649.180907243152
2024-07-04 14:00:00,10842.040603306103,11117.1686366914,10649.180907243152
2024-07-04 15:00:00,11170.104553779345,11297.06569981731,10257.051015989398
2024-07-04 16:00:00,11243.126856351555,11386.457484857694,10902.015716419719
2024-07-04 17:00:00,11170.104553779345,11297.06569981731,10240.187875475936
2024-07-04 18:00:00,7936.447268927364,9942.027120072711,8694.081905870626
2024-07-04 19:00:00,7936.447268927364,9942.027120072711,8694.081905870626
2024-07-04 20:00:00,10251.119668413823,12291.620383381665,9656.59912926774
2024-07-04 21:00:00,14217.860929299619,17656.746516361276,15684.497414751215
2024-07-04 22:00:00,14955.600082423942,17780.62618710389,16343.85421998944
2024-07-04 23:00:00,15964.816406761895,18675.867361692024,17326.10997811549
2024-07-05 00:00:00,15991.484217874357,18744.457513538116,17401.932988899818
2024-07-05 01:00:00,14088.17943944101,17262.783931915877,15027.020735041082
2024-07-05 02:00:00,14705.120175180791,17760.94413143642,15733.364132774033
2024-07-05 03:00:00,16544.97605552051,17760.94413143642,16200.222886780308
2024-07-05 04:00:00,16544.97605552051,17770.52924814143,16648.902398626407
2024-07-05 05:00:00,16373.856621219531,17460.10195424381,16367.336050332191
2024-07-05 06:00:00,16373.856621219531,17205.533892327556,16463.99326429251
2024-07-05 07:00:00,16869.952964578995,17205.533892327556,16463.99326429251
2024-07-05 08:00:00,17216.19156720292,18121.254484252848,16591.771011436394
2024-07-05 09:00:00,17513.349748048444,18121.254484252848,16591.771011436394
2024-07-05 10:00:00,17513.349748048444,18065.16937037557,16389.65390042751
2024-07-05 11:00:00,15762.563233587938,16922.8565019972,15399.981823514869
2024-07-05 12:00:00,15074.354755009299,16314.400963769689,15018.92833776221
2024-07-05 13:00:00,13780.46879606551,15311.72502559563,14659.228728110584
2024-07-05 14:00:00,13257.951227214737,14591.617829043886,13666.844724373275
2024-07-05 15:00:00,12838.915276051848,13575.239964348497,13250.640770156298
2024-07-05 16:00:00,12749.29977442097,13180.156465792052,12836.773562670644
2024-07-05 17:00:00,12749.29977442097,13180.156465792052,12836.773562670644
2024-07-05 18:00:00,12999.205846439165,13798.122342721786,13760.822000726053
2024-07-05 19:00:00,13412.433841712831,14387.428729832336,13760.822000726053
2024-07-05 20:00:00,12999.205846439165,14387.428729832336,13560.60365275337
2024-07-05 21:00:00,13507.154033582505,14373.259698190734,13560.60365275337
2024-07-05 22:00:00,13918.779571683008,14373.259698190734,14076.669937927027
2024-07-05 23:00:00,14661.688956264547,16106.984753181549,14652.634292555043
2024-07-06 00:00:00,14766.526556888213,16113.834524412716,14794.297258981489
2024-07-06 01:00:00,14679.955904812656,16342.693894591146,14134.866467764346
2024-07-06 02:00:00,14529.671422556132,16091.46714452398,14306.328983199843
2024-07-06 03:00:00,14529.671422556132,16008.210850965133,14282.731946928454
2024-07-06 04:00:00,14529.671422556132,15564.744271552312,14282.731946928454
2024-07-06 05:00:00,13190.65939813763,14354.580255188923,12244.097716744247
2024-07-06 06:00:00,13180.54198408532,14042.75863709609,12089.663355123845
2024-07-06 07:00:00,11695.483937964695,13997.210063366703,11227.415102430214
2024-07-06 08:00:00,10413.767425071022,13997.210063366703,11227.415102430214
2024-07-06 09:00:00,8779.915932279542,12487.595381616222,9280.027599290599
2024-07-06 10:00:00,7987.9028330041,11943.954137688328,8303.50411973487
2024-07-06 11:00:00,6522.265156278019,9737.95469664816,7186.643181070316
2024-07-06 12:00:00,6522.265156278019,9737.95469664816,7186.643181070316
2024-07-06 13:00:00,7993.361139152218,11728.38309442994,9261.409345767423
2024-07-06 14:00:00,9679.559354216746,13182.60273675272,10744.781475310701
2024-07-06 15:00:00,11290.88322497092,14242.685386052583,12075.706829113204
2024-07-06 16:00:00,13002.755895223601,16392.430913732987,14643.544981537236
2024-07-06 17:00:00,13932.595438536573,17504.80347615173,15150.836994628013
2024-07-06 18:00:00,15008.162482778465,17568.779880366485,16328.294377211274
2024-07-06 19:00:00,15247.7295760343,18362.247186151162,16652.273817224173
2024-07-06 20:00:00,15634.055467629143,18364.141461664847,16865.00391489469
2024-07-06 21:00:00,15634.055467629143,18364.141461664847,16879.239276901786
2024-07-06 22:00:00,16362.205066668632,18981.607888608334,17670.091974151077
2024-07-06 23:00:00,16370.821031078605,18981.607888608334,17670.091974151077
2024-07-07 00:00:00,16438.22778598733,18933.26390394969,17649.139239874174
2024-07-07 01:00:00,15849.411614033204,18099.70182536699,16676.606680508827
2024-07-07 02:00:00,15618.504264812776,18022.104730417654,16625.832212231635
2024-07-07 03:00:00,14280.934487026487,17311.22889812731,15752.509364482692
2024-07-07 04:00:00,12952.873747163761,16935.485532083356,14804.971900841363
2024-07-07 05:00:00,11718.79157356513,14371.266853867639,11371.105022295531
2024-07-07 06:00:00,10281.469574280649,13288.172314932464,10759.418823799822
2024-07-07 07:00:00,10281.469574280649,13260.660718632073,10759.418823799822
2024-07-07 08:00:00,10946.50745140433,13288.172314932464,11211.176643642988
2024-07-07 09:00:00,13905.824303192861,16820.400394220665,14186.178368346491
2024-07-07 10:00:00,15059.611045767908,17737.569012347387,15176.724681275811
2024-07-07 11:00:00,16268.475328067343,18006.062477330604,16397.918084289082
2024-07-07 12:00:00,16268.475328067343,18072.026913653353,16397.918084289082
2024-07-07 13:00:00,15773.23530133483,18072.026913653353,15478.02666548229
2024-07-07 14:00:00,15040.997778260693,17635.724937596115,15478.02666548229
2024-07-07 15:00:00,14554.126199854241,17561.81103025798,15622.364041569286
2024-07-07 16:00:00,14554.126199854241,17635.724937596115,15746.974961944878
2024-07-07 17:00:00,14554.126199854241,17782.14304247814,15943.477233502648
2024-07-07 18:00:00,14395.375200321912,17782.14304247814,15943.477233502648
2024-07-07 19:00:00,13785.731472935982,15465.45075202635,13761.898223363054
2024-07-07 20:00:00,13651.233834181434,15465.45075202635,13761.898223363054
2024-07-07 21:00:00,13651.233834181434,15822.669148567837,14520.657293772863
2024-07-07 22:00:00,13457.621712961381,15822.669148567837,14520.657293772863
2024-07-07 23:00:00,12082.21659969245,14370.108584757692,12867.156827133043
2024-07-08 00:00:00,12031.59187689362,14321.001159803986,12270.81265262184
2024-07-08 01:00:00,9983.773286555635,13296.831645715538,10093.056744217753
2024-07-08 02:00:00,9885.658739230152,12783.46869296768,10023.877488508408
2024-07-08 03:00:00,9350.017455613332,11693.568396591332,8591.59441000267
2024-07-08 04:00:00,8092.424660793679,10419.52770096538,7809.188278778817
2024-07-08 05:00:00,8092.424660793679,9979.722255131626,7362.544525969261
2024-07-08 06:00:00,8092.424660793679,9979.722255131626,7362.544525969261
2024-07-08 07:00:00,7269.680229597985,8900.713655247719,7222.248538400534
2024-07-08 08:00:00,7269.680229597985,8900.713655247719,7222.248538400534
2024-07-08 09:00:00,8818.185524680775,9785.754052851924,7632.818355116025
2024-07-08 10:00:00,9613.536747271895,11176.64703002134,7872.395970627962
2024-07-08 11:00:00,10847.173631399679,14504.942230158691,10532.184306099323
2024-07-08 12:00:00,13093.693616239265,15909.729341985725,14375.677678790016
2024-07-08 13:00:00,15636.099941499406,16965.82652600854,15738.380085019833
2024-07-08 14:00:00,15636.099941499406,16965.82652600854,15738.380085019833
2024-07-08 15:00:00,13894.830709624968,16579.44259622982,14034.711184039104
2024-07-08 16:00:00,12606.687328738359,15679.345170169428,12590.58926855093
2024-07-08 17:00:00,12606.687328738359,15679.345170169428,12590.58926855093
2024-07-08 18:00:00,13699.0682453772,16121.375446560629,13536.43083168253
2024-07-08 19:00:00,14141.32257867627,16121.375446560629,13671.110696878248
2024-07-08 20:00:00,13699.0682453772,15597.501298486248,13671.110696878248
2024-07-08 21:00:00,13234.255234901048,15097.302860128011,12840.329346957296
2024-07-08 22:00:00,12480.49465872337,14463.547082094108,12291.067843253253
2024-07-08 23:00:00,10989.278306019722,12009.105919546666,10090.730998460993
2024-07-09 00:00:00,9928.354402828354,11042.161884895151,9463.12700114704
2024-07-09 01:00:00,7798.827411110762,10683.051216176304,7519.069017005084
2024-07-09 02:00:00,7802.774760525282,10750.569409778771,7644.681333343341
2024-07-09 03:00:00,7802.774760525282,10615.533022573836,8341.591567061003
2024-07-09 04:00:00,7825.8275943433455,10518.96632179097,8341.591567061003
2024-07-09 05:00:00,7825.8275943433455,9410.258530824965,8012.671963618725
2024-07-09 06:00:00,7825.8275943433455,9261.458253919647,7688.965129525476
2024-07-09 07:00:00,7720.912784632988,9410.258530824965,7688.965129525476
2024-07-09 08:00:00,6976.367355251802,9940.647410300062,6746.816656936764
2024-07-09 09:00:00,6592.727374936906,10200.782945228862,6576.986329088189
2024-07-09 10:00:00,6573.92061292712,10200.782945228862,6391.633058031807
2024-07-09 11:00:00,6374.65147416506,10216.479086834763,6391.633058031807
2024-07-09 12:00:00,6374.65147416506,10317.2879632595,6665.4071824322955
2024-07-09 13:00:00,8327.472892560636,10322.63373657077,7854.404272779966
2024-07-09 14:00:00,8327.472892560636,10322.63373657077,7854.404272779966
2024-07-09 15:00:00,7983.869320213731,9984.748275752445,7157.137574349947
2024-07-09 16:00:00,7083.149042627014,9833.357140565731,7157.137574349947
2024-07-09 17:00:00,7083.149042627014,9833.357140565731,7157.137574349947
2024-07-09 18:00:00,7083.149042627014,9361.831851224057,7358.431484669684
2024-07-09 19:00:00,7092.985700055242,9117.622950465266,7007.833484718407
2024-07-09 20:00:00,7289.309617657687,9361.831851224057,7358.431484669684
2024-07-09 21:00:00,9064.482528158393,11450.374190145785,8287.427672117154
2024-07-09 22:00:00,9064.482528158393,11450.374190145785,8287.427672117154
2024-07-09 23:00:00,7573.903838967217,11077.05853897966,7777.210353532464
2024-07-10 00:00:00,6908.404188229886,9767.718946794124,7060.3164353968805
2024-07-10 01:00:00,5839.388882073823,7742.601831136629,5289.354173357438
2024-07-10 02:00:00,5703.508128513175,7680.258330485858,4941.915076225344
2024-07-10 03:00:00,5130.461299779049,5691.770531289605,3932.948889702045
2024-07-10 04:00:00,4143.980732389826,5308.018451231519,3540.1527595889197
2024-07-10 05:00:00,4181.8855385578045,5308.018451231519,3602.72480580319
2024-07-10 06:00:00,4143.980732389826,4088.6723930771986,3058.894776116109
2024-07-10 07:00:00,3302.4638340432957,3627.6321779841765,2903.006299195923
2024-07-10 08:00:00,2889.9190746206405,3144.0398089468217,2562.8509018676004
2024-07-10 09:00:00,2775.8526996315686,3099.4602689179865,2562.8509018676004
2024-07-10 10:00:00,2889.9190746206405,3070.320547349933,2682.4842776032524
2024-07-10 11:00:00,2792.8154912673,3061.044768642847,2682.4842776032524
2024-07-10 12:00:00,2930.7927856257666,2749.4102306574223,2506.061961524747
2024-07-10 13:00:00,2852.4310260113834,2684.943330855611,2345.9419121007254
2024-07-10 14:00:00,3067.071897788599,2532.521902573706,2234.604573207579
2024-07-10 15:00:00,3067.071897788599,2532.521902573706,2234.604573207579
2024-07-10 16:00:00,3298.0489588143228,2904.891828506912,2410.961390498541
2024-07-10 17:00:00,3298.0489588143228,3127.8085426162997,2410.961390498541
2024-07-10 18:00:00,2950.9520092044368,3127.8085426162997,2392.1057991745183
2024-07-10 19:00:00,2950.9520092044368,3199.7835194839317,2392.1057991745183
2024-07-10 20:00:00,2996.7054107569966,3369.327409251129,2656.873109678334
2024-07-10 21:00:00,3284.1854221950325,3369.327409251129,2944.926938028096
2024-07-10 22:00:00,3284.1854221950325,3352.153540595931,2944.926938028096
2024-07-10 23:00:00,2990.859862838941,3134.710680669863,2482.388423883146
2024-07-11 00:00:00,2975.251620938391,3026.531248061632,2420.982124465402
2024-07-11 01:00:00,4126.919335395539,4503.109913365488,3736.033059750724
2024-07-11 02:00:00,4050.4986480815132,4456.495989195015,3731.7825722475054
2024-07-11 03:00:00,3749.3515855674377,4438.643729974401,3427.5768677174647
2024-07-11 04:00:00,3460.45266545674,4137.770819568381,3427.5768677174647
2024-07-11 05:00:00,3460.45266545674,4137.770819568381,3484.171249880501
2024-07-11 06:00:00,3460.035116126328,4137.770819568381,3484.171249880501
2024-07-11 07:00:00,3281.3977821508743,3609.481007599423,3163.1524686601247
2024-07-11 08:00:00,3173.4636284198987,3364.3392699218275,2878.958521087404
2024-07-11 09:00:00,3173.4636284198987,3310.689930792825,2874.2272395461437
2024-07-11 10:00:00,2943.921757477079,3039.4875398291006,2441.2801606129497
2024-07-11 11:00:00,2872.357009318075,2949.2794555174587,2115.1647261364856
2024-07-11 12:00:00,2791.107929693584,2609.0658520557827,1894.1318005505784
2024-07-11 13:00:00,2791.107929693584,2609.0658520557827,1886.0574167394225
2024-07-11 14:00:00,3189.794530907573,2649.819300636229,1886.0574167394225
2024-07-11 15:00:00,3189.794530907573,2649.819300636229,2186.9552597758216
2024-07-11 16:00:00,2999.5102746641023,2751.6624756854217,2310.848302969677
2024-07-11 17:00:00,2999.5102746641023,2902.0528840487714,2310.848302969677
2024-07-11 18:00:00,3317.988332545696,2908.377127664371,2543.692482063226
2024-07-11 19:00:00,3323.5363258980906,3317.2612402184495,2753.788416732594
2024-07-11 20:00:00,3544.0018937270343,3631.0790398521403,2959.9898887497375
2024-07-11 21:00:00,3789.9714026527326,3715.90768498587,3641.890414254105
2024-07-11 22:00:00,4896.401945872896,4744.607575986904,4219.2688397290585
2024-07-11 23:00:00,4896.401945872896,4744.607575986904,4219.2688397290585
2024-07-12 00:00:00,4854.808610175865,4700.753976322583,4082.319914676465
2024-07-12 01:00:00,4388.3309969222555,4792.000572629933,3560.0188647610503
2024-07-12 02:00:00,4021.6690594067422,4294.025672125583,3351.3001146103165
2024-07-12 03:00:00,3713.790227543388,4114.6148437571555,3205.6881768617
2024-07-12 04:00:00,3446.287414372435,3840.998499240033,3193.4470245744737
2024-07-12 05:00:00,3071.2903640638706,3707.807937573438,2986.4899063588864
2024-07-12 06:00:00,2978.9681393163282,3691.617470020721,2907.87119565374
2024-07-12 07:00:00,2566.6942964621303,3577.591767128233,2888.9369601617436
2024-07-12 08:00:00,2566.6942964621303,3433.2748170479354,2594.812453942806
2024-07-12 09:00:00,2784.7248605975547,3095.911695491017,2358.772140392239
2024-07-12 10:00:00,2784.7248605975547,2722.145871118213,2023.5353594147025
2024-07-12 11:00:00,2409.0719110375576,2672.568329917929,2023.5353594147025
2024-07-12 12:00:00,2409.0719110375576,2664.2594016974326,2245.574707376567
2024-07-12 13:00:00,2593.4316262756947,2594.877570770861,2281.376647224085
2024-07-12 14:00:00,3079.647126239499,2522.269655599448,2394.8072357572887
2024-07-12 15:00:00,3158.785066086133,2522.269655599448,2394.8072357572887
2024-07-12 16:00:00,3285.0951410172984,2478.451998158758,2352.8163564735682
2024-07-12 17:00:00,3285.0951410172984,2478.451998158758,2342.5842443572487
2024-07-12 18:00:00,3194.0668838218116,2540.271897694416,2108.094319496784
2024-07-12 19:00:00,3194.0668838218116,2648.988659231496,1934.0331045481394
2024-07-12 20:00:00,3150.64945070513,2648.988659231496,1934.0331045481394
2024-07-12 21:00:00,3197.366482013693,2895.964201949517,2145.4447627524737
2024-07-12 22:00:00,3258.8851822569486,3185.1093059921004,2145.4447627524737
2024-07-12 23:00:00,3258.8851822569486,3185.1093059921004,1940.3877504668244
2024-07-13 00:00:00,3092.0998566716244,3106.6812955541327,1872.2282469389265
2024-07-13 01:00:00,3826.4818464817245,3561.4052224847055,2334.4193856152533
2024-07-13 02:00:00,3588.853627544857,3736.1119801736368,2338.260194728805
2024-07-13 03:00:00,3322.171613228169,3379.618649720709,2069.6753242492223
2024-07-13 04:00:00,3291.2290103855194,3254.823406139858,2338.260194728805
2024-07-13 05:00:00,3022.3665802094947,3254.823406139858,2185.41760501129
2024-07-13 06:00:00,3022.3665802094947,3317.1246257886087,2185.41760501129
2024-07-13 07:00:00,2763.5830876645778,3317.1246257886087,2185.106509517695
2024-07-13 08:00:00,2763.5830876645778,2882.9223088888357,2185.106509517695
2024-07-13 09:00:00,2827.7774267705554,2765.47742540079,2294.30773928428
2024-07-13 10:00:00,2827.7774267705554,2720.1444883480326,2294.30773928428
2024-07-13 11:00:00,2743.6563928181877,2590.929550766119,2281.3356403129546
2024-07-13 12:00:00,2743.6563928181877,2590.929550766119,2281.3356403129546
2024-07-13 13:00:00,2903.1967503932665,2941.3146533603303,2376.0992661286755
2024-07-13 14:00:00,2903.1967503932665,2941.3146533603303,2444.2610910286226
2024-07-13 15:00:00,2796.4032221265807,2473.737304007971,2444.2610910286226
2024-07-13 16:00:00,2796.4032221265807,2374.3562584886968,2326.493035475979
2024-07-13 17:00:00,2816.98456518899,2374.3562584886968,2241.7624329767905
2024-07-13 18:00:00,2839.8808315819133,2490.6370390949814,2241.7624329767905
2024-07-13 19:00:00,3125.417245533101,2514.4822120953213,2320.5652135586533
2024-07-13 20:00:00,3296.035118807238,2870.3501705322215,2390.660346851967
2024-07-13 21:00:00,3300.9397371691666,2968.3014760546066,2460.7648362597697
2024-07-13 22:00:00,3300.9397371691666,3018.1210365317256,2460.7648362597697
2024-07-13 23:00:00,3222.365409413629,3018.1210365317256,2235.1374777405786
2024-07-14 00:00:00,3091.71198312691,2985.425474914976,2133.863121127535
2024-07-14 01:00:00,2818.15147124123,2591.769894473501,1845.7460308367174
2024-07-14 02:00:00,2862.147094755188,2593.1101395152273,1975.8791082615476
2024-07-14 03:00:00,2862.147094755188,2705.5219411593607,2083.527485011791
2024-07-14 04:00:00,2959.542574507568,2821.6640500740887,2109.3875038340284
2024-07-14 05:00:00,2978.178941165377,3101.70246582013,2299.4050507513316
2024-07-14 06:00:00,2978.178941165377,3245.475222878131,2579.9712454716514
2024-07-14 07:00:00,2929.7130395053427,3321.1841441699544,2579.9712454716514
2024-07-14 08:00:00,2912.178092051963,3321.1841441699544,2488.0184257888545
2024-07-14 09:00:00,2885.6172775758787,3263.741292679553,2399.6433936331746
2024-07-14 10:00:00,2701.65891279656,3055.4475937768366,2399.6433936331746
2024-07-14 11:00:00,2701.65891279656,3055.4475937768366,2404.0325968796956
2024-07-14 12:00:00,2906.8562232698896,3001.4014876231704,2878.620926350181
2024-07-14 13:00:00,2906.8562232698896,3001.4014876231704,2878.620926350181
2024-07-14 14:00:00,2525.3123191964787,2869.567931329968,2572.4137961628485
2024-07-14 15:00:00,2525.3123191964787,2840.637407443617,2410.58698750072
2024-07-14 16:00:00,2539.8442817869272,2741.3228644775463,2241.0058273528593
2024-07-14 17:00:00,2560.1758827016874,2804.4170752038553,2241.0058273528593
2024-07-14 18:00:00,2782.5348602263857,2804.4170752038553,2365.779769014537
2024-07-14 19:00:00,2811.3639540289587,3014.7814946407543,2568.8650552527215
2024-07-14 20:00:00,2880.1560650050305,3018.5909614214306,2477.206513515666
2024-07-14 21:00:00,2981.938007915802,3026.1441626712985,2540.6105073603917
2024-07-14 22:00:00,2943.7861279207245,3214.4413062531476,2540.6105073603917
2024-07-14 23:00:00,2971.9878329890653,3214.4413062531476,2540.6105073603917
2024-07-15 00:00:00,2957.886980454895,3207.8223302105434,2428.089795184858
2024-07-15 01:00:00,2908.3012195341507,3132.919864528296,2631.8744863394986
2024-07-15 02:00:00,2986.847428027848,3109.9098425882457,2611.8730472372545
2024-07-15 03:00:00,3090.95420970928,3064.361774546973,2506.2532461709666
2024-07-15 04:00:00,3090.95420970928,3064.361774546973,2489.439861368084
2024-07-15 05:00:00,3062.8405914947016,3052.134828452068,2489.439861368084
2024-07-15 06:00:00,3062.8405914947016,3061.552057124598,2606.8132397455047
2024-07-15 07:00:00,3062.8405914947016,2991.1315997420716,2705.6878713881906
2024-07-15 08:00:00,2976.6511899177112,2992.0652803560133,2705.6878713881906
2024-07-15 09:00:00,2905.5879334264864,2965.4009757286185,2422.591075555654
2024-07-15 10:00:00,2771.0718205437224,2922.971625822651,2319.4752268802395
2024-07-15 11:00:00,2771.0718205437224,2656.140838843423,2258.626761524074
2024-07-15 12:00:00,2766.7720477232833,2656.140838843423,2253.9648283406323
2024-07-15 13:00:00,2766.7720477232833,2656.140838843423,2253.9648283406323
2024-07-15 14:00:00,2684.901998484236,2639.7299484832893,2231.574975544905
2024-07-15 15:00:00,2536.8675959472603,2565.833561234793,2185.997036874564
2024-07-15 16:00:00,2464.37964879432,2445.2215131562516,2185.997036874564
2024-07-15 17:00:00,2464.37964879432,2416.218261139833,1810.167267860354
2024-07-15 18:00:00,2672.422758150795,2445.2215131562516,1758.3497526353817
2024-07-15 19:00:00,2690.9778083352885,2677.546405286139,1758.3497526353817
2024-07-15 20:00:00,2690.9778083352885,2678.6077078837898,1803.152435950756
2024-07-15 21:00:00,2732.180739500114,2695.2857681690366,1807.53799609056
2024-07-15 22:00:00,2732.180739500114,2812.9843629969564,1873.5577905867822
2024-07-15 23:00:00,2741.3586985156253,2812.9843629969564,1807.53799609056
2024-07-16 00:00:00,2720.4616194330874,2797.508540216475,1833.3812312797163
2024-07-16 01:00:00,3325.4455906070198,2846.0550943894978,1731.3415589815045
2024-07-16 02:00:00,3299.5761765378775,2849.487950361472,1798.4078445698942
2024-07-16 03:00:00,3299.5761765378775,3092.4568983836525,2152.9776313624893
2024-07-16 04:00:00,3289.8443651646285,3092.4568983836525,2206.102185105283
2024-07-16 05:00:00,3289.8443651646285,3055.252983103903,2206.102185105283
2024-07-16 06:00:00,3067.9886958647094,3030.9381017148135,1927.5432836702228
2024-07-16 07:00:00,2901.85168381533,3030.9381017148135,1854.7709246374936
2024-07-16 08:00:00,2697.1385445815486,2626.055893384144,1839.597962094912
2024-07-16 09:00:00,2697.1385445815486,2626.055893384144,1824.6740409136273
2024-07-16 10:00:00,2697.1385445815486,2626.055893384144,1777.7756076250362
2024-07-16 11:00:00,2567.2030938510507,2325.44196513721,1723.209350295733
2024-07-16 12:00:00,2370.874523211074,2325.44196513721,1723.209350295733
2024-07-16 13:00:00,2370.874523211074,2329.3921511636345,1832.6260781269182
2024-07-16 14:00:00,2414.472766233408,2425.735037183211,1845.9006856811836
2024-07-16 15:00:00,3183.956056355946,3290.5354124198057,2446.417868984052
2024-07-16 16:00:00,3746.180239251262,5015.991698555574,3309.389624305066
2024-07-16 17:00:00,3854.9974975204623,5769.46039098722,4083.891501373326
2024-07-16 18:00:00,5748.29411589588,7257.31403144922,5240.87260743198
2024-07-16 19:00:00,6506.3640804844945,9431.088371319198,6271.021011741167
2024-07-16 20:00:00,8503.317852970431,11188.329065818245,9107.975139165426
2024-07-16 21:00:00,10220.729574238874,13909.963496969951,11017.288211773843
2024-07-16 22:00:00,10220.729574238874,13909.963496969951,11017.288211773843
2024-07-16 23:00:00,10158.700614587824,13380.716141275461,9799.188963445768
2024-07-17 00:00:00,10012.770756942322,13023.975096699323,9667.839886867489
2024-07-17 01:00:00,10426.298892463888,14733.725479568036,11993.895605426278
2024-07-17 02:00:00,10902.035282458286,14949.065161215573,12425.453455163914
2024-07-17 03:00:00,12185.188899433695,16089.356224621979,12670.619713379701
2024-07-17 04:00:00,13472.576028180072,16756.40354125414,14425.1713127459
2024-07-17 05:00:00,14152.364779456482,16756.40354125414,14425.1713127459
2024-07-17 06:00:00,14152.364779456482,15971.557854130726,13985.216654680336
2024-07-17 07:00:00,13748.967445361157,15971.557854130726,13745.58690438544
2024-07-17 08:00:00,13706.646183528681,16972.97113931335,13985.216654680336
2024-07-17 09:00:00,13706.646183528681,17000.335956713814,14472.206833918175
2024-07-17 10:00:00,15042.51178445695,17500.823093246712,15219.809680757275
2024-07-17 11:00:00,15042.51178445695,17062.98069127304,15219.809680757275
2024-07-17 12:00:00,14919.448561041467,17062.98069127304,15618.92741868789
2024-07-17 13:00:00,14507.11238550153,17040.90763154988,14405.288288013304
2024-07-17 14:00:00,14806.833822268934,17040.90763154988,15618.92741868789
2024-07-17 15:00:00,14806.833822268934,17845.815377284864,15216.666392132374
2024-07-17 16:00:00,14806.833822268934,17845.815377284864,15216.666392132374
2024-07-17 17:00:00,13249.403558434717,16427.60942295128,14955.06721813686
2024-07-17 18:00:00,12195.721496702969,15614.327598785116,13758.07218671044
2024-07-17 19:00:00,11939.964046966117,15093.866413356274,13445.897925010058
2024-07-17 20:00:00,11241.337454963545,15093.866413356274,12836.926754925309
2024-07-17 21:00:00,11241.337454963545,14462.633688669699,12533.917586112084
2024-07-17 22:00:00,10669.716563521737,14125.869197796605,12345.035613880875
2024-07-17 23:00:00,10399.526867658002,13723.139750870365,10807.786259728684
2024-07-18 00:00:00,10224.907464853573,13471.653168581712,10774.835070603192
2024-07-18 01:00:00,10112.401463382987,13956.978824553324,11215.635978806222
2024-07-18 02:00:00,10218.28175410534,14007.467885091899,11391.628676446902
2024-07-18 03:00:00,10875.52490372489,14972.608190782492,11731.765599753006
2024-07-18 04:00:00,12106.33157291483,16283.898134971598,13863.76840404548
2024-07-18 05:00:00,12335.43749060804,16659.195346223256,14869.03029584533
2024-07-18 06:00:00,13629.884984116366,17187.501052180596,15737.538516993882
2024-07-18 07:00:00,14894.608258075792,18220.43501974529,16321.484441537965
2024-07-18 08:00:00,15582.213643574689,18626.95065478947,16789.359085849806
2024-07-18 09:00:00,15866.446134568976,18626.95065478947,16789.359085849806
2024-07-18 10:00:00,15866.446134568976,18398.028153992138,16465.854282849436
2024-07-18 11:00:00,15754.580291924482,18209.147434372688,16273.790999311359
2024-07-18 12:00:00,14579.584465756878,18209.147434372688,16244.047523654559
2024-07-18 13:00:00,13896.102265787802,17769.746827049807,15810.392841025612
2024-07-18 14:00:00,13582.501005322296,17226.528782028254,14834.36676177175
2024-07-18 15:00:00,13582.501005322296,16403.989553161606,14417.238311444286
2024-07-18 16:00:00,13649.73972910047,16074.147160600405,14417.238311444286
2024-07-18 17:00:00,13798.518339565195,16403.989553161606,14490.502740882188
2024-07-18 18:00:00,14880.122033958607,16074.147160600405,14776.455163319892
2024-07-18 19:00:00,14880.122033958607,16194.630513023689,14776.455163319892
2024-07-18 20:00:00,14788.634865412554,16194.630513023689,15167.900069022131
2024-07-18 21:00:00,14635.289428221155,16954.56507868671,16201.345652352877
2024-07-18 22:00:00,14635.289428221155,17834.52233866124,16281.58796628936
2024-07-18 23:00:00,15357.81505949335,18150.180125323972,16532.710711005766
2024-07-19 00:00:00,15560.734588044137,18240.080516708287,16612.08373422417
2024-07-19 01:00:00,13337.574842391325,17018.02848950406,15195.515227368483
2024-07-19 02:00:00,13198.502168457317,16907.794904337203,15049.753526377906
2024-07-19 03:00:00,13138.5874786993,16555.03538719507,15049.753526377906
2024-07-19 04:00:00,13198.502168457317,16208.843445796301,14359.602687351475
2024-07-19 05:00:00,13764.383682355225,16208.843445796301,14359.602687351475
2024-07-19 06:00:00,13764.383682355225,16208.843445796301,14359.602687351475
2024-07-19 07:00:00,12391.98804758426,13663.254727943497,12695.768802118615
2024-07-19 08:00:00,11493.000057662117,12537.361141940844,11410.344536290295
2024-07-19 09:00:00,11209.0728041882,12335.068840945054,10691.60664416748
2024-07-19 10:00:00,8628.302569988413,9412.997677363235,7951.764890665523
2024-07-19 11:00:00,7298.957359982629,7603.933425311765,6266.538363308738
2024-07-19 12:00:00,7144.722766738087,6960.291343503553,5402.024338787703
2024-07-19 13:00:00,6616.4951679028345,6264.461923523783,5402.024338787703
2024-07-19 14:00:00,6437.855835782272,6264.461923523783,5139.322982970363
2024-07-19 15:00:00,6437.855835782272,6365.730288263709,5057.167710700224
2024-07-19 16:00:00,6642.437627091968,7011.53545229618,5057.167710700224
2024-07-19 17:00:00,7394.820718733182,7059.864145261037,5893.278411193432
2024-07-19 18:00:00,7431.403465981642,7420.8392066108245,6194.881219413342
2024-07-19 19:00:00,8764.052846864528,8367.566255924077,6863.761542476425
2024-07-19 20:00:00,9313.92459066424,10321.756848779107,8502.45451955386
2024-07-19 21:00:00,10467.221951216017,11204.272059433322,9181.357393780398
2024-07-19 22:00:00,11015.407202292883,11807.509616408357,10301.347455104977
2024-07-19 23:00:00,11030.734972576882,12112.963927539293,10653.06821073108
2024-07-20 00:00:00,11357.801463270993,12437.970321581448,10814.006877950353
2024-07-20 01:00:00,14520.352405560632,16202.699891968978,14712.241448582878
2024-07-20 02:00:00,14449.031947366902,16280.039707066324,14947.119146073544
2024-07-20 03:00:00,14591.672863754362,16740.313932032695,14947.119146073544
2024-07-20 04:00:00,14794.94988942339,16740.313932032695,14480.535764172797
2024-07-20 05:00:00,14794.94988942339,16374.512633187062,13114.885606690206
2024-07-20 06:00:00,10170.244417176242,11169.525037003948,10292.106721993629
2024-07-20 07:00:00,7664.738700919995,8902.702594095705,7473.448469628938
2024-07-20 08:00:00,7664.738700919995,8902.702594095705,7473.448469628938
2024-07-20 09:00:00,7353.054029874103,10398.687375702462,7891.008252343149
2024-07-20 10:00:00,7790.505585332474,10521.298172465666,8343.457678322991
2024-07-20 11:00:00,8412.31736190609,11840.319219451061,9545.100098211115
2024-07-20 12:00:00,8412.31736190609,11840.319219451061,9545.100098211115
2024-07-20 13:00:00,8412.31736190609,12788.451746484796,10767.903034833103
2024-07-20 14:00:00,8582.5476897968,12938.20976645992,10101.758338298405
2024-07-20 15:00:00,8582.5476897968,12938.20976645992,10101.758338298405
2024-07-20 16:00:00,8497.89404031874,12075.190457752386,9795.49360697806
2024-07-20 17:00:00,8186.637438372958,11167.38790821171,9386.165369634518
2024-07-20 18:00:00,7373.61581079395,9776.679691605892,7686.005498980721
2024-07-20 19:00:00,7373.61581079395,9776.679691605892,7686.005498980721
2024-07-20 20:00:00,9668.11164527269,12762.95302391329,10335.546644731854
2024-07-20 21:00:00,10359.19728370354,15057.527165264211,12098.482757601907
2024-07-20 22:00:00,13499.366873083376,16991.293929615727,14848.342411585914
2024-07-20 23:00:00,15146.171520861957,18309.713483921718,15974.233838522807
2024-07-21 00:00:00,15371.856061409013,18554.684579247518,16571.965097719596
2024-07-21 01:00:00,15457.623471937222,19019.739305450006,17044.07653700535
2024-07-21 02:00:00,15747.419832741583,18981.332313949886,17079.4431639384
2024-07-21 03:00:00,15886.40707789554,18899.016046107718,17570.512065260304
2024-07-21 04:00:00,16069.957848734604,18875.0527180451,17570.512065260304
2024-07-21 05:00:00,16377.899583622115,18434.840887067727,17282.751346781504
2024-07-21 06:00:00,16463.90202608457,17949.01703819704,16888.30993656934
2024-07-21 07:00:00,16463.90202608457,17871.620714604338,16720.740839459042
2024-07-21 08:00:00,16459.836502633018,17410.52586185967,16550.667502211825
2024-07-21 09:00:00,15933.464425845936,17410.52586185967,16423.486274713207
2024-07-21 10:00:00,15855.933552931305,17967.128647439953,16550.667502211825
2024-07-21 11:00:00,15933.464425845936,17986.60467078149,16642.278716024728
2024-07-21 12:00:00,15809.417747420393,17986.60467078149,16642.278716024728
2024-07-21 13:00:00,16227.945003058123,17965.841809353362,15931.517907231568
2024-07-21 14:00:00,16075.784148470595,17430.914478144092,15760.476289072001
2024-07-21 15:00:00,16075.784148470595,17256.224141554503,15509.705358802868
2024-07-21 16:00:00,15762.396186395012,17163.758941088094,15509.705358802868
2024-07-21 17:00:00,15218.714451940104,17047.697863309655,15119.582716558842
2024-07-21 18:00:00,14603.80082116622,17047.697863309655,15119.582716558842
2024-07-21 19:00:00,14603.80082116622,17235.957896266176,15282.307683840825
2024-07-21 20:00:00,14603.80082116622,17235.957896266176,15458.290611369472
2024-07-21 21:00:00,14690.933490301331,17329.65598417123,15902.512537861781
2024-07-21 22:00:00,13725.794865347812,16648.09674431246,15902.512537861781
2024-07-21 23:00:00,13725.794865347812,16648.09674431246,15374.080147299528
2024-07-22 00:00:00,13375.200870038932,16395.980894661523,15000.541040748461
2024-07-22 01:00:00,14912.989752397028,17589.52202922386,16075.92806529118
2024-07-22 02:00:00,14466.552153136758,17401.051132044722,15918.407580468422
2024-07-22 03:00:00,14306.984131174077,17401.051132044722,15918.407580468422
2024-07-22 04:00:00,13998.577073385488,17832.15682908335,16177.99509679606
2024-07-22 05:00:00,13998.577073385488,18188.283544024864,16548.42950940264
2024-07-22 06:00:00,13996.31920018421,18188.283544024864,16548.42950940264
2024-07-22 07:00:00,13815.179288451935,17770.374310723837,15703.031317402469
2024-07-22 08:00:00,13231.087830533814,17383.08701714719,15548.831562624804
2024-07-22 09:00:00,12709.078073517554,15771.814038888177,14127.058264115083
2024-07-22 10:00:00,12397.338481737665,15138.49022740555,13520.604671375044
2024-07-22 11:00:00,12709.078073517554,14885.098819658251,13520.604671375044
2024-07-22 12:00:00,12397.338481737665,14885.098819658251,13520.604671375044
2024-07-22 13:00:00,11564.442502528076,14809.342264888945,13187.872045318642
2024-07-22 14:00:00,10830.33084771837,14587.376424923896,12167.085759251975
2024-07-22 15:00:00,9540.271557439437,14575.742481353805,11711.59276152472
2024-07-22 16:00:00,8155.339578661581,13102.899813815086,10381.948010459108
2024-07-22 17:00:00,7683.263138216263,10799.240478520385,9184.133443537652
2024-07-22 18:00:00,7336.4610663797675,10799.240478520385,7914.858351666953
2024-07-22 19:00:00,7336.4610663797675,10808.6988810353,7914.858351666953
2024-07-22 20:00:00,9003.58904470416,12733.306889353613,9650.568545829985
2024-07-22 21:00:00,9291.484286061614,13521.554125758597,10803.317920418669
2024-07-22 22:00:00,10539.163115891637,14721.798817916371,11441.90405870453
2024-07-22 23:00:00,11106.715062181094,15200.367218563804,12379.802122869743
2024-07-23 00:00:00,11608.498670728613,16183.080012859798,13356.460030333248
2024-07-23 01:00:00,15266.436299997806,19184.84718577293,17008.675725579902
2024-07-23 02:00:00,15431.69652224947,19116.680086743025,17021.036895818892
2024-07-23 03:00:00,15631.55193159535,18919.71458342205,17100.48798859292
2024-07-23 04:00:00,15702.712050595272,18823.3794364048,17021.036895818892
2024-07-23 05:00:00,15702.712050595272,18823.3794364048,17290.79260799539
2024-07-23 06:00:00,15674.756587021242,18751.942533977257,16876.053660726222
2024-07-23 07:00:00,15422.888867297195,18650.608424128914,16876.053660726222
2024-07-23 08:00:00,15306.487489728963,18451.69280503822,16866.044776314313
2024-07-23 09:00:00,15306.487489728963,18650.608424128914,16827.657315147597
2024-07-23 10:00:00,15306.487489728963,18598.529881129056,16389.425588694663
2024-07-23 11:00:00,15366.323289074258,18598.529881129056,16389.425588694663
2024-07-23 12:00:00,15366.323289074258,18542.86489279687,16735.41942518798
2024-07-23 13:00:00,15366.323289074258,18370.572720728087,16735.41942518798
2024-07-23 14:00:00,15549.813202313857,18357.92903075278,16780.10454947632
2024-07-23 15:00:00,15549.813202313857,17811.55198688468,16604.741981782936
2024-07-23 16:00:00,15011.454249324195,17811.55198688468,16604.741981782936
2024-07-23 17:00:00,15011.454249324195,17834.92548856543,16197.50907538818
2024-07-23 18:00:00,15229.68911381382,18077.77650226488,16197.50907538818
2024-07-23 19:00:00,15737.388525231196,18141.62566223742,16779.032389868615
2024-07-23 20:00:00,15737.388525231196,18294.022067644983,17418.57546804426
2024-07-23 21:00:00,15552.99101558558,18294.022067644983,17418.57546804426
2024-07-23 22:00:00,14836.66319461987,17951.206364370293,16627.440607870856
2024-07-23 23:00:00,13593.790243195546,17487.61818919902,16160.964487358768
2024-07-24 00:00:00,13444.455013262239,17377.709398548133,15931.589648591662
2024-07-24 01:00:00,12097.116981860512,15052.729418853403,13099.230530235036
2024-07-24 02:00:00,11726.75372780491,15037.227545786927,12257.752234398024
2024-07-24 03:00:00,11726.75372780491,15068.231291919878,12257.752234398024
2024-07-24 04:00:00,11726.75372780491,14743.501799643025,12257.752234398024
2024-07-24 05:00:00,11601.699202528383,13473.13989119004,10643.952884734961
2024-07-24 06:00:00,11455.328727660362,13473.13989119004,10643.952884734961
2024-07-24 07:00:00,10742.021326391225,13904.547751130345,10915.063231232742
2024-07-24 08:00:00,11378.769164759375,14035.989022957536,11113.580966907934
2024-07-24 09:00:00,10737.35540039992,13904.547751130345,10915.063231232742
2024-07-24 10:00:00,9414.63107816812,12585.596642333328,10661.282183807198
2024-07-24 11:00:00,7154.17312163739,10026.180157420724,7876.843021144647
2024-07-24 12:00:00,7154.17312163739,10026.180157420724,7876.843021144647
2024-07-24 13:00:00,7379.014085005767,10026.180157420724,8364.657699781712
2024-07-24 14:00:00,8234.649364757417,9585.14869231141,8364.657699781712
2024-07-24 15:00:00,7410.2833326208365,9585.14869231141,7695.106299652915
2024-07-24 16:00:00,7410.2833326208365,9532.656348649976,7695.106299652915
2024-07-24 17:00:00,7361.333244610945,9737.581265537523,7695.106299652915
2024-07-24 18:00:00,7361.333244610945,9567.223950463478,7385.094133951123
2024-07-24 19:00:00,8316.38498582939,9737.581265537523,7385.094133951123
2024-07-24 20:00:00,11009.429806043436,12768.222941262053,10049.021366805402
2024-07-24 21:00:00,11511.623473299074,14606.772095867744,12238.22056332035
2024-07-24 22:00:00,12459.336477244873,14606.772095867744,12684.386481931999
2024-07-24 23:00:00,12459.336477244873,14423.519666410142,12684.386481931999
2024-07-25 00:00:00,12119.956692964279,13901.871576802656,12054.99240793151
2024-07-25 01:00:00,13264.005572986614,16360.810985171129,13871.51413416793
2024-07-25 02:00:00,13053.815173387886,16346.928799305344,13937.968835161782
2024-07-25 03:00:00,13111.36593359319,15740.405461990344,13805.059433174076
2024-07-25 04:00:00,12923.453417203058,15119.542680399241,12306.239667020838
2024-07-25 05:00:00,12662.369315174503,14938.444509850975,11934.428301384074
2024-07-25 06:00:00,11867.158572622087,14305.065595757598,11531.115050096954
2024-07-25 07:00:00,10198.325712275395,12312.171271992767,9786.985509433869
2024-07-25 08:00:00,8282.204054543767,10519.664997289723,7405.006521545826
2024-07-25 09:00:00,5836.662944257938,6725.830477518985,4855.676601196171
2024-07-25 10:00:00,4441.268732206357,5158.568844713172,3180.479823764045
2024-07-25 11:00:00,3580.291815140683,4201.736929655399,2812.0084093193036
2024-07-25 12:00:00,2948.035973555754,3393.530062799655,2112.453547481881
2024-07-25 13:00:00,2948.035973555754,3393.530062799655,2112.453547481881
2024-07-25 14:00:00,2835.2744520158867,3723.3808201383363,2405.569313130607
2024-07-25 15:00:00,2835.2744520158867,3723.3808201383363,2515.2631544808837
2024-07-25 16:00:00,2835.2744520158867,3646.7129189659863,2444.552007470861
2024-07-25 17:00:00,2882.8026165067895,3220.5245586984893,2515.2631544808837
2024-07-25 18:00:00,3207.172263838327,3220.5245586984893,2517.2958649332177
2024-07-25 19:00:00,4006.7935669444196,3576.4107822755177,2902.197640760772
2024-07-25 20:00:00,4006.7935669444196,4244.944463418276,3256.217820883956
2024-07-25 21:00:00,4006.7935669444196,4342.666514528895,3623.211316373025
2024-07-25 22:00:00,5179.1076266480495,6136.576853027101,4482.926332309332
2024-07-25 23:00:00,5331.809490776522,6829.934370763393,5091.159803521005
2024-07-26 00:00:00,5710.871254238002,7550.774759919515,5395.989358609651
2024-07-26 01:00:00,7309.5903762122925,9640.630628475104,8348.152557525202
2024-07-26 02:00:00,7125.194876922861,9639.124454303055,8140.273077944592
2024-07-26 03:00:00,6297.663751861478,8858.780971019909,6682.432472759935
2024-07-26 04:00:00,5526.237331433215,7033.401863286229,5054.668773910477
2024-07-26 05:00:00,4875.144591436584,5984.58265265508,4202.595085905538
2024-07-26 06:00:00,4875.144591436584,5821.377710313445,4202.595085905538
2024-07-26 07:00:00,4724.496113462008,5339.187677069973,4202.595085905538
2024-07-26 08:00:00,4270.126630181727,5339.187677069973,4113.656256021655
2024-07-26 09:00:00,3973.070648645178,5136.564295924949,3836.572841068978
2024-07-26 10:00:00,3532.839646895707,4873.90716350814,3401.448864405262
2024-07-26 11:00:00,3532.839646895707,4831.901693405576,3401.448864405262
2024-07-26 12:00:00,3644.99498177279,4873.90716350814,3524.142946453415
2024-07-26 13:00:00,3644.99498177279,5182.310490161655,4164.5004319485415
2024-07-26 14:00:00,3644.99498177279,6496.894066411723,4442.584356471414
2024-07-26 15:00:00,3978.6798800665165,6787.738734179411,4900.779759927697
2024-07-26 16:00:00,4513.56437075657,6989.792083292228,4902.286030435043
2024-07-26 17:00:00,5703.826498825966,7516.840278829444,5240.150626678798
2024-07-26 18:00:00,5874.072003091156,8609.871760508857,5646.154184022446
2024-07-26 19:00:00,6918.023003547255,10307.81892412429,6644.240439449668
2024-07-26 20:00:00,8922.400278141045,12106.679093117615,9316.034607878577
2024-07-26 21:00:00,8993.572435542814,12409.73014872015,10354.604090200137
2024-07-26 22:00:00,8993.572435542814,12665.619540495398,10354.604090200137
2024-07-26 23:00:00,9950.358631866133,13563.981257526251,10671.83849617052
2024-07-27 00:00:00,9571.660055407712,13114.800399010825,10071.365520090552
2024-07-27 01:00:00,8579.908665994,11644.179723571764,8961.639361358284
2024-07-27 02:00:00,8825.48752204044,11716.266463959859,9096.255902049515
2024-07-27 03:00:00,9290.958294613309,11994.442051794114,9421.235023013305
2024-07-27 04:00:00,9290.958294613309,11994.442051794114,9421.235023013305
2024-07-27 05:00:00,8875.354529881275,11744.97342563282,9209.361113660767
2024-07-27 06:00:00,8875.354529881275,11662.407777307808,8891.043799310119
2024-07-27 07:00:00,8513.572059646249,11504.982321598089,8891.043799310119
2024-07-27 08:00:00,7945.67806085338,10981.097524532246,8501.540244859136
2024-07-27 09:00:00,7502.159514155235,10754.72550887488,8162.962721104108
2024-07-27 10:00:00,6623.033387187487,10591.258235440298,7739.8210293019765
2024-07-27 11:00:00,6623.033387187487,10591.258235440298,7739.8210293019765
2024-07-27 12:00:00,7099.0280494604995,10906.722142960447,8582.63454271328
2024-07-27 13:00:00,7118.262562163699,10951.333565329482,9067.475885859876
2024-07-27 14:00:00,7232.1408580364105,10951.333565329482,9067.475885859876
2024-07-27 15:00:00,7118.262562163699,10409.758261473376,8648.148554146313
2024-07-27 16:00:00,6061.329862022779,9108.194651079992,8157.892224320688
2024-07-27 17:00:00,5364.911970827066,7899.8066775744355,6963.763804849297
2024-07-27 18:00:00,5364.911970827066,7899.8066775744355,6326.374851428474
2024-07-27 19:00:00,6649.626319326721,8616.637999243661,6326.374851428474
2024-07-27 20:00:00,6961.201266076761,8982.724022826082,6457.108111868463
2024-07-27 21:00:00,7851.103716127493,10365.061760406656,8431.641411663095
2024-07-27 22:00:00,8720.174897574514,11834.806331801097,8449.174138813027
2024-07-27 23:00:00,10348.0173992216,13332.904514153675,10219.12090988456
2024-07-28 00:00:00,11058.492076400857,13878.549681838322,11014.185201365499
2024-07-28 01:00:00,9735.438763904756,13214.51912584956,10567.639917190532
2024-07-28 02:00:00,9681.215986035944,13321.7561292947,10341.074378662099
2024-07-28 03:00:00,9681.215986035944,13321.7561292947,10794.205455718964
2024-07-28 04:00:00,10070.315070872826,13751.514679866934,11265.618517619923
2024-07-28 05:00:00,10568.376572149591,14124.327295960791,11386.88315545409
2024-07-28 06:00:00,10568.376572149591,14124.327295960791,11265.618517619923
2024-07-28 07:00:00,10180.532325208302,13319.60162658948,10599.065954614025
2024-07-28 08:00:00,8935.638175022232,12559.710479037387,10033.04654910785
2024-07-28 09:00:00,8153.753376574837,11609.840383715282,9204.137020206028
2024-07-28 10:00:00,7935.610274201826,11130.86608393621,9204.137020206028
2024-07-28 11:00:00,7933.777388183107,10807.492272705207,9204.137020206028
2024-07-28 12:00:00,6860.7694829876755,9430.164167207757,8618.03078141049
2024-07-28 13:00:00,6860.7694829876755,9430.164167207757,8060.454698493778
2024-07-28 14:00:00,7300.355469800793,10456.360475992227,8060.454698493778
2024-07-28 15:00:00,8739.043713374222,12135.133094422627,9708.299284851544
2024-07-28 16:00:00,9871.862346881037,12290.09374227788,10612.446907357953
2024-07-28 17:00:00,9905.723115564295,12800.352364786893,11312.201364810498
2024-07-28 18:00:00,10433.68476960857,13255.112601486739,12034.553346325813
2024-07-28 19:00:00,10600.881008474353,13858.362526617422,12507.994784631579
2024-07-28 20:00:00,12569.027323933822,15799.923197667862,14590.133407335978
2024-07-28 21:00:00,13934.629067047856,17409.55079554206,16443.871885241388
2024-07-28 22:00:00,15116.76025849217,18587.308271475988,16857.345929542607
2024-07-28 23:00:00,15539.266111174828,19251.133477951586,18002.597079488885
2024-07-29 00:00:00,15644.402316658212,19395.963240891084,18152.276397350914
2024-07-29 01:00:00,16155.402104959892,18485.302346376797,17146.995439747097
2024-07-29 02:00:00,16421.355938962337,18685.522359201088,17200.215438356652
2024-07-29 03:00:00,16988.112571084253,18685.522359201088,17620.5734372718
2024-07-29 04:00:00,17008.89415578402,18728.06953789853,17699.85064280393
2024-07-29 05:00:00,17078.857566068888,18265.36079375127,17620.5734372718
2024-07-29 06:00:00,17078.857566068888,18533.046541259442,17699.85064280393
2024-07-29 07:00:00,16845.506512651482,18519.275038701322,17401.939356854462
2024-07-29 08:00:00,16845.506512651482,18531.615909766115,17351.176266414222
2024-07-29 09:00:00,17047.50865156042,18519.275038701322,17351.176266414222
2024-07-29 10:00:00,17047.50865156042,18189.148070160198,17170.108330879826
2024-07-29 11:00:00,16437.94645181761,18189.148070160198,16938.712155596466
2024-07-29 12:00:00,16311.574179598043,18313.99153456367,16936.819978509582
2024-07-29 13:00:00,16311.574179598043,18328.428878849754,16936.819978509582
2024-07-29 14:00:00,16311.574179598043,18328.428878849754,16936.819978509582
2024-07-29 15:00:00,15910.445625903387,17798.91893528771,16788.154145727276
2024-07-29 16:00:00,15278.19691287939,17469.08798422943,16496.41612439604
2024-07-29 17:00:00,15091.172869172962,17120.46815131647,16436.89354398404
2024-07-29 18:00:00,15091.172869172962,17120.46815131647,15714.382185619656
2024-07-29 19:00:00,14170.88306394957,17110.2299073751,15426.200822569228
2024-07-29 20:00:00,13467.883596652477,16580.527569998638,14798.498713252351
2024-07-29 21:00:00,13467.883596652477,16580.527569998638,14798.498713252351
2024-07-29 22:00:00,13428.345248714293,17540.93330742004,14744.317686068318
2024-07-29 23:00:00,13428.345248714293,17540.93330742004,14744.317686068318
2024-07-30 00:00:00,13052.964260019351,17294.27401819795,14595.937926290584
2024-07-30 01:00:00,12812.041890983714,15854.738814684042,13897.35998393333
2024-07-30 02:00:00,12904.643764147531,15694.233054377943,13717.758360964868
2024-07-30 03:00:00,12939.455910748335,15632.156617113911,13636.921035426212
2024-07-30 04:00:00,13263.323981302374,15632.156617113911,13563.814900157566
2024-07-30 05:00:00,13263.323981302374,15795.658917944585,13563.814900157566
2024-07-30 06:00:00,13202.29772702845,15795.658917944585,13981.459676695096
2024-07-30 07:00:00,12861.275835368928,15255.349155065975,13981.459676695096
2024-07-30 08:00:00,12734.86024374425,15255.349155065975,13981.459676695096
2024-07-30 09:00:00,12723.339110328383,15070.729633229903,13656.31532584518
2024-07-30 10:00:00,12723.339110328383,15552.45490992557,13656.31532584518
2024-07-30 11:00:00,12319.249121395515,15070.729633229903,13435.524762342024
2024-07-30 12:00:00,11980.730558591395,14922.443273952367,13025.896350163375
2024-07-30 13:00:00,10671.121500574485,14485.41053196503,12678.9355095137
2024-07-30 14:00:00,10649.440156509583,13439.89713578696,11369.811256813862
2024-07-30 15:00:00,10512.724033029832,12744.163232797682,10628.987217802527
2024-07-30 16:00:00,9613.61224827477,11902.260300552398,10330.475928079344
2024-07-30 17:00:00,9293.823173738236,11852.408027537367,9511.625244995032
2024-07-30 18:00:00,8546.307674072475,11667.029169090556,9016.369536713955
2024-07-30 19:00:00,8546.307674072475,11202.30440964647,8508.95941301314
2024-07-30 20:00:00,8604.969681518442,11202.30440964647,8508.95941301314
2024-07-30 21:00:00,8876.693784189381,12235.477227142535,9335.605074428164
2024-07-30 22:00:00,10551.70564181666,14473.02638374798,11078.969111806984
2024-07-30 23:00:00,11217.670540852669,14558.79197028505,11523.697200811524
2024-07-31 00:00:00,11464.11026465174,14624.102399656156,11697.24472331497
2024-07-31 01:00:00,12225.177275192962,16167.044787093277,13229.201451009467
2024-07-31 02:00:00,12256.282555931257,15911.183775052798,13097.783095226017
2024-07-31 03:00:00,12699.77418507487,15498.985379565884,13008.143625732937
2024-07-31 04:00:00,12699.77418507487,14870.915481356446,12452.474324186784
2024-07-31 05:00:00,12087.233151295728,14488.039222108513,12141.162706505615
2024-07-31 06:00:00,11039.259298393952,13401.566451549226,11051.426106306972
2024-07-31 07:00:00,11035.28339586705,12777.444455713754,10372.237407440094
2024-07-31 08:00:00,9205.399774212023,10938.07103217363,8200.290863644479
2024-07-31 09:00:00,6633.686495079101,7266.953368472345,4967.281027725105
2024-07-31 10:00:00,4972.089211339765,5169.190917584709,3588.569156650467
2024-07-31 11:00:00,3759.8053737293794,4603.1017380544545,3533.5684158995537
2024-07-31 12:00:00,3565.114958703649,4191.0767041405925,3481.00658973652
2024-07-31 13:00:00,3457.26168900793,3658.5079794092835,3053.0322172298993
2024-07-31 14:00:00,3457.26168900793,3658.5079794092835,3053.0322172298993
2024-07-31 15:00:00,4226.766981869152,4317.109525550879,3219.675043917738
2024-07-31 16:00:00,4586.600827354458,4317.109525550879,3382.7343915911333
2024-07-31 17:00:00,4865.390845054638,4317.109525550879,3389.199950013659
2024-07-31 18:00:00,5571.920265285057,5182.050253779889,4109.331673680248
2024-07-31 19:00:00,7769.447530498626,7484.76256497891,6015.019052424209
2024-07-31 20:00:00,10050.499527435859,11455.722041505376,8902.801511939566
2024-07-31 21:00:00,11636.026843273583,14128.875585391961,11004.765584895356
2024-07-31 22:00:00,12114.669000728169,15399.960293335695,12847.96358230625
2024-07-31 23:00:00,12612.622227690754,16368.702357505088,14143.7546437562
2024-08-01 00:00:00,13256.507675078174,16874.17449517882,14663.278490779647
2024-08-01 01:00:00,15034.119562826789,17790.65941755395,15606.249738284845
2024-08-01 02:00:00,14858.088906599052,17609.163293312522,15670.197274887334
2024-08-01 03:00:00,15191.692774784757,17609.163293312522,15670.197274887334
2024-08-01 04:00:00,14972.605749203989,17611.303975601997,16271.918723202665
2024-08-01 05:00:00,14972.605749203989,17611.303975601997,16271.918723202665
2024-08-01 06:00:00,14621.737465758706,17117.833610344984,15468.27992720771
2024-08-01 07:00:00,13167.995286966592,14716.047341411364,11688.89205982946
2024-08-01 08:00:00,9145.103252057055,13095.714753654467,9853.62302490134
2024-08-01 09:00:00,7780.4530511577095,11660.00359971405,8807.027223853593
2024-08-01 10:00:00,7014.461783009431,9067.133000724287,6836.229186847157
2024-08-01 11:00:00,5080.679107378357,6506.660203079003,4686.982270475052
2024-08-01 12:00:00,5080.679107378357,6506.660203079003,4686.982270475052
2024-08-01 13:00:00,5168.670817585057,5387.017376078884,4187.789594450895
2024-08-01 14:00:00,5882.766150665815,5387.017376078884,4337.752491449522
2024-08-01 15:00:00,5882.766150665815,5387.017376078884,4337.752491449522
2024-08-01 16:00:00,5882.766150665815,5588.012027934832,4591.562249064366
2024-08-01 17:00:00,5466.037461149236,5638.105749036342,4591.562249064366
2024-08-01 18:00:00,5466.037461149236,5970.485758746198,4591.562249064366
2024-08-01 19:00:00,8088.659010008632,8062.505238552791,6523.3212706436925
2024-08-01 20:00:00,10308.39036148237,10452.393224431997,9402.283882774893
2024-08-01 21:00:00,11268.916097442632,12151.927089515902,10171.007727390686
2024-08-01 22:00:00,11444.833245819102,12655.64015169656,11018.365862699435
2024-08-01 23:00:00,12551.419517841985,13937.846853187919,11769.833738156574
2024-08-02 00:00:00,12996.670601782382,14361.706654241982,12205.904496807852
2024-08-02 01:00:00,13978.408060413356,15416.712514979568,13373.93152439922
2024-08-02 02:00:00,14282.347336006758,15801.952091248975,13115.203153542245
2024-08-02 03:00:00,14282.347336006758,15801.952091248975,13115.203153542245
2024-08-02 04:00:00,13379.259219807225,14205.725025742455,12788.789408313867
2024-08-02 05:00:00,13131.412526993832,13774.674695172538,12082.950702523247
2024-08-02 06:00:00,12204.32460905945,12273.548673865553,11521.784158251734
2024-08-02 07:00:00,10155.847232311498,10578.985850445908,9150.872829670488
2024-08-02 08:00:00,8682.171872324227,9655.769712721374,7233.926533554386
2024-08-02 09:00:00,6387.995100743484,8210.033856660166,5576.628502805401
2024-08-02 10:00:00,4944.844529446512,5679.495793481628,3374.492279103096
2024-08-02 11:00:00,4061.0859905356538,4404.652817482198,3133.732287315384
2024-08-02 12:00:00,3447.1287341331936,3675.6330465849223,1888.174180424362
2024-08-02 13:00:00,3010.0567748496233,3539.9399622664587,1744.6958499782784
2024-08-02 14:00:00,2978.2685759348788,3414.565163572761,1660.4593604499248
2024-08-02 15:00:00,2978.2685759348788,3414.565163572761,1744.6958499782784
2024-08-02 16:00:00,2978.2685759348788,3187.6065235624446,2122.6850653161405
2024-08-02 17:00:00,3079.9392116244453,2935.0743437524343,2260.8249448002853
2024-08-02 18:00:00,3739.4124569973574,2935.0743437524343,2383.2826262348567
2024-08-02 19:00:00,4515.329790830629,3403.0644353869247,2409.8712827681074
2024-08-02 20:00:00,4638.388554007578,4218.9890948053035,3443.149504322964
2024-08-02 21:00:00,4878.251369856239,5055.895972827111,4233.061491833836
2024-08-02 22:00:00,5990.631439372872,6279.379428896133,5012.216307105736
2024-08-02 23:00:00,6293.548231536554,7323.256619594833,5487.745435368263
2024-08-03 00:00:00,6826.284954174124,8215.940062002483,6078.418320953744
2024-08-03 01:00:00,11607.700392315683,13421.549642978302,11752.288766324657
2024-08-03 02:00:00,12395.3238169151,14501.438021358526,12694.43820654602
2024-08-03 03:00:00,12658.337636682823,15544.64689076312,12694.43820654602
2024-08-03 04:00:00,12658.337636682823,15731.942415011277,12823.562986343833
2024-08-03 05:00:00,12111.475926785997,15544.64689076312,12533.258715310443
2024-08-03 06:00:00,11199.617632130447,13720.339996239027,11695.290741306864
2024-08-03 07:00:00,8061.329580558914,10674.205228584948,8439.435153115133
2024-08-03 08:00:00,7329.798204235075,10664.030524789336,8011.0787245008405
2024-08-03 09:00:00,6134.887040138505,8297.88551382006,6217.884572183618
2024-08-03 10:00:00,4532.904177860145,5526.992373941719,3481.0538070085886
2024-08-03 11:00:00,3314.6102576510493,3969.988205019821,2779.926885632303
2024-08-03 12:00:00,3184.4536819435143,3246.7439803967354,2565.780679074106
2024-08-03 13:00:00,3167.929086524142,3182.057387867171,2538.115252020064
2024-08-03 14:00:00,3167.929086524142,3013.534255235767,2538.115252020064
2024-08-03 15:00:00,2833.9139291195224,2982.8103467770234,2582.920311484595
2024-08-03 16:00:00,2833.9139291195224,2979.470101916504,2582.920311484595
2024-08-03 17:00:00,2622.894142719164,2913.8361845091713,2558.155861879094
2024-08-03 18:00:00,2622.894142719164,2921.2896892853314,2467.78822030815
2024-08-03 19:00:00,2802.2890862748955,2921.2896892853314,2467.78822030815
2024-08-03 20:00:00,2802.2890862748955,3095.7155540598305,2483.849176044742
2024-08-03 21:00:00,2802.2890862748955,3226.6406994384724,2815.312829899443
2024-08-03 22:00:00,3154.6260750818856,3629.956330312416,2886.1981304968394
2024-08-03 23:00:00,3154.6260750818856,3629.956330312416,2886.1981304968394
2024-08-04 00:00:00,2956.744622964512,3331.5988291983513,2612.9748521491715
2024-08-04 01:00:00,3150.7093138288637,3295.4570778776397,2421.963605698659
2024-08-04 02:00:00,2761.8375361556864,3289.8682148973203,2376.3466091929026
2024-08-04 03:00:00,2630.58892879781,3116.7789155891314,1964.3483399074867
2024-08-04 04:00:00,2437.501925629078,2912.415638554181,1553.0738591278412
2024-08-04 05:00:00,2404.521221378145,2787.255531802264,1553.0738591278412
2024-08-04 06:00:00,2367.3228227304844,2787.255531802264,1662.8338667259297
2024-08-04 07:00:00,2367.3228227304844,2796.5311180933913,1764.8476014658113
2024-08-04 08:00:00,2367.3228227304844,2796.5311180933913,1764.8476014658113
2024-08-04 09:00:00,2399.773697109724,2353.468289035187,1716.4717508482797
2024-08-04 10:00:00,2436.8550016660756,2113.503207150996,1548.347105643293
2024-08-04 11:00:00,2409.296942416491,2067.755847273009,1453.9220901271672
2024-08-04 12:00:00,2409.296942416491,2067.755847273009,1453.9220901271672
2024-08-04 13:00:00,2409.296942416491,2067.755847273009,1472.9120390396265
2024-08-04 14:00:00,2270.9285724945676,2275.149264520467,1624.5220311871485
2024-08-04 15:00:00,2428.4119149942617,2275.149264520467,1624.5220311871485
2024-08-04 16:00:00,2428.4119149942617,2275.149264520467,1624.5220311871485
2024-08-04 17:00:00,2507.52222386002,2276.4440624865965,1625.0939064564475
2024-08-04 18:00:00,2537.1733805553304,2315.5601258596635,1625.0939064564475
2024-08-04 19:00:00,2548.9214901332107,2571.3943500615114,1653.6176462449005
2024-08-04 20:00:00,2575.890668827995,2612.9306347208894,1653.6176462449005
2024-08-04 21:00:00,2601.68802037999,2612.9306347208894,1964.7587593551743
2024-08-04 22:00:00,2656.2267682396705,2403.569037269728,2087.9914446348002
2024-08-04 23:00:00,2656.2267682396705,2382.2284404728,2087.9914446348002
2024-08-05 00:00:00,2638.9917701381964,2392.898738871264,1775.1854126264293
2024-08-05 01:00:00,2735.82613247057,2841.9898817461108,1870.3700106027218
2024-08-05 02:00:00,2820.235044979643,2876.503682382725,1972.374448781939
2024-08-05 03:00:00,2867.721689343194,2876.503682382725,1972.374448781939
2024-08-05 04:00:00,2867.721689343194,2846.8516090850426,1972.374448781939
2024-08-05 05:00:00,2796.5942050310114,2537.6021698630484,1751.9109379426282
2024-08-05 06:00:00,2673.6039642713113,2796.5221045120998,1824.3975962656853
2024-08-05 07:00:00,2439.571794362684,2796.5221045120998,1824.3975962656853
2024-08-05 08:00:00,2604.850645424749,2815.249836589086,1824.3975962656853
2024-08-05 09:00:00,2447.977038578332,2815.249836589086,1545.9980705062449
2024-08-05 10:00:00,2505.1680963774743,2197.740983809028,1545.9980705062449
2024-08-05 11:00:00,2447.977038578332,2187.8100774175055,1656.5614158324495
2024-08-05 12:00:00,2349.6580077518884,2187.8100774175055,1710.987545974308
2024-08-05 13:00:00,2257.751837931606,2251.7546769879937,1656.5614158324495
2024-08-05 14:00:00,2257.751837931606,2357.0249346175497,1640.6794972175246
2024-08-05 15:00:00,2657.383543386479,2381.282171581928,1417.586370279352
2024-08-05 16:00:00,2691.920604217241,2381.282171581928,1417.586370279352
2024-08-05 17:00:00,2835.6747961589317,2381.282171581928,1635.0789733684067
2024-08-05 18:00:00,2835.6747961589317,2702.533822904694,1830.7843911923942
2024-08-05 19:00:00,2835.6747961589317,2848.0494993066604,1830.7843911923942
2024-08-05 20:00:00,2924.871758074707,3005.9940906048105,1830.7843911923942
2024-08-05 21:00:00,2993.66417711989,3041.188114609884,1947.3571483031951
2024-08-05 22:00:00,3561.642979137767,3041.188114609884,2437.7972829659684
2024-08-05 23:00:00,3740.8455538742055,3204.965589409787,2527.3167995583317
2024-08-06 00:00:00,3772.9019456089964,3271.6057513466285,2533.0093571572734
2024-08-06 01:00:00,4118.392366257319,3015.93197117578,2528.9126305602394
2024-08-06 02:00:00,4074.681153858148,2988.9746821816298,2448.6438321431333
2024-08-06 03:00:00,3499.020519899992,2747.263312339106,2108.6319983171534
2024-08-06 04:00:00,3022.657473704161,2661.5196308018294,1735.99769282667
2024-08-06 05:00:00,2781.7881282774815,2661.5196308018294,1688.9229018480132
2024-08-06 06:00:00,2565.190030568283,2756.0658598927366,1688.9229018480132
2024-08-06 07:00:00,2500.277794666443,2756.0658598927366,1695.2728810128099
2024-08-06 08:00:00,2419.0807641149604,2524.018226087379,1695.2728810128099
2024-08-06 09:00:00,2296.374498410518,2376.944012709695,1265.8151591885223
2024-08-06 10:00:00,2287.426548432779,2214.7052507095596,1265.8151591885223
2024-08-06 11:00:00,2296.374498410518,2214.7052507095596,1600.914404760551
2024-08-06 12:00:00,2287.426548432779,2214.7052507095596,1600.914404760551
2024-08-06 13:00:00,2215.645888325278,2037.622595981904,1560.7354230395633
2024-08-06 14:00:00,2175.9928845313734,2037.622595981904,1433.207067902372
2024-08-06 15:00:00,2137.7053973222773,2381.4540126585016,1433.207067902372
2024-08-06 16:00:00,2137.7053973222773,2480.1095079242186,1808.3748295893563
2024-08-06 17:00:00,2459.2018291329823,2756.334788996155,1808.3748295893563
2024-08-06 18:00:00,2471.155549803694,2819.1861333333472,1805.0359917772337
2024-08-06 19:00:00,2632.422816700593,3067.8538695533916,1805.0359917772337
2024-08-06 20:00:00,2649.9649830587605,3103.011185113095,1896.7896121857455
2024-08-06 21:00:00,2848.6641372771974,3219.830128519565,1999.335953496968
2024-08-06 22:00:00,3453.967806095334,3395.6936569814206,2156.984322909693
2024-08-06 23:00:00,3453.967806095334,3395.6936569814206,2238.9834070435363
2024-08-07 00:00:00,3445.3657637518672,3506.3537027404527,2329.18654415827
2024-08-07 01:00:00,5553.980307050486,5391.045388800024,3986.7083706373037
2024-08-07 02:00:00,5852.983789908292,5725.995778016137,4126.806872927489
2024-08-07 03:00:00,5852.983789908292,5725.995778016137,4470.267033046846
2024-08-07 04:00:00,5420.385768523398,5710.295962941134,4470.267033046846
2024-08-07 05:00:00,5018.08857838051,5233.741281891142,4246.7263528568665
2024-08-07 06:00:00,4978.506929642561,4617.031549509338,3481.771815457608
2024-08-07 07:00:00,4275.761160071923,4192.33607489832,3218.6485648601706
2024-08-07 08:00:00,3555.343095705657,4006.749879230396,2680.096596309418
2024-08-07 09:00:00,2967.8082679843883,2907.048974187759,2309.957209480505
2024-08-07 10:00:00,2947.2315166586613,2739.182549091389,2117.542272212372
2024-08-07 11:00:00,2724.218766917844,2769.7449169203064,2114.3923514260287
2024-08-07 12:00:00,2724.218766917844,2769.7449169203064,2114.3923514260287
2024-08-07 13:00:00,2858.5340250010977,3204.917356692924,2020.4598092492263
2024-08-07 14:00:00,2863.9767279131793,3300.229462686437,2020.4598092492263
2024-08-07 15:00:00,3112.7544350451863,3448.14957864753,2189.0915205675174
2024-08-07 16:00:00,3739.894326836509,3542.0200730965935,2429.7672659341115
2024-08-07 17:00:00,4063.661957330889,3563.6882139369445,2658.6312876231013
2024-08-07 18:00:00,4567.467245777113,4003.3089387472974,3186.8355285988787
2024-08-07 19:00:00,4590.65249383183,4934.642497010394,3764.9692133335448
2024-08-07 20:00:00,4741.556960884556,5069.59783342523,3779.3182811889005
2024-08-07 21:00:00,5393.565298777568,5950.17797206511,4520.559688656715
2024-08-07 22:00:00,6368.695040824568,6398.931926791802,4798.084778230354
2024-08-07 23:00:00,6618.830194710392,6517.842726902496,4866.741811909177
2024-08-08 00:00:00,6740.630944661649,6687.411424789252,5276.3981852790475
2024-08-08 01:00:00,7707.958932554842,9218.764658845106,6476.090428534508
2024-08-08 02:00:00,8022.580882535082,9657.496780330433,6882.295778593446
2024-08-08 03:00:00,9059.783014713237,11464.480257196754,7964.999106709835
2024-08-08 04:00:00,9723.959241400207,11505.055470811647,8821.604634458005
2024-08-08 05:00:00,9723.959241400207,11776.229244431679,9229.693314852815
2024-08-08 06:00:00,9320.40055207737,11776.229244431679,9229.693314852815
2024-08-08 07:00:00,7593.891887055721,9993.972736225318,7295.605142524958
2024-08-08 08:00:00,5272.242728183849,7634.9631299454395,5359.870717773357
2024-08-08 09:00:00,4493.247130248476,6511.081170907404,4526.411924508087
2024-08-08 10:00:00,3993.3327301731533,4016.620934266248,2947.3490523616233
2024-08-08 11:00:00,3317.741593705472,3585.371574131281,1885.7409269247391
2024-08-08 12:00:00,2808.921668006451,3457.75900976137,1681.1621164887417
2024-08-08 13:00:00,2529.3515670218967,3101.5002566153144,1681.1621164887417
2024-08-08 14:00:00,2529.3515670218967,3101.5002566153144,1953.652127369388
2024-08-08 15:00:00,2680.541337292869,3138.1121347915014,2367.5810077699957
2024-08-08 16:00:00,2680.541337292869,3436.466026925902,2443.018563886751
2024-08-08 17:00:00,2888.2121674533973,3618.6324896409333,2980.8999582451993
2024-08-08 18:00:00,2987.014493490622,4305.603255560123,3163.757150123783
2024-08-08 19:00:00,2988.1581105523765,4305.603255560123,3163.757150123783
2024-08-08 20:00:00,3012.101281249923,4230.176582354181,3137.3303559973688
2024-08-08 21:00:00,3136.123605361916,4199.150286200631,2877.978366945439
2024-08-08 22:00:00,3325.8666351179454,3963.4576647533722,2877.978366945439
2024-08-08 23:00:00,3325.8666351179454,3949.6942185899916,2854.24626736168
2024-08-09 00:00:00,3329.8452821668207,3848.908726600176,2943.921853619507
2024-08-09 01:00:00,3675.0144345046747,4247.727311274061,2716.096514014497
2024-08-09 02:00:00,3447.544195960407,3935.7244278663366,2593.467475509248
2024-08-09 03:00:00,3427.4514359399072,3935.7244278663366,2589.8702943973335
2024-08-09 04:00:00,3427.4514359399072,3755.354804245131,2445.1535389967435
2024-08-09 05:00:00,3427.4514359399072,3755.354804245131,2445.1535389967435
2024-08-09 06:00:00,2950.1230017191483,3508.042513145925,2138.432213026912
2024-08-09 07:00:00,2614.2613958956663,3219.7940335842923,1832.6100298765223
2024-08-09 08:00:00,2317.1347563382515,3040.698955736829,1832.6100298765223
2024-08-09 09:00:00,2196.070493010542,2803.9280959009284,1832.6100298765223
2024-08-09 10:00:00,2128.525223674771,2688.655267621154,1334.4643662711633
2024-08-09 11:00:00,2121.2219530065267,2302.0266305923196,1334.4643662711633
2024-08-09 12:00:00,2128.525223674771,2302.0266305923196,2005.3711259743488
2024-08-09 13:00:00,2397.6967755750193,2434.8866107031718,2025.910322732941
2024-08-09 14:00:00,2540.52268425719,2824.6963116734896,2095.870624689868
2024-08-09 15:00:00,2540.52268425719,2824.6963116734896,2315.787009971275
2024-08-09 16:00:00,2395.221972146701,2595.83276179683,2315.787009971275
2024-08-09 17:00:00,2316.9974943911657,2595.83276179683,2067.905556104008
2024-08-09 18:00:00,2316.9974943911657,2684.864079720559,2067.905556104008
2024-08-09 19:00:00,2987.947996462368,3092.1956128016336,2087.149862438571
2024-08-09 20:00:00,3009.7264285325127,3092.1956128016336,2087.149862438571
2024-08-09 21:00:00,2987.947996462368,3092.1956128016336,2123.2026419498875
2024-08-09 22:00:00,3060.4144463902867,3146.710074716024,2278.14381832701
2024-08-09 23:00:00,3330.8078527339258,3328.7223652625944,2278.14381832701
2024-08-10 00:00:00,3430.386176952976,3432.5717679247873,2257.342251211824
2024-08-10 01:00:00,3883.005538801852,3320.9200900890737,2106.4236389889297
2024-08-10 02:00:00,3862.1659344901072,3371.7151070478285,2144.977116758484
2024-08-10 03:00:00,3617.194350019383,3433.801516170066,2290.395693608728
2024-08-10 04:00:00,3370.741848708456,3382.5674856389214,2290.395693608728
2024-08-10 05:00:00,3170.3731696609793,3382.5674856389214,2061.9405074922906
2024-08-10 06:00:00,2617.64124691339,3151.7397507848145,1988.5536160295237
2024-08-10 07:00:00,2610.5500505996024,3146.7379542451836,1988.5536160295237
2024-08-10 08:00:00,2617.64124691339,3146.7379542451836,2034.9014858629423
2024-08-10 09:00:00,2675.079713363588,2954.206295335327,2034.9014858629423
2024-08-10 10:00:00,2687.4684852277005,2802.756687906587,1858.2044898403676
2024-08-10 11:00:00,2687.4684852277005,2396.553025263818,1858.2044898403676
2024-08-10 12:00:00,2486.248598306911,2386.8312603247723,1893.1624675944825
2024-08-10 13:00:00,2414.885504018259,2386.8312603247723,2124.468505685369
2024-08-10 14:00:00,2414.885504018259,2386.8312603247723,2275.0426794708123
2024-08-10 15:00:00,2345.56774789512,2372.824507122954,2275.0426794708123
2024-08-10 16:00:00,2456.229063462244,2809.4501520685826,2151.4050406797946
2024-08-10 17:00:00,2466.608399169925,2696.3811149827798,2146.6165660633833
2024-08-10 18:00:00,2775.9727309002847,2809.4501520685826,2146.6165660633833
2024-08-10 19:00:00,2872.741168010052,3146.0609392423557,2422.5123678589434
2024-08-10 20:00:00,3058.410490900036,3164.5237824831747,2460.905892584784
2024-08-10 21:00:00,3071.140927440312,3164.5237824831747,2570.5493976674193
2024-08-10 22:00:00,3341.1523585157156,3064.699042671413,2577.1877371390965
2024-08-10 23:00:00,3400.611328614381,3039.482454796953,2577.1877371390965
2024-08-11 00:00:00,3370.9399249717453,3024.2652872240697,2381.6612727562742
2024-08-11 01:00:00,3457.08744659435,2965.515163045602,2580.2974774274053
2024-08-11 02:00:00,3477.2960218159496,3014.7651333927697,2629.6969216655266
2024-08-11 03:00:00,3477.2960218159496,3307.78476031452,2629.6969216655266
2024-08-11 04:00:00,3466.3265935165255,3307.78476031452,2216.6299765331128
2024-08-11 05:00:00,3030.5715620849405,2977.672622866916,2121.4447358618054
2024-08-11 06:00:00,2694.4388412870358,2858.711763748499,2121.4447358618054
2024-08-11 07:00:00,2620.6796321039565,2808.9173135771052,1807.6270546511228
2024-08-11 08:00:00,2558.9776691942316,2624.927150704829,1807.6270546511228
2024-08-11 09:00:00,2605.3994164053147,2372.0166466897044,1834.8698921143025
2024-08-11 10:00:00,2605.3994164053147,2372.0166466897044,1853.0060685141832
2024-08-11 11:00:00,2610.4488323835976,2412.1804075135533,2007.0251435724551
2024-08-11 12:00:00,3094.790525086073,2565.877787140649,2527.5705589061936
2024-08-11 13:00:00,3094.790525086073,2597.7823077251596,2527.5705589061936
2024-08-11 14:00:00,3105.109185363164,2627.6457276965557,2487.200021076376
2024-08-11 15:00:00,3082.3851724807737,2627.6457276965557,2407.9161408507753
2024-08-11 16:00:00,2612.025418094174,2362.6182512590785,2407.9161408507753
2024-08-11 17:00:00,2612.025418094174,2362.6182512590785,2328.482482965928
2024-08-11 18:00:00,2612.025418094174,2903.2425654348626,2328.482482965928
2024-08-11 19:00:00,2652.3886296866203,2971.0686534586057,2309.2649294695543
2024-08-11 20:00:00,2575.8848352682417,3053.9981510036523,2033.8142659157838
2024-08-11 21:00:00,2652.3886296866203,3053.9981510036523,2033.8142659157838
2024-08-11 22:00:00,2702.4368088938845,2970.013876663579,2075.003084032135
2024-08-11 23:00:00,2702.4368088938845,2694.074469118852,2075.003084032135
2024-08-12 00:00:00,2827.4965854234433,2547.783351578584,1951.589172593385
2024-08-12 01:00:00,3032.581679796549,2816.5813267179556,1755.9726803417325
2024-08-12 02:00:00,3068.9822481686333,2693.175037722047,1789.2339988281103
2024-08-12 03:00:00,3068.9822481686333,2693.175037722047,1789.2339988281103
2024-08-12 04:00:00,3103.37398395946,2923.9207344724546,2126.7663362265466
2024-08-12 05:00:00,3103.37398395946,2923.9207344724546,2126.7663362265466
2024-08-12 06:00:00,2887.7437666823207,2818.1964432964105,1904.3945150399572
2024-08-12 07:00:00,2482.4908749363603,2639.4851315780234,1819.1587425034163
2024-08-12 08:00:00,2200.4860696547294,2632.2033495760297,1819.1587425034163
2024-08-12 09:00:00,2200.4860696547294,2354.9404453953794,1846.6667920875973
2024-08-12 10:00:00,2230.3831802681034,2354.9404453953794,1932.2634853836385
2024-08-12 11:00:00,2265.1022403962397,2354.9404453953794,1854.4995624221096
2024-08-12 12:00:00,2299.966135504108,2307.947439201256,1911.594559775187
2024-08-12 13:00:00,2465.6742005744945,2307.947439201256,1911.594559775187
2024-08-12 14:00:00,2465.6742005744945,2451.9077750548313,2180.6563900923034
2024-08-12 15:00:00,2361.1759519122625,2451.9077750548313,2180.6563900923034
2024-08-12 16:00:00,2180.359175329273,2202.011075764118,1894.3224797890439
2024-08-12 17:00:00,2180.359175329273,2202.011075764118,1738.3727053219457
2024-08-12 18:00:00,2205.9674497471715,2401.07803745411,1521.7075962161598
2024-08-12 19:00:00,2529.2585602163635,2511.136334115732,1521.7075962161598
2024-08-12 20:00:00,2529.2585602163635,2592.086164949911,2055.07112287862
2024-08-12 21:00:00,2507.819140058973,3009.6879264565523,2186.623607192637
2024-08-12 22:00:00,2391.521071985955,3035.530450673672,2186.623607192637
2024-08-12 23:00:00,2391.521071985955,3009.6879264565523,2054.2921584550663
2024-08-13 00:00:00,2411.550037407943,2918.858517193841,1986.1509723468607
2024-08-13 01:00:00,2559.2302971493755,2434.5455896569447,2036.9118246203097
2024-08-13 02:00:00,2532.683130093743,2557.800496067852,1892.9073342659153
2024-08-13 03:00:00,2532.683130093743,2654.890635169666,1978.0531223136786
2024-08-13 04:00:00,2289.95086322546,2713.6704123599375,1890.8329511923623
2024-08-13 05:00:00,2261.9361394515745,2813.951243721187,1825.1181908568612
2024-08-13 06:00:00,2222.7106160956664,2887.414560629688,1825.1181908568612
2024-08-13 07:00:00,2222.7106160956664,2813.951243721187,1765.1128322447864
2024-08-13 08:00:00,2194.5721638980012,2722.715419180113,1857.1585593062484
2024-08-13 09:00:00,2135.892991042423,2276.862031257957,2001.059001465001
2024-08-13 10:00:00,2054.7217892629815,2257.048857663607,2064.7647501095744
2024-08-13 11:00:00,2054.7217892629815,2199.4461254489433,2001.059001465001
2024-08-13 12:00:00,2190.2956947896128,2257.048857663607,1945.0097803331987
2024-08-13 13:00:00,2196.3332691924843,2412.435448483682,1945.0097803331987
2024-08-13 14:00:00,2190.2956947896128,2569.8534745230645,2166.9863330695816
2024-08-13 15:00:00,2188.1846525986693,2569.8534745230645,2166.9863330695816
2024-08-13 16:00:00,2073.1539723318765,2380.8093888440835,2217.4785115504455
2024-08-13 17:00:00,2073.1539723318765,2380.8093888440835,2023.080553256718
2024-08-13 18:00:00,2735.1029484308,2633.1767512549686,2123.893655681609
2024-08-13 19:00:00,2735.1029484308,2688.5300784802657,2123.893655681609
2024-08-13 20:00:00,2759.0635552454314,2917.69455462137,2316.690671412639
2024-08-13 21:00:00,2799.412591791901,2941.972740126508,2385.840013999758
2024-08-13 22:00:00,2799.412591791901,2962.814856930243,2385.840013999758
2024-08-13 23:00:00,2724.9770164753263,3231.5074191808308,2271.481933625801
2024-08-14 00:00:00,2668.9752275553274,3236.635007668223,2136.2643087020724
2024-08-14 01:00:00,2413.25831828221,2802.5034439331666,1671.8882560928355
2024-08-14 02:00:00,2176.028424210417,2870.6439138122187,1604.952345303644
2024-08-14 03:00:00,2176.028424210417,2870.6439138122187,1513.9736857513385
2024-08-14 04:00:00,2265.1484430678156,2842.5137427467125,1513.9736857513385
2024-08-14 05:00:00,2462.5755249170506,2786.9338285877184,1513.9736857513385
2024-08-14 06:00:00,2493.8029377032326,2806.4750823190316,1544.506489315906
2024-08-14 07:00:00,2482.63153514003,2806.4750823190316,1657.8167165793018
2024-08-14 08:00:00,2578.1350430850634,2806.4750823190316,1709.303901994802
2024-08-14 09:00:00,2482.63153514003,2613.564475483641,1949.8518300325986
2024-08-14 10:00:00,2432.1381937553087,2562.8154635726623,2211.351448288982
2024-08-14 11:00:00,2372.5698944938504,2562.8154635726623,2211.351448288982
2024-08-14 12:00:00,2372.5698944938504,2653.1237835022803,2102.537448581158
2024-08-14 13:00:00,2582.752653320036,2774.2337984461974,2099.3544526673
2024-08-14 14:00:00,2582.752653320036,2824.4325134062474,2099.3544526673
2024-08-14 15:00:00,2457.2365141937917,2790.831716060089,2007.1731235053032
2024-08-14 16:00:00,2457.2365141937917,2790.831716060089,1990.6639709729943
2024-08-14 17:00:00,2469.250687553531,2418.2454201200853,1823.9940873451076
2024-08-14 18:00:00,2495.2824682016253,2418.2454201200853,1823.9940873451076
2024-08-14 19:00:00,2495.2824682016253,2684.10054720092,1823.9940873451076
2024-08-14 20:00:00,2495.2824682016253,2711.0807845649615,1801.453866367471
2024-08-14 21:00:00,2534.295698895643,2871.193363620423,1782.034018931111
2024-08-14 22:00:00,2534.295698895643,2871.193363620423,1760.2018538538393
2024-08-14 23:00:00,2534.295698895643,2747.6349615073977,1699.1378466098224
2024-08-15 00:00:00,2509.728220322566,2711.4464747363536,1677.5472160709123
2024-08-15 01:00:00,2629.2751923183014,3100.3652511408172,1867.9687627001704
2024-08-15 02:00:00,2592.2856982690555,3038.567902654815,1792.1008735931425
2024-08-15 03:00:00,2547.4277533141794,2943.4699758918487,1764.3208692594178
2024-08-15 04:00:00,2547.4277533141794,2943.4699758918487,1600.397179251743
2024-08-15 05:00:00,2674.418399648923,2963.694587261076,1764.3208692594178
2024-08-15 06:00:00,2836.4567670088963,3021.033981713439,1600.397179251743
2024-08-15 07:00:00,2836.4567670088963,3021.033981713439,1757.9907451708875
2024-08-15 08:00:00,2453.318471817556,2579.1334828262698,1757.9907451708875
2024-08-15 09:00:00,2417.9625073466177,2437.012140035513,1760.0992648342724
2024-08-15 10:00:00,2417.9625073466177,2437.012140035513,1823.1107318113463
2024-08-15 11:00:00,2433.2653509050233,2485.6038731781828,1823.1107318113463
2024-08-15 12:00:00,2690.616904818984,2595.3356661525613,2093.7136629220736
2024-08-15 13:00:00,2761.8506001925343,2609.5691281582276,2303.524835019781
2024-08-15 14:00:00,2898.185798045355,2609.5691281582276,2303.524835019781
2024-08-15 15:00:00,2761.8506001925343,2740.711126648508,2218.79231094239
2024-08-15 16:00:00,2354.4657467552825,2740.711126648508,2012.9085569926103
2024-08-15 17:00:00,2312.1383529846717,2457.2303351453393,1845.7048681481785
2024-08-15 18:00:00,2148.6991755353756,2457.2303351453393,1686.8969987911676
2024-08-15 19:00:00,2148.6991755353756,2575.701246848168,1569.596007294364
2024-08-15 20:00:00,2258.7571082379873,2793.4496670328863,1569.596007294364
2024-08-15 21:00:00,2488.019277424113,2828.583876353521,1882.6152638214
2024-08-15 22:00:00,2488.019277424113,2862.3088148519055,2088.4691094321533
2024-08-15 23:00:00,2631.3444018727496,3049.6857873031076,2099.8515604934582
2024-08-16 00:00:00,2580.1388639079805,2955.9973010775066,2135.712932123103
2024-08-16 01:00:00,2476.670527098019,3141.1535024486902,1779.648421300375
2024-08-16 02:00:00,2402.2204504400397,3193.5344588584103,1824.920211829745
2024-08-16 03:00:00,2402.2204504400397,3193.5344588584103,2135.4649067615246
2024-08-16 04:00:00,2617.6278101272874,3077.5653005888616,2240.557015586274
2024-08-16 05:00:00,2646.0438027714554,3077.5653005888616,2289.413025062595
2024-08-16 06:00:00,2617.6278101272874,3077.5653005888616,2270.589302504486
2024-08-16 07:00:00,2549.922824720077,2992.3363949910618,2270.589302504486
2024-08-16 08:00:00,2425.216446787761,2859.9191702082626,1975.019504104253
2024-08-16 09:00:00,2333.5226100245327,2687.792622814497,1896.203265605741
2024-08-16 10:00:00,2333.5226100245327,2634.8354247009484,1679.4919140621355
2024-08-16 11:00:00,2484.644892389437,2687.792622814497,1679.4919140621355
2024-08-16 12:00:00,2733.4385102262986,2826.995794342578,1923.8569402616376
2024-08-16 13:00:00,2733.4385102262986,2837.7071112711856,2126.670530552437
2024-08-16 14:00:00,2544.5380118481735,2870.1645657488098,2126.670530552437
2024-08-16 15:00:00,2544.5380118481735,2934.887497858459,2100.2704674543984
2024-08-16 16:00:00,2544.5380118481735,2873.9512258103223,2100.2704674543984
2024-08-16 17:00:00,2355.831601445212,2873.9512258103223,2096.5421298236056
2024-08-16 18:00:00,2355.831601445212,2744.806080397222,1635.0440231645393
2024-08-16 19:00:00,2391.099373278019,2744.806080397222,1635.0440231645393
2024-08-16 20:00:00,2459.707019292897,2842.3716907456383,1731.9722934418087
2024-08-16 21:00:00,2473.48876584121,2842.3716907456383,1752.5065801695944
2024-08-16 22:00:00,2658.125360273343,2888.92088342486,1752.5065801695944
2024-08-16 23:00:00,2658.125360273343,2912.7917342095316,1752.5065801695944
2024-08-17 00:00:00,2544.2519206533734,2960.012012423702,1644.1169407496618
2024-08-17 01:00:00,2480.9058758545543,2791.812752068671,1789.0673049688999
2024-08-17 02:00:00,2556.553028942835,2773.432597833411,1827.157667292178
2024-08-17 03:00:00,2634.18999391334,2773.432597833411,1827.157667292178
2024-08-17 04:00:00,2634.18999391334,2697.4107007074363,1649.146694672017
2024-08-17 05:00:00,2431.513916758977,2697.4107007074363,1622.1161742299623
2024-08-17 06:00:00,2416.64978199335,2697.4107007074363,1649.146694672017
2024-08-17 07:00:00,2294.1089682383117,2595.715924299475,1622.1161742299623
2024-08-17 08:00:00,2287.7930702354515,2494.4084627189186,1620.9572963366086
2024-08-17 09:00:00,2220.782218392722,2232.036061471299,1603.1197138131718
2024-08-17 10:00:00,2220.782218392722,2232.036061471299,1603.1197138131718
2024-08-17 11:00:00,2400.1136542383338,2324.250662805822,1710.1947977811271
2024-08-17 12:00:00,2487.064221007993,2844.8768871145658,2013.568461471846
2024-08-17 13:00:00,2553.323584993288,2844.8768871145658,2351.18561978536
2024-08-17 14:00:00,2487.064221007993,2828.5049650281744,2351.18561978536
2024-08-17 15:00:00,2473.336043375837,2618.2407095097806,2155.2897861216165
2024-08-17 16:00:00,2219.473146179711,2554.8247220927624,2145.5724459899484
2024-08-17 17:00:00,2186.3137554930654,2470.8979342686944,1664.6314983070724
2024-08-17 18:00:00,2144.071303998988,2470.8979342686944,1570.3438438184037
2024-08-17 19:00:00,2186.3137554930654,2770.846732730979,1570.3438438184037
2024-08-17 20:00:00,2159.0491053042315,2770.846732730979,1516.1587804206824
2024-08-17 21:00:00,2160.728521494544,2781.38550160416,1433.6960531931256
2024-08-17 22:00:00,2160.728521494544,2766.6037627620717,1301.622714218051
2024-08-17 23:00:00,2283.597707506602,2713.3301135323127,1301.622714218051
2024-08-18 00:00:00,2466.9789273338474,2597.8682720914176,1418.8318398227639
2024-08-18 01:00:00,2733.595203294545,2650.6639656242287,1801.304267396205
2024-08-18 02:00:00,2924.929265141449,2842.4955914563543,1810.9555890566585
2024-08-18 03:00:00,2924.929265141449,2842.4955914563543,1810.9555890566585
2024-08-18 04:00:00,2445.9159066853717,3069.2818561888726,1639.0875718814334
2024-08-18 05:00:00,2445.9159066853717,2628.6471045590806,1639.0875718814334
2024-08-18 06:00:00,2445.9159066853717,2616.182990236155,1639.0875718814334
2024-08-18 07:00:00,2483.6601582191015,2564.758719878566,1699.7569901485606
2024-08-18 08:00:00,2415.4941034593066,2564.758719878566,1717.91132331372
2024-08-18 09:00:00,2538.0296666432696,2564.758719878566,1717.91132331372
2024-08-18 10:00:00,2582.896786221805,2397.4257456366977,1677.4880397194631
2024-08-18 11:00:00,2645.5598444589978,2397.4257456366977,1677.4880397194631
2024-08-18 12:00:00,2953.139336366843,2432.5831976857244,1945.7557643486389
2024-08-18 13:00:00,2953.139336366843,2802.876645176939,2237.2406717889394
2024-08-18 14:00:00,2984.0760683755198,2896.5139507883905,2237.2406717889394
2024-08-18 15:00:00,2856.188268544791,2802.876645176939,2227.670657739201
2024-08-18 16:00:00,2757.287476165304,2274.6199173032182,2192.912108457422
2024-08-18 17:00:00,2686.4944102412665,2274.6199173032182,2057.420274515262
2024-08-18 18:00:00,2473.248407724892,2355.818625067337,1772.110472999171
2024-08-18 19:00:00,2686.4944102412665,2568.238388369362,1772.110472999171
2024-08-18 20:00:00,3075.55479839464,2928.3986405841406,2713.2022097789204
2024-08-18 21:00:00,3075.55479839464,2968.169767601863,2713.2022097789204
2024-08-18 22:00:00,3485.027469744902,3218.882300538111,2266.0912102080283
2024-08-18 23:00:00,3429.356089479161,3218.882300538111,2068.2048373532725
2024-08-19 00:00:00,3457.1917796120315,3210.6527896383877,1897.6920039425459
2024-08-19 01:00:00,2731.166769723077,2737.5064688196408,1523.5072576001664
2024-08-19 02:00:00,2807.55545889767,2766.8655753588882,1548.0540278143567
2024-08-19 03:00:00,2916.250960902198,2790.8680614150107,1771.7781895486585
2024-08-19 04:00:00,3031.9750687949218,2870.092590010692,1771.7781895486585
2024-08-19 05:00:00,3031.9750687949218,2790.8680614150107,1661.2941672523837
2024-08-19 06:00:00,2581.64191229929,2906.103686095257,1482.588491439281
2024-08-19 07:00:00,2581.64191229929,2788.1545832764023,1482.588491439281
2024-08-19 08:00:00,2368.924025834347,2710.651439762096,1571.1087574126789
2024-08-19 09:00:00,2368.924025834347,2512.5678302272845,1571.1087574126789
2024-08-19 10:00:00,2368.924025834347,2326.6354973341786,1573.2483512449285
2024-08-19 11:00:00,2573.535905362076,2326.6354973341786,1913.117927895407
2024-08-19 12:00:00,2800.1607245562063,2571.844252100276,2231.615593008213
2024-08-19 13:00:00,3068.3230160139556,2763.7887454980264,2562.2282206152804
2024-08-19 14:00:00,3183.332923411659,2763.7887454980264,2599.9694738302373
2024-08-19 15:00:00,3300.8287410115354,2749.0195680407505,2599.9694738302373
2024-08-19 16:00:00,3300.8287410115354,2724.6594126705604,2395.894406452555
2024-08-19 17:00:00,3168.5427320477593,2534.9878909309064,2373.862829726252
2024-08-19 18:00:00,3168.5427320477593,2534.9878909309064,2373.862829726252
2024-08-19 19:00:00,3168.5427320477593,2534.9878909309064,2054.1313842219233
2024-08-19 20:00:00,2852.76898449293,2410.040115163538,1752.8433165630133
2024-08-19 21:00:00,2726.9374832981193,2410.040115163538,1358.043391794831
2024-08-19 22:00:00,2726.9374832981193,2498.1310907426778,1752.8433165630133
2024-08-19 23:00:00,2782.838414901902,2892.333093337731,1524.8183290571874
2024-08-20 00:00:00,2973.5597554512733,2965.2907177103525,1817.336321318874
2024-08-20 01:00:00,2517.2096607423755,2703.6590493805434,1584.985850964571
2024-08-20 02:00:00,2565.8229564243047,2738.5816659746924,1617.6208922470319
2024-08-20 03:00:00,2581.5816802456975,2811.3949418551074,1685.496551518332
2024-08-20 04:00:00,2737.7066973098554,3182.6123085924246,2006.5818082988128
2024-08-20 05:00:00,2742.3441698335337,3001.6971222442153,2006.5818082988128
2024-08-20 06:00:00,2742.3441698335337,3001.6971222442153,1875.7036213703304
2024-08-20 07:00:00,2419.2128398994155,2665.1947555818297,1839.004305804031
2024-08-20 08:00:00,2077.2561271476698,2427.800685150951,1839.004305804031
2024-08-20 09:00:00,2077.2561271476698,2426.5647538837984,2006.8594361320925
2024-08-20 10:00:00,2196.561742192085,2173.009461912792,2006.8594361320925
2024-08-20 11:00:00,2387.2354040318387,2173.009461912792,2006.8594361320925
2024-08-20 12:00:00,2387.2354040318387,2478.7125911276016,2116.8964944895306
2024-08-20 13:00:00,2515.2729331779738,2478.7125911276016,2116.8964944895306
2024-08-20 14:00:00,2369.9634131244547,2302.631368050992,1989.502874754578
2024-08-20 15:00:00,2494.297243277908,2259.928120065608,1981.6995671633165
2024-08-20 16:00:00,2369.9634131244547,2259.928120065608,1989.502874754578
2024-08-20 17:00:00,2052.9494018770783,2280.6349386737875,1857.1323391320059
2024-08-20 18:00:00,2052.9494018770783,2354.734301938681,2114.537298057702
2024-08-20 19:00:00,2320.598847008685,2677.749657630793,2119.6883989210173
2024-08-20 20:00:00,2755.2099063597925,3250.321275823715,2550.6362245297737
2024-08-20 21:00:00,2924.7556264753694,4185.567508815382,2845.382583015362
2024-08-20 22:00:00,3278.511434973334,4611.496794444665,3044.1426329382616
2024-08-20 23:00:00,3311.8737139174737,4646.78368923298,3474.653526812399
2024-08-21 00:00:00,3492.7002933452504,5004.122466013268,3302.6145629758685
2024-08-21 01:00:00,4075.4803504651,5679.972909020058,3640.8157857109773
2024-08-21 02:00:00,4118.967562547072,5816.459290693094,3692.9912631379284
2024-08-21 03:00:00,4528.622128922852,5916.105464731325,4814.734865500617
2024-08-21 04:00:00,4528.622128922852,5931.324095107844,4814.734865500617
2024-08-21 05:00:00,4425.418365571744,5931.324095107844,4410.120390672388
2024-08-21 06:00:00,4221.41236439569,5443.42854574973,4152.462557903985
2024-08-21 07:00:00,4198.545476678411,5378.9335788928,4152.462557903985
2024-08-21 08:00:00,4198.545476678411,5378.9335788928,5056.913314044643
2024-08-21 09:00:00,4189.474809486022,7071.578147117588,5128.192821573025
2024-08-21 10:00:00,4237.544526400883,7575.257110475107,5224.255988439211
2024-08-21 11:00:00,4189.474809486022,7575.257110475107,5224.255988439211
2024-08-21 12:00:00,4237.544526400883,7935.782094808018,5422.6251790410315
2024-08-21 13:00:00,4516.014234318868,7935.782094808018,5518.719783511596
2024-08-21 14:00:00,4784.329571823805,8634.298643367607,6146.159582821638
2024-08-21 15:00:00,5213.678745143283,8974.423019649625,6419.521497639568
2024-08-21 16:00:00,6676.739019100213,10485.850910222023,7350.115990545246
2024-08-21 17:00:00,6868.178649203036,10485.850910222023,7436.472315185992
2024-08-21 18:00:00,6676.739019100213,10416.618838997534,7350.115990545246
2024-08-21 19:00:00,6746.726208296634,10355.70318451069,7345.949543775862
2024-08-21 20:00:00,6746.726208296634,10416.618838997534,7345.949543775862
2024-08-21 21:00:00,7213.068043301788,11041.021371096687,7731.359317142409
2024-08-21 22:00:00,7659.870965638195,11159.437200008022,8453.399197151943
2024-08-21 23:00:00,7879.107897542356,11494.043223415185,8781.641162147178
2024-08-22 00:00:00,8138.959692573806,11669.151525389068,8813.31234957117
2024-08-22 01:00:00,8820.78143702696,13651.703345930076,10689.673749982503
2024-08-22 02:00:00,8973.689624442715,13686.972460532055,10772.796208954389
2024-08-22 03:00:00,8973.689624442715,13686.972460532055,10606.551291010617
2024-08-22 04:00:00,8353.385475964216,12466.715836103187,9791.5511150351
2024-08-22 05:00:00,8108.855823894281,11630.965750070984,8896.716487422513
2024-08-22 06:00:00,7990.410271246913,11400.664814937907,8779.829710076287
2024-08-22 07:00:00,7735.156753890054,10808.834699809378,8579.685252729201
2024-08-22 08:00:00,6733.32292759907,9388.18813841329,7129.930134184833
2024-08-22 09:00:00,6100.292055845251,8901.377283471405,6956.685519186921
2024-08-22 10:00:00,6100.292055845251,8901.377283471405,7129.930134184833
2024-08-22 11:00:00,6824.882089236486,9810.017423904214,7797.179211798066
2024-08-22 12:00:00,6843.912326367051,10962.186609511513,8366.601825627757
2024-08-22 13:00:00,9110.188588255754,12260.585396700562,10223.121179034835
2024-08-22 14:00:00,10610.280205330757,13930.170151045595,12100.675399626496
2024-08-22 15:00:00,11743.218965647187,14058.481866186927,13079.738208200462
2024-08-22 16:00:00,11786.599956575303,14262.782466299383,13534.510801692602
2024-08-22 17:00:00,11786.599956575303,15012.205397933514,14712.323173952602
2024-08-22 18:00:00,11786.599956575303,15897.413269825383,14879.89562005897
2024-08-22 19:00:00,11904.199792037562,16360.60744783376,15252.897341726324
2024-08-22 20:00:00,12639.646550928768,17200.05356116888,15870.120501517185
2024-08-22 21:00:00,12954.283918048694,17627.626810899827,16602.677179931914
2024-08-22 22:00:00,13285.914352002801,18110.010649226773,16889.120850256943
2024-08-22 23:00:00,13592.732233653507,18926.58022037513,16907.738610710392
2024-08-23 00:00:00,13474.29415536445,19060.737624360358,17087.265440943687
2024-08-23 01:00:00,13212.266080263202,17705.460781287165,15631.867100369449
2024-08-23 02:00:00,13467.606230631114,17550.709392166842,15656.491234834957
2024-08-23 03:00:00,13887.948046943222,17550.709392166842,16324.111610166565
2024-08-23 04:00:00,14344.161317827562,17821.900820122,16739.54751870231
2024-08-23 05:00:00,15094.663474396566,18590.43110414488,16739.54751870231
2024-08-23 06:00:00,15094.663474396566,18590.43110414488,16589.347625130744
2024-08-23 07:00:00,13925.616988001562,18177.21979238924,16451.122606788733
2024-08-23 08:00:00,13799.332717675165,17774.25085302707,15786.35539315086
2024-08-23 09:00:00,13568.5894729513,17305.15854380295,14917.04618108039
2024-08-23 10:00:00,12697.630009888222,16539.684922827706,14039.709702463644
2024-08-23 11:00:00,12268.75415625188,15406.536004629492,13579.580195008248
2024-08-23 12:00:00,11190.688738615827,14116.51067985097,12303.96274061856
2024-08-23 13:00:00,10903.621490165897,13849.687203555372,11698.134541103629
2024-08-23 14:00:00,9659.523693469004,11410.597382315933,9930.646011780507
2024-08-23 15:00:00,8379.00335299304,9343.892573052326,7600.464958051379
2024-08-23 16:00:00,7883.538967596709,7915.206499874388,6487.977698808593
2024-08-23 17:00:00,6581.794101916365,7201.100979126964,5233.195277975146
2024-08-23 18:00:00,6581.794101916365,7201.100979126964,5233.195277975146
2024-08-23 19:00:00,7253.144938708936,8729.574559749311,6173.195488578209
2024-08-23 20:00:00,9198.230990990582,10989.440444290776,8712.348342146148
2024-08-23 21:00:00,10649.851675333734,12707.923114775569,10274.389058073102
2024-08-23 22:00:00,12171.33467041231,13848.6185314381,11266.978426527623
2024-08-23 23:00:00,12342.771006449595,15701.208844150233,12853.190967331531
2024-08-24 00:00:00,12801.566572172002,15704.285225026457,13111.62736293165
2024-08-24 01:00:00,13421.423273395105,14710.10958593101,12261.843818819816
2024-08-24 02:00:00,13485.420226795502,14873.242334682283,12415.45552980618
2024-08-24 03:00:00,13485.420226795502,14873.242334682283,12108.232107833452
2024-08-24 04:00:00,13136.656335737429,14181.175357687342,11368.804477359441
2024-08-24 05:00:00,12344.239829265458,14143.38282441727,11187.4080931256
2024-08-24 06:00:00,11602.452165713088,12285.320926830818,10338.736571700061
2024-08-24 07:00:00,10012.681833708863,10827.867487380778,8785.747830293407
2024-08-24 08:00:00,8203.327882396003,10440.160759958182,6552.738499562806
2024-08-24 09:00:00,5534.179314565784,5482.728567818936,5001.166591308551
2024-08-24 10:00:00,4646.775123675982,3900.4548420413594,3429.742785271887
2024-08-24 11:00:00,4025.7067497948938,3756.7409317310503,3210.1805754678826
2024-08-24 12:00:00,3711.411431731536,3137.7709576559355,2355.513981811677
2024-08-24 13:00:00,3211.20132013068,2876.4281732343334,2264.600716951692
2024-08-24 14:00:00,2951.7867746553147,2652.90869809809,1870.0506242827291
2024-08-24 15:00:00,2849.319843210109,2343.7840334424145,1758.435855889903
2024-08-24 16:00:00,2800.137452177554,2343.7840334424145,1758.435855889903
2024-08-24 17:00:00,2849.319843210109,2508.899434580997,1806.2602464178724
2024-08-24 18:00:00,2874.0812103101835,2769.0728114303365,2005.1704835163082
2024-08-24 19:00:00,3543.815357383539,3669.2334852470085,2584.2342212289714
2024-08-24 20:00:00,3543.815357383539,3717.5972298600755,2823.628422032949
2024-08-24 21:00:00,3512.534279601701,3933.6569330349266,2965.1646751197854
2024-08-24 22:00:00,3512.534279601701,4057.0846825928274,2995.7906771223447
2024-08-24 23:00:00,3745.8014605185563,4065.874193641903,2995.7906771223447
2024-08-25 00:00:00,3779.769497928374,4098.727797704824,3065.1145997902913
2024-08-25 01:00:00,3780.4426894536737,3738.3704030124836,2762.2710923595223
2024-08-25 02:00:00,3951.073075569666,3834.8542481471395,2976.0101392650126
2024-08-25 03:00:00,3951.073075569666,4150.346916250819,2976.0101392650126
2024-08-25 04:00:00,3857.999772815996,4212.66583480766,3014.1744247565707
2024-08-25 05:00:00,3840.702370807894,4150.346916250819,2892.3889341556915
2024-08-25 06:00:00,3706.7482436040846,4399.979187533023,2800.3597253836856
2024-08-25 07:00:00,3422.6461675955343,4515.971802279677,2800.3597253836856
2024-08-25 08:00:00,3422.6461675955343,4515.971802279677,2800.3597253836856
2024-08-25 09:00:00,3302.7805162726054,3694.6741442546845,2653.512903411866
2024-08-25 10:00:00,3322.855347661025,2775.9240254842625,2512.713774363226
2024-08-25 11:00:00,2838.825039423962,2745.3690342448135,2218.600764078296
2024-08-25 12:00:00,2683.1212501053087,2481.1479753018793,2218.600764078296
2024-08-25 13:00:00,2192.3092987808923,2401.1410074651085,1934.2973999616079
2024-08-25 14:00:00,2192.3092987808923,2401.1410074651085,1934.2973999616079
2024-08-25 15:00:00,2714.222530670202,2695.1067649603374,2148.6654924271484
2024-08-25 16:00:00,2714.222530670202,2695.1067649603374,2148.6654924271484
2024-08-25 17:00:00,2312.3649167372387,2806.35758960728,1945.7320720245448
2024-08-25 18:00:00,2312.3649167372387,2806.35758960728,1934.3282724228889
2024-08-25 19:00:00,2772.457914072016,3132.080363893465,1701.540873145258
2024-08-25 20:00:00,2899.2800306106255,3292.067345821606,1701.540873145258
2024-08-25 21:00:00,2961.059176708115,3534.5905917610235,2084.2398087972288
2024-08-25 22:00:00,3067.500327233278,3534.5905917610235,2187.0736182094183
2024-08-25 23:00:00,3145.639873147549,3349.623404992817,2283.00823994961
2024-08-26 00:00:00,3248.888961323295,3341.5972345532455,2312.0264437007945
2024-08-26 01:00:00,3217.671898642913,3261.5765170371005,1886.1507156496066
2024-08-26 02:00:00,3262.607846708879,3256.6038213650554,1787.6554655949417
2024-08-26 03:00:00,3016.198906412772,3097.134179663566,1681.0252855091203
2024-08-26 04:00:00,3262.607846708879,3097.134179663566,1681.0252855091203
2024-08-26 05:00:00,3021.119352162863,3097.134179663566,1804.98286957325
2024-08-26 06:00:00,3021.119352162863,2818.9453462705114,1804.98286957325
2024-08-26 07:00:00,2350.2113603845664,2705.1967234874464,1698.7438293219589
2024-08-26 08:00:00,2032.777904649014,2416.88481629968,1370.611967621541
2024-08-26 09:00:00,2032.777904649014,2416.88481629968,1370.611967621541
2024-08-26 10:00:00,2382.4975777084364,2416.88481629968,1507.7669287410765
2024-08-26 11:00:00,2382.4975777084364,2054.653713275524,1507.7669287410765
2024-08-26 12:00:00,2296.5575434087295,2054.653713275524,1294.7077820683173
2024-08-26 13:00:00,2296.5575434087295,2054.653713275524,1294.7077820683173
2024-08-26 14:00:00,2331.1462799374076,2102.452845597376,1598.682961071461
2024-08-26 15:00:00,2331.1462799374076,2074.039344848148,1598.682961071461
2024-08-26 16:00:00,2090.4465891567525,2237.098453900335,1246.8369150603792
2024-08-26 17:00:00,2090.4465891567525,2299.771730229999,1246.8369150603792
2024-08-26 18:00:00,2446.147051626933,2365.140125010894,1473.1294231987538
2024-08-26 19:00:00,2690.602216581734,2365.140125010894,1609.5086854141261
2024-08-26 20:00:00,2690.602216581734,2670.8636088254752,1481.9134365471
2024-08-26 21:00:00,2647.516598706501,2751.4187749194643,1771.9707472093598
2024-08-26 22:00:00,2647.516598706501,3364.0126777444966,2311.7358067553723
2024-08-26 23:00:00,2953.902269394106,3364.0126777444966,2447.263944644924
2024-08-27 00:00:00,3240.33593068947,3617.143080787795,2564.997065180475
2024-08-27 01:00:00,3243.734597572471,3462.1474116886675,2965.879806704078
2024-08-27 02:00:00,3229.6940550129093,3455.2940282099225,2321.9356486700613
2024-08-27 03:00:00,3177.6674592469935,2860.898380298009,1748.3878119997396
2024-08-27 04:00:00,3068.982990332808,2774.611406223741,1748.3878119997396
2024-08-27 05:00:00,3177.6674592469935,2774.611406223741,2316.869060193018
2024-08-27 06:00:00,2929.375487161955,2774.611406223741,2316.869060193018
2024-08-27 07:00:00,2929.375487161955,2733.2130106266322,1925.8832435549616
2024-08-27 08:00:00,2714.662985523508,2632.546370494445,1663.0095671740037
2024-08-27 09:00:00,2450.493104260948,2632.546370494445,1663.0095671740037
2024-08-27 10:00:00,2359.8495737410885,2803.489146945767,1783.865780619179
2024-08-27 11:00:00,2359.8495737410885,2803.489146945767,1783.865780619179
2024-08-27 12:00:00,2359.8495737410885,2630.1934891875626,1580.5572101731686
2024-08-27 13:00:00,2406.162161198792,2630.1934891875626,1580.5572101731686
2024-08-27 14:00:00,2406.162161198792,2685.2688973622317,1649.777659735669
2024-08-27 15:00:00,2331.4504138987304,2685.2688973622317,1695.757639802082
2024-08-27 16:00:00,2302.8603897132834,2520.180584896196,1649.777659735669
2024-08-27 17:00:00,2294.434641836393,2520.180584896196,1510.6600792649954
2024-08-27 18:00:00,2294.434641836393,2731.473605685309,1510.6600792649954
2024-08-27 19:00:00,2293.3736370918778,2965.6206728501293,1618.2542830771383
2024-08-27 20:00:00,2379.8954437457614,3013.5777738036777,1618.2542830771383
2024-08-27 21:00:00,2479.5882356780294,3067.6848755240007,1624.8347257058022
2024-08-27 22:00:00,2878.798541471091,3205.026578641173,1900.517577919902
2024-08-27 23:00:00,3197.3342873136753,3468.96667783516,2274.0055896064937
2024-08-28 00:00:00,3248.9997344920575,3504.3332094110992,2296.1714761735875
2024-08-28 01:00:00,3504.07785197063,3922.199550617437,2799.303242800645
2024-08-28 02:00:00,3429.1075360772775,3968.47033234236,2829.4265123430473
2024-08-28 03:00:00,3512.6521806919063,3996.293717302353,2915.390280187492
2024-08-28 04:00:00,3444.646487727905,4084.3269018495375,2915.390280187492
2024-08-28 05:00:00,3460.3738774131507,4181.033082923006,2915.390280187492
2024-08-28 06:00:00,3460.3738774131507,4222.669464659091,3162.1505015888433
2024-08-28 07:00:00,3782.8322038016977,4480.225434633821,3162.1505015888433
2024-08-28 08:00:00,3782.8322038016977,4539.6788032995755,3256.7559796211835
2024-08-28 09:00:00,3577.4014840547043,4608.118938864944,3062.0707081213895
2024-08-28 10:00:00,3213.060190923914,4539.6788032995755,2981.8230432899572
2024-08-28 11:00:00,3060.081789101021,4156.367100554071,2834.1997581813434
2024-08-28 12:00:00,2946.6033430107036,3800.46432444942,2594.7454588457804
2024-08-28 13:00:00,2798.2043691268937,3586.5443681948127,2487.721784875246
2024-08-28 14:00:00,2798.2043691268937,3547.346928383018,2465.6198782368724
2024-08-28 15:00:00,2798.2043691268937,3324.9042880015786,2323.2830188369217
2024-08-28 16:00:00,2577.6571101979953,3134.979457286012,1989.0296161455249
2024-08-28 17:00:00,2495.0964753336248,2985.0952361277978,1989.0296161455249
2024-08-28 18:00:00,2495.0964753336248,2985.0952361277978,2152.7219304987516
2024-08-28 19:00:00,2891.5327358803315,3318.9905975957263,2497.3649275758617
2024-08-28 20:00:00,3124.7605866785125,3659.61230347287,2661.248660718248
2024-08-28 21:00:00,3297.070700737171,3959.504385362041,2772.487209584121
2024-08-28 22:00:00,3402.720844545729,4312.112877941909,2920.70486797175
2024-08-28 23:00:00,3432.5255159964836,4441.729924487399,2988.7069358839126
2024-08-29 00:00:00,3605.0685183526466,4376.921401214654,2954.7059019278313
2024-08-29 01:00:00,4113.48432802161,5435.576171367181,3983.593602465087
2024-08-29 02:00:00,4292.662414977746,5779.3493556971225,4419.206961951904
2024-08-29 03:00:00,4553.842947786769,6110.281739060315,4444.361934687961
2024-08-29 04:00:00,4752.279833822541,6468.503342598238,4444.361934687961
2024-08-29 05:00:00,4890.57895264741,6504.797271222346,4444.361934687961
2024-08-29 06:00:00,5139.189205167503,6689.395856109524,4551.680783638749
2024-08-29 07:00:00,5637.748712873062,7658.326070298557,4872.370295452918
2024-08-29 08:00:00,6379.290036928176,8856.447684942108,5627.756446059053
2024-08-29 09:00:00,7307.240050960604,9217.104341656177,6321.462495699678
2024-08-29 10:00:00,7307.240050960604,9217.104341656177,6321.462495699678
2024-08-29 11:00:00,7014.7112789216835,8601.73121021187,6016.305652605453
2024-08-29 12:00:00,6406.128969370158,7757.795399617846,5905.219664997576
2024-08-29 13:00:00,5952.537479266407,7757.795399617846,5799.477887340866
2024-08-29 14:00:00,5952.537479266407,7812.179946569951,5664.820734101824
2024-08-29 15:00:00,6193.498338153099,7835.142666021584,5632.056843558142
2024-08-29 16:00:00,6418.749606132586,8032.388498036128,5632.056843558142
2024-08-29 17:00:00,6604.185789879109,8032.388498036128,5791.012746306669
2024-08-29 18:00:00,7099.594146849283,8249.090663504223,5931.32221083032
2024-08-29 19:00:00,7498.240551518995,8399.724578191821,6117.265040811863
2024-08-29 20:00:00,7498.240551518995,8524.203308623428,6563.886595159257
2024-08-29 21:00:00,7802.217365158846,9386.706604128907,7055.287487817896
2024-08-29 22:00:00,7802.217365158846,10090.645215015407,7073.452686004483
2024-08-29 23:00:00,8429.54099874257,10090.645215015407,7504.879718330922
2024-08-30 00:00:00,8538.795518487399,10223.493136633884,7528.810021335974
2024-08-30 01:00:00,8590.153631993908,9621.340460775931,7422.475162566221
2024-08-30 02:00:00,8325.21546796837,9463.579035980187,7391.53201866669
2024-08-30 03:00:00,7277.330136031074,9121.421850668132,6745.900386369963
2024-08-30 04:00:00,7213.148371776104,8967.041522648426,6055.8814732402525
2024-08-30 05:00:00,7067.5771627314125,8543.09674238839,6041.300924263796
2024-08-30 06:00:00,7041.241591199036,8115.551567375387,6041.300924263796
2024-08-30 07:00:00,6305.77946582735,7851.921274692236,5474.490058132052
2024-08-30 08:00:00,6186.17557425139,7743.568905953034,5242.298364301261
2024-08-30 09:00:00,5021.095377220335,6679.13705547023,4803.0220968524045
2024-08-30 10:00:00,3987.505979781863,5328.825757134311,3526.965362004164
2024-08-30 11:00:00,3763.2234590966946,4960.999100569792,3276.143100349453
2024-08-30 12:00:00,2864.884198108879,3832.166549942649,2597.834595559005
2024-08-30 13:00:00,2790.9587848781357,3760.058002822776,2309.66677764089
2024-08-30 14:00:00,2717.1426227597294,3500.3208021927258,2309.66677764089
2024-08-30 15:00:00,2717.1426227597294,3465.9502464596335,2441.3253306242345
2024-08-30 16:00:00,2773.6717245186464,3500.3208021927258,2534.449566076909
2024-08-30 17:00:00,2796.7168021521356,3653.208866049634,2441.3253306242345
2024-08-30 18:00:00,2856.7194814425147,3653.208866049634,2287.9890050280333
2024-08-30 19:00:00,2856.7194814425147,3653.208866049634,2287.9890050280333
2024-08-30 20:00:00,2865.129939920913,3469.8572016432554,2400.622565541388
2024-08-30 21:00:00,2826.452931933347,3469.8572016432554,2403.7846224107266
2024-08-30 22:00:00,2865.129939920913,3462.6781469546313,2403.7846224107266
2024-08-30 23:00:00,2803.690692052476,3421.0079384885466,2332.0982631228826
2024-08-31 00:00:00,2833.3093363934677,3423.645826261496,2270.5751413760395
2024-08-31 01:00:00,3806.0696758756358,4296.552296460031,3299.0137063207403
2024-08-31 02:00:00,3717.3734830440317,3895.007162886186,3279.321348107441
2024-08-31 03:00:00,3717.3734830440317,3895.007162886186,3279.321348107441
2024-08-31 04:00:00,3717.3734830440317,3828.86415651696,2540.2023968822045
2024-08-31 05:00:00,3512.010559158576,3828.86415651696,2305.809601596326
2024-08-31 06:00:00,3320.6610286615087,3607.921093291212,2285.736801053739
2024-08-31 07:00:00,2840.3145197879567,3349.449983235574,2285.736801053739
2024-08-31 08:00:00,2840.3145197879567,3199.04517963493,2285.736801053739
2024-08-31 09:00:00,3004.3869202746428,3052.1969828559468,2311.0164700161454
2024-08-31 10:00:00,3241.854798072629,3052.1969828559468,2459.2627437295605
2024-08-31 11:00:00,3622.3951966548884,3634.7014900159647,2721.577485193002
2024-08-31 12:00:00,3622.3951966548884,3647.3943777731492,2996.8765167119445
2024-08-31 13:00:00,3411.68621967376,3647.3943777731492,3055.871141417804
2024-08-31 14:00:00,3201.1165052518445,3601.3872398973,3184.7517698290303
2024-08-31 15:00:00,3191.8310923689805,3329.756347350545,3184.7517698290303
2024-08-31 16:00:00,2624.745326653063,3287.074951716335,2676.700142016753
2024-08-31 17:00:00,2430.4836633279847,2985.0765048988123,2266.3851921030296
2024-08-31 18:00:00,2416.854482096498,2985.0765048988123,2266.3851921030296
2024-08-31 19:00:00,2347.8698287181996,3218.3568635671127,2289.2016258224667
2024-08-31 20:00:00,2416.854482096498,3329.481487394025,2292.4057847572167
2024-08-31 21:00:00,2613.6123576752434,3329.481487394025,2289.2016258224667
2024-08-31 22:00:00,2838.0490508198836,3385.9912505149114,2171.250487534462
2024-08-31 23:00:00,2851.0269477312977,3420.9267619575603,2171.250487534462
2024-09-01 00:00:00,2974.85663460661,3437.738295769609,2288.376231171391
2024-09-01 01:00:00,3673.760924161573,4048.840595017561,2683.0012229316617
2024-09-01 02:00:00,3900.702036514136,4333.364047494928,2905.5847989196764
2024-09-01 03:00:00,4311.966168374986,4911.904516144494,3255.0259394017658
2024-09-01 04:00:00,4709.042271120207,5047.110650409957,4011.1004102781626
2024-09-01 05:00:00,5831.089894517863,5649.968547039978,4143.807671659019
2024-09-01 06:00:00,5831.089894517863,5649.968547039978,4260.955582015131
2024-09-01 07:00:00,5815.478994591975,5708.4120024721215,4143.807671659019
2024-09-01 08:00:00,5462.99732009467,5619.1297323611,4033.77086691907
2024-09-01 09:00:00,5411.702118739334,5619.1297323611,4012.2784900025117
2024-09-01 10:00:00,4704.206637985219,4867.842249755815,3584.092017415934
2024-09-01 11:00:00,4487.404620273879,4670.511659114594,3136.785766046241
2024-09-01 12:00:00,3930.029583159727,4186.846097733598,2645.402504774692
2024-09-01 13:00:00,3474.1572648823403,3943.2957013218984,2645.402504774692
2024-09-01 14:00:00,3449.3595910938166,3859.8457501425346,2647.5103813104834
2024-09-01 15:00:00,3449.3595910938166,3859.8457501425346,2647.5103813104834
2024-09-01 16:00:00,3449.3595910938166,3610.5075467623083,2652.694028337856
2024-09-01 17:00:00,3725.543300532714,3610.5075467623083,2688.0518330023665
2024-09-01 18:00:00,4196.990427249861,4283.694729812058,3270.902054193751
2024-09-01 19:00:00,5128.776236054687,5249.141257495563,4232.344366822389
2024-09-01 20:00:00,6067.781954682769,6320.334421365585,4287.886213952028
2024-09-01 21:00:00,6118.097541524732,6323.979312877299,4541.900247205781
2024-09-01 22:00:00,6530.081631549031,6781.147937708539,4287.886213952028
2024-09-01 23:00:00,6530.081631549031,6781.147937708539,4170.4470787548
2024-09-02 00:00:00,6415.062348538138,7173.573206481927,3993.785069611096
2024-09-02 01:00:00,6444.004267698861,6495.608855921935,3984.8652307903835
2024-09-02 02:00:00,6356.041225445413,6255.235976361169,3940.2466241285233
2024-09-02 03:00:00,5591.83196753805,5900.3928993270965,3009.802146412638
2024-09-02 04:00:00,5340.815452924693,5620.241838292117,2658.738315511615
2024-09-02 05:00:00,5163.125865059718,5107.856425361913,2575.792304507616
2024-09-02 06:00:00,4082.5541411583526,3711.8503979711404,2575.792304507616
2024-09-02 07:00:00,3191.931841622876,3180.142232341439,2045.4933368378815
2024-09-02 08:00:00,2780.943984089179,2817.1368591286173,2331.022869955612
2024-09-02 09:00:00,2735.861055587704,2743.643781286137,2331.022869955612
2024-09-02 10:00:00,2780.943984089179,2665.0442894995576,2331.022869955612
2024-09-02 11:00:00,2798.538969684678,2665.0442894995576,2515.135737955166
2024-09-02 12:00:00,2798.538969684678,2747.6136929992354,2468.3442088260936
2024-09-02 13:00:00,2656.017212498775,2873.1484131421857,2468.3442088260936
2024-09-02 14:00:00,2656.017212498775,2873.1484131421857,2458.282696745363
2024-09-02 15:00:00,2756.898656593399,3060.4347699494538,2449.615677609241
2024-09-02 16:00:00,2849.9052129813663,3387.3084130302104,2388.2941375736305
2024-09-02 17:00:00,2849.9052129813663,3387.3084130302104,2210.255811292047
2024-09-02 18:00:00,2793.001023775563,3435.2317835183276,2292.478181609482
2024-09-02 19:00:00,2793.001023775563,3569.9155137038397,2292.478181609482
2024-09-02 20:00:00,3104.062479085267,4655.338150146825,2864.919311272782
2024-09-02 21:00:00,4446.739938954565,5072.884732118258,4084.280449246458
2024-09-02 22:00:00,4793.778100934421,6046.565910433605,4469.112225393046
2024-09-02 23:00:00,5874.453872709893,7090.512334926274,5294.604082835556
2024-09-03 00:00:00,5971.907167502819,7296.379249033442,5296.647788928353
2024-09-03 01:00:00,5404.740375737318,6331.712021132164,5213.852038358565
2024-09-03 02:00:00,5224.463252131306,5773.202524617025,4883.8581562552135
2024-09-03 03:00:00,4724.854507498708,5432.777785685659,4609.141478221093
2024-09-03 04:00:00,4504.961171714919,4976.695324417586,4074.019440869596
2024-09-03 05:00:00,3940.4763748320875,4701.32619022958,3777.3564413380664
2024-09-03 06:00:00,3921.7960027662357,4577.148821385164,3380.6528196887084
2024-09-03 07:00:00,3775.686959749417,4269.657124998923,3077.1007964488313
2024-09-03 08:00:00,3448.601636852667,4228.177466420482,2987.090742315306
2024-09-03 09:00:00,3086.885199755061,4136.004834117641,2744.7024544536007
2024-09-03 10:00:00,2829.6823952211616,3776.046317507664,2668.4061187207676
2024-09-03 11:00:00,2810.357939213247,3580.40015802565,2619.479148055112
2024-09-03 12:00:00,2519.5045097740494,3193.9769031769865,2264.992727850726
2024-09-03 13:00:00,2519.5045097740494,3034.140249598264,2255.507701816148
2024-09-03 14:00:00,2541.0589586260776,3013.667941195088,2255.507701816148
2024-09-03 15:00:00,2541.0589586260776,2965.4375276804967,2255.507701816148
2024-09-03 16:00:00,2328.8009738271885,2846.45378881722,2196.2462971082705
2024-09-03 17:00:00,2313.199105785927,2846.45378881722,2045.2145232356006
2024-09-03 18:00:00,2313.199105785927,2944.5514822459627,2045.2145232356006
2024-09-03 19:00:00,2479.7082475332572,3228.4489969858405,2407.415506603633
2024-09-03 20:00:00,2883.0450337541515,3406.115166285723,2500.8433979948563
2024-09-03 21:00:00,3123.677256729421,3656.715831018704,2500.8433979948563
2024-09-03 22:00:00,3214.683116625818,3755.909877671933,2111.0296559612248
2024-09-03 23:00:00,3322.6763916648397,3915.3532236896444,1847.6770140501665
2024-09-04 00:00:00,3268.679754145329,3852.6484786904803,1800.4676869418354
2024-09-04 01:00:00,3136.443270804917,3029.4896029047486,1777.037352182352
2024-09-04 02:00:00,3028.844429097355,2937.5558691668903,1738.8222064239085
2024-09-04 03:00:00,2881.5624322237036,3073.398219951174,1566.5030166682452
2024-09-04 04:00:00,2881.5624322237036,3040.224749730267,1680.384057676335
2024-09-04 05:00:00,2951.6259063787147,3073.398219951174,1680.384057676335
2024-09-04 06:00:00,2956.0379561665723,3206.88338218398,1896.2636501600089
2024-09-04 07:00:00,2956.0379561665723,3212.714138126914,1896.2636501600089
2024-09-04 08:00:00,2890.6289816621047,3212.714138126914,1878.2967908565754
2024-09-04 09:00:00,2643.8588054448937,2979.1447351491934,1768.2699268039537
2024-09-04 10:00:00,2638.208685509773,2712.258215572856,1768.2699268039537
2024-09-04 11:00:00,2542.16265720913,2423.6969890352975,1738.0429380012317
2024-09-04 12:00:00,2638.208685509773,2423.6969890352975,1738.0429380012317
2024-09-04 13:00:00,2559.121320015114,2445.48433816744,1663.257323065334
2024-09-04 14:00:00,2586.946040534258,2457.7895931615258,1752.0931741136596
2024-09-04 15:00:00,2559.121320015114,2445.48433816744,1663.257323065334
2024-09-04 16:00:00,2586.946040534258,2680.236022900035,1752.0931741136596
2024-09-04 17:00:00,2644.753168892674,2680.236022900035,1917.8799996630457
2024-09-04 18:00:00,2796.7668616324772,3060.9386680566695,2173.916202604181
2024-09-04 19:00:00,3243.5402853731193,3385.652283741174,2385.897874245187
2024-09-04 20:00:00,3727.5939765716175,3701.139023510499,2901.7020409174556
2024-09-04 21:00:00,3884.490621406314,4037.700514656148,3183.0853537766043
2024-09-04 22:00:00,4562.43200010215,5113.983163110708,3621.4172429015553
2024-09-04 23:00:00,4713.4822132689505,5508.168323722182,3621.4172429015553
2024-09-05 00:00:00,4964.337017689544,5540.012743547113,3538.4556002890477
2024-09-05 01:00:00,6990.019525459816,7267.818615960158,4923.632905391143
2024-09-05 02:00:00,7316.157278341396,7583.769805517445,5234.432444741929
2024-09-05 03:00:00,7931.064652436448,8385.688861143954,5801.485335376807
2024-09-05 04:00:00,9089.455636329018,10220.323620054894,6477.711271940654
2024-09-05 05:00:00,10494.588324682856,11340.763367916421,8072.235076528606
2024-09-05 06:00:00,11056.107159903373,12420.887202345382,8780.5682970528
2024-09-05 07:00:00,11056.107159903373,12420.887202345382,8780.5682970528
2024-09-05 08:00:00,9629.0719263415,11076.688814413992,8332.09849112425
2024-09-05 09:00:00,9204.42988517728,10822.23769808362,7752.260863905405
2024-09-05 10:00:00,8876.212326024106,9640.78409517206,7382.981623264618
2024-09-05 11:00:00,7091.610424281824,7572.299097235618,5942.958376939752
2024-09-05 12:00:00,7043.672845034376,7572.299097235618,5670.696015572676
2024-09-05 13:00:00,7043.672845034376,7826.991329880351,5670.696015572676
2024-09-05 14:00:00,7105.733398466526,7889.707036733966,5603.331074121065
2024-09-05 15:00:00,7112.483617916235,8016.247495841781,5872.802722281093
2024-09-05 16:00:00,7375.038251674564,8549.144736886854,5872.802722281093
2024-09-05 17:00:00,8562.157705960704,9795.744343676472,6516.4953853778825
2024-09-05 18:00:00,9174.12582222106,10473.431127021082,7491.894736423995
2024-09-05 19:00:00,9391.030941812463,11642.925223075752,9092.473536211855
2024-09-05 20:00:00,10733.276683638536,13158.855182778658,9244.851100829874
2024-09-05 21:00:00,10733.276683638536,13392.638024167261,9244.851100829874
2024-09-05 22:00:00,10552.94581483872,13392.638024167261,8516.797912559401
2024-09-05 23:00:00,9951.135546665482,13290.401965356174,7639.15215743428
2024-09-06 00:00:00,9508.964548428923,12840.863481374203,6927.853704339343
2024-09-06 01:00:00,5432.853443615861,6493.762668625597,4573.560843573422
2024-09-06 02:00:00,4181.203725265434,4907.201287470731,3807.7115024618856
2024-09-06 03:00:00,2960.930407686559,3778.7100579057005,2781.894165129849
2024-09-06 04:00:00,2911.0075467469796,3645.710860482035,2512.4617308302263
2024-09-06 05:00:00,2911.0067040515733,3565.848455203477,2779.7889622934636
2024-09-06 06:00:00,2911.0067040515733,3565.848455203477,2779.7889622934636
2024-09-06 07:00:00,3057.160495824368,3742.6881638878767,3195.025163662946
2024-09-06 08:00:00,3253.4229212715345,4330.810790034906,3311.985777815045
2024-09-06 09:00:00,3253.4229212715345,4675.858434175072,3634.4147801246777
2024-09-06 10:00:00,3454.004872457035,4675.858434175072,3721.49723148341
2024-09-06 11:00:00,3236.2664183439847,4408.291378676968,3634.4147801246777
2024-09-06 12:00:00,3236.2664183439847,3884.9985069319773,3345.905761356177
2024-09-06 13:00:00,3174.895159135578,3831.988496849879,3121.3387035768196
2024-09-06 14:00:00,2753.4510472815255,3329.1156561824682,2666.7580475173586
2024-09-06 15:00:00,2512.2469563578325,3229.513317723249,2396.380428064696
2024-09-06 16:00:00,2512.2469563578325,3177.169883310751,2396.380428064696
2024-09-06 17:00:00,2480.2039900810923,3177.169883310751,2435.1050947285044
2024-09-06 18:00:00,2530.2551021156596,3177.169883310751,2482.2069467727506
2024-09-06 19:00:00,2620.694982641904,3217.2177277469928,2762.214246787895
2024-09-06 20:00:00,2883.9158275970167,3217.2177277469928,2762.214246787895
2024-09-06 21:00:00,3020.402579205773,3217.2177277469928,2700.3174505815587
2024-09-06 22:00:00,3144.762208058013,3245.904152812798,2700.3174505815587
2024-09-06 23:00:00,3322.335875291332,3883.0784056014854,2685.8558356874646
2024-09-07 00:00:00,3444.366076736712,4121.790513404155,2771.611196770439
2024-09-07 01:00:00,3757.0368461956186,4070.0990303238623,3081.6887920678455
2024-09-07 02:00:00,3904.488616388644,4199.204578277646,3225.623675905467
2024-09-07 03:00:00,4166.903400786028,4978.790790493706,3743.3092239180055
2024-09-07 04:00:00,4465.609762574395,6549.315159517295,4699.871545629936
2024-09-07 05:00:00,4465.609762574395,6549.315159517295,4699.871545629936
2024-09-07 06:00:00,4089.4858024413807,5816.740383619523,4454.057620278267
2024-09-07 07:00:00,4067.741098322187,5735.883867970926,4326.735989264493
2024-09-07 08:00:00,3784.488774255591,5327.018738830326,3318.100845860498
2024-09-07 09:00:00,3371.9131918141793,4658.814465081328,3116.1238001681577
2024-09-07 10:00:00,3318.524796133028,3624.218120918875,2321.8835701849416
2024-09-07 11:00:00,3371.9131918141793,3499.361211163179,2321.8835701849416
2024-09-07 12:00:00,3318.524796133028,3495.9464464269095,2503.6981790817995
2024-09-07 13:00:00,3268.9520571924368,3495.9464464269095,2503.6981790817995
2024-09-07 14:00:00,3198.020684385252,3495.9464464269095,2481.313135418372
2024-09-07 15:00:00,2986.916883871061,3219.248645487485,2481.313135418372
2024-09-07 16:00:00,2758.0578715037773,2919.360772728427,2481.313135418372
2024-09-07 17:00:00,2758.0578715037773,2919.360772728427,2273.478159395741
2024-09-07 18:00:00,2511.6905839386545,2892.6837973411693,2273.478159395741
2024-09-07 19:00:00,2740.7630172008303,3142.6251287894665,2399.4652640195904
2024-09-07 20:00:00,2740.7630172008303,3201.989960681476,2426.094976386948
2024-09-07 21:00:00,3038.8826267015374,3471.400286974331,2685.875464252299
2024-09-07 22:00:00,3187.317407780629,3576.2578605323542,2981.7675217475094
2024-09-07 23:00:00,3284.302415482358,3576.2578605323542,3005.643840671404
2024-09-08 00:00:00,3432.5941506618456,3652.593135044195,3332.0378965062296
2024-09-08 01:00:00,3728.5425831871325,4110.304235924288,2797.415019294529
2024-09-08 02:00:00,3741.0126426897605,4296.227887909592,2824.5814504204527
2024-09-08 03:00:00,3741.0126426897605,4030.0065764882365,2770.248588168605
2024-09-08 04:00:00,3724.3082785695588,4030.0065764882365,2572.2521794946783
2024-09-08 05:00:00,3421.705650607184,3754.786727348055,2439.914810989415
2024-09-08 06:00:00,3140.129396670065,3521.299726411262,2387.4286271204187
2024-09-08 07:00:00,2597.1770866198312,3025.403539357654,1946.0989267919956
2024-09-08 08:00:00,2333.6663006011095,2846.852074469094,1822.2167412469942
2024-09-08 09:00:00,2333.6663006011095,2703.734900198411,1680.5700523415717
2024-09-08 10:00:00,2672.9780206304404,2591.109162840299,1763.6647799770708
2024-09-08 11:00:00,2672.9780206304404,2563.7105839176675,1680.5700523415717
2024-09-08 12:00:00,2561.4041467954157,2563.7105839176675,1763.6647799770708
2024-09-08 13:00:00,2445.175617007788,2620.8981534729537,2138.502727323742
2024-09-08 14:00:00,2445.175617007788,2639.1441955027567,2192.5493998554575
2024-09-08 15:00:00,2445.175617007788,2815.373662012049,2234.9703232958423
2024-09-08 16:00:00,2511.1928381589332,2861.343048991439,2276.238902542389
2024-09-08 17:00:00,2633.3728369601104,2861.343048991439,2234.9703232958423
2024-09-08 18:00:00,2633.3728369601104,2814.276159725321,1992.952976301524
2024-09-08 19:00:00,2508.42271448885,2814.276159725321,1992.952976301524
2024-09-08 20:00:00,2508.42271448885,2819.8356343776195,2015.9317772952522
2024-09-08 21:00:00,2703.1803460309347,2825.275820481749,2060.4009325570387
2024-09-08 22:00:00,2827.2005908069677,2950.1321667015072,2091.9311110422127
2024-09-08 23:00:00,2794.869922314183,2950.1321667015072,2113.373544137763
2024-09-09 00:00:00,2811.0352565605754,2938.064309087292,2148.449410253767
2024-09-09 01:00:00,3138.9024259612597,2999.7607438188807,2050.968541288268
2024-09-09 02:00:00,3173.9024888327367,3043.8431841900856,1826.7596326999114
2024-09-09 03:00:00,3173.9024888327367,3065.9994692569107,1826.7596326999114
2024-09-09 04:00:00,3002.2795245245507,3349.3806440803546,1821.5168276965187
2024-09-09 05:00:00,3002.2795245245507,3349.3806440803546,1898.232441019892
2024-09-09 06:00:00,2974.204122868774,3236.564422405372,1898.232441019892
2024-09-09 07:00:00,2939.503545098134,3080.1208075646464,1898.232441019892
2024-09-09 08:00:00,2844.169828857699,3024.3018667156757,1593.1110207520614
2024-09-09 09:00:00,2570.210040386075,2717.8495343184914,1530.5525112570522
2024-09-09 10:00:00,2570.210040386075,2430.349507050769,1530.5525112570522
2024-09-09 11:00:00,2570.210040386075,2426.7535549071654,1745.152047840499
2024-09-09 12:00:00,2520.2795572758114,2430.349507050769,1800.9757262752075
2024-09-09 13:00:00,2520.2795572758114,2704.1317565077934,1894.5316513166574
2024-09-09 14:00:00,2521.8429022052915,2704.1317565077934,1894.5316513166574
2024-09-09 15:00:00,2525.083724036662,2649.9256508855324,1857.6593694657988
2024-09-09 16:00:00,2521.8429022052915,2522.328200076987,1857.6593694657988
2024-09-09 17:00:00,2403.062908491276,2522.328200076987,1856.0123828958208
2024-09-09 18:00:00,2403.062908491276,2634.951491019063,1923.874392327917
2024-09-09 19:00:00,2564.6445348895813,2826.3920436051576,1932.291756451843
2024-09-09 20:00:00,2995.545784456921,3207.6272328391788,1946.0341670609484
2024-09-09 21:00:00,3110.5445654960386,3273.863243644744,2106.188438485074
2024-09-09 22:00:00,3130.693675258919,3409.0040786162626,2106.188438485074
2024-09-09 23:00:00,3161.1039130712434,3409.0040786162626,2230.600341161362
2024-09-10 00:00:00,3328.1931366971075,3316.564168341816,2111.92330845357
2024-09-10 01:00:00,3398.2199920296343,3599.2402891075862,2437.381027225434
2024-09-10 02:00:00,3412.0405786781666,3613.126062067973,2479.335633603895
2024-09-10 03:00:00,3918.493428627504,3690.3372936017477,2491.2933368375584
2024-09-10 04:00:00,3918.493428627504,3648.8399740237655,2491.2933368375584
2024-09-10 05:00:00,3651.7457485925934,3648.8399740237655,2298.213876819864
2024-09-10 06:00:00,3550.059950608109,3606.887433725331,2298.213876819864
2024-09-10 07:00:00,3508.089542856278,3454.3782301352785,2298.213876819864
2024-09-10 08:00:00,3426.5041185163172,3425.5725684416393,1944.7665202035384
2024-09-10 09:00:00,2728.9113348895407,2777.658931795575,1876.2227562161484
2024-09-10 10:00:00,2525.1075723515914,2324.072363985011,1364.376215454773
2024-09-10 11:00:00,2525.1075723515914,2324.072363985011,1364.376215454773
2024-09-10 12:00:00,2664.447176387408,2585.5091580464104,1967.45860234357
2024-09-10 13:00:00,2805.079355666501,2585.5091580464104,2089.3777557563008
2024-09-10 14:00:00,2805.079355666501,2623.630942801705,2163.713274430961
2024-09-10 15:00:00,2693.7294325677885,2526.699654439106,2163.713274430961
2024-09-10 16:00:00,2693.7294325677885,2623.630942801705,2163.713274430961
2024-09-10 17:00:00,2714.1650791068278,2818.3198225295673,2333.8561465626335
2024-09-10 18:00:00,2770.45435646871,3130.757911035158,2343.5829707908765
2024-09-10 19:00:00,3243.2262971318632,3602.0470617256924,2452.1107771117904
2024-09-10 20:00:00,3649.529657432802,3779.612609737127,2509.3532212406517
2024-09-10 21:00:00,4693.442680726194,5025.950347286944,3184.625071324741
2024-09-10 22:00:00,4760.529063196931,5454.781716725269,3297.3038513887814
2024-09-10 23:00:00,4987.028612028545,5454.781716725269,3297.3038513887814
2024-09-11 00:00:00,4995.40525860689,5527.128381206785,3258.9485494154314
2024-09-11 01:00:00,4887.2875508786665,5115.64815785371,2750.127259768403
2024-09-11 02:00:00,4821.877313107981,5299.736668612499,2750.813516483064
2024-09-11 03:00:00,4821.877313107981,5299.736668612499,2750.813516483064
2024-09-11 04:00:00,4723.07910227115,4949.537003419675,2240.450241916572
2024-09-11 05:00:00,3742.2435639646064,4285.061494763191,2064.3763341680515
2024-09-11 06:00:00,3160.7813004859927,3162.35539420396,1864.6776652093595
2024-09-11 07:00:00,2402.84614815016,3054.6274221738786,1745.0409303921097
2024-09-11 08:00:00,2350.4779621492817,2537.399512103295,1449.012272010575
2024-09-11 09:00:00,2350.4779621492817,2303.283327147001,1331.4644171463797
2024-09-11 10:00:00,2636.457284791595,2260.7407179885704,1331.4644171463797
2024-09-11 11:00:00,2636.457284791595,1986.9542089647275,1540.1246566985128
2024-09-11 12:00:00,2655.073103656965,1986.9542089647275,1589.0260256752044
2024-09-11 13:00:00,2672.872872514099,2317.4205997942354,2036.7584515748738
2024-09-11 14:00:00,2693.2209079197746,2389.469492717697,2036.7584515748738
2024-09-11 15:00:00,2693.2209079197746,2389.469492717697,1910.071342667238
2024-09-11 16:00:00,2509.187549462613,2321.618787005509,1900.0453297300494
2024-09-11 17:00:00,2393.9942308316986,2321.618787005509,1458.9210948147486
2024-09-11 18:00:00,2509.187549462613,2452.6608316465226,1458.9210948147486
2024-09-11 19:00:00,2787.975849432096,2476.9893323307188,1841.487136808656
2024-09-11 20:00:00,2795.788887045286,2498.550301332036,1907.7163668344945
2024-09-11 21:00:00,2816.7320252550944,2873.8044621329755,2320.6721431084547
2024-09-11 22:00:00,2816.7320252550944,2995.6955230778385,2362.9620528005166
2024-09-11 23:00:00,3050.5694836862986,2882.6843192072483,2362.9620528005166
2024-09-12 00:00:00,3137.6380331125793,3080.8898757714687,2474.0784279860163
2024-09-12 01:00:00,2224.0880277175856,2001.6456546904337,1688.020447232119
2024-09-12 02:00:00,2327.368005036835,2012.565962029119,1633.7519611916034
2024-09-12 03:00:00,2327.368005036835,2137.0023277699584,1622.059294251992
2024-09-12 04:00:00,2349.085814690454,2251.2650607328633,1622.059294251992
2024-09-12 05:00:00,2349.085814690454,2280.2898681329334,1676.2510088182476
2024-09-12 06:00:00,2349.085814690454,2436.7852548144583,1888.2765533513955
2024-09-12 07:00:00,2480.754983915902,2821.125375758169,2066.65741387919
2024-09-12 08:00:00,2568.260233084595,2980.333170491387,2329.539098192687
2024-09-12 09:00:00,2568.260233084595,3005.8144345558358,2329.539098192687
2024-09-12 10:00:00,2509.3983891204552,2980.333170491387,2270.7217994362413
2024-09-12 11:00:00,2256.2266733992255,2969.6002352727664,2179.300303076244
2024-09-12 12:00:00,2324.628275413874,2836.7809479066946,2049.360796234483
2024-09-12 13:00:00,2256.2266733992255,2428.386103872208,1752.6106454326057
2024-09-12 14:00:00,2000.5652294784722,2123.378228493433,1359.75836420346
2024-09-12 15:00:00,1918.5501021438304,2043.5942182729486,1302.0853038694174
2024-09-12 16:00:00,1918.5501021438304,2123.378228493433,1302.0853038694174
2024-09-12 17:00:00,1930.9475902489212,2261.5986554097053,1349.329513877812
2024-09-12 18:00:00,2268.1189485078066,2566.644485728173,1616.5235152033167
2024-09-12 19:00:00,2422.633009038447,2574.173435970919,1672.981661370829
2024-09-12 20:00:00,2422.633009038447,2907.4528114273,1711.2627631700036
2024-09-12 21:00:00,2670.5665799881444,2919.3557653417356,1711.2627631700036
2024-09-12 22:00:00,2670.5665799881444,2964.203187417561,1700.7803205284652
2024-09-12 23:00:00,2891.91345930641,3107.781244781967,1700.7803205284652
2024-09-13 00:00:00,2921.0301614340706,3175.1046875847196,1703.9904473401198
2024-09-13 01:00:00,4048.5291025366187,4551.784269343161,3038.090950507558
2024-09-13 02:00:00,4104.630283887798,4667.474263617234,3154.906310034776
2024-09-13 03:00:00,3992.427921185439,4851.439166891239,3295.5864656848366
2024-09-13 04:00:00,4207.504077186082,4851.439166891239,3503.347710825322
2024-09-13 05:00:00,4207.504077186082,4851.439166891239,3503.347710825322
2024-09-13 06:00:00,5291.500954603806,5508.322191002546,4071.0966999228344
2024-09-13 07:00:00,5291.500954603806,5508.322191002546,4071.0966999228344
2024-09-13 08:00:00,5257.028711209345,4680.620665628117,3874.9966680734105
2024-09-13 09:00:00,4201.210343040559,3995.6561495540664,3394.7964309362537
2024-09-13 10:00:00,3915.6099422786665,3834.035517051596,2945.1288303483975
2024-09-13 11:00:00,3444.4976078986565,3391.000238799794,2510.5677836711766
2024-09-13 12:00:00,3101.452232810805,3373.2835988343504,2510.5677836711766
2024-09-13 13:00:00,2971.4847353589157,3086.024098974969,2324.362953824411
2024-09-13 14:00:00,2779.4299817765495,2884.8571593327724,2326.689854955712
2024-09-13 15:00:00,2723.211181992643,2884.8571593327724,2326.689854955712
2024-09-13 16:00:00,2608.7802906064917,2884.8571593327724,2326.689854955712
2024-09-13 17:00:00,2355.0676795995732,2857.3033965674767,1756.1988104580319
2024-09-13 18:00:00,2355.0676795995732,2857.3033965674767,1730.889913667048
2024-09-13 19:00:00,2430.083050999194,3091.243501775549,1730.889913667048
2024-09-13 20:00:00,2988.2667757821455,3731.004261039121,2118.411402594293
2024-09-13 21:00:00,3534.296508411655,4082.5054694180417,2798.1349066327134
2024-09-13 22:00:00,3574.825766891894,4601.24429228157,2829.3691854035865
2024-09-13 23:00:00,4063.675491812488,4792.046079721284,2920.409686983794
2024-09-14 00:00:00,4233.716330759842,5007.516914864593,3224.1354300941794
2024-09-14 01:00:00,6132.2383951843985,8197.837436090771,5728.633051208433
2024-09-14 02:00:00,5874.794335671961,7919.525692502682,5639.63208839765
2024-09-14 03:00:00,5286.702460799895,7159.576677351791,4576.141987727957
2024-09-14 04:00:00,4764.467443737768,5657.553911236571,3804.280583352088
2024-09-14 05:00:00,3927.8006898234016,4241.027029166889,3296.006436727436
2024-09-14 06:00:00,3762.254876243209,4222.141769699723,3128.0046412905235
2024-09-14 07:00:00,3550.248306169786,3927.6746225617753,2729.0704562247356
2024-09-14 08:00:00,3550.248306169786,3526.076859567209,2729.0704562247356
2024-09-14 09:00:00,3550.248306169786,3526.076859567209,2729.0704562247356
2024-09-14 10:00:00,3509.4365324612736,3366.3481516818974,2902.793709452372
2024-09-14 11:00:00,3509.4365324612736,3366.3481516818974,2997.2745165355436
2024-09-14 12:00:00,3710.8313458593766,3871.62906237839,3016.9277764503668
2024-09-14 13:00:00,3813.0862812859723,3871.62906237839,2997.2745165355436
2024-09-14 14:00:00,3813.0862812859723,3385.9276355637594,2769.4095933242656
2024-09-14 15:00:00,3359.8162886897517,3385.9276355637594,2769.4095933242656
2024-09-14 16:00:00,3359.8162886897517,3701.6659927520486,3062.57282763391
2024-09-14 17:00:00,3633.4289387107347,4419.307866764224,3091.2685439407082
2024-09-14 18:00:00,3907.816668038038,4649.434320500353,3206.0419080977063
2024-09-14 19:00:00,3907.816668038038,4649.434320500353,3206.0419080977063
2024-09-14 20:00:00,3964.1390872359134,5227.751724145091,3412.3154030939168
2024-09-14 21:00:00,3964.1390872359134,5501.624014987634,3412.3154030939168
2024-09-14 22:00:00,3964.1390872359134,5501.624014987634,3508.7872491993326
2024-09-14 23:00:00,3784.0115657482165,5438.467433166883,3508.7872491993326
2024-09-15 00:00:00,3624.8060774538353,4793.315332080935,3166.292454488958
2024-09-15 01:00:00,3156.485107984634,2904.1425808178665,2088.413564302902
2024-09-15 02:00:00,3183.049152988415,3062.393124134478,2189.606561524862
2024-09-15 03:00:00,3183.049152988415,3443.5378154987848,2342.5338898211785
2024-09-15 04:00:00,2894.575684757494,3443.5378154987848,2342.5338898211785
2024-09-15 05:00:00,2894.575684757494,2904.986506359397,2172.991093340448
2024-09-15 06:00:00,2780.3412976709496,2564.0238956884714,2072.5108730181632
2024-09-15 07:00:00,2678.090564654476,2564.0238956884714,1930.3884240376406
2024-09-15 08:00:00,2640.9321332808395,2552.5793107093978,1930.3884240376406
2024-09-15 09:00:00,2439.42640289243,2552.5793107093978,1930.3884240376406
2024-09-15 10:00:00,2277.664406214948,2552.7204224975885,1756.5809216485338
2024-09-15 11:00:00,2259.825897183282,2744.988465247314,1529.4073101495221
2024-09-15 12:00:00,2259.825897183282,2744.988465247314,1529.4073101495221
2024-09-15 13:00:00,2485.7134811307405,2959.185543274798,2207.1189817959043
2024-09-15 14:00:00,2486.4183724421473,3336.8174783740124,2582.7751574329654
2024-09-15 15:00:00,2958.058371860099,3426.1568146295413,2932.313241928565
2024-09-15 16:00:00,3496.012494187693,4476.309454576958,3129.984389739823
2024-09-15 17:00:00,4228.550377239904,5719.328990828963,4275.426819466469
2024-09-15 18:00:00,4559.919915158916,5885.542719224628,4303.52272626555
2024-09-15 19:00:00,4559.919915158916,6223.695388412806,4367.042150958477
2024-09-15 20:00:00,4709.753836632243,6508.094103669677,4869.747525836628
2024-09-15 21:00:00,4709.753836632243,6361.547731831984,5063.280121762688
2024-09-15 22:00:00,4709.753836632243,6408.216925808832,5063.280121762688
2024-09-15 23:00:00,4600.470851627771,6361.547731831984,4837.5945174120025
2024-09-16 00:00:00,4552.209726739427,6158.668663726345,4755.363370790021
2024-09-16 01:00:00,3786.9286630209926,4394.383668949592,3802.2671613124094
2024-09-16 02:00:00,3729.461427716604,4182.060114471011,3798.676790074919
2024-09-16 03:00:00,3405.2171253843153,3997.492505606646,3451.3502937863195
2024-09-16 04:00:00,3073.688402532578,3715.3198795100034,2888.348990082992
2024-09-16 05:00:00,3073.688402532578,3694.1708304690364,2822.223584623739
2024-09-16 06:00:00,3117.2910576490995,3638.944898573516,2739.460902337315
2024-09-16 07:00:00,3289.1149387277437,3597.0246334526037,2739.460902337315
2024-09-16 08:00:00,3289.1149387277437,3597.0246334526037,2705.522794155577
2024-09-16 09:00:00,3078.4754308828597,3320.4596421805163,2669.071474591204
2024-09-16 10:00:00,2601.710759675643,2997.5848584406176,2669.071474591204
2024-09-16 11:00:00,2601.710759675643,2794.9557190573414,2663.795118862267
2024-09-16 12:00:00,2628.4982632437623,2705.946448014749,2663.795118862267
2024-09-16 13:00:00,2795.821060282062,2577.662115616353,2446.554521260263
2024-09-16 14:00:00,2927.564482165737,2705.946448014749,2271.8477048157915
2024-09-16 15:00:00,2903.6417523713353,2729.741870402837,2231.8109131696974
2024-09-16 16:00:00,2903.6417523713353,2879.0931610664557,2117.6075408963834
2024-09-16 17:00:00,2765.801872226477,3036.580716176526,2070.5857374874313
2024-09-16 18:00:00,2765.801872226477,3036.580716176526,2070.5857374874313
2024-09-16 19:00:00,3203.5158790332753,3142.138704845742,2543.7710551130567
2024-09-16 20:00:00,3288.2191440204715,3656.0222016946464,2617.96448447959
2024-09-16 21:00:00,3420.6269886549107,3756.29869775362,2624.6037051700323
2024-09-16 22:00:00,3647.840804952266,4240.955951976926,3128.5244223846494
2024-09-16 23:00:00,3832.0391716793565,4384.052311154424,3128.5244223846494
2024-09-17 00:00:00,3917.394718125184,4416.039565162482,3068.1698872741085
2024-09-17 01:00:00,4345.267396460017,3953.9990520131714,2606.1592923543494
2024-09-17 02:00:00,4132.873645141024,3915.6391739927913,2478.950887271046
2024-09-17 03:00:00,4132.873645141024,3915.6391739927913,2478.950887271046
2024-09-17 04:00:00,4364.752397841117,4044.4457841779913,2506.9860013493826
2024-09-17 05:00:00,4364.752397841117,4044.4457841779913,2506.9860013493826
2024-09-17 06:00:00,4318.005620731891,3883.2057573526818,2494.7166630479937
2024-09-17 07:00:00,3734.6004887987947,3883.2057573526818,2069.00568620857
2024-09-17 08:00:00,3734.6004887987947,3899.4991768780765,2069.00568620857
2024-09-17 09:00:00,3601.581868371515,3922.764132282635,2685.633674812221
2024-09-17 10:00:00,3601.581868371515,3922.764132282635,2685.633674812221
2024-09-17 11:00:00,3130.641362364504,3355.0893495715736,2542.6339666145996
2024-09-17 12:00:00,2663.788229166057,2911.12455071588,1926.4479897312299
2024-09-17 13:00:00,2531.885277237623,2911.12455071588,1926.4479897312299
2024-09-17 14:00:00,2531.885277237623,2944.2011823013036,1935.955780660588
2024-09-17 15:00:00,2796.6598958526993,3089.8291270379323,1976.1841676634938
2024-09-17 16:00:00,2796.6598958526993,3089.8291270379323,2006.5297046904452
2024-09-17 17:00:00,2762.879325475349,3089.8291270379323,2198.2681878788453
2024-09-17 18:00:00,2762.879325475349,3737.77568375818,2829.9807335220426
2024-09-17 19:00:00,3172.2425157254984,3744.161949160847,2829.9807335220426
2024-09-17 20:00:00,3342.668197791196,3806.678093048853,2758.381315430587
2024-09-17 21:00:00,3426.154951034623,3806.678093048853,2758.381315430587
2024-09-17 22:00:00,3631.9096240307663,4177.60574998499,2867.3062989341497
2024-09-17 23:00:00,3631.9096240307663,4351.894506238263,2867.3062989341497
2024-09-18 00:00:00,3624.413083702104,4494.716236486375,2702.5703286547227
2024-09-18 01:00:00,2948.133259450433,3618.837215889892,2216.5732719056723
2024-09-18 02:00:00,3164.7420876714186,3773.4769198897375,2452.9373100342555
2024-09-18 03:00:00,3164.7420876714186,3786.1211094530518,2609.6338060143958
2024-09-18 04:00:00,3378.2992359837644,3773.4769198897375,2609.6338060143958
2024-09-18 05:00:00,3511.4296054793012,3786.1211094530518,2658.1337283792896
2024-09-18 06:00:00,3627.1143210567698,3688.8861074528068,2578.538718204286
2024-09-18 07:00:00,3627.1143210567698,3688.8861074528068,2354.816146843354
2024-09-18 08:00:00,3619.996177329598,3253.007770749624,2354.816146843354
2024-09-18 09:00:00,3427.5711199474845,3242.322302096405,2344.995233879563
2024-09-18 10:00:00,3320.8150087172653,2543.3108592889294,2344.995233879563
2024-09-18 11:00:00,2837.1016355396496,2543.3108592889294,2187.507908588614
2024-09-18 12:00:00,2508.6854776260734,2682.574374607513,2094.9161003760273
2024-09-18 13:00:00,2508.6854776260734,2682.574374607513,1990.7892614905272
2024-09-18 14:00:00,2541.976255235717,2611.9936654753674,1900.5171842022557
2024-09-18 15:00:00,2541.976255235717,2611.9936654753674,1794.4840211526955
2024-09-18 16:00:00,2401.747271216589,2750.2291586736737,1726.7466522106179
2024-09-18 17:00:00,2401.747271216589,3030.486098021949,1534.786870140356
2024-09-18 18:00:00,2821.3198519511534,3218.1660660862126,1534.786870140356
2024-09-18 19:00:00,2824.368851598918,3413.8253680682246,2269.134769569715
2024-09-18 20:00:00,3061.41606737431,3446.2217687236025,2317.271877871519
2024-09-18 21:00:00,3413.4191325341144,4018.658498825682,2610.3647530703656
2024-09-18 22:00:00,3608.3908608200745,4566.668288090781,2847.7675245342098
2024-09-18 23:00:00,3608.3908608200745,4566.668288090781,2847.7675245342098
2024-09-19 00:00:00,3388.146553415714,4359.2301878958215,3010.3488204642404
2024-09-19 01:00:00,6746.671191365298,6520.4158724554745,4831.909188586278
2024-09-19 02:00:00,6678.543226596832,6107.458274068467,4627.471273672375
2024-09-19 03:00:00,5595.546592098812,5575.777409678811,3801.1794900856885
2024-09-19 04:00:00,4929.773957625468,4792.89104019317,2965.039854416199
2024-09-19 05:00:00,3803.4524841765087,4040.275606193689,2751.0085292723315
2024-09-19 06:00:00,3682.109834129198,3837.9103058379296,2751.0085292723315
2024-09-19 07:00:00,3373.4104455517245,3730.3554183850774,2717.8818307531387
2024-09-19 08:00:00,3373.4104455517245,3730.3554183850774,2414.7687626158972
2024-09-19 09:00:00,3594.4589286169394,3892.842896893075,2414.7687626158972
2024-09-19 10:00:00,3670.278758726721,4040.089083304594,2535.5577126336175
2024-09-19 11:00:00,3866.4530265203557,4667.441692350225,3321.9260348093644
2024-09-19 12:00:00,3866.4530265203557,4667.441692350225,3321.9260348093644
2024-09-19 13:00:00,3005.094180607086,3283.376844958084,2077.0836341735708
2024-09-19 14:00:00,2890.0040896615556,3283.376844958084,2077.0836341735708
2024-09-19 15:00:00,2890.0040896615556,3997.223232949087,2445.5845282319056
2024-09-19 16:00:00,3646.855580625086,4629.461429126937,3828.91021364457
2024-09-19 17:00:00,5069.159126341519,6684.193745446939,4711.355681568476
2024-09-19 18:00:00,5271.255555637924,7837.15211634355,5146.275128888466
2024-09-19 19:00:00,5645.472651008365,9438.254689131427,6431.456944611184
2024-09-19 20:00:00,6571.184573406876,10123.814027349352,6977.7587273196705
2024-09-19 21:00:00,8760.383440466692,12049.184597833331,8323.669038141226
2024-09-19 22:00:00,10470.860585967439,12481.056005804328,8850.45132124523
2024-09-19 23:00:00,11219.988424163392,13214.217300693157,10045.67965183406
2024-09-20 00:00:00,11385.191083427482,13314.548711461932,10391.499005296308
2024-09-20 01:00:00,8684.055693062444,12555.968229277492,9275.362853230446
2024-09-20 02:00:00,8692.814298435638,12212.661148165878,9113.011014408075
2024-09-20 03:00:00,8266.67253421578,11844.042034588761,8294.215957536573
2024-09-20 04:00:00,7897.429544593175,11284.806658384156,8146.939850090871
2024-09-20 05:00:00,6773.654717395788,10294.213173888944,7320.249709278799
2024-09-20 06:00:00,6522.794257982309,9317.18296308274,7214.7724695246425
2024-09-20 07:00:00,5670.244187264781,7710.684066094775,6025.288561739281
2024-09-20 08:00:00,4391.096589741956,6805.998306253468,4457.5492245075975
2024-09-20 09:00:00,4351.388648805604,6084.620487074202,4238.8894386698885
2024-09-20 10:00:00,3585.5532433351746,5474.06855880335,3975.653651566145
2024-09-20 11:00:00,3585.5532433351746,5474.06855880335,3975.653651566145
2024-09-20 12:00:00,3879.1421655254107,6623.3035606406875,3975.653651566145
2024-09-20 13:00:00,4109.508171448244,6625.604304549142,4649.235424872254
2024-09-20 14:00:00,4129.050123416175,6806.796958955322,4912.464437241345
2024-09-20 15:00:00,5958.18182355071,8240.917062379545,6689.723256906798
2024-09-20 16:00:00,7204.695406554917,10203.149311966295,7627.259091482867
2024-09-20 17:00:00,7204.695406554917,10203.149311966295,7627.259091482867
2024-09-20 18:00:00,6793.337478390964,9778.59953845998,7131.640050392451
2024-09-20 19:00:00,6793.337478390964,9778.59953845998,7131.640050392451
2024-09-20 20:00:00,9411.954448776376,10562.429773839453,8088.0460040616335
2024-09-20 21:00:00,9411.954448776376,10681.784057852812,8906.239533074478
2024-09-20 22:00:00,9011.375575117578,10681.784057852812,8906.239533074478
2024-09-20 23:00:00,7605.749519077586,8909.7085843897,6967.570656020681
2024-09-21 00:00:00,7493.169870422329,8820.453259192078,6911.1350482754915
2024-09-21 01:00:00,6683.063228378176,7253.238730055804,5755.685268813966
2024-09-21 02:00:00,6702.729693399495,7359.399003313715,5725.667578150024
2024-09-21 03:00:00,7010.017649143771,8307.742124514227,5964.253228207685
2024-09-21 04:00:00,7314.060386182162,8307.742124514227,6762.902993483019
2024-09-21 05:00:00,7314.060386182162,8932.515056009011,7118.801921788918
2024-09-21 06:00:00,7314.060386182162,8932.515056009011,7274.768092375506
2024-09-21 07:00:00,7334.672632089966,9800.73882454903,7453.692094841323
2024-09-21 08:00:00,8442.555028640778,10180.722120432261,8369.693657277465
2024-09-21 09:00:00,8552.824073940365,10550.551418725914,8461.460922518456
2024-09-21 10:00:00,8442.555028640778,10180.722120432261,8369.693657277465
2024-09-21 11:00:00,7663.037846607656,9889.379108378149,8055.354084517808
2024-09-21 12:00:00,7663.037846607656,9889.379108378149,8055.354084517808
2024-09-21 13:00:00,7817.333836449241,9889.379108378149,8169.975345393992
2024-09-21 14:00:00,8378.167337300705,10438.460944075643,8942.748297070679
2024-09-21 15:00:00,9699.80245939678,10463.948459478246,8942.748297070679
2024-09-21 16:00:00,10726.557152821992,12467.376928979022,9997.689743513838
2024-09-21 17:00:00,11816.633426846964,12734.062529579523,10806.112627550585
2024-09-21 18:00:00,12303.825940381985,13961.471544423594,12716.3033985534
2024-09-21 19:00:00,12303.825940381985,13961.471544423594,12716.3033985534
2024-09-21 20:00:00,11873.856665013023,12827.259152560153,11899.539864025146
2024-09-21 21:00:00,11637.298948107466,11977.991580136997,11510.280407213031
2024-09-21 22:00:00,8285.098434682626,9531.58800407046,8079.263101205981
2024-09-21 23:00:00,6123.8495557965525,8064.672919944651,5992.143036219195
2024-09-22 00:00:00,6076.830204065713,7930.073054293789,5596.769801226703
2024-09-22 01:00:00,10293.285246213709,11433.634230584441,9134.788891979148
2024-09-22 02:00:00,10035.242162040127,11199.75955874056,8973.23111187309
2024-09-22 03:00:00,9503.107941012695,10373.539376598066,8401.000103217551
2024-09-22 04:00:00,8035.909039235337,9281.981735634787,7230.973081338155
2024-09-22 05:00:00,7874.151737114479,8442.262933204533,7230.973081338155
2024-09-22 06:00:00,7381.40956100252,8442.262933204533,6993.21105375651
2024-09-22 07:00:00,6892.053683650577,8442.262933204533,6993.21105375651
2024-09-22 08:00:00,6748.942212293183,8329.004074654793,6783.38666466981
2024-09-22 09:00:00,6182.43879514701,7563.243303175894,5730.7054517860715
2024-09-22 10:00:00,5083.750603923466,7182.2432025018325,5567.457616359673
2024-09-22 11:00:00,5068.982982124929,6977.306372992287,5242.201877556064
2024-09-22 12:00:00,4985.1068980183845,6451.426499465005,5080.780808293242
2024-09-22 13:00:00,4985.1068980183845,6451.426499465005,5053.271953488611
2024-09-22 14:00:00,4786.920520629151,6692.648803901103,5016.547459846091
2024-09-22 15:00:00,5108.849533939619,6692.648803901103,5016.547459846091
2024-09-22 16:00:00,5108.849533939619,6646.872564497143,5016.547459846091
2024-09-22 17:00:00,5108.849533939619,6297.184134902098,5002.369740998405
2024-09-22 18:00:00,5101.4564417553065,6530.75248649051,4998.515136162558
2024-09-22 19:00:00,5101.4564417553065,6214.201961686542,4875.539236991244
2024-09-22 20:00:00,5199.425651570328,6214.201961686542,4679.9038419285735
2024-09-22 21:00:00,5247.673489467672,6214.201961686542,4679.9038419285735
2024-09-22 22:00:00,5309.853354652127,6431.13930088394,4817.263456359128
2024-09-22 23:00:00,5309.853354652127,6431.13930088394,4817.263456359128
2024-09-23 00:00:00,5152.396573152724,6353.3398658520055,4649.432866718785
2024-09-23 01:00:00,4424.15361369036,5290.6779481785725,3284.776252959099
2024-09-23 02:00:00,4407.360410795485,5235.025428722331,3071.11806726551
2024-09-23 03:00:00,4276.749524321425,5175.187799753954,2998.246688901393
2024-09-23 04:00:00,4249.373188250776,5175.187799753954,2968.85253667254
2024-09-23 05:00:00,4249.373188250776,5212.923035560578,2968.85253667254
2024-09-23 06:00:00,4249.373188250776,5212.923035560578,3030.5979891506404
2024-09-23 07:00:00,4107.356524787918,4875.378974623296,3030.5979891506404
2024-09-23 08:00:00,3988.5653067567437,4764.8461528889475,2966.582847770576
2024-09-23 09:00:00,3910.311260590028,4509.706977749878,2915.6936204864633
2024-09-23 10:00:00,3597.7334756550663,4020.8169407277765,2825.3058311069944
2024-09-23 11:00:00,3382.6931845699874,3805.8455004168973,2825.3058311069944
2024-09-23 12:00:00,3076.9454059603177,3518.85169168581,2830.5130952982654
2024-09-23 13:00:00,3052.9231827821313,3335.5903094355126,2929.15960507053
2024-09-23 14:00:00,2929.213412523113,3302.7649230184834,2929.15960507053
2024-09-23 15:00:00,2857.166500182535,3302.7150373220393,2659.6835847838274
2024-09-23 16:00:00,2774.6588340286835,3216.1915535584776,2171.390504493424
2024-09-23 17:00:00,2774.6588340286835,3201.4714375568637,2171.390504493424
2024-09-23 18:00:00,2880.0935264094915,3201.4714375568637,2314.0029361255674
2024-09-23 19:00:00,2965.2875049377653,3575.3493389377854,2460.0411090662337
2024-09-23 20:00:00,3006.000983571219,3575.3493389377854,2460.0411090662337
2024-09-23 21:00:00,3015.5258473017548,3511.8106705703467,2223.2976269518044
2024-09-23 22:00:00,3015.5258473017548,3511.8106705703467,2222.2427445389053
2024-09-23 23:00:00,3101.1086275125654,3545.24481581277,2223.2976269518044
2024-09-24 00:00:00,3104.506976078107,3615.6561668368886,2219.849854249932
2024-09-24 01:00:00,3158.968975453078,3339.7122576789625,1996.4346121715655
2024-09-24 02:00:00,3185.030236590019,3261.3341988614393,1987.325332770908
2024-09-24 03:00:00,3250.275073441313,3143.0955735614225,1957.668758323867
2024-09-24 04:00:00,3250.275073441313,3104.202592771393,1957.668758323867
2024-09-24 05:00:00,3217.5717532476738,3143.0955735614225,1996.3106131458605
2024-09-24 06:00:00,3131.806765238396,3254.5659585162557,2107.3336945483047
2024-09-24 07:00:00,2900.0463392334223,3254.5659585162557,2107.3336945483047
2024-09-24 08:00:00,2822.871716358417,3248.7378455910602,2136.820613059221
2024-09-24 09:00:00,2644.732655762593,2703.7506428852885,2136.820613059221
2024-09-24 10:00:00,2361.547196423675,2698.183191179696,1960.8867942539825
2024-09-24 11:00:00,2331.4211832812543,2527.6327810525563,1960.8867942539825
2024-09-24 12:00:00,2282.501734875499,2527.6327810525563,1999.0213286381834
2024-09-24 13:00:00,2282.501734875499,2527.6327810525563,1999.0213286381834
2024-09-24 14:00:00,2562.2456904968403,2572.237830257389,1809.41989225104
2024-09-24 15:00:00,2562.2456904968403,2812.4537678823963,1719.7022499448535
2024-09-24 16:00:00,2429.689538021834,2819.0400627275794,1809.41989225104
2024-09-24 17:00:00,2429.689538021834,2819.0400627275794,1878.405032582094
2024-09-24 18:00:00,2570.9017834840542,3222.3545397303933,2024.0415264960125
2024-09-24 19:00:00,2915.466097622433,3640.0047607485467,2156.412826680284
2024-09-24 20:00:00,3400.8996443872074,3734.36441153785,2198.955206679672
2024-09-24 21:00:00,3613.686234403134,3796.3332183737075,2529.2492084790756
2024-09-24 22:00:00,3552.876176917771,4034.333112154194,2398.3950429289307
2024-09-24 23:00:00,3552.876176917771,4034.333112154194,2398.3950429289307
2024-09-25 00:00:00,3473.5802789672516,3863.483448135791,2298.587588341477
2024-09-25 01:00:00,3479.728344002543,3852.8281390105158,2767.924355069449
2024-09-25 02:00:00,3476.036056768866,3725.879502898306,2708.85787498042
2024-09-25 03:00:00,3455.983462542792,3649.464217957753,2547.7099114124608
2024-09-25 04:00:00,3305.3178955510775,3554.2426260475368,2530.555717888757
2024-09-25 05:00:00,3187.6854184751246,3402.5488336730723,1920.9370619934086
2024-09-25 06:00:00,3169.0764856045207,3402.5488336730723,1920.9370619934086
2024-09-25 07:00:00,3169.0764856045207,3454.3762582173567,2201.6081369859885
2024-09-25 08:00:00,3169.0764856045207,3454.3762582173567,2395.5561172968387
2024-09-25 09:00:00,3060.9737791955886,2800.6727482171264,2395.5561172968387
2024-09-25 10:00:00,2752.6479456659,2554.508929135289,2009.7388881572233
2024-09-25 11:00:00,2564.260885434742,2554.508929135289,1746.6965657648402
2024-09-25 12:00:00,2564.260885434742,2696.8315069793007,1746.6965657648402
2024-09-25 13:00:00,2605.4192216946067,2696.8315069793007,1764.0492764764765
2024-09-25 14:00:00,2605.4192216946067,2688.780645556213,1867.584720858713
2024-09-25 15:00:00,2569.1590788351477,2688.780645556213,1862.7307048633522
2024-09-25 16:00:00,2569.1590788351477,2857.004128198656,2080.575271687327
2024-09-25 17:00:00,2887.478094586417,3081.4727825045757,1879.6963717781023
2024-09-25 18:00:00,3404.2362836762786,3417.528715735216,2130.8123720156477
2024-09-25 19:00:00,3467.8343799267495,3418.9348670866,2533.099540261578
2024-09-25 20:00:00,3557.416879166778,3825.191297885196,2994.9098928118538
2024-09-25 21:00:00,3557.416879166778,3993.12448068726,3109.2139678224357
2024-09-25 22:00:00,4254.267040749641,4643.825387550447,3330.587114846436
2024-09-25 23:00:00,4254.267040749641,4643.825387550447,3109.2139678224357
2024-09-26 00:00:00,4286.808036337353,4406.950731709418,2993.829940157858
2024-09-26 01:00:00,5881.76391767261,5570.5392307321035,3472.164057114647
2024-09-26 02:00:00,5926.103481728941,5678.558120062229,3182.3570013246954
2024-09-26 03:00:00,5524.7841537701715,5273.516731269052,3100.0961172674006
2024-09-26 04:00:00,4949.8326735355495,4955.651835872755,2559.560146123994
2024-09-26 05:00:00,4583.837688423008,4779.016205740185,2559.560146123994
2024-09-26 06:00:00,4578.410315683272,4554.05483406028,2559.560146123994
2024-09-26 07:00:00,3766.6382612297475,3845.9512845997506,2110.785785784384
2024-09-26 08:00:00,2996.575915439502,3373.3239692553434,2089.4580512569933
2024-09-26 09:00:00,2996.575915439502,3321.68082783671,2039.8218121961552
2024-09-26 10:00:00,3008.812809254825,3321.68082783671,2089.4580512569933
2024-09-26 11:00:00,3008.812809254825,3321.68082783671,2267.9165792131416
2024-09-26 12:00:00,2879.0860327358205,3549.833644618451,2355.5819330797826
2024-09-26 13:00:00,2879.0860327358205,3121.455037443562,2355.5819330797826
2024-09-26 14:00:00,3091.827846749273,3121.7135223318146,2416.1111184860238
2024-09-26 15:00:00,3221.844048983432,3121.7135223318146,2603.0244275039713
2024-09-26 16:00:00,3221.844048983432,3368.873579938876,2603.0244275039713
2024-09-26 17:00:00,3212.063042316786,3600.007326768171,2397.2531475408314
2024-09-26 18:00:00,3212.063042316786,3600.007326768171,2397.2531475408314
2024-09-26 19:00:00,3436.1467236339377,3636.3560790625124,2542.940229714508
2024-09-26 20:00:00,3558.796829396071,3900.3601000254966,2811.5639893094053
2024-09-26 21:00:00,3650.522189492327,4052.055402896038,2811.5639893094053
2024-09-26 22:00:00,3855.3648809582664,4052.055402896038,2807.772723016914
2024-09-26 23:00:00,3855.3648809582664,3854.017874920155,2708.93674730643
2024-09-27 00:00:00,3793.5458644626397,3851.9388084638113,2606.5138623829903
2024-09-27 01:00:00,3053.936897853164,3321.8854437357413,1758.2140725526697
2024-09-27 02:00:00,3075.345379899225,3293.0173206652216,1860.193929586517
2024-09-27 03:00:00,3075.345379899225,2871.535874066849,1860.193929586517
2024-09-27 04:00:00,3035.4693148193655,2871.535874066849,2178.475002817461
2024-09-27 05:00:00,3035.4693148193655,2981.1801943735845,2269.7106387699946
2024-09-27 06:00:00,3053.781466762155,3181.682561558033,2269.7106387699946
2024-09-27 07:00:00,3053.781466762155,3242.304324304221,2269.7106387699946
2024-09-27 08:00:00,2841.6116812834716,3242.304324304221,2243.4131364285986
2024-09-27 09:00:00,2688.2979231997924,3169.0343756513485,2191.786563329262
2024-09-27 10:00:00,2688.2979231997924,3126.9159782409515,2169.405860923972
2024-09-27 11:00:00,2882.4095311268356,3058.02229915148,2099.8414772729666
2024-09-27 12:00:00,2897.7601533084853,3057.7824505685294,2099.8414772729666
2024-09-27 13:00:00,2920.8874579246185,3057.7824505685294,2766.340931242843
2024-09-27 14:00:00,2951.985271849997,3809.6551550820914,2963.125293243473
2024-09-27 15:00:00,3073.6284776698103,3909.1391908036767,3087.8099564454837
2024-09-27 16:00:00,3403.5402814093704,3965.3627849342847,3087.8099564454837
2024-09-27 17:00:00,3403.5402814093704,3965.3627849342847,2683.7967074185817
2024-09-27 18:00:00,3403.5402814093704,4016.9033923555035,2683.7967074185817
2024-09-27 19:00:00,3627.3583810882974,4475.043129264925,3007.9051611442364
2024-09-27 20:00:00,3627.3583810882974,4475.043129264925,3007.9051611442364
2024-09-27 21:00:00,3400.156370929877,4429.572050383273,2966.462938196342
2024-09-27 22:00:00,3400.156370929877,4117.5546413914835,2769.995543061321
2024-09-27 23:00:00,3400.156370929877,4016.666988202567,2548.57651552866
2024-09-28 00:00:00,3403.228016853959,3832.860188382284,2533.4258886886
2024-09-28 01:00:00,3559.707439718951,4257.192466811173,2817.582458295469
2024-09-28 02:00:00,3515.9381220969917,4271.889149912951,2923.8254099107075
2024-09-28 03:00:00,3603.47675734091,4271.889149912951,2923.8254099107075
2024-09-28 04:00:00,4089.997288375027,5189.240202285318,3264.5014794781955
2024-09-28 05:00:00,4205.873955358333,5424.185131828504,3609.713877933996
2024-09-28 06:00:00,4314.544476010986,5437.342649299968,3609.713877933996
2024-09-28 07:00:00,4205.873955358333,5466.694050474513,3580.167157958509
2024-09-28 08:00:00,4301.698740727692,5478.876617714559,3580.167157958509
2024-09-28 09:00:00,4301.698740727692,5620.671935704824,3593.667217442762
2024-09-28 10:00:00,4301.698740727692,5727.446280562868,3596.1349640925596
2024-09-28 11:00:00,4582.9834835758575,5840.068382376088,3911.099539022335
2024-09-28 12:00:00,4601.780860255234,5727.446280562868,3596.1349640925596
2024-09-28 13:00:00,4601.780860255234,5295.150941677795,3420.2929411502323
2024-09-28 14:00:00,4347.888109383517,4752.9493935208175,3420.2929411502323
2024-09-28 15:00:00,3747.877397508768,4409.1835407688195,3264.2461486860448
2024-09-28 16:00:00,3718.7978415868656,4143.837704587942,3148.7650445521617
2024-09-28 17:00:00,3338.3714637046833,4066.179459149198,2769.332073901887
2024-09-28 18:00:00,3078.6339586561426,3902.726876383862,2769.332073901887
2024-09-28 19:00:00,3044.8746695389545,3713.5447325251134,2934.9879140947596
2024-09-28 20:00:00,3044.8746695389545,3574.8541190607284,2934.9879140947596
2024-09-28 21:00:00,3046.907961339306,3574.8541190607284,3027.3720731914336
2024-09-28 22:00:00,3050.9392323162974,3667.156996607304,3066.747154836195
2024-09-28 23:00:00,3046.907961339306,3704.197292865101,3171.0745888536935
2024-09-29 00:00:00,3003.9913124026825,3764.5882285453927,3185.9674665561342
2024-09-29 01:00:00,3405.6484712929396,3879.1152055975917,3026.1432134790393
2024-09-29 02:00:00,3397.1977373001337,3914.3971763635946,3007.358860094112
2024-09-29 03:00:00,3414.0992052857455,3933.2574365581368,3007.358860094112
2024-09-29 04:00:00,3469.219525427525,3973.402388759381,3101.935229697895
2024-09-29 05:00:00,3469.219525427525,3933.2574365581368,3101.935229697895
2024-09-29 06:00:00,3397.352539160911,4110.939068430065,2876.2998170448186
2024-09-29 07:00:00,3341.698104949737,4048.6657513259597,2726.3545472966753
2024-09-29 08:00:00,3184.2057732654157,4048.6657513259597,2483.453946154474
2024-09-29 09:00:00,3021.9317653135786,3966.5738852649956,2343.630692226265
2024-09-29 10:00:00,2798.1142755116307,3565.198245663054,2483.453946154474
2024-09-29 11:00:00,2759.0062709644826,3506.576072136506,2228.0685059852626
2024-09-29 12:00:00,2601.996240900962,3271.17454966699,2461.1335562017016
2024-09-29 13:00:00,2601.996240900962,3271.17454966699,2461.1335562017016
2024-09-29 14:00:00,2777.025039327149,3271.17454966699,2680.411534990807
2024-09-29 15:00:00,2777.025039327149,3284.147340198944,2680.411534990807
2024-09-29 16:00:00,2824.9945275411483,3284.147340198944,2255.3367275178284
2024-09-29 17:00:00,2791.2764770206286,3633.3645505682452,2255.3367275178284
2024-09-29 18:00:00,2824.9945275411483,3633.3645505682452,2339.024597166498
2024-09-29 19:00:00,2893.3331945266546,3556.3454914488466,2627.639264123039
2024-09-29 20:00:00,3027.7310327872347,3556.3454914488466,2636.802711040377
2024-09-29 21:00:00,3027.7310327872347,3826.9498566205275,2627.639264123039
2024-09-29 22:00:00,3106.6943293505483,4014.443350908312,2536.46924233533
2024-09-29 23:00:00,3382.633969481112,4014.443350908312,2478.9246609105285
2024-09-30 00:00:00,3459.6889291262187,4223.611832775923,2437.790449711817
2024-09-30 01:00:00,3443.194602917857,3681.1299865541096,2164.410686359629
2024-09-30 02:00:00,3461.804825890482,3777.325355134424,2246.5226430943612
2024-09-30 03:00:00,3708.664921640131,3777.325355134424,2605.667319094136
2024-09-30 04:00:00,3803.752961478058,4496.089596896778,2781.7954787981425
2024-09-30 05:00:00,3803.752961478058,4543.183566525411,2643.4002672874426
2024-09-30 06:00:00,3803.752961478058,4543.183566525411,2922.2437080397244
2024-09-30 07:00:00,3761.1379207121354,4419.890239750419,2643.4002672874426
2024-09-30 08:00:00,3723.0246519161738,3968.014893113519,2147.4268660174935
2024-09-30 09:00:00,2610.944009933759,3141.2040921893804,2023.4755783043233
2024-09-30 10:00:00,2537.1350104922785,3061.714431062306,1793.8325586303874
2024-09-30 11:00:00,2511.3983923353408,2810.7115073158166,2014.3077152826324
2024-09-30 12:00:00,2511.3983923353408,2810.7115073158166,2014.3077152826324
2024-09-30 13:00:00,2535.510343451593,2810.7115073158166,2014.3077152826324
2024-09-30 14:00:00,2633.6799865845805,2890.4151690572526,2304.6420941030674
2024-09-30 15:00:00,2671.9400777910105,2730.972933508132,1965.008636093729
2024-09-30 16:00:00,2756.7511245940077,2890.4151690572526,2405.0335983338896
2024-09-30 17:00:00,3402.042971265979,3677.1044316753378,2678.8125860245705
2024-09-30 18:00:00,3826.7758111949042,3722.8068628447436,2835.812732898357
2024-09-30 19:00:00,4838.65127864191,5002.963015240308,3860.5903538389775
2024-09-30 20:00:00,5854.349578934057,6791.111370772286,4686.945790804982
2024-09-30 21:00:00,6731.273472623679,8332.375148469788,5730.962483917025
2024-09-30 22:00:00,8120.810249395589,10218.746979496122,7451.484126655975
2024-09-30 23:00:00,9796.4917604293,10622.123444068977,8170.972583186576
2024-10-01 00:00:00,10360.312669314624,11031.436964598255,8665.447051337764
2024-10-01 01:00:00,13628.04105159027,14503.088631373012,11223.654740667775
2024-10-01 02:00:00,14977.39695849545,15274.545471429217,11934.782253743831
2024-10-01 03:00:00,16145.201192596309,16726.15068470319,12809.89126262724
2024-10-01 04:00:00,16782.32131955485,17328.52145423127,14102.668847952784
2024-10-01 05:00:00,16782.32131955485,17713.652288211597,14102.668847952784
2024-10-01 06:00:00,16596.672141527913,17750.58946925542,14534.903911676061
2024-10-01 07:00:00,16326.103727545848,17713.652288211597,14043.258487433126
2024-10-01 08:00:00,15332.22266518561,16924.838504872372,14043.258487433126
2024-10-01 09:00:00,13558.743457251738,15676.077188476946,12707.396874152546
2024-10-01 10:00:00,12475.58836065888,15485.229490667496,12543.862697219047
2024-10-01 11:00:00,11375.41694019081,14301.20080320854,11956.665493258988
2024-10-01 12:00:00,11184.744538714225,13682.597367990937,11566.184041071701
2024-10-01 13:00:00,11184.744538714225,13382.474889692501,11349.838821536421
2024-10-01 14:00:00,11477.823365411368,13382.474889692501,11349.838821536421
2024-10-01 15:00:00,12410.541688700043,13551.690739250565,12232.33720853327
2024-10-01 16:00:00,14083.966944830137,15126.709524975227,12728.88978358568
2024-10-01 17:00:00,14189.470444224418,16207.74271410637,13339.52023354844
2024-10-01 18:00:00,14687.978055097332,16233.210013903903,13590.11656913851
2024-10-01 19:00:00,14794.099007482717,17799.14413288914,14155.19857346549
2024-10-01 20:00:00,15997.74886174698,18526.624776266057,14924.636509795862
2024-10-01 21:00:00,15997.74886174698,18526.624776266057,14924.636509795862
2024-10-01 22:00:00,15885.575030537468,17464.392627416193,13236.07231898958
2024-10-01 23:00:00,14115.607756123076,15679.758802756527,11665.543541491907
2024-10-02 00:00:00,13684.464758639257,14873.342511093912,11254.541263646664
2024-10-02 01:00:00,15838.53066299107,18192.740557485333,13256.600896980157
2024-10-02 02:00:00,15684.908451490413,18188.02861886796,13232.087375230742
2024-10-02 03:00:00,15395.174817394165,17967.261019190413,13232.087375230742
2024-10-02 04:00:00,15500.205470283652,17849.076658184065,13232.087375230742
2024-10-02 05:00:00,15369.691255210793,17261.847730994235,12549.612339664207
2024-10-02 06:00:00,14577.259013569445,15986.364493344932,11182.485939863642
2024-10-02 07:00:00,14136.318740198087,15377.350098757952,10538.072272155192
2024-10-02 08:00:00,8196.847138760077,9054.758634801696,4526.002438730826
2024-10-02 09:00:00,3535.5681927215046,3546.8484386303717,1859.6225040184415
2024-10-02 10:00:00,3533.703151589345,3181.161450917609,1859.6225040184415
2024-10-02 11:00:00,2857.0584259689185,2861.7745098409105,1828.4921872813316
2024-10-02 12:00:00,2728.3938351925626,2861.7745098409105,1702.1797806369811
2024-10-02 13:00:00,2728.3938351925626,2996.569659057179,1702.1797806369811
2024-10-02 14:00:00,2880.3285175948276,2996.569659057179,2007.2501616434547
2024-10-02 15:00:00,2880.3285175948276,2917.756243271775,2007.2501616434547
2024-10-02 16:00:00,2557.9409325419183,2784.717254888932,1827.238672728863
2024-10-02 17:00:00,2400.9044739363653,2577.4849551716507,1803.2701288254168
2024-10-02 18:00:00,2400.9044739363653,2577.4849551716507,1803.2701288254168
2024-10-02 19:00:00,2645.673995218878,2849.9535274725713,2023.1268215911614
2024-10-02 20:00:00,2645.673995218878,3051.4767615866895,2086.9754374959407
2024-10-02 21:00:00,2620.9918123504267,3097.7123518498793,2097.9298312737315
2024-10-02 22:00:00,2620.9918123504267,3112.575497242171,2086.9754374959407
2024-10-02 23:00:00,2711.4878215443714,3189.2502120531244,2052.810130780219
2024-10-03 00:00:00,2779.6395279145663,3150.9128546476477,2032.2403749013629
2024-10-03 01:00:00,3700.0583107121774,4674.071211356997,3110.8170683724793
2024-10-03 02:00:00,3802.41697531086,4916.658814959201,3171.6356560390186
2024-10-03 03:00:00,4064.8138931036683,5526.854155083243,3915.796753406461
2024-10-03 04:00:00,4657.094581454862,6257.640837381657,4631.113292021996
2024-10-03 05:00:00,5047.989465770318,6375.751234706839,4646.939448976916
2024-10-03 06:00:00,5047.989465770318,7121.832518449799,5406.148635282893
2024-10-03 07:00:00,6057.6329600813215,7505.065418148345,5586.952578456193
2024-10-03 08:00:00,6241.530415092546,7849.119433737067,5928.431651940256
2024-10-03 09:00:00,6507.110604061578,8680.700169719588,6315.602374473079
2024-10-03 10:00:00,6507.110604061578,8680.700169719588,6315.602374473079
2024-10-03 11:00:00,5472.939919012552,8110.306618068011,5314.996141834715
2024-10-03 12:00:00,4144.26072327449,5487.993155039239,3423.218903922932
2024-10-03 13:00:00,3848.2830345607053,5352.5987212366235,3373.3008120618315
2024-10-03 14:00:00,3539.185817345149,4708.555424300308,2912.986410094947
2024-10-03 15:00:00,3539.185817345149,4437.393647003071,2763.063468541399
2024-10-03 16:00:00,3814.184784209092,4437.393647003071,2763.063468541399
2024-10-03 17:00:00,3814.184784209092,4437.393647003071,2521.9672349046186
2024-10-03 18:00:00,3548.572519640262,4109.367340179875,2521.9672349046186
2024-10-03 19:00:00,3450.810890635239,3849.3802202005427,2517.836667332352
2024-10-03 20:00:00,3275.336960437824,2951.648950142573,2315.9144502029676
2024-10-03 21:00:00,3275.336960437824,2951.648950142573,2228.6949634725343
2024-10-03 22:00:00,3275.336960437824,2951.648950142573,2228.6949634725343
2024-10-03 23:00:00,3236.684729031309,2956.1297737110763,2228.6949634725343
2024-10-04 00:00:00,3193.7153516501976,2951.880037404616,2244.2220179468004
2024-10-04 01:00:00,3265.3416906959756,3397.2182940406074,2202.5932772857823
2024-10-04 02:00:00,3334.5712387216518,3024.913955981965,2192.2542569464276
2024-10-04 03:00:00,3583.5923900053676,3112.9321176740796,2354.8785420716285
2024-10-04 04:00:00,3583.5923900053676,3112.9321176740796,2354.8785420716285
2024-10-04 05:00:00,3638.168692622141,3237.195860494352,2444.640696301858
2024-10-04 06:00:00,3616.5665499073693,3393.0506421039536,2444.640696301858
2024-10-04 07:00:00,3616.5665499073693,3393.0506421039536,2249.6472001240613
2024-10-04 08:00:00,3114.83391538654,3112.2263499399032,1964.7375370859697
2024-10-04 09:00:00,2911.1593590735356,2775.4501653936823,1613.8439416052022
2024-10-04 10:00:00,2186.8285107199335,2372.216937392057,1613.8439416052022
2024-10-04 11:00:00,2186.8285107199335,2372.216937392057,1612.2131734092543
2024-10-04 12:00:00,2175.9766236879514,2271.1414412260747,1544.699762677573
2024-10-04 13:00:00,2081.2385085198493,2316.033894429571,1544.699762677573
2024-10-04 14:00:00,2017.8838375027444,2316.033894429571,1479.847594820152
2024-10-04 15:00:00,1951.044841519848,2316.033894429571,1482.9041968364008
2024-10-04 16:00:00,1996.6472942321616,2417.6756454577608,1482.9041968364008
2024-10-04 17:00:00,1996.6472942321616,2569.0650962237232,1526.1684058657318
2024-10-04 18:00:00,2695.998253866972,3057.539932218071,1966.3722323340733
2024-10-04 19:00:00,2787.8308345637415,3063.5381161613714,2110.337341176853
2024-10-04 20:00:00,3047.193390350214,3210.2131058255072,2154.783159420956
2024-10-04 21:00:00,3212.4756770689964,3471.468648324666,2281.7395928436827
2024-10-04 22:00:00,3443.4812997238514,3760.9059010464007,2463.206907015418
2024-10-04 23:00:00,3443.4812997238514,3760.9059010464007,2463.206907015418
2024-10-05 00:00:00,3189.8000941449145,3693.8541893176643,2218.7910214030126
2024-10-05 01:00:00,3765.938838115886,3947.5112200280682,2364.1216386362494
2024-10-05 02:00:00,3634.6067967771432,3837.205812419108,2117.044874371562
2024-10-05 03:00:00,3748.881090223398,3821.925729386072,2202.278890489532
2024-10-05 04:00:00,3556.9921856395904,3603.076092043162,2075.491977388673
2024-10-05 05:00:00,3394.938923491698,3531.4423430231363,2041.2520868556262
2024-10-05 06:00:00,3151.3316227985724,3133.878265856838,2003.7857464929373
2024-10-05 07:00:00,2973.2786613824737,3017.9003590037955,1943.2077338772876
2024-10-05 08:00:00,2694.6883107759186,2959.2491697050154,1916.0220184880636
2024-10-05 09:00:00,2499.277913433116,2677.6580603495586,1666.7390426665224
2024-10-05 10:00:00,2494.354292480859,2493.9282295259854,1526.3328362151894
2024-10-05 11:00:00,2458.908398812755,2296.281093983227,1389.5317586068643
2024-10-05 12:00:00,2363.589252293832,2199.2765348087796,1389.5317586068643
2024-10-05 13:00:00,2363.589252293832,2164.587096174202,1499.7601133010826
2024-10-05 14:00:00,2309.5337211502992,2199.2765348087796,1593.996090537787
2024-10-05 15:00:00,2309.5337211502992,2501.353466390259,1712.9582044634492
2024-10-05 16:00:00,2309.5337211502992,2682.071870920825,1964.5978837314763
2024-10-05 17:00:00,2450.104824042761,3114.5099024892043,1964.5978837314763
2024-10-05 18:00:00,2802.775107310639,3366.625230909862,1997.8255009558552
2024-10-05 19:00:00,2951.063126637926,3366.625230909862,1997.8255009558552
2024-10-05 20:00:00,3239.307882067793,3366.625230909862,2139.837762298168
2024-10-05 21:00:00,3295.5527620772064,3737.4258613307957,2464.5300812903556
2024-10-05 22:00:00,3295.5527620772064,3942.312722982906,2464.5300812903556
2024-10-05 23:00:00,3184.4793981104995,3942.312722982906,2344.690542308649
2024-10-06 00:00:00,3088.4412462589753,3628.548955838264,2335.261349799931
2024-10-06 01:00:00,3344.3471400143626,3632.9937864438198,2378.4566499791617
2024-10-06 02:00:00,3364.6479922940416,3444.9364932831377,2201.577068699533
2024-10-06 03:00:00,3364.6479922940416,3355.0399735725096,2201.577068699533
2024-10-06 04:00:00,3122.165072803813,3400.4249540034325,2264.193017961233
2024-10-06 05:00:00,2852.29619582902,3348.487380378814,2269.4099045702433
2024-10-06 06:00:00,2852.29619582902,2984.1254635174064,2376.394565421543
2024-10-06 07:00:00,2940.788547291715,2984.1254635174064,2269.4099045702433
2024-10-06 08:00:00,2940.788547291715,2866.138269442743,2180.734743115821
2024-10-06 09:00:00,2686.3912411675137,2866.138269442743,1908.5713934128162
2024-10-06 10:00:00,2555.7879307638923,2551.4219967856807,1815.151946662671
2024-10-06 11:00:00,2479.4209010570466,2467.4525594529896,1786.7553004690317
2024-10-06 12:00:00,2479.4209010570466,2467.4525594529896,1786.7553004690317
2024-10-06 13:00:00,2692.515972130417,2468.9638950953595,1726.6472771613637
2024-10-06 14:00:00,2692.515972130417,2687.043353302546,2079.2913160589537
2024-10-06 15:00:00,2692.515972130417,2687.043353302546,2150.23692607988
2024-10-06 16:00:00,2472.371408976098,2687.043353302546,2150.23692607988
2024-10-06 17:00:00,2782.817856659276,3044.8326724386843,2150.23692607988
2024-10-06 18:00:00,2633.909682992331,2779.4048061738304,1944.9398275747878
2024-10-06 19:00:00,2943.152862094461,3106.3666793886478,2638.824254105037
2024-10-06 20:00:00,3037.779965076108,3084.674801090232,2627.1404091897907
2024-10-06 21:00:00,3184.4823559244105,3106.3666793886478,2627.1404091897907
2024-10-06 22:00:00,3341.3461321790674,3287.3272248762332,2415.474915466859
2024-10-06 23:00:00,3518.1908869391245,3765.136452282266,2415.474915466859
2024-10-07 00:00:00,3734.526593882685,3964.031337041384,2619.5641580897795
2024-10-07 01:00:00,5022.109010772605,4877.856736560748,3274.75180425651
2024-10-07 02:00:00,5174.186464935439,4864.369685204767,3386.064004754656
2024-10-07 03:00:00,5393.766243605058,4864.369685204767,3331.161475577059
2024-10-07 04:00:00,5654.214557377656,5398.404101156819,3606.1367003846585
2024-10-07 05:00:00,5654.214557377656,5398.404101156819,3331.161475577059
2024-10-07 06:00:00,4730.200161935417,4588.4800500036345,3690.4809209845835
2024-10-07 07:00:00,4459.193794021386,4473.670536357962,3204.0105162485033
2024-10-07 08:00:00,4010.8573655302753,3830.5843709082237,2993.7839040257845
2024-10-07 09:00:00,3595.709008657168,3609.7020993244114,2899.9172046004483
2024-10-07 10:00:00,2791.2622729175873,3104.2068422703815,2160.487931040265
2024-10-07 11:00:00,2719.479126898641,2884.6906795162686,2107.452764310487
2024-10-07 12:00:00,2595.7289340710813,2866.23301751944,1474.2857002868172
2024-10-07 13:00:00,2578.2879771427088,2866.23301751944,1474.2857002868172
2024-10-07 14:00:00,2595.7289340710813,2945.685135589516,1839.157317968594
2024-10-07 15:00:00,2869.8823045298595,2977.45345197566,1918.5088911262717
2024-10-07 16:00:00,2869.8823045298595,2977.45345197566,1918.5088911262717
2024-10-07 17:00:00,3207.496732878133,2977.45345197566,1944.0566643817635
2024-10-07 18:00:00,3015.420421967181,2877.8771439752927,2083.9669068411145
2024-10-07 19:00:00,3200.0956754253693,3191.9795978069433,2415.378386354782
2024-10-07 20:00:00,3200.0956754253693,3295.3729407185565,2415.378386354782
2024-10-07 21:00:00,3481.6295527181173,3653.1850804390033,2415.378386354782
2024-10-07 22:00:00,3586.4990314862043,3663.6183477652758,2561.638613468323
2024-10-07 23:00:00,3603.4019633475637,3653.1850804390033,2665.891294024623
2024-10-08 00:00:00,3739.5892767185424,3609.9473099899105,2723.458893528655
2024-10-08 01:00:00,3301.074880324518,3299.997234413321,2223.2561815701165
2024-10-08 02:00:00,3290.7819668936463,3290.39694329379,2140.016591918216
2024-10-08 03:00:00,3358.639950084802,3332.023684358557,2131.2307052986257
2024-10-08 04:00:00,3358.639950084802,3290.39694329379,2101.0137960069314
2024-10-08 05:00:00,3417.9813510564545,3218.9457761848025,2131.2307052986257
2024-10-08 06:00:00,3417.9813510564545,3204.394582131461,2131.624237732144
2024-10-08 07:00:00,3211.11936604722,3204.3895607136437,2131.624237732144
2024-10-08 08:00:00,3002.0228419777613,3082.0628035149257,1993.1401565363255
2024-10-08 09:00:00,2707.497055597625,3072.737070666115,1993.1401565363255
2024-10-08 10:00:00,2707.497055597625,3072.737070666115,2156.3469016805734
2024-10-08 11:00:00,2934.9170910783996,3214.682810519351,2450.1967596624486
2024-10-08 12:00:00,3027.5160280126947,3252.9490429965717,2450.1967596624486
2024-10-08 13:00:00,3027.5160280126947,3214.682810519351,2417.1669164260284
2024-10-08 14:00:00,3004.027696625073,3174.416717578477,2260.1828995708784
2024-10-08 15:00:00,3004.027696625073,3174.416717578477,2260.1828995708784
2024-10-08 16:00:00,3111.5101433363834,3762.828227943395,2379.8192790658327
2024-10-08 17:00:00,3311.138695189691,3811.8158614666936,2429.8626475720694
2024-10-08 18:00:00,3409.8615449820372,3920.9206974667723,2445.2664808952522
2024-10-08 19:00:00,3444.3552524168554,4007.190086139055,2745.9134150600894
2024-10-08 20:00:00,3630.6497587609574,4007.190086139055,2745.9134150600894
2024-10-08 21:00:00,3661.822314115485,3936.1840368631274,2740.932542149391
2024-10-08 22:00:00,3661.822314115485,3863.787559036309,2719.042599720086
2024-10-08 23:00:00,3470.8259568573303,3511.6052054795127,2701.940766353009
2024-10-09 00:00:00,3426.326401780195,3677.6703254708,2599.840387102262
2024-10-09 01:00:00,3318.833476656968,3483.5919789279424,2363.733804045944
2024-10-09 02:00:00,3289.0438770893143,3524.661472493277,2425.6506446317926
2024-10-09 03:00:00,3289.0438770893143,3533.7324961538925,2425.6506446317926
2024-10-09 04:00:00,3305.064274168666,3533.7324961538925,2491.749790388514
2024-10-09 05:00:00,3305.064274168666,3477.2539078132995,2411.1412905793363
2024-10-09 06:00:00,3212.4800271664735,3387.1302233827555,2442.2147155148036
2024-10-09 07:00:00,3193.748085540212,3387.1302233827555,2299.3446071014273
2024-10-09 08:00:00,3028.727755096046,3387.1302233827555,2442.2147155148036
2024-10-09 09:00:00,2927.584032671619,3492.3208856339716,2459.620887147033
2024-10-09 10:00:00,2891.283102042391,3331.0244510067023,2477.258665674537
2024-10-09 11:00:00,2883.2551860006843,3331.0244510067023,2459.620887147033
2024-10-09 12:00:00,2585.411409234088,3249.2349023860043,2226.4635848592093
2024-10-09 13:00:00,2512.72977164059,3096.7335104254616,2196.5396140773496
2024-10-09 14:00:00,2482.647049185958,3052.8658375558534,2088.0448574919433
2024-10-09 15:00:00,2482.647049185958,3046.302176155794,2049.6002057725386
2024-10-09 16:00:00,2482.647049185958,2940.177724514888,1962.0905335784937
2024-10-09 17:00:00,2504.4596212454235,2940.177724514888,1883.8346817362715
2024-10-09 18:00:00,2675.9313873182145,2994.9319183755815,1883.8346817362715
2024-10-09 19:00:00,2681.5586374609084,3024.7505216264126,1839.3159874217333
2024-10-09 20:00:00,2743.9920927251624,3091.363087187683,1839.3159874217333
2024-10-09 21:00:00,2845.8189570008926,3200.4795878630266,1739.6429792410663
2024-10-09 22:00:00,2945.4053939392325,3493.4134372106764,1781.1326805538888
2024-10-09 23:00:00,2943.6192708002854,3493.4134372106764,1755.777098857196
2024-10-10 00:00:00,2968.522322951633,3184.8422978353683,1768.4548897055424
2024-10-10 01:00:00,3076.9846859441022,3047.2538718151836,1838.2753450806104
2024-10-10 02:00:00,3102.1206739139852,3229.58081506708,1800.1293281256897
2024-10-10 03:00:00,3441.860656756897,3229.58081506708,1776.4708519178537
2024-10-10 04:00:00,3536.517992250694,3235.1251207966634,1762.00710681925
2024-10-10 05:00:00,3536.517992250694,3306.892299877398,1776.4708519178537
2024-10-10 06:00:00,3498.7052421153494,3306.892299877398,1743.9668444235774
2024-10-10 07:00:00,3422.528449709276,3295.091923737351,1848.1721382071635
2024-10-10 08:00:00,3382.8069721991124,3084.943747318792,1976.2142871019716
2024-10-10 09:00:00,3156.949338244922,3084.943747318792,2159.6143539226437
2024-10-10 10:00:00,3148.693529007449,3014.205539720746,2159.6143539226437
2024-10-10 11:00:00,2933.6851870672417,2738.2727908152174,1938.7769856261427
2024-10-10 12:00:00,2864.504780140347,2738.2727908152174,1641.6251734661676
2024-10-10 13:00:00,2864.504780140347,2987.621876628813,1641.6251734661676
2024-10-10 14:00:00,2934.7714319427287,2987.621876628813,1934.1230897272321
2024-10-10 15:00:00,2934.7714319427287,2946.125493535663,2001.669141206295
2024-10-10 16:00:00,2826.4871120592234,2946.125493535663,1934.1230897272321
2024-10-10 17:00:00,2826.4871120592234,2951.5267061299437,2001.669141206295
2024-10-10 18:00:00,2945.072300716849,3384.826985630387,2609.796999709997
2024-10-10 19:00:00,3634.6889436297242,3803.866657876688,2927.92846508638
2024-10-10 20:00:00,4126.254427603797,4494.8182883200425,3453.305172824604
2024-10-10 21:00:00,4718.28451423909,5403.889456943885,4107.372233089368
2024-10-10 22:00:00,5977.5940229071475,5990.5622277404,4419.533505553254
2024-10-10 23:00:00,6016.359866476486,6241.339323179435,4419.533505553254
2024-10-11 00:00:00,6083.30641999392,6368.119353431584,4344.9836482425835
2024-10-11 01:00:00,5117.19327324245,5385.6780311146,3444.045350418739
2024-10-11 02:00:00,5097.928395243098,5156.3698782937445,3425.7534481567614
2024-10-11 03:00:00,5067.645053106867,5113.124828912536,3122.0023091933094
2024-10-11 04:00:00,5051.052380094517,5093.4552365946365,3086.4470551003947
2024-10-11 05:00:00,4481.119075063211,4492.083035227808,2677.3812330693554
2024-10-11 06:00:00,3971.907245397024,3557.6713385915427,2514.535480980639
2024-10-11 07:00:00,3931.159675945888,3482.5860193126755,2287.980825310053
2024-10-11 08:00:00,3770.5541907216066,3482.5860193126755,2412.8015350203373
2024-10-11 09:00:00,3287.304113503533,3286.20435483869,2218.227154692077
2024-10-11 10:00:00,2920.1702577036576,3006.962295702526,2021.9191028968226
2024-10-11 11:00:00,2758.728422641265,2649.1219329777305,1922.1212131599848
2024-10-11 12:00:00,2758.728422641265,2560.979075641819,1900.4408865601447
2024-10-11 13:00:00,2797.8423171760787,2560.979075641819,1900.4408865601447
2024-10-11 14:00:00,2981.0424579645205,2962.640074613313,1968.127845662324
2024-10-11 15:00:00,3091.3191463678013,2975.0758469213815,2161.1404688841085
2024-10-11 16:00:00,3113.5664099704063,3031.200625641968,2210.5438467249264
2024-10-11 17:00:00,3543.966821502745,3095.569883694081,2210.5438467249264
2024-10-11 18:00:00,3845.937148346753,3450.0018614523105,2751.612474500334
2024-10-11 19:00:00,4259.442222836875,4493.523965503773,3212.6088573420852
2024-10-11 20:00:00,4751.795224890766,5118.744374083184,3266.6068068557884
2024-10-11 21:00:00,5300.3502003638905,5401.038193468452,3553.295338113284
2024-10-11 22:00:00,5602.709214758782,6263.652252812056,3790.176877880703
2024-10-11 23:00:00,5717.79466075781,6614.159814693411,3857.411088352601
2024-10-12 00:00:00,5990.359798425987,6677.9196841955,3976.986653318837
2024-10-12 01:00:00,7136.756662339525,7340.051809826542,4785.160923616333
2024-10-12 02:00:00,7315.239557353433,7604.085706840986,5069.459831842648
2024-10-12 03:00:00,7583.751935432962,7615.582653214624,5069.459831842648
2024-10-12 04:00:00,7583.751935432962,7604.085706840986,4990.653881846178
2024-10-12 05:00:00,7195.121805845902,7579.188489968175,4540.91579076495
2024-10-12 06:00:00,5778.181456671203,5940.697930659937,3587.502143975802
2024-10-12 07:00:00,5687.610071083462,5765.771940510214,3133.6664903473543
2024-10-12 08:00:00,5484.847818490477,5222.7213503760795,3133.6664903473543
2024-10-12 09:00:00,4268.562488590209,4375.354904734531,2956.7800665267996
2024-10-12 10:00:00,3369.936507110244,3536.8750319518695,2088.6988967323496
2024-10-12 11:00:00,3203.4346309584744,2813.8496855151207,1868.725758118187
2024-10-12 12:00:00,2644.5437436326956,2759.831616520969,1625.2643106091086
2024-10-12 13:00:00,2567.752867710102,2759.831616520969,1625.2643106091086
2024-10-12 14:00:00,2567.752867710102,2822.2101736057393,1561.7541560305633
2024-10-12 15:00:00,2434.6336470188453,2822.2101736057393,1550.8762794790027
2024-10-12 16:00:00,2708.1010123960314,2693.052159803241,1544.8763216722023
2024-10-12 17:00:00,2708.1010123960314,2693.052159803241,1550.8762794790027
2024-10-12 18:00:00,3332.3360484579334,3190.6210252469937,1763.9073081903612
2024-10-12 19:00:00,3381.2549202375194,3853.315628842116,1989.9041035046916
2024-10-12 20:00:00,3418.305379614443,3900.646395723885,2388.64535126406
2024-10-12 21:00:00,3692.327840202519,4232.696963052587,2627.752801547011
2024-10-12 22:00:00,3782.424761268565,4232.696963052587,2652.731569739142
2024-10-12 23:00:00,3782.424761268565,4150.30301780941,2627.752801547011
2024-10-13 00:00:00,3585.8979571462214,3783.182512028229,2676.1372204934287
2024-10-13 01:00:00,2923.509545645951,3318.8169353643198,1973.0833385298733
2024-10-13 02:00:00,3096.41158060228,3387.5459173283652,2121.5410937472157
2024-10-13 03:00:00,3096.41158060228,3387.5459173283652,2121.5410937472157
2024-10-13 04:00:00,3119.9660177015285,3117.3586564271372,1984.5824619559285
2024-10-13 05:00:00,3063.811629776834,3117.3586564271372,1984.5824619559285
2024-10-13 06:00:00,3063.811629776834,3117.3586564271372,2013.6943187102581
2024-10-13 07:00:00,3063.811629776834,3388.5264418460756,2163.0781253577193
2024-10-13 08:00:00,2922.059267515526,3314.2309044768353,2102.403860315413
2024-10-13 09:00:00,2840.5226046257994,3314.2309044768353,2102.403860315413
2024-10-13 10:00:00,2492.4012756317043,3086.783633012805,1828.8402023146311
2024-10-13 11:00:00,2492.4012756317043,3086.783633012805,1828.8402023146311
2024-10-13 12:00:00,2593.096467911868,3372.7592101582504,2206.7426539740877
2024-10-13 13:00:00,3027.9848689472474,3372.7592101582504,2206.7426539740877
2024-10-13 14:00:00,3027.9848689472474,3341.0686175661413,2019.597664814726
2024-10-13 15:00:00,2446.481963909393,3273.6192320474565,1985.2413057563765
2024-10-13 16:00:00,2305.989068951767,3040.3670860641687,1502.1450653524532
2024-10-13 17:00:00,2305.989068951767,3040.3670860641687,1502.1450653524532
2024-10-13 18:00:00,2621.4922181557886,2953.3887655710932,1643.686476108639
2024-10-13 19:00:00,2693.0561553475,3157.5835735576456,1643.686476108639
2024-10-13 20:00:00,2693.0561553475,3211.8988698812573,1644.8098643384412
2024-10-13 21:00:00,2758.533318005979,3350.700864488377,1750.7399926457056
2024-10-13 22:00:00,3333.10688304828,3465.9494656821335,1805.89778304683
2024-10-13 23:00:00,3362.9874092135487,3824.5472500994783,1750.7399926457056
2024-10-14 00:00:00,3726.0898670688675,4061.676216573961,1882.70810432264
2024-10-14 01:00:00,3516.852656678014,4030.0892733000182,2214.8629291513416
2024-10-14 02:00:00,3546.5090937961104,4138.896099131651,2298.7449908969784
2024-10-14 03:00:00,3646.2587759726794,3870.829504708414,2053.850857564095
2024-10-14 04:00:00,3646.2587759726794,3719.9743949753883,2008.0562373937964
2024-10-14 05:00:00,3656.7951304994967,3719.9743949753883,2008.0562373937964
2024-10-14 06:00:00,3399.5322598750536,3757.010296378943,2297.4679179816853
2024-10-14 07:00:00,3386.3766564555335,3769.7262505670315,2297.4679179816853
2024-10-14 08:00:00,3386.3766564555335,3769.7262505670315,2242.267338278456
2024-10-14 09:00:00,3383.4628005162413,3418.6426384042097,2242.267338278456
2024-10-14 10:00:00,3278.667225606059,3409.6104389924567,2192.2763339919397
2024-10-14 11:00:00,3230.3537384421907,3162.062498075049,1744.9158948575925
2024-10-14 12:00:00,3230.3537384421907,3162.062498075049,1744.9158948575925
2024-10-14 13:00:00,3300.9638419355106,3164.246208851304,1887.7493440878984
2024-10-14 14:00:00,3327.5417679021975,3601.8867999539652,2300.6504764161405
2024-10-14 15:00:00,3560.799594114471,3736.353277488657,2454.1759740916464
2024-10-14 16:00:00,3986.3890672358375,5239.346467608708,3552.6790392698535
2024-10-14 17:00:00,4342.331510866852,5373.32767730189,3722.546170204536
2024-10-14 18:00:00,4842.843342880759,6330.719892107935,4586.834958009162
2024-10-14 19:00:00,6123.6040939447075,7488.267402473998,5844.2592576813
2024-10-14 20:00:00,6123.6040939447075,8638.074932746538,5844.2592576813
2024-10-14 21:00:00,5683.218341686776,8638.074932746538,5234.032253038746
2024-10-14 22:00:00,5683.218341686776,8135.965202685486,5234.032253038746
2024-10-14 23:00:00,6116.647256223079,7777.985077190026,4753.016442763489
2024-10-15 00:00:00,6189.457084006606,7956.975139937756,5027.409306432362
2024-10-15 01:00:00,4855.176439116808,5868.854275796022,4502.951776792086
2024-10-15 02:00:00,4974.720037828378,5969.449718009746,4609.180631551102
2024-10-15 03:00:00,4974.720037828378,6214.012589307717,4944.151308105898
2024-10-15 04:00:00,5052.296421219554,6519.694799872505,4755.416703844502
2024-10-15 05:00:00,5228.092141755634,6689.295655694748,5138.031662709309
2024-10-15 06:00:00,5476.9304111905785,6689.295655694748,4755.416703844502
2024-10-15 07:00:00,5741.538415127095,5831.528477465139,4157.979994111077
2024-10-15 08:00:00,5668.561949846993,5831.528477465139,4011.340053659224
2024-10-15 09:00:00,5685.109654083606,6102.260729227287,3849.979185888898
2024-10-15 10:00:00,5668.561949846993,6102.260729227287,3849.979185888898
2024-10-15 11:00:00,4842.930711310932,6080.177424212023,3786.466231538323
2024-10-15 12:00:00,4796.123616155397,6080.177424212023,3875.6751776848314
2024-10-15 13:00:00,4842.930711310932,6462.532810185416,4263.55301965267
2024-10-15 14:00:00,5898.812582256466,7324.562978387726,4834.7846170661805
2024-10-15 15:00:00,7043.01023284317,8468.931658277772,5159.406443264741
2024-10-15 16:00:00,7865.566155124165,8621.341576725894,5932.1878085238895
2024-10-15 17:00:00,9182.378072942203,10372.277509029673,7281.635339504595
2024-10-15 18:00:00,11593.71304445967,11780.657722464832,9465.791733508588
2024-10-15 19:00:00,12591.33129587465,14119.574204080634,9795.746565086214
2024-10-15 20:00:00,12591.33129587465,14119.574204080634,9795.746565086214
2024-10-15 21:00:00,11075.813854646878,12961.11008231869,8113.495980400136
2024-10-15 22:00:00,7906.037189745219,8959.347724223739,6215.014173280336
2024-10-15 23:00:00,6855.129358012557,7213.644512873655,5702.82100950468
2024-10-16 00:00:00,6781.247797178194,6869.343993536018,5497.856564663012
2024-10-16 01:00:00,5164.797850163704,4840.763007480379,3549.0063049156015
2024-10-16 02:00:00,4715.187622525808,4058.935226106112,3215.3578288932144
2024-10-16 03:00:00,3851.7954811655436,3227.860702727059,2375.0818233620867
2024-10-16 04:00:00,3169.692308382084,2744.5992353819383,1812.9074688381193
2024-10-16 05:00:00,3169.692308382084,2744.5992353819383,1812.9074688381193
2024-10-16 06:00:00,3169.692308382084,3008.9638919935824,2273.8325401952256
2024-10-16 07:00:00,3162.661139999096,3064.2666266826764,2290.6231654236085
2024-10-16 08:00:00,2840.8483982132166,3064.2666266826764,2273.8325401952256
2024-10-16 09:00:00,2256.5242192621827,2676.3960351417754,1897.149760502729
2024-10-16 10:00:00,2207.0134362982026,2637.1707230120774,1897.149760502729
2024-10-16 11:00:00,2248.5474719949525,2635.0360383318057,1897.149760502729
2024-10-16 12:00:00,2207.0134362982026,2637.1707230120774,1805.1917764821876
2024-10-16 13:00:00,2240.994391024682,2622.730917258941,1805.1917764821876
2024-10-16 14:00:00,2240.994391024682,2644.914108626106,2020.7862257321067
2024-10-16 15:00:00,2424.2705748261724,2911.410738805498,2374.548962329586
2024-10-16 16:00:00,2526.4299039051584,2915.4160338286383,2486.15514699779
2024-10-16 17:00:00,2848.5727040098773,3223.5219421627826,2528.669547958323
2024-10-16 18:00:00,2975.1347746703777,3568.8222158794797,2834.9097532864903
2024-10-16 19:00:00,3560.773172895062,3897.8120930794303,2834.9097532864903
2024-10-16 20:00:00,3591.82975550996,3988.455480060473,2754.519006188341
2024-10-16 21:00:00,3765.36589176931,3988.455480060473,2754.519006188341
2024-10-16 22:00:00,3957.4632154101273,4089.9348822664615,2837.1460764631474
2024-10-16 23:00:00,4136.5717961450955,4305.403061650497,3150.321555350956
2024-10-17 00:00:00,4223.990486432671,4560.122516415957,3359.433746796407
2024-10-17 01:00:00,4607.061183562308,5245.181722755229,3428.015720676465
2024-10-17 02:00:00,4679.34661663367,4776.550490384554,3293.9427801435904
2024-10-17 03:00:00,4679.34661663367,4776.550490384554,3293.9427801435904
2024-10-17 04:00:00,4642.009147417849,4528.835172617277,2910.9601460840404
2024-10-17 05:00:00,4416.512402620102,4044.0813036223662,2788.36043614686
2024-10-17 06:00:00,4230.345688014051,4110.878007004276,2480.5612627439964
2024-10-17 07:00:00,4228.652449327128,3744.21006754239,2343.3864881659983
2024-10-17 08:00:00,3700.8971694113643,3691.559022502017,2105.950427071265
2024-10-17 09:00:00,3492.453384503282,3315.131923635836,2085.409017717835
2024-10-17 10:00:00,3465.790050720756,2832.3908293901277,1738.478890002956
2024-10-17 11:00:00,3388.299515322735,2832.3908293901277,1738.478890002956
2024-10-17 12:00:00,2320.4986217095866,2832.3908293901277,1641.8097758263348
2024-10-17 13:00:00,2319.344936257534,2343.162777549802,1896.7685144119334
2024-10-17 14:00:00,2314.04886833188,2328.7326780449894,1817.8138365690381
2024-10-17 15:00:00,2319.344936257534,2343.162777549802,1847.3046343539033
2024-10-17 16:00:00,2607.0015327113033,2566.715515845708,1847.3046343539033
2024-10-17 17:00:00,2749.8775276936103,3008.154746909133,2443.0023829808338
2024-10-17 18:00:00,3002.746952123831,3058.4242427170666,2443.0023829808338
2024-10-17 19:00:00,3091.9576134350045,3225.9128779980947,2533.755729474279
2024-10-17 20:00:00,3222.538810983002,3465.9033742045576,2725.1856260251247
2024-10-17 21:00:00,3223.4574656518835,3725.9467310862274,2725.1856260251247
2024-10-17 22:00:00,3611.3698713644426,4514.26896461509,2868.3569482894804
2024-10-17 23:00:00,3766.492636533767,4561.853106689434,2961.7118932869957
2024-10-18 00:00:00,3884.1209947329535,4543.463801514077,3034.261238640989
2024-10-18 01:00:00,3993.391858168692,4294.843753547515,2895.306191044397
2024-10-18 02:00:00,4103.944936443704,4136.706570587152,2965.045772566495
2024-10-18 03:00:00,4229.836167747804,4136.706570587152,3041.564065621578
2024-10-18 04:00:00,4515.034533368399,4277.281088791278,3053.300011734617
2024-10-18 05:00:00,4515.034533368399,4345.762157075989,3087.0709465171176
2024-10-18 06:00:00,4424.479845386489,4478.807113346256,3442.022962547822
2024-10-18 07:00:00,4317.853974478351,4682.283229140561,3982.993876943315
2024-10-18 08:00:00,4424.479845386489,5016.983674293766,3982.993876943315
2024-10-18 09:00:00,4295.771276266066,4730.318816593039,3713.816215242068
2024-10-18 10:00:00,4100.355963643422,4730.318816593039,3052.514225050341
2024-10-18 11:00:00,4100.355963643422,4571.4599455937005,3052.514225050341
2024-10-18 12:00:00,4332.801102189383,4571.4599455937005,3093.3247701623886
2024-10-18 13:00:00,5158.141076821522,5896.0829078615625,3843.381391886455
2024-10-18 14:00:00,6819.782134665722,8349.332502766258,5720.063866231109
2024-10-18 15:00:00,8962.201361095627,10784.805337724727,8167.394916955901
2024-10-18 16:00:00,11210.307710592419,13884.13284480314,9229.45556275128
2024-10-18 17:00:00,11351.697917194699,14336.059344231362,10838.138845940312
2024-10-18 18:00:00,11416.744464272724,14721.550434926665,11410.38506146132
2024-10-18 19:00:00,12064.651091454798,15171.586184303738,11726.037156114158
2024-10-18 20:00:00,12398.15447564016,15171.586184303738,11856.428249220884
2024-10-18 21:00:00,12398.15447564016,15468.686663330578,12465.706911771875
2024-10-18 22:00:00,12333.98875381767,15468.686663330578,12465.706911771875
2024-10-18 23:00:00,11306.876636106277,12507.684507638265,9866.918188041323
2024-10-19 00:00:00,10928.05073408558,12085.864562870749,9343.632287309747
2024-10-19 01:00:00,7231.126134589864,8859.888377422201,6286.216616032063
2024-10-19 02:00:00,7524.641753265816,8560.533769176005,6229.390813404435
2024-10-19 03:00:00,6868.321357800293,8127.053865393271,6229.390813404435
2024-10-19 04:00:00,5984.331942241253,6917.823696520132,4545.917317653896
2024-10-19 05:00:00,4508.29165398631,5583.283411709623,3480.2081792541467
2024-10-19 06:00:00,4508.29165398631,5583.283411709623,3480.2081792541467
2024-10-19 07:00:00,6167.348931769622,6975.977299704093,5920.507274122657
2024-10-19 08:00:00,8374.425972187913,8997.418243045206,7074.55098871391
2024-10-19 09:00:00,9522.472361629054,11261.226557953623,8520.024114511401
2024-10-19 10:00:00,9571.476535754182,11510.787817691009,9711.177914168878
2024-10-19 11:00:00,9666.375717566088,12122.334686322645,9789.757359659556
2024-10-19 12:00:00,9928.15097175934,12122.334686322645,9711.177914168878
2024-10-19 13:00:00,9666.375717566088,12111.061068624276,9789.757359659556
2024-10-19 14:00:00,9541.92297876939,11937.991465278737,9680.468392053717
2024-10-19 15:00:00,9283.600216757162,11235.76715419359,9421.243467558834
2024-10-19 16:00:00,8807.21181396273,10342.10601012656,8276.479612521152
2024-10-19 17:00:00,8807.21181396273,10342.10601012656,8276.479612521152
2024-10-19 18:00:00,9519.860729852235,10455.580779085565,9605.00793278088
2024-10-19 19:00:00,9691.730046138653,11437.568102798143,10256.834550342495
2024-10-19 20:00:00,9904.147201898002,11819.403633211274,11010.263346372049
2024-10-19 21:00:00,10115.572351547926,11819.403633211274,11010.263346372049
2024-10-19 22:00:00,10134.82317896419,11819.403633211274,10726.047358457767
2024-10-19 23:00:00,10419.29405070129,12485.07144101269,10355.05216033451
2024-10-20 00:00:00,10719.929418314838,12617.55682744957,10540.549759396137
2024-10-20 01:00:00,12000.401264034663,13374.177318736383,11980.850367024806
2024-10-20 02:00:00,11761.339833692182,13431.81650522287,11867.630382121974
2024-10-20 03:00:00,11761.339833692182,13431.81650522287,11867.630382121974
2024-10-20 04:00:00,12148.957288224126,13431.81650522287,12312.56594066663
2024-10-20 05:00:00,12148.957288224126,13400.708588257514,12312.56594066663
2024-10-20 06:00:00,11532.719587800391,12609.271619818632,10678.446743958499
2024-10-20 07:00:00,10660.793907042043,12436.09777201534,10529.623495792532
2024-10-20 08:00:00,10541.92237554207,11756.145355099941,9719.46918074516
2024-10-20 09:00:00,9917.532420426433,11656.51076986368,9674.781802295112
2024-10-20 10:00:00,8854.97587122431,9678.48859295532,8049.430558428655
2024-10-20 11:00:00,6869.5233361731825,8407.94758569024,6913.322900474284
2024-10-20 12:00:00,5370.960923623502,6861.256822495378,5163.782371799306
2024-10-20 13:00:00,4818.560791276786,6563.820931019623,4685.511673345738
2024-10-20 14:00:00,4338.307202269036,5865.871275880838,4274.277038754821
2024-10-20 15:00:00,4237.299358142069,5528.922816226102,3908.519470545795
2024-10-20 16:00:00,4237.299358142069,5528.922816226102,3751.1010910654336
2024-10-20 17:00:00,4237.299358142069,5534.093696643435,3751.1010910654336
2024-10-20 18:00:00,4611.956788490649,5669.848793417606,3774.3046601994693
2024-10-20 19:00:00,4611.956788490649,6450.481278848976,4372.698173441782
2024-10-20 20:00:00,5380.401946066552,6561.00782004039,4372.698173441782
2024-10-20 21:00:00,5538.045644491288,6561.00782004039,3884.03389784617
2024-10-20 22:00:00,5538.045644491288,5833.873635452304,3884.03389784617
2024-10-20 23:00:00,4928.55613276496,5429.648410007858,3884.03389784617
2024-10-21 00:00:00,4480.287787824551,4861.739378296398,3616.715905368921
2024-10-21 01:00:00,4350.709913547244,4774.6300776083435,3379.574834683278
2024-10-21 02:00:00,4303.291779670807,4812.698424514294,3276.0816036869815
2024-10-21 03:00:00,3850.8321217195607,4812.698424514294,3276.0816036869815
2024-10-21 04:00:00,3750.9716509449772,4789.049466115328,3206.251308001727
2024-10-21 05:00:00,3661.6372405478287,4557.445956284802,3163.218030314752
2024-10-21 06:00:00,3661.6372405478287,4651.046759871642,3163.218030314752
2024-10-21 07:00:00,3857.2317510562334,4651.046759871642,2636.152181332508
2024-10-21 08:00:00,3857.2317510562334,4792.256407004183,2803.200285189428
2024-10-21 09:00:00,3843.855524857725,4792.256407004183,2643.8853359482378
2024-10-21 10:00:00,3833.6069018707003,4482.20355762633,2643.8853359482378
2024-10-21 11:00:00,3833.6069018707003,4203.413788200482,2361.986293748137
2024-10-21 12:00:00,3478.5279743475494,4113.596153625753,2361.986293748137
2024-10-21 13:00:00,3478.5279743475494,4098.912529065363,2778.8671930689334
2024-10-21 14:00:00,3489.27207797166,3881.190830606025,2884.227986748537
2024-10-21 15:00:00,3489.27207797166,3825.02429751035,2884.227986748537
2024-10-21 16:00:00,3374.4163890148156,3739.513308590438,2842.5640207463716
2024-10-21 17:00:00,3286.190017657582,3739.513308590438,2815.696827962792
2024-10-21 18:00:00,3374.4163890148156,3831.9993744152544,2815.696827962792
2024-10-21 19:00:00,3722.5462209950456,4553.202746370338,3086.2437655279264
2024-10-21 20:00:00,4134.662095395144,5355.549909188965,3968.80185742733
2024-10-21 21:00:00,4134.662095395144,5355.549909188965,3968.80185742733
2024-10-21 22:00:00,3813.6336137831313,4768.650220412672,3141.3379864697167
2024-10-21 23:00:00,3791.624404119011,4384.645520518061,2904.63280308618
2024-10-22 00:00:00,3729.062029135551,4376.575412750366,3005.4224823099985
2024-10-22 01:00:00,3952.098713306592,5005.424335255227,3160.169371885301
2024-10-22 02:00:00,3850.3614686427954,4673.986011432471,2843.219145192252
2024-10-22 03:00:00,3850.3614686427954,4134.435429726607,2699.3048259525276
2024-10-22 04:00:00,3850.3614686427954,4134.435429726607,2333.523207251499
2024-10-22 05:00:00,3860.071744851968,4137.46240043847,2333.523207251499
2024-10-22 06:00:00,4199.905341826025,4414.869939275901,2793.0323254006607
2024-10-22 07:00:00,4533.448122046673,4990.203229258612,3086.0003830396795
2024-10-22 08:00:00,4565.706960224185,5824.0543488895055,3675.7890545067917
2024-10-22 09:00:00,5410.6338242381335,6130.216394134511,3675.7890545067917
2024-10-22 10:00:00,5555.656592075377,6158.671037515317,4518.22034249201
2024-10-22 11:00:00,6008.649522501862,6158.671037515317,4089.569296083442
2024-10-22 12:00:00,6154.757510381318,6276.418041787374,4249.807168936329
2024-10-22 13:00:00,6154.757510381318,6276.418041787374,4249.807168936329
2024-10-22 14:00:00,6154.757510381318,6276.418041787374,4581.452464732631
2024-10-22 15:00:00,7076.410257089195,8360.697352626694,5942.150705834149
2024-10-22 16:00:00,7076.410257089195,9592.33658072209,6159.845339843821
2024-10-22 17:00:00,6908.29740811357,9592.33658072209,6593.860648622687
2024-10-22 18:00:00,6908.29740811357,9592.33658072209,6950.392251808031
2024-10-22 19:00:00,7095.405099887789,10197.603832095514,7181.9359892089005
2024-10-22 20:00:00,8547.635873452007,11132.249547667641,7713.910939715864
2024-10-22 21:00:00,10298.232619496284,14114.223580131275,10791.165608936912
2024-10-22 22:00:00,10968.816197918384,14692.135739507085,11032.301050539838
2024-10-22 23:00:00,12900.2499661677,15683.210814050326,13196.607243656532
2024-10-23 00:00:00,13479.455591888076,16474.586177170888,13696.087841991262
2024-10-23 01:00:00,16316.705066367067,18884.672146937988,15545.609160456439
2024-10-23 02:00:00,16657.72391405017,18857.350701948017,15374.80524561515
2024-10-23 03:00:00,16839.10398675137,18281.643324006014,15266.48924642253
2024-10-23 04:00:00,17589.923021214752,18281.643324006014,15266.48924642253
2024-10-23 05:00:00,18837.414124525727,18951.893871371398,15485.760894784178
2024-10-23 06:00:00,18942.792529262057,19565.672178827605,15514.183771114453
2024-10-23 07:00:00,18942.792529262057,19565.672178827605,15485.760894784178
2024-10-23 08:00:00,18008.966638809663,18592.105920586855,15121.472607527498
2024-10-23 09:00:00,17251.6159806945,18203.66699702803,14860.137719267132
2024-10-23 10:00:00,16636.254996870364,18203.66699702803,14860.137719267132
2024-10-23 11:00:00,16240.542433991344,18339.558637797658,14757.942129333158
2024-10-23 12:00:00,14691.935955039979,18339.558637797658,14362.246231544797
2024-10-23 13:00:00,14691.935955039979,18339.558637797658,14232.649258728368
2024-10-23 14:00:00,15481.090254779503,18409.41085451575,14232.649258728368
2024-10-23 15:00:00,16421.268624006036,18409.41085451575,14320.0173451598
2024-10-23 16:00:00,16771.00524245986,18409.41085451575,14489.472263763495
2024-10-23 17:00:00,16771.00524245986,18373.692093487203,14680.244551717005
2024-10-23 18:00:00,16771.00524245986,18549.19396758176,14591.061933747798
2024-10-23 19:00:00,16546.447917785885,18212.555192911143,14591.061933747798
2024-10-23 20:00:00,16447.884185492865,17053.62310334551,12654.060989665148
2024-10-23 21:00:00,16204.862469458338,16634.097776773324,11298.578348696097
2024-10-23 22:00:00,13642.332842608883,12799.275126787657,10170.287092161856
2024-10-23 23:00:00,12506.48223800811,11919.58798894888,9083.12858068549
2024-10-24 00:00:00,12314.766179349417,11433.009533525754,8952.955860546288
2024-10-24 01:00:00,9647.58462437889,8205.799875311364,6370.450930653304
2024-10-24 02:00:00,9545.383726027752,8326.33222053168,6028.925247717016
2024-10-24 03:00:00,9545.383726027752,8326.33222053168,5966.984941343002
2024-10-24 04:00:00,9455.49562651999,8283.686403105632,5085.750357671363
2024-10-24 05:00:00,9387.664266142483,7418.48503127678,5062.606114615471
2024-10-24 06:00:00,8150.237060864629,6503.122739909781,4806.328966380416
2024-10-24 07:00:00,7727.789462785412,5734.746758196232,4655.5188771389285
2024-10-24 08:00:00,6002.371900394703,5000.970592306105,3156.7806023062335
2024-10-24 09:00:00,4501.517258210791,3955.8519649486843,2737.793259824744
2024-10-24 10:00:00,3248.6465414044196,3066.2546628774635,1991.205090234949
2024-10-24 11:00:00,2649.258423249774,2548.657728528946,1301.9900167944054
2024-10-24 12:00:00,2535.051776714443,2457.415564481269,1301.9900167944054
2024-10-24 13:00:00,2535.051776714443,2457.415564481269,1298.405078645599
2024-10-24 14:00:00,2659.4602193654373,2558.3121246843457,1303.926594111815
2024-10-24 15:00:00,2851.2896108319055,2809.482588105564,1460.9206208373755
2024-10-24 16:00:00,2851.2896108319055,2813.2957138168695,1525.6879022721776
2024-10-24 17:00:00,2897.433791531068,2910.5708567389283,1460.9206208373755
2024-10-24 18:00:00,2897.433791531068,2981.094081073865,1525.6879022721776
2024-10-24 19:00:00,3105.8606052323794,3305.1406219459095,1833.7763217058955
2024-10-24 20:00:00,3105.8606052323794,3311.876430138347,1969.3862733477574
2024-10-24 21:00:00,3095.2154823428627,3311.876430138347,2146.1244932551126
2024-10-24 22:00:00,3095.2154823428627,3396.2618744199044,2146.1244932551126
2024-10-24 23:00:00,3178.459794847082,3170.2025200880253,2146.1244932551126
2024-10-25 00:00:00,3279.9808897425664,3190.611385037465,2165.1117155081542
2024-10-25 01:00:00,3161.1542426393517,2658.680656703549,1391.311930107464
2024-10-25 02:00:00,3175.015260780532,2690.8484412261623,1422.1438827868592
2024-10-25 03:00:00,3183.9349998015186,3144.5307196457834,1569.6324738938247
2024-10-25 04:00:00,3329.5437209004867,3392.8064201692414,1669.0372006516818
2024-10-25 05:00:00,3559.455371229882,3409.1329977469486,1875.354873617272
2024-10-25 06:00:00,3705.7112910208107,3409.1329977469486,1875.354873617272
2024-10-25 07:00:00,3559.455371229882,3642.397069857823,2191.4694331585592
2024-10-25 08:00:00,3301.1742395817164,3642.397069857823,2328.672132225011
2024-10-25 09:00:00,2955.5842021281387,3585.490470015924,2328.672132225011
2024-10-25 10:00:00,2815.5039925752317,3427.325488098886,2280.0981278573176
2024-10-25 11:00:00,2790.740577083383,3084.411913177435,2265.8095970307118
2024-10-25 12:00:00,2720.5213958910626,3084.411913177435,2237.9337769849026
2024-10-25 13:00:00,2690.735227985124,3244.893946820568,2066.6470115854545
2024-10-25 14:00:00,2463.3375943583414,3244.893946820568,1689.822114982135
2024-10-25 15:00:00,2463.3375943583414,3244.893946820568,1689.822114982135
2024-10-25 16:00:00,2901.200805959521,3973.1130251287977,2107.1956027580673
2024-10-25 17:00:00,2976.821779848713,3973.1130251287977,2164.8643150624257
2024-10-25 18:00:00,3426.6144625227935,3796.8002379779646,2283.65199148646
2024-10-25 19:00:00,3426.6144625227935,3796.8002379779646,2465.103689144881
2024-10-25 20:00:00,3225.365831276842,4191.722826852409,2465.103689144881
2024-10-25 21:00:00,3225.365831276842,4450.168423115585,2465.103689144881
2024-10-25 22:00:00,3770.06704486283,4737.320608198364,2511.217264733799
2024-10-25 23:00:00,3770.06704486283,4741.564136875819,2511.217264733799
2024-10-26 00:00:00,3723.274276588045,4908.748232873551,2362.553363240545
2024-10-26 01:00:00,3206.3243687881422,3686.056268649778,1729.7353875069944
2024-10-26 02:00:00,3140.4829850066344,3713.990610291805,1896.555158773251
2024-10-26 03:00:00,3140.4829850066344,3564.84972609364,1915.4348989907598
2024-10-26 04:00:00,3039.8569365889252,3562.4669858942398,2045.7319111177244
2024-10-26 05:00:00,3039.8569365889252,3505.0993477899283,2078.5247985855285
2024-10-26 06:00:00,3039.8569365889252,3455.320982204088,2078.5247985855285
2024-10-26 07:00:00,3214.3300637541415,3455.320982204088,2268.0233415806997
2024-10-26 08:00:00,3214.3300637541415,3532.561695276516,2358.313694262325
2024-10-26 09:00:00,3159.934997755976,3778.1141070388585,2441.3201037158005
2024-10-26 10:00:00,3159.934997755976,4007.543773620562,2447.0101622936386
2024-10-26 11:00:00,3159.934997755976,4007.543773620562,2441.3201037158005
2024-10-26 12:00:00,3126.657551307084,3693.847313543012,2262.70160644062
2024-10-26 13:00:00,2943.6415666875237,3155.6177296465576,2260.2365018631804
2024-10-26 14:00:00,2939.434318609321,3155.6177296465576,2180.612846993154
2024-10-26 15:00:00,2939.434318609321,3198.0714217012155,2037.8490880361962
2024-10-26 16:00:00,2928.540313293068,3487.9883962870135,2063.481206386991
2024-10-26 17:00:00,2928.540313293068,3487.9883962870135,2037.8490880361962
2024-10-26 18:00:00,2928.540313293068,3541.9672947597246,2038.7561231982017
2024-10-26 19:00:00,2982.132846385297,3541.9672947597246,2038.7561231982017
2024-10-26 20:00:00,2982.132846385297,3541.9672947597246,2038.7561231982017
2024-10-26 21:00:00,3055.5190998153685,3629.3342578023585,2073.4566417131405
2024-10-26 22:00:00,3362.4859795702887,3629.3342578023585,2309.9731150144266
2024-10-26 23:00:00,3588.6249239450062,3878.667546410823,2309.9731150144266
2024-10-27 00:00:00,3823.9092322744737,3881.5892970420073,2442.8115029109285
2024-10-27 01:00:00,4275.286510426944,4116.354174832884,2965.011372556186
2024-10-27 02:00:00,4560.385520880746,4448.854443246239,3114.381259986613
2024-10-27 03:00:00,6149.616322571201,6095.278869592231,3838.4273438682158
2024-10-27 04:00:00,6397.603421581243,6095.278869592231,4145.933277527314
2024-10-27 05:00:00,6397.603421581243,6380.49216029713,4145.933277527314
2024-10-27 06:00:00,5703.63363410321,6380.49216029713,4027.3520031548505
2024-10-27 07:00:00,5703.63363410321,6380.49216029713,4027.3520031548505
2024-10-27 08:00:00,5741.504305861016,6231.638341461561,4292.523889122883
2024-10-27 09:00:00,5741.504305861016,6118.3524883061,4292.523889122883
2024-10-27 10:00:00,4813.022764972542,6031.458516822006,3975.3463198040654
2024-10-27 11:00:00,4555.02948339483,5763.835175897588,3333.920986217399
2024-10-27 12:00:00,3978.2025869041154,4677.743671207834,2792.716755543087
2024-10-27 13:00:00,3978.2025869041154,4677.743671207834,2792.716755543087
2024-10-27 14:00:00,4188.928747002043,4570.699314331614,2310.847438549921
2024-10-27 15:00:00,4935.095287676307,5006.0765569869345,2851.596370413398
2024-10-27 16:00:00,5220.980439740936,5358.994298704105,3458.6217030490016
2024-10-27 17:00:00,5234.7185047486855,5554.5731677204785,3829.1067697389385
2024-10-27 18:00:00,5365.274362173353,5554.5731677204785,4178.0980384444065
2024-10-27 19:00:00,5365.274362173353,5554.5731677204785,4230.378256463311
2024-10-27 20:00:00,5108.905745268089,5482.10752300622,4230.378256463311
2024-10-27 21:00:00,4906.13768184783,5482.10752300622,3964.755365334559
2024-10-27 22:00:00,4669.7077490470365,5200.02024696958,3749.157002199717
2024-10-27 23:00:00,4486.8888230572,4615.86851442988,3653.4241040852908
2024-10-28 00:00:00,4517.307118522611,4907.94438069973,3452.928013398847
2024-10-28 01:00:00,4451.976329957479,4676.86426614253,3410.8385704259945
2024-10-28 02:00:00,4224.650929344241,4607.0367454921015,3262.3106553943585
2024-10-28 03:00:00,3961.3395101705773,3964.0145519023445,3066.953847873887
2024-10-28 04:00:00,3898.5341692597594,3964.0145519023445,3066.953847873887
2024-10-28 05:00:00,3898.5341692597594,3969.584987944816,3232.046459777843
2024-10-28 06:00:00,4342.799776781443,4442.687417391349,3822.583502295274
2024-10-28 07:00:00,4580.465177657701,4800.050539925605,3858.247032881172
2024-10-28 08:00:00,4580.465177657701,5054.400775662869,3884.5238471250373
2024-10-28 09:00:00,4291.442396032087,5160.335204099336,3982.4414159266835
2024-10-28 10:00:00,4291.442396032087,5429.74974190154,4081.4743048295577
2024-10-28 11:00:00,4439.194531822129,6156.26498251467,4232.5622316798235
2024-10-28 12:00:00,4858.773318384675,6156.26498251467,4232.5622316798235
2024-10-28 13:00:00,4858.773318384675,6069.722026866172,3767.4076228256167
2024-10-28 14:00:00,4734.83731266821,5785.299446840412,3688.546067584858
2024-10-28 15:00:00,4518.363542278751,5564.9839261488,3612.727934302452
2024-10-28 16:00:00,4517.464698007236,5512.427634354919,3688.546067584858
2024-10-28 17:00:00,4485.573094875116,5512.427634354919,3685.8592243617863
2024-10-28 18:00:00,4517.464698007236,5636.741113656895,3766.983554717261
2024-10-28 19:00:00,4485.573094875116,5636.741113656895,3685.8592243617863
2024-10-28 20:00:00,4001.417908644138,4576.657515860221,3072.929754642502
2024-10-28 21:00:00,3934.7907279133524,4335.624322239852,2937.1854753792977
2024-10-28 22:00:00,3873.0041357684277,4265.916262415303,2901.704308567008
2024-10-28 23:00:00,3735.0271022614706,4238.432937217651,2670.191326699824
2024-10-29 00:00:00,3691.825934781331,4198.829088580545,2666.4152405219056
2024-10-29 01:00:00,3327.6570291438193,3158.8781613825295,1951.11579986841
2024-10-29 02:00:00,3295.4921841294345,3229.307352934713,1948.6303185133095
2024-10-29 03:00:00,3191.2699506881254,3181.773428438397,1948.6303185133095
2024-10-29 04:00:00,3191.2699506881254,3225.2028557725152,1956.7672568463843
2024-10-29 05:00:00,3201.442023286738,3225.2028557725152,1956.7672568463843
2024-10-29 06:00:00,3201.442023286738,3293.9185596123443,2030.3976923788293
2024-10-29 07:00:00,3070.6236431569396,3293.9185596123443,2010.1409286336127
2024-10-29 08:00:00,3025.0291949761486,3168.3070383442846,2010.1409286336127
2024-10-29 09:00:00,2876.7504167814095,2979.8259757610704,1976.5422779705916
2024-10-29 10:00:00,2876.7504167814095,2917.1053326064757,1699.8221540889947
2024-10-29 11:00:00,2876.7504167814095,2762.9766660429887,1694.6205919808583
2024-10-29 12:00:00,2852.708800532615,2762.9766660429887,1544.4847292916515
2024-10-29 13:00:00,2661.3577819246348,2645.180380895492,1495.0085218462166
2024-10-29 14:00:00,2506.870117057886,2630.061699454869,1325.882837591336
2024-10-29 15:00:00,2469.6153568352147,2586.327927864968,1325.882837591336
2024-10-29 16:00:00,2506.870117057886,2630.061699454869,1410.5995313852031
2024-10-29 17:00:00,3040.4149035247065,3025.3930329243485,1974.3045217089034
2024-10-29 18:00:00,3315.5913161894823,3030.624252939546,2247.286191466641
2024-10-29 19:00:00,3680.406580375364,3770.470041747574,2414.560987346649
2024-10-29 20:00:00,3687.750333536913,3958.4903274014578,2869.28668350038
2024-10-29 21:00:00,4248.527198035132,4246.164180006026,2974.1558216697813
2024-10-29 22:00:00,4762.862593131342,4680.681409442188,3299.146109258271
2024-10-29 23:00:00,5896.78708296802,5416.781969666046,3782.1051181142984
2024-10-30 00:00:00,5949.44743575183,5696.250582309231,4127.305562196254
2024-10-30 01:00:00,8292.662789865619,9671.063822375374,5373.645580100036
2024-10-30 02:00:00,9329.387530692677,10413.25718065747,5841.574434356827
2024-10-30 03:00:00,9329.387530692677,10413.25718065747,5841.574434356827
2024-10-30 04:00:00,8883.468265226114,9629.827009222314,5691.326396276384
2024-10-30 05:00:00,8128.9352727435335,9502.258041791469,5581.71703592815
2024-10-30 06:00:00,8128.9352727435335,8856.443064805411,5191.448966961464
2024-10-30 07:00:00,7853.942255686438,8524.645256335383,5191.448966961464
2024-10-30 08:00:00,6649.946145938427,7605.440431213809,3575.742744731315
2024-10-30 09:00:00,6257.125406097176,7223.270809213783,3452.1696709745374
2024-10-30 10:00:00,4430.319908190004,5061.138948560494,2751.5823075251196
2024-10-30 11:00:00,3359.211543538986,3222.2216680893544,1408.598959564828
2024-10-30 12:00:00,2403.243234803358,2655.228512947242,1408.598959564828
2024-10-30 13:00:00,2403.243234803358,2653.4488794989447,1662.4397950603368
2024-10-30 14:00:00,2486.809072690092,2653.4488794989447,1721.7680600697645
2024-10-30 15:00:00,2568.9576570388017,2653.4488794989447,1721.7680600697645
2024-10-30 16:00:00,2891.5297060032644,2801.047819097608,1760.1459275251796
2024-10-30 17:00:00,3172.854145813104,3358.6889709445477,2005.9000571545198
2024-10-30 18:00:00,3172.854145813104,3418.8529773569335,2174.9036293911204
2024-10-30 19:00:00,3172.854145813104,3476.429417891977,2333.379918736835
2024-10-30 20:00:00,3039.7014236175,3483.6172346067924,2527.6285030019876
2024-10-30 21:00:00,3304.216989202114,3496.34226933997,2527.6285030019876
2024-10-30 22:00:00,3646.1034148217987,3565.8348357472787,2802.5836897587687
2024-10-30 23:00:00,3646.1034148217987,3676.1789481021606,2650.321210785257
2024-10-31 00:00:00,3491.5969149925986,3825.398087986039,2726.452450272013
2024-10-31 01:00:00,3527.9857654494035,3118.384586377104,1959.8229468665236
2024-10-31 02:00:00,3585.6406919324436,3195.757929048641,2209.3762607716317
2024-10-31 03:00:00,3817.3014586405607,3534.275997207007,2495.80787233615
2024-10-31 04:00:00,3817.3014586405607,3627.57490541484,2495.80787233615
2024-10-31 05:00:00,3814.993957180157,3627.57490541484,2290.3962392586295
2024-10-31 06:00:00,3544.170482443611,3737.7999251604233,2290.3962392586295
2024-10-31 07:00:00,3544.170482443611,3753.9535992666843,2256.786585560088
2024-10-31 08:00:00,3512.987332652623,3799.4996885502533,2109.74475957207
2024-10-31 09:00:00,3204.2483044855744,3753.9535992666843,1666.0228283785304
2024-10-31 10:00:00,2962.961907106268,3065.5196589677435,1605.1694109343755
2024-10-31 11:00:00,2866.720288221166,3065.5196589677435,1605.1694109343755
2024-10-31 12:00:00,2962.961907106268,2922.9682074000157,1774.643156249623
2024-10-31 13:00:00,2825.000670893536,3019.3286880422256,1830.3657715783909
2024-10-31 14:00:00,3020.593388672947,3019.3286880422256,2114.8527984594602
2024-10-31 15:00:00,2990.95341078035,3158.452584866136,2114.8527984594602
2024-10-31 16:00:00,3194.8083274523215,3201.3700481706364,2250.4690374414076
2024-10-31 17:00:00,3526.5277879285895,3298.538696526226,2472.7303826942184
2024-10-31 18:00:00,3549.7891444368433,3515.0494015102213,2734.880903637744
2024-10-31 19:00:00,3632.3100245291407,3892.6075939434104,2806.1858329986944
2024-10-31 20:00:00,3632.3100245291407,4583.352381419016,2981.1054987761063
2024-10-31 21:00:00,3872.5750601635045,5131.578989811993,3198.8789478079852
2024-10-31 22:00:00,4383.5945592404505,5544.504783858767,3793.03657660385
2024-10-31 23:00:00,4858.157653936222,5544.504783858767,3909.2321631324685
2024-11-01 00:00:00,4929.705923837271,5535.3956881833765,3955.1464559755914
2024-11-01 01:00:00,5659.595191737368,5884.807647159897,3460.5136196080166
2024-11-01 02:00:00,5642.801286933741,5539.084514660366,3445.194159188485
2024-11-01 03:00:00,4813.907080677636,5442.254678749645,2991.0569577168685
2024-11-01 04:00:00,4206.991789543519,5198.593826940616,2950.5172694669827
2024-11-01 05:00:00,4206.991789543519,4745.679858280895,2991.0569577168685
2024-11-01 06:00:00,4237.7633579881,4471.301154617731,2672.5556184416146
2024-11-01 07:00:00,4237.7633579881,4745.679858280895,3079.614107349959
2024-11-01 08:00:00,4153.516255591383,4258.166568878427,2627.122813534255
2024-11-01 09:00:00,3959.935412270497,4218.010874383948,2406.791546426434
2024-11-01 10:00:00,3530.7129849271787,3395.7544070814492,2370.3143012745386
2024-11-01 11:00:00,2440.253804574515,2789.1416292893246,2173.9363794638903
2024-11-01 12:00:00,2336.1063523104513,2600.349505683873,1595.60991275588
2024-11-01 13:00:00,2362.4019986442527,2600.349505683873,1595.60991275588
2024-11-01 14:00:00,2211.2382820000494,2847.423166777018,1843.5425492757097
2024-11-01 15:00:00,2362.4019986442527,2972.138312185838,1920.632850256029
2024-11-01 16:00:00,2506.5024713071434,3446.4138713923385,1843.5425492757097
2024-11-01 17:00:00,2535.901654487103,3582.11823166093,1920.632850256029
2024-11-01 18:00:00,2549.909833128935,3881.569178741618,2135.3950629616456
2024-11-01 19:00:00,2863.7981421218137,3881.569178741618,2310.502857458602
2024-11-01 20:00:00,3081.0132169210083,3847.6822225306187,2371.8203221163453
2024-11-01 21:00:00,3081.0132169210083,3701.3929693658392,2371.8203221163453
2024-11-01 22:00:00,2878.341513739744,3555.4435041302477,2289.300035370061
2024-11-01 23:00:00,2776.999501740913,3288.967407250204,2289.300035370061
2024-11-02 00:00:00,2758.3356229144447,3196.894684177695,2323.4640124507655
2024-11-02 01:00:00,4786.105434419684,6062.996001606949,4750.72933837938
2024-11-02 02:00:00,4911.400261583413,6084.900100516177,4757.499556211514
2024-11-02 03:00:00,6319.7524897766825,8009.504011218273,6520.829766396405
2024-11-02 04:00:00,8277.119143814449,9369.537443652353,8036.11742822177
2024-11-02 05:00:00,11096.27891761771,12761.670488590311,11326.943556778811
2024-11-02 06:00:00,11222.25753258463,13400.023213703711,11660.43305791017
2024-11-02 07:00:00,12268.63527460738,14044.67798087745,12952.560167032212
2024-11-02 08:00:00,12297.478505249594,14044.67798087745,12983.146004891589
2024-11-02 09:00:00,12268.63527460738,13952.495348762666,12983.146004891589
2024-11-02 10:00:00,11819.693172619003,13417.922331686232,11346.21462039746
2024-11-02 11:00:00,9488.330340046408,12101.374915532362,10126.76293377095
2024-11-02 12:00:00,8229.244921838086,10439.076433067208,8274.083895616008
2024-11-02 13:00:00,7274.267021884691,9287.175975635302,7511.21650604885
2024-11-02 14:00:00,7064.440339743746,8928.378417347185,7133.14346762345
2024-11-02 15:00:00,6124.073415249129,7519.216127356521,5938.355396165086
2024-11-02 16:00:00,5702.145731324894,6044.634675061468,5179.939734086341
2024-11-02 17:00:00,4575.820131051921,5339.151996838702,3798.940421886454
2024-11-02 18:00:00,4082.8600131920666,4167.465986059335,3224.313919735797
2024-11-02 19:00:00,3619.3169666382564,3679.8771881927714,2917.8337655844052
2024-11-02 20:00:00,3273.1117705259658,3545.117618665783,2846.7217520661793
2024-11-02 21:00:00,3127.9878568458043,3090.5017452198463,2407.398884360304
2024-11-02 22:00:00,3006.9482590888674,3015.936743095228,2392.533041382648
2024-11-02 23:00:00,2955.228109431362,2849.0210213995288,2231.3484985946347
2024-11-03 00:00:00,2845.652758911834,2838.702011985184,2151.0783082107964
2024-11-03 01:00:00,2577.224796930279,2838.6620583334034,1647.215583173835
2024-11-03 02:00:00,2589.178690071576,2856.8062130324415,1674.3079792905987
2024-11-03 03:00:00,2783.841205255505,2888.8350894217238,1674.3079792905987
2024-11-03 04:00:00,2799.721040313765,2888.8350894217238,1554.3947766464264
2024-11-03 05:00:00,2855.655800563176,2789.5017983397156,1554.3947766464264
2024-11-03 06:00:00,2860.6316533181725,2789.5017983397156,1720.1895029251893
2024-11-03 07:00:00,3134.7238114342745,3038.5399990007954,1916.514798258129
2024-11-03 08:00:00,3400.1914754878617,3126.6957964479716,2021.6265109580004
2024-11-03 09:00:00,3423.255989391788,3038.5399990007954,2087.306910318406
2024-11-03 10:00:00,3423.255989391788,3057.435600300474,2183.5102726889104
2024-11-03 11:00:00,3415.342435347966,3029.718662919726,2117.6929700873507
2024-11-03 12:00:00,3268.668420219734,3057.435600300474,2183.5102726889104
2024-11-03 13:00:00,3143.2991362064076,3116.3532859240404,2605.8224174796605
2024-11-03 14:00:00,3106.42641486518,3445.2304389906967,2705.240235134962
2024-11-03 15:00:00,3106.42641486518,3518.637439413744,2734.411247507324
2024-11-03 16:00:00,3848.957757606202,4060.238626576931,2734.411247507324
2024-11-03 17:00:00,6717.930730966549,8489.99534777254,5225.5305901763695
2024-11-03 18:00:00,11053.265954183946,12124.319256219445,9596.466879581185
2024-11-03 19:00:00,11692.749721769282,14440.868063217153,10957.389819689168
2024-11-03 20:00:00,11692.749721769282,14440.868063217153,11390.136568748281
2024-11-03 21:00:00,12081.24723615247,14278.613098526528,11035.543735853566
2024-11-03 22:00:00,12081.24723615247,14278.613098526528,11390.136568748281
2024-11-03 23:00:00,15179.227861150008,16470.495451703864,14406.54075598042
2024-11-04 00:00:00,16223.944542655174,17444.135439935162,15805.817955029986
2024-11-04 01:00:00,18730.38026676073,19135.80591696887,17975.023985945038
2024-11-04 02:00:00,18749.138001198808,19186.168973815424,18037.70840980723
2024-11-04 03:00:00,18844.927947666514,19186.168973815424,18138.165770334344
2024-11-04 04:00:00,18749.138001198808,19186.168973815424,18037.70840980723
2024-11-04 05:00:00,18543.88392184459,19213.991042831076,17838.787099560865
2024-11-04 06:00:00,18336.937544004333,19213.991042831076,17838.787099560865
2024-11-04 07:00:00,18028.42495405495,19213.991042831076,17838.787099560865
2024-11-04 08:00:00,17925.3975862823,18842.21036680354,17734.270360452992
2024-11-04 09:00:00,17998.09151052494,18803.757784603647,17448.04666485439
2024-11-04 10:00:00,17186.48223174021,18749.85591130415,16318.989533418548
2024-11-04 11:00:00,16099.817461337694,16881.875495880333,14613.909108368784
2024-11-04 12:00:00,15664.368723404084,16619.589969089855,14311.173783126678
2024-11-04 13:00:00,15058.321525189971,16412.07876845891,13717.273890808932
2024-11-04 14:00:00,14367.933553601633,15284.151050700424,12813.20861614822
2024-11-04 15:00:00,13722.213594632269,14077.664599981365,11665.513465527585
2024-11-04 16:00:00,13478.036097720924,13596.178850527538,11594.167748928581
2024-11-04 17:00:00,11756.177186435725,12185.796257414882,9860.64746243729
2024-11-04 18:00:00,10360.671625139421,10087.982621291882,8179.626003214917
2024-11-04 19:00:00,8039.6461475417655,7908.250842434305,6943.654558929929
2024-11-04 20:00:00,7123.11908456692,6672.295837166309,4760.040345910481
2024-11-04 21:00:00,6379.980602386977,6358.757339140795,4247.740243260277
2024-11-04 22:00:00,5573.887464432654,5268.745818482374,3284.4463395698917
2024-11-04 23:00:00,4545.4901624566455,3986.1748111083816,2600.5985716243476
2024-11-05 00:00:00,3841.514039987324,3607.0796179787476,2336.982635616303
2024-11-05 01:00:00,3096.2346764215745,2964.302156273947,2016.782434252054
2024-11-05 02:00:00,3079.698854479917,2882.187662779299,1881.9125769503846
2024-11-05 03:00:00,2924.234401494976,2765.5564649677253,1881.9125769503846
2024-11-05 04:00:00,2924.234401494976,2665.1219059917566,1867.6317657058692
2024-11-05 05:00:00,2924.234401494976,2366.8186698423906,1867.6317657058692
2024-11-05 06:00:00,2689.587420085305,2366.8186698423906,1833.2330803968543
2024-11-05 07:00:00,2575.9417824047123,2440.7328436593652,1761.4742901653883
2024-11-05 08:00:00,2508.334925120238,2440.7328436593652,1679.9779704409927
2024-11-05 09:00:00,2508.334925120238,2440.7328436593652,1761.4742901653883
2024-11-05 10:00:00,2518.7996653292375,2675.5758324477156,2051.8871569336384
2024-11-05 11:00:00,2616.6770100519952,2675.5758324477156,2119.966903583917
2024-11-05 12:00:00,2695.1487075859186,2652.358139414084,2051.8871569336384
2024-11-05 13:00:00,2701.5349295331507,2652.358139414084,1940.4236577916774
2024-11-05 14:00:00,2944.0985049770334,2902.859157511046,1940.4236577916774
2024-11-05 15:00:00,3133.259709999713,3148.5482810255235,1986.4794287298298
2024-11-05 16:00:00,3407.01014256873,3285.2415536929348,3070.560600068417
2024-11-05 17:00:00,3988.3680675988853,3780.959363207352,3109.9892424533928
2024-11-05 18:00:00,4196.679545420302,4368.649773804784,3196.5264018873418
2024-11-05 19:00:00,4484.925552879034,4400.499117237638,3622.918182092346
2024-11-05 20:00:00,4782.059799386442,5301.068653541695,3995.5409483230137
2024-11-05 21:00:00,5216.103775762889,5315.717219155536,4215.029094389256
2024-11-05 22:00:00,5314.505462905618,5315.717219155536,4215.029094389256
2024-11-05 23:00:00,5521.386222310105,4955.323466465155,4136.744967171459
2024-11-06 00:00:00,5417.945842607862,4858.99814479346,4134.320536841304
2024-11-06 01:00:00,5812.980902572082,5515.21246613625,4210.897591455205
2024-11-06 02:00:00,5874.60126633603,5865.209383758785,4688.9729267987195
2024-11-06 03:00:00,6477.919037590173,6380.926217316253,5052.247502213063
2024-11-06 04:00:00,8386.997659064724,8288.049524073034,5413.961554274698
2024-11-06 05:00:00,9471.928444424062,10386.664467332155,7033.702092818552
2024-11-06 06:00:00,9471.928444424062,10386.664467332155,7033.702092818552
2024-11-06 07:00:00,8334.37938137903,8333.728734721444,5878.465568276215
2024-11-06 08:00:00,7294.493477156478,6996.762985107805,4965.252228123738
2024-11-06 09:00:00,6165.10706994778,5472.895547206863,4348.993302706531
2024-11-06 10:00:00,5230.152205853627,4507.470654457833,3441.9750927003133
2024-11-06 11:00:00,3966.752783915954,3438.7588549042084,2255.9232950449136
2024-11-06 12:00:00,3196.2150913068617,3275.7814898523848,1953.435828302229
2024-11-06 13:00:00,3196.2150913068617,3275.7814898523848,1953.435828302229
2024-11-06 14:00:00,3143.6758725977234,3355.275514687517,2089.8518846943134
2024-11-06 15:00:00,3283.1800103115656,3355.275514687517,2089.8518846943134
2024-11-06 16:00:00,3283.1800103115656,2942.8716992300615,1732.0152410250432
2024-11-06 17:00:00,3434.631129024905,2553.0783969742915,1732.0152410250432
2024-11-06 18:00:00,3434.631129024905,2341.6133846760204,1993.6291294005905
2024-11-06 19:00:00,3481.069444057919,2341.6133846760204,1993.6291294005905
2024-11-06 20:00:00,3277.6322991888155,2341.6133846760204,1993.6291294005905
2024-11-06 21:00:00,3180.221902525065,2298.0824412950024,2201.920017785018
2024-11-06 22:00:00,3124.179104985791,2298.0824412950024,2201.920017785018
2024-11-06 23:00:00,3124.179104985791,2298.0824412950024,2196.4993678354217
2024-11-07 00:00:00,3122.352640361424,2234.2860751066282,2067.625528407779
2024-11-07 01:00:00,3544.7715197743255,2887.03070629968,2139.6777560237947
2024-11-07 02:00:00,3909.8117035984087,3351.6848233771816,2332.183324571875
2024-11-07 03:00:00,3970.34289324151,3354.553763641101,2568.1525904736773
2024-11-07 04:00:00,4140.730725557016,3536.9640915967993,2742.65427368051
2024-11-07 05:00:00,3970.34289324151,3540.9686241525833,3013.9388784109065
2024-11-07 06:00:00,3926.712398453532,3548.413693527482,3232.9393687111333
2024-11-07 07:00:00,3926.712398453532,3883.8608595235655,3284.0145469249633
2024-11-07 08:00:00,3898.0627018460546,3883.8608595235655,3232.9393687111333
2024-11-07 09:00:00,3859.3504074863267,3682.697786351455,2856.2411191819606
2024-11-07 10:00:00,3139.213371290305,3305.662650884913,2415.0616342886624
2024-11-07 11:00:00,3139.213371290305,3031.1282095475435,2153.018646673346
2024-11-07 12:00:00,3193.4054885080386,3004.6132856612894,2153.018646673346
2024-11-07 13:00:00,3602.2959816769744,2932.7923617232445,2294.63427622407
2024-11-07 14:00:00,3602.2959816769744,2795.993036032627,2294.63427622407
2024-11-07 15:00:00,3354.646591276449,2795.993036032627,2294.63427622407
2024-11-07 16:00:00,3354.646591276449,2711.2846530648403,2438.637921405383
2024-11-07 17:00:00,3262.1017007671435,2829.169354797543,2621.9649691782324
2024-11-07 18:00:00,3440.4884295063803,3078.3978550125557,2810.238741859434
2024-11-07 19:00:00,3440.4884295063803,3325.8739171393936,2810.238741859434
2024-11-07 20:00:00,3746.1662246081196,3800.0701746829072,3088.5897492384124
2024-11-07 21:00:00,4117.631922590908,3930.5594166458795,3096.46529517903
2024-11-07 22:00:00,4466.390358838054,4025.6376007493436,3408.7127187873994
2024-11-07 23:00:00,4466.390358838054,4244.553018546565,3408.7127187873994
2024-11-08 00:00:00,4383.775378880677,4563.157717537263,3350.498333462242
2024-11-08 01:00:00,4449.092053436299,4249.530480642961,3437.3760175559873
2024-11-08 02:00:00,4078.612675004777,4035.1892230670383,3371.0025450509265
2024-11-08 03:00:00,3948.4295326806277,4035.1892230670383,3154.0154669307144
2024-11-08 04:00:00,3893.0132385899433,3911.6489051427307,3077.1471976772737
2024-11-08 05:00:00,3948.4295326806277,4165.721095725739,3046.2498368800325
2024-11-08 06:00:00,4019.077431920625,4281.981522307937,3046.2498368800325
2024-11-08 07:00:00,4071.1585657599935,4480.909982701016,3237.9821545879154
2024-11-08 08:00:00,4229.811839158401,4480.909982701016,3472.533892316324
2024-11-08 09:00:00,4229.811839158401,4106.398115550372,3472.533892316324
2024-11-08 10:00:00,3635.721030715711,3051.8827666204033,2919.8078576421144
2024-11-08 11:00:00,3213.3332907125405,2998.8829794147587,2787.504482276628
2024-11-08 12:00:00,3145.308168250229,2865.9685870132416,2667.745615129951
2024-11-08 13:00:00,3059.751606196918,2830.0634910270255,2430.4308276483803
2024-11-08 14:00:00,2967.2382063412897,2469.409554889142,1973.1846197436803
2024-11-08 15:00:00,2862.74720950799,2469.409554889142,1973.1846197436803
2024-11-08 16:00:00,2931.157342627286,2469.409554889142,2042.286732290912
2024-11-08 17:00:00,2931.157342627286,2566.413030734435,2090.0555222734843
2024-11-08 18:00:00,3320.99688243763,2974.6916290963727,2420.4380204907034
2024-11-08 19:00:00,3333.2756034432805,3144.97560427425,2524.4533189069493
2024-11-08 20:00:00,3589.389695271355,3527.2557243836745,2524.4533189069493
2024-11-08 21:00:00,3589.389695271355,3527.2557243836745,2697.855605695043
2024-11-08 22:00:00,3589.389695271355,3527.2557243836745,2697.855605695043
2024-11-08 23:00:00,3934.1540227446876,3675.072625984856,2965.4297769168793
2024-11-09 00:00:00,3968.5276473871236,3726.7528891689126,3076.4841259252257
2024-11-09 01:00:00,4603.67322703177,3986.7970355463203,2458.79275201989
2024-11-09 02:00:00,4521.831497670768,3940.252922773996,2619.4412706241233
2024-11-09 03:00:00,4521.831497670768,3940.252922773996,2678.04556620988
2024-11-09 04:00:00,4351.877718679717,3864.112242332032,2851.4250344098405
2024-11-09 05:00:00,3709.4877755714097,3397.293268466432,2851.4250344098405
2024-11-09 06:00:00,3666.511478971521,3218.337951790627,2711.8329120174135
2024-11-09 07:00:00,3557.9675402258745,3018.211485361726,2686.4982663501155
2024-11-09 08:00:00,3180.804112024629,2922.2165659815673,2445.278045423325
2024-11-09 09:00:00,3180.804112024629,2899.430059500115,2135.274816997155
2024-11-09 10:00:00,3013.6611122148242,2776.849168816965,2117.7888514122947
2024-11-09 11:00:00,2984.166610725646,2196.163934501459,2101.440577590296
2024-11-09 12:00:00,2984.166610725646,2196.163934501459,2101.440577590296
2024-11-09 13:00:00,3107.404995399018,2219.7737671167306,2072.551130780441
2024-11-09 14:00:00,3195.154099844898,2469.4375031315885,2072.551130780441
2024-11-09 15:00:00,3107.404995399018,2559.263725539702,1974.470625089023
2024-11-09 16:00:00,2949.6650164581642,2760.687596837537,1866.5231663711263
2024-11-09 17:00:00,2949.6650164581642,2832.6091321208005,1866.5231663711263
2024-11-09 18:00:00,3198.725649132053,2858.8412834553546,2148.6155885349935
2024-11-09 19:00:00,3433.9004658321446,2944.106039066697,2645.835830609452
2024-11-09 20:00:00,3554.584456933828,3583.351648289854,2783.7824399612255
2024-11-09 21:00:00,4684.337357328599,4462.637463458965,3580.64610949329
2024-11-09 22:00:00,4763.77449407628,4590.197043601016,3580.796732405378
2024-11-09 23:00:00,4763.77449407628,5026.4779594431275,3887.2874720106665
2024-11-10 00:00:00,4683.619714973495,5028.875965713507,3955.3113627835432
2024-11-10 01:00:00,4566.012446172286,4730.4578040433,3300.952413272235
2024-11-10 02:00:00,4547.719237164913,4729.3128899772255,3295.5081250380026
2024-11-10 03:00:00,4584.305655179659,4729.3128899772255,3295.5081250380026
2024-11-10 04:00:00,4825.010591330963,5166.037132006824,3636.3314168744273
2024-11-10 05:00:00,4900.440955199005,5171.169641038901,3724.829899581672
2024-11-10 06:00:00,4900.440955199005,5166.037132006824,3724.829899581672
2024-11-10 07:00:00,4434.200500559854,4508.446359540951,3058.397712756854
2024-11-10 08:00:00,4434.200500559854,4508.446359540951,3058.397712756854
2024-11-10 09:00:00,4446.914053611923,4834.419822601238,3185.8709847711075
2024-11-10 10:00:00,4446.914053611923,4834.419822601238,3244.77184911711
2024-11-10 11:00:00,4461.24926185954,4861.689952032453,3267.9497531607617
2024-11-10 12:00:00,4265.511799664857,4450.884508915935,3244.77184911711
2024-11-10 13:00:00,4139.109986138072,3952.652860384518,3085.153690248115
2024-11-10 14:00:00,3889.0682593385736,3686.075813751382,3079.7430355825727
2024-11-10 15:00:00,3897.826285055313,3684.6144634957727,3079.7430355825727
2024-11-10 16:00:00,3897.826285055313,3684.6144634957727,3079.7430355825727
2024-11-10 17:00:00,4312.644652471802,3688.765794760282,3401.8187178796816
2024-11-10 18:00:00,4836.138667784607,4027.708915524292,3442.664226945003
2024-11-10 19:00:00,4834.462251701642,4555.8125433197365,3442.664226945003
2024-11-10 20:00:00,4836.138667784607,4715.016466065677,3586.231620915009
2024-11-10 21:00:00,5209.837970725737,4825.545493558293,3656.785349989794
2024-11-10 22:00:00,5209.837970725737,4825.545493558293,3656.785349989794
2024-11-10 23:00:00,4768.3767029223545,4671.41233625319,3453.518304366529
2024-11-11 00:00:00,4574.862105410355,4450.1018127487,3168.4464899957075
2024-11-11 01:00:00,4511.501418545915,4127.610499177678,3102.901233499689
2024-11-11 02:00:00,4505.617828243452,4125.6199322677185,2924.5057189203126
2024-11-11 03:00:00,4113.1114155227715,3494.833546137568,2636.099479667358
2024-11-11 04:00:00,3720.9505847392084,3418.039824801792,2549.180737289815
2024-11-11 05:00:00,3720.9505847392084,3272.8489747387684,2464.4924414104275
2024-11-11 06:00:00,3720.9505847392084,3272.8489747387684,2417.898296437412
2024-11-11 07:00:00,3577.761369826683,3204.090150736147,2417.898296437412
2024-11-11 08:00:00,3413.512896805434,3165.373281080101,2175.568843153496
2024-11-11 09:00:00,3101.152970443258,2782.4773076969195,1983.4078055748691
2024-11-11 10:00:00,3072.324502163112,2583.8482635144974,1983.4078055748691
2024-11-11 11:00:00,3036.2246293840217,2583.8482635144974,2057.663436340161
2024-11-11 12:00:00,3036.2246293840217,2701.828322681071,2160.1557300210447
2024-11-11 13:00:00,3055.770014847847,2731.732323745611,2124.8799475290593
2024-11-11 14:00:00,3055.770014847847,2902.547616231215,2124.8799475290593
2024-11-11 15:00:00,3055.770014847847,2954.028534355648,2124.8799475290593
2024-11-11 16:00:00,3023.725659422622,3135.9504335760485,2292.0202957978536
2024-11-11 17:00:00,2914.0283097602696,3135.9504335760485,2318.311723984878
2024-11-11 18:00:00,2914.0283097602696,2971.260914007613,2509.784849379297
2024-11-11 19:00:00,3414.3454228406426,2971.260914007613,2509.784849379297
2024-11-11 20:00:00,4208.747281768683,3532.509314853345,2901.8398545651016
2024-11-11 21:00:00,4866.485461024061,4697.899802386513,3713.1641568210357
2024-11-11 22:00:00,6056.733851284377,6670.181440141704,4740.556415218566
2024-11-11 23:00:00,7224.2039233882,9196.206840592311,6096.0763528816515
2024-11-12 00:00:00,7500.065954510583,9535.498112267935,6713.721438348655
2024-11-12 01:00:00,10959.807286977444,12602.841864315185,9738.173739468632
2024-11-12 02:00:00,12896.246073408396,14036.52891689971,11054.918219334426
2024-11-12 03:00:00,15676.221928982928,16346.997975497823,14649.165265830681
2024-11-12 04:00:00,15676.221928982928,16706.32149852556,14649.165265830681
2024-11-12 05:00:00,15765.578035628025,16924.84147693551,14649.165265830681
2024-11-12 06:00:00,16064.981489338401,17177.064813930803,15151.310087587719
2024-11-12 07:00:00,16064.981489338401,17177.064813930803,15151.310087587719
2024-11-12 08:00:00,15711.931311713282,16476.463924733365,12612.307813031512
2024-11-12 09:00:00,12457.691576983194,14584.487572257467,9738.94565023563
2024-11-12 10:00:00,10154.061419324677,10547.343670938717,6437.047804242873
2024-11-12 11:00:00,6306.049410113228,6702.249712681053,3954.9229633493396
2024-11-12 12:00:00,5096.662364363509,3947.9688331643847,3235.0386247032006
2024-11-12 13:00:00,3729.5533063884995,3436.5863749955934,2380.309742594857
2024-11-12 14:00:00,3470.4962418132473,3276.1400501125445,2281.4828100745103
2024-11-12 15:00:00,3439.163592099316,3159.9928103131806,2267.3125815923777
2024-11-12 16:00:00,3470.4962418132473,3030.0047379579355,2281.4828100745103
2024-11-12 17:00:00,3922.4408113524332,3030.0047379579355,2629.2896154775544
2024-11-12 18:00:00,3922.4408113524332,3325.756585374813,2854.139007751253
2024-11-12 19:00:00,3675.3566988944385,3475.1856340715385,2854.139007751253
2024-11-12 20:00:00,3622.920672883978,3475.1856340715385,2798.468369046512
2024-11-12 21:00:00,3425.297633513708,3497.0280042173636,2703.608563692397
2024-11-12 22:00:00,3362.8552529689223,3497.0280042173636,2798.468369046512
2024-11-12 23:00:00,3298.3196801467748,3461.0581823788852,2703.608563692397
2024-11-13 00:00:00,3303.4786938667985,3443.6525305427003,2526.136928181479
2024-11-13 01:00:00,3409.1536268056307,3475.7849888104793,2714.6030682864675
2024-11-13 02:00:00,3350.1064819635158,3413.683107618732,2656.3606509568253
2024-11-13 03:00:00,3310.281803347292,3357.5728691775766,2656.3606509568253
2024-11-13 04:00:00,3283.4255338085113,3357.5728691775766,2656.3606509568253
2024-11-13 05:00:00,3254.996497436221,3325.0093422538284,2560.55178613948
2024-11-13 06:00:00,3136.6112477046245,3201.3706488249845,2517.1551288817222
2024-11-13 07:00:00,3053.179313455219,3074.3881337604817,2483.520028244363
2024-11-13 08:00:00,3053.179313455219,3074.3881337604817,2210.857988870592
2024-11-13 09:00:00,2919.7207360227803,2936.1684639034647,2152.6629310742755
2024-11-13 10:00:00,3061.377656146218,2862.453301876858,2041.653648943942
2024-11-13 11:00:00,3207.3515708584036,2796.1001521567377,2041.653648943942
2024-11-13 12:00:00,3207.3515708584036,2796.1001521567377,2071.2151956029306
2024-11-13 13:00:00,3342.004933595792,2903.9133631781824,2071.2151956029306
2024-11-13 14:00:00,3261.3609700914185,2903.9133631781824,1919.4314180945148
2024-11-13 15:00:00,3342.004933595792,2939.1091574897855,1919.4314180945148
2024-11-13 16:00:00,3377.244923858494,2939.1091574897855,1965.1616115171882
2024-11-13 17:00:00,3405.4415992275935,3157.378501874584,2412.428604138213
2024-11-13 18:00:00,3581.623898459424,3243.797895208112,2930.788756972097
2024-11-13 19:00:00,3754.935042209394,3571.016632194336,3016.991542119898
2024-11-13 20:00:00,3913.5084658745,3944.87451428639,3142.896491675645
2024-11-13 21:00:00,4146.40189120329,4107.935222813396,3423.6512797262185
2024-11-13 22:00:00,4146.40189120329,4335.569814936256,3479.582025805005
2024-11-13 23:00:00,4048.3202707116234,4169.977883763744,3423.6512797262185
2024-11-14 00:00:00,4018.422987557622,4252.77384935,3369.8438503789203
2024-11-14 01:00:00,4747.025219848871,4934.778682595797,3526.5274592552805
2024-11-14 02:00:00,4912.132711134998,4575.371914802101,3736.6911201406447
2024-11-14 03:00:00,4912.132711134998,4575.371914802101,3736.6911201406447
2024-11-14 04:00:00,4784.436683963542,4284.405601860803,3496.261911184448
2024-11-14 05:00:00,4784.436683963542,4284.405601860803,3496.261911184448
2024-11-14 06:00:00,4720.821492119026,4537.152668656001,3598.4410087922024
2024-11-14 07:00:00,4791.135765337839,4537.152668656001,3723.225473837353
2024-11-14 08:00:00,4679.098904008171,4347.434287448754,3598.4410087922024
2024-11-14 09:00:00,4679.098904008171,4315.506848576013,3441.240482981606
2024-11-14 10:00:00,4266.681618740713,4212.338847863693,3194.196973158014
2024-11-14 11:00:00,3958.7172069657554,3466.051585511461,2928.253196864295
2024-11-14 12:00:00,3932.461529070053,3466.051585511461,2827.0093304874486
2024-11-14 13:00:00,3958.7172069657554,3499.957437317882,2827.0093304874486
2024-11-14 14:00:00,3979.7616530830874,3730.9703980440845,2703.6219214338907
2024-11-14 15:00:00,4040.7091538249315,3942.3432198835817,2703.6219214338907
2024-11-14 16:00:00,4434.421411320227,4745.571892298896,3008.0265260087695
2024-11-14 17:00:00,4858.439613814469,4818.740225934958,3440.371384981091
2024-11-14 18:00:00,4858.439613814469,4818.740225934958,3440.371384981091
2024-11-14 19:00:00,4429.4177213108915,3930.631012202315,3755.294421593891
2024-11-14 20:00:00,4429.4177213108915,3930.631012202315,3755.294421593891
2024-11-14 21:00:00,4688.427471464481,4638.89188661906,4275.0284765669285
2024-11-14 22:00:00,4772.587198222399,5243.026075572234,4275.0284765669285
2024-11-14 23:00:00,5511.331628150962,5700.428668390696,4284.638111321759
2024-11-15 00:00:00,5511.474269634986,5784.32835080932,4277.565415980369
2024-11-15 01:00:00,6012.892685274699,7119.023897785718,4822.173985764111
2024-11-15 02:00:00,5938.243893816906,7067.7694562430615,4558.598622955106
2024-11-15 03:00:00,5912.233932588404,7170.278339328374,4400.238516609196
2024-11-15 04:00:00,5566.5811622494475,6027.048774116674,4371.804247820478
2024-11-15 05:00:00,5563.795339194844,5409.691615213898,3653.3107291763645
2024-11-15 06:00:00,4869.614642131221,4497.592867196703,3220.444501420839
2024-11-15 07:00:00,4132.654087094013,3889.398656913707,2679.973191459924
2024-11-15 08:00:00,3995.501014734473,3405.3987309014756,2413.951709310368
2024-11-15 09:00:00,3805.7385233618024,3296.180265177156,2396.880911071754
2024-11-15 10:00:00,3163.732095708576,3074.162646722274,2396.880911071754
2024-11-15 11:00:00,3071.3901352408975,2868.3366257703638,2396.880911071754
2024-11-15 12:00:00,3047.106715544096,2819.9482255646017,2159.877312397191
2024-11-15 13:00:00,3009.5435790194006,2819.9482255646017,1951.82178738282
2024-11-15 14:00:00,3009.5435790194006,2841.940167397519,1938.8957544632592
2024-11-15 15:00:00,3044.2289598648567,2864.7091187604,1951.82178738282
2024-11-15 16:00:00,3122.702375747489,3132.505326727787,2102.993077612896
2024-11-15 17:00:00,3368.6161838906246,3193.0543581200873,2347.6560239468017
2024-11-15 18:00:00,3591.433984446481,3534.080452727523,2451.771198513402
2024-11-15 19:00:00,3609.4639313773787,3534.080452727523,2662.456343488036
2024-11-15 20:00:00,3691.5712982181412,3534.080452727523,2824.8113970022255
2024-11-15 21:00:00,3730.4398311897094,3646.8422795901242,2840.7152672431444
2024-11-15 22:00:00,3872.2884574967065,3650.3943265879134,2956.313576181237
2024-11-15 23:00:00,3956.77809000094,3802.202141010772,2956.313576181237
2024-11-16 00:00:00,4037.5478595130608,3866.6243070016244,2944.0557650113506
2024-11-16 01:00:00,4161.794232749991,3651.2532712067505,2466.098451476122
2024-11-16 02:00:00,4212.0957467970675,3484.2020376390083,2435.4050514920705
2024-11-16 03:00:00,4111.492718702915,3355.802048715388,2351.684251467275
2024-11-16 04:00:00,3636.5675724778484,2877.1536502863055,1867.1665694649819
2024-11-16 05:00:00,3636.5675724778484,2877.1536502863055,1867.1665694649819
2024-11-16 06:00:00,4305.340369362268,3467.3085618800633,2429.4586939747237
2024-11-16 07:00:00,4559.106193909648,3762.621738366386,2786.887631632558
2024-11-16 08:00:00,4827.071128191531,3833.2034822987425,2932.647063505293
2024-11-16 09:00:00,4568.486011164294,4450.440756477465,3284.9127388750107
2024-11-16 10:00:00,4568.486011164294,4509.9618823724195,3390.3943923477746
2024-11-16 11:00:00,4568.486011164294,5230.648190700736,3390.3943923477746
2024-11-16 12:00:00,4440.153205202664,5230.648190700736,3390.3943923477746
2024-11-16 13:00:00,4322.649330956145,5049.896417552867,3241.4280410870106
2024-11-16 14:00:00,4322.649330956145,5049.896417552867,3241.4280410870106
2024-11-16 15:00:00,4727.130694299941,5906.316945061399,3823.920437106629
2024-11-16 16:00:00,7058.6565499405415,9355.855795951284,5945.046213945298
2024-11-16 17:00:00,8645.988780455109,10918.070532903901,8042.949051486348
2024-11-16 18:00:00,11272.360463741164,12376.141862326516,10131.544036509598
2024-11-16 19:00:00,11482.232365408,13472.683478236504,10579.550048025647
2024-11-16 20:00:00,15463.730542196561,16336.819687059728,14731.640992092287
2024-11-16 21:00:00,15463.730542196561,16336.819687059728,14731.640992092287
2024-11-16 22:00:00,15433.043555390233,15870.329512610064,14431.948793690512
2024-11-16 23:00:00,14516.234513949816,15209.93456992411,14257.452386885589
2024-11-17 00:00:00,14696.055058839673,15255.914667029334,13751.147861788468
2024-11-17 01:00:00,14117.958398870695,15126.44774829991,13001.138897240071
2024-11-17 02:00:00,13606.555872280667,15064.205070588076,12602.1719402593
2024-11-17 03:00:00,13585.948975784315,13986.827272896395,11992.474068997253
2024-11-17 04:00:00,11650.081224519305,12868.373344580215,9949.192003267168
2024-11-17 05:00:00,10468.863748137952,12227.269014944948,8563.077108523039
2024-11-17 06:00:00,10409.628742484123,12009.806811803475,8563.077108523039
2024-11-17 07:00:00,10409.628742484123,12009.806811803475,8563.077108523039
2024-11-17 08:00:00,7994.583073298399,7695.198583668318,4669.297587827678
2024-11-17 09:00:00,4757.172884431912,5353.398524568542,2846.983321364032
2024-11-17 10:00:00,3132.5500447526556,3155.318003479988,1495.4320690018017
2024-11-17 11:00:00,3050.5882267079687,2625.931180778154,1495.4320690018017
2024-11-17 12:00:00,2894.675082183754,2405.048783601429,1433.7776133953748
2024-11-17 13:00:00,2894.675082183754,2436.369227330966,1433.7776133953748
2024-11-17 14:00:00,2769.3456664921378,2436.369227330966,1433.7776133953748
2024-11-17 15:00:00,2769.3456664921378,2436.369227330966,1604.2732277325078
2024-11-17 16:00:00,2856.066166159284,2200.784712032959,1662.7561712667944
2024-11-17 17:00:00,3395.5349069153654,2200.784712032959,2033.683256657121
2024-11-17 18:00:00,3465.728772414477,2270.5641864100635,2049.343361831264
2024-11-17 19:00:00,3543.2006227544116,2275.846330837672,2049.343361831264
2024-11-17 20:00:00,3465.728772414477,2569.148392333729,2213.2180417783998
2024-11-17 21:00:00,3566.3321747891932,2652.0273028665724,2217.648543542163
2024-11-17 22:00:00,3945.328306946609,2855.074659239399,2643.7948918419247
2024-11-17 23:00:00,4527.882401114121,3596.191887545181,3337.6875789294845
2024-11-18 00:00:00,4767.9338111429015,4110.885468333633,3362.811517656295
2024-11-18 01:00:00,4266.249345250664,3555.8418973625667,2895.336835307793
2024-11-18 02:00:00,4505.343332833773,3594.3366312136695,3103.794848250564
2024-11-18 03:00:00,4495.114299771212,4289.3851186881675,2841.416899972691
2024-11-18 04:00:00,4495.114299771212,4289.3851186881675,2841.416899972691
2024-11-18 05:00:00,3701.393804382091,3523.760639815484,2212.9745685476164
2024-11-18 06:00:00,3642.7538137233805,3249.5821898814793,2212.9745685476164
2024-11-18 07:00:00,3304.617970221958,2960.8760907552496,2212.9745685476164
2024-11-18 08:00:00,3076.869767064927,2607.157708514016,2044.0428908220226
2024-11-18 09:00:00,3058.138416381613,2607.157708514016,1843.942813526176
2024-11-18 10:00:00,2946.08247454897,2619.969256105449,1843.942813526176
2024-11-18 11:00:00,2946.08247454897,2619.969256105449,1900.7691985063016
2024-11-18 12:00:00,2993.4942910943373,2662.569281001035,1985.541364515066
2024-11-18 13:00:00,3111.1476803421647,3177.753937266496,2377.341064323304
2024-11-18 14:00:00,3111.1476803421647,3177.753937266496,2377.341064323304
2024-11-18 15:00:00,2778.4972709088124,2602.0394779364433,2301.546314910472
2024-11-18 16:00:00,2743.584879556958,2602.0394779364433,2301.546314910472
2024-11-18 17:00:00,2607.909936360629,2724.9233317505805,2253.23272689919
2024-11-18 18:00:00,2743.584879556958,3179.304550717581,2253.23272689919
2024-11-18 19:00:00,3250.63388190381,3190.43766076505,2253.23272689919
2024-11-18 20:00:00,3387.7044513179844,3190.43766076505,2473.219281855037
2024-11-18 21:00:00,3481.6268414527767,3193.5173019858266,2473.219281855037
2024-11-18 22:00:00,3702.309514693834,3356.3637472636583,2360.3393725882215
2024-11-18 23:00:00,3702.309514693834,3356.3637472636583,2329.8258608179162
2024-11-19 00:00:00,3613.064067171891,3331.9412777279567,2205.354824368396
2024-11-19 01:00:00,3686.376684082872,3115.925546611371,2307.702120537669
2024-11-19 02:00:00,3720.708736908975,3149.560300438505,2280.421069375111
2024-11-19 03:00:00,3762.6169872087885,3450.976162215391,2280.421069375111
2024-11-19 04:00:00,3937.3205021705307,3454.781168824944,2559.9818969304215
2024-11-19 05:00:00,3881.040531119792,3520.125711498211,2559.9818969304215
2024-11-19 06:00:00,3937.3205021705307,3964.3177766683402,2463.5175916114013
2024-11-19 07:00:00,3911.887931420566,3964.3177766683402,2463.5175916114013
2024-11-19 08:00:00,3911.887931420566,3699.5142223664734,2737.854995393928
2024-11-19 09:00:00,3904.790039861522,3550.288266938893,2775.202747226672
2024-11-19 10:00:00,3583.838697387944,3342.7664936623532,2775.202747226672
2024-11-19 11:00:00,3471.411758512226,3020.7915397699508,2532.6825996112466
2024-11-19 12:00:00,3583.838697387944,3342.7664936623532,2532.6825996112466
2024-11-19 13:00:00,3819.3330313949464,3683.4797576871806,2693.0995747752336
2024-11-19 14:00:00,3936.765757076979,4116.489605992565,2969.2467721975972
2024-11-19 15:00:00,4363.989767531437,4490.661815302872,3775.3937626591837
2024-11-19 16:00:00,5063.255815670257,4783.842722426767,3980.9410469938844
2024-11-19 17:00:00,6445.389258962794,6158.807930927385,5577.74995827386
2024-11-19 18:00:00,6954.804794978005,8527.131442364614,6469.539100256819
2024-11-19 19:00:00,7598.4797484627425,9170.108673724108,7009.308909569715
2024-11-19 20:00:00,7598.4797484627425,9730.82317286028,7084.21421928072
2024-11-19 21:00:00,8389.42364111109,9938.014991917647,7998.832578318244
2024-11-19 22:00:00,9092.259964906216,10694.758450424193,8302.696626547155
2024-11-19 23:00:00,10070.43083650685,11309.702399466289,8419.390956735033
2024-11-20 00:00:00,10994.862286392152,12015.72947588909,9139.10829203727
2024-11-20 01:00:00,15979.004898203224,17066.724864866766,14246.344452489262
2024-11-20 02:00:00,15715.37903826376,16719.335705749923,13578.499236285137
2024-11-20 03:00:00,15586.570002117538,16507.124667533903,13046.276454036422
2024-11-20 04:00:00,15187.176047405814,16315.887962315963,12504.485951473667
2024-11-20 05:00:00,14967.425223466911,15391.313208521848,12242.06276269269
2024-11-20 06:00:00,11131.42554986499,11287.812558300091,9121.067771419457
2024-11-20 07:00:00,9941.865057379533,10571.423538833646,8417.065825385993
2024-11-20 08:00:00,8759.696667021162,9946.689584837344,7288.758914150638
2024-11-20 09:00:00,8638.071320115427,9420.429430377146,7182.90210976129
2024-11-20 10:00:00,6716.404068502015,7328.987603222147,5226.92557350938
2024-11-20 11:00:00,5815.125067088161,5933.542096463361,4305.886872154814
2024-11-20 12:00:00,5815.125067088161,5365.14761447435,4163.496075967596
2024-11-20 13:00:00,6176.558477830529,5365.14761447435,4163.496075967596
2024-11-20 14:00:00,6379.675511849669,5409.762715945433,4176.830894146457
2024-11-20 15:00:00,6483.39213067968,5527.4773159381275,4429.121090843939
2024-11-20 16:00:00,7099.983452177658,6163.605360357213,4895.023557201485
2024-11-20 17:00:00,8492.368017475332,8241.130993530664,6268.303362627773
2024-11-20 18:00:00,9267.491650338568,9583.620266968148,7865.228816518785
2024-11-20 19:00:00,10180.753572539197,12094.753618536843,8307.641054898299
2024-11-20 20:00:00,12304.036871738892,14509.89145391569,10559.717568892755
2024-11-20 21:00:00,13782.695399275794,16332.233547997686,11935.520142376456
2024-11-20 22:00:00,14637.639096318242,16385.387301672607,12451.697545783696
2024-11-20 23:00:00,14637.639096318242,16385.387301672607,12451.697545783696
2024-11-21 00:00:00,14309.979521884474,16120.183740002034,12280.09724153746
2024-11-21 01:00:00,14308.701065793288,16250.51949315659,12155.262805080452
2024-11-21 02:00:00,13854.027968195118,15607.95493932419,12194.780384199736
2024-11-21 03:00:00,13439.086938642271,15535.69096200313,12194.780384199736
2024-11-21 04:00:00,13439.086938642271,15535.69096200313,11325.930354550504
2024-11-21 05:00:00,13439.086938642271,15679.875056164958,11325.930354550504
2024-11-21 06:00:00,13042.914715662982,15679.875056164958,11325.930354550504
2024-11-21 07:00:00,13042.914715662982,15700.576909037538,11264.40733231538
2024-11-21 08:00:00,12976.362083126209,15479.88765891979,11174.999923730102
2024-11-21 09:00:00,11259.764252154848,13086.823447654646,10302.857570320351
2024-11-21 10:00:00,10438.04245726144,11668.449512265412,9215.899365225205
2024-11-21 11:00:00,10438.04245726144,11668.449512265412,9215.899365225205
2024-11-21 12:00:00,11886.298924496186,12642.241994777487,10491.598199161812
2024-11-21 13:00:00,12551.022549588322,13354.003843608125,11553.379450695054
2024-11-21 14:00:00,13478.642732075648,14072.627079511758,12045.556423083839
2024-11-21 15:00:00,13495.1134293822,14423.605184288364,12819.915306199191
2024-11-21 16:00:00,14728.546218067453,15224.039571976215,13372.03887664133
2024-11-21 17:00:00,15614.187187532756,16371.905025068503,14855.901657494484
2024-11-21 18:00:00,16055.427334972806,16949.298176950426,15224.415264380703
2024-11-21 19:00:00,16148.472226247437,17005.88634324585,15523.387201455062
2024-11-21 20:00:00,16055.427334972806,17005.88634324585,15525.799513644064
2024-11-21 21:00:00,15925.075150468983,17005.88634324585,15525.799513644064
2024-11-21 22:00:00,15237.409853559286,16299.396363580947,14732.184260153097
2024-11-21 23:00:00,14944.847533902132,15745.345659240218,14500.474311296546
2024-11-22 00:00:00,14724.569739121976,15396.96926877931,13688.178440543814
2024-11-22 01:00:00,13985.219519290535,12957.564731607063,11509.90077616836
2024-11-22 02:00:00,13710.950553869592,13399.504322008872,12099.132002010205
2024-11-22 03:00:00,13311.333013612806,13399.504322008872,12099.132002010205
2024-11-22 04:00:00,12081.946343978116,12442.633221844568,10511.704723369268
2024-11-22 05:00:00,10740.79021190675,11321.454037548667,9288.627531569251
2024-11-22 06:00:00,10471.98438039109,11321.454037548667,7999.921067412067
2024-11-22 07:00:00,9760.226101459677,11144.367164561241,7262.580646471329
2024-11-22 08:00:00,7955.764982065846,8053.4099692839845,5338.164068310783
2024-11-22 09:00:00,5293.020063740815,4452.796364707376,3137.6049183228374
2024-11-22 10:00:00,3368.8068852925317,3106.3709449379567,2313.2314477407017
2024-11-22 11:00:00,3368.8068852925317,2763.415369829032,1858.6978644780781
2024-11-22 12:00:00,2963.4883985068354,2763.415369829032,1659.2002419212195
2024-11-22 13:00:00,3393.4978409467712,2969.7871972273642,1705.3154145311269
2024-11-22 14:00:00,3402.2525936042784,3027.718147928448,1659.2002419212195
2024-11-22 15:00:00,3644.166427156584,3387.5894987121846,1705.3154145311269
2024-11-22 16:00:00,3717.2755262758583,3709.5614548307567,1823.2768599111832
2024-11-22 17:00:00,3717.2755262758583,3719.778516780196,2018.594817213415
2024-11-22 18:00:00,3717.2755262758583,3794.1587502515413,2641.4505798314376
2024-11-22 19:00:00,3678.398287778462,3794.1587502515413,2694.6632303861848
2024-11-22 20:00:00,3678.398287778462,3617.872532580828,2694.6632303861848
2024-11-22 21:00:00,3891.5760237248287,3538.22464060958,2516.490683270701
2024-11-22 22:00:00,3891.5760237248287,3457.9608029053234,2516.490683270701
2024-11-22 23:00:00,3771.6964373403116,3294.282944047296,2490.979567160837
2024-11-23 00:00:00,3705.9308103567673,3250.7433299511813,2489.1786000682623
2024-11-23 01:00:00,3410.2178565356135,3133.821029199452,2226.865935280847
2024-11-23 02:00:00,3335.1279879991434,3132.688572339064,2157.8616752849757
2024-11-23 03:00:00,3335.1279879991434,2944.6956530205734,2157.8616752849757
2024-11-23 04:00:00,3476.000948395542,2944.6956530205734,2479.232173161877
2024-11-23 05:00:00,3476.000948395542,2930.9257626296603,2500.525310797283
2024-11-23 06:00:00,3437.130927802038,2930.9257626296603,2500.525310797283
2024-11-23 07:00:00,3380.081547768359,2926.7488958879003,2500.525310797283
2024-11-23 08:00:00,3015.718575989107,2584.2139132014345,2169.3563419053035
2024-11-23 09:00:00,2774.405507147927,2558.421012327315,2146.2671019783943
2024-11-23 10:00:00,2765.1161249151755,2313.8099875393,1967.1464380542498
2024-11-23 11:00:00,2268.2994031205053,1959.387974850244,1689.932573497738
2024-11-23 12:00:00,2218.5668001062877,1959.387974850244,1689.932573497738
2024-11-23 13:00:00,2218.5668001062877,2000.3228676196886,1812.7554218239836
2024-11-23 14:00:00,2267.4102730976665,2021.861910149286,1905.3017238635232
2024-11-23 15:00:00,2297.3266377797136,2148.6550476507564,1812.7554218239836
2024-11-23 16:00:00,2419.675754686088,2258.709572518328,1905.3017238635232
2024-11-23 17:00:00,2532.3889335602744,2258.709572518328,1906.8906764006756
2024-11-23 18:00:00,2849.1492297015666,2258.709572518328,1906.8906764006756
2024-11-23 19:00:00,2849.1492297015666,2491.575333382545,1906.8906764006756
2024-11-23 20:00:00,2862.35157774499,2692.7099226677365,2045.4927440225767
2024-11-23 21:00:00,3023.1449239635585,3066.2585277955295,2298.6332142506635
2024-11-23 22:00:00,3115.8840710762615,3378.364746179217,2372.8813407307457
2024-11-23 23:00:00,3350.5042487401624,3435.252899766396,2673.4556357809065
2024-11-24 00:00:00,3401.9387873498417,3448.952823853987,2758.761618518803
2024-11-24 01:00:00,3836.634564025103,3582.6086253626427,2957.30331213125
2024-11-24 02:00:00,4030.8517146213944,3667.563741388052,3006.333021565474
2024-11-24 03:00:00,4107.304943582518,3621.5677154343302,3102.3236165905123
2024-11-24 04:00:00,4726.693457375236,3667.563741388052,3152.8601037336975
2024-11-24 05:00:00,4726.693457375236,4163.551465280983,3160.076817182872
2024-11-24 06:00:00,4497.971716628742,4163.551465280983,3152.8601037336975
2024-11-24 07:00:00,4381.587962277062,4122.229450836876,3160.076817182872
2024-11-24 08:00:00,4264.789215335239,3732.9862997621476,3121.991428617431
2024-11-24 09:00:00,3991.536886679716,3690.077683293299,2899.314396914574
2024-11-24 10:00:00,3143.423385285274,2726.6323101167945,2500.798883862937
2024-11-24 11:00:00,3143.423385285274,2726.6323101167945,2467.1266185920103
2024-11-24 12:00:00,3475.7629332827073,2669.4117267382044,2467.1266185920103
2024-11-24 13:00:00,3475.7629332827073,2744.195405392904,2115.8783758309405
2024-11-24 14:00:00,3320.104169191334,2744.195405392904,2115.8783758309405
2024-11-24 15:00:00,3229.8945971778285,2835.561647564027,2083.358715736443
2024-11-24 16:00:00,3229.8945971778285,2880.836121475728,2226.7450671774864
2024-11-24 17:00:00,3229.8945971778285,2880.836121475728,2329.175667725596
2024-11-24 18:00:00,4200.89376462357,3649.845604957709,2905.700647068103
2024-11-24 19:00:00,4247.028204775983,4557.220166841193,2905.700647068103
2024-11-24 20:00:00,4313.526356059593,4615.954470952383,2905.700647068103
2024-11-24 21:00:00,4276.334828505991,4694.988595897876,3244.5912171140703
2024-11-24 22:00:00,4335.658835955455,4694.988595897876,3282.2268772743605
2024-11-24 23:00:00,4292.0932107676845,4592.739356931077,3301.8183180307183
2024-11-25 00:00:00,4313.87602336157,4460.302148967889,3292.0225976525394
2024-11-25 01:00:00,4526.247592740303,4704.981643647494,3237.5885034960966
2024-11-25 02:00:00,4409.654380318648,4490.123384912116,3194.7186484282593
2024-11-25 03:00:00,4479.809257964749,4723.611992712977,3194.7186484282593
2024-11-25 04:00:00,4409.654380318648,4463.598619460874,3103.624753986117
2024-11-25 05:00:00,3832.757037906358,3929.4488759330998,3103.624753986117
2024-11-25 06:00:00,3832.757037906358,3929.4488759330998,3103.624753986117
2024-11-25 07:00:00,3917.3151428837336,3812.290974993677,3007.392646462238
2024-11-25 08:00:00,3917.3151428837336,3408.5483837761094,2870.4111611358157
2024-11-25 09:00:00,3743.1089397798096,3367.0580121102666,2693.0948147735285
2024-11-25 10:00:00,3453.3733347613506,3359.833344701261,2484.6449258663692
2024-11-25 11:00:00,3453.3733347613506,3359.833344701261,2484.6449258663692
2024-11-25 12:00:00,3829.0863155523857,3766.0139988665487,2521.362989935453
2024-11-25 13:00:00,3829.0863155523857,3766.0139988665487,2521.362989935453
2024-11-25 14:00:00,3325.291824404516,3291.294800089401,2324.1167920815838
2024-11-25 15:00:00,3325.291824404516,2713.854434267214,1954.8111058663658
2024-11-25 16:00:00,3411.079237782489,2713.854434267214,1954.8111058663658
2024-11-25 17:00:00,3612.9296511623725,3568.553497369503,2542.299935148852
2024-11-25 18:00:00,4074.010749457082,4957.396360021874,3374.9643823932565
2024-11-25 19:00:00,5943.342509587104,7654.821475563997,5382.465392523074
2024-11-25 20:00:00,8110.557159044337,9440.508155577576,7280.207205013254
2024-11-25 21:00:00,10454.191123605451,11637.5293795462,9089.26412171879
2024-11-25 22:00:00,11335.367707618765,12840.499342551358,10127.49102601321
2024-11-25 23:00:00,12566.36863106046,14235.196428853738,11979.55968728034
2024-11-26 00:00:00,13173.669128484751,15416.394000157887,13299.585296273108
2024-11-26 01:00:00,14633.172321249507,16190.767448436141,14243.091479003337
2024-11-26 02:00:00,15060.339049842081,16919.071754598688,14932.513342422435
2024-11-26 03:00:00,16062.298052442944,17447.9799197515,15923.337711343256
2024-11-26 04:00:00,16518.249978294156,17467.48301271699,16127.895018960377
2024-11-26 05:00:00,16571.45659596372,18237.451275632546,16875.80815251768
2024-11-26 06:00:00,17428.665839271995,19014.813315479252,16921.165225089582
2024-11-26 07:00:00,17428.665839271995,19014.813315479252,16921.165225089582
2024-11-26 08:00:00,17130.716632557953,18952.859604096593,16436.533762007864
2024-11-26 09:00:00,17130.716632557953,18920.71359886789,16436.533762007864
2024-11-26 10:00:00,18003.47417929063,18920.71359886789,16303.704073622019
2024-11-26 11:00:00,18520.087144029927,18899.43076518057,16303.704073622019
2024-11-26 12:00:00,18693.32699508403,18575.51661088518,16226.242777265532
2024-11-26 13:00:00,18693.32699508403,18330.86464589911,15516.083621714602
2024-11-26 14:00:00,17356.55257342399,18330.86464589911,15467.223119414324
2024-11-26 15:00:00,17356.55257342399,18527.094725047864,15516.083621714602
2024-11-26 16:00:00,17636.97917451574,18527.094725047864,15676.323490052908
2024-11-26 17:00:00,17967.506844789506,18047.896316068807,16370.444402893845
2024-11-26 18:00:00,18180.860874034617,18047.896316068807,16524.201372387728
2024-11-26 19:00:00,18180.860874034617,18992.263307805348,17399.238487754392
2024-11-26 20:00:00,17800.9998439057,18992.263307805348,17855.46889751056
2024-11-26 21:00:00,17800.9998439057,19455.83747454991,17866.61790137782
2024-11-26 22:00:00,17853.542465795945,19936.570749096707,17855.46889751056
2024-11-26 23:00:00,17853.542465795945,19936.570749096707,17444.108350148497
2024-11-27 00:00:00,17182.97818536269,19826.345469556014,17434.651582100632
2024-11-27 01:00:00,17051.231964779217,18269.839308809445,16514.0369551973
2024-11-27 02:00:00,17215.99836835678,18284.534010039377,16513.78615912928
2024-11-27 03:00:00,16886.465561201654,18284.534010039377,16465.1843727831
2024-11-27 04:00:00,16106.735286549501,17948.252374730626,15999.927401963576
2024-11-27 05:00:00,15992.843904049474,17630.975633776805,15857.609021023647
2024-11-27 06:00:00,14695.047361968103,16544.69462895434,14645.061907472262
2024-11-27 07:00:00,14695.047361968103,16544.69462895434,14645.061907472262
2024-11-27 08:00:00,15997.102074684497,17251.689454742886,15612.349326015317
2024-11-27 09:00:00,15997.102074684497,17251.689454742886,15612.349326015317
2024-11-27 10:00:00,15154.254949929487,16572.889528424206,14206.568171502135
2024-11-27 11:00:00,14786.427495789078,15978.181219294194,14171.337666603544
2024-11-27 12:00:00,14786.427495789078,15978.181219294194,14206.568171502135
2024-11-27 13:00:00,15212.04955654898,15978.181219294194,13417.261349429169
2024-11-27 14:00:00,15212.04955654898,15661.693620918672,13417.261349429169
2024-11-27 15:00:00,13763.81213528008,14546.789933029451,13349.162935773435
2024-11-27 16:00:00,13427.563027195987,14363.840590220358,12723.819357224009
2024-11-27 17:00:00,12243.626998409685,13285.548564104573,10839.556763233313
2024-11-27 18:00:00,11914.991486878054,13128.460252706886,10839.556763233313
2024-11-27 19:00:00,11914.991486878054,13128.460252706886,11129.391308082386
2024-11-27 20:00:00,12454.118919065175,13818.63090425654,11495.42474412515
2024-11-27 21:00:00,13256.66952420407,14469.240309686817,12777.095602039519
2024-11-27 22:00:00,14873.209821480485,16263.073593773861,14709.662818509873
2024-11-27 23:00:00,15631.93113018609,17049.490210013024,15803.568008369231
2024-11-28 00:00:00,15662.354229631846,17326.53991303243,15981.741868723
2024-11-28 01:00:00,16981.501377557866,18362.29480497165,16705.422716196146
2024-11-28 02:00:00,17368.62790476107,18214.245001339616,16663.4051120218
2024-11-28 03:00:00,17391.99620308531,18214.245001339616,16577.26999264879
2024-11-28 04:00:00,17368.62790476107,18049.802847753832,16562.246933815048
2024-11-28 05:00:00,17032.458178719844,17643.967424317638,16107.28076184496
2024-11-28 06:00:00,16665.458675881815,17643.967424317638,16107.28076184496
2024-11-28 07:00:00,16654.513177797875,17643.967424317638,16107.28076184496
2024-11-28 08:00:00,16654.513177797875,17887.098088162627,16248.457472766879
2024-11-28 09:00:00,16532.100939545373,17495.625426976618,16021.76192952996
2024-11-28 10:00:00,16461.46796936783,16457.16781033273,14958.499274318809
2024-11-28 11:00:00,16391.058300056662,16457.16781033273,14497.527829471575
2024-11-28 12:00:00,16391.058300056662,16817.726864071672,14497.527829471575
2024-11-28 13:00:00,16016.800173414405,17231.719146899643,14284.228808333812
2024-11-28 14:00:00,15725.343599847025,17234.022315792117,14169.131900710072
2024-11-28 15:00:00,15725.343599847025,17267.506251047864,14169.131900710072
2024-11-28 16:00:00,16160.68124340655,17816.02487885255,14851.845013483935
2024-11-28 17:00:00,16439.322515599713,17267.506251047864,14851.845013483935
2024-11-28 18:00:00,16799.79944544882,17437.627137957257,14851.845013483935
2024-11-28 19:00:00,17177.35347226149,17437.627137957257,14999.623998150171
2024-11-28 20:00:00,17234.50804147368,17555.245401856453,15006.806892726287
2024-11-28 21:00:00,17177.35347226149,17581.681139293236,15006.806892726287
2024-11-28 22:00:00,16515.332094756315,17581.681139293236,15151.646578981774
2024-11-28 23:00:00,16317.058118209541,17581.681139293236,15151.646578981774
2024-11-29 00:00:00,16395.25310188251,17197.765983306745,15485.113202157387
2024-11-29 01:00:00,15414.416484213398,16145.55773544329,14257.455100808747
2024-11-29 02:00:00,15284.776335232911,16371.677164129651,14719.59380887688
2024-11-29 03:00:00,15544.056633193886,17147.879030763783,14782.942823418998
2024-11-29 04:00:00,15574.116150693513,17293.594005631276,15318.997369068527
2024-11-29 05:00:00,15784.531301151746,17538.73218590218,15333.802463022881
2024-11-29 06:00:00,16792.884545831104,18014.10136592842,15910.113764504986
2024-11-29 07:00:00,16792.884545831104,18315.452177647276,15910.113764504986
2024-11-29 08:00:00,16356.40226619417,18014.10136592842,15853.01182505227
2024-11-29 09:00:00,16270.659978725675,18066.758070576594,15553.36849938549
2024-11-29 10:00:00,16124.36730198535,18066.758070576594,15553.36849938549
2024-11-29 11:00:00,16124.36730198535,18066.758070576594,15553.36849938549
2024-11-29 12:00:00,16158.917950610783,18135.40766478591,14989.988222501055
2024-11-29 13:00:00,16158.917950610783,17932.75498422618,14989.988222501055
2024-11-29 14:00:00,15836.884722511531,17932.75498422618,14989.988222501055
2024-11-29 15:00:00,14526.283775472442,16109.288397107934,14314.07759446731
2024-11-29 16:00:00,13978.006520711813,15350.664019792974,13732.326264776872
2024-11-29 17:00:00,13854.379097166457,15350.664019792974,13732.326264776872
2024-11-29 18:00:00,13854.379097166457,15781.958326757946,13881.80381900748
2024-11-29 19:00:00,14737.449605718773,16646.608714396043,14441.517225097285
2024-11-29 20:00:00,15614.035771424446,16820.133967598642,14651.322113739663
2024-11-29 21:00:00,15697.890459542059,17138.899751089248,14891.627879790954
2024-11-29 22:00:00,15938.434279431838,16820.453110348368,14891.627879790954
2024-11-29 23:00:00,16011.599360385666,16820.453110348368,15188.99661368489
2024-11-30 00:00:00,16052.242965314163,16516.167089223196,15442.788516090131
2024-11-30 01:00:00,16024.759478391163,16920.897411193357,15184.239821656574
2024-11-30 02:00:00,16193.845264746928,17200.550726038615,15423.128866219
2024-11-30 03:00:00,16193.845264746928,18481.46175392805,15846.68185072564
2024-11-30 04:00:00,16701.07741562914,18520.916823154475,16657.972626950923
2024-11-30 05:00:00,17523.003471043008,18797.329239876508,16763.526567695117
2024-11-30 06:00:00,18238.48893094701,18920.649615407223,17257.164945567045
2024-11-30 07:00:00,18697.679685817504,19020.720318549073,17257.164945567045
2024-11-30 08:00:00,18697.679685817504,19073.020186095986,17034.014344030868
2024-11-30 09:00:00,18278.628915865862,19073.020186095986,16683.36647877688
2024-11-30 10:00:00,16593.368010950384,17751.153915337985,15110.56447943504
2024-11-30 11:00:00,16500.484636872545,17351.730129544365,14962.806290636328
2024-11-30 12:00:00,16593.368010950384,17351.730129544365,14925.51124106028
2024-11-30 13:00:00,16508.112397303426,17403.56292822771,14962.806290636328
2024-11-30 14:00:00,16710.615097150945,17601.85067190491,15037.814739083726
2024-11-30 15:00:00,16885.991013773873,17869.030875500455,15399.15772868578
2024-11-30 16:00:00,16905.786828431897,18085.638182164435,15943.680925792676
2024-11-30 17:00:00,17086.259148302022,18991.660565961418,17118.71087582631
2024-11-30 18:00:00,17205.338244134364,18991.660565961418,17129.989725571362
2024-11-30 19:00:00,17394.530476792006,18991.660565961418,17299.64005183101
2024-11-30 20:00:00,18221.29469928053,19005.85350946135,17595.91960432727
2024-11-30 21:00:00,18221.29469928053,19005.85350946135,17595.91960432727
2024-11-30 22:00:00,17590.163710084194,18639.276964535526,16706.52956680981
2024-11-30 23:00:00,17590.163710084194,18421.046209093838,16706.52956680981
2024-12-01 00:00:00,17666.470610000688,18495.60271892055,16849.73216500174
2024-12-01 01:00:00,17454.517840482527,18125.32300536183,16317.715440589827
2024-12-01 02:00:00,17237.11921928455,18097.73966824349,16583.228351867852
2024-12-01 03:00:00,17053.953998992507,18004.15955382351,16583.228351867852
2024-12-01 04:00:00,16520.22334356446,18004.15955382351,16026.833732055164
2024-12-01 05:00:00,16253.292280486101,18004.15955382351,15328.343687703844
2024-12-01 06:00:00,16225.466158259998,17920.165782672844,13902.382058370313
2024-12-01 07:00:00,15180.139250881562,17326.43880594719,13289.461301361349
2024-12-01 08:00:00,14671.500513559007,16778.99385566721,13159.277797929291
2024-12-01 09:00:00,11996.683013574668,14841.12538202252,11401.724380235735
2024-12-01 10:00:00,9229.770144857699,10459.576683116356,7743.033637129344
2024-12-01 11:00:00,7088.875120830271,7675.016613000147,5971.701671972556
2024-12-01 12:00:00,7079.153864436191,6811.352493197517,5067.964207182557
2024-12-01 13:00:00,6881.584458391411,6567.009544803152,5067.964207182557
2024-12-01 14:00:00,6867.086187942666,6325.147063729748,5067.964207182557
2024-12-01 15:00:00,6774.136326131425,6325.147063729748,5304.047390455052
2024-12-01 16:00:00,6774.136326131425,7242.882509645357,5376.254514098711
2024-12-01 17:00:00,7658.293673632441,8661.971738436325,6101.846720952475
2024-12-01 18:00:00,8680.675703293582,9790.820686276827,7079.029012433215
2024-12-01 19:00:00,8680.675703293582,9790.820686276827,7079.029012433215
2024-12-01 20:00:00,7973.946214034837,9019.22839181465,6521.54083295093
2024-12-01 21:00:00,7973.946214034837,9019.22839181465,6521.54083295093
2024-12-01 22:00:00,8819.040515756027,10311.8566490146,8145.245453795501
2024-12-01 23:00:00,9747.846822832817,11244.773730331848,8502.786805231239
2024-12-02 00:00:00,10277.54518884841,12220.754167471427,9407.093551198383
2024-12-02 01:00:00,11996.777396142857,15082.94635249108,11969.00675999963
2024-12-02 02:00:00,12477.057074695002,15518.637081732862,12926.961441197875
2024-12-02 03:00:00,13006.631671402956,15555.062813508188,12953.612232560756
2024-12-02 04:00:00,14242.198345197094,15578.053143080842,13049.926888644952
2024-12-02 05:00:00,14471.07785008317,16945.640665287407,13928.848583242414
2024-12-02 06:00:00,15105.152695074205,16989.565356426832,14078.082474584677
2024-12-02 07:00:00,16087.693883719357,17061.21458859855,15172.740127426596
2024-12-02 08:00:00,16733.090991086705,18338.376802843377,16113.957571324847
2024-12-02 09:00:00,16733.090991086705,18338.376802843377,16113.957571324847
2024-12-02 10:00:00,15108.049553643894,17996.659027189366,15667.016856550736
2024-12-02 11:00:00,15108.049553643894,17519.474638528387,15667.016856550736
2024-12-02 12:00:00,16395.604865192585,17519.474638528387,16027.316850438623
2024-12-02 13:00:00,17285.870017425594,18110.210213563394,16953.126393300372
2024-12-02 14:00:00,17726.366316796142,18531.00422427407,16953.126393300372
2024-12-02 15:00:00,17823.025252298612,18612.404962045344,16899.497650301568
2024-12-02 16:00:00,17921.57812032144,18531.00422427407,16623.06565644607
2024-12-02 17:00:00,18190.448415705778,18704.480471754352,16623.06565644607
2024-12-02 18:00:00,18190.448415705778,18062.358364997166,16573.22327978338
2024-12-02 19:00:00,17765.29983013211,18173.372505057334,16593.87806538846
2024-12-02 20:00:00,17765.29983013211,18173.372505057334,16589.05955190966
2024-12-02 21:00:00,17512.305772728414,18173.372505057334,16589.05955190966
2024-12-02 22:00:00,15639.59909665909,17231.0286808557,15889.837381933221
2024-12-02 23:00:00,14093.69139239258,16006.045745970912,13564.37047641345
2024-12-03 00:00:00,13263.282991315102,15636.24352767615,12897.613319782373
2024-12-03 01:00:00,11042.417121101438,12874.19623839338,10501.294698933743
2024-12-03 02:00:00,11167.03533829988,13038.346344688543,10682.013562567763
2024-12-03 03:00:00,11945.009358093026,13166.629500833606,10657.548112460374
2024-12-03 04:00:00,12802.259462068487,13444.142475004226,10762.909948848343
2024-12-03 05:00:00,13231.156165020624,14492.008772692601,10882.19524728459
2024-12-03 06:00:00,13231.156165020624,14688.803965150986,10947.204472340101
2024-12-03 07:00:00,12917.613747802774,14688.803965150986,10947.204472340101
2024-12-03 08:00:00,12018.018727778543,13712.120014220169,10190.174499817758
2024-12-03 09:00:00,11750.4336884414,13437.680714884687,9940.236870858198
2024-12-03 10:00:00,8741.045314990608,10588.235051370388,8026.125728957138
2024-12-03 11:00:00,8137.347590537882,10565.81667044292,7831.26375693253
2024-12-03 12:00:00,7724.159592737319,9070.643643555388,7168.676683423616
2024-12-03 13:00:00,7724.159592737319,8917.109396410371,7168.676683423616
2024-12-03 14:00:00,7856.242781729554,8723.326037647468,6943.495234630577
2024-12-03 15:00:00,7958.40164475679,8493.059898097523,6630.834812209775
2024-12-03 16:00:00,7856.242781729554,8171.832463084315,6127.753700392961
2024-12-03 17:00:00,7037.770501574344,8025.662119713832,6175.123814555188
2024-12-03 18:00:00,7037.770501574344,8025.662119713832,6175.123814555188
2024-12-03 19:00:00,9263.822632750333,10016.695042453593,7784.57977143136
2024-12-03 20:00:00,9309.50186904475,10261.796678515982,7828.831907266896
2024-12-03 21:00:00,11212.038312386372,11687.030369278466,10258.32564609733
2024-12-03 22:00:00,12717.693041552013,14078.107863857516,11414.780569071136
2024-12-03 23:00:00,13061.977388294796,14424.78099441119,12350.789004080063
2024-12-04 00:00:00,13491.223904726077,14588.706353212126,12780.091331413367
2024-12-04 01:00:00,13414.829980568775,14063.87298146585,13332.764552175187
2024-12-04 02:00:00,13577.724531757902,14420.350031582057,13193.576535071861
2024-12-04 03:00:00,13732.21565969136,15145.38835580035,13451.999661631819
2024-12-04 04:00:00,14241.395519057322,15427.40433796615,13451.999661631819
2024-12-04 05:00:00,14465.800649729397,15696.39560354728,13735.892872419356
2024-12-04 06:00:00,14465.800649729397,15732.210474603196,14110.845274092428
2024-12-04 07:00:00,14296.428578939078,15732.210474603196,14110.845274092428
2024-12-04 08:00:00,12790.60331816355,14179.042561001963,12635.904629539093
2024-12-04 09:00:00,12719.342138693739,14053.792169514621,12380.837715093836
2024-12-04 10:00:00,11222.570208574909,12848.48452467396,10989.39126035395
2024-12-04 11:00:00,10295.3312560613,11830.26096927044,10229.973430739059
2024-12-04 12:00:00,10207.890762519663,10364.846757308302,9795.21777254905
2024-12-04 13:00:00,10207.890762519663,10364.846757308302,9795.21777254905
2024-12-04 14:00:00,11502.904442797288,11447.335169004948,10518.881966154157
2024-12-04 15:00:00,12386.127593799345,13249.938657343913,11956.401940769749
2024-12-04 16:00:00,13620.765337845514,14453.748064084124,13037.030792563288
2024-12-04 17:00:00,14017.8643676312,15064.440711236237,13857.541680269558
2024-12-04 18:00:00,14688.886556439767,16554.5413069611,15018.708439765152
2024-12-04 19:00:00,14688.886556439767,16624.47283962458,15018.708439765152
2024-12-04 20:00:00,14393.72650210253,16624.47283962458,15119.644770025656
2024-12-04 21:00:00,14393.72650210253,16186.909008392076,14889.194345016049
2024-12-04 22:00:00,14459.186944981382,15652.31772212085,14487.454411546527
2024-12-04 23:00:00,14459.186944981382,15350.88476911289,14253.032645106141
2024-12-05 00:00:00,14318.348187936881,15292.599844828143,14120.623989644107
2024-12-05 01:00:00,15333.959714827093,17423.985712955677,15141.829353917692
2024-12-05 02:00:00,15494.593161481604,17131.201234435877,15118.022622422091
2024-12-05 03:00:00,15499.799484764357,16970.606683041486,14808.636299332627
2024-12-05 04:00:00,15499.799484764357,16970.606683041486,14704.709301528163
2024-12-05 05:00:00,15223.512337880635,17136.168816275396,14489.814803182398
2024-12-05 06:00:00,15223.512337880635,17136.168816275396,14257.8993549819
2024-12-05 07:00:00,15409.4436938594,17136.168816275396,14257.8993549819
2024-12-05 08:00:00,15409.4436938594,17209.68346060856,14853.89046510586
2024-12-05 09:00:00,15473.27471152618,17209.68346060856,14853.89046510586
2024-12-05 10:00:00,15460.827331875487,17209.68346060856,14853.89046510586
2024-12-05 11:00:00,15473.27471152618,17287.001756951515,15024.31914771891
2024-12-05 12:00:00,15603.447919038146,17287.001756951515,15053.224811434478
2024-12-05 13:00:00,15609.648954150562,17287.001756951515,15024.31914771891
2024-12-05 14:00:00,15609.648954150562,17709.528937673935,15069.04893328025
2024-12-05 15:00:00,16158.34576559785,17709.528937673935,15216.906059631794
2024-12-05 16:00:00,16372.326204070296,17787.29936198411,15321.357733814342
2024-12-05 17:00:00,16619.30682425077,17787.29936198411,15965.001911308185
2024-12-05 18:00:00,16619.30682425077,18035.27907139896,15981.26185464191
2024-12-05 19:00:00,16619.30682425077,18149.805448958243,16316.607837646741
2024-12-05 20:00:00,16569.49977088391,18561.36374890752,16411.293232363456
2024-12-05 21:00:00,16502.50162863731,18561.36374890752,16451.907638770823
2024-12-05 22:00:00,16502.50162863731,18598.540672289095,16565.52238989063
2024-12-05 23:00:00,16722.09592488864,18598.540672289095,16845.81825971342
2024-12-06 00:00:00,16885.17711384601,18844.023969113485,16923.192908614845
2024-12-06 01:00:00,17392.55989973014,17706.162594322624,15682.254385327073
2024-12-06 02:00:00,17276.630488609517,17775.967213491458,15171.52827232863
2024-12-06 03:00:00,16209.364876817679,17775.967213491458,14679.223572341003
2024-12-06 04:00:00,15462.260820983234,17833.297595812794,14392.944423784766
2024-12-06 05:00:00,15462.260820983234,17833.297595812794,14392.944423784766
2024-12-06 06:00:00,15745.14146761181,17739.94992185732,14503.44478203841
2024-12-06 07:00:00,15745.14146761181,17739.94992185732,15268.20372875896
2024-12-06 08:00:00,15557.892148733123,17628.082791636574,15268.20372875896
2024-12-06 09:00:00,14837.583115151656,16814.953347140243,14522.159016553507
2024-12-06 10:00:00,14644.99567282246,16554.488591254372,14313.051443730757
2024-12-06 11:00:00,14644.99567282246,16554.488591254372,14266.038852958101
2024-12-06 12:00:00,14948.608513494322,16562.696576680068,14266.038852958101
2024-12-06 13:00:00,15279.010954307883,16710.140345936812,14266.038852958101
2024-12-06 14:00:00,15458.593579820827,17205.417494862686,14924.595077120412
2024-12-06 15:00:00,15553.670256021436,17390.56378633033,14948.839806205831
2024-12-06 16:00:00,15630.80119428255,17568.986724445644,15013.723323149221
2024-12-06 17:00:00,15630.80119428255,17568.986724445644,15013.723323149221
2024-12-06 18:00:00,15180.614836241502,16501.398067318172,14530.973087482991
2024-12-06 19:00:00,15054.661006403472,16151.849241161253,14373.477432579553
2024-12-06 20:00:00,14696.372636969529,15898.938095572932,14197.682333151428
2024-12-06 21:00:00,14639.901026325297,15527.020246149325,14080.930391775228
2024-12-06 22:00:00,14434.603075844732,15527.020246149325,14080.930391775228
2024-12-06 23:00:00,14356.244050773594,16317.329263031723,14703.342001877494
2024-12-07 00:00:00,14294.663253161669,16749.09887359877,14745.845995404881
2024-12-07 01:00:00,13583.429684738147,15967.639480751897,13407.691158858295
2024-12-07 02:00:00,13625.311762678186,16067.910227297158,13436.617688536848
2024-12-07 03:00:00,13625.311762678186,16405.438953250938,13605.544684750359
2024-12-07 04:00:00,13959.560051345545,16708.744255815713,13699.510583459789
2024-12-07 05:00:00,14047.952283103372,16869.125383185994,14366.421336376809
2024-12-07 06:00:00,14404.01412632643,17556.134765025396,14788.375958024451
2024-12-07 07:00:00,14683.909384880368,17556.134765025396,15213.71847170969
2024-12-07 08:00:00,14688.02154890943,17397.0418506854,15222.772050816142
2024-12-07 09:00:00,14683.909384880368,17268.16448849778,15213.71847170969
2024-12-07 10:00:00,14508.117833130142,16282.09140762259,14724.039546263952
2024-12-07 11:00:00,14508.117833130142,16282.09140762259,14575.034146943131
2024-12-07 12:00:00,14520.597302692746,16383.592084757003,14518.821100458195
2024-12-07 13:00:00,14520.597302692746,16718.25775296044,14199.67294822341
2024-12-07 14:00:00,14480.940462282515,16383.592084757003,14199.67294822341
2024-12-07 15:00:00,14243.530700369874,16374.902081561304,14456.18328731639
2024-12-07 16:00:00,14391.241038100228,16374.902081561304,14456.18328731639
2024-12-07 17:00:00,14391.241038100228,16320.57340035441,14456.18328731639
2024-12-07 18:00:00,14612.203093241682,16232.923323901434,14557.716220236114
2024-12-07 19:00:00,14626.930528757057,16232.923323901434,15448.630104072867
2024-12-07 20:00:00,15505.402037379677,16542.782191669827,15566.741279696314
2024-12-07 21:00:00,15759.195019604931,17216.60953092501,15901.586689134609
2024-12-07 22:00:00,15759.195019604931,17927.38502348326,16588.899799627892
2024-12-07 23:00:00,15759.195019604931,18167.668339515345,16666.589977010615
2024-12-08 00:00:00,15684.329594858846,18307.400398126156,16680.642666132233
2024-12-08 01:00:00,14668.063108417344,15951.835227276719,14736.963182194446
2024-12-08 02:00:00,14701.903517441318,16305.891068106319,15262.84950523053
2024-12-08 03:00:00,14701.903517441318,18364.365205079423,15449.941938112242
2024-12-08 04:00:00,15317.401214223193,18364.365205079423,15449.941938112242
2024-12-08 05:00:00,15641.704291274003,18733.23818308411,15449.941938112242
2024-12-08 06:00:00,16853.664691740873,19340.47260080144,15816.929671605914
2024-12-08 07:00:00,17694.814300571943,19409.183812343865,16022.487068134904
2024-12-08 08:00:00,17694.814300571943,19409.183812343865,16022.487068134904
2024-12-08 09:00:00,16382.658703263061,18834.99600950726,15257.014336980694
2024-12-08 10:00:00,13449.742113538614,15376.268223411385,12811.649867888977
2024-12-08 11:00:00,10316.447210220947,12620.108809134788,9833.258925191622
2024-12-08 12:00:00,7604.8473504000185,10119.576374959095,7485.297700812493
2024-12-08 13:00:00,7570.87543390795,8648.303863248584,6465.148151681604
2024-12-08 14:00:00,7146.561035622304,8353.269165913776,5252.119406441316
2024-12-08 15:00:00,6081.624167028562,6329.819251964556,3631.446198718391
2024-12-08 16:00:00,6081.624167028562,6329.819251964556,3631.446198718391
2024-12-08 17:00:00,6690.124764253597,6972.643132500957,4600.663894922004
2024-12-08 18:00:00,7276.548428919019,7190.454752629861,5773.764125524325
2024-12-08 19:00:00,7937.267209188594,7469.473050519977,5882.4368307821505
2024-12-08 20:00:00,7937.267209188594,7878.393069273181,5993.495868939348
2024-12-08 21:00:00,8120.486362212184,7878.393069273181,6494.634881929526
2024-12-08 22:00:00,8120.486362212184,7612.801383403718,6494.634881929526
2024-12-08 23:00:00,7324.140851036673,6603.880243726949,5385.90319456147
2024-12-09 00:00:00,7295.309611106922,6487.586107031288,5349.897393641556
2024-12-09 01:00:00,6417.561510051895,6224.433614953405,4635.9639907372
2024-12-09 02:00:00,6666.06617643889,6356.433043667872,4779.781728638467
2024-12-09 03:00:00,7813.715561542018,6935.189289022494,5373.09514833872
2024-12-09 04:00:00,8335.15356559417,7530.543944783976,5724.858463453758
2024-12-09 05:00:00,8715.073117830512,7675.697627765711,5724.858463453758
2024-12-09 06:00:00,8335.15356559417,7530.543944783976,5601.08231728763
2024-12-09 07:00:00,7826.426302014644,7153.881209877331,4979.438013050223
2024-12-09 08:00:00,7187.879164475151,6483.640897609022,4753.893780559265
2024-12-09 09:00:00,6856.052162439298,6483.640897609022,4753.893780559265
2024-12-09 10:00:00,6856.052162439298,6643.981406877895,4640.8963092528675
2024-12-09 11:00:00,7114.291940537178,6916.002916723967,4852.577572033403
2024-12-09 12:00:00,7114.291940537178,7464.6270641483325,4624.358000637505
2024-12-09 13:00:00,6073.723827017977,7464.6270641483325,4689.612811297644
2024-12-09 14:00:00,6073.723827017977,7464.6270641483325,4689.612811297644
2024-12-09 15:00:00,6485.692405904192,7627.986286948463,5333.910556786853
2024-12-09 16:00:00,7033.013812783098,7865.879195278284,6014.199316050644
2024-12-09 17:00:00,8555.583855215527,9840.625828161941,7200.138675974181
2024-12-09 18:00:00,11927.959999854951,13467.769585331827,9658.824622457747
2024-12-09 19:00:00,13505.722438420245,15629.959118773557,12194.416173635636
2024-12-09 20:00:00,14640.865022827955,16178.11448619849,12817.511833977202
2024-12-09 21:00:00,14640.865022827955,16455.185110637918,12888.89315953913
2024-12-09 22:00:00,14542.738605710823,16455.185110637918,12888.89315953913
2024-12-09 23:00:00,14135.522238253858,16262.52618503689,12524.987354735269
2024-12-10 00:00:00,13657.887327945013,15812.012281529016,12515.252299696798
2024-12-10 01:00:00,15749.558380231956,17806.562888950484,14180.384399811981
2024-12-10 02:00:00,15764.348117873535,17932.968118386805,14282.786901313613
2024-12-10 03:00:00,17022.15809125932,17949.18370100378,15615.142443042396
2024-12-10 04:00:00,17022.15809125932,17932.968118386805,15615.142443042396
2024-12-10 05:00:00,16954.751292365385,17785.33185786247,15204.85249695217
2024-12-10 06:00:00,16104.23896689287,17737.19273344946,13749.153504127546
2024-12-10 07:00:00,15264.965011392384,16229.931215334927,12909.421870700682
2024-12-10 08:00:00,13497.837148067214,13657.398418255652,11505.095973725769
2024-12-10 09:00:00,11046.79086220792,11389.226625503292,8112.525230698164
2024-12-10 10:00:00,9427.839948492805,9440.158836321814,5519.167614284254
2024-12-10 11:00:00,7336.507738648364,6998.031975492674,4544.459456007386
2024-12-10 12:00:00,6403.663969933592,6998.031975492674,4457.21143124394
2024-12-10 13:00:00,6151.017670273598,6503.807675487632,4149.296272461799
2024-12-10 14:00:00,5664.011078201443,6503.807675487632,4067.8879475693193
2024-12-10 15:00:00,5454.799423821035,4542.540056434023,3325.014559327565
2024-12-10 16:00:00,5454.799423821035,4465.605104450055,3325.014559327565
2024-12-10 17:00:00,6144.474128347327,4351.9300747941925,3688.0958320532645
2024-12-10 18:00:00,6144.474128347327,4333.820154171262,3688.0958320532645
2024-12-10 19:00:00,6144.474128347327,4333.820154171262,3834.6310353837725
2024-12-10 20:00:00,6320.807220278975,5446.4123007501585,3922.3745231469816
2024-12-10 21:00:00,7256.932147002097,5650.875078766248,4431.099414757419
2024-12-10 22:00:00,9695.14581918349,8547.614243808113,6226.013887979266
2024-12-10 23:00:00,11552.006608560734,11511.008556871288,8012.0224693280525
2024-12-11 00:00:00,12795.272514562552,12715.303948612083,8878.77563729147
2024-12-11 01:00:00,14692.395925466117,16608.35016912011,11149.435142463015
2024-12-11 02:00:00,13943.208492595211,16140.184578076358,10326.277879923708
2024-12-11 03:00:00,11775.851051738184,12813.148021472207,7987.926272216198
2024-12-11 04:00:00,6934.387114013136,6941.735918273955,4647.5309923419945
2024-12-11 05:00:00,3927.558215456391,3782.3560646753212,2219.341043397802
2024-12-11 06:00:00,3074.9321795620217,2918.3254831534687,1433.7304524498775
2024-12-11 07:00:00,2838.5322478657836,2406.1240772755173,1433.7304524498775
2024-12-11 08:00:00,2838.5322478657836,2359.537412004398,1741.3089513528996
2024-12-11 09:00:00,2838.5322478657836,2324.6939998418,1920.1201839846933
2024-12-11 10:00:00,2697.45078667069,2334.3542014601335,1946.8492359246898
2024-12-11 11:00:00,2548.4874815291478,2318.7192399734777,1920.1201839846933
2024-12-11 12:00:00,2548.4874815291478,2334.3542014601335,1771.0933291232275
2024-12-11 13:00:00,2710.072962693188,2526.4299674773392,1771.0933291232275
2024-12-11 14:00:00,2957.9930203946897,2703.0154576603854,1998.7214929145618
2024-12-11 15:00:00,2957.9930203946897,2599.4779059168577,2323.2743973363035
2024-12-11 16:00:00,2768.9563055640974,2782.109265742347,2323.2743973363035
2024-12-11 17:00:00,2577.284848144096,2735.381803301263,2245.4787849640907
2024-12-11 18:00:00,2577.284848144096,2833.8484469564137,2245.4787849640907
2024-12-11 19:00:00,2861.442070949086,2735.381803301263,2453.799593953408
2024-12-11 20:00:00,3023.657300917912,2784.403652779629,2476.456470998952
2024-12-11 21:00:00,3056.2060379281575,2784.403652779629,2453.799593953408
2024-12-11 22:00:00,3130.0577022885373,3177.2316150435836,2476.456470998952
2024-12-11 23:00:00,3587.776674096962,3177.461227560716,2574.4586297269634
2024-12-12 00:00:00,3833.883611451386,3546.357914852604,2740.7774539522775
2024-12-12 01:00:00,3970.917150239441,3495.029497804281,2650.640499974669
2024-12-12 02:00:00,4262.721068645686,3673.9458566558915,3040.1675180689954
2024-12-12 03:00:00,4689.6644268521795,3972.856121407458,3634.3557591949298
2024-12-12 04:00:00,4941.9548779459865,4539.946137578589,4200.920908235978
2024-12-12 05:00:00,6009.482341347337,4941.645079235484,4792.024050180219
2024-12-12 06:00:00,6667.424482599135,6255.876345976826,5889.375284698674
2024-12-12 07:00:00,7156.657051476221,7395.4908909367705,6105.06200562974
2024-12-12 08:00:00,8004.19975015809,7884.1101368130085,6695.005663033353
2024-12-12 09:00:00,8004.19975015809,8189.595260992789,6695.005663033353
2024-12-12 10:00:00,7894.524871983184,8189.595260992789,6399.590108932682
2024-12-12 11:00:00,6098.965822619777,7444.655182669342,4608.857747818846
2024-12-12 12:00:00,5416.607666290459,5709.008353493118,4324.418733111772
2024-12-12 13:00:00,4737.098944433154,4135.006206371147,3017.818011919459
2024-12-12 14:00:00,4266.227955646336,4135.006206371147,2960.726021370444
2024-12-12 15:00:00,3563.5256947502367,4249.781894817725,2796.5342699446933
2024-12-12 16:00:00,4021.9314581379476,4249.781894817725,2960.726021370444
2024-12-12 17:00:00,4021.9314581379476,4263.936267434656,3189.855964015239
2024-12-12 18:00:00,4821.1105027826425,4465.374453040611,3192.7022772486484
2024-12-12 19:00:00,5728.240818555306,5374.442889811777,3892.770613566417
2024-12-12 20:00:00,7003.880050881437,6612.04520489871,4474.736024908309
2024-12-12 21:00:00,7384.11194227363,7280.948529497137,4773.438626474093
2024-12-12 22:00:00,7517.676928837936,7313.050554809336,5375.748615960908
2024-12-12 23:00:00,8573.525915578215,9108.65726224707,6768.206797445817
2024-12-13 00:00:00,10002.412104164147,10343.592578488338,8048.7298694929505
2024-12-13 01:00:00,14607.23971700723,14555.387837081891,12462.313314546993
2024-12-13 02:00:00,15852.874141511937,15784.393841198455,13795.241305251313
2024-12-13 03:00:00,15852.874141511937,16888.832190115092,13963.316850006942
2024-12-13 04:00:00,15248.895392086335,16888.832190115092,13963.316850006942
2024-12-13 05:00:00,14251.258246735859,16490.481886480487,13126.57872149475
2024-12-13 06:00:00,11067.333415889505,12165.017153574181,9806.294960613319
2024-12-13 07:00:00,7743.567818851197,9017.315857720225,6979.346687156836
2024-12-13 08:00:00,7157.867414991354,8499.85825443902,6493.270520521977
2024-12-13 09:00:00,7023.091408060665,8420.18307685211,5984.019184876899
2024-12-13 10:00:00,7012.664341694587,7969.567605527363,6027.12185295635
2024-12-13 11:00:00,6631.1598281599,7525.314914358731,5854.848981402263
2024-12-13 12:00:00,5876.770364453981,6733.183940017759,4901.388647766211
2024-12-13 13:00:00,5400.262253192336,5643.000086659258,4489.490788999406
2024-12-13 14:00:00,5400.262253192336,5643.000086659258,4489.490788999406
2024-12-13 15:00:00,5963.930977845304,6479.7985017270985,4621.4963375683765
2024-12-13 16:00:00,6663.94943297578,7080.111477021461,4660.788010053407
2024-12-13 17:00:00,8005.427467804177,8635.170858168989,7296.037786212154
2024-12-13 18:00:00,8854.65289476072,10264.956617880158,8716.986882761767
2024-12-13 19:00:00,9489.925348594537,11232.145706815947,10155.050070224368
2024-12-13 20:00:00,10195.312468871856,12344.001202551775,11451.991232809638
2024-12-13 21:00:00,10765.96024860212,13186.000081099251,11734.018409463906
2024-12-13 22:00:00,10960.705844492364,13568.43271999786,11734.018409463906
2024-12-13 23:00:00,10960.705844492364,13568.43271999786,10580.17424120109
2024-12-14 00:00:00,10215.810921955683,12900.250990852463,10170.677936528213
2024-12-14 01:00:00,11219.272362462783,13996.912337988259,11178.81060305201
2024-12-14 02:00:00,11052.498874064826,13695.30261120475,10611.171994301942
2024-12-14 03:00:00,9753.371282135608,11223.535636287408,9748.145448852745
2024-12-14 04:00:00,9753.371282135608,11223.535636287408,9748.145448852745
2024-12-14 05:00:00,10417.78945392686,12578.302148974482,10601.142276019582
2024-12-14 06:00:00,10683.729392519754,13428.478643578703,11075.069404579392
2024-12-14 07:00:00,13535.890296473437,16634.041533756208,13615.11257401166
2024-12-14 08:00:00,14392.086741513827,17908.605681833225,14895.268093540797
2024-12-14 09:00:00,14392.086741513827,17908.605681833225,14895.268093540797
2024-12-14 10:00:00,12964.105916137314,17541.25929382477,14536.987740185097
2024-12-14 11:00:00,12586.184697317844,17118.23068841024,14288.579977555592
2024-12-14 12:00:00,11830.695534204304,15667.68506231398,13240.935756858087
2024-12-14 13:00:00,11830.695534204304,15667.68506231398,13240.935756858087
2024-12-14 14:00:00,12347.213484856265,16037.878689891248,13790.59069400113
2024-12-14 15:00:00,13165.626345478888,16165.859415546258,14769.61689722976
2024-12-14 16:00:00,13674.029034375635,17370.121119567473,15464.751878152678
2024-12-14 17:00:00,14097.944460276089,18056.182155008308,16015.702276901215
2024-12-14 18:00:00,14230.963049412681,18632.468824055202,16846.320101362013
2024-12-14 19:00:00,14314.782461420276,18632.468824055202,16986.292679177386
2024-12-14 20:00:00,14387.249189030475,18160.128292252724,16846.320101362013
2024-12-14 21:00:00,14387.249189030475,17627.349597863646,16726.44920640661
2024-12-14 22:00:00,14387.249189030475,17627.349597863646,16726.44920640661
2024-12-14 23:00:00,15185.644194530345,18704.780626025622,18128.58632119146
2024-12-15 00:00:00,15264.36272719951,18875.078453914823,18148.925902041898
2024-12-15 01:00:00,14447.112917527997,19383.16084602129,16607.222441361908
2024-12-15 02:00:00,14640.944172743484,19468.600274198827,16298.024145949423
2024-12-15 03:00:00,14640.944172743484,19756.315606771765,16298.024145949423
2024-12-15 04:00:00,15218.3883026013,19977.352113519315,16351.987145576684
2024-12-15 05:00:00,15218.3883026013,20039.792242711297,16611.215458244253
2024-12-15 06:00:00,14806.777269762679,19977.352113519315,16611.215458244253
2024-12-15 07:00:00,14806.777269762679,19368.41379543751,15769.760090200714
2024-12-15 08:00:00,14750.58513751116,18803.721523990935,15671.157424736282
2024-12-15 09:00:00,14379.373942533488,18546.408287090657,15090.741367706174
2024-12-15 10:00:00,14295.18711869305,17319.02152747744,15022.969284209197
2024-12-15 11:00:00,14200.01228324214,17220.700027776442,14366.629392483434
2024-12-15 12:00:00,14200.01228324214,17319.02152747744,14366.629392483434
2024-12-15 13:00:00,13954.956112474127,17435.35007736218,14366.629392483434
2024-12-15 14:00:00,13954.956112474127,17441.123019130082,14377.273759687298
2024-12-15 15:00:00,14095.112222583191,17441.123019130082,14542.790495897663
2024-12-15 16:00:00,14240.328353734825,17291.935614821483,14675.132051887073
2024-12-15 17:00:00,14240.328353734825,17102.55642998254,14683.787309230376
2024-12-15 18:00:00,13789.283027384312,17022.442731577157,14683.787309230376
2024-12-15 19:00:00,13632.783945029625,15841.649300241914,14034.045135684022
2024-12-15 20:00:00,13121.256487723229,15628.995855845447,13781.582166749542
2024-12-15 21:00:00,13121.256487723229,15483.373316499687,13781.582166749542
2024-12-15 22:00:00,12879.398212182243,15628.995855845447,13920.86831846866
2024-12-15 23:00:00,13086.290081440931,15925.044021571675,14186.97946492504
2024-12-16 00:00:00,12982.844146811587,16559.466779099803,14554.281442592957
2024-12-16 01:00:00,14115.743446919758,17619.273690302573,15663.30628799936
2024-12-16 02:00:00,14234.52622169225,17656.17853090484,15832.710312508923
2024-12-16 03:00:00,14317.27796812891,18226.340877490373,16245.708248854628
2024-12-16 04:00:00,14317.27796812891,18283.048639724595,16422.23859001617
2024-12-16 05:00:00,14338.451302999767,18404.04194080761,16332.19490811447
2024-12-16 06:00:00,14540.32183515278,18514.402789819414,16590.045139896298
2024-12-16 07:00:00,14540.32183515278,18677.951555342737,16556.341830025933
2024-12-16 08:00:00,14494.812713551846,18677.951555342737,16556.341830025933
2024-12-16 09:00:00,13281.276653251742,18027.70711145207,15679.773328316971
2024-12-16 10:00:00,12555.982702439062,17156.571714573638,14535.07760994169
2024-12-16 11:00:00,11766.579564695294,15933.245686424007,13735.47694035551
2024-12-16 12:00:00,10683.710849858711,14156.541689592581,12561.36280527849
2024-12-16 13:00:00,10683.710849858711,12734.246626016007,11172.929419609125
2024-12-16 14:00:00,10787.481478028107,12457.58986367726,10866.668554491054
2024-12-16 15:00:00,10832.624939613193,12361.903433870202,10718.069675079254
2024-12-16 16:00:00,10787.481478028107,11620.30517864845,10222.441712265307
2024-12-16 17:00:00,9664.319029249944,11620.30517864845,9310.072648950707
2024-12-16 18:00:00,9416.245685874956,12006.367650638225,9310.072648950707
2024-12-16 19:00:00,9416.245685874956,12116.319121882787,9833.138052623024
2024-12-16 20:00:00,9720.264164918244,12116.319121882787,10059.218916744618
2024-12-16 21:00:00,9844.790465681603,12116.319121882787,10059.218916744618
2024-12-16 22:00:00,9909.3985162773,12206.222446421667,10247.975229416317
2024-12-16 23:00:00,9909.3985162773,12206.222446421667,10247.975229416317
2024-12-17 00:00:00,10074.4970590819,12198.67238507892,10124.57336674796
2024-12-17 01:00:00,10329.988959276518,12125.081498794845,11159.8536063842
2024-12-17 02:00:00,11016.071318368367,12256.802511047335,11484.619949869235
2024-12-17 03:00:00,11197.46952121939,13568.06431013664,11598.953564129217
2024-12-17 04:00:00,11883.700686065771,15205.93582782381,12639.894499721306
2024-12-17 05:00:00,11895.216618377619,15205.93582782381,12656.208158328802
2024-12-17 06:00:00,12043.56921357123,14758.001708488391,12639.894499721306
2024-12-17 07:00:00,11895.216618377619,14438.326656641828,12528.451617791277
2024-12-17 08:00:00,11954.446061651792,14438.326656641828,12528.451617791277
2024-12-17 09:00:00,11954.446061651792,14534.945306145954,13402.822825154859
2024-12-17 10:00:00,11954.446061651792,14534.945306145954,13402.822825154859
2024-12-17 11:00:00,11430.337471815395,14156.783614296945,13091.354951985046
2024-12-17 12:00:00,10696.759301386264,13013.023936462454,11767.458121212994
2024-12-17 13:00:00,10136.877725518767,12059.58433564533,11345.817052428629
2024-12-17 14:00:00,9927.330658421624,11282.986070521161,11137.55148117798
2024-12-17 15:00:00,9891.332403846864,11178.038755395362,11016.033300420468
2024-12-17 16:00:00,9160.2649101978,10935.114004652492,10099.981928270172
2024-12-17 17:00:00,9160.2649101978,10935.114004652492,10099.981928270172
2024-12-17 18:00:00,9666.78331842998,11745.282087356893,10705.055814487117
2024-12-17 19:00:00,11456.352749325128,12874.548817187078,12243.542002939506
2024-12-17 20:00:00,11456.352749325128,12874.548817187078,12243.542002939506
2024-12-17 21:00:00,10117.891362879607,12299.324120663125,11647.037243873656
2024-12-17 22:00:00,9056.337551038057,12043.849445530757,9733.2185509167
2024-12-17 23:00:00,9056.337551038057,12043.849445530757,9733.2185509167
2024-12-18 00:00:00,9146.609035935799,12979.779298702968,10164.321605182566
2024-12-18 01:00:00,10691.335103272475,14790.135880189408,10457.251017971554
2024-12-18 02:00:00,10594.197801214683,14713.404421316089,10047.429142339262
2024-12-18 03:00:00,10279.348377651524,13380.223420665228,9218.833332292144
2024-12-18 04:00:00,10242.317274835725,12641.140659755443,8491.256645074174
2024-12-18 05:00:00,9475.044433339965,10926.386209501525,7896.509315737923
2024-12-18 06:00:00,9441.265884042528,10825.396679254018,7372.399457448274
2024-12-18 07:00:00,7683.961518196611,8916.738924643134,6696.005334571076
2024-12-18 08:00:00,7368.216993589805,7914.672367398781,5682.259698719636
2024-12-18 09:00:00,7288.004149263386,6257.848700533875,5221.590166973938
2024-12-18 10:00:00,5937.4606563085945,5780.38998507177,4537.615846315177
2024-12-18 11:00:00,5362.3708878568805,5335.333587536628,4190.554729396872
2024-12-18 12:00:00,4195.161414190094,4540.3325183446905,3469.3707609874305
2024-12-18 13:00:00,3003.2941494182196,4217.861568720444,2925.1993009425764
2024-12-18 14:00:00,3003.2941494182196,4217.861568720444,2925.1993009425764
2024-12-18 15:00:00,3191.088305948053,4656.783797869528,3046.528175381957
2024-12-18 16:00:00,3642.138117569184,4947.764684879618,3712.4093538720917
2024-12-18 17:00:00,3832.4874901514286,5520.496840305204,3835.238804030378
2024-12-18 18:00:00,3832.4874901514286,5041.55621964543,3835.238804030378
2024-12-18 19:00:00,4125.776218900659,5520.496840305204,3835.238804030378
2024-12-18 20:00:00,4125.776218900659,5747.225693307384,4345.177533620836
2024-12-18 21:00:00,4384.247116841661,5988.941172225437,5042.17763160526
2024-12-18 22:00:00,4539.790036640481,5747.225693307384,5042.17763160526
2024-12-18 23:00:00,4526.763499633326,5795.065538411829,5326.293789979537
2024-12-19 00:00:00,4599.130459141048,5636.377756908644,5172.839599096131
2024-12-19 01:00:00,4431.998241253255,5179.188837174079,4077.712736936365
2024-12-19 02:00:00,4361.2939952357665,4716.7992371592245,4011.0604120467106
2024-12-19 03:00:00,3455.1612385591943,3831.9008240450985,3668.9241184607963
2024-12-19 04:00:00,3455.1612385591943,3697.8356059191137,3489.4005426137105
2024-12-19 05:00:00,3463.179563218624,3599.3020661085757,3414.3203885228536
2024-12-19 06:00:00,3812.5099484355924,3443.8905159501737,3414.3203885228536
2024-12-19 07:00:00,3812.5099484355924,3443.8905159501737,3345.2568167262248
2024-12-19 08:00:00,3901.6209498540647,3456.8062390175637,3345.2568167262248
2024-12-19 09:00:00,3939.6783325061187,3456.8062390175637,3310.6919396623175
2024-12-19 10:00:00,3939.6783325061187,3202.2172716107452,3372.5198939478723
2024-12-19 11:00:00,3933.2003852587422,2953.26049845562,2997.0751415179275
2024-12-19 12:00:00,3700.7640389656935,2522.4206973313794,2997.0751415179275
2024-12-19 13:00:00,3700.7640389656935,2485.1728505039973,2993.746662286595
2024-12-19 14:00:00,3774.9419836595425,2485.1728505039973,2925.879088362603
2024-12-19 15:00:00,3908.893346626852,2351.411114230583,2798.789096578566
2024-12-19 16:00:00,4104.831021934819,2351.411114230583,2925.879088362603
2024-12-19 17:00:00,5909.090956611607,3480.9660587607214,4161.701871453714
2024-12-19 18:00:00,7073.102330911759,5057.6119080276,4706.642288485319
2024-12-19 19:00:00,8675.105901071682,7144.444997177729,6418.114863559366
2024-12-19 20:00:00,9532.578755993409,8302.727883185176,7817.124523224698
2024-12-19 21:00:00,10181.589786341548,9268.496202758362,8432.416236740408
2024-12-19 22:00:00,12271.972098620732,10033.521288688687,9324.9189588369
2024-12-19 23:00:00,13102.248140107196,11456.63752487753,9559.182426049785
2024-12-20 00:00:00,13586.453531666657,11868.954140795697,9927.98340652759
2024-12-20 01:00:00,18642.926765937525,18030.067167091212,16075.183705201427
2024-12-20 02:00:00,18621.358026358204,18426.06167557712,16024.55398667156
2024-12-20 03:00:00,17427.375403997652,18426.06167557712,16713.681269317705
2024-12-20 04:00:00,17199.935491316995,18035.16275685666,16181.995043727247
2024-12-20 05:00:00,16782.509553036038,17675.432930045114,16181.995043727247
2024-12-20 06:00:00,16202.23745648497,17634.43954429241,15876.49726530257
2024-12-20 07:00:00,14129.673022939256,15556.200732730353,12876.743684643641
2024-12-20 08:00:00,13915.465315776704,14363.462710714142,11847.625820845036
2024-12-20 09:00:00,13915.465315776704,14363.462710714142,11847.625820845036
2024-12-20 10:00:00,15679.900805788715,16473.53523351422,13535.440247399512
2024-12-20 11:00:00,15840.654589632319,17239.527308605153,15147.315062135138
2024-12-20 12:00:00,15840.654589632319,17239.527308605153,15147.315062135138
2024-12-20 13:00:00,14256.292739334567,15934.611218440685,13648.340220284224
2024-12-20 14:00:00,13369.318822262707,14436.947978602871,13272.507954402934
2024-12-20 15:00:00,12695.858904831846,14371.781734450524,12139.241211293729
2024-12-20 16:00:00,11657.261109598585,12701.919948359322,10781.255132698036
2024-12-20 17:00:00,10645.745794264585,11914.932734263186,9629.359943196558
2024-12-20 18:00:00,10419.198492547075,11714.558100699773,9086.28699423181
2024-12-20 19:00:00,10419.198492547075,11574.096221001073,9086.28699423181
2024-12-20 20:00:00,10132.771914883018,11545.45233550426,8859.848472153526
2024-12-20 21:00:00,10072.218233116871,11545.45233550426,8859.848472153526
2024-12-20 22:00:00,10072.218233116871,11545.45233550426,9069.093372421921
2024-12-20 23:00:00,10072.218233116871,11441.47311778133,9069.093372421921
2024-12-21 00:00:00,9354.560489037078,11233.592626201305,8469.900653965722
2024-12-21 01:00:00,6225.874700233078,9088.58509034456,7045.286581247899
2024-12-21 02:00:00,6242.885280339523,9193.59880574545,6497.967198465652
2024-12-21 03:00:00,7062.824321660391,9345.069765196578,7592.605964030147
2024-12-21 04:00:00,8227.79976853574,11015.233787569025,7478.013206138396
2024-12-21 05:00:00,8519.428770680852,11015.233787569025,8577.877511649043
2024-12-21 06:00:00,8227.79976853574,11015.233787569025,8577.877511649043
2024-12-21 07:00:00,8519.428770680852,11328.691621222424,9273.152269757262
2024-12-21 08:00:00,9969.13047625518,12480.085254953134,10689.087257216393
2024-12-21 09:00:00,10503.164120615045,12480.085254953134,10689.087257216393
2024-12-21 10:00:00,10767.73719808942,11461.660783787625,10689.087257216393
2024-12-21 11:00:00,10767.73719808942,11461.660783787625,10966.648219290799
2024-12-21 12:00:00,13550.100580256289,13006.947445108915,11142.334896958573
2024-12-21 13:00:00,14439.578757970206,13845.874599118026,11621.72369022862
2024-12-21 14:00:00,14439.578757970206,13845.874599118026,12119.236310294511
2024-12-21 15:00:00,14088.64770721047,13370.977654972941,12229.152103193106
2024-12-21 16:00:00,13942.298995071611,13237.230895337052,12119.236310294511
2024-12-21 17:00:00,12747.207835217547,13157.412232361236,12229.152103193106
2024-12-21 18:00:00,12655.263166960423,13157.412232361236,12386.319468859616
2024-12-21 19:00:00,12439.63087017095,14189.857672891914,12386.319468859616
2024-12-21 20:00:00,12439.63087017095,14189.857672891914,12168.213189520198
2024-12-21 21:00:00,10294.608167589404,13846.689383376208,11090.311879487721
2024-12-21 22:00:00,8381.521760958602,9826.439271368774,9357.234707746236
2024-12-21 23:00:00,8381.521760958602,9826.439271368774,9357.234707746236
2024-12-22 00:00:00,8551.411553996015,9939.589710388573,9087.801428981966
2024-12-22 01:00:00,9517.878415046238,10232.811080048208,9199.8456664904
2024-12-22 02:00:00,10393.448887221624,10927.653025769068,9752.069283170425
2024-12-22 03:00:00,10898.297408263528,11770.342492142361,10087.124274200009
2024-12-22 04:00:00,11076.433186750755,12116.50417372946,10452.89171685895
2024-12-22 05:00:00,12176.48369168706,13582.590599195788,11647.39809677643
2024-12-22 06:00:00,14604.883072527758,16633.348679896408,13383.20653814864
2024-12-22 07:00:00,16088.210681877503,17975.96141391384,15076.989273981386
2024-12-22 08:00:00,16088.210681877503,17975.96141391384,15076.989273981386
2024-12-22 09:00:00,15313.391054652064,17510.253872189413,14189.579080529971
2024-12-22 10:00:00,12876.788568854894,15891.130563524526,12733.013191491358
2024-12-22 11:00:00,11597.935057694662,14488.462439096807,11181.700297522324
2024-12-22 12:00:00,11579.041406314453,14218.521526094404,11181.700297522324
2024-12-22 13:00:00,11474.481384832401,12644.932743040348,11181.700297522324
2024-12-22 14:00:00,11474.481384832401,12398.588677898439,10613.662108148741
2024-12-22 15:00:00,11474.481384832401,12398.588677898439,10613.662108148741
2024-12-22 16:00:00,12159.114241128631,12932.971921482864,11537.837492062125
2024-12-22 17:00:00,13092.772914425845,14707.006259671176,12222.609656973187
2024-12-22 18:00:00,13451.857753488806,16279.704306176225,12666.386466380147
2024-12-22 19:00:00,14877.453236122887,16863.339656310527,13830.53467900975
2024-12-22 20:00:00,15982.709756715885,17611.686008682194,14063.950931372978
2024-12-22 21:00:00,16042.790658118578,17817.42950488491,14263.50268528021
2024-12-22 22:00:00,16440.36261444026,18277.78813642713,14468.335154165516
2024-12-22 23:00:00,16604.510496194056,18444.19311841815,14674.730028028365
2024-12-23 00:00:00,16589.540086998495,18629.842169425363,14932.368893645711
2024-12-23 01:00:00,18670.424752330655,19548.529109571195,17069.082223702913
2024-12-23 02:00:00,18715.93409705716,19292.998669143195,17494.677308791575
2024-12-23 03:00:00,19456.604041021605,19044.36785939675,18078.81076552128
2024-12-23 04:00:00,19456.604041021605,19044.36785939675,18078.81076552128
2024-12-23 05:00:00,19201.45045274545,19044.36785939675,17853.408138380262
2024-12-23 06:00:00,19100.959209349938,19325.93325220877,17853.408138380262
2024-12-23 07:00:00,18987.179209074708,19325.93325220877,17955.99814870621
2024-12-23 08:00:00,18987.179209074708,19325.93325220877,17955.99814870621
2024-12-23 09:00:00,17972.6740108322,19043.85026587248,16782.408610851937
2024-12-23 10:00:00,17290.672210871442,18520.33323042248,16133.703300976029
2024-12-23 11:00:00,16240.194774121359,18064.037527398483,15576.39869255167
2024-12-23 12:00:00,16000.101974041387,17211.82092842778,15335.058674102087
2024-12-23 13:00:00,15053.704417257626,16649.559229586826,14777.794850696559
2024-12-23 14:00:00,15001.944427508544,16266.965290723041,14569.011191542188
2024-12-23 15:00:00,13952.351306946874,15161.752677619264,13915.453821936015
2024-12-23 16:00:00,13157.650322676705,13544.217736133747,11698.696178316855
2024-12-23 17:00:00,13157.650322676705,13544.217736133747,11698.696178316855
2024-12-23 18:00:00,12737.335680587392,14002.948386783544,12158.073101309381
2024-12-23 19:00:00,13228.82264484148,14221.994609522097,12297.88497367612
2024-12-23 20:00:00,13010.165079371416,14800.621876634677,12158.073101309381
2024-12-23 21:00:00,13010.165079371416,15310.819628940817,11825.595160839752
2024-12-23 22:00:00,13010.165079371416,15659.521071023975,11749.978367302383
2024-12-23 23:00:00,13082.803901509793,15806.31110615112,11825.595160839752
2024-12-24 00:00:00,13532.945800077163,16445.85659095972,11733.793208858267
2024-12-24 01:00:00,16668.51343374495,18380.820157277005,14917.62961415121
2024-12-24 02:00:00,16713.72347151335,18339.631202447978,14917.0472128034
2024-12-24 03:00:00,16722.695630063416,18048.026949111878,14321.092146029487
2024-12-24 04:00:00,16713.72347151335,17722.748726315804,14272.770156400637
2024-12-24 05:00:00,16579.111861952017,17623.458079262957,13465.047984383618
2024-12-24 06:00:00,15529.199958384856,17506.78095049115,12124.293971963634
2024-12-24 07:00:00,11940.896749862177,13108.572638421343,9187.851083840787
2024-12-24 08:00:00,11767.923043765959,12412.768993391612,8302.24142934916
2024-12-24 09:00:00,7786.499651007356,6838.720565157332,5128.096430813893
2024-12-24 10:00:00,5168.335914888444,4014.308178335854,2410.0675265687046
2024-12-24 11:00:00,3655.2587277319853,3076.5369013234867,1587.5652456433654
2024-12-24 12:00:00,3007.9149311798174,2606.238208381521,1550.6281446718262
2024-12-24 13:00:00,3007.9149311798174,2547.5773526615976,1533.6798429895932
2024-12-24 14:00:00,3294.5631896872455,2547.5773526615976,1550.6281446718262
2024-12-24 15:00:00,3347.3521714406797,2547.5773526615976,1603.5439513160998
2024-12-24 16:00:00,3862.3186553279156,2688.8550156579277,2018.5201077992672
2024-12-24 17:00:00,4215.291537541814,3177.3256290124646,3010.9377306477872
2024-12-24 18:00:00,5826.440028981002,5123.335461958095,4097.4906270428555
2024-12-24 19:00:00,5980.430016996039,5609.4134305703155,4429.249869673002
2024-12-24 20:00:00,7586.154240018039,6200.824534747975,4954.865226811133
2024-12-24 21:00:00,7634.475239912417,6441.340582793208,5132.593593239774
2024-12-24 22:00:00,8247.946954559471,7688.755511682324,5852.184854509583
2024-12-24 23:00:00,10886.166660394852,9931.026814733752,7242.632908267959
2024-12-25 00:00:00,11368.738406302557,10440.155831909891,8066.1442262171
2024-12-25 01:00:00,14647.388533840982,13530.783453002181,11693.186605136205
2024-12-25 02:00:00,16366.63862451362,15258.887683119177,13094.090402492431
2024-12-25 03:00:00,16892.11855106355,17046.354345733023,13633.035730813854
2024-12-25 04:00:00,17216.12945997204,17065.799918230514,14256.818893457259
2024-12-25 05:00:00,18254.223839193935,17226.66073480198,15918.99661491603
2024-12-25 06:00:00,18254.223839193935,17426.62670004654,16148.786199808925
2024-12-25 07:00:00,18254.223839193935,17543.74982880679,16148.786199808925
2024-12-25 08:00:00,18259.991159724163,18090.54918201405,15885.312147443276
2024-12-25 09:00:00,18259.991159724163,18090.54918201405,15851.051443757982
2024-12-25 10:00:00,17004.074946315468,17908.078541303024,15658.048986948077
2024-12-25 11:00:00,16788.703624681344,17808.719139629524,15658.048986948077
2024-12-25 12:00:00,16612.17865073796,17641.99443708078,15772.224355572333
2024-12-25 13:00:00,16612.17865073796,17808.719139629524,15772.224355572333
2024-12-25 14:00:00,16952.423863639266,17923.959770820253,15756.062311779197
2024-12-25 15:00:00,17004.860825121898,17923.959770820253,15540.46992409834
2024-12-25 16:00:00,17944.16792384606,18087.424421655178,15540.46992409834
2024-12-25 17:00:00,18594.498680752404,18206.27004532496,16310.625309718358
2024-12-25 18:00:00,19521.40612127422,18934.33768563185,17397.074136374646
2024-12-25 19:00:00,19981.33586351423,19220.13299322646,17824.693106705763
2024-12-25 20:00:00,20143.857870994227,19533.343126158285,18640.28245907365
2024-12-25 21:00:00,20143.857870994227,19679.030827481234,18640.28245907365
2024-12-25 22:00:00,19905.435827111378,19782.932249009522,18560.278058468997
2024-12-25 23:00:00,19737.571382118942,19782.932249009522,18355.657591535866
2024-12-26 00:00:00,19669.029579590446,19669.29295666269,18013.55378078432
2024-12-26 01:00:00,17880.292380683524,18593.242123713077,16860.596057698363
2024-12-26 02:00:00,17658.989957433387,18316.864065688464,16199.144111670541
2024-12-26 03:00:00,17503.63615860788,17814.08870503314,15997.523529863576
2024-12-26 04:00:00,17503.63615860788,17814.08870503314,15375.189165807315
2024-12-26 05:00:00,18021.58223807773,17809.30198283926,15282.796420868275
2024-12-26 06:00:00,18021.58223807773,17958.7309644454,15375.189165807315
2024-12-26 07:00:00,18021.58223807773,18014.72771488139,15839.43166306155
2024-12-26 08:00:00,17792.078077659367,18014.72771488139,16092.619627058504
2024-12-26 09:00:00,17233.60079987038,17141.722855004664,16181.699307079005
2024-12-26 10:00:00,17122.52336493029,16625.328223091914,16181.699307079005
2024-12-26 11:00:00,15787.338582516526,16625.328223091914,15391.944876818965
2024-12-26 12:00:00,15528.21380320843,16344.067878263231,14658.406724861146
2024-12-26 13:00:00,14709.841086220877,15344.256047642668,13940.684755467753
2024-12-26 14:00:00,13978.818956885689,14775.715474942159,13357.750487205105
2024-12-26 15:00:00,13978.818956885689,13903.171995549648,13063.92577297799
2024-12-26 16:00:00,14077.141312743994,13903.171995549648,13063.92577297799
2024-12-26 17:00:00,14214.101087454821,15235.832885130487,14207.086827551615
2024-12-26 18:00:00,14214.101087454821,15678.261721241408,14342.903864107328
2024-12-26 19:00:00,13999.977435364588,16218.129529592661,14737.420994844064
2024-12-26 20:00:00,13878.773957838608,16649.281510958273,14747.29934289828
2024-12-26 21:00:00,13802.86209853361,16649.281510958273,14747.29934289828
2024-12-26 22:00:00,13493.123414471558,16171.928117899284,14548.660280044422
2024-12-26 23:00:00,13493.123414471558,15934.799299283195,14260.6158506615
2024-12-27 00:00:00,13683.261138011207,15852.378307644438,14214.103553462359
2024-12-27 01:00:00,15328.003804183732,16546.22839999459,15341.284228172866
2024-12-27 02:00:00,15339.798723948523,16744.463958617387,15369.55137167575
2024-12-27 03:00:00,15560.770778241433,17981.792045942668,16430.51842837076
2024-12-27 04:00:00,15560.770778241433,17981.792045942668,16597.322533597184
2024-12-27 05:00:00,15436.24727678294,17959.9532239716,16597.322533597184
2024-12-27 06:00:00,14918.241580619682,17555.541906089333,15592.849441214305
2024-12-27 07:00:00,14918.241580619682,17555.541906089333,15466.279987616728
2024-12-27 08:00:00,14758.045743971521,17266.48264573181,14504.910560352826
2024-12-27 09:00:00,14702.485213160116,16750.86621662976,14156.19983816571
2024-12-27 10:00:00,13702.113432115088,15703.286102964315,12669.960866019474
2024-12-27 11:00:00,12760.984142108007,13862.93661303889,12204.73149361232
2024-12-27 12:00:00,12760.984142108007,13862.93661303889,12204.73149361232
2024-12-27 13:00:00,14368.282193416402,14371.819930776786,12643.776383663226
2024-12-27 14:00:00,15030.682339281433,15125.53748905327,13162.5120722431
2024-12-27 15:00:00,15502.818652238871,16596.834031599574,14856.760140367938
2024-12-27 16:00:00,15579.366090228481,17230.065796735405,15245.736115022748
2024-12-27 17:00:00,15579.366090228481,17230.065796735405,15245.736115022748
2024-12-27 18:00:00,15167.486617010049,16812.830093255892,15245.736115022748
2024-12-27 19:00:00,15167.486617010049,16812.830093255892,15851.342248371791
2024-12-27 20:00:00,15788.694092427191,17192.436730714428,15901.27042330176
2024-12-27 21:00:00,16214.455409977418,17361.15123638429,16037.678843100406
2024-12-27 22:00:00,16214.455409977418,17622.11533901308,16037.678843100406
2024-12-27 23:00:00,15557.669909857414,17738.890006506357,15376.010740665637
2024-12-28 00:00:00,15426.276909183813,17898.052913211854,15252.579755913737
2024-12-28 01:00:00,16681.648971106086,18810.75157533663,15963.048684891848
2024-12-28 02:00:00,16661.20822661266,18964.84416955897,15902.142432665194
2024-12-28 03:00:00,16326.92434250842,18964.84416955897,15935.663289583406
2024-12-28 04:00:00,16266.60499461961,18810.80996666949,15935.663289583406
2024-12-28 05:00:00,16266.60499461961,18566.759030927336,15985.06639769252
2024-12-28 06:00:00,16541.147721612386,18566.759030927336,16047.487469707734
2024-12-28 07:00:00,16845.470651955107,19429.1042390606,16341.451487644033
2024-12-28 08:00:00,16883.116017548105,19837.06476937852,16497.300754347398
2024-12-28 09:00:00,16883.116017548105,19837.06476937852,16655.66330646562
2024-12-28 10:00:00,16533.1566174997,19238.505484803543,16655.66330646562
2024-12-28 11:00:00,16086.35074368189,18933.275380534367,16534.669688675964
2024-12-28 12:00:00,16086.35074368189,18055.067031513172,15420.347362619437
2024-12-28 13:00:00,16086.35074368189,17417.584087224568,15192.355696332384
2024-12-28 14:00:00,15251.776163577033,15725.663655817396,14649.810725172149
2024-12-28 15:00:00,15246.94934931032,15725.663655817396,13834.97665318684
2024-12-28 16:00:00,15246.94934931032,15780.134111453248,13834.97665318684
2024-12-28 17:00:00,16109.928669308663,16852.98451031268,15261.157299537339
2024-12-28 18:00:00,16441.47127397333,18161.0277565322,16382.538021580198
2024-12-28 19:00:00,16775.968869944983,18419.65086129147,16575.008529414605
2024-12-28 20:00:00,17135.013305121618,18639.48787412545,17068.087910460126
2024-12-28 21:00:00,17162.835328080837,18662.529657602296,17192.822697765798
2024-12-28 22:00:00,17376.92290512265,18815.671789556112,17403.960534024372
2024-12-28 23:00:00,17768.0748920992,18890.501313723125,17533.953211168173
2024-12-29 00:00:00,17830.622450530063,19067.830303959556,17604.138379932516
2024-12-29 01:00:00,17688.565930978075,19438.780733427375,17180.243578176705
2024-12-29 02:00:00,17676.91939117995,19426.496438784372,17099.335269901432
2024-12-29 03:00:00,17589.931948918165,19268.13155885003,17077.59417348571
2024-12-29 04:00:00,17407.36197069959,18993.012028152054,16816.871321954248
2024-12-29 05:00:00,17338.22820208968,18784.075473064142,16577.75667401855
2024-12-29 06:00:00,16987.24501482027,18380.605336637578,16410.805812706785
2024-12-29 07:00:00,16958.042528935242,18193.92004835936,15780.040425886564
2024-12-29 08:00:00,16469.25852847234,17775.407834397723,15207.459895597513
2024-12-29 09:00:00,15150.179370117288,17698.553898441176,14266.278400807269
2024-12-29 10:00:00,13967.847134454303,16633.687856249962,12745.852720180432
2024-12-29 11:00:00,12586.436269156007,14803.331136609611,11823.453479600035
2024-12-29 12:00:00,11549.823845480529,13757.764340788151,10306.944185082317
2024-12-29 13:00:00,11549.823845480529,13104.848283973037,10306.944185082317
2024-12-29 14:00:00,11809.723014056519,13053.46824632872,10410.17791327948
2024-12-29 15:00:00,12792.675640114669,13053.46824632872,11765.112868363152
2024-12-29 16:00:00,13375.828313565207,14025.438570556777,12563.340391949941
2024-12-29 17:00:00,14914.377872341747,15737.08715147475,13896.195922155073
2024-12-29 18:00:00,15233.64211628235,16662.258738262615,14850.83412144808
2024-12-29 19:00:00,16220.898241851877,17908.192356479907,15760.642723365387
2024-12-29 20:00:00,16220.898241851877,17908.192356479907,15760.642723365387
2024-12-29 21:00:00,15371.062413433443,17222.957239420888,15183.554586759406
2024-12-29 22:00:00,14855.340927610305,16792.918739265402,15030.040116684557
2024-12-29 23:00:00,13255.574752161407,15374.84495808075,13101.316279801315
2024-12-30 00:00:00,13133.635346603263,15373.902678957793,12872.113604631078
2024-12-30 01:00:00,14400.545767239975,15618.984972863731,13264.98395400531
2024-12-30 02:00:00,14979.046977126214,15790.517781400304,13925.774855022126
2024-12-30 03:00:00,16440.343375949775,17146.349933051748,15290.750490186043
2024-12-30 04:00:00,17203.691337404904,17623.523775934776,16121.117480749655
2024-12-30 05:00:00,17322.18928939085,18216.58132588049,16121.117480749655
2024-12-30 06:00:00,17571.162646576206,18779.109201047206,16121.117480749655
2024-12-30 07:00:00,18318.48955905227,19028.329183683683,16274.204171738062
2024-12-30 08:00:00,18630.49297536291,19526.16218271458,16845.532798096727
2024-12-30 09:00:00,18630.49297536291,19661.2933862723,17466.130976127042
2024-12-30 10:00:00,18864.36261846969,19730.201169769993,17552.953802825083
2024-12-30 11:00:00,18538.063199391858,19730.201169769993,17578.8255243163
2024-12-30 12:00:00,18652.52913482926,19688.21707060222,17552.953802825083
2024-12-30 13:00:00,18538.063199391858,19173.953465908577,17255.956173292063
2024-12-30 14:00:00,18274.256523051547,19057.770865324823,17095.040999425244
2024-12-30 15:00:00,18274.256523051547,19057.770865324823,17043.187669543328
2024-12-30 16:00:00,18362.981460163817,19147.31325960248,16944.374650588223
2024-12-30 17:00:00,18420.43616526387,19327.927793131745,17043.187669543328
2024-12-30 18:00:00,18479.2581133223,19366.54001445442,17064.81532640921
2024-12-30 19:00:00,18540.41965269442,19550.80037365677,17531.924974161335
2024-12-30 20:00:00,18532.23868770078,19550.80037365677,17531.924974161335
2024-12-30 21:00:00,18540.41965269442,19364.74193659341,17450.93063225939
2024-12-30 22:00:00,18532.23868770078,18989.774048396957,17125.12593176772
2024-12-30 23:00:00,18406.601717738315,18969.352310507416,16797.684465347294
2024-12-31 00:00:00,18399.971389602008,18953.4898197871,16637.568308728165
2024-12-31 01:00:00,16713.402164789008,16786.774690440823,15204.612030342378
2024-12-31 02:00:00,16248.506470352928,16461.8210135569,14612.539386746947
2024-12-31 03:00:00,16079.865612299087,15839.406698904866,13759.066879430386
2024-12-31 04:00:00,15496.229258725147,15588.124560821909,13504.027241388829
2024-12-31 05:00:00,14734.367009308035,14622.930731233299,12697.291687904142
2024-12-31 06:00:00,14002.282208819763,14013.602553947481,11638.828891642503
2024-12-31 07:00:00,13085.09736226531,14013.602553947481,11638.828891642503
2024-12-31 08:00:00,13085.09736226531,15382.16936506196,11891.359984548148
2024-12-31 09:00:00,14907.671210843708,16969.0867213714,14437.031726951234
2024-12-31 10:00:00,14907.671210843708,16969.0867213714,14437.031726951234
2024-12-31 11:00:00,13247.922071714567,16050.431436305054,12478.660685202516
2024-12-31 12:00:00,11841.749690584125,12709.524568117215,10334.98722788262
2024-12-31 13:00:00,9461.433530534061,9615.141236689804,8057.507412152539
2024-12-31 14:00:00,8831.480171435409,9138.149620967324,7483.656027041794
2024-12-31 15:00:00,8635.554527666569,9138.149620967324,7483.656027041794
2024-12-31 16:00:00,8635.554527666569,10025.88718318998,7558.189769120146
2024-12-31 17:00:00,10486.535869288045,11273.84777510514,8880.818939407236
2024-12-31 18:00:00,12132.443909280077,13011.76287235633,9954.200361784717
2024-12-31 19:00:00,13232.168731647907,15060.458429832066,12452.987475139978
2024-12-31 20:00:00,15105.119652582562,16019.651856102679,13619.84710754016
2024-12-31 21:00:00,15647.764386891846,16827.193128025796,13648.37031502824
2024-12-31 22:00:00,16264.879328256307,16827.193128025796,13960.816186931474
2024-12-31 23:00:00,16312.132853699351,16854.161156581646,13960.816186931474
2025-01-01 00:00:00,16981.73004302062,17485.219864873376,15090.669214070025
